file_name,gloss,dialect,num_frames,recording_group,group_size,min_diff_to_group
D0529.mp4,0 (số không),-,81,RG00001,1,
D0530.mp4,1,-,124,RG00002,1,
D0551B.mp4,1 000 000 (một triệu),B,75,RG00003,1,
D0551N.mp4,1 000 000 (một triệu),N,59,RG00004,1,
D0551T.mp4,1 000 000 (một triệu),T,71,RG00005,1,
D0552B.mp4,1 000 000 000 (một tỉ),B,90,RG00006,2,2.41
D0552T.mp4,1 000 000 000 (một tỉ),T,89,RG00006,2,2.41
D0552N.mp4,1 000 000 000 (một tỉ),N,74,RG00007,1,
D0539.mp4,10,-,85,RG00008,1,
D0550B.mp4,10 000 (mười nghìn),B,72,RG00009,1,
D0550N.mp4,10 000 (mười nghìn),N,85,RG00010,1,
D0550T.mp4,10 000 (mười nghìn),T,81,RG00011,1,
D0547.mp4,100,-,81,RG00012,1,
D0548N.mp4,1000 (một nghìn),N,151,RG00013,1,
D0540B.mp4,11,B,121,RG00014,1,
D0540N.mp4,11,N,213,RG00015,2,0.309
D0540T.mp4,11,T,213,RG00015,2,0.309
D0541B.mp4,12,B,99,RG00016,1,
D0541N.mp4,12,N,184,RG00017,2,0.302
D0541T.mp4,12,T,184,RG00017,2,0.302
D0531.mp4,2,-,115,RG00018,1,
D0299.mp4,2 < 5 (Toán học),-,158,RG00019,1,
D0181.mp4,2 < 6 (Toán học),-,129,RG00020,1,
D0542B.mp4,23,B,70,RG00021,1,
D0542N.mp4,23,N,140,RG00022,2,0.3
D0542T.mp4,23,T,140,RG00022,2,0.3
D0532.mp4,3,-,108,RG00023,1,
D0543N.mp4,33,N,216,RG00024,2,2.738
D0543T.mp4,33,T,219,RG00024,2,2.738
D0533.mp4,4,-,112,RG00025,1,
D0544.mp4,40,-,76,RG00026,1,
D0534.mp4,5,-,112,RG00027,1,
D0180.mp4,5 > 3 (Toán học),-,136,RG00028,1,
D0549B.mp4,5000 (năm nghìn),B,66,RG00029,1,
D0549T.mp4,5000 (năm nghìn),T,95,RG00030,1,
D0535B.mp4,6,B,279,RG00031,1,
D0535N.mp4,6,N,101,RG00032,2,0.279
D0535T.mp4,6,T,101,RG00032,2,0.279
D0536.mp4,7,-,105,RG00033,1,
D0408.mp4,7up,-,112,RG00034,1,
D0537.mp4,8,-,121,RG00035,1,
D0545.mp4,80,-,129,RG00036,1,
D0538.mp4,9,-,113,RG00037,1,
D0546N.mp4,90,N,81,RG00038,1,
D0012.mp4,Albania (nước Albania),-,145,RG00039,1,
W00006.mp4,An Giang,-,123,RG00040,1,
W00009B.mp4,Anh (nước Anh),B,106,RG00041,1,
W00009N.mp4,Anh (nước Anh),N,117,RG00042,2,0.25
W00009T.mp4,Anh (nước Anh),T,117,RG00042,2,0.25
W00065.mp4,Ba chân bốn cẳng,-,149,RG00043,1,
W00355B.mp4,Bra-xin (nước Bra-xin),B,125,RG00044,1,
W00355N.mp4,Bra-xin (nước Bra-xin),N,129,RG00045,2,0.249
W00355T.mp4,Bra-xin (nước Bra-xin),T,129,RG00045,2,0.249
W00356B.mp4,Bru-nây (nước Bru-nây),B,129,RG00046,1,
W00356N.mp4,Bru-nây (nước Bru-nây),N,205,RG00047,2,0.216
W00356T.mp4,Bru-nây (nước Bru-nây),T,205,RG00047,2,0.216
W00360.mp4,Bun-ga-ri (nước Bun-ga-ri),-,144,RG00048,1,
W00067.mp4,Bà Nà,-,133,RG00049,1,
W00068.mp4,Bà Rịa - Vũng Tàu,-,157,RG00050,1,
W00079.mp4,Bãi biển Vũng Tàu,-,161,RG00051,1,
W00276.mp4,Bình Dương,-,166,RG00052,1,
W00283.mp4,Bình Phước,-,158,RG00053,1,
W00285.mp4,Bình Thuận,-,148,RG00054,1,
W00277.mp4,Bình Định,-,154,RG00055,1,
W00193.mp4,Băng-la-đét (nước Băng-la-đét),-,167,RG00056,1,
W00070.mp4,Bạc Liêu,-,161,RG00057,1,
W00182.mp4,Bắc Giang,-,108,RG00058,1,
W00183.mp4,Bắc Kạn,-,120,RG00059,1,
W00185.mp4,Bắc Ninh,-,71,RG00060,1,
W00181.mp4,Bắc bộ,-,131,RG00061,1,
W00244.mp4,Bến Tre,-,166,RG00062,1,
W00407B.mp4,Cam-pu-chia (nước Cam-pu-chia),B,117,RG00063,2,0.247
W00407T.mp4,Cam-pu-chia (nước Cam-pu-chia),T,117,RG00063,2,0.247
W00407N.mp4,Cam-pu-chia (nước Cam-pu-chia),N,154,RG00064,1,
W00417.mp4,Cao Bằng,-,144,RG00065,1,
W00573.mp4,Chi-lê (nước Chi-lê),-,109,RG00066,1,
W00542.mp4,Châu Á Thái Bình Dương,-,92,RG00067,1,
W00544.mp4,Châu Đại Dương,-,122,RG00068,1,
D0407.mp4,Cocacola,-,119,RG00069,1,
W00887.mp4,Cu ba (nước Cu ba),-,104,RG00070,1,
W00397.mp4,Cà Mau,-,153,RG00071,1,
D0284.mp4,Cô vy (covid),-,111,RG00072,1,
W00829.mp4,Cô-lôm-bi-a (nước Cô-lôm-bi-a),-,98,RG00073,1,
D0285.mp4,Cố đô Huế,-,138,RG00074,1,
W00858.mp4,Cộng Hòa Séc (nước Cộng Hòa Séc),-,93,RG00075,1,
W01046.mp4,Dinh Độc Lập,-,123,RG00076,1,
D0007.mp4,Do Thái,-,150,RG00077,1,
W01415.mp4,Gia Lai,-,105,RG00078,1,
W01649.mp4,Hoàng tử,-,129,RG00079,1,
D0350.mp4,Hoãn,-,110,RG00080,1,
W01714.mp4,Hung-ga-ri (nước Hung-ga-ri),-,139,RG00081,1,
W01526.mp4,Hà Giang,-,105,RG00082,1,
W01527.mp4,Hà Lan (nước Hà Lan),-,91,RG00083,1,
W01715.mp4,Hùng Vương,-,116,RG00084,1,
W01723.mp4,Hưng Yên,-,116,RG00085,1,
W01530.mp4,Hạ Long,-,220,RG00086,1,
W01533.mp4,Hải Dương,-,89,RG00087,1,
W01572.mp4,Hậu Giang,-,108,RG00088,1,
W01681.mp4,Hồ Chí Minh,-,113,RG00089,1,
W01726.mp4,I-rắc (nước I-rắc),-,113,RG00090,1,
W01733.mp4,Italia (nước Italia),-,102,RG00091,1,
W01772.mp4,Khánh Hòa,-,118,RG00092,1,
D0479.mp4,Kim Đồng,-,121,RG00093,1,
W01881.mp4,Kiên Giang,-,129,RG00094,1,
W01908.mp4,Kon Tum,-,103,RG00095,1,
W01996B.mp4,Liên Bang Nga (nước Nga),B,105,RG00096,1,
W01996N.mp4,Liên Bang Nga (nước Nga),N,87,RG00097,1,
W01996T.mp4,Liên Bang Nga (nước Nga),T,115,RG00098,1,
W02027.mp4,Long An,-,121,RG00099,1,
D0225.mp4,Long Vương,-,137,RG00100,1,
W01945B.mp4,Lào (nước Lào),B,102,RG00101,2,0.177
W01945T.mp4,Lào (nước Lào),T,102,RG00101,2,0.177
W01945N.mp4,Lào (nước Lào),N,142,RG00102,1,
W01961.mp4,Lâm Đồng,-,129,RG00103,1,
D0316.mp4,Lượm,-,103,RG00104,1,
W01914.mp4,Lạc Long Quân,-,107,RG00105,1,
W01940.mp4,Lạng Sơn,-,182,RG00106,1,
D0006.mp4,Ma Cao,-,115,RG00107,1,
W02200B.mp4,Mexico (nước Mexico),B,100,RG00108,1,
W02200N.mp4,Mexico (nước Mexico),N,94,RG00109,2,0.235
W02200T.mp4,Mexico (nước Mexico),T,94,RG00109,2,0.235
D0005B.mp4,Miến Điện (nước Mi-an-ma),B,184,RG00110,1,
D0005N.mp4,Miến Điện (nước Mi-an-ma),N,213,RG00111,2,0.216
D0005T.mp4,Miến Điện (nước Mi-an-ma),T,213,RG00111,2,0.216
D0223B.mp4,Mã Lai (nước Ma-lai-xi-a),B,135,RG00112,1,
D0223N.mp4,Mã Lai (nước Ma-lai-xi-a),N,121,RG00113,1,
D0223T.mp4,Mã Lai (nước Ma-lai-xi-a),T,130,RG00114,1,
W02222.mp4,Mặt trời lặn,-,126,RG00115,1,
W02219.mp4,Mặt trời mọc,-,98,RG00116,1,
W02284.mp4,Nam bán cầu,-,106,RG00117,1,
W02285.mp4,Nam Định,-,97,RG00118,1,
W02492B.mp4,Nhật (nước Nhật),B,128,RG00119,2,0.262
W02492T.mp4,Nhật (nước Nhật),T,128,RG00119,2,0.262
W02492N.mp4,Nhật (nước Nhật),N,65,RG00120,1,
W02518.mp4,Ninh Bình,-,111,RG00121,1,
W02519.mp4,Ninh Thuận,-,105,RG00122,1,
W02556.mp4,Oa-sinh-tơn,-,150,RG00123,1,
W02582.mp4,Pa-ki-xtan (nước Pa-ki-xtan),-,160,RG00124,1,
W00852.mp4,Paris,-,113,RG00125,1,
W02654B.mp4,Phi-líp-pin (nước Phi-líp-pin),B,85,RG00126,2,0.223
W02654T.mp4,Phi-líp-pin (nước Phi-líp-pin),T,85,RG00126,2,0.223
W02654N.mp4,Phi-líp-pin (nước Phi-líp-pin),N,89,RG00127,1,
W02702.mp4,Phú Thọ,-,110,RG00128,1,
W02583.mp4,Pê-ru (nước Pê-ru),-,154,RG00129,1,
D0016.mp4,Quy Nhơn,-,118,RG00130,1,
W02772.mp4,Quảng Bình,-,105,RG00131,1,
W02781.mp4,Quảng Nam,-,127,RG00132,1,
W02774.mp4,Quảng Ngãi,-,97,RG00133,1,
W02775.mp4,Quảng Ninh,-,225,RG00134,1,
W02782.mp4,Quảng Trị,-,105,RG00135,1,
W02807.mp4,Quốc Tử Giám,-,88,RG00136,1,
W02925.mp4,Sapa,-,110,RG00137,1,
D0406.mp4,Socola,-,108,RG00138,1,
W02961.mp4,Sóc Trăng,-,114,RG00139,1,
W03168.mp4,Thanh Hóa,-,105,RG00140,1,
W03150.mp4,Thái Nguyên,-,84,RG00141,1,
D0480.mp4,Thánh Gióng,-,115,RG00142,1,
D0244.mp4,Thăng Long,-,102,RG00143,1,
W03345B.mp4,Thủy Điện Hòa Bình,B,107,RG00144,1,
W03345N.mp4,Thủy Điện Hòa Bình,N,127,RG00145,2,0.232
W03345T.mp4,Thủy Điện Hòa Bình,T,127,RG00145,2,0.232
W03361B.mp4,Thừa Thiên – Huế,B,113,RG00146,1,
W03361N.mp4,Thừa Thiên – Huế,N,89,RG00147,1,
W03361T.mp4,Thừa Thiên – Huế,T,117,RG00148,1,
W03398.mp4,Tiền Giang,-,227,RG00149,1,
W03642B.mp4,Trung Quốc (nước Trung Quốc),B,109,RG00150,2,0.256
W03642T.mp4,Trung Quốc (nước Trung Quốc),T,109,RG00150,2,0.256
W03642N.mp4,Trung Quốc (nước Trung Quốc),N,145,RG00151,1,
W03645B.mp4,Trung Thu,B,108,RG00152,1,
W03645N.mp4,Trung Thu,N,288,RG00153,2,0.266
W03645T.mp4,Trung Thu,T,288,RG00153,2,0.266
W03513.mp4,Trà Vinh,-,117,RG00154,1,
W02806.mp4,Trần Quốc Toản,-,108,RG00155,1,
D0015.mp4,Tuy Hoà,-,139,RG00156,1,
W03121.mp4,Tây Bắc,-,100,RG00157,1,
W03123.mp4,Tây Nguyên,-,96,RG00158,1,
W03124.mp4,Tây Ninh,-,86,RG00159,1,
W03132N.mp4,Tết Dương,N,81,RG00160,1,
W03132T.mp4,Tết Dương,T,134,RG00161,1,
W03133N.mp4,Tết Thiếu nhi,N,90,RG00162,1,
W03134B.mp4,Tết Trung thu,B,108,RG00163,1,
W03134N.mp4,Tết Trung thu,N,86,RG00164,2,0.236
W03134T.mp4,Tết Trung thu,T,86,RG00164,2,0.236
D0040B.mp4,Tết hàn thực,B,120,RG00165,1,
D0040N.mp4,Tết hàn thực,N,99,RG00166,1,
D0040T.mp4,Tết hàn thực,T,123,RG00167,1,
W03131N.mp4,Tết Âm,N,82,RG00168,1,
W03131T.mp4,Tết Âm,T,120,RG00169,1,
W03744.mp4,UNICEF,-,119,RG00170,1,
W03851.mp4,Võ Nguyên Giáp,-,143,RG00171,1,
D0203.mp4,Võ Thị Sáu,-,181,RG00172,1,
W03791.mp4,Văn miếu Quốc Tử Giám,-,154,RG00173,1,
W03846.mp4,Vĩnh Long,-,123,RG00174,1,
W03847.mp4,Vĩnh Phúc,-,133,RG00175,1,
W04031.mp4,Y-Éc-Xanh,-,128,RG00176,1,
W04043.mp4,Yên Bái,-,119,RG00177,1,
D0489.mp4,a,-,93,RG00178,1,
W00004B.mp4,ai,B,111,RG00179,1,
W00004N.mp4,ai,N,113,RG00180,2,2.649
W00004T.mp4,ai,T,128,RG00180,2,2.649
W04071.mp4,ai bảo,-,99,RG00181,1,
D0032.mp4,ai cho,-,114,RG00182,1,
W00007.mp4,an ninh,-,151,RG00183,1,
W00010B.mp4,anh chị,B,165,RG00184,1,
W00011.mp4,anh chị em,-,127,RG00185,1,
W00012B.mp4,anh dũng,B,154,RG00186,1,
W00012N.mp4,anh dũng,N,121,RG00187,2,0.282
W00012T.mp4,anh dũng,T,121,RG00187,2,0.282
W00013B.mp4,anh em,B,185,RG00188,1,
W00013N.mp4,anh em,N,120,RG00189,2,0.269
W00013T.mp4,anh em,T,120,RG00189,2,0.269
D0143B.mp4,"anh hai, anh cả",B,72,RG00190,2,0.172
D0143T.mp4,"anh hai, anh cả",T,72,RG00190,2,0.172
D0143N.mp4,"anh hai, anh cả",N,68,RG00191,1,
W00015.mp4,anh hùng,-,102,RG00192,1,
W00014N.mp4,anh họ,N,135,RG00193,2,0.26
W00014T.mp4,anh họ,T,135,RG00193,2,0.26
W00019B.mp4,anh ruột,B,177,RG00194,1,
W00019N.mp4,anh ruột,N,125,RG00195,2,0.266
W00019T.mp4,anh ruột,T,125,RG00195,2,0.266
W00018B.mp4,anh rể,B,75,RG00196,1,
W00018N.mp4,anh rể,N,102,RG00197,2,0.282
W00018T.mp4,anh rể,T,102,RG00197,2,0.282
W00020.mp4,anh vợ,-,135,RG00198,1,
W00026.mp4,ao chuôm,-,139,RG00199,1,
D0492.mp4,b,-,93,RG00200,1,
D0148.mp4,ba là,-,93,RG00201,1,
W00087.mp4,ban giám hiệu,-,147,RG00202,1,
W00089.mp4,ban ngày,-,93,RG00203,1,
W00086B.mp4,ban đêm,B,138,RG00204,1,
W00086N.mp4,ban đêm,N,149,RG00205,2,0.229
W00086T.mp4,ban đêm,T,149,RG00205,2,0.229
W00145B.mp4,bao giờ?,B,117,RG00206,2,0.267
W00145T.mp4,bao giờ?,T,117,RG00206,2,0.267
W00145N.mp4,bao giờ?,N,148,RG00207,1,
W00146.mp4,bao la,-,197,RG00208,1,
W00147.mp4,bao nhiêu?,-,134,RG00209,1,
W00150.mp4,bao tay (dùng cho trẻ sơ sinh),-,144,RG00210,1,
W00174.mp4,bay,-,136,RG00211,1,
W00176.mp4,bay liệng (bay lượn),-,151,RG00212,1,
D0177.mp4,bay nhanh (máy bay),-,102,RG00213,1,
W00262N.mp4,biến đổi,N,155,RG00214,1,
W00261.mp4,biển hiệu,-,153,RG00215,1,
W00260.mp4,biển đông,-,125,RG00216,1,
W00270.mp4,biểu thị,-,141,RG00217,1,
W00271.mp4,biểu thức,-,119,RG00218,1,
W00265.mp4,biểu đồ,-,162,RG00219,1,
W00266.mp4,biểu đồ cột,-,141,RG00220,1,
W00267.mp4,biểu đồ hình quạt,-,141,RG00221,1,
W00263.mp4,biện pháp,-,162,RG00222,1,
W00303.mp4,bom nguyên tử,-,158,RG00223,1,
W00302.mp4,bom đạn,-,152,RG00224,1,
W00312.mp4,boong tàu,-,159,RG00225,1,
W00371.mp4,buôn làng,-,150,RG00226,1,
W00374B.mp4,buông màn,B,135,RG00227,1,
W00374N.mp4,buông màn,N,132,RG00228,1,
W00374T.mp4,buông màn,T,152,RG00229,1,
W00372.mp4,buồn nôn,-,178,RG00230,1,
D0064.mp4,buồn thảm,-,156,RG00231,1,
W00377.mp4,buồng trứng,-,138,RG00232,1,
W00366.mp4,buổi chiều,-,139,RG00233,1,
W00368B.mp4,buổi sáng,B,130,RG00234,1,
W00368N.mp4,buổi sáng,N,153,RG00235,2,0.296
W00368T.mp4,buổi sáng,T,153,RG00235,2,0.296
W00370B.mp4,buổi trưa,B,124,RG00236,1,
W00370N.mp4,buổi trưa,N,151,RG00237,1,
W00370T.mp4,buổi trưa,T,130,RG00238,1,
W00369B.mp4,buổi tối,B,121,RG00239,1,
W00369N.mp4,buổi tối,N,142,RG00240,2,0.231
W00369T.mp4,buổi tối,T,142,RG00240,2,0.231
W00367B.mp4,buổi đêm,B,116,RG00241,1,
W00367N.mp4,buổi đêm,N,86,RG00242,2,0.238
W00367T.mp4,buổi đêm,T,86,RG00242,2,0.238
W00363.mp4,buộc dây,-,162,RG00243,1,
W00364.mp4,buộc tóc,-,222,RG00244,1,
W00071.mp4,bài báo,-,117,RG00245,1,
W00075B.mp4,bài thơ,B,177,RG00246,1,
W00075N.mp4,bài thơ,N,129,RG00247,2,0.276
W00075T.mp4,bài thơ,T,129,RG00247,2,0.276
W00091.mp4,bàn bạc,-,158,RG00248,1,
W00093.mp4,bàn chân,-,176,RG00249,1,
W00092.mp4,bàn chải đánh răng,-,124,RG00250,1,
W00094.mp4,bàn ghế,-,190,RG00251,1,
W00095.mp4,bàn là,-,155,RG00252,1,
W00096.mp4,bàn phím (máy vi tính),-,167,RG00253,1,
W00097.mp4,bàn tay,-,184,RG00254,1,
W00098.mp4,bàn tán,-,246,RG00255,1,
W00105.mp4,bán buôn,-,189,RG00256,1,
W00107B.mp4,bán hàng,B,117,RG00257,1,
W00107N.mp4,bán hàng,N,117,RG00258,2,0.252
W00107T.mp4,bán hàng,T,117,RG00258,2,0.252
W00108.mp4,bán kính (hình tròn),-,176,RG00259,1,
W00106.mp4,bán đảo,-,193,RG00260,1,
W00130.mp4,bánh Trung Thu,-,117,RG00261,1,
W00127.mp4,bánh bột lọc,-,135,RG00262,1,
D0393.mp4,bánh canh,-,118,RG00263,1,
W00129B.mp4,bánh cuốn,B,159,RG00264,1,
W00129N.mp4,bánh cuốn,N,143,RG00265,2,0.251
W00129T.mp4,bánh cuốn,T,143,RG00265,2,0.251
W00128.mp4,bánh cốm,-,141,RG00266,1,
W00133.mp4,bánh gai,-,119,RG00267,1,
W00135.mp4,bánh giò,-,143,RG00268,1,
W00134.mp4,bánh giầy,-,162,RG00269,1,
W00136.mp4,bánh gối,-,273,RG00270,1,
D0391.mp4,bánh hamburger,-,127,RG00271,1,
W00137B.mp4,bánh mì,B,143,RG00272,1,
W00137N.mp4,bánh mì,N,149,RG00273,2,0.262
W00137T.mp4,bánh mì,T,149,RG00273,2,0.262
W00140.mp4,bánh pizza,-,154,RG00274,1,
W00141.mp4,bánh pía,-,161,RG00275,1,
D0392.mp4,bánh sandwich,-,92,RG00276,1,
D0110.mp4,bánh tráng,-,159,RG00277,1,
W00144.mp4,bánh xe,-,486,RG00278,1,
W00131.mp4,bánh đa,-,205,RG00279,1,
W00132.mp4,bánh đúc,-,144,RG00280,1,
W00160B.mp4,báo (con báo),B,118,RG00281,1,
W00160N.mp4,báo (con báo),N,138,RG00282,2,0.268
W00160T.mp4,báo (con báo),T,138,RG00282,2,0.268
W00161.mp4,báo cáo,-,117,RG00283,1,
W00166.mp4,báo thù,-,122,RG00284,1,
W00163.mp4,báo động,-,127,RG00285,1,
W00170.mp4,bát,-,150,RG00286,1,
W00171.mp4,bát hương,-,127,RG00287,1,
W00172.mp4,bát ngát,-,150,RG00288,1,
W00081.mp4,bãi cát,-,138,RG00289,1,
W00082.mp4,bãi cỏ,-,148,RG00290,1,
W00084.mp4,bãi tắm,-,130,RG00291,1,
W00083.mp4,bãi đỗ xe (ô tô),-,182,RG00292,1,
W00217.mp4,bé gái,-,153,RG00293,1,
W00218.mp4,bé hơn,-,133,RG00294,1,
W00219.mp4,bé loắt choắt,-,122,RG00295,1,
W00220B.mp4,bé trai,B,135,RG00296,2,0.262
W00220T.mp4,bé trai,T,135,RG00296,2,0.262
W00220N.mp4,bé trai,N,117,RG00297,1,
W00225.mp4,béo,-,142,RG00298,1,
W00228.mp4,bê tông,-,162,RG00299,1,
W00236.mp4,bên cạnh,-,170,RG00300,1,
W00236N.mp4,bên cạnh,N,162,RG00301,1,
W00237.mp4,bên dưới,-,151,RG00302,1,
W00238.mp4,bên phải,-,137,RG00303,1,
W00241.mp4,bên trong,-,167,RG00304,1,
W00239.mp4,bên trái,-,167,RG00305,1,
W00240.mp4,bên trên,-,167,RG00306,1,
W00246.mp4,bênh vực,-,139,RG00307,1,
W00254.mp4,bìa sách,-,161,RG00308,1,
W00255B.mp4,bìa vở,B,137,RG00309,1,
W00255N.mp4,bìa vở,N,149,RG00310,1,
W00255T.mp4,bìa vở,T,193,RG00311,1,
W00274B.mp4,bình an,B,156,RG00312,2,0.249
W00274T.mp4,bình an,T,156,RG00312,2,0.249
W00274N.mp4,bình an,N,141,RG00313,1,
W00279.mp4,bình minh,-,159,RG00314,1,
W00282.mp4,bình phương,-,137,RG00315,1,
D0461.mp4,bình sữa (em bé),-,152,RG00316,1,
W00286B.mp4,bình thường,B,106,RG00317,1,
W00286N.mp4,bình thường,N,118,RG00318,2,0.26
W00286T.mp4,bình thường,T,118,RG00318,2,0.26
W00252.mp4,bí ngô,-,131,RG00319,1,
W00273.mp4,bím tóc đuôi sam,-,142,RG00320,1,
W00287.mp4,bít tất,-,139,RG00321,1,
D0077B.mp4,bít tết (bò),B,118,RG00322,1,
D0077N.mp4,bít tết (bò),N,125,RG00323,2,0.251
D0077T.mp4,bít tết (bò),T,125,RG00323,2,0.251
W00288.mp4,bò,-,129,RG00324,1,
W00289.mp4,bò sát,-,161,RG00325,1,
W00290.mp4,bò tót,-,142,RG00326,1,
W00298.mp4,bó hoa,-,145,RG00327,1,
W00297.mp4,bó đũa,-,154,RG00328,1,
W00299.mp4,bóc lột,-,138,RG00329,1,
W00300.mp4,bóc vỏ,-,143,RG00330,1,
W00304B.mp4,bón phân,B,91,RG00331,1,
W00304N.mp4,bón phân,N,144,RG00332,2,0.211
W00304T.mp4,bón phân,T,144,RG00332,2,0.211
W00308.mp4,bóng bay,-,159,RG00333,1,
W00336B.mp4,bông hoa,B,152,RG00334,1,
W00336N.mp4,bông hoa,N,114,RG00335,2,0.266
W00336T.mp4,bông hoa,T,114,RG00335,2,0.266
W00361.mp4,bùn,-,160,RG00336,1,
W03371.mp4,bùng binh,-,95,RG00337,1,
D0084.mp4,bún chả,-,138,RG00338,1,
D0083.mp4,bún mắm,-,149,RG00339,1,
D0085.mp4,bún ngan,-,120,RG00340,1,
D0087B.mp4,bún đậu,B,119,RG00341,1,
D0086.mp4,bún ốc,-,134,RG00342,1,
W00378.mp4,búp bê,-,98,RG00343,1,
W00380.mp4,bút,-,143,RG00344,1,
W00381.mp4,bút bi,-,288,RG00345,1,
W00382.mp4,bút dạ,-,156,RG00346,1,
W00383B.mp4,bút màu,B,147,RG00347,1,
W00383N.mp4,bút màu,N,144,RG00348,1,
W00383T.mp4,bút màu,T,162,RG00349,1,
W00384.mp4,bút máy,-,154,RG00350,1,
W00188.mp4,băng bó,-,138,RG00351,1,
W00189.mp4,băng chuyền,-,173,RG00352,1,
W00190.mp4,băng dính,-,142,RG00353,1,
W00191.mp4,băng giá,-,152,RG00354,1,
W00192.mp4,băng hình,-,130,RG00355,1,
W00347.mp4,bơi,-,197,RG00356,1,
W00348.mp4,bơi lội,-,185,RG00357,1,
W00349.mp4,bơm (cái bơm),-,128,RG00358,1,
W00350.mp4,bơm nước,-,119,RG00359,1,
W00351.mp4,bơm xe,-,114,RG00360,1,
W00393.mp4,bưu tá,-,154,RG00361,1,
W00388.mp4,bước,-,146,RG00362,1,
W00389.mp4,bước chân,-,147,RG00363,1,
W00390N.mp4,bướng bỉnh,N,154,RG00364,2,0.286
W00390T.mp4,bướng bỉnh,T,154,RG00364,2,0.286
W00110B.mp4,bạn,B,263,RG00365,1,
W00110N.mp4,bạn,N,100,RG00366,2,0.215
W00110T.mp4,bạn,T,100,RG00366,2,0.215
W00111B.mp4,bạn gái,B,170,RG00367,1,
W00111N.mp4,bạn gái,N,175,RG00368,2,0.285
W00111T.mp4,bạn gái,T,175,RG00368,2,0.285
W00112B.mp4,bạn trai,B,133,RG00369,1,
W00112N.mp4,bạn trai,N,153,RG00370,2,0.879
W00112T.mp4,bạn trai,T,155,RG00370,2,0.879
D0141.mp4,bạn yêu bạn ấy,-,79,RG00371,1,
D0138.mp4,bạn yêu tôi,-,112,RG00372,1,
D0142.mp4,bạn ấy yêu bạn,-,77,RG00373,1,
D0140.mp4,bạn ấy yêu tôi,-,142,RG00374,1,
W00100.mp4,bản làng,-,180,RG00375,1,
W00101.mp4,bản lề,-,152,RG00376,1,
W00102.mp4,bản nhạc,-,209,RG00377,1,
W00103.mp4,bản sao (chỉ người),-,119,RG00378,1,
W00104.mp4,bản thân,-,175,RG00379,1,
W00099B.mp4,bản đồ Việt Nam,B,156,RG00380,1,
W00099N.mp4,bản đồ Việt Nam,N,127,RG00381,2,0.267
W00099T.mp4,bản đồ Việt Nam,T,127,RG00381,2,0.267
W00115N.mp4,bảng chia,N,128,RG00382,2,0.238
W00115T.mp4,bảng chia,T,128,RG00382,2,0.238
W00116.mp4,bảng chỉ dẫn,-,137,RG00383,1,
W00118.mp4,bảng chữ cái ngón tay,-,137,RG00384,1,
W00119B.mp4,bảng cộng,B,172,RG00385,2,0.286
W00119T.mp4,bảng cộng,T,172,RG00385,2,0.286
W00119N.mp4,bảng cộng,N,118,RG00386,1,
W00120.mp4,bảng cửu chương,-,92,RG00387,1,
W00113.mp4,bảng học sinh,-,92,RG00388,1,
W00123B.mp4,bảng màu,B,167,RG00389,1,
W00124B.mp4,bảng nhân,B,157,RG00390,2,0.296
W00124T.mp4,bảng nhân,T,157,RG00390,2,0.296
W00124N.mp4,bảng nhân,N,128,RG00391,1,
W00126B.mp4,bảng trừ,B,136,RG00392,2,0.275
W00126T.mp4,bảng trừ,T,136,RG00392,2,0.275
W00126N.mp4,bảng trừ,N,125,RG00393,1,
W00121B.mp4,bảng đen,B,155,RG00394,2,0.276
W00121T.mp4,bảng đen,T,155,RG00394,2,0.276
W00121N.mp4,bảng đen,N,147,RG00395,1,
W00153.mp4,bảo hiểm,-,236,RG00396,1,
W00157.mp4,bảo thủ,-,162,RG00397,1,
W00156.mp4,bảo tàng,-,159,RG00398,1,
W00159B.mp4,bảo vệ môi trường,B,153,RG00399,1,
W00159N.mp4,bảo vệ môi trường,N,165,RG00400,2,0.28
W00159T.mp4,bảo vệ môi trường,T,165,RG00400,2,0.28
W00152.mp4,bảo đảm,-,148,RG00401,1,
W00207.mp4,bất hiếu,-,123,RG00402,1,
D0241.mp4,bất khuất,-,158,RG00403,1,
W00206.mp4,bất động,-,129,RG00404,1,
W00212.mp4,bầu trời,-,156,RG00405,1,
W00213.mp4,bẫy chim,-,194,RG00406,1,
W00215.mp4,bẫy chuột (dụng cụ),-,145,RG00407,1,
W00214B.mp4,bẫy chuột (hành động),B,78,RG00408,1,
W00214N.mp4,bẫy chuột (hành động),N,130,RG00409,2,0.224
W00214T.mp4,bẫy chuột (hành động),T,130,RG00409,2,0.224
W00203.mp4,bậc thang,-,261,RG00410,1,
W00205.mp4,bập bênh,-,157,RG00411,1,
W00210.mp4,bật lửa,-,167,RG00412,1,
W00209.mp4,bật đèn,-,151,RG00413,1,
W00179.mp4,bắc bán cầu,-,104,RG00414,1,
W00184N.mp4,bắc nam,N,167,RG00415,2,0.273
W00184T.mp4,bắc nam,T,167,RG00415,2,0.273
W00186B.mp4,bắn bi,B,140,RG00416,1,
W00186N.mp4,bắn bi,N,128,RG00417,2,0.268
W00186T.mp4,bắn bi,T,128,RG00417,2,0.268
D0218.mp4,bắn cung tên,-,235,RG00418,1,
W00187.mp4,bắn súng,-,515,RG00419,1,
W00196B.mp4,bắp ngô,B,103,RG00420,1,
W00196N.mp4,bắp ngô,N,101,RG00421,2,0.237
W00196T.mp4,bắp ngô,T,101,RG00421,2,0.237
W00197.mp4,bắt,-,130,RG00422,1,
W01008.mp4,bắt buộc,-,56,RG00423,1,
W00199.mp4,bắt giữ,-,164,RG00424,1,
W00200.mp4,bắt nạt,-,133,RG00425,1,
W00202.mp4,bắt tay,-,252,RG00426,1,
W00198.mp4,bắt đền,-,131,RG00427,1,
W00198B.mp4,bắt đền,B,149,RG00428,1,
W00198N.mp4,bắt đền,N,112,RG00429,1,
W00194.mp4,bằng,-,142,RG00430,1,
W00195.mp4,bằng phẳng,-,148,RG00431,1,
W00216B.mp4,bẻ ngô,B,132,RG00432,1,
W00216N.mp4,bẻ ngô,N,125,RG00433,2,0.291
W00216T.mp4,bẻ ngô,T,125,RG00433,2,0.291
W00232.mp4,bế em,-,149,RG00434,1,
W00242.mp4,bến phà,-,170,RG00435,1,
W00243.mp4,bến tàu,-,163,RG00436,1,
W00245.mp4,bến xe,-,162,RG00437,1,
W00230.mp4,bể bơi,-,132,RG00438,1,
W00231.mp4,bể cá,-,279,RG00439,1,
W00234B.mp4,bệ hạ,B,149,RG00440,2,0.293
W00234T.mp4,bệ hạ,T,149,RG00440,2,0.293
W00235.mp4,bệ xí,-,166,RG00441,1,
W00248.mp4,bệnh nhân,-,310,RG00442,1,
D0366.mp4,bệnh phong/cùi,-,112,RG00443,1,
W00247.mp4,bệnh thủy đậu,-,128,RG00444,1,
W00249.mp4,bệnh tật,-,120,RG00445,1,
D03671.mp4,bệnh Đao - Down,-,75,RG00446,1,
W00253.mp4,bị động,-,122,RG00447,1,
W00256.mp4,bịa đặt,-,160,RG00448,1,
W00301.mp4,bọc sách,-,153,RG00449,1,
W00313.mp4,bọt biển,-,115,RG00450,1,
W00314.mp4,bọt xà phòng,-,152,RG00451,1,
W00292.mp4,bỏ hoang,-,277,RG00452,1,
W00293.mp4,bỏ phiếu,-,150,RG00453,1,
W00294.mp4,bỏ qua,-,144,RG00454,1,
W00295.mp4,bỏ rơi,-,178,RG00455,1,
W00305.mp4,bỏng,-,125,RG00456,1,
W00306.mp4,bỏng ngô,-,150,RG00457,1,
W00325.mp4,bố,-,97,RG00458,1,
W00326B.mp4,bố dượng,B,112,RG00459,1,
W00326N.mp4,bố dượng,N,71,RG00460,2,0.228
W00326T.mp4,bố dượng,T,71,RG00460,2,0.228
W00327.mp4,bố mẹ,-,118,RG00461,1,
W00320.mp4,bố trí,-,153,RG00462,1,
W00330.mp4,bốc hơi,-,114,RG00463,1,
W00331.mp4,bốc thăm,-,110,RG00464,1,
W00322.mp4,bốc vác,-,125,RG00465,1,
D0069.mp4,bối rối,-,117,RG00466,1,
D0149.mp4,bốn là,-,80,RG00467,1,
W00337B.mp4,bốt cảnh sát,B,148,RG00468,1,
W00337N.mp4,bốt cảnh sát,N,193,RG00469,2,0.287
W00337T.mp4,bốt cảnh sát,T,193,RG00469,2,0.287
W00338B.mp4,bốt điện,B,133,RG00470,1,
W00338N.mp4,bốt điện,N,159,RG00471,2,0.281
W00338T.mp4,bốt điện,T,159,RG00471,2,0.281
W00315.mp4,bồ kết,-,145,RG00472,1,
W00332.mp4,bồi bàn,-,125,RG00473,1,
W00333.mp4,bồi thường,-,125,RG00474,1,
W00334.mp4,bồn hoa,-,141,RG00475,1,
W00335.mp4,bồn rửa bát,-,130,RG00476,1,
W00317.mp4,bổ ngữ,-,112,RG00477,1,
W00318.mp4,bổ trợ,-,156,RG00478,1,
W00316.mp4,bổ ích,-,156,RG00479,1,
W00329.mp4,bộ sách,-,125,RG00480,1,
W00321.mp4,bộ truyện,-,116,RG00481,1,
W00328B.mp4,bộ đội,B,145,RG00482,1,
W00328N.mp4,bộ đội,N,135,RG00483,1,
W00328T.mp4,bộ đội,T,115,RG00484,1,
W00340.mp4,bột giặt,-,132,RG00485,1,
W00341B.mp4,bột màu,B,123,RG00486,1,
W00341N.mp4,bột màu,N,130,RG00487,2,0.283
W00341T.mp4,bột màu,T,130,RG00487,2,0.283
W00342N.mp4,bột ngọt,N,122,RG00488,2,0.261
W00342T.mp4,bột ngọt,T,122,RG00488,2,0.261
W00353.mp4,bớt,-,120,RG00489,1,
W00354.mp4,bớt đi,-,101,RG00490,1,
W00344.mp4,bờ biển,-,144,RG00491,1,
W00346.mp4,bờ ruộng,-,160,RG00492,1,
W00345.mp4,bờ rào,-,123,RG00493,1,
W00352.mp4,bờm tóc,-,71,RG00494,1,
W00359B.mp4,bụi phấn,B,119,RG00495,2,0.285
W00359T.mp4,bụi phấn,T,119,RG00495,2,0.285
W00359N.mp4,bụi phấn,N,121,RG00496,1,
W01827.mp4,bụi tre,-,264,RG00497,1,
W00358.mp4,bụi đời,-,156,RG00498,1,
W00362.mp4,bụng,-,135,RG00499,1,
W00386B.mp4,bức tranh,B,178,RG00500,2,0.269
W00386T.mp4,bức tranh,T,178,RG00500,2,0.269
W00386N.mp4,bức tranh,N,150,RG00501,1,
W00387.mp4,bức tường,-,165,RG00502,1,
W00385.mp4,bữa cơm,-,148,RG00503,1,
D0036.mp4,bực mình,-,140,RG00504,1,
D0493.mp4,c,-,82,RG00505,1,
W00395.mp4,ca,-,138,RG00506,1,
W00396.mp4,ca nô,-,136,RG00507,1,
W00415.mp4,cao (người),-,148,RG00508,1,
W004152.mp4,cao (nhà),-,155,RG00509,1,
W004153.mp4,cao (núi),-,150,RG00510,1,
W004151.mp4,cao (vật),-,131,RG00511,1,
W00419.mp4,cao nguyên,-,147,RG00512,1,
W00420.mp4,cao quý,-,148,RG00513,1,
W00422.mp4,cao thấp,-,309,RG00514,1,
W00421.mp4,cao tầng,-,159,RG00515,1,
W00423.mp4,cao tốc,-,130,RG00516,1,
W00418.mp4,cao độ,-,151,RG00517,1,
W00425.mp4,cau có,-,118,RG00518,1,
W00481.mp4,cha,-,112,RG00519,1,
W00482.mp4,cha mẹ,-,115,RG00520,1,
W00485.mp4,chai,-,79,RG00521,1,
W00486.mp4,chai nước,-,100,RG00522,1,
D0402.mp4,chanh muối,-,110,RG00523,1,
D0401.mp4,chanh nóng,-,114,RG00524,1,
D0400.mp4,chanh đá,-,112,RG00525,1,
W00546.mp4,che chở,-,78,RG00526,1,
W00547.mp4,che phủ,-,127,RG00527,1,
W00551.mp4,chen lấn,-,113,RG00528,1,
W00561.mp4,chi hội,-,95,RG00529,1,
W00563.mp4,chi tiết,-,83,RG00530,1,
W00575B.mp4,chia,B,82,RG00531,1,
W00575N.mp4,chia,N,92,RG00532,2,0.229
W00575T.mp4,chia,T,92,RG00532,2,0.229
D0250B.mp4,chia ba,B,92,RG00533,2,0.255
D0250T.mp4,chia ba,T,92,RG00533,2,0.255
D0250N.mp4,chia ba,N,104,RG00534,1,
W00577.mp4,chia cắt,-,93,RG00535,1,
W00579.mp4,chia hết,-,110,RG00536,1,
W00580.mp4,chia phần,-,101,RG00537,1,
D0335.mp4,chia rẽ,-,251,RG00538,1,
W00581.mp4,chia sẻ,-,103,RG00539,1,
W00582.mp4,chia tay,-,134,RG00540,1,
D0249B.mp4,chia đôi,B,114,RG00541,2,0.225
D0249T.mp4,chia đôi,T,114,RG00541,2,0.225
D0249N.mp4,chia đôi,N,100,RG00542,1,
W00578.mp4,chia đều,-,122,RG00543,1,
W00602.mp4,chim bồ câu,-,132,RG00544,1,
W00693.mp4,chim chuyền cành,-,121,RG00545,1,
W00603.mp4,chim chào mào,-,134,RG00546,1,
W00604.mp4,chim chích chòe,-,107,RG00547,1,
W00605.mp4,chim chóc,-,100,RG00548,1,
W00608.mp4,chim gõ kiến,-,133,RG00549,1,
W00609.mp4,chim phượng hoàng,-,126,RG00550,1,
W00610.mp4,chim sâu,-,106,RG00551,1,
W00612.mp4,chim sơn ca,-,89,RG00552,1,
W00611.mp4,chim sẻ,-,93,RG00553,1,
W00614.mp4,chim yến,-,137,RG00554,1,
W00606.mp4,chim đại bàng,-,120,RG00555,1,
D0373.mp4,chiên/rán (1)(2),-,242,RG00556,1,
W00593.mp4,chiêng,-,144,RG00557,1,
W00584B.mp4,chiếc gối,B,115,RG00558,1,
W00584N.mp4,chiếc gối,N,105,RG00559,1,
W00584T.mp4,chiếc gối,T,128,RG00560,1,
W00585.mp4,chiếm đoạt,-,97,RG00561,1,
W00588.mp4,chiến khu,-,97,RG00562,1,
W00591.mp4,chiến thắng,-,97,RG00563,1,
W00598.mp4,chiếu,-,91,RG00564,1,
W00598B.mp4,chiếu,B,113,RG00565,2,0.237
W00598T.mp4,chiếu,T,113,RG00565,2,0.237
W00599.mp4,chiếu phim,-,97,RG00566,1,
W00594.mp4,chiều cao,-,142,RG00567,1,
W00595.mp4,chiều dài,-,104,RG00568,1,
W00596.mp4,chiều rộng,-,113,RG00569,1,
W00597.mp4,chiều tối,-,102,RG00570,1,
W00630.mp4,chong chóng,-,107,RG00571,1,
W00641.mp4,chu vi,-,124,RG00572,1,
W00669.mp4,chui,-,89,RG00573,1,
W00672.mp4,chum,-,79,RG00574,1,
W00678.mp4,chung kết,-,89,RG00575,1,
D0411.mp4,chung tay,-,89,RG00576,1,
W00689.mp4,chuyên biệt,-,64,RG00577,1,
W00690.mp4,chuyên cần,-,133,RG00578,1,
W00691B.mp4,chuyên gia,B,107,RG00579,1,
W00691N.mp4,chuyên gia,N,92,RG00580,2,0.26
W00691T.mp4,chuyên gia,T,92,RG00580,2,0.26
W00692.mp4,chuyền bóng,-,87,RG00581,1,
W00700.mp4,chuyển giao,-,119,RG00582,1,
W00701.mp4,chuyển hướng,-,107,RG00583,1,
W00702.mp4,chuyển vế,-,91,RG00584,1,
W00694.mp4,chuyển đồ,-,76,RG00585,1,
W00696.mp4,chuyển đổi số đo,-,131,RG00586,1,
W00697.mp4,chuyển động,-,73,RG00587,1,
W00699.mp4,chuyển động quay,-,201,RG00588,1,
W00698.mp4,chuyển động đều,-,107,RG00589,1,
D0238.mp4,chuyện lớn,-,133,RG00590,1,
D0237.mp4,chuyện nhỏ,-,94,RG00591,1,
W00703.mp4,chuyện trò,-,83,RG00592,1,
W00683.mp4,chuông,-,87,RG00593,1,
W00684.mp4,chuông nhà,-,89,RG00594,1,
W00662B.mp4,chuẩn bị,B,84,RG00595,1,
W00662N.mp4,chuẩn bị,N,76,RG00596,2,0.169
W00662T.mp4,chuẩn bị,T,76,RG00596,2,0.169
W00685.mp4,chuồng,-,127,RG00597,1,
W00679.mp4,chuỗi hạt,-,154,RG00598,1,
W00686.mp4,chuột quang,-,92,RG00599,1,
W00488.mp4,chàng trai,-,91,RG00600,1,
W00489.mp4,chào,-,116,RG00601,1,
W00490.mp4,chào cờ,-,92,RG00602,1,
W00492.mp4,chào mừng,-,81,RG00603,1,
W00499.mp4,chày,-,98,RG00604,1,
D0090.mp4,cháo sườn,-,137,RG00605,1,
W00494.mp4,chát,-,76,RG00606,1,
W00495B.mp4,cháu gái,B,105,RG00607,1,
W00495N.mp4,cháu gái,N,79,RG00608,2,0.249
W00495T.mp4,cháu gái,T,79,RG00608,2,0.249
D0154B.mp4,cháu họ,B,122,RG00609,1,
D0154N.mp4,cháu họ,N,124,RG00610,1,
D0154T.mp4,cháu họ,T,146,RG00611,1,
W00496B.mp4,cháu ngoại,B,189,RG00612,1,
W00496N.mp4,cháu ngoại,N,109,RG00613,1,
W00496T.mp4,cháu ngoại,T,98,RG00614,1,
W00497B.mp4,cháu nội,B,113,RG00615,1,
W00497N.mp4,cháu nội,N,110,RG00616,1,
W00497T.mp4,cháu nội,T,102,RG00617,1,
W00498B.mp4,cháu trai,B,97,RG00618,1,
W00498N.mp4,cháu trai,N,83,RG00619,1,
W00500.mp4,cháy rừng,-,88,RG00620,1,
W00515.mp4,châm chọc,-,130,RG00621,1,
W00516B.mp4,châm cứu,B,111,RG00622,1,
W00516N.mp4,châm cứu,N,94,RG00623,1,
W00516T.mp4,châm cứu,T,145,RG00624,1,
W00522.mp4,chân dung,-,67,RG00625,1,
W00525.mp4,chân tay,-,116,RG00626,1,
W00523.mp4,chân đất,-,109,RG00627,1,
W00548.mp4,chè đỗ đỏ,-,95,RG00628,1,
W00552.mp4,chèn ép,-,121,RG00629,1,
W00554.mp4,chèo thuyền,-,154,RG00630,1,
W00550.mp4,chém,-,106,RG00631,1,
W00553.mp4,chén,-,127,RG00632,1,
W00555.mp4,chép bài,-,90,RG00633,1,
W00583.mp4,chìa khóa,-,108,RG00634,1,
W00616.mp4,chín,-,117,RG00635,1,
W00617B.mp4,chính phủ,B,89,RG00636,1,
W00617T.mp4,chính phủ,T,97,RG00637,1,
W00618.mp4,chính quyền,-,106,RG00638,1,
W00619.mp4,chính tả,-,83,RG00639,1,
W00620B.mp4,chính xác,B,85,RG00640,1,
W00620N.mp4,chính xác,N,92,RG00641,2,0.209
W00620T.mp4,chính xác,T,92,RG00641,2,0.209
D0229.mp4,chó cắn,-,94,RG00642,1,
W00623.mp4,chó sói,-,91,RG00643,1,
W00624.mp4,chó xù,-,119,RG00644,1,
D0472.mp4,chõ xôi,-,119,RG00645,1,
W00655B.mp4,chùa,B,90,RG00646,1,
W00655N.mp4,chùa,N,118,RG00647,1,
W00655T.mp4,chùa,T,152,RG00648,1,
W00657.mp4,chùa Hương,-,146,RG00649,1,
W00658.mp4,chùa Một Cột,-,99,RG00650,1,
D0471.mp4,chùa Yên Tử,-,149,RG00651,1,
W00673.mp4,chùm hoa,-,79,RG00652,1,
W00674.mp4,chùm khế,-,89,RG00653,1,
W00676.mp4,chùm nho,-,95,RG00654,1,
W00677.mp4,chùm vải,-,91,RG00655,1,
W00506.mp4,chú ( người),-,80,RG00656,1,
W00650.mp4,chú hề,-,94,RG00657,1,
W00651.mp4,chú rể,-,99,RG00658,1,
W00652.mp4,chú tễu,-,145,RG00659,1,
W00654.mp4,chú ý,-,76,RG00660,1,
W00663B.mp4,chúc mừng,B,77,RG00661,1,
W00663N.mp4,chúc mừng,N,84,RG00662,2,0.237
W00663T.mp4,chúc mừng,T,84,RG00662,2,0.237
W00665B.mp4,chúc thọ,B,108,RG00663,1,
W00665N.mp4,chúc thọ,N,111,RG00664,2,0.168
W00665T.mp4,chúc thọ,T,111,RG00664,2,0.168
W00664B.mp4,chúc tết,B,96,RG00665,1,
W00664N.mp4,chúc tết,N,134,RG00666,1,
W00664T.mp4,chúc tết,T,118,RG00667,1,
W00671.mp4,chúi đầu,-,86,RG00668,1,
D0130.mp4,chúng tôi (2 người) (đại từ),-,106,RG00669,1,
D0131.mp4,chúng tôi (3 người) (đại từ),-,121,RG00670,1,
D0132.mp4,chúng tôi (4 người) (đại từ),-,89,RG00671,1,
D0133.mp4,chúng tôi (5 người) (đại từ),-,99,RG00672,1,
D0134.mp4,chúng tôi (đại từ),-,128,RG00673,1,
W00507.mp4,chăm học,-,102,RG00674,1,
W00508B.mp4,chăm sóc sức khỏe,B,143,RG00675,1,
W00508N.mp4,chăm sóc sức khỏe,N,131,RG00676,1,
W00508T.mp4,chăm sóc sức khỏe,T,189,RG00677,1,
W00509B.mp4,chăn (cái chăn),B,116,RG00678,1,
W00509N.mp4,chăn (cái chăn),N,117,RG00679,2,0.178
W00509T.mp4,chăn (cái chăn),T,117,RG00679,2,0.178
W00510B.mp4,chăn nuôi,B,101,RG00680,1,
W00510N.mp4,chăn nuôi,N,125,RG00681,1,
W00510T.mp4,chăn nuôi,T,118,RG00682,1,
W00639B.mp4,chơi,B,76,RG00683,2,0.205
W00639T.mp4,chơi,T,76,RG00683,2,0.205
W00713.mp4,chương trình,-,76,RG00684,1,
W00501.mp4,chạy,-,81,RG00685,1,
D0175.mp4,chạy (động vật),-,84,RG00686,1,
W00502.mp4,chạy bàn,-,143,RG00687,1,
W00503.mp4,chạy chậm,-,93,RG00688,1,
W00504.mp4,chạy nhanh,-,60,RG00689,1,
W00484B.mp4,chả cá,B,153,RG00690,2,0.275
W00484T.mp4,chả cá,T,153,RG00690,2,0.275
W00484N.mp4,chả cá,N,141,RG00691,1,
W00493B.mp4,chảo,B,299,RG00692,1,
W00493N.mp4,chảo,N,255,RG00693,2,0.27
W00493T.mp4,chảo,T,255,RG00693,2,0.27
W00519.mp4,chấm dứt,-,106,RG00694,1,
W00520.mp4,chấm điểm,-,80,RG00695,1,
W00529.mp4,chất dẻo,-,79,RG00696,1,
W00534.mp4,chất hữu cơ,-,139,RG00697,1,
W00537.mp4,chất lượng,-,81,RG00698,1,
W00536.mp4,chất lỏng,-,114,RG00699,1,
W00538.mp4,chất rắn,-,94,RG00700,1,
W00539.mp4,chất thải,-,106,RG00701,1,
W00530.mp4,chất đốt,-,105,RG00702,1,
W00531.mp4,chất độc,-,78,RG00703,1,
W00533.mp4,chất độc màu da cam,-,80,RG00704,1,
D0178.mp4,chậm chạp,-,104,RG00705,1,
W00540.mp4,chật chội,-,92,RG00706,1,
W00545.mp4,chậu,-,91,RG00707,1,
W00512.mp4,chặn,-,135,RG00708,1,
W00513B.mp4,chặt,B,109,RG00709,1,
W00513N.mp4,chặt,N,92,RG00710,2,0.263
W00513T.mp4,chặt,T,92,RG00710,2,0.263
W00514.mp4,chặt chẽ,-,94,RG00711,1,
W00564.mp4,chỉ,-,95,RG00712,1,
W00565.mp4,chỉ dẫn,-,102,RG00713,1,
W00567.mp4,chỉ huy,-,118,RG00714,1,
W00568.mp4,chỉ khâu,-,137,RG00715,1,
W00615.mp4,chỉnh sửa,-,86,RG00716,1,
W00570B.mp4,chị,B,119,RG00717,2,0.251
W00570T.mp4,chị,T,119,RG00717,2,0.251
W00570N.mp4,chị,N,100,RG00718,1,
W00571B.mp4,chị chồng,B,134,RG00719,1,
W00571N.mp4,chị chồng,N,120,RG00720,1,
W00572.mp4,chị dâu,-,129,RG00721,1,
D0144B.mp4,"chị hai, chị cả",B,89,RG00722,2,0.226
D0144T.mp4,"chị hai, chị cả",T,89,RG00722,2,0.226
D0144N.mp4,"chị hai, chị cả",N,98,RG00723,1,
D0152B.mp4,chị họ,B,137,RG00724,2,0.263
D0152T.mp4,chị họ,T,137,RG00724,2,0.263
D0152N.mp4,chị họ,N,115,RG00725,1,
W00625.mp4,chọi gà,-,100,RG00726,1,
W00626.mp4,chọi trâu,-,107,RG00727,1,
W00628.mp4,chọn lọc,-,123,RG00728,1,
W00629.mp4,chọn lựa,-,96,RG00729,1,
W00633B.mp4,chống đối,B,77,RG00730,2,0.222
W00633T.mp4,chống đối,T,77,RG00730,2,0.222
W00633N.mp4,chống đối,N,75,RG00731,1,
W00632.mp4,chồi non,-,98,RG00732,1,
W00640.mp4,chớp mắt,-,99,RG00733,1,
W00634.mp4,chợ Bến Thành,-,97,RG00734,1,
W00635.mp4,chợ nổi,-,115,RG00735,1,
W00636.mp4,chợ nổi Cái Bè,-,134,RG00736,1,
W00637.mp4,chợ nổi Cái Răng,-,148,RG00737,1,
W00666.mp4,chục,-,86,RG00738,1,
W00667.mp4,chục nghìn,-,85,RG00739,1,
W00668.mp4,chục triệu,-,84,RG00740,1,
W00688.mp4,chụp đèn,-,99,RG00741,1,
W00687.mp4,chụp ảnh,-,78,RG00742,1,
W00645.mp4,chủ nghĩa xã hội,-,104,RG00743,1,
W00646.mp4,chủ ngữ,-,124,RG00744,1,
W00647.mp4,chủ nhiệm,-,75,RG00745,1,
W00649B.mp4,chủ tịch,B,92,RG00746,1,
W00649N.mp4,chủ tịch,N,97,RG00747,2,0.293
W00649T.mp4,chủ tịch,T,97,RG00747,2,0.293
W00642.mp4,chủ đề,-,113,RG00748,1,
W00644.mp4,chủ động,-,116,RG00749,1,
W00710.mp4,chức năng,-,112,RG00750,1,
W00717.mp4,chức vụ,-,256,RG00751,1,
W00718.mp4,chứng cớ,-,110,RG00752,1,
W00712.mp4,chứng kiến,-,109,RG00753,1,
W00719.mp4,chứng minh,-,122,RG00754,1,
W00720.mp4,chứng nhận,-,97,RG00755,1,
W00714.mp4,chữ,-,92,RG00756,1,
W00705.mp4,chữ cái,-,90,RG00757,1,
W00706.mp4,chữ hoa,-,94,RG00758,1,
W00707.mp4,chữ viết,-,104,RG00759,1,
W00708B.mp4,chữa bài,B,103,RG00760,2,0.247
W00708T.mp4,chữa bài,T,103,RG00760,2,0.247
W00708N.mp4,chữa bài,N,140,RG00761,1,
W00716.mp4,chữa bệnh,-,99,RG00762,1,
W00709.mp4,chữa cháy,-,123,RG00763,1,
W00721.mp4,co dãn,-,117,RG00764,1,
W00722.mp4,co giật,-,98,RG00765,1,
W00731.mp4,coi thường,-,80,RG00766,1,
W00733.mp4,con ba ba,-,92,RG00767,1,
W00734B.mp4,con bê,B,93,RG00768,1,
W00734N.mp4,con bê,N,69,RG00769,1,
W00734T.mp4,con bê,T,112,RG00770,1,
W00735B.mp4,con bò,B,73,RG00771,1,
W00735N.mp4,con bò,N,74,RG00772,2,0.24
W00735T.mp4,con bò,T,74,RG00772,2,0.24
W00736.mp4,con bướm,-,108,RG00773,1,
W00738.mp4,con chim,-,182,RG00774,1,
W00741.mp4,con chuồn chuồn,-,71,RG00775,1,
W00742B.mp4,con chuột,B,74,RG00776,1,
W00742N.mp4,con chuột,N,105,RG00777,2,0.273
W00742T.mp4,con chuột,T,105,RG00777,2,0.273
W00743.mp4,con chuột nhắt,-,89,RG00778,1,
W00739B.mp4,con chó,B,72,RG00779,1,
W00739N.mp4,con chó,N,71,RG00780,2,0.257
W00739T.mp4,con chó,T,71,RG00780,2,0.257
W00740.mp4,con chồn,-,86,RG00781,1,
W00749.mp4,con cua,-,87,RG00782,1,
W00737B.mp4,con cá,B,82,RG00783,2,0.217
W00737T.mp4,con cá,T,82,RG00783,2,0.217
W00737N.mp4,con cá,N,72,RG00784,1,
D0059.mp4,con cá sấu,-,106,RG00785,1,
W00745.mp4,con cò,-,197,RG00786,1,
W00746.mp4,con cóc,-,94,RG00787,1,
W00748.mp4,con công,-,98,RG00788,1,
W00750.mp4,con cú mèo,-,107,RG00789,1,
W00747B.mp4,con cọp,B,99,RG00790,1,
W00747N.mp4,con cọp,N,103,RG00791,2,0.273
W00747T.mp4,con cọp,T,103,RG00791,2,0.273
W00751.mp4,con cừu,-,127,RG00792,1,
W00752.mp4,con dâu,-,90,RG00793,1,
W00753.mp4,con dê,-,83,RG00794,1,
W00754.mp4,con dế,-,79,RG00795,1,
W00762.mp4,con ghẹ,-,100,RG00796,1,
W00763.mp4,con gián,-,77,RG00797,1,
W00759.mp4,con gà,-,95,RG00798,1,
W00760.mp4,con gái,-,87,RG00799,1,
W00761.mp4,con gấu,-,84,RG00800,1,
W00764.mp4,con hoẵng,-,95,RG00801,1,
D0387.mp4,con hàu,-,128,RG00802,1,
W00766.mp4,con hươu,-,92,RG00803,1,
W00767.mp4,con khỉ,-,205,RG00804,1,
W00768B.mp4,con kiến,B,88,RG00805,2,0.247
W00768T.mp4,con kiến,T,88,RG00805,2,0.247
W00768N.mp4,con kiến,N,102,RG00806,1,
W00771.mp4,con lươn,-,79,RG00807,1,
W00770B.mp4,con lợn (con heo),B,68,RG00808,1,
W00770N.mp4,con lợn (con heo),N,105,RG00809,1,
W00770T.mp4,con lợn (con heo),T,103,RG00810,1,
W00773B.mp4,con muỗi,B,100,RG00811,2,0.23
W00773T.mp4,con muỗi,T,100,RG00811,2,0.23
W00773N.mp4,con muỗi,N,105,RG00812,1,
W00772B.mp4,con mèo,B,100,RG00813,1,
W00772N.mp4,con mèo,N,87,RG00814,2,0.26
W00772T.mp4,con mèo,T,87,RG00814,2,0.26
W00774.mp4,con mực,-,86,RG00815,1,
W00775.mp4,con nai,-,152,RG00816,1,
W00777B.mp4,con người,B,97,RG00817,2,0.275
W00777T.mp4,con người,T,97,RG00817,2,0.275
W00777N.mp4,con người,N,75,RG00818,1,
W00776.mp4,con ngỗng,-,93,RG00819,1,
W00778B.mp4,con ngựa,B,86,RG00820,1,
W00778N.mp4,con ngựa,N,112,RG00821,2,0.24
W00778T.mp4,con ngựa,T,112,RG00821,2,0.24
W00779.mp4,con nhím,-,99,RG00822,1,
W00780B.mp4,con nuôi,B,150,RG00823,1,
W00780N.mp4,con nuôi,N,129,RG00824,1,
W00780T.mp4,con nuôi,T,129,RG00825,1,
W00781N.mp4,con ong,N,93,RG00826,2,0.269
W00781T.mp4,con ong,T,93,RG00826,2,0.269
W00783.mp4,con quạ,-,106,RG00827,1,
W00786.mp4,con ruồi,-,83,RG00828,1,
W00787N.mp4,con rùa,N,99,RG00829,1,
W00784.mp4,con rắn,-,106,RG00830,1,
W00785.mp4,con rối,-,86,RG00831,1,
W00788.mp4,con sâu,-,94,RG00832,1,
W00789.mp4,con sò,-,105,RG00833,1,
W00790.mp4,con sóc,-,106,RG00834,1,
W00791.mp4,con sói,-,75,RG00835,1,
W00792.mp4,con sông,-,188,RG00836,1,
W00794N.mp4,con sư tử,N,119,RG00837,1,
W00794T.mp4,con sư tử,T,115,RG00838,1,
W00793.mp4,con số,-,86,RG00839,1,
W00795.mp4,con tem,-,90,RG00840,1,
W00796.mp4,con thỏ,-,195,RG00841,1,
W04068.mp4,con trai,-,79,RG00842,1,
W00798.mp4,con trai (động vật),-,74,RG00843,1,
W00799.mp4,con trăn,-,94,RG00844,1,
W00800.mp4,con trỏ,-,103,RG00845,1,
W00797B.mp4,con tôm,B,87,RG00846,1,
W00797N.mp4,con tôm,N,83,RG00847,2,0.269
W00797T.mp4,con tôm,T,83,RG00847,2,0.269
W00803B.mp4,con voi,B,105,RG00848,2,0.256
W00803T.mp4,con voi,T,105,RG00848,2,0.256
W00803N.mp4,con voi,N,116,RG00849,1,
D0449.mp4,con vượn,-,103,RG00850,1,
W00801.mp4,con vẹt,-,104,RG00851,1,
W00802.mp4,con vịt,-,92,RG00852,1,
W00756.mp4,con đom đóm,-,131,RG00853,1,
W00757.mp4,con đường,-,96,RG00854,1,
W00755.mp4,con đẻ,-,103,RG00855,1,
W00758B.mp4,con ếch,B,77,RG00856,1,
W00758N.mp4,con ếch,N,88,RG00857,1,
W00758T.mp4,con ếch,T,111,RG00858,1,
W00782.mp4,con ốc,-,89,RG00859,1,
W00804.mp4,cong,-,86,RG00860,1,
D0386.mp4,cua đồng,-,119,RG00861,1,
D0099.mp4,cung cấp,-,115,RG00862,1,
D0220.mp4,cung tên,-,109,RG00863,1,
D0182B.mp4,cung điện,B,105,RG00864,2,0.257
D0182T.mp4,cung điện,T,105,RG00864,2,0.257
D0182N.mp4,cung điện,N,102,RG00865,1,
D0421.mp4,cuối năm,-,126,RG00866,1,
D0420.mp4,cuối tháng,-,108,RG00867,1,
D0419.mp4,cuối tuần,-,115,RG00868,1,
W00924.mp4,cuốn,-,97,RG00869,1,
W00899.mp4,cuống hoa,-,101,RG00870,1,
W00926.mp4,cuống lá,-,96,RG00871,1,
W00923.mp4,cuộc sống,-,111,RG00872,1,
W00922.mp4,cuộc đời,-,90,RG00873,1,
W00925.mp4,cuộn giấy vệ sinh,-,115,RG00874,1,
W00426.mp4,cày,-,108,RG00875,1,
W00427.mp4,cày ruộng,-,257,RG00876,1,
W00398B.mp4,cá kho,B,125,RG00877,1,
W00398N.mp4,cá kho,N,112,RG00878,1,
W00398T.mp4,cá kho,T,132,RG00879,1,
D0074.mp4,cá kiếm,-,166,RG00880,1,
W00601.mp4,cá mập,-,80,RG00881,1,
D0073.mp4,cá voi,-,132,RG00882,1,
W00400.mp4,các bạn,-,154,RG00883,1,
D0135.mp4,các bạn (2 người),-,108,RG00884,1,
D0286.mp4,cách ly,-,161,RG00885,1,
W00402.mp4,cái bè,-,159,RG00886,1,
D0239.mp4,cái gùi,-,84,RG00887,1,
W00404B.mp4,cái gương,B,145,RG00888,1,
W00404N.mp4,cái gương,N,210,RG00889,2,0.197
W00404T.mp4,cái gương,T,210,RG00889,2,0.197
D0468.mp4,cái neo,-,132,RG00890,1,
W00405.mp4,cái nhíp,-,201,RG00891,1,
W00406.mp4,cái túi,-,137,RG00892,1,
D0447.mp4,cái vợt cá,-,99,RG00893,1,
D0344.mp4,cánh buồm,-,134,RG00894,1,
W00410.mp4,cánh tay,-,153,RG00895,1,
W00453.mp4,cáp treo,-,136,RG00896,1,
W00424.mp4,cát,-,128,RG00897,1,
W00439.mp4,câu chuyện,-,90,RG00898,1,
W00438.mp4,câu cá,-,143,RG00899,1,
W00443.mp4,câu ghép,-,141,RG00900,1,
W00444B.mp4,câu thơ,B,125,RG00901,1,
W00444N.mp4,câu thơ,N,92,RG00902,2,0.269
W00444T.mp4,câu thơ,T,92,RG00902,2,0.269
W00445.mp4,câu văn,-,89,RG00903,1,
W00442.mp4,câu đơn,-,127,RG00904,1,
W00440.mp4,câu đố,-,103,RG00905,1,
W00441.mp4,câu đối,-,75,RG00906,1,
W00457B.mp4,cây bàng,B,104,RG00907,1,
W00457T.mp4,cây bàng,T,160,RG00908,1,
D0473.mp4,cây cọ,-,154,RG00909,1,
W00460.mp4,cây cối,-,143,RG00910,1,
W00459B.mp4,cây cổ thụ,B,121,RG00911,1,
W00459N.mp4,cây cổ thụ,N,91,RG00912,2,0.237
W00459T.mp4,cây cổ thụ,T,91,RG00912,2,0.237
W00464.mp4,cây gỗ,-,134,RG00913,1,
W00465.mp4,cây khế,-,119,RG00914,1,
W00469B.mp4,cây ngô,B,113,RG00915,1,
W00469N.mp4,cây ngô,N,125,RG00916,2,0.252
W00469T.mp4,cây ngô,T,125,RG00916,2,0.252
D0435.mp4,cây nến,-,116,RG00917,1,
W00470B.mp4,cây phượng,B,126,RG00918,1,
W00470N.mp4,cây phượng,N,120,RG00919,2,0.271
W00470T.mp4,cây phượng,T,120,RG00919,2,0.271
W00471.mp4,cây sả,-,121,RG00920,1,
W00473.mp4,cây số,-,212,RG00921,1,
W00474B.mp4,cây thân gỗ,B,123,RG00922,1,
W00474N.mp4,cây thân gỗ,N,92,RG00923,2,0.277
W00474T.mp4,cây thân gỗ,T,92,RG00923,2,0.277
W02096.mp4,cây thông,-,116,RG00924,1,
W00476.mp4,cây tre,-,179,RG00925,1,
W00477.mp4,cây trồng,-,143,RG00926,1,
W00478.mp4,cây xanh,-,80,RG00927,1,
W03945B.mp4,cây xanh tươi,B,147,RG00928,1,
W03945N.mp4,cây xanh tươi,N,141,RG00929,2,0.245
W03945T.mp4,cây xanh tươi,T,141,RG00929,2,0.245
W00456B.mp4,cây ăn quả,B,103,RG00930,1,
W00456N.mp4,cây ăn quả,N,101,RG00931,2,0.245
W00456T.mp4,cây ăn quả,T,101,RG00931,2,0.245
W00462.mp4,cây đa,-,106,RG00932,1,
W00401.mp4,cãi nhau,-,167,RG00933,1,
W00729.mp4,còi,-,78,RG00934,1,
W00730.mp4,còi xương,-,92,RG00935,1,
D0121.mp4,còn bạn?,-,154,RG00936,1,
W00806.mp4,còng,-,94,RG00937,1,
W00805.mp4,còng (cái còng),-,93,RG00938,1,
W00726.mp4,có ích,-,88,RG00939,1,
D0098.mp4,có … không?,-,130,RG00940,1,
W00809.mp4,cô dâu,-,129,RG00941,1,
W00812B.mp4,cô giáo,B,103,RG00942,2,0.232
W00812T.mp4,cô giáo,T,103,RG00942,2,0.232
W00812N.mp4,cô giáo,N,92,RG00943,1,
W00811.mp4,cô đơn,-,106,RG00944,1,
W00837.mp4,côn trùng,-,80,RG00945,1,
W00838.mp4,công bằng,-,89,RG00946,1,
W00839.mp4,công chúa,-,99,RG00947,1,
W00840.mp4,công cộng,-,85,RG00948,1,
W00841.mp4,công cụ,-,76,RG00949,1,
D0307B.mp4,công nghiệp,B,93,RG00950,1,
D0307N.mp4,công nghiệp,N,104,RG00951,2,0.262
D0307T.mp4,công nghiệp,T,104,RG00951,2,0.262
W00843.mp4,công nhận,-,105,RG00952,1,
W00844.mp4,công sức,-,90,RG00953,1,
W00846.mp4,công thức,-,89,RG00954,1,
W00848B.mp4,công trường,B,107,RG00955,1,
W00845.mp4,công tắc,-,97,RG00956,1,
W00850B.mp4,công viên,B,99,RG00957,1,
W00850N.mp4,công viên,N,88,RG00958,2,0.246
W00850T.mp4,công viên,T,88,RG00958,2,0.246
W00851.mp4,công việc,-,121,RG00959,1,
W04061.mp4,công văn,-,262,RG00960,1,
W00849.mp4,công ước,-,90,RG00961,1,
W00807.mp4,cõng,-,173,RG00962,1,
W00900.mp4,cù,-,71,RG00963,1,
W00915.mp4,cùi chỏ,-,109,RG00964,1,
D0166.mp4,cùng / với (giới từ),-,88,RG00965,1,
W00894.mp4,cúc áo,-,92,RG00966,1,
W00895.mp4,cúi,-,101,RG00967,1,
D0127.mp4,căm thù,-,114,RG00968,1,
D0118.mp4,cũng vậy/cũng thế,-,315,RG00969,1,
W00867.mp4,cơ bắp,-,129,RG00970,1,
W00868B.mp4,cơ hội,B,84,RG00971,1,
W00868N.mp4,cơ hội,N,86,RG00972,2,0.237
W00868T.mp4,cơ hội,T,86,RG00972,2,0.237
W00870.mp4,cơ quan,-,99,RG00973,1,
W00871.mp4,cơ sở,-,89,RG00974,1,
W00872.mp4,cơ thể,-,104,RG00975,1,
W00884.mp4,cơm,-,93,RG00976,1,
W00885B.mp4,cơm bình dân,B,98,RG00977,1,
W00885N.mp4,cơm bình dân,N,124,RG00978,1,
W00885T.mp4,cơm bình dân,T,102,RG00979,1,
W00877.mp4,cơm hộp,-,107,RG00980,1,
D0091.mp4,cơm rang,-,136,RG00981,1,
W00932.mp4,cưa,-,104,RG00982,1,
W00931.mp4,cưa (cái cưa),-,90,RG00983,1,
W00943B.mp4,cướp,B,90,RG00984,1,
W00943N.mp4,cướp,N,99,RG00985,2,0.28
W00943T.mp4,cướp,T,99,RG00985,2,0.28
W00944.mp4,cướp biển,-,105,RG00986,1,
W00945.mp4,cướp cờ,-,99,RG00987,1,
W00946.mp4,cướp giật,-,88,RG00988,1,
D0022.mp4,cười nhếch mép,-,93,RG00989,1,
D0023.mp4,cười vỡ bụng,-,117,RG00990,1,
W00941.mp4,cưỡi ngựa,-,147,RG00991,1,
W00411.mp4,cạnh,-,136,RG00992,1,
W00412.mp4,cạnh bên (toán),-,148,RG00993,1,
D0466.mp4,cạnh tranh,-,120,RG00994,1,
W00413.mp4,cạnh đáy,-,149,RG00995,1,
W00414.mp4,cạnh đối diện,-,152,RG00996,1,
D0372.mp4,cả ngày,-,111,RG00997,1,
D0319.mp4,cảng Hải Phòng,-,85,RG00998,1,
D0320.mp4,cảng Sài Gòn,-,125,RG00999,1,
D0254.mp4,cảnh giác,-,167,RG01000,1,
W00409.mp4,cảnh vật,-,155,RG01001,1,
W00432.mp4,cấp cứu,-,117,RG01002,1,
W00433.mp4,cấp dưỡng,-,133,RG01003,1,
W00434.mp4,cất giấu,-,133,RG01004,1,
W00435.mp4,cất giữ,-,110,RG01005,1,
W00436.mp4,cất tiếng khóc,-,105,RG01006,1,
W00437.mp4,cất tiếng nói,-,158,RG01007,1,
W00479.mp4,cấy,-,105,RG01008,1,
W00480.mp4,cấy lúa,-,123,RG01009,1,
D0122B.mp4,cần không?,B,90,RG01010,1,
D0122N.mp4,cần không?,N,78,RG01011,2,0.255
D0122T.mp4,cần không?,T,78,RG01011,2,0.255
W00431.mp4,cần khởi động,-,125,RG01012,1,
W00446.mp4,cầu (cây cầu),-,262,RG01013,1,
W01831.mp4,cầu Long Biên,-,91,RG01014,1,
D0345.mp4,cầu Thê Húc (Hồ Gươm),-,130,RG01015,1,
W00447.mp4,cầu cứu,-,132,RG01016,1,
W00448.mp4,cầu giao,-,130,RG01017,1,
W00449.mp4,cầu kì,-,142,RG01018,1,
W00450.mp4,cầu nguyện,-,311,RG01019,1,
W03165.mp4,cầu thang,-,109,RG01020,1,
W00451.mp4,cầu thủ,-,159,RG01021,1,
W00452.mp4,cầu tre,-,315,RG01022,1,
W00454.mp4,cầu trượt,-,252,RG01023,1,
W00455.mp4,cầu vượt,-,102,RG01024,1,
D0095.mp4,cắm trại,-,120,RG01025,1,
D0276.mp4,cắt lông mũi,-,137,RG01026,1,
W00430.mp4,cắt nhau,-,130,RG01027,1,
W00428.mp4,cặp sách,-,156,RG01028,1,
W00429.mp4,cặp tóc,-,141,RG01029,1,
W00357B.mp4,cỏ,B,67,RG01030,1,
W00357N.mp4,cỏ,N,85,RG01031,2,0.216
W00357T.mp4,cỏ,T,85,RG01031,2,0.216
W00724.mp4,cỏ may,-,215,RG01032,1,
W00820B.mp4,cố gắng,B,95,RG01033,1,
W00820N.mp4,cố gắng,N,93,RG01034,2,0.241
W00820T.mp4,cố gắng,T,93,RG01034,2,0.241
W00831.mp4,cố ý (như cố tình),-,75,RG01035,1,
W00827.mp4,cố định,-,82,RG01036,1,
W00832.mp4,cốc,-,109,RG01037,1,
W00833.mp4,cối giã,-,101,RG01038,1,
W00834.mp4,cối xay gió,-,79,RG01039,1,
W00835.mp4,cối xay lúa,-,97,RG01040,1,
W00836.mp4,cốm,-,126,RG01041,1,
W00856.mp4,cống,-,132,RG01042,1,
W00859.mp4,cốp xe,-,95,RG01043,1,
W00814.mp4,cổ,-,94,RG01044,1,
W00816.mp4,cổ chân,-,120,RG01045,1,
W00818.mp4,cổ họng,-,107,RG01046,1,
W00819.mp4,cổ kính,-,197,RG01047,1,
W00822.mp4,cổ tay,-,112,RG01048,1,
W00823.mp4,cổ truyền,-,132,RG01049,1,
W00830.mp4,cổ tích,-,233,RG01050,1,
W00824.mp4,cổ vũ,-,90,RG01051,1,
W00815.mp4,cổ áo,-,94,RG01052,1,
W00817.mp4,cổ đại,-,244,RG01053,1,
W00854.mp4,cổng,-,78,RG01054,1,
W00825N.mp4,cổng trường,N,114,RG01055,2,0.275
W00825T.mp4,cổng trường,T,114,RG01055,2,0.275
W00826.mp4,cỗ,-,105,RG01056,1,
W00857B.mp4,cộng (Toán học),B,81,RG01057,2,0.245
W00857T.mp4,cộng (Toán học),T,81,RG01057,2,0.245
W00857N.mp4,cộng (Toán học),N,78,RG01058,1,
W00861.mp4,cột,-,95,RG01059,1,
W00865.mp4,cột nhà,-,102,RG01060,1,
W00866.mp4,cột sống,-,103,RG01061,1,
W00863B.mp4,cột điện,B,106,RG01062,1,
W00863N.mp4,cột điện,N,89,RG01063,2,0.235
W00863T.mp4,cột điện,T,89,RG01063,2,0.235
W00862.mp4,cột đèn,-,114,RG01064,1,
W00878.mp4,cờ,-,119,RG01065,1,
W00880.mp4,cờ ca rô,-,62,RG01066,1,
W00881.mp4,cờ tướng,-,107,RG01067,1,
W00882.mp4,cờ vua,-,101,RG01068,1,
W00883.mp4,cởi mở,-,123,RG01069,1,
W00876.mp4,cởi áo,-,99,RG01070,1,
W00910.mp4,cụ,-,90,RG01071,1,
W00912.mp4,cụ già,-,104,RG01072,1,
W00893.mp4,cụ thể,-,134,RG01073,1,
W00911.mp4,cụ đồ,-,132,RG01074,1,
W00914.mp4,cục tẩy,-,90,RG01075,1,
W00918.mp4,cụm từ,-,94,RG01076,1,
W00901.mp4,củ cà rốt,-,79,RG01077,1,
W00902.mp4,củ cải trắng,-,86,RG01078,1,
W00903.mp4,củ gừng,-,89,RG01079,1,
W00904.mp4,củ hành tây,-,115,RG01080,1,
W00890.mp4,củ khoai lang,-,110,RG01081,1,
W00905.mp4,củ khoai tây,-,109,RG01082,1,
W00906.mp4,củ nghệ,-,94,RG01083,1,
W00907.mp4,củ su hào,-,106,RG01084,1,
W00909.mp4,củ sả,-,115,RG01085,1,
W00908.mp4,củ tỏi,-,99,RG01086,1,
W00892.mp4,củ từ,-,80,RG01087,1,
W00889.mp4,củ đậu,-,98,RG01088,1,
W00916.mp4,củi,-,116,RG01089,1,
W00947.mp4,cứu,-,79,RG01090,1,
W00948.mp4,cứu hộ,-,92,RG01091,1,
D0317.mp4,cứu sống,-,93,RG01092,1,
W00929.mp4,cử chỉ điệu bộ,-,80,RG01093,1,
W00930.mp4,cử động,-,78,RG01094,1,
W00935B.mp4,cửa hàng,B,108,RG01095,2,0.223
W00935T.mp4,cửa hàng,T,108,RG01095,2,0.223
W00935N.mp4,cửa hàng,N,108,RG01096,1,
W00936.mp4,cửa khẩu,-,79,RG01097,1,
W00937.mp4,cửa kính,-,99,RG01098,1,
W00939.mp4,cửa sổ,-,86,RG01099,1,
D0101.mp4,cực khổ,-,141,RG01100,1,
D0494.mp4,d,-,88,RG01101,1,
D0347B.mp4,da ngăm (nước da ngăm đen),B,119,RG01102,1,
D0347N.mp4,da ngăm (nước da ngăm đen),N,97,RG01103,2,0.223
D0347T.mp4,da ngăm (nước da ngăm đen),T,97,RG01103,2,0.223
D0346B.mp4,da trắng,B,103,RG01104,1,
D0346N.mp4,da trắng,N,128,RG01105,2,0.252
D0346T.mp4,da trắng,T,128,RG01105,2,0.252
W00951.mp4,dai,-,86,RG01106,1,
W00963.mp4,danh bạ,-,105,RG01107,1,
W00964.mp4,danh dự,-,100,RG01108,1,
W00965.mp4,danh hiệu,-,114,RG01109,1,
W00966.mp4,danh lam thắng cảnh,-,136,RG01110,1,
W00967.mp4,danh mục,-,88,RG01111,1,
W00968.mp4,danh nhân,-,110,RG01112,1,
W00969.mp4,danh sách,-,85,RG01113,1,
W00970.mp4,danh từ,-,85,RG01114,1,
W00971.mp4,danh từ riêng,-,105,RG01115,1,
W00973.mp4,dao,-,86,RG01116,1,
W01029.mp4,di chuyển,-,59,RG01117,1,
W01032B.mp4,di truyền,B,74,RG01118,1,
W01032N.mp4,di truyền,N,83,RG01119,1,
W01032T.mp4,di truyền,T,103,RG01120,1,
W01034.mp4,diêm,-,96,RG01121,1,
W01044.mp4,diều,-,137,RG01122,1,
W01038.mp4,diễn thuyết,-,102,RG01123,1,
W01039.mp4,diện tích,-,108,RG01124,1,
W01040.mp4,diện tích toàn phần,-,94,RG01125,1,
W01041.mp4,diện tích xung quanh,-,105,RG01126,1,
W01042.mp4,diệt chủng,-,163,RG01127,1,
W01051.mp4,doanh nghiệp,-,89,RG01128,1,
W01053.mp4,doanh trại,-,95,RG01129,1,
W01062.mp4,du học,-,96,RG01130,1,
W01064.mp4,du thuyền,-,85,RG01131,1,
W01310.mp4,dung tích,-,87,RG01132,1,
D0465.mp4,duy nhất,-,141,RG01133,1,
W01070.mp4,duyên dáng,-,91,RG01134,1,
W01071.mp4,duyệt binh,-,93,RG01135,1,
W00952.mp4,dài,-,90,RG01136,1,
W00954.mp4,dài hơn,-,97,RG01137,1,
W00953.mp4,dài hạn,-,105,RG01138,1,
W00955.mp4,dài nhất,-,116,RG01139,1,
W00959.mp4,dàn bài,-,107,RG01140,1,
W00960.mp4,dàn nhạc,-,85,RG01141,1,
D0209B.mp4,dám làm,B,80,RG01142,2,0.213
D0209T.mp4,dám làm,T,80,RG01142,2,0.213
D0209N.mp4,dám làm,N,96,RG01143,1,
W00972.mp4,dán,-,91,RG01144,1,
W00982.mp4,dân ca,-,84,RG01145,1,
W00983.mp4,dân chài,-,98,RG01146,1,
D0114.mp4,dân chủ,-,80,RG01147,1,
W00987.mp4,dân số,-,82,RG01148,1,
W00988B.mp4,dân tộc,B,96,RG01149,1,
W00988N.mp4,dân tộc,N,71,RG01150,2,0.281
W00988T.mp4,dân tộc,T,71,RG01150,2,0.281
D0308.mp4,dân tộc Chăm,-,107,RG01151,1,
D0310.mp4,dân tộc Khơ me,-,131,RG01152,1,
D0312.mp4,dân tộc Mông,-,117,RG01153,1,
D0309.mp4,dân tộc Mường,-,126,RG01154,1,
D0311.mp4,dân tộc Thái,-,107,RG01155,1,
W00989B.mp4,dân tộc thiểu số,B,105,RG01156,1,
W00989N.mp4,dân tộc thiểu số,N,100,RG01157,2,0.212
W00989T.mp4,dân tộc thiểu số,T,100,RG01157,2,0.212
W01014.mp4,dây buộc tóc,-,130,RG01158,1,
W01015.mp4,dây chun,-,101,RG01159,1,
W01017.mp4,dây thần kinh,-,67,RG01160,1,
W01018.mp4,dây thừng,-,111,RG01161,1,
W01019.mp4,dây xích,-,95,RG01162,1,
W01016B.mp4,dây điện,B,100,RG01163,1,
W01016N.mp4,dây điện,N,113,RG01164,2,0.237
W01016T.mp4,dây điện,T,113,RG01164,2,0.237
W00975.mp4,dãy nhà,-,94,RG01165,1,
W00976.mp4,dãy núi,-,106,RG01166,1,
D0245.mp4,dãy núi Hoàng Liên Sơn,-,122,RG01167,1,
W00977.mp4,dãy số,-,92,RG01168,1,
W00978.mp4,dãy số liệu,-,126,RG01169,1,
W01022B.mp4,dép quai hậu,B,98,RG01170,2,0.25
W01022T.mp4,dép quai hậu,T,98,RG01170,2,0.25
W01022N.mp4,dép quai hậu,N,101,RG01171,1,
W01024.mp4,dê con,-,120,RG01172,1,
W01025.mp4,dê mẹ,-,121,RG01173,1,
W01055.mp4,dòng chữ,-,84,RG01174,1,
W01056.mp4,dòng họ,-,132,RG01175,1,
W01058.mp4,dòng sông,-,94,RG01176,1,
D0439.mp4,dòng sông chảy,-,111,RG01177,1,
W01068.mp4,dũng cảm,-,93,RG01178,1,
W00979.mp4,dạy,-,82,RG01179,1,
W00958.mp4,dải phân cách,-,212,RG01180,1,
W00998.mp4,dấu bằng,-,78,RG01181,1,
W01004.mp4,dấu chia,-,87,RG01182,1,
W01001.mp4,dấu chấm,-,108,RG01183,1,
W01002.mp4,dấu chấm hỏi,-,103,RG01184,1,
W01003.mp4,dấu chấm than,-,79,RG01185,1,
W01005.mp4,dấu gạch ngang,-,72,RG01186,1,
W01006.mp4,dấu hai chấm,-,84,RG01187,1,
D0524B.mp4,dấu huyền,B,101,RG01188,2,0.287
D0524T.mp4,dấu huyền,T,101,RG01188,2,0.287
D0524N.mp4,dấu huyền,N,185,RG01189,1,
D0526B.mp4,dấu hỏi,B,128,RG01190,1,
D0526N.mp4,dấu hỏi,N,106,RG01191,2,0.182
D0526T.mp4,dấu hỏi,T,106,RG01191,2,0.182
W01009.mp4,dấu ngoặc đơn,-,93,RG01192,1,
D0527B.mp4,dấu ngã,B,112,RG01193,1,
D0527N.mp4,dấu ngã,N,111,RG01194,2,0.278
D0527T.mp4,dấu ngã,T,111,RG01194,2,0.278
W01010.mp4,dấu nhân,-,84,RG01195,1,
D0528.mp4,dấu nặng,-,101,RG01196,1,
W01011.mp4,dấu phẩy,-,92,RG01197,1,
D0525B.mp4,dấu sắc,B,99,RG01198,2,0.289
D0525T.mp4,dấu sắc,T,99,RG01198,2,0.289
D0525N.mp4,dấu sắc,N,183,RG01199,1,
W00994.mp4,dầu gội đầu,-,98,RG01200,1,
W00995.mp4,dầu hoả,-,85,RG01201,1,
W00996.mp4,dầu khí,-,88,RG01202,1,
W00997.mp4,dầu mỏ,-,103,RG01203,1,
W00993.mp4,dầu ăn,-,64,RG01204,1,
W00990.mp4,dẫn chương trình,-,89,RG01205,1,
W00991.mp4,dẫn chứng,-,134,RG01206,1,
W00992.mp4,dập,-,64,RG01207,1,
W00981.mp4,dắt,-,93,RG01208,1,
W00980.mp4,dặn dò,-,71,RG01209,1,
W01021.mp4,dẻo,-,98,RG01210,1,
W01026.mp4,dễ chịu,-,93,RG01211,1,
W01027.mp4,dễ thương,-,105,RG01212,1,
W01028.mp4,dệt,-,100,RG01213,1,
W01033B.mp4,dịch vụ,B,93,RG01214,1,
W01033N.mp4,dịch vụ,N,111,RG01215,1,
W01033T.mp4,dịch vụ,T,101,RG01216,1,
D0436.mp4,dịu dàng,-,131,RG01217,1,
W01054.mp4,dọc,-,82,RG01218,1,
W01060.mp4,dốc,-,219,RG01219,1,
W01061.mp4,dốt,-,240,RG01220,1,
D0271B.mp4,dỗi,B,117,RG01221,1,
D0271N.mp4,dỗi,N,146,RG01222,2,0.238
D0271T.mp4,dỗi,T,146,RG01222,2,0.238
W01069.mp4,dụng cụ,-,98,RG01223,1,
D0183.mp4,dừng lại,-,128,RG01224,1,
W02097.mp4,dự trữ,-,115,RG01225,1,
D0259.mp4,dự án,-,114,RG01226,1,
W01076.mp4,dựng phim,-,95,RG01227,1,
D0496.mp4,e,-,80,RG01228,1,
W01348B.mp4,e thẹn,B,85,RG01229,1,
W01348N.mp4,e thẹn,N,96,RG01230,1,
W01348T.mp4,e thẹn,T,93,RG01231,1,
W01349.mp4,em dâu,-,110,RG01232,1,
W01350.mp4,em gái,-,120,RG01233,1,
D0153B.mp4,em họ,B,117,RG01234,1,
D0153N.mp4,em họ,N,96,RG01235,1,
D0153T.mp4,em họ,T,153,RG01236,1,
W01351B.mp4,em rể,B,111,RG01237,1,
W01351N.mp4,em rể,N,120,RG01238,1,
W01351T.mp4,em rể,T,74,RG01239,1,
W01352B.mp4,em trai,B,81,RG01240,1,
W01352N.mp4,em trai,N,116,RG01241,2,0.227
W01352T.mp4,em trai,T,116,RG01241,2,0.227
W01353.mp4,em út,-,104,RG01242,1,
W01354.mp4,email,-,128,RG01243,1,
D0521.mp4,f,-,86,RG01244,1,
D0498B.mp4,g,B,158,RG01245,1,
D0498N.mp4,g,N,90,RG01246,1,
W01364B.mp4,ga tàu,B,83,RG01247,1,
W01364N.mp4,ga tàu,N,105,RG01248,2,0.233
W01364T.mp4,ga tàu,T,105,RG01248,2,0.233
W01375.mp4,gai,-,120,RG01249,1,
W01377.mp4,gan,-,142,RG01250,1,
W01378N.mp4,gan dạ,N,124,RG01251,1,
W01379.mp4,gan lì,-,119,RG01252,1,
W01381.mp4,gang tay,-,119,RG01253,1,
D0019B.mp4,ghen tị,B,107,RG01254,1,
D0019N.mp4,ghen tị,N,127,RG01255,2,0.223
D0019T.mp4,ghen tị,T,127,RG01255,2,0.223
W01410.mp4,ghi chép,-,112,RG01256,1,
W01411.mp4,ghi chú,-,113,RG01257,1,
W01412.mp4,ghi hình,-,113,RG01258,1,
W01413.mp4,ghi nhớ,-,90,RG01259,1,
W01406.mp4,ghé thăm,-,110,RG01260,1,
W01407.mp4,ghép hình,-,129,RG01261,1,
W01423.mp4,giai đoạn,-,126,RG01262,1,
D0337.mp4,gian dối,-,147,RG01263,1,
W01443.mp4,gian khổ,-,91,RG01264,1,
W00985.mp4,gian lận,-,82,RG01265,1,
W01450.mp4,giao hoán,-,123,RG01266,1,
W01429.mp4,giao hàng,-,104,RG01267,1,
W01451.mp4,giao lưu,-,119,RG01268,1,
W01430B.mp4,giao thông,B,86,RG01269,1,
W01430N.mp4,giao thông,N,130,RG01270,1,
W01452.mp4,giao thừa,-,116,RG01271,1,
W01453B.mp4,giao tiếp,B,73,RG01272,1,
W01453N.mp4,giao tiếp,N,156,RG01273,2,0.241
W01453T.mp4,giao tiếp,T,156,RG01273,2,0.241
W01477.mp4,gieo xúc xắc,-,133,RG01274,1,
W01444.mp4,giàn khoan,-,123,RG01275,1,
W01427.mp4,giàn mướp,-,141,RG01276,1,
W01445.mp4,giàn nho,-,119,RG01277,1,
W01459.mp4,giàu có,-,191,RG01278,1,
W01420.mp4,giá sách,-,120,RG01279,1,
W01433B.mp4,giá trị,B,96,RG01280,1,
W01433N.mp4,giá trị,N,266,RG01281,1,
W01433T.mp4,giá trị,T,266,RG01282,1,
W01434B.mp4,giá trị phần trăm,B,120,RG01283,1,
W01434N.mp4,giá trị phần trăm,N,118,RG01284,2,0.225
W01434T.mp4,giá trị phần trăm,T,118,RG01284,2,0.225
W01435.mp4,giá trị tuyệt đối,-,126,RG01285,1,
W01442.mp4,giám khảo,-,116,RG01286,1,
D0255.mp4,giám sát,-,117,RG01287,1,
W01426.mp4,giám sát,-,138,RG01288,1,
W01441.mp4,giám đốc,-,80,RG01289,1,
W01447B.mp4,gián tiếp,B,95,RG01290,1,
W01447N.mp4,gián tiếp,N,90,RG01291,2,0.258
W01447T.mp4,gián tiếp,T,90,RG01291,2,0.258
W01456.mp4,giáo dục,-,99,RG01292,1,
W01458.mp4,giáo sĩ,-,115,RG01293,1,
W01432.mp4,giã,-,90,RG01294,1,
D0287.mp4,giãn cách xã hội,-,124,RG01295,1,
W01482.mp4,gió Lào,-,131,RG01296,1,
W01489.mp4,giông bão,-,106,RG01297,1,
W01497B.mp4,giúp đỡ,B,74,RG01298,1,
W01497N.mp4,giúp đỡ,N,106,RG01299,2,0.217
W01497T.mp4,giúp đỡ,T,106,RG01299,2,0.217
W01491.mp4,giơ tay,-,105,RG01300,1,
W01498.mp4,giường,-,106,RG01301,1,
W01417T.mp4,giả bộ (giống giả vờ),T,205,RG01302,1,
W01418.mp4,giả mạo,-,109,RG01303,1,
W01419.mp4,giả sử,-,118,RG01304,1,
W01437.mp4,giải lao,-,103,RG01305,1,
W01438.mp4,giải quyết,-,102,RG01306,1,
W01424.mp4,giải thích,-,449,RG01307,1,
W01440.mp4,giải vô địch,-,124,RG01308,1,
W01425.mp4,giảm,-,110,RG01309,1,
W01462.mp4,giấc ngủ,-,147,RG01310,1,
W01470B.mp4,giấy,B,104,RG01311,1,
W01470N.mp4,giấy,N,121,RG01312,2,0.259
W01470T.mp4,giấy,T,121,RG01312,2,0.259
W01472B.mp4,giấy màu,B,98,RG01313,1,
W01472N.mp4,giấy màu,N,109,RG01314,2,0.213
W01472T.mp4,giấy màu,T,109,RG01314,2,0.213
W01473B.mp4,giấy nháp,B,89,RG01315,1,
W01473N.mp4,giấy nháp,N,129,RG01316,2,0.181
W01473T.mp4,giấy nháp,T,129,RG01316,2,0.181
W01474.mp4,giấy tờ,-,121,RG01317,1,
W01471B.mp4,giấy ăn,B,95,RG01318,1,
W01471N.mp4,giấy ăn,N,117,RG01319,2,0.235
W01471T.mp4,giấy ăn,T,117,RG01319,2,0.235
W01467.mp4,giầy ba ta,-,228,RG01320,1,
W01468.mp4,giầy dép,-,208,RG01321,1,
W01469.mp4,giầy thể thao,-,235,RG01322,1,
W01463.mp4,giẫm,-,100,RG01323,1,
W01464.mp4,giận dỗi,-,80,RG01324,1,
W01465.mp4,giận dữ,-,104,RG01325,1,
W01466.mp4,giật mình,-,102,RG01326,1,
W01476.mp4,giẻ lau,-,128,RG01327,1,
W01478.mp4,giếng nước,-,117,RG01328,1,
W01479.mp4,giết,-,81,RG01329,1,
W01486.mp4,giọng ca,-,144,RG01330,1,
W01487.mp4,giọng nói,-,92,RG01331,1,
W01485.mp4,giỏi,-,326,RG01332,1,
W01490.mp4,giống nhau,-,106,RG01333,1,
D0041.mp4,giỗ,-,97,RG01334,1,
W01493.mp4,giới hạn,-,113,RG01335,1,
W01494.mp4,giới thiệu,-,139,RG01336,1,
W02626.mp4,giữ nguyên,-,88,RG01337,1,
W01365N.mp4,gà mái,N,224,RG01338,1,
D0390.mp4,gà nướng lu,-,135,RG01339,1,
W01366.mp4,gà rừng,-,168,RG01340,1,
W01368.mp4,gà trống,-,134,RG01341,1,
W01367.mp4,gà tây,-,137,RG01342,1,
W01382.mp4,gánh,-,128,RG01343,1,
W01389.mp4,gáy,-,121,RG01344,1,
W01376.mp4,gãi đầu gãi tai,-,179,RG01345,1,
W01387.mp4,gãy chân,-,113,RG01346,1,
W01388.mp4,gãy tay,-,132,RG01347,1,
W01501.mp4,góc bẹt,-,113,RG01348,1,
W01502.mp4,góc bếp,-,127,RG01349,1,
W01503.mp4,góc học tập,-,111,RG01350,1,
W01505.mp4,góc nhọn,-,114,RG01351,1,
W01506.mp4,góc tù,-,226,RG01352,1,
W01507.mp4,góc vuông,-,98,RG01353,1,
W01508.mp4,góc vườn,-,138,RG01354,1,
W01510.mp4,gói,-,79,RG01355,1,
W01509.mp4,gói (đgt),-,98,RG01356,1,
D0451.mp4,góp tiền,-,141,RG01357,1,
W01513.mp4,góp ý,-,114,RG01358,1,
W04070.mp4,gù lưng,-,117,RG01359,1,
W01393.mp4,găng tay,-,144,RG01360,1,
W01523.mp4,gương,-,100,RG01361,1,
W01525.mp4,gương mẫu,-,124,RG01362,1,
W01524.mp4,gương mặt,-,96,RG01363,1,
W01384B.mp4,gạo,B,83,RG01364,1,
W01384N.mp4,gạo,N,122,RG01365,2,0.256
W01384T.mp4,gạo,T,122,RG01365,2,0.256
W01385.mp4,gạo nếp,-,128,RG01366,1,
D0248.mp4,gấp ba,-,111,RG01367,1,
W01398.mp4,gấp giấy,-,133,RG01368,1,
W01399.mp4,gấp quần áo,-,129,RG01369,1,
D0247.mp4,gấp đôi,-,79,RG01370,1,
W01397.mp4,gần gũi,-,106,RG01371,1,
W01403B.mp4,gầy (miền Nam: ốm),B,82,RG01372,1,
W01403N.mp4,gầy (miền Nam: ốm),N,129,RG01373,1,
W01403T.mp4,gầy (miền Nam: ốm),T,215,RG01374,1,
W01401.mp4,gật gù,-,103,RG01375,1,
W01400.mp4,gật đầu,-,111,RG01376,1,
W01404.mp4,gậy của người già,-,142,RG01377,1,
W01392.mp4,gắn bó,-,124,RG01378,1,
W01394.mp4,gắp thức ăn,-,136,RG01379,1,
W01390.mp4,gặm cỏ,-,176,RG01380,1,
W01391.mp4,gặm xương (con chó gặm xương),-,145,RG01381,1,
W01395.mp4,gặp gỡ,-,133,RG01382,1,
W01396.mp4,gặt lúa,-,126,RG01383,1,
W01511.mp4,gọi,-,249,RG01384,1,
W01512.mp4,gọn gàng,-,125,RG01385,1,
W01515.mp4,gọt bút chì,-,98,RG01386,1,
W01514.mp4,gọt bút chì (cái),-,127,RG01387,1,
D0378.mp4,gỏi/nộm,-,105,RG01388,1,
W01517.mp4,gốm sứ,-,132,RG01389,1,
W01516B.mp4,gỗ,B,104,RG01390,1,
W01516N.mp4,gỗ,N,97,RG01391,1,
W01516T.mp4,gỗ,T,120,RG01392,1,
W01518.mp4,gợi ý,-,96,RG01393,1,
W01519.mp4,gửi,-,195,RG01394,1,
W01520.mp4,gửi quà,-,116,RG01395,1,
W01522.mp4,gửi thư,-,98,RG01396,1,
D0500B.mp4,h,B,71,RG01397,1,
D0500N.mp4,h,N,65,RG01398,1,
D0500T.mp4,h,T,147,RG01399,1,
D0147.mp4,hai là,-,147,RG01400,1,
W02617.mp4,hai phân số bằng nhau,-,144,RG01401,1,
D0342B.mp4,ham chơi,B,108,RG01402,2,0.207
D0342T.mp4,ham chơi,T,108,RG01402,2,0.207
D0342N.mp4,ham chơi,N,106,RG01403,1,
D0243B.mp4,hay là (hoặc là),B,120,RG01404,1,
D0243N.mp4,hay là (hoặc là),N,108,RG01405,2,0.198
D0243T.mp4,hay là (hoặc là),T,108,RG01405,2,0.198
W01583B.mp4,hi sinh,B,84,RG01406,1,
W01583N.mp4,hi sinh,N,100,RG01407,1,
W01583T.mp4,hi sinh,T,85,RG01408,1,
W01584B.mp4,hi vọng,B,75,RG01409,2,0.135
W01584T.mp4,hi vọng,T,75,RG01409,2,0.135
W01584N.mp4,hi vọng,N,69,RG01410,1,
W01593.mp4,hiếu thảo,-,138,RG01411,1,
W01591B.mp4,hiểu,B,64,RG01412,1,
W01591N.mp4,hiểu,N,117,RG01413,2,0.222
W01591T.mp4,hiểu,T,117,RG01413,2,0.222
W01588.mp4,hiện nay,-,80,RG01414,1,
W01587.mp4,hiện đại,-,117,RG01415,1,
W01595.mp4,hiệu (Toán học),-,108,RG01416,1,
W01596.mp4,hiệu cầm đồ,-,109,RG01417,1,
W01594.mp4,hiệu thuốc,-,220,RG01418,1,
W01619B.mp4,hoa,B,94,RG01419,2,0.253
W01619T.mp4,hoa,T,94,RG01419,2,0.253
W01619N.mp4,hoa,N,114,RG01420,1,
W01620.mp4,hoa cúc,-,140,RG01421,1,
D0482.mp4,hoa dâm bụt,-,121,RG01422,1,
D0481.mp4,hoa giấy,-,134,RG01423,1,
D0467.mp4,hoa hậu,-,83,RG01424,1,
W01622.mp4,hoa hồng,-,119,RG01425,1,
W01625.mp4,hoa lay ơn,-,72,RG01426,1,
D0488.mp4,hoa mai,-,137,RG01427,1,
W01629B.mp4,hoa sen,B,98,RG01428,1,
W01629N.mp4,hoa sen,N,125,RG01429,1,
W01629T.mp4,hoa sen,T,110,RG01430,1,
W01621.mp4,hoa đào,-,126,RG01431,1,
W04063.mp4,hoan hô,-,231,RG01432,1,
W01764.mp4,hoang mang,-,80,RG01433,1,
W01641.mp4,hoàn thành,-,158,RG01434,1,
W01646.mp4,hoàng hôn,-,151,RG01435,1,
W01645.mp4,hoàng đế,-,97,RG01436,1,
W01643.mp4,hoán vị,-,174,RG01437,1,
W01655B.mp4,hoạt hình,B,97,RG01438,1,
W01655N.mp4,hoạt hình,N,111,RG01439,2,0.234
W01655T.mp4,hoạt hình,T,111,RG01439,2,0.234
W01651B.mp4,hoạt động,B,81,RG01440,1,
W01650.mp4,hoảng sợ,-,131,RG01441,1,
D0188B.mp4,hoặc,B,90,RG01442,1,
D0188N.mp4,hoặc,N,76,RG01443,2,0.214
D0188T.mp4,hoặc,T,76,RG01443,2,0.214
W01712.mp4,hung thủ,-,139,RG01444,1,
W01711.mp4,hung ác,-,121,RG01445,1,
W01718.mp4,huy hiệu,-,134,RG01446,1,
W01721B.mp4,huyện,B,107,RG01447,1,
W01721N.mp4,huyện,N,132,RG01448,1,
W01721T.mp4,huyện,T,111,RG01449,1,
W01710.mp4,huân chương,-,126,RG01450,1,
D0351.mp4,huỷ,-,82,RG01451,1,
W01719.mp4,huỷ diệt,-,98,RG01452,1,
W01532.mp4,hài hước,-,110,RG01453,1,
D0199.mp4,hài lòng,-,148,RG01454,1,
W01536.mp4,hàm răng,-,108,RG01455,1,
W01539.mp4,hàng chục,-,114,RG01456,1,
W01540.mp4,hàng chục nghìn,-,99,RG01457,1,
W01541.mp4,hàng chục triệu,-,94,RG01458,1,
W01542.mp4,hàng dọc,-,111,RG01459,1,
W01545.mp4,hàng ngang,-,103,RG01460,1,
W01546.mp4,hàng nghìn,-,105,RG01461,1,
D0170B.mp4,hàng ngày,B,111,RG01462,1,
D0170N.mp4,hàng ngày,N,98,RG01463,2,0.243
D0170T.mp4,hàng ngày,T,98,RG01463,2,0.243
W01550.mp4,hàng triệu,-,100,RG01464,1,
W01547.mp4,hàng trăm,-,91,RG01465,1,
W01548.mp4,hàng trăm nghìn,-,94,RG01466,1,
W01552.mp4,hàng xóm,-,97,RG01467,1,
W01543.mp4,hàng đơn vị,-,86,RG01468,1,
W01556.mp4,hành lang,-,90,RG01469,1,
W01557B.mp4,hành quân,B,115,RG01470,1,
W01557N.mp4,hành quân,N,221,RG01471,1,
W01557T.mp4,hành quân,T,268,RG01472,1,
W01558.mp4,hành tinh,-,145,RG01473,1,
W01559.mp4,hành vi,-,101,RG01474,1,
W01554.mp4,hành động,-,96,RG01475,1,
D0262.mp4,háo hức,-,134,RG01476,1,
W01560.mp4,hát ru,-,105,RG01477,1,
W00122.mp4,hãng máy bay,-,100,RG01478,1,
W00142.mp4,hãng tàu thuyền,-,93,RG01479,1,
W00125.mp4,hãng xe máy,-,74,RG01480,1,
W04072.mp4,hãng ô tô,-,71,RG01481,1,
W01575B.mp4,héc-ta (ha),B,99,RG01482,1,
W01576B.mp4,héc-tô-gam (hg),B,104,RG01483,1,
W01576N.mp4,héc-tô-gam (hg),N,110,RG01484,2,0.233
W01576T.mp4,héc-tô-gam (hg),T,110,RG01484,2,0.233
W01577B.mp4,héc-tô-mét (hm),B,81,RG01485,1,
W01577N.mp4,héc-tô-mét (hm),N,102,RG01486,2,0.203
W01577T.mp4,héc-tô-mét (hm),T,102,RG01486,2,0.203
W01578B.mp4,héc-tô-mét vuông (hm2),B,98,RG01487,1,
W01578N.mp4,héc-tô-mét vuông (hm2),N,97,RG01488,2,0.213
W01578T.mp4,héc-tô-mét vuông (hm2),T,97,RG01488,2,0.213
W01579.mp4,héo,-,111,RG01489,1,
W01580.mp4,hét (giống la),-,71,RG01490,1,
D0266.mp4,hên/gặp may,-,110,RG01491,1,
W01599.mp4,hình,-,95,RG01492,1,
W01600.mp4,hình bình hành,-,102,RG01493,1,
W01602.mp4,hình chiếu,-,89,RG01494,1,
W01601.mp4,hình cầu,-,108,RG01495,1,
W01603.mp4,hình dáng,-,82,RG01496,1,
W01604.mp4,hình elip,-,94,RG01497,1,
W01605.mp4,hình học,-,116,RG01498,1,
W01606.mp4,hình hộp chữ nhật,-,117,RG01499,1,
W01608.mp4,hình lập phương,-,113,RG01500,1,
W01610.mp4,hình phạt,-,144,RG01501,1,
W01612.mp4,hình thang,-,114,RG01502,1,
W01616.mp4,hình trụ,-,151,RG01503,1,
W01617.mp4,hình tứ giác,-,150,RG01504,1,
W03908.mp4,hình vuông,-,120,RG01505,1,
W01618.mp4,hình vẽ,-,127,RG01506,1,
W01634.mp4,hòa bình,-,144,RG01507,1,
W01637.mp4,hòa nhập,-,136,RG01508,1,
W01674B.mp4,hòn bi (giống viên bi),B,97,RG01509,1,
W01661.mp4,hòn đá,-,130,RG01510,1,
W00258.mp4,hóa đơn,-,142,RG01511,1,
D0021.mp4,hói đầu,-,120,RG01512,1,
W01678.mp4,hót,-,126,RG01513,1,
W01662.mp4,hót rác,-,125,RG01514,1,
W01679.mp4,hót rác (cái hót rác),-,117,RG01515,1,
D0173.mp4,hôi,-,167,RG01516,1,
W01700.mp4,hôn,-,121,RG01517,1,
D0240.mp4,hùng vĩ,-,198,RG01518,1,
D0070.mp4,hú vía,-,113,RG01519,1,
W01716.mp4,hút nước,-,106,RG01520,1,
W01717.mp4,hút thuốc lá,-,121,RG01521,1,
W01050.mp4,hăm dọa,-,257,RG01522,1,
W01569.mp4,hăng hái,-,84,RG01523,1,
W01706.mp4,hơi nước,-,167,RG01524,1,
W01724.mp4,hướng dẫn,-,111,RG01525,1,
W01537.mp4,hạn hán,-,101,RG01526,1,
W01562.mp4,hạt,-,108,RG01527,1,
W01563.mp4,hạt cườm,-,123,RG01528,1,
W01567.mp4,hạt lúa,-,107,RG01529,1,
W01566.mp4,hạt lạc,-,101,RG01530,1,
W01568.mp4,hạt tiêu,-,106,RG01531,1,
D0388.mp4,hải sản,-,127,RG01532,1,
W01534.mp4,hải đảo,-,111,RG01533,1,
D0380.mp4,hấp,-,114,RG01534,1,
D0017.mp4,hấp dẫn,-,115,RG01535,1,
W01573.mp4,hậu quả,-,136,RG01536,1,
W01571.mp4,hắt hơi,-,116,RG01537,1,
W01570.mp4,hằng đẳng thức,-,103,RG01538,1,
D0163B.mp4,hẹn,B,132,RG01539,1,
D0163N.mp4,hẹn,N,105,RG01540,2,0.28
D0163T.mp4,hẹn,T,105,RG01540,2,0.28
W00076.mp4,hệ bài tiết,-,151,RG01541,1,
W01582B.mp4,hệ thống,B,83,RG01542,1,
W01582N.mp4,hệ thống,N,107,RG01543,2,0.192
W01582T.mp4,hệ thống,T,107,RG01543,2,0.192
D0136.mp4,họ (2 người) (đại từ),-,128,RG01544,1,
D0137.mp4,họ (đại từ),-,120,RG01545,1,
W01638.mp4,họa sỹ,-,221,RG01546,1,
W01665.mp4,học bổng,-,123,RG01547,1,
W01656.mp4,học giỏi,-,130,RG01548,1,
W01666.mp4,học kém,-,152,RG01549,1,
W01668.mp4,học nhóm,-,112,RG01550,1,
W01669.mp4,học phí,-,112,RG01551,1,
W01658.mp4,học sinh Miền Nam,-,163,RG01552,1,
W01659.mp4,học trung bình,-,125,RG01553,1,
W01671.mp4,học trò,-,118,RG01554,1,
W01670.mp4,học tập,-,120,RG01555,1,
W01676.mp4,họng,-,134,RG01556,1,
W01677B.mp4,họp,B,84,RG01557,2,0.207
W01677T.mp4,họp,T,84,RG01557,2,0.207
W01677N.mp4,họp,N,138,RG01558,1,
D0452B.mp4,họp nhóm,B,125,RG01559,2,0.263
D0452T.mp4,họp nhóm,T,125,RG01559,2,0.263
D0452N.mp4,họp nhóm,N,102,RG01560,1,
W01672B.mp4,hỏi,B,79,RG01561,1,
W01672N.mp4,hỏi,N,130,RG01562,2,0.204
W01672T.mp4,hỏi,T,130,RG01562,2,0.204
W01660.mp4,hỏi han,-,124,RG01563,1,
W01673B.mp4,hỏi thăm,B,101,RG01564,1,
W01675B.mp4,hỏng,B,87,RG01565,2,0.212
W01675T.mp4,hỏng,T,87,RG01565,2,0.212
W01675N.mp4,hỏng,N,120,RG01566,1,
W01692B.mp4,hối hận,B,89,RG01567,1,
W01692N.mp4,hối hận,N,133,RG01568,1,
W01692T.mp4,hối hận,T,100,RG01569,1,
W01693.mp4,hối lộ,-,138,RG01570,1,
D0236.mp4,hốt hoảng,-,114,RG01571,1,
W01684.mp4,hồ Hoàn Kiếm,-,140,RG01572,1,
W01682.mp4,hồ dán,-,123,RG01573,1,
W01686.mp4,hồ nước,-,132,RG01574,1,
W01690B.mp4,hồi hộp,B,84,RG01575,2,0.272
W01690T.mp4,hồi hộp,T,84,RG01575,2,0.272
W01690N.mp4,hồi hộp,N,91,RG01576,1,
W01701.mp4,hỗn số,-,115,RG01577,1,
D0367.mp4,hội chứng Đao - Down,-,109,RG01578,1,
W01695B.mp4,hội nghị,B,100,RG01579,1,
D0295.mp4,hội thoại,-,108,RG01580,1,
W01696.mp4,hội thảo,-,114,RG01581,1,
W01696N.mp4,hội thảo,N,118,RG01582,1,
W01698.mp4,hội trường,-,122,RG01583,1,
W01702.mp4,hộp,-,114,RG01584,1,
W01703.mp4,hộp bút,-,108,RG01585,1,
W01704.mp4,hộp sữa,-,128,RG01586,1,
W01708.mp4,hợp lí,-,134,RG01587,1,
W01709.mp4,hợp tác,-,98,RG01588,1,
W01707B.mp4,hợp đồng,B,95,RG01589,2,0.281
W01707T.mp4,hợp đồng,T,95,RG01589,2,0.281
D0165B.mp4,hứa,B,220,RG01590,1,
D0165N.mp4,hứa,N,111,RG01591,2,0.214
D0165T.mp4,hứa,T,111,RG01591,2,0.214
D0217.mp4,hữu nghị,-,98,RG01592,1,
D0501.mp4,i,-,60,RG01593,1,
W01728B.mp4,in (ấn),B,112,RG01594,1,
D0484.mp4,internet,-,127,RG01595,1,
D0522.mp4,j,-,80,RG01596,1,
D0502.mp4,k,-,65,RG01597,1,
W01739.mp4,keo kiệt,-,101,RG01598,1,
W01766.mp4,khai mạc,-,121,RG01599,1,
W01787.mp4,khe cửa,-,110,RG01600,1,
W01788.mp4,khe núi,-,123,RG01601,1,
W01789.mp4,khen,-,108,RG01602,1,
W01791.mp4,khen tặng,-,100,RG01603,1,
W01796.mp4,khiêm tốn,-,129,RG01604,1,
W01800.mp4,khiêng,-,133,RG01605,1,
W01804.mp4,khoa học,-,122,RG01606,1,
W01815.mp4,khoan,-,102,RG01607,1,
W01808.mp4,khoan (cái khoan),-,102,RG01608,1,
W02217.mp4,khoan (khoan đã),-,88,RG01609,1,
W01816.mp4,khoang tàu,-,258,RG01610,1,
W01820.mp4,khoanh tay,-,130,RG01611,1,
W01822.mp4,khoe,-,101,RG01612,1,
W01810.mp4,khoá (cái khóa),-,133,RG01613,1,
W01814.mp4,khoác tay,-,135,RG01614,1,
W01807.mp4,khoác vai,-,101,RG01615,1,
W01813.mp4,khoác áo,-,136,RG01616,1,
D0305.mp4,khoáng sản,-,111,RG01617,1,
W01809.mp4,khoảng cách,-,108,RG01618,1,
W01823.mp4,khoẻ mạnh,-,131,RG01619,1,
W01849.mp4,khu rừng,-,131,RG01620,1,
W01851.mp4,khu vườn,-,108,RG01621,1,
D0474.mp4,khu vực cách ly,-,142,RG01622,1,
W01856.mp4,khung cửa số,-,129,RG01623,1,
W01857.mp4,khung thành,-,137,RG01624,1,
W01859.mp4,khuy,-,120,RG01625,1,
W01860.mp4,khuyên tai,-,102,RG01626,1,
D0030.mp4,khuyến khích,-,134,RG01627,1,
W01858.mp4,khuôn hình,-,110,RG01628,1,
W01757.mp4,khác,-,109,RG01629,1,
W01758.mp4,khách,-,88,RG01630,1,
W01759.mp4,khách mời,-,112,RG01631,1,
W01760.mp4,khách sạn,-,119,RG01632,1,
W01761.mp4,khách vip,-,109,RG01633,1,
W01767.mp4,khám bệnh,-,94,RG01634,1,
W01768.mp4,khám phá,-,102,RG01635,1,
W01770.mp4,kháng cự,-,89,RG01636,1,
W01771.mp4,kháng sinh,-,94,RG01637,1,
W01774.mp4,khát nước,-,98,RG01638,1,
W01775.mp4,khát vọng,-,119,RG01639,1,
D0280.mp4,kháu khỉnh,-,119,RG01640,1,
W01783.mp4,khâm phục,-,121,RG01641,1,
W01784.mp4,khâu vá,-,119,RG01642,1,
W01792.mp4,khéo,-,96,RG01643,1,
W01793.mp4,khép cửa,-,105,RG01644,1,
W01794.mp4,khí cầu,-,132,RG01645,1,
W01803B.mp4,khó khăn,B,116,RG01646,1,
W01803N.mp4,khó khăn,N,116,RG01647,1,
W00562.mp4,khó tiêu,-,99,RG01648,1,
W01811.mp4,khóa cửa,-,205,RG01649,1,
W01806.mp4,khóa quần,-,114,RG01650,1,
W01821.mp4,khóc,-,136,RG01651,1,
W01825.mp4,khói,-,130,RG01652,1,
W01826.mp4,khóm dứa,-,165,RG01653,1,
W01828.mp4,khô héo,-,132,RG01654,1,
D0323.mp4,không bình đẳng,-,92,RG01655,1,
D0033B.mp4,không cho,B,111,RG01656,1,
D0033N.mp4,không cho,N,125,RG01657,2,0.216
D0033T.mp4,không cho,T,125,RG01657,2,0.216
D0112.mp4,không có,-,207,RG01658,1,
D0113.mp4,không có chi,-,125,RG01659,1,
D0034.mp4,không cần,-,104,RG01660,1,
D0210B.mp4,không dám,B,92,RG01661,1,
D0210N.mp4,không dám,N,86,RG01662,1,
D0210T.mp4,không dám,T,101,RG01663,1,
W01833.mp4,không gian,-,162,RG01664,1,
W01840B.mp4,không hiểu,B,98,RG01665,1,
W01840N.mp4,không hiểu,N,136,RG01666,2,0.188
W01840T.mp4,không hiểu,T,136,RG01666,2,0.188
W01841.mp4,không khí,-,114,RG01667,1,
D0190B.mp4,không muốn,B,95,RG01668,1,
D0190N.mp4,không muốn,N,65,RG01669,2,0.222
D0190T.mp4,không muốn,T,65,RG01669,2,0.222
D0031B.mp4,không nghe lời,B,138,RG01670,1,
D0031N.mp4,không nghe lời,N,97,RG01671,2,0.244
D0031T.mp4,không nghe lời,T,97,RG01671,2,0.244
D0198.mp4,không ngon,-,70,RG01672,1,
D0035B.mp4,không nên,B,83,RG01673,1,
D0035N.mp4,không nên,N,95,RG01674,1,
D0035T.mp4,không nên,T,87,RG01675,1,
D0109B.mp4,không quen,B,91,RG01676,2,0.26
D0109T.mp4,không quen,T,91,RG01676,2,0.26
D0109N.mp4,không quen,N,68,RG01677,1,
W01834.mp4,không thẳng hàng,-,277,RG01678,1,
D0129B.mp4,không đẹp,B,108,RG01679,1,
D0129N.mp4,không đẹp,N,86,RG01680,2,0.233
D0129T.mp4,không đẹp,T,86,RG01680,2,0.233
W01854.mp4,khúc khuỷu,-,143,RG01681,1,
W01777.mp4,khăn mặt,-,110,RG01682,1,
W01779.mp4,khăn quàng,-,98,RG01683,1,
W01780.mp4,khăn quàng đỏ,-,105,RG01684,1,
D0096.mp4,khả năng,-,131,RG01685,1,
W01785.mp4,khẩu hiệu,-,99,RG01686,1,
W01786.mp4,khẩu trang,-,115,RG01687,1,
W01776.mp4,khắc phục,-,122,RG01688,1,
W01824B.mp4,khỏi bệnh,B,82,RG01689,1,
W01824N.mp4,khỏi bệnh,N,141,RG01690,1,
W01824T.mp4,khỏi bệnh,T,223,RG01691,1,
W01836.mp4,khố,-,224,RG01692,1,
W01832.mp4,khối lượng,-,108,RG01693,1,
W01842.mp4,khổ,-,148,RG01694,1,
W01842N.mp4,khổ,N,162,RG01695,1,
D0208.mp4,khổ công,-,129,RG01696,1,
W01829.mp4,khổ thơ,-,182,RG01697,1,
W01835.mp4,khổng lồ,-,110,RG01698,1,
W01847.mp4,khớp xương,-,109,RG01699,1,
D0100.mp4,khờ dại,-,137,RG01700,1,
D0325.mp4,khởi nghiệp,-,102,RG01701,1,
W01864.mp4,ki-lô-gam,-,113,RG01702,1,
W01869.mp4,ki-lô-mét (km),-,110,RG01703,1,
W01865.mp4,ki-lô-mét vuông (km2),-,99,RG01704,1,
D0124.mp4,kia,-,96,RG01705,1,
W01890.mp4,kim,-,126,RG01706,1,
D0321.mp4,kim cương,-,106,RG01707,1,
W01898B.mp4,kinh nghiệm,B,98,RG01708,1,
W01898N.mp4,kinh nghiệm,N,76,RG01709,2,0.181
W01898T.mp4,kinh nghiệm,T,76,RG01709,2,0.181
W01897.mp4,kinh ngạc,-,116,RG01710,1,
W01882.mp4,kiên quyết,-,141,RG01711,1,
W01883.mp4,kiên trì (giống: kiên nhẫn),-,102,RG01712,1,
W01888.mp4,"kiêu (kiêu căng, kiêu xa)",-,112,RG01713,1,
W01879.mp4,kiếm (cái kiếm),-,117,RG01714,1,
W01885.mp4,kiến thức,-,107,RG01715,1,
W01886.mp4,kiến trúc,-,111,RG01716,1,
W01887.mp4,kiến trúc sư,-,114,RG01717,1,
W01878B.mp4,kiểm tra,B,89,RG01718,1,
W01878N.mp4,kiểm tra,N,96,RG01719,2,0.221
W01878T.mp4,kiểm tra,T,96,RG01719,2,0.221
W01735.mp4,kèn,-,119,RG01720,1,
W01738B.mp4,kém,B,65,RG01721,2,0.273
W01738T.mp4,kém,T,65,RG01721,2,0.273
W01738N.mp4,kém,N,130,RG01722,1,
W01740.mp4,kéo,-,93,RG01723,1,
D0294.mp4,kéo co,-,99,RG01724,1,
W01755.mp4,kêu,-,94,RG01725,1,
W01756.mp4,kêu gọi,-,202,RG01726,1,
W01861.mp4,kì diệu,-,113,RG01727,1,
W01862.mp4,kì lạ,-,105,RG01728,1,
W01863.mp4,kí duyệt,-,105,RG01729,1,
W01867.mp4,kí hiệu,-,134,RG01730,1,
W01872B.mp4,kí tên,B,110,RG01731,1,
W01872N.mp4,kí tên,N,105,RG01732,2,0.237
W01872T.mp4,kí tên,T,105,RG01732,2,0.237
W01900.mp4,kính,-,113,RG01733,1,
W01902.mp4,kính hiển vi,-,140,RG01734,1,
W01903.mp4,kính lão,-,118,RG01735,1,
W01904.mp4,kính lúp,-,147,RG01736,1,
W01906.mp4,kính trọng,-,142,RG01737,1,
W01743B.mp4,kẹo,B,102,RG01738,1,
W01743N.mp4,kẹo,N,61,RG01739,2,0.149
W01743T.mp4,kẹo,T,61,RG01739,2,0.149
W01744.mp4,kẹp,-,97,RG01740,1,
D0185.mp4,kẹt xe/tắc đường,-,101,RG01741,1,
W01734.mp4,kẻ cắp,-,106,RG01742,1,
W01737.mp4,kẻ thù,-,134,RG01743,1,
W01750.mp4,kết bạn,-,99,RG01744,1,
W01751.mp4,kết hợp,-,97,RG01745,1,
D0483.mp4,kết luận,-,131,RG01746,1,
W01754B.mp4,kết quả,B,78,RG01747,1,
W01754N.mp4,kết quả,N,142,RG01748,2,0.252
W01754T.mp4,kết quả,T,142,RG01748,2,0.252
W01746.mp4,kể chuyện,-,107,RG01749,1,
W01871.mp4,kỉ luật,-,116,RG01750,1,
W01866B.mp4,kỉ niệm,B,92,RG01751,1,
W01866N.mp4,kỉ niệm,N,127,RG01752,2,0.23
W01866T.mp4,kỉ niệm,T,127,RG01752,2,0.23
W01035.mp4,kịch,-,101,RG01753,1,
W01876.mp4,kịch bản,-,128,RG01754,1,
W01036.mp4,kịch câm,-,75,RG01755,1,
D0068.mp4,kịp thời,-,116,RG01756,1,
D0097.mp4,kỹ năng,-,116,RG01757,1,
D0503.mp4,l,-,67,RG01758,1,
W01909.mp4,la bàn,-,125,RG01759,1,
W01910.mp4,la hét,-,130,RG01760,1,
W01930.mp4,lang thang,-,113,RG01761,1,
W01944.mp4,lao phổi,-,132,RG01762,1,
W01948.mp4,lau chùi,-,112,RG01763,1,
W01949.mp4,lau khô,-,133,RG01764,1,
D0228.mp4,lau miệng,-,126,RG01765,1,
W01950.mp4,lau nhà,-,120,RG01766,1,
W01973.mp4,leo trèo,-,116,RG01767,1,
W02010.mp4,linh hồn,-,125,RG01768,1,
W01998B.mp4,liên hoan,B,102,RG01769,2,0.219
W01998T.mp4,liên hoan,T,102,RG01769,2,0.219
W01998N.mp4,liên hoan,N,89,RG01770,1,
W01999.mp4,liên kết,-,152,RG01771,1,
W02000B.mp4,liên lạc,B,101,RG01772,1,
W02000N.mp4,liên lạc,N,100,RG01773,1,
W02000T.mp4,liên lạc,T,126,RG01774,1,
W02001B.mp4,liên quan,B,98,RG01775,1,
W02001N.mp4,liên quan,N,131,RG01776,2,0.25
W02001T.mp4,liên quan,T,131,RG01776,2,0.25
W02002.mp4,liên tục,-,105,RG01777,1,
D0272B.mp4,liếc nhìn,B,96,RG01778,2,0.222
D0272T.mp4,liếc nhìn,T,96,RG01778,2,0.222
D0272N.mp4,liếc nhìn,N,79,RG01779,1,
W02003.mp4,liền sau,-,110,RG01780,1,
W02004.mp4,liền trước,-,119,RG01781,1,
W02006.mp4,liều lĩnh,-,114,RG01782,1,
W02008.mp4,liều mình,-,132,RG01783,1,
W02005.mp4,liệt (liệt tay chân),-,95,RG01784,1,
W02016.mp4,lo sợ,-,108,RG01785,1,
W02021.mp4,loa,-,98,RG01786,1,
W02026.mp4,lon bia,-,100,RG01787,1,
D0269.mp4,long lanh (mắt),-,130,RG01788,1,
W02024B.mp4,loài vật,B,78,RG01789,1,
W02024N.mp4,loài vật,N,92,RG01790,2,0.223
W02024T.mp4,loài vật,T,92,RG01790,2,0.223
W02025.mp4,loạn thị,-,98,RG01791,1,
D0020B.mp4,lung tung,B,131,RG01792,1,
D0020N.mp4,lung tung,N,90,RG01793,1,
D0020T.mp4,lung tung,T,257,RG01794,1,
W02074.mp4,luyện tập,-,126,RG01795,1,
W02075.mp4,luyện từ và câu,-,119,RG01796,1,
W00638.mp4,luân phiên,-,69,RG01797,1,
W00638N.mp4,luân phiên,N,103,RG01798,1,
W02064B.mp4,luật chơi,B,115,RG01799,2,0.225
W02064T.mp4,luật chơi,T,115,RG01799,2,0.225
W02064N.mp4,luật chơi,N,112,RG01800,1,
W02065.mp4,luật lệ,-,111,RG01801,1,
D0375.mp4,luộc,-,89,RG01802,1,
D0455.mp4,luộc rau,-,156,RG01803,1,
W01911B.mp4,là gì?,B,97,RG01804,1,
W01911N.mp4,là gì?,N,92,RG01805,2,0.229
W01911T.mp4,là gì?,T,92,RG01805,2,0.229
W01924.mp4,làm bài tập,-,125,RG01806,1,
W01924N.mp4,làm bài tập,N,89,RG01807,1,
W01925B.mp4,làm quen,B,80,RG01808,1,
W01926.mp4,làm ruộng,-,98,RG01809,1,
W01928.mp4,làm việc,-,97,RG01810,1,
D0438.mp4,làm được,-,100,RG01811,1,
W01932.mp4,làn sóng,-,113,RG01812,1,
W00173.mp4,làng gốm Bát Tràng,-,131,RG01813,1,
W01939.mp4,làng xóm,-,140,RG01814,1,
W01912B.mp4,lá cây,B,92,RG01815,1,
W01912N.mp4,lá cây,N,144,RG01816,1,
W01913.mp4,lá thư,-,130,RG01817,1,
W01920B.mp4,lái tàu hỏa,B,98,RG01818,1,
W01920N.mp4,lái tàu hỏa,N,90,RG01819,2,0.254
W01920T.mp4,lái tàu hỏa,T,90,RG01819,2,0.254
D0167.mp4,lâu,-,125,RG01820,1,
D0167B.mp4,lâu,B,241,RG01821,1,
W01966.mp4,lây bệnh,-,105,RG01822,1,
W01967.mp4,lây nhiễm,-,101,RG01823,1,
D0314.mp4,lãng phí,-,108,RG01824,1,
W01942.mp4,lãnh đạo,-,144,RG01825,1,
W01947.mp4,lão già,-,129,RG01826,1,
W01987.mp4,lên ngôi,-,119,RG01827,1,
W01989.mp4,lên xe,-,129,RG01828,1,
W01986.mp4,lên đường,-,76,RG01829,1,
W01992.mp4,lí do,-,110,RG01830,1,
W02018.mp4,lò xo,-,130,RG01831,1,
W02039.mp4,lông,-,116,RG01832,1,
W02040.mp4,lông gà,-,120,RG01833,1,
W02070.mp4,lùi bước,-,122,RG01834,1,
W02060.mp4,lúa,-,114,RG01835,1,
W02066B.mp4,lúc nào,B,105,RG01836,1,
W02066N.mp4,lúc nào,N,107,RG01837,2,0.224
W02066T.mp4,lúc nào,T,107,RG01837,2,0.224
W02071.mp4,lúng túng,-,126,RG01838,1,
D0296.mp4,lý do,-,89,RG01839,1,
W01953.mp4,lăng Bác Hồ,-,127,RG01840,1,
W02011.mp4,lĩnh hội,-,125,RG01841,1,
W02012B.mp4,lĩnh vực,B,79,RG01842,1,
W02012N.mp4,lĩnh vực,N,120,RG01843,2,0.244
W02012T.mp4,lĩnh vực,T,120,RG01843,2,0.244
W02059.mp4,lũ quét,-,124,RG01844,1,
W02073.mp4,lũy tre,-,122,RG01845,1,
W02046.mp4,lơ lửng,-,125,RG01846,1,
W00155.mp4,lưu,-,72,RG01847,1,
W02098.mp4,lưu ý,-,142,RG01848,1,
W02090.mp4,lương thực,-,118,RG01849,1,
W02083.mp4,lưới,-,121,RG01850,1,
W02091.mp4,lướt ván,-,130,RG01851,1,
W02078B.mp4,lười,B,93,RG01852,1,
W02078N.mp4,lười,N,122,RG01853,2,0.228
W02078T.mp4,lười,T,122,RG01853,2,0.228
W02079B.mp4,lười học,B,105,RG01854,1,
W02079N.mp4,lười học,N,140,RG01855,2,0.246
W02079T.mp4,lười học,T,140,RG01855,2,0.246
W02080.mp4,lưỡi,-,115,RG01856,1,
W02081.mp4,lưỡi câu,-,286,RG01857,1,
W02077.mp4,lược,-,91,RG01858,1,
W02084.mp4,lượm,-,90,RG01859,1,
D0328.mp4,lượt về (trong thể thao),-,119,RG01860,1,
D0327.mp4,lượt đi,-,109,RG01861,1,
W01915.mp4,lạc quan,-,138,RG01862,1,
D0270B.mp4,lạnh lùng,B,108,RG01863,2,0.245
D0270T.mp4,lạnh lùng,T,108,RG01863,2,0.245
D0270N.mp4,lạnh lùng,N,107,RG01864,1,
D0341.mp4,lấm lem,-,109,RG01865,1,
W01970.mp4,lấy,-,106,RG01866,1,
W01964.mp4,lầu (tầng),-,119,RG01867,1,
D0377.mp4,lẩu,-,106,RG01868,1,
W01962.mp4,lẫn lộn,-,106,RG01869,1,
W01951.mp4,lắc đầu,-,102,RG01870,1,
W01955.mp4,lắng nghe,-,102,RG01871,1,
W01960.mp4,lắp ráp,-,125,RG01872,1,
W01956.mp4,lặn,-,143,RG01873,1,
W01957.mp4,lặng lẽ,-,155,RG01874,1,
W01991.mp4,lều trại,-,126,RG01875,1,
D0048B.mp4,lễ Halloween 31/10,B,191,RG01876,2,0.239
D0048T.mp4,lễ Halloween 31/10,T,191,RG01876,2,0.239
D0048N.mp4,lễ Halloween 31/10,N,116,RG01877,1,
W01979B.mp4,lễ Nô-en,B,130,RG01878,1,
W01979N.mp4,lễ Nô-en,N,107,RG01879,1,
W01979T.mp4,lễ Nô-en,T,133,RG01880,1,
W01977.mp4,lễ bế giảng,-,130,RG01881,1,
W01977B.mp4,lễ bế giảng,B,177,RG01882,1,
W01978B.mp4,lễ hội,B,103,RG01883,2,0.305
W01978T.mp4,lễ hội,T,103,RG01883,2,0.305
W01978N.mp4,lễ hội,N,85,RG01884,1,
W01982B.mp4,lễ hội hóa trang,B,142,RG01885,2,0.256
W01982T.mp4,lễ hội hóa trang,T,142,RG01885,2,0.256
W01982N.mp4,lễ hội hóa trang,N,115,RG01886,1,
W01983.mp4,lễ phép,-,108,RG01887,1,
W01984.mp4,lễ vật,-,98,RG01888,1,
W02019.mp4,lọ hoa,-,144,RG01889,1,
W02020.mp4,lọ mực,-,85,RG01890,1,
W02032.mp4,lọng,-,132,RG01891,1,
D0431.mp4,lốc xoáy,-,121,RG01892,1,
W02037.mp4,lối đi,-,111,RG01893,1,
W02041.mp4,lồng bàn,-,116,RG01894,1,
W02042.mp4,lồng chim,-,129,RG01895,1,
W02043.mp4,lồng tiếng,-,223,RG01896,1,
W02035.mp4,lỗi chính tả,-,126,RG01897,1,
W02036.mp4,lỗi lầm,-,114,RG01898,1,
D0297.mp4,lớn hơn 1 (Toán học),-,113,RG01899,1,
D0298.mp4,lớn hơn 2 (Toán học),-,85,RG01900,1,
W02052.mp4,lớp,-,115,RG01901,1,
W02055.mp4,lớp phó,-,113,RG01902,1,
W02057.mp4,lớp trưởng,-,107,RG01903,1,
W02047.mp4,lời giải,-,102,RG01904,1,
W02048.mp4,lời nói,-,115,RG01905,1,
W02049.mp4,lợi ích,-,117,RG01906,1,
W02068.mp4,lục giác,-,106,RG01907,1,
W02067.mp4,lục địa,-,137,RG01908,1,
W02076.mp4,lửa,-,83,RG01909,1,
W02099.mp4,lựu,-,121,RG01910,1,
W02100.mp4,lựu đạn,-,109,RG01911,1,
D0504.mp4,m,-,95,RG01912,1,
W02104.mp4,ma,-,101,RG01913,1,
W02105.mp4,ma cà rồng,-,133,RG01914,1,
W02106.mp4,ma quỷ,-,99,RG01915,1,
W02107.mp4,ma sát,-,101,RG01916,1,
W02108.mp4,ma túy,-,117,RG01917,1,
D0102.mp4,may mắn,-,150,RG01918,1,
W02208.mp4,mi-li-mét (mm),-,111,RG01919,1,
W02215.mp4,minh hoạ,-,112,RG01920,1,
W02214.mp4,miêu tả,-,110,RG01921,1,
D0394.mp4,miến,-,119,RG01922,1,
W02211.mp4,miền Bắc Việt Nam,-,112,RG01923,1,
W02212.mp4,miền Nam Việt Nam,-,120,RG01924,1,
W02266.mp4,mua bán,-,114,RG01925,1,
W02267.mp4,mua vé,-,105,RG01926,1,
W02280.mp4,mui xe,-,135,RG01927,1,
D0456.mp4,muối,-,122,RG01928,1,
W01725.mp4,muối i-ốt,-,62,RG01929,1,
W02221B.mp4,muốn,B,128,RG01930,1,
W02221N.mp4,muốn,N,112,RG01931,2,0.262
W02221T.mp4,muốn,T,112,RG01931,2,0.262
D0189B.mp4,muốn không?,B,108,RG01932,1,
D0189N.mp4,muốn không?,N,80,RG01933,2,0.241
D0189T.mp4,muốn không?,T,80,RG01933,2,0.241
W02281.mp4,muộn,-,108,RG01934,1,
W02120B.mp4,màn,B,100,RG01935,1,
W02120N.mp4,màn,N,109,RG01936,1,
W02120T.mp4,màn,T,133,RG01937,1,
W02132.mp4,màu cam,-,94,RG01938,1,
W02138.mp4,màu nhiệm,-,128,RG01939,1,
W02137B.mp4,màu nâu,B,101,RG01940,1,
W02137N.mp4,màu nâu,N,114,RG01941,2,0.241
W02137T.mp4,màu nâu,T,114,RG01941,2,0.241
W02140B.mp4,màu trắng,B,82,RG01942,1,
W02140N.mp4,màu trắng,N,88,RG01943,2,0.206
W02140T.mp4,màu trắng,T,88,RG01943,2,0.206
W02142B.mp4,màu xanh da trời,B,87,RG01944,1,
W02142N.mp4,màu xanh da trời,N,85,RG01945,1,
W02142T.mp4,màu xanh da trời,T,112,RG01946,1,
W02143B.mp4,màu xanh lá cây,B,98,RG01947,1,
W02143N.mp4,màu xanh lá cây,N,115,RG01948,1,
W02143T.mp4,màu xanh lá cây,T,110,RG01949,1,
W02133B.mp4,màu đen,B,140,RG01950,1,
W02134.mp4,màu đỏ,-,91,RG01951,1,
W02144.mp4,má,-,114,RG01952,1,
W02110.mp4,má (giống: mẹ),-,108,RG01953,1,
D0200.mp4,má hồng,-,140,RG01954,1,
D0065B.mp4,mách,B,126,RG01955,1,
D0065N.mp4,mách,N,111,RG01956,2,0.222
D0065T.mp4,mách,T,111,RG01956,2,0.222
W02116.mp4,mái chèo,-,122,RG01957,1,
W02117.mp4,mái hiên,-,141,RG01958,1,
W02118.mp4,mái nhà,-,149,RG01959,1,
W02119.mp4,mái tóc,-,125,RG01960,1,
W03859.mp4,mái vòm,-,143,RG01961,1,
W02146.mp4,máy bơm,-,130,RG01962,1,
W02147.mp4,máy chiếu,-,109,RG01963,1,
W02148B.mp4,máy in,B,118,RG01964,1,
W02148N.mp4,máy in,N,121,RG01965,2,0.245
W02148T.mp4,máy in,T,121,RG01965,2,0.245
W02149.mp4,máy khâu,-,118,RG01966,1,
W02150.mp4,máy quay,-,142,RG01967,1,
W02151.mp4,máy tính (laptop),-,94,RG01968,1,
W02152.mp4,máy tính bỏ túi,-,115,RG01969,1,
W00732.mp4,máy vi tính,-,173,RG01970,1,
D0318.mp4,máy xúc,-,99,RG01971,1,
W02145.mp4,máy ảnh,-,122,RG01972,1,
W02177.mp4,mâm cơm,-,155,RG01973,1,
W02178B.mp4,mâm ngũ quả,B,91,RG01974,1,
W02178N.mp4,mâm ngũ quả,N,112,RG01975,2,0.214
W02178T.mp4,mâm ngũ quả,T,112,RG01975,2,0.214
W02195.mp4,mây,-,121,RG01976,1,
W02109.mp4,mã vạch,-,115,RG01977,1,
D0230.mp4,mèo cào,-,94,RG01978,1,
W02197.mp4,mét (m),-,93,RG01979,1,
W02198.mp4,mét khối (m3),-,95,RG01980,1,
W02199.mp4,mét vuông (m2),-,114,RG01981,1,
W02202.mp4,mê say (như: say mê),-,131,RG01982,1,
W02203.mp4,mê tín,-,140,RG01983,1,
W02205.mp4,mênh mông,-,114,RG01984,1,
D0399.mp4,mía,-,138,RG01985,1,
D0204.mp4,mít tinh,-,229,RG01986,1,
W02218.mp4,móc áo,-,118,RG01987,1,
W02223.mp4,móng chân,-,110,RG01988,1,
W02225.mp4,móng tay,-,121,RG01989,1,
W02226.mp4,móng vuốt,-,138,RG01990,1,
W02227.mp4,mô hình,-,130,RG01991,1,
D0426.mp4,mô tả,-,125,RG01992,1,
W02235.mp4,môi,-,120,RG01993,1,
W02236.mp4,môi trường,-,116,RG01994,1,
W02240N.mp4,môn Giáo dục công dân,N,94,RG01995,1,
W02241.mp4,môn Giáo dục thể chất,-,120,RG01996,1,
W02242.mp4,môn Khoa học,-,105,RG01997,1,
W02243.mp4,môn Kĩ thuật,-,103,RG01998,3,0.451
W02243N.mp4,môn Kĩ thuật,N,103,RG01998,3,0.249
W02243T.mp4,môn Kĩ thuật,T,103,RG01998,3,0.249
W02243B.mp4,môn Kĩ thuật,B,116,RG01999,1,
W02244B.mp4,môn Lịch sử,B,142,RG02000,1,
W02244N.mp4,môn Lịch sử,N,85,RG02001,2,0.242
W02244T.mp4,môn Lịch sử,T,85,RG02001,2,0.242
W02245.mp4,môn Mĩ thuật,-,130,RG02002,1,
W02246.mp4,môn Ngoại ngữ,-,121,RG02003,1,
W02247.mp4,môn Sinh học,-,134,RG02004,1,
W02249.mp4,môn Tin học và Công nghệ,-,111,RG02005,1,
W02248.mp4,môn Tiếng Việt,-,123,RG02006,1,
W02250.mp4,môn Toán,-,117,RG02007,1,
W02251.mp4,môn Tự nhiên và Xã hội,-,136,RG02008,1,
W02238.mp4,môn Âm nhạc,-,137,RG02009,1,
W02239B.mp4,môn Đạo đức,B,113,RG02010,2,0.279
W02239T.mp4,môn Đạo đức,T,113,RG02010,2,0.279
W02239N.mp4,môn Đạo đức,N,83,RG02011,1,
W04066B.mp4,môn Địa lý,B,128,RG02012,1,
W04066N.mp4,môn Địa lý,N,84,RG02013,2,0.235
W04066T.mp4,môn Địa lý,T,84,RG02013,2,0.235
W02220.mp4,mõm,-,114,RG02014,1,
D0038.mp4,mù chữ,-,144,RG02015,1,
W02270B.mp4,mùa hè,B,105,RG02016,1,
W02270N.mp4,mùa hè,N,66,RG02017,1,
W02270T.mp4,mùa hè,T,113,RG02018,1,
W02271.mp4,mùa thu,-,127,RG02019,1,
W02272B.mp4,mùa xuân,B,154,RG02020,1,
W02272N.mp4,mùa xuân,N,119,RG02021,2,0.24
W02272T.mp4,mùa xuân,T,119,RG02021,2,0.24
W02269.mp4,mùa đông,-,114,RG02022,1,
W02276.mp4,múa,-,132,RG02023,1,
W02277.mp4,múa lân,-,99,RG02024,1,
W02273.mp4,múa rối,-,112,RG02025,1,
W02278.mp4,múa sạp,-,138,RG02026,1,
W02162.mp4,măng,-,120,RG02027,1,
W02209.mp4,mĩ thuật,-,103,RG02028,1,
W02275.mp4,mũ,-,90,RG02029,1,
W02265.mp4,mũ lưỡi trai,-,111,RG02030,1,
D0219.mp4,mũi tên,-,129,RG02031,1,
D0427.mp4,mũm mĩm,-,125,RG02032,1,
W02255.mp4,mơ ngủ,-,100,RG02033,1,
W02256.mp4,mơ ước,-,80,RG02034,1,
W02282.mp4,mưa phùn,-,111,RG02035,1,
W02112.mp4,mạch lạc,-,152,RG02036,1,
W02113.mp4,mạch máu,-,146,RG02037,1,
W02125.mp4,mạng lưới,-,157,RG02038,1,
W02129.mp4,mạnh bạo (giống: mạnh dạn),-,126,RG02039,1,
W02131.mp4,mạnh mẽ,-,113,RG02040,1,
D0252.mp4,mất (chết) (chỉ người),-,112,RG02041,1,
W02182.mp4,mất ngủ,-,102,RG02042,1,
W02183.mp4,mất trí,-,119,RG02043,1,
W02196.mp4,mấy giờ?,-,127,RG02044,1,
W02180.mp4,mầm cây,-,100,RG02045,1,
W02181.mp4,mầm non,-,111,RG02046,1,
W02191.mp4,mẫu số,-,135,RG02047,1,
W02192.mp4,mẫu số bé,-,68,RG02048,1,
W02193.mp4,mẫu số chung,-,153,RG02049,1,
W02194.mp4,mẫu số lớn,-,120,RG02050,1,
W02187B.mp4,mật khẩu,B,103,RG02051,1,
W02187N.mp4,mật khẩu,N,86,RG02052,1,
W02187T.mp4,mật khẩu,T,164,RG02053,1,
W02189.mp4,mật ong,-,115,RG02054,1,
W02155.mp4,mắc áo,-,91,RG02055,1,
W02161.mp4,mắm,-,110,RG02056,1,
W02164B.mp4,mắng,B,113,RG02057,1,
W02164N.mp4,mắng,N,67,RG02058,1,
W02164T.mp4,mắng,T,110,RG02059,1,
W02156.mp4,mặc,-,100,RG02060,1,
W02159.mp4,mặc kệ,-,114,RG02061,1,
W02160.mp4,mặc quần áo,-,109,RG02062,1,
W02166.mp4,mặt,-,130,RG02063,1,
W02175.mp4,mặt dài,-,106,RG02064,1,
W02173.mp4,mặt nạ,-,107,RG02065,1,
W02172.mp4,mặt vuông,-,95,RG02066,1,
W02171.mp4,mặt đất,-,121,RG02067,1,
W02204.mp4,mềm mại,-,129,RG02068,1,
D0370.mp4,mệt không?,-,72,RG02069,1,
D0369.mp4,mệt mỏi,-,183,RG02070,1,
D0283.mp4,mọc ria mép,-,76,RG02071,1,
D0282.mp4,mọc râu,-,101,RG02072,1,
D0281.mp4,mọc tóc,-,79,RG02073,1,
W02229.mp4,mồ côi,-,97,RG02074,1,
W02230.mp4,mồ côi cha mẹ,-,97,RG02075,1,
W02231.mp4,mồ hôi,-,130,RG02076,1,
D0197.mp4,mồ hôi nhễ nhại,-,161,RG02077,1,
W02237.mp4,mỗi,-,102,RG02078,1,
D0169B.mp4,mỗi ngày,B,116,RG02079,2,0.253
D0169N.mp4,mỗi ngày,N,116,RG02079,2,0.253
D0169T.mp4,mỗi ngày,T,117,RG02080,1,
W02234.mp4,mộc nhĩ,-,113,RG02081,1,
W02252.mp4,một cặp,-,94,RG02082,1,
D0146.mp4,một là,-,115,RG02083,1,
W02254.mp4,một mình,-,99,RG02084,1,
D0410B.mp4,một tiếng,B,128,RG02085,1,
D0410N.mp4,một tiếng,N,84,RG02086,2,0.26
D0410T.mp4,một tiếng,T,84,RG02086,2,0.26
D0409.mp4,một tiết học,-,122,RG02087,1,
D0184.mp4,một ít/ một chút,-,244,RG02088,1,
W02253.mp4,một đôi,-,94,RG02089,1,
W02262.mp4,mớ rau,-,129,RG02090,1,
W02264B.mp4,mới,B,107,RG02091,1,
W02264N.mp4,mới,N,70,RG02092,2,0.922
W02264T.mp4,mới,T,71,RG02092,2,0.922
W02263.mp4,mời,-,123,RG02093,1,
W02257.mp4,mở,-,110,RG02094,1,
W02258.mp4,mở cửa,-,122,RG02095,1,
W02260.mp4,mở màn,-,131,RG02096,1,
W02261.mp4,mở rộng,-,121,RG02097,1,
W02259.mp4,mở đầu,-,108,RG02098,1,
W02279.mp4,mục lục,-,102,RG02099,1,
D0422.mp4,mục tiêu,-,135,RG02100,1,
W03355.mp4,mục đích,-,92,RG02101,1,
W02283.mp4,mứt,-,102,RG02102,1,
D0080B.mp4,mỳ tôm,B,104,RG02103,1,
D0080N.mp4,mỳ tôm,N,94,RG02104,2,0.268
D0080T.mp4,mỳ tôm,T,94,RG02104,2,0.268
D0081B.mp4,mỳ vằn thắn,B,118,RG02105,1,
D0082B.mp4,mỳ ý,B,111,RG02106,1,
D0082N.mp4,mỳ ý,N,96,RG02107,2,0.121
D0082T.mp4,mỳ ý,T,96,RG02107,2,0.121
D0505.mp4,n,-,76,RG02108,1,
W02353.mp4,nghe,-,132,RG02109,1,
W02359B.mp4,nghi ngờ,B,112,RG02110,1,
W02359N.mp4,nghi ngờ,N,110,RG02111,2,0.279
W02359T.mp4,nghi ngờ,T,110,RG02111,2,0.279
W02373B.mp4,nghiêm khắc,B,90,RG02112,1,
W02373N.mp4,nghiêm khắc,N,89,RG02113,2,0.214
W02373T.mp4,nghiêm khắc,T,89,RG02113,2,0.214
W02374.mp4,nghiêm túc,-,141,RG02114,1,
W02367.mp4,nghiên cứu,-,123,RG02115,1,
W02375.mp4,nghiến răng,-,153,RG02116,1,
W02354B.mp4,nghé,B,124,RG02117,1,
W02354N.mp4,nghé,N,76,RG02118,2,0.281
W02354T.mp4,nghé,T,76,RG02118,2,0.281
D0459.mp4,nghênh nghênh (đầu),-,129,RG02119,1,
W02368.mp4,nghĩ,-,125,RG02120,1,
W02370.mp4,nghĩa bóng,-,125,RG02121,1,
W02371.mp4,nghĩa trang,-,107,RG02122,1,
W02366.mp4,nghĩa đen,-,114,RG02123,1,
W02355.mp4,nghẹn ngào,-,153,RG02124,1,
W02356.mp4,nghệ sĩ,-,103,RG02125,1,
W02357B.mp4,nghệ thuật,B,110,RG02126,1,
W02357N.mp4,nghệ thuật,N,75,RG02127,2,0.214
W02357T.mp4,nghệ thuật,T,75,RG02127,2,0.214
W02360B.mp4,nghỉ hè,B,134,RG02128,1,
W02360N.mp4,nghỉ hè,N,85,RG02129,1,
W02360T.mp4,nghỉ hè,T,117,RG02130,1,
W02362.mp4,nghỉ hưu,-,133,RG02131,1,
W02361B.mp4,nghỉ học,B,100,RG02132,2,0.271
W02361T.mp4,nghỉ học,T,100,RG02132,2,0.271
W02361N.mp4,nghỉ học,N,80,RG02133,1,
W02363.mp4,nghỉ mát,-,135,RG02134,1,
W02364.mp4,nghỉ ngơi,-,136,RG02135,1,
W02369.mp4,nghị lực,-,109,RG02136,1,
W02381.mp4,ngoan ngoãn,-,148,RG02137,1,
W02388.mp4,ngon giấc,-,158,RG02138,1,
W02390.mp4,ngon miệng,-,110,RG02139,1,
W02378.mp4,ngoại hình,-,119,RG02140,1,
W02382.mp4,ngoắc tay,-,125,RG02141,1,
W02385.mp4,ngoằn ngoèo,-,148,RG02142,1,
W02384.mp4,ngoặc kép,-,137,RG02143,1,
W02383.mp4,ngoặc đơn,-,129,RG02144,1,
W02405B.mp4,nguy hiểm,B,103,RG02145,1,
W02405N.mp4,nguy hiểm,N,115,RG02146,2,0.283
W02405T.mp4,nguy hiểm,T,115,RG02146,2,0.283
W02407B.mp4,nguyên nhân,B,101,RG02147,1,
W02418.mp4,nguyện vọng,-,143,RG02148,1,
W02403.mp4,nguệch ngoạc,-,105,RG02149,1,
W02404.mp4,nguồn gốc,-,101,RG02150,1,
D0383.mp4,nguội,-,142,RG02151,1,
W02324.mp4,ngà voi,-,114,RG02152,1,
W02333.mp4,ngành nghề,-,125,RG02153,1,
D0044B.mp4,ngày Giải phóng miền Nam 30/4,B,131,RG02154,2,0.206
D0044T.mp4,ngày Giải phóng miền Nam 30/4,T,131,RG02154,2,0.206
D0044N.mp4,ngày Giải phóng miền Nam 30/4,N,154,RG02155,1,
D0052B.mp4,ngày Ngôn ngữ kí hiệu Quốc tế 23/9,B,107,RG02156,2,0.181
D0052T.mp4,ngày Ngôn ngữ kí hiệu Quốc tế 23/9,T,107,RG02156,2,0.181
D0052N.mp4,ngày Ngôn ngữ kí hiệu Quốc tế 23/9,N,140,RG02157,1,
D0046B.mp4,ngày Người khuyết tật Thế giới 3/12,B,187,RG02158,1,
D0046N.mp4,ngày Người khuyết tật Thế giới 3/12,N,124,RG02159,1,
D0046T.mp4,ngày Người khuyết tật Thế giới 3/12,T,142,RG02160,1,
D0045B.mp4,ngày Người khuyết tật Việt Nam 18/4,B,119,RG02161,1,
D0045N.mp4,ngày Người khuyết tật Việt Nam 18/4,N,150,RG02162,1,
D0045T.mp4,ngày Người khuyết tật Việt Nam 18/4,T,149,RG02163,1,
W02328N.mp4,ngày Nhà giáo Việt nam,N,116,RG02164,1,
W02328T.mp4,ngày Nhà giáo Việt nam,T,190,RG02165,1,
D0049B.mp4,ngày Phụ nữ Việt Nam 20/10,B,104,RG02166,1,
D0049N.mp4,ngày Phụ nữ Việt Nam 20/10,N,170,RG02167,1,
D0049T.mp4,ngày Phụ nữ Việt Nam 20/10,T,145,RG02168,1,
W02337B.mp4,ngày Quốc tế Lao động,B,144,RG02169,1,
W02337N.mp4,ngày Quốc tế Lao động,N,179,RG02170,1,
W02337T.mp4,ngày Quốc tế Lao động,T,173,RG02171,1,
D0042B.mp4,ngày Quốc tế phụ nữ 8/3,B,139,RG02172,1,
D0042N.mp4,ngày Quốc tế phụ nữ 8/3,N,131,RG02173,1,
D0042T.mp4,ngày Quốc tế phụ nữ 8/3,T,140,RG02174,1,
D0055B.mp4,ngày của Cha,B,149,RG02175,2,0.275
D0055T.mp4,ngày của Cha,T,149,RG02175,2,0.275
D0055N.mp4,ngày của Cha,N,145,RG02176,1,
D0054B.mp4,ngày của Mẹ,B,137,RG02177,2,0.269
D0054T.mp4,ngày của Mẹ,T,137,RG02177,2,0.269
D0054N.mp4,ngày của Mẹ,N,144,RG02178,1,
D0056B.mp4,ngày gia đình Việt Nam 28/6,B,162,RG02179,1,
D0056N.mp4,ngày gia đình Việt Nam 28/6,N,148,RG02180,1,
D0056T.mp4,ngày gia đình Việt Nam 28/6,T,199,RG02181,1,
D0043B.mp4,ngày giải phóng thủ đô 10/10,B,165,RG02182,2,0.281
D0043T.mp4,ngày giải phóng thủ đô 10/10,T,165,RG02182,2,0.281
D0043N.mp4,ngày giải phóng thủ đô 10/10,N,140,RG02183,1,
D0051B.mp4,ngày giỗ tổ Hùng Vương (âm lịch 10/3),B,155,RG02184,2,0.268
D0051T.mp4,ngày giỗ tổ Hùng Vương (âm lịch 10/3),T,155,RG02184,2,0.268
D0051N.mp4,ngày giỗ tổ Hùng Vương (âm lịch 10/3),N,144,RG02185,1,
W02327B.mp4,ngày khai trường,B,144,RG02186,1,
W02336B.mp4,ngày nay,B,123,RG02187,1,
W02336N.mp4,ngày nay,N,103,RG02188,1,
W02336T.mp4,ngày nay,T,75,RG02189,1,
W02338B.mp4,ngày sinh,B,130,RG02190,1,
W02338N.mp4,ngày sinh,N,68,RG02191,1,
W02338T.mp4,ngày sinh,T,137,RG02192,1,
D0058B.mp4,ngày thành lập quân đội nhân dân Việt Nam,B,147,RG02193,2,0.264
D0058T.mp4,ngày thành lập quân đội nhân dân Việt Nam,T,147,RG02193,2,0.264
D0058N.mp4,ngày thành lập quân đội nhân dân Việt Nam,N,159,RG02194,1,
W02329B.mp4,ngày tháng,B,126,RG02195,1,
W02329N.mp4,ngày tháng,N,119,RG02196,1,
W02329T.mp4,ngày tháng,T,139,RG02197,1,
D0050B.mp4,ngày thương bình liệt sĩ 27/7,B,126,RG02198,2,0.255
D0050T.mp4,ngày thương bình liệt sĩ 27/7,T,126,RG02198,2,0.255
D0050N.mp4,ngày thương bình liệt sĩ 27/7,N,114,RG02199,1,
D0057B.mp4,ngày thầy thuốc Việt Nam,B,156,RG02200,1,
D0057N.mp4,ngày thầy thuốc Việt Nam,N,168,RG02201,2,0.265
D0057T.mp4,ngày thầy thuốc Việt Nam,T,168,RG02201,2,0.265
W02339.mp4,ngày xưa,-,114,RG02202,1,
W02334.mp4,ngày đêm,-,114,RG02203,1,
D0384.mp4,ngán,-,165,RG02204,1,
W02346.mp4,ngâm hạt,-,116,RG02205,1,
W02348.mp4,ngân hàng,-,124,RG02206,1,
W02352.mp4,ngây thơ,-,165,RG02207,1,
W02330.mp4,ngã,-,88,RG02208,1,
W02325.mp4,ngã ba,-,217,RG02209,1,
W02387.mp4,ngói,-,139,RG02210,1,
W02392.mp4,ngón chân,-,109,RG02211,1,
W02393.mp4,ngón tay,-,120,RG02212,1,
W02395N.mp4,ngô,N,65,RG02213,2,0.186
W02395T.mp4,ngô,T,65,RG02213,2,0.186
W02401.mp4,ngôn ngữ,-,109,RG02214,1,
W04073.mp4,ngôn ngữ kí hiệu,-,110,RG02215,1,
W02391.mp4,ngõ,-,132,RG02216,1,
W02342.mp4,ngăn chặn,-,213,RG02217,1,
W02340.mp4,ngăn cản,-,194,RG02218,1,
W02402B.mp4,ngũ quả,B,101,RG02219,1,
W02402N.mp4,ngũ quả,N,118,RG02220,2,0.207
W02402T.mp4,ngũ quả,T,118,RG02220,2,0.207
W02422.mp4,ngước nhìn,-,151,RG02221,1,
W02426.mp4,người bán hàng,-,145,RG02222,1,
W02428.mp4,người gửi,-,129,RG02223,1,
W02430B.mp4,người lái xe (ô tô),B,103,RG02224,1,
W02430N.mp4,người lái xe (ô tô),N,108,RG02225,2,0.188
W02430T.mp4,người lái xe (ô tô),T,108,RG02225,2,0.188
W02431.mp4,người lạ,-,110,RG02226,1,
W02432.mp4,người máy,-,109,RG02227,1,
W02433.mp4,người nhận,-,120,RG02228,1,
D0013.mp4,người nước ngoài,-,114,RG02229,1,
W02435B.mp4,người quen,B,115,RG02230,1,
W02435N.mp4,người quen,N,85,RG02231,2,0.253
W02435T.mp4,người quen,T,85,RG02231,2,0.253
W02438B.mp4,người xưa,B,106,RG02232,1,
W02438N.mp4,người xưa,N,85,RG02233,1,
W02438T.mp4,người xưa,T,156,RG02234,1,
W02437B.mp4,người xấu,B,113,RG02235,1,
W02437N.mp4,người xấu,N,91,RG02236,2,0.193
W02437T.mp4,người xấu,T,91,RG02236,2,0.193
W02439B.mp4,người yêu,B,181,RG02237,1,
W02439N.mp4,người yêu,N,74,RG02238,1,
W02439T.mp4,người yêu,T,104,RG02239,1,
W02440.mp4,ngưỡng mộ,-,117,RG02240,1,
W02424.mp4,ngược lại,-,139,RG02241,1,
W02423.mp4,ngược đãi,-,107,RG02242,1,
W02332.mp4,ngạc nhiên,-,87,RG02243,1,
W02349.mp4,ngẩng đầu,-,113,RG02244,1,
W02350.mp4,ngập lụt,-,125,RG02245,1,
D0201.mp4,ngập ngừng,-,158,RG02246,1,
W02343.mp4,ngắn,-,112,RG02247,1,
W02344.mp4,ngắn nhất,-,103,RG02248,1,
W02345B.mp4,ngắt hoa,B,115,RG02249,1,
W02345N.mp4,ngắt hoa,N,80,RG02250,1,
W02394B.mp4,ngọn cây,B,120,RG02251,1,
W02394N.mp4,ngọn cây,N,74,RG02252,2,0.264
W02394T.mp4,ngọn cây,T,74,RG02252,2,0.264
W02400B.mp4,ngồi,B,95,RG02253,2,0.243
W02400T.mp4,ngồi,T,95,RG02253,2,0.243
W02400N.mp4,ngồi,N,68,RG02254,1,
W02399.mp4,ngộ nghĩnh,-,170,RG02255,1,
W02398.mp4,ngộ độc,-,107,RG02256,1,
D0179.mp4,ngừng lại,-,152,RG02257,1,
W03327B.mp4,ngữ pháp,B,88,RG02258,1,
W03327N.mp4,ngữ pháp,N,102,RG02259,2,0.204
W03327T.mp4,ngữ pháp,T,102,RG02259,2,0.204
W02421.mp4,ngữ điệu,-,97,RG02260,1,
W02462.mp4,nhanh nhẹn,-,102,RG02261,1,
W02495.mp4,nhi đồng,-,72,RG02262,1,
W02498.mp4,nhiều hơn,-,100,RG02263,1,
W03865.mp4,nhiều vô cùng,-,114,RG02264,1,
W02497B.mp4,nhiệt kế,B,112,RG02265,2,0.24
W02497T.mp4,nhiệt kế,T,112,RG02265,2,0.24
W02497N.mp4,nhiệt kế,N,131,RG02266,1,
W01298.mp4,nhiệt độ,-,95,RG02267,1,
W02508.mp4,nhu cầu,-,122,RG02268,1,
W02441.mp4,nhà bác học,-,131,RG02269,1,
W02443.mp4,nhà cửa,-,113,RG02270,1,
D0379.mp4,nhà kho,-,121,RG02271,1,
W01075B.mp4,nhà nước,B,107,RG02272,1,
W01075N.mp4,nhà nước,N,106,RG02273,2,0.18
W01075T.mp4,nhà nước,T,106,RG02273,2,0.18
D0313.mp4,nhà rông,-,112,RG02274,1,
W02447.mp4,nhà sàn,-,121,RG02275,1,
W02449.mp4,nhà thơ,-,114,RG02276,1,
W02450.mp4,nhà thờ,-,151,RG02277,1,
W02451.mp4,nhà thờ Đức Bà,-,131,RG02278,1,
W02453.mp4,nhà toán học,-,128,RG02279,1,
W02455B.mp4,nhà trường,B,113,RG02280,1,
W02455N.mp4,nhà trường,N,104,RG02281,2,0.195
W02455T.mp4,nhà trường,T,104,RG02281,2,0.195
W02456.mp4,nhà tù,-,112,RG02282,1,
W02448.mp4,nhà tầng,-,123,RG02283,1,
D0470B.mp4,nhà văn hóa,B,127,RG02284,1,
D0470N.mp4,nhà văn hóa,N,101,RG02285,2,0.258
D0470T.mp4,nhà văn hóa,T,101,RG02285,2,0.258
D0485.mp4,nhà vệ sinh,-,119,RG02286,1,
W02463.mp4,nhào lộn,-,126,RG02287,1,
W02464.mp4,nhát gan,-,95,RG02288,1,
W02468.mp4,nháy mắt,-,90,RG02289,1,
W02473B.mp4,nhân (Toán học),B,78,RG02290,1,
W02473N.mp4,nhân (Toán học),N,78,RG02291,2,0.298
W02473T.mp4,nhân (Toán học),T,78,RG02291,2,0.298
W02477.mp4,nhân chứng,-,153,RG02292,1,
W02476.mp4,nhân cách hoá,-,122,RG02293,1,
W02478.mp4,nhân dân,-,122,RG02294,1,
W02479B.mp4,nhân hậu,B,110,RG02295,1,
W02479N.mp4,nhân hậu,N,84,RG02296,2,0.288
W02479T.mp4,nhân hậu,T,84,RG02296,2,0.288
D0004.mp4,nhân viên,-,125,RG02297,1,
W02481.mp4,nhân vật,-,109,RG02298,1,
W02461B.mp4,nhãn vở,B,110,RG02299,1,
W02461N.mp4,nhãn vở,N,151,RG02300,1,
W02461T.mp4,nhãn vở,T,142,RG02301,1,
W02499.mp4,nhìn,-,168,RG02302,1,
W02503.mp4,nhóm,-,117,RG02303,1,
D0265.mp4,nhõng nhẽo,-,99,RG02304,1,
D0453.mp4,nhút nhát,-,144,RG02305,1,
W02471.mp4,nhăn mặt,-,152,RG02306,1,
W02513.mp4,như hình với bóng,-,124,RG02307,1,
D0242B.mp4,nhưng,B,110,RG02308,2,0.163
D0242T.mp4,nhưng,T,110,RG02308,2,0.163
D0242N.mp4,nhưng,N,89,RG02309,1,
W02515.mp4,nhường nhịn,-,135,RG02310,1,
W02514.mp4,nhược điểm,-,126,RG02311,1,
W02469.mp4,nhạy cảm,-,129,RG02312,1,
D0292.mp4,nhảy bao bố,-,133,RG02313,1,
W02465.mp4,nhảy cao,-,122,RG02314,1,
W02466.mp4,nhảy dù,-,168,RG02315,1,
D0293.mp4,nhảy lò cò,-,123,RG02316,1,
W02467.mp4,nhảy múa,-,128,RG02317,1,
D0092.mp4,nhấn mạnh,-,106,RG02318,1,
W02488.mp4,nhấp nháy,-,135,RG02319,1,
D0060B.mp4,nhầm,B,87,RG02320,1,
D0060N.mp4,nhầm,N,108,RG02321,2,0.241
D0060T.mp4,nhầm,T,108,RG02321,2,0.241
W02485.mp4,nhận,-,85,RG02322,1,
W02483.mp4,nhận hàng,-,135,RG02323,1,
W02486.mp4,nhận thức,-,94,RG02324,1,
W02487.mp4,nhận xét,-,129,RG02325,1,
D0014.mp4,nhập khẩu,-,137,RG02326,1,
W01259B.mp4,nhập ngũ,B,104,RG02327,1,
W01259N.mp4,nhập ngũ,N,137,RG02328,1,
W01259T.mp4,nhập ngũ,T,94,RG02329,1,
W02490B.mp4,nhập trường,B,105,RG02330,1,
W02490N.mp4,nhập trường,N,94,RG02331,2,0.237
W02490T.mp4,nhập trường,T,94,RG02331,2,0.237
W02470.mp4,nhắc nhở,-,106,RG02332,1,
D0433.mp4,nhắm mắt,-,122,RG02333,1,
W02472.mp4,nhặt rau,-,114,RG02334,1,
W02493.mp4,nhẹ hơn,-,123,RG02335,1,
W02494.mp4,nhẹ nhàng,-,137,RG02336,1,
W02504.mp4,nhọn,-,153,RG02337,1,
W02505.mp4,nhọn hoắt,-,66,RG02338,1,
W02501.mp4,nhỏ hơn,-,133,RG02339,1,
W02502.mp4,nhỏ tuổi,-,117,RG02340,1,
W02500.mp4,nhỏ/ nhỏ bé,-,123,RG02341,1,
W02506.mp4,nhổ củ cải,-,130,RG02342,1,
D0275.mp4,nhổ lông mày,-,108,RG02343,1,
D0274.mp4,nhổ râu,-,84,RG02344,1,
D0277.mp4,nhổ răng,-,101,RG02345,1,
D0273.mp4,nhổ tóc,-,133,RG02346,1,
D0301.mp4,nhộn nhịp (đông người),-,138,RG02347,1,
W02512.mp4,nhụy hoa,-,94,RG02348,1,
W02517.mp4,niềm vui,-,114,RG02349,1,
W02520B.mp4,no,B,118,RG02350,1,
W02520N.mp4,no,N,120,RG02351,1,
W02520T.mp4,no,T,105,RG02352,1,
W02291.mp4,náo nức,-,83,RG02353,1,
W02290.mp4,"náo động, náo nhiệt",-,120,RG02354,1,
W02305.mp4,nén,-,113,RG02355,1,
W02311.mp4,nét mặt,-,130,RG02356,1,
D0123B.mp4,nên không?,B,96,RG02357,1,
D0123N.mp4,nên không?,N,67,RG02358,2,0.238
D0123T.mp4,nên không?,T,67,RG02358,2,0.238
W02522.mp4,nóc nhà,-,124,RG02359,1,
W02523.mp4,nói chuyện,-,135,RG02360,1,
W02524.mp4,nói dối,-,135,RG02361,1,
W02526.mp4,nói leo,-,110,RG02362,1,
D0202.mp4,nói ngập ngừng,-,147,RG02363,1,
W02527.mp4,nón,-,112,RG02364,1,
D0125.mp4,nóng tính,-,126,RG02365,1,
W02528.mp4,nô lệ,-,142,RG02366,1,
W02544.mp4,nông nghiệp,-,127,RG02367,1,
W02546.mp4,nông thôn,-,128,RG02368,1,
D0193.mp4,núi cao,-,161,RG02369,1,
W02551.mp4,núi lửa,-,141,RG02370,1,
D0194.mp4,núi thấp,-,108,RG02371,1,
D0150.mp4,năm là,-,110,RG02372,1,
W02294.mp4,năm ngoái,-,113,RG02373,1,
D0349.mp4,năm tới,-,111,RG02374,1,
D0261.mp4,năn nỉ,-,122,RG02375,1,
W02297.mp4,năng khiếu,-,122,RG02376,1,
W02298.mp4,năng lực,-,110,RG02377,1,
W02549.mp4,nơ,-,147,RG02378,1,
W02550.mp4,nơi chốn,-,139,RG02379,1,
W02555B.mp4,nước Việt nam,B,110,RG02380,1,
W02555N.mp4,nước Việt nam,N,71,RG02381,2,0.256
W02555T.mp4,nước Việt nam,T,71,RG02381,2,0.256
D0457.mp4,nước mắm,-,114,RG02382,1,
W02554.mp4,nước mắt,-,156,RG02383,1,
W03728.mp4,nước tương (xì dầu),-,118,RG02384,1,
W00648.mp4,nước tới chân mới nhảy,-,248,RG02385,1,
D0395.mp4,"nước ép (cam, cà chua,..)",-,102,RG02386,1,
D0396B.mp4,nước ép trái cây,B,142,RG02387,1,
D0396N.mp4,nước ép trái cây,N,151,RG02388,2,0.276
D0396T.mp4,nước ép trái cây,T,151,RG02388,2,0.276
D0374.mp4,nướng,-,95,RG02389,1,
W02289.mp4,nạn nhân,-,96,RG02390,1,
W02292B.mp4,nạp điện,B,118,RG02391,1,
W02292N.mp4,nạp điện,N,79,RG02392,2,0.237
W02292T.mp4,nạp điện,T,79,RG02392,2,0.237
W02303.mp4,nấm,-,100,RG02393,1,
D0104.mp4,nấu nướng,-,101,RG02394,1,
W02296.mp4,nắn nót,-,334,RG02395,1,
W02302.mp4,nắp,-,87,RG02396,1,
W02295.mp4,nằm,-,102,RG02397,1,
W02300.mp4,nặn,-,112,RG02398,1,
W02301.mp4,nặng hơn,-,95,RG02399,1,
W02304.mp4,nẻ,-,114,RG02400,1,
W02321.mp4,nếm,-,109,RG02401,1,
W02323.mp4,nến,-,106,RG02402,1,
W02322.mp4,nền nhà,-,112,RG02403,1,
W02521.mp4,nỏ,-,169,RG02404,1,
W02539.mp4,nối tiếp,-,138,RG02405,1,
W02548.mp4,nốt ruồi,-,102,RG02406,1,
W02532.mp4,nồi,-,103,RG02407,1,
W02534.mp4,nồi cơm điện,-,153,RG02408,1,
W02529.mp4,nổ lốp xe,-,108,RG02409,1,
W02530.mp4,nổ mìn,-,107,RG02410,1,
W02531.mp4,nổ súng,-,135,RG02411,1,
W02535.mp4,nổi bật,-,81,RG02412,1,
D0018.mp4,nổi da gà,-,143,RG02413,1,
W02536.mp4,nổi dậy,-,107,RG02414,1,
W02537.mp4,nổi giận,-,110,RG02415,1,
W02538.mp4,nổi nóng,-,118,RG02416,1,
W02540B.mp4,nội dung,B,92,RG02417,1,
W02540N.mp4,nội dung,N,65,RG02418,2,0.15
W02540T.mp4,nội dung,T,65,RG02418,2,0.15
W02541.mp4,nội quy,-,112,RG02419,1,
W02542.mp4,nội tiếp,-,126,RG02420,1,
D0222.mp4,nứt nẻ (ruộng),-,134,RG02421,1,
D0506.mp4,o,-,73,RG02422,1,
D0509B.mp4,p,B,96,RG02423,1,
D0509N.mp4,p,N,68,RG02424,2,0.228
D0509T.mp4,p,T,68,RG02424,2,0.228
W02585.mp4,pha chế,-,108,RG02425,1,
W02584.mp4,pha cà phê,-,145,RG02426,1,
W02586.mp4,pha lê,-,113,RG02427,1,
W02602.mp4,phao,-,115,RG02428,1,
W02645.mp4,phi công,-,130,RG02429,1,
W02647.mp4,phi ngựa,-,111,RG02430,1,
W02648.mp4,phi tiêu,-,133,RG02431,1,
W02656B.mp4,phim hoạt hình,B,107,RG02432,1,
W02656N.mp4,phim hoạt hình,N,92,RG02433,1,
W02656T.mp4,phim hoạt hình,T,137,RG02434,1,
W02658B.mp4,phim truyện,B,86,RG02435,2,0.221
W02658T.mp4,phim truyện,T,86,RG02435,2,0.221
W02658N.mp4,phim truyện,N,78,RG02436,1,
W02657.mp4,phim tài liệu,-,119,RG02437,1,
W02651B.mp4,phiên dịch,B,111,RG02438,2,0.261
W02651T.mp4,phiên dịch,T,111,RG02438,2,0.261
W02651N.mp4,phiên dịch,N,96,RG02439,1,
D0211.mp4,phiền hà,-,114,RG02440,1,
W02660.mp4,phong bì,-,252,RG02441,1,
W02661.mp4,phong cách,-,113,RG02442,1,
W02662.mp4,phong kiến,-,114,RG02443,1,
D0475.mp4,phong toả,-,116,RG02444,1,
W02665.mp4,phong trào,-,117,RG02445,1,
W02666.mp4,phong tục,-,115,RG02446,1,
W02710.mp4,phun nước,-,91,RG02447,1,
W02587.mp4,phà,-,133,RG02448,1,
W02589B.mp4,phá,B,135,RG02449,1,
W02589N.mp4,phá,N,112,RG02450,2,0.209
W02589T.mp4,phá,T,112,RG02450,2,0.209
W02605.mp4,pháo hoa,-,94,RG02451,1,
W02606.mp4,pháo sáng,-,117,RG02452,1,
W01079.mp4,pháo đài,-,116,RG02453,1,
W02608.mp4,phát biểu,-,85,RG02454,1,
W02610.mp4,phát hiện,-,75,RG02455,1,
W02609.mp4,phát động,-,92,RG02456,1,
D0322.mp4,phân biệt,-,87,RG02457,1,
W02614.mp4,phân công,-,96,RG02458,1,
W02615.mp4,phân loại,-,160,RG02459,1,
W02616.mp4,phân số,-,111,RG02460,1,
W02618.mp4,phân số thập phân,-,143,RG02461,1,
W02619.mp4,phân số tối giản,-,114,RG02462,1,
W02620.mp4,phân tích,-,123,RG02463,1,
D0227.mp4,phân vân,-,148,RG02464,1,
W02640.mp4,phép mầu,-,126,RG02465,1,
W02641.mp4,phép tính,-,89,RG02466,1,
W02643.mp4,phê bình,-,102,RG02467,1,
W02649.mp4,phích nước,-,127,RG02468,1,
W02668.mp4,phòng bệnh,-,119,RG02469,1,
W02669.mp4,phòng chống,-,103,RG02470,1,
W02670.mp4,phòng chức năng,-,80,RG02471,1,
W02675.mp4,phòng học tin học,-,121,RG02472,1,
W02677.mp4,phòng máy tính,-,102,RG02473,1,
W02678.mp4,phòng mĩ thuật,-,133,RG02474,1,
W02679.mp4,phòng thí nghiệm,-,110,RG02475,1,
W02680.mp4,phòng thư viện,-,117,RG02476,1,
W02682.mp4,phòng y tế,-,123,RG02477,1,
W02667.mp4,phòng âm nhạc,-,100,RG02478,1,
W02672.mp4,phòng đa năng,-,98,RG02479,1,
D0214B.mp4,phó hiệu trưởng,B,119,RG02480,1,
D0214N.mp4,phó hiệu trưởng,N,124,RG02481,2,0.256
D0214T.mp4,phó hiệu trưởng,T,124,RG02481,2,0.256
D0469.mp4,phóng viên,-,177,RG02482,1,
W02685.mp4,phô tô,-,95,RG02483,1,
W02699.mp4,phù hợp,-,108,RG02484,1,
W02698.mp4,phơi quần áo,-,116,RG02485,1,
D0009.mp4,phương Tây,-,99,RG02486,1,
W02713.mp4,phương hướng,-,100,RG02487,1,
W02714.mp4,phương pháp,-,108,RG02488,1,
W02715.mp4,phương tiện,-,103,RG02489,1,
W02716B.mp4,phương tiện giao thông,B,100,RG02490,2,0.431
W02716T.mp4,phương tiện giao thông,T,100,RG02490,2,0.431
W02716N.mp4,phương tiện giao thông,N,95,RG02491,1,
D0010.mp4,phương Đông,-,126,RG02492,1,
D0120B.mp4,phải không?,B,113,RG02493,2,0.243
D0120T.mp4,phải không?,T,113,RG02493,2,0.243
D0120N.mp4,phải không?,N,113,RG02494,1,
W02597B.mp4,phản bội,B,149,RG02495,1,
W02597N.mp4,phản bội,N,100,RG02496,2,0.213
W02597T.mp4,phản bội,T,100,RG02496,2,0.213
W02600.mp4,phản xạ,-,130,RG02497,1,
W02598.mp4,phản động,-,92,RG02498,1,
W02630B.mp4,phấn (viết bảng),B,118,RG02499,2,0.247
W02630T.mp4,phấn (viết bảng),T,118,RG02499,2,0.247
W02630N.mp4,phấn (viết bảng),N,77,RG02500,1,
W02634.mp4,phấn trang điểm,-,100,RG02501,1,
W02631.mp4,phấn đấu,-,102,RG02502,1,
W02635.mp4,phấp phới,-,83,RG02503,1,
W02628.mp4,phần trăm,-,103,RG02504,1,
D0365.mp4,phẫu thuật bụng,-,110,RG02505,1,
D0361.mp4,phẫu thuật chân,-,124,RG02506,1,
D0364.mp4,phẫu thuật cổ,-,98,RG02507,1,
D0363.mp4,phẫu thuật mũi,-,81,RG02508,1,
D0362.mp4,phẫu thuật mắt,-,105,RG02509,1,
D0360.mp4,phẫu thuật tay,-,115,RG02510,1,
W02637.mp4,phật (tượng),-,147,RG02511,1,
W02644.mp4,phễu,-,165,RG02512,1,
W02689.mp4,phố,-,76,RG02513,1,
W02690.mp4,phố cổ,-,129,RG02514,1,
W02691.mp4,phố cổ Hội an,-,146,RG02515,1,
W02686.mp4,phổ biến,-,97,RG02516,1,
W02693.mp4,phổi,-,114,RG02517,1,
W02696B.mp4,phở,B,93,RG02518,1,
W02696N.mp4,phở,N,71,RG02519,2,0.211
W02696T.mp4,phở,T,71,RG02519,2,0.211
W02697B.mp4,phở cuốn,B,89,RG02520,1,
W02697N.mp4,phở cuốn,N,92,RG02521,2,0.234
W02697T.mp4,phở cuốn,T,92,RG02521,2,0.234
W02704.mp4,phụ huynh,-,124,RG02522,1,
D0352.mp4,phụ thuộc,-,113,RG02523,1,
W02707.mp4,phục hồi,-,130,RG02524,1,
W02709.mp4,phục vụ,-,110,RG02525,1,
W02701.mp4,phủ nhận,-,182,RG02526,1,
W02712.mp4,phức tạp,-,84,RG02527,1,
W02718.mp4,pi-a-nô (dương cầm),-,103,RG02528,1,
D0510.mp4,q,-,82,RG02529,1,
D0233.mp4,quan (chức vụ),-,118,RG02530,1,
W02763.mp4,quan hệ,-,123,RG02531,1,
D0231.mp4,quan hệ từ,-,99,RG02532,1,
D0256.mp4,quan sát,-,126,RG02533,1,
W02766.mp4,quan trọng,-,85,RG02534,1,
W02765.mp4,quan tâm,-,111,RG02535,1,
W02762.mp4,quan điểm,-,107,RG02536,1,
W02769.mp4,quang hợp,-,110,RG02537,1,
D0246.mp4,quanh năm,-,148,RG02538,1,
W02778.mp4,quay cóp,-,93,RG02539,1,
W02779.mp4,quay phim,-,95,RG02540,1,
W02810.mp4,quy nạp,-,101,RG02541,1,
W02811.mp4,quy tắc,-,121,RG02542,1,
W02808.mp4,quy định,-,86,RG02543,1,
W02809.mp4,quy đồng mẫu số,-,94,RG02544,1,
D0334.mp4,quyên góp,-,108,RG02545,1,
D0164.mp4,quyến luyến,-,142,RG02546,1,
W02820B.mp4,quyết tâm,B,85,RG02547,1,
W02820N.mp4,quyết tâm,N,81,RG02548,2,0.262
W02820T.mp4,quyết tâm,T,81,RG02548,2,0.262
W02814B.mp4,quyết định,B,93,RG02549,2,0.248
W02814T.mp4,quyết định,T,93,RG02549,2,0.248
W02814N.mp4,quyết định,N,99,RG02550,1,
W02813B.mp4,quyền lợi,B,93,RG02551,2,0.222
W02813T.mp4,quyền lợi,T,93,RG02551,2,0.222
W02813N.mp4,quyền lợi,N,89,RG02552,1,
W02818B.mp4,quyển vở,B,80,RG02553,1,
W02818N.mp4,quyển vở,N,73,RG02554,2,0.296
W02818T.mp4,quyển vở,T,73,RG02554,2,0.296
W02780.mp4,quà,-,101,RG02555,1,
W02771.mp4,quàng khăn,-,126,RG02556,1,
W02761.mp4,quá cảnh,-,97,RG02557,1,
W02776.mp4,quát mắng,-,106,RG02558,1,
W02784B.mp4,quân đội,B,90,RG02559,1,
W02784N.mp4,quân đội,N,72,RG02560,1,
W02794.mp4,quét dọn,-,98,RG02561,1,
W02795.mp4,quét nhà,-,82,RG02562,1,
W02797B.mp4,quê,B,84,RG02563,1,
W02797N.mp4,quê,N,155,RG02564,2,0.234
W02797T.mp4,quê,T,155,RG02564,2,0.234
W02798.mp4,quên,-,106,RG02565,1,
W02812.mp4,quý giá,-,124,RG02566,1,
W02816.mp4,quý hiếm,-,97,RG02567,1,
W02777.mp4,quạt cây,-,114,RG02568,1,
W02783.mp4,quạt treo tường,-,138,RG02569,1,
W03560.mp4,quạt trần,-,141,RG02570,1,
W02721.mp4,quả,-,97,RG02571,1,
W02724B.mp4,quả bưởi,B,98,RG02572,1,
W02724N.mp4,quả bưởi,N,69,RG02573,2,0.191
W02724T.mp4,quả bưởi,T,69,RG02573,2,0.191
W02722.mp4,quả bầu,-,120,RG02574,1,
D0145.mp4,quả bầu hồ lô,-,110,RG02575,1,
W02725.mp4,quả cam,-,126,RG02576,1,
W02728.mp4,quả chanh,-,104,RG02577,1,
W02730.mp4,quả chuối,-,118,RG02578,1,
W02729.mp4,quả chôm chôm,-,112,RG02579,1,
W02731B.mp4,quả dưa hấu,B,81,RG02580,2,0.255
W02731T.mp4,quả dưa hấu,T,81,RG02580,2,0.255
W02731N.mp4,quả dưa hấu,N,89,RG02581,1,
W02732B.mp4,quả dừa,B,95,RG02582,1,
W02732N.mp4,quả dừa,N,65,RG02583,2,0.134
W02732T.mp4,quả dừa,T,65,RG02583,2,0.134
W02733B.mp4,quả dừa xiêm,B,116,RG02584,1,
W02733N.mp4,quả dừa xiêm,N,121,RG02585,2,0.231
W02733T.mp4,quả dừa xiêm,T,121,RG02585,2,0.231
W02739.mp4,quả gấc,-,99,RG02586,1,
W02740.mp4,quả hồng,-,74,RG02587,1,
W02741.mp4,quả hồng xiêm,-,133,RG02588,1,
W02742B.mp4,quả khế,B,98,RG02589,1,
W02742N.mp4,quả khế,N,108,RG02590,2,0.276
W02742T.mp4,quả khế,T,108,RG02590,2,0.276
W02744.mp4,quả lê,-,123,RG02591,1,
W02745.mp4,quả mít,-,126,RG02592,1,
W02746.mp4,quả mướp,-,97,RG02593,1,
W02747.mp4,quả na,-,107,RG02594,1,
W02749.mp4,quả nho,-,90,RG02595,1,
W02748B.mp4,quả nhãn,B,96,RG02596,1,
W02748N.mp4,quả nhãn,N,76,RG02597,2,0.275
W02748T.mp4,quả nhãn,T,76,RG02597,2,0.275
W02753.mp4,quả quýt,-,92,RG02598,1,
W02752.mp4,quả quất,-,127,RG02599,1,
W02754B.mp4,quả roi,B,89,RG02600,1,
W02754N.mp4,quả roi,N,79,RG02601,2,0.285
W02754T.mp4,quả roi,T,79,RG02601,2,0.285
W02756.mp4,quả su su,-,126,RG02602,1,
W02755.mp4,quả sầu riêng,-,95,RG02603,1,
W02758.mp4,quả thanh long,-,103,RG02604,1,
W02757B.mp4,quả táo,B,97,RG02605,1,
W02757N.mp4,quả táo,N,70,RG02606,1,
W02759.mp4,quả vải,-,126,RG02607,1,
W02760.mp4,quả xoài,-,115,RG02608,1,
W01211.mp4,quả điều,-,103,RG02609,1,
W01211N.mp4,quả điều,N,125,RG02610,1,
W02737B.mp4,quả đu đủ,B,81,RG02611,1,
W02737N.mp4,quả đu đủ,N,175,RG02612,1,
W02737T.mp4,quả đu đủ,T,267,RG02613,1,
W02734.mp4,quả đất,-,95,RG02614,1,
W02735.mp4,quả địa cầu,-,119,RG02615,1,
W02750.mp4,quả ổi,-,108,RG02616,1,
W02751.mp4,quả ớt,-,83,RG02617,1,
W02773.mp4,quảng cáo,-,103,RG02618,1,
W02787B.mp4,quần bò,B,94,RG02619,1,
W02787N.mp4,quần bò,N,95,RG02620,2,0.273
W02787T.mp4,quần bò,T,95,RG02620,2,0.273
W02789.mp4,quần yếm,-,139,RG02621,1,
W02786.mp4,quần âu,-,109,RG02622,1,
W02788.mp4,quần đùi,-,100,RG02623,1,
W02790B.mp4,quận,B,102,RG02624,1,
W02790N.mp4,quận,N,71,RG02625,2,0.275
W02790T.mp4,quận,T,71,RG02625,2,0.275
W02799.mp4,quốc ca,-,114,RG02626,1,
W02800.mp4,quốc gia,-,102,RG02627,1,
W02801.mp4,quốc hội,-,117,RG02628,1,
W02802.mp4,quốc khánh,-,108,RG02629,1,
W02805.mp4,quốc tế,-,121,RG02630,1,
W02815.mp4,quỳ,-,115,RG02631,1,
D0511.mp4,r,-,64,RG02632,1,
W02823.mp4,ra lệnh,-,121,RG02633,1,
W02825B.mp4,ra ngoài,B,95,RG02634,1,
W02825N.mp4,ra ngoài,N,77,RG02635,2,0.131
W02825T.mp4,ra ngoài,T,77,RG02635,2,0.131
W02835.mp4,rau,-,91,RG02636,1,
W02836.mp4,rau bắp cải,-,105,RG02637,1,
W02837.mp4,rau cải,-,145,RG02638,1,
W02839.mp4,rau cải thảo,-,112,RG02639,1,
D0329.mp4,rau diếp cá,-,83,RG02640,1,
W02841.mp4,rau dền,-,95,RG02641,1,
W02844.mp4,rau mùng tơi,-,103,RG02642,1,
D0330.mp4,rau ngò/rau mùi,-,101,RG02643,1,
W02845.mp4,rau ngót,-,116,RG02644,1,
W02855.mp4,reo hò,-,103,RG02645,1,
D0289.mp4,ria mép,-,97,RG02646,1,
W02860.mp4,riêng biệt,-,121,RG02647,1,
W02861.mp4,riêng tư,-,105,RG02648,1,
W02867.mp4,rong biển,-,115,RG02649,1,
W02868B.mp4,rong chơi,B,101,RG02650,2,0.209
W02868T.mp4,rong chơi,T,101,RG02650,2,0.209
W02868N.mp4,rong chơi,N,81,RG02651,1,
W02876.mp4,ru ngủ,-,124,RG02652,1,
W02878.mp4,ruộng bậc thang,-,110,RG02653,1,
W02879.mp4,ruột già,-,92,RG02654,1,
W02880.mp4,ruột non,-,94,RG02655,1,
W02832.mp4,rào chắn,-,139,RG02656,1,
W02828.mp4,rách,-,111,RG02657,1,
W02851.mp4,râu,-,123,RG02658,1,
W02854.mp4,rèn luyện,-,151,RG02659,1,
W02853.mp4,rèn sắt,-,98,RG02660,1,
W02862.mp4,rình mò,-,100,RG02661,1,
W02863.mp4,rìu,-,197,RG02662,1,
W02865N.mp4,róc rách,N,83,RG02663,1,
W02866.mp4,rón rén,-,97,RG02664,1,
W02864B.mp4,rõ ràng,B,82,RG02665,2,0.242
W02864T.mp4,rõ ràng,T,82,RG02665,2,0.242
W02883.mp4,rút gọn,-,109,RG02666,1,
W02884.mp4,rút gọn phân số,-,114,RG02667,1,
W02848.mp4,răng,-,116,RG02668,1,
W02849.mp4,răng cưa,-,120,RG02669,1,
D0278.mp4,răng hô,-,103,RG02670,1,
D0279.mp4,răng khểnh,-,99,RG02671,1,
W02874.mp4,rơi,-,103,RG02672,1,
W02875.mp4,rơm,-,113,RG02673,1,
W01297.mp4,rơm rớm,-,107,RG02674,1,
W02895.mp4,rước đèn,-,111,RG02675,1,
W02897B.mp4,rưỡi,B,107,RG02676,2,0.197
W02897T.mp4,rưỡi,T,107,RG02676,2,0.197
W02897N.mp4,rưỡi,N,99,RG02677,1,
W02898B.mp4,rượu,B,106,RG02678,1,
W02898N.mp4,rượu,N,101,RG02679,2,0.246
W02898T.mp4,rượu,T,101,RG02679,2,0.246
W02831.mp4,rạch,-,96,RG02680,1,
W02833.mp4,rạp chiếu phim,-,117,RG02681,1,
D0263.mp4,rắc rối,-,151,RG02682,1,
W02847B.mp4,rằm trung thu,B,111,RG02683,1,
W02847N.mp4,rằm trung thu,N,87,RG02684,2,0.271
W02847T.mp4,rằm trung thu,T,87,RG02684,2,0.271
W02852.mp4,rẽ phải,-,114,RG02685,1,
W02859.mp4,rế,-,88,RG02686,1,
W02857.mp4,rễ chùm,-,128,RG02687,1,
W02856.mp4,rễ cây,-,129,RG02688,1,
W02858.mp4,rễ cọc,-,88,RG02689,1,
W02870.mp4,rổ,-,87,RG02690,1,
W02872.mp4,rộng lớn,-,99,RG02691,1,
W02873.mp4,rộng rãi,-,100,RG02692,1,
W02877.mp4,rụng tóc (đt),-,115,RG02693,1,
W02892.mp4,rừng núi,-,124,RG02694,1,
W02893.mp4,rừng rậm,-,100,RG02695,1,
W02894.mp4,rừng thưa,-,112,RG02696,1,
W02885.mp4,rửa bát,-,108,RG02697,1,
D0412.mp4,rửa chân,-,92,RG02698,1,
W02886.mp4,rửa chân,-,107,RG02699,1,
D0413.mp4,rửa mặt,-,129,RG02700,1,
W02887.mp4,rửa mặt,-,91,RG02701,1,
W02888.mp4,rửa tay,-,104,RG02702,1,
D0107.mp4,rực rỡ,-,163,RG02703,1,
D0512.mp4,s,-,73,RG02704,1,
D0191.mp4,sa mạc,-,169,RG02705,1,
W01324.mp4,sa thải,-,82,RG02706,1,
W02903.mp4,san hô,-,128,RG02707,1,
W02906.mp4,san sẻ,-,101,RG02708,1,
W02919N.mp4,sao,N,88,RG02709,2,0.203
W02919T.mp4,sao,T,88,RG02709,2,0.203
W02921.mp4,sao chép,-,88,RG02710,1,
W02926.mp4,sau,-,101,RG02711,1,
W02927.mp4,say sưa,-,141,RG02712,1,
W02955.mp4,sinh hoạt,-,108,RG02713,1,
W02956B.mp4,sinh sản,B,110,RG02714,1,
W02956N.mp4,sinh sản,N,67,RG02715,2,0.259
W02956T.mp4,sinh sản,T,67,RG02715,2,0.259
W02957.mp4,sinh sống,-,87,RG02716,1,
W02958.mp4,sinh tố,-,89,RG02717,1,
D0397.mp4,"sinh tố (bơ, dâu,..)",-,125,RG02718,1,
W02960.mp4,sinh vật,-,118,RG02719,1,
D0423B.mp4,sinh đôi,B,103,RG02720,2,0.262
D0423T.mp4,sinh đôi,T,103,RG02720,2,0.262
D0423N.mp4,sinh đôi,N,99,RG02721,1,
W02953B.mp4,sinh đẻ,B,135,RG02722,1,
W02953N.mp4,sinh đẻ,N,93,RG02723,2,0.286
W02953T.mp4,sinh đẻ,T,93,RG02723,2,0.286
W02954.mp4,sinh động,-,108,RG02724,1,
W02948.mp4,siêng năng,-,124,RG02725,1,
W02951.mp4,siêu thị,-,127,RG02726,1,
W02952.mp4,siêu tốc,-,101,RG02727,1,
W02949.mp4,siêu âm,-,104,RG02728,1,
W02962.mp4,soi,-,97,RG02729,1,
W02964.mp4,son môi,-,135,RG02730,1,
W02965.mp4,song song,-,89,RG02731,1,
W03023.mp4,sum họp,-,136,RG02732,1,
W03025N.mp4,suy nghĩ,N,81,RG02733,1,
W03025T.mp4,suy nghĩ,T,122,RG02734,1,
D0186.mp4,suy ra (Toán học),-,209,RG02735,1,
D0072B.mp4,suýt,B,94,RG02736,1,
D0072N.mp4,suýt,N,100,RG02737,2,0.252
D0072T.mp4,suýt,T,100,RG02737,2,0.252
W03024.mp4,suối,-,83,RG02738,1,
D0071.mp4,suỵt,-,129,RG02739,1,
W02900.mp4,sách,-,96,RG02740,1,
W02901.mp4,sách giáo khoa,-,112,RG02741,1,
W02902.mp4,sách toán,-,103,RG02742,1,
W00024.mp4,sáng,-,70,RG02743,1,
W02915.mp4,sáng chói,-,111,RG02744,1,
W02916.mp4,sáng kiến,-,107,RG02745,1,
W02918.mp4,sáng tạo,-,78,RG02746,1,
W02923.mp4,sáo,-,226,RG02747,1,
W02936B.mp4,sân chơi,B,135,RG02748,2,0.284
W02936T.mp4,sân chơi,T,135,RG02748,2,0.284
W02937.mp4,sân khấu,-,99,RG02749,1,
W02938.mp4,sân nhà,-,113,RG02750,1,
W02939.mp4,sân thượng,-,132,RG02751,1,
W02940B.mp4,sân trường,B,130,RG02752,1,
W02940N.mp4,sân trường,N,106,RG02753,2,0.185
W02940T.mp4,sân trường,T,106,RG02753,2,0.185
W02941.mp4,sân vận động,-,120,RG02754,1,
W02943.mp4,sâu,-,130,RG02755,1,
W02944.mp4,sâu bọ,-,103,RG02756,1,
W02945.mp4,sâu răng,-,94,RG02757,1,
W02946.mp4,sâu thẳm,-,120,RG02758,1,
W02967.mp4,sóng biển,-,98,RG02759,1,
W02968.mp4,sóng thần,-,119,RG02760,1,
W03005.mp4,sông Hồng,-,121,RG02761,1,
W03021.mp4,súc miệng,-,101,RG02762,1,
D0078.mp4,súp,-,131,RG02763,1,
D0079.mp4,súp lơ,-,101,RG02764,1,
W02929.mp4,săn bắn,-,108,RG02765,1,
W02947B.mp4,sĩ diện,B,114,RG02766,1,
W02947N.mp4,sĩ diện,N,98,RG02767,1,
W00590.mp4,sĩ quan,-,86,RG02768,1,
W03011B.mp4,sơ mi,B,81,RG02769,1,
W03011N.mp4,sơ mi,N,99,RG02770,1,
W03011T.mp4,sơ mi,T,132,RG02771,1,
W03010N.mp4,sơ đồ,N,95,RG02772,2,0.266
W03010T.mp4,sơ đồ,T,95,RG02772,2,0.266
W03018.mp4,sơn,-,112,RG02773,1,
W03050.mp4,sương gió,-,110,RG02774,1,
W03051.mp4,sườn,-,100,RG02775,1,
W02912.mp4,sản xuất,-,99,RG02776,1,
W02934.mp4,sấm chớp,-,96,RG02777,1,
W02935.mp4,sấm sét,-,97,RG02778,1,
W02931B.mp4,sắp xếp,B,64,RG02779,1,
W02931N.mp4,sắp xếp,N,78,RG02780,2,0.231
W02931T.mp4,sắp xếp,T,78,RG02780,2,0.231
W02932B.mp4,sắt,B,103,RG02781,1,
W02932N.mp4,sắt,N,96,RG02782,1,
W02932T.mp4,sắt,T,138,RG02783,1,
D0224.mp4,số La Mã (Toán học),-,117,RG02784,1,
W02975.mp4,số bé,-,77,RG02785,1,
W02981.mp4,số chín,-,110,RG02786,1,
W02979.mp4,số chẵn,-,124,RG02787,1,
W02990.mp4,số liền sau,-,121,RG02788,1,
W02991.mp4,số liền trước,-,154,RG02789,1,
W02989.mp4,số lẻ,-,168,RG02790,1,
W02992.mp4,số lớn,-,107,RG02791,1,
W02996.mp4,số thập phân,-,100,RG02792,1,
W02987.mp4,số đo,-,108,RG02793,1,
D0155B.mp4,sống sót,B,108,RG02794,2,0.256
D0155T.mp4,sống sót,T,108,RG02794,2,0.256
D0155N.mp4,sống sót,N,105,RG02795,1,
W03008.mp4,sốt,-,136,RG02796,1,
W02974.mp4,sổ tay,-,124,RG02797,1,
W02972.mp4,sổ điểm danh,-,105,RG02798,1,
W02970.mp4,sổ đầu bài,-,189,RG02799,1,
D0434.mp4,sờ,-,126,RG02800,1,
D0126.mp4,sợ không?,-,233,RG02801,1,
W03014.mp4,sợi,-,109,RG02802,1,
W03015.mp4,sợi chỉ,-,108,RG02803,1,
W03016.mp4,sợi dây,-,114,RG02804,1,
W03017.mp4,sợi len,-,124,RG02805,1,
D0205.mp4,sụp đổ,-,102,RG02806,1,
W03043.mp4,sức khỏe,-,85,RG02807,1,
W03046.mp4,sừng,-,125,RG02808,1,
W03047.mp4,sừng bò,-,78,RG02809,1,
W03048.mp4,sừng trâu,-,98,RG02810,1,
W03034.mp4,sửa chữa,-,95,RG02811,1,
W03042B.mp4,sữa,B,120,RG02812,2,0.243
W03042T.mp4,sữa,T,120,RG02812,2,0.243
W03042N.mp4,sữa,N,122,RG02813,1,
W03036B.mp4,sữa bò,B,114,RG02814,1,
W03036N.mp4,sữa bò,N,81,RG02815,2,0.15
W03036T.mp4,sữa bò,T,81,RG02815,2,0.15
W03037B.mp4,sữa bột,B,133,RG02816,1,
W03037N.mp4,sữa bột,N,93,RG02817,2,0.266
W03037T.mp4,sữa bột,T,93,RG02817,2,0.266
W03038B.mp4,sữa dê,B,91,RG02818,1,
W03038N.mp4,sữa dê,N,77,RG02819,2,0.244
W03038T.mp4,sữa dê,T,77,RG02819,2,0.244
W03040B.mp4,sữa hộp,B,156,RG02820,2,0.273
W03040T.mp4,sữa hộp,T,156,RG02820,2,0.273
W03040N.mp4,sữa hộp,N,103,RG02821,1,
W03041.mp4,sữa rửa mặt,-,113,RG02822,1,
W03039.mp4,sữa đặc,-,96,RG02823,1,
W03031.mp4,sự thật,-,98,RG02824,1,
D0513B.mp4,t,B,86,RG02825,1,
D0513N.mp4,t,N,80,RG02826,1,
D0513T.mp4,t,T,160,RG02827,1,
W03061.mp4,tai,-,90,RG02828,1,
W03062.mp4,tai nạn,-,91,RG02829,1,
W03543.mp4,tai nạn giao thông,-,85,RG02830,1,
W03074.mp4,tam giác,-,113,RG02831,1,
W03089.mp4,taxi,-,103,RG02832,1,
W03090.mp4,tay,-,109,RG02833,1,
D0432B.mp4,tay chân sạch sẽ,B,306,RG02834,2,0.256
D0432T.mp4,tay chân sạch sẽ,T,306,RG02834,2,0.256
D0432N.mp4,tay chân sạch sẽ,N,126,RG02835,1,
W03095.mp4,tay phải,-,95,RG02836,1,
W03097.mp4,tay trái,-,77,RG02837,1,
W03135.mp4,tha,-,98,RG02838,1,
W03136.mp4,tha mồi,-,98,RG02839,1,
W03138B.mp4,tha thứ,B,214,RG02840,1,
W03138N.mp4,tha thứ,N,78,RG02841,1,
W03138T.mp4,tha thứ,T,114,RG02842,1,
W03153B.mp4,tham dự,B,132,RG02843,1,
W03153N.mp4,tham dự,N,92,RG02844,2,0.159
W03153T.mp4,tham dự,T,92,RG02844,2,0.159
W03154.mp4,tham khảo,-,119,RG02845,1,
W03155.mp4,tham lam,-,81,RG02846,1,
W03156B.mp4,tham quan,B,134,RG02847,1,
W03156N.mp4,tham quan,N,109,RG02848,2,0.268
W03156T.mp4,tham quan,T,109,RG02848,2,0.268
D0024B.mp4,tham ăn,B,174,RG02849,1,
D0024N.mp4,tham ăn,N,183,RG02850,2,0.267
D0024T.mp4,tham ăn,T,183,RG02850,2,0.267
W03171.mp4,thanh niên,-,91,RG02851,1,
D0331.mp4,thao thức,-,300,RG02852,1,
W03228.mp4,theo dõi,-,111,RG02853,1,
W03229.mp4,theo đuổi,-,79,RG02854,1,
W03243B.mp4,thi cử,B,83,RG02855,2,0.256
W03243T.mp4,thi cử,T,83,RG02855,2,0.256
W03243N.mp4,thi cử,N,77,RG02856,1,
D0382.mp4,thiu,-,157,RG02857,1,
W03256.mp4,thiên nhiên,-,146,RG02858,1,
W03258.mp4,thiên thần,-,155,RG02859,1,
W03254.mp4,thiên đình,-,133,RG02860,1,
W03263.mp4,thiếp mời,-,128,RG02861,1,
W03262.mp4,thiếp đi,-,161,RG02862,1,
W03265B.mp4,thiết kế,B,125,RG02863,2,0.244
W03265T.mp4,thiết kế,T,125,RG02863,2,0.244
W03265N.mp4,thiết kế,N,107,RG02864,1,
W03269.mp4,thiếu nhi,-,105,RG02865,1,
W03270.mp4,thiếu niên,-,106,RG02866,1,
D0206B.mp4,thiếu thốn,B,106,RG02867,1,
D0206N.mp4,thiếu thốn,N,110,RG02868,2,0.281
D0206T.mp4,thiếu thốn,T,110,RG02868,2,0.281
D0108B.mp4,thiệp sinh nhật,B,127,RG02869,1,
D0108N.mp4,thiệp sinh nhật,N,134,RG02870,2,0.243
D0108T.mp4,thiệp sinh nhật,T,134,RG02870,2,0.243
W03268.mp4,thiệt thòi,-,123,RG02871,1,
W03276.mp4,thoát hiểm,-,129,RG02872,1,
D0458.mp4,thoăn thoắt,-,139,RG02873,1,
W03316.mp4,thu mua,-,110,RG02874,1,
W03317.mp4,thu nhỏ,-,112,RG02875,1,
W03318.mp4,thu thập,-,125,RG02876,1,
D0477.mp4,thung lũng,-,160,RG02877,1,
W03351.mp4,thuyết phục,-,143,RG02878,1,
W03352.mp4,thuyết trình,-,125,RG02879,1,
W03347.mp4,thuyền chài,-,133,RG02880,1,
W03349.mp4,thuyền rồng,-,147,RG02881,1,
W03329B.mp4,thuê,B,86,RG02882,2,0.242
W03329T.mp4,thuê,T,86,RG02882,2,0.242
W03329N.mp4,thuê,N,83,RG02883,1,
W03326.mp4,thuận lợi,-,125,RG02884,1,
W03333.mp4,thuốc bắc,-,123,RG02885,1,
W03334.mp4,thuốc bổ,-,108,RG02886,1,
W03335.mp4,thuốc lá,-,122,RG02887,1,
W03338.mp4,thuộc lòng,-,111,RG02888,1,
D0353.mp4,thuộc địa,-,101,RG02889,1,
W03341.mp4,thuỷ thủ,-,116,RG02890,1,
W03339B.mp4,thuỷ điện,B,76,RG02891,1,
W03339N.mp4,thuỷ điện,N,96,RG02892,2,0.183
W03339T.mp4,thuỷ điện,T,96,RG02892,2,0.183
W03173.mp4,thành công,-,102,RG02893,1,
W03175.mp4,thành lập,-,81,RG02894,1,
W03175B.mp4,thành lập,B,123,RG02895,2,0.275
W03175T.mp4,thành lập,T,123,RG02895,2,0.275
W03175N.mp4,thành lập,N,124,RG02896,1,
W03180.mp4,thành thạo,-,105,RG02897,1,
W03181.mp4,thành thị,-,95,RG02898,1,
W03185.mp4,thành viên,-,125,RG02899,1,
W03141.mp4,thác,-,81,RG02900,1,
W03148B.mp4,thái độ,B,218,RG02901,1,
W03148N.mp4,thái độ,N,76,RG02902,2,0.275
W03148T.mp4,thái độ,T,76,RG02902,2,0.275
W03160.mp4,thám tử,-,127,RG02903,1,
W03164.mp4,thán phục,-,117,RG02904,1,
W03167B.mp4,tháng,B,101,RG02905,1,
W03167N.mp4,tháng,N,108,RG02906,2,0.267
W03167T.mp4,tháng,T,108,RG02906,2,0.267
W03186.mp4,thánh địa Mỹ Sơn,-,130,RG02907,1,
W03191.mp4,tháo gỡ,-,91,RG02908,1,
W03192.mp4,tháp,-,89,RG02909,1,
W03193.mp4,tháp Rùa,-,131,RG02910,1,
D0332.mp4,thâm quầng mắt,-,110,RG02911,1,
W03204B.mp4,thân cây,B,122,RG02912,1,
W03204N.mp4,thân cây,N,113,RG02913,2,0.264
W03204T.mp4,thân cây,T,113,RG02913,2,0.264
W03205.mp4,thân hình,-,104,RG02914,1,
W03207.mp4,thân thiết,-,95,RG02915,1,
W03208.mp4,thân thiện,-,87,RG02916,1,
D0026.mp4,thèm,-,145,RG02917,1,
D0027.mp4,thèm rỏ dãi,-,129,RG02918,1,
W03232.mp4,thét,-,98,RG02919,1,
W03240.mp4,thêm,-,101,RG02920,1,
W03242B.mp4,thêu,B,116,RG02921,1,
W03242N.mp4,thêu,N,112,RG02922,1,
D0187.mp4,thì thầm,-,237,RG02923,1,
W03251B.mp4,thìa,B,257,RG02924,1,
W03251N.mp4,thìa,N,133,RG02925,2,0.25
W03251T.mp4,thìa,T,133,RG02925,2,0.25
D0094.mp4,thí nghiệm,-,112,RG02926,1,
W00653.mp4,thích nghi,-,63,RG02927,1,
W03252B.mp4,thích thú,B,122,RG02928,1,
W03252N.mp4,thích thú,N,106,RG02929,1,
W03252T.mp4,thích thú,T,142,RG02930,1,
W03272.mp4,thím,-,116,RG02931,1,
W03278.mp4,thóc (gạo),-,124,RG02932,1,
D0029B.mp4,thói quen,B,129,RG02933,1,
D0029N.mp4,thói quen,N,117,RG02934,2,0.268
D0029T.mp4,thói quen,T,117,RG02934,2,0.268
W03285.mp4,thông báo,-,113,RG02935,1,
W03286.mp4,thông cảm,-,221,RG02936,1,
W03288B.mp4,thông minh,B,88,RG02937,1,
W03288N.mp4,thông minh,N,72,RG02938,2,0.227
W03288T.mp4,thông minh,T,72,RG02938,2,0.227
W03289.mp4,thông qua,-,129,RG02939,1,
W03291.mp4,thông thường,-,123,RG02940,1,
W03292B.mp4,thông tin,B,101,RG02941,1,
W03292N.mp4,thông tin,N,70,RG02942,2,0.21
W03292T.mp4,thông tin,T,70,RG02942,2,0.21
W03319.mp4,thù lao,-,117,RG02943,1,
W03330.mp4,thùng,-,125,RG02944,1,
W03323B.mp4,thú dữ,B,96,RG02945,1,
W03323N.mp4,thú dữ,N,85,RG02946,2,0.228
W03323T.mp4,thú dữ,T,85,RG02946,2,0.228
W03324B.mp4,thú y,B,116,RG02947,1,
W03324N.mp4,thú y,N,104,RG02948,2,0.194
W03324T.mp4,thú y,T,104,RG02948,2,0.194
W03328.mp4,thúc đẩy,-,110,RG02949,1,
W03197B.mp4,thăm hỏi,B,129,RG02950,2,0.275
W03197T.mp4,thăm hỏi,T,129,RG02950,2,0.275
W03197N.mp4,thăm hỏi,N,93,RG02951,1,
W03199.mp4,thăng bằng,-,86,RG02952,1,
W03314B.mp4,thơm,B,113,RG02953,1,
W03314N.mp4,thơm,N,87,RG02954,2,0.173
W03314T.mp4,thơm,T,87,RG02954,2,0.173
W03354.mp4,thư giãn,-,128,RG02955,1,
W03370.mp4,thương (số),-,112,RG02956,1,
D0306.mp4,thương mại,-,105,RG02957,1,
W03373B.mp4,thương yêu,B,127,RG02958,2,0.244
W03373T.mp4,thương yêu,T,127,RG02958,2,0.244
W03373N.mp4,thương yêu,N,80,RG02959,1,
W03450B.mp4,thương yêu,B,102,RG02960,1,
W03450N.mp4,thương yêu,N,114,RG02961,2,0.209
W03450T.mp4,thương yêu,T,114,RG02961,2,0.209
D0156.mp4,thường xuyên,-,163,RG02962,1,
D0156B.mp4,thường xuyên,B,110,RG02963,1,
D0156N.mp4,thường xuyên,N,139,RG02964,2,0.268
D0156T.mp4,thường xuyên,T,139,RG02964,2,0.268
W03139.mp4,thả diều,-,110,RG02965,1,
W03140.mp4,thả mồi,-,83,RG02966,1,
W03163.mp4,thản nhiên,-,100,RG02967,1,
W03215.mp4,thấp hơn,-,101,RG02968,1,
W03216.mp4,thấp nhất,-,103,RG02969,1,
W03210.mp4,thần chết,-,92,RG02970,1,
W03211N.mp4,thần kinh,N,94,RG02971,1,
W03445.mp4,thần kì,-,107,RG02972,1,
W03222B.mp4,thầy cô,B,166,RG02973,1,
W03222N.mp4,thầy cô,N,93,RG02974,2,0.223
W03222T.mp4,thầy cô,T,93,RG02974,2,0.223
W03223.mp4,thầy cúng,-,96,RG02975,1,
W03224B.mp4,thầy giáo,B,98,RG02976,1,
W03224N.mp4,thầy giáo,N,97,RG02977,2,0.248
W03224T.mp4,thầy giáo,T,97,RG02977,2,0.248
W03214.mp4,thận,-,97,RG02978,1,
W03219.mp4,thập thò,-,109,RG02979,1,
W03221.mp4,thật thà,-,97,RG02980,1,
W03196.mp4,thắc mắc,-,95,RG02981,1,
W03203.mp4,thắng lợi,-,101,RG02982,1,
D0450.mp4,thắp đèn,-,98,RG02983,1,
W03201.mp4,thẳng hàng (Toán học),-,84,RG02984,1,
W03202.mp4,thẳng tắp,-,123,RG02985,1,
W03230.mp4,thẻ,-,88,RG02986,1,
W03237.mp4,thế hệ,-,111,RG02987,1,
W03239B.mp4,thế nào?,B,101,RG02988,1,
W03239N.mp4,thế nào?,N,75,RG02989,2,0.192
W03239T.mp4,thế nào?,T,75,RG02989,2,0.192
W03233.mp4,thề,-,89,RG02990,1,
W03241.mp4,thềm,-,134,RG02991,1,
W03247.mp4,thị giác,-,138,RG02992,1,
W03248.mp4,thị lực,-,142,RG02993,1,
D0340.mp4,thịnh vượng,-,103,RG02994,1,
D0381.mp4,thối,-,103,RG02995,1,
W03294.mp4,thống nhất,-,131,RG02996,1,
D0304.mp4,thống nhất đất nước,-,90,RG02997,1,
W01943.mp4,thổ dân,-,91,RG02998,1,
W03281.mp4,thổi,-,136,RG02999,1,
W03282.mp4,thổi bóng,-,142,RG03000,1,
W03283.mp4,thổi kèn,-,149,RG03001,1,
W03299.mp4,thờ cúng,-,122,RG03002,1,
W03303.mp4,thời gian biểu,-,125,RG03003,1,
W03305.mp4,thở,-,155,RG03004,1,
W03300.mp4,thở dài,-,167,RG03005,1,
W03306.mp4,thợ kim hoàn,-,134,RG03006,1,
W03308.mp4,thợ rèn,-,122,RG03007,1,
W03309.mp4,thợ thêu,-,142,RG03008,1,
W03427.mp4,thụ phấn (hoa),-,118,RG03009,1,
W03320B.mp4,thủ công,B,144,RG03010,1,
W03320N.mp4,thủ công,N,119,RG03011,1,
W03320T.mp4,thủ công,T,114,RG03012,1,
W03321B.mp4,thủ tướng,B,94,RG03013,1,
W03321N.mp4,thủ tướng,N,136,RG03014,2,0.209
W03321T.mp4,thủ tướng,T,136,RG03014,2,0.209
W03331.mp4,thủng,-,111,RG03015,1,
W03344.mp4,thủy chung,-,136,RG03016,1,
W03357.mp4,thứ tự,-,211,RG03017,1,
W03359B.mp4,thừa,B,99,RG03018,1,
W03359N.mp4,thừa,N,66,RG03019,2,0.106
W03359T.mp4,thừa,T,66,RG03019,2,0.106
W03365.mp4,thực hiện,-,114,RG03020,1,
W03364.mp4,thực hành,-,98,RG03021,1,
W03366.mp4,thực phẩm,-,76,RG03022,1,
W03367.mp4,thực sự,-,92,RG03023,1,
W03368.mp4,thực tế,-,76,RG03024,1,
W03369.mp4,thực vật,-,104,RG03025,1,
D0067.mp4,ti hí mắt,-,132,RG03026,1,
W03386.mp4,tia chớp,-,87,RG03027,1,
W03387.mp4,tia nắng,-,106,RG03028,1,
W03388.mp4,tia số,-,102,RG03029,1,
W03431.mp4,tim,-,118,RG03030,1,
W03435.mp4,tin cậy,-,93,RG03031,1,
W03436.mp4,tin học,-,116,RG03032,1,
W03437.mp4,tin nhắn,-,94,RG03033,1,
W03438.mp4,tin tức,-,79,RG03034,1,
D0117.mp4,tinh mắt,-,331,RG03035,1,
W03342.mp4,tinh trùng,-,94,RG03036,1,
W03394.mp4,tiêm,-,118,RG03037,1,
W03424.mp4,tiêu cực,-,100,RG03038,1,
W03425.mp4,tiêu diệt,-,95,RG03039,1,
W03426.mp4,tiêu hoá,-,104,RG03040,1,
W03392B.mp4,tiếc,B,133,RG03041,2,0.261
W03392T.mp4,tiếc,T,133,RG03041,2,0.261
W03392N.mp4,tiếc,N,180,RG03042,1,
D0315.mp4,tiến bộ,-,118,RG03043,1,
W03405.mp4,tiến sĩ,-,109,RG03044,1,
W03409B.mp4,tiếng Anh,B,122,RG03045,1,
W03409N.mp4,tiếng Anh,N,69,RG03046,2,0.184
W03409T.mp4,tiếng Anh,T,69,RG03046,2,0.184
W03414.mp4,tiếng nói,-,92,RG03047,1,
W03416.mp4,tiếp nhận,-,94,RG03048,1,
W03418.mp4,tiếp theo,-,82,RG03049,1,
W03419.mp4,tiếp thu,-,111,RG03050,1,
D0003.mp4,tiếp tân,-,125,RG03051,1,
W03421B.mp4,tiếp tục,B,145,RG03052,1,
W03421N.mp4,tiếp tục,N,68,RG03053,2,0.136
W03421T.mp4,tiếp tục,T,68,RG03053,2,0.136
W03422B.mp4,tiết kiệm,B,191,RG03054,1,
W03422N.mp4,tiết kiệm,N,88,RG03055,1,
W03422T.mp4,tiết kiệm,T,97,RG03056,1,
W03430.mp4,tiểu học,-,98,RG03057,1,
W03393.mp4,tiệc,-,85,RG03058,1,
W03407.mp4,tiện nghi,-,97,RG03059,1,
W03466.mp4,to lớn,-,129,RG03060,1,
W03469.mp4,toa lét,-,110,RG03061,1,
W03471B.mp4,toa xe,B,158,RG03062,1,
W03471N.mp4,toa xe,N,128,RG03063,2,0.23
W03471T.mp4,toa xe,T,128,RG03063,2,0.23
W03472B.mp4,toà án,B,130,RG03064,1,
W03472N.mp4,toà án,N,145,RG03065,2,0.274
W03472T.mp4,toà án,T,145,RG03065,2,0.274
W03476.mp4,toàn cầu,-,137,RG03066,1,
W03537.mp4,trang phục,-,152,RG03067,1,
W03519.mp4,trang trí,-,165,RG03068,1,
D0445.mp4,trang điểm,-,120,RG03069,1,
W03542.mp4,tranh luận,-,70,RG03070,1,
W03545.mp4,trao tặng,-,144,RG03071,1,
W03571B.mp4,tre,B,141,RG03072,1,
W03571N.mp4,tre,N,99,RG03073,1,
W03571T.mp4,tre,T,117,RG03074,1,
W03238.mp4,tri kỉ,-,113,RG03075,1,
W03585.mp4,triều cường,-,160,RG03076,1,
W03587.mp4,triều đình,-,134,RG03077,1,
W00069.mp4,triệu phú,-,101,RG03078,1,
D0290.mp4,trong khoảng,-,105,RG03079,1,
W03611B.mp4,trong ngoài,B,125,RG03080,1,
W03611N.mp4,trong ngoài,N,279,RG03081,2,0.241
W03611T.mp4,trong ngoài,T,279,RG03081,2,0.241
W03612.mp4,trong suốt,-,266,RG03082,1,
W03606.mp4,trong sáng,-,114,RG03083,1,
W03638.mp4,trung bình,-,128,RG03084,1,
W03644.mp4,trung thành,-,245,RG03085,1,
W03643.mp4,trung tâm,-,154,RG03086,1,
W03641.mp4,trung điểm,-,103,RG03087,1,
W03646.mp4,trung ương,-,127,RG03088,1,
W03650.mp4,truyền dịch,-,152,RG03089,1,
W03653.mp4,truyền thông,-,133,RG03090,1,
W03654.mp4,truyền thống,-,154,RG03091,1,
W03524.mp4,trà,-,128,RG03092,1,
D0404.mp4,trà nóng,-,128,RG03093,1,
D0405.mp4,trà sữa,-,133,RG03094,1,
D0403.mp4,trà đá,-,69,RG03095,1,
W03536.mp4,tràn ngập (nước),-,107,RG03096,1,
W03514.mp4,trách mắng,-,107,RG03097,1,
W03528.mp4,trách nhiệm,-,154,RG03098,1,
W03531N.mp4,trái nghĩa,N,115,RG03099,2,0.155
W03531T.mp4,trái nghĩa,T,115,RG03099,2,0.155
W03544.mp4,tránh thai,-,131,RG03100,1,
W03573.mp4,trêu,-,155,RG03101,1,
W03575.mp4,trêu tức,-,159,RG03102,1,
W03593.mp4,trình bày,-,124,RG03103,1,
W03594.mp4,trình độ,-,247,RG03104,1,
W03576.mp4,trí khôn,-,118,RG03105,1,
W03578.mp4,trí thức,-,264,RG03106,1,
W03599.mp4,trò chơi,-,133,RG03107,1,
W03607.mp4,tròn,-,270,RG03108,1,
W03605.mp4,tròn trịa (mặt),-,138,RG03109,1,
W03603.mp4,trói tay,-,118,RG03110,1,
W03620B.mp4,trông chờ,B,132,RG03111,1,
W03620N.mp4,trông chờ,N,145,RG03112,2,0.236
W03620T.mp4,trông chờ,T,145,RG03112,2,0.236
W03621.mp4,trông coi,-,122,RG03113,1,
D0174.mp4,trông nhà,-,68,RG03114,1,
W03622B.mp4,trông nom,B,133,RG03115,1,
W03622N.mp4,trông nom,N,119,RG03116,2,0.241
W03622T.mp4,trông nom,T,119,RG03116,2,0.241
W03637.mp4,trùm chăn,-,131,RG03117,1,
W03632.mp4,trú mưa,-,142,RG03118,1,
W03648.mp4,trúng thưởng,-,90,RG03119,1,
W03649B.mp4,trúng tuyển,B,144,RG03120,1,
W03649N.mp4,trúng tuyển,N,117,RG03121,2,0.274
W03649T.mp4,trúng tuyển,T,117,RG03121,2,0.274
W03550B.mp4,trăng,B,140,RG03122,1,
W03550N.mp4,trăng,N,222,RG03123,2,0.249
W03550T.mp4,trăng,T,222,RG03123,2,0.249
W03666.mp4,trưng bày,-,122,RG03124,1,
W03669B.mp4,trước,B,118,RG03125,2,0.283
W03669T.mp4,trước,T,118,RG03125,2,0.283
W03669N.mp4,trước,N,141,RG03126,1,
W03674B.mp4,trường PTCS (cấp 2),B,157,RG03127,1,
W03674N.mp4,trường PTCS (cấp 2),N,137,RG03128,2,0.266
W03674T.mp4,trường PTCS (cấp 2),T,137,RG03128,2,0.266
W03675B.mp4,trường THPT ( cấp 3),B,116,RG03129,1,
W03675N.mp4,trường THPT ( cấp 3),N,129,RG03130,2,0.268
W03675T.mp4,trường THPT ( cấp 3),T,129,RG03130,2,0.268
W03672.mp4,trường hợp,-,257,RG03131,1,
W03673B.mp4,trường mầm non,B,159,RG03132,1,
W03673N.mp4,trường mầm non,N,139,RG03133,2,0.251
W03673T.mp4,trường mầm non,T,139,RG03133,2,0.251
W03663N.mp4,trường tiểu học,N,130,RG03134,2,0.241
W03663T.mp4,trường tiểu học,T,130,RG03134,2,0.241
W03676.mp4,trưởng nhóm,-,126,RG03135,1,
W03350.mp4,trưởng thành,-,108,RG03136,1,
W03517.mp4,trại giam,-,108,RG03137,1,
W03534.mp4,trạm xe buýt,-,152,RG03138,1,
W03535.mp4,trạm y tế,-,136,RG03139,1,
W03525.mp4,trả (đt),-,91,RG03140,1,
W03526.mp4,trả lời,-,125,RG03141,1,
W04065.mp4,trả thù,-,139,RG03142,1,
W03554.mp4,trầm trồ,-,83,RG03143,1,
W03562.mp4,trần nhà,-,110,RG03144,1,
W03552B.mp4,trắng muốt,B,104,RG03145,1,
W03552N.mp4,trắng muốt,N,121,RG03146,2,0.263
W03552T.mp4,trắng muốt,T,121,RG03146,2,0.263
W03553.mp4,trắng tay,-,162,RG03147,1,
D0464B.mp4,trẻ con/con nít,B,92,RG03148,1,
D0464N.mp4,trẻ con/con nít,N,91,RG03149,2,0.235
D0464T.mp4,trẻ con/con nít,T,91,RG03149,2,0.235
W03602B.mp4,trọc đầu,B,157,RG03150,1,
W03602N.mp4,trọc đầu,N,134,RG03151,2,0.24
W03602T.mp4,trọc đầu,T,134,RG03151,2,0.24
W00728.mp4,trọng nam khinh nữ,-,80,RG03152,1,
W03614.mp4,trọng tài,-,142,RG03153,1,
W03619B.mp4,trốn chạy,B,136,RG03154,1,
W03619N.mp4,trốn chạy,N,250,RG03155,2,0.215
W03619T.mp4,trốn chạy,T,250,RG03155,2,0.215
D0291.mp4,trốn tìm,-,124,RG03156,1,
W03624.mp4,trống,-,163,RG03157,1,
W01284.mp4,trống (không có gì),-,92,RG03158,1,
W03618.mp4,trộm cắp,-,126,RG03159,1,
W03626.mp4,trộn (đt),-,121,RG03160,1,
W03629.mp4,trở thành,-,164,RG03161,1,
W03633.mp4,trục hoành,-,123,RG03162,1,
W03634.mp4,trục tung,-,117,RG03163,1,
W03635.mp4,trục xuất,-,111,RG03164,1,
W03636B.mp4,trụi lá,B,118,RG03165,1,
W03636N.mp4,trụi lá,N,214,RG03166,2,0.221
W03636T.mp4,trụi lá,T,214,RG03166,2,0.221
W03659B.mp4,trứng,B,119,RG03167,1,
W03659N.mp4,trứng,N,116,RG03168,1,
W03659T.mp4,trứng,T,106,RG03169,1,
W03657.mp4,trực nhật,-,129,RG03170,1,
W03665.mp4,trực tiếp,-,133,RG03171,1,
W03696.mp4,tung tăng,-,102,RG03172,1,
W03701.mp4,tuyên bố,-,127,RG03173,1,
W03702.mp4,tuyên ngôn,-,125,RG03174,1,
D0339.mp4,tuyên truyền,-,105,RG03175,1,
W03708.mp4,tuyệt vọng,-,144,RG03176,1,
W03683.mp4,tuân lệnh,-,108,RG03177,1,
W03684.mp4,tuân thủ,-,123,RG03178,1,
W03685B.mp4,tuần,B,121,RG03179,1,
W03685N.mp4,tuần,N,121,RG03180,1,
W03685T.mp4,tuần,T,94,RG03181,1,
D0053B.mp4,tuần lễ người Điếc thế giới,B,175,RG03182,2,0.28
D0053T.mp4,tuần lễ người Điếc thế giới,T,175,RG03182,2,0.28
D0053N.mp4,tuần lễ người Điếc thế giới,N,211,RG03183,1,
D0416B.mp4,tuần này,B,109,RG03184,1,
D0416N.mp4,tuần này,N,105,RG03185,2,0.225
D0416T.mp4,tuần này,T,105,RG03185,2,0.225
D0417B.mp4,tuần sau,B,110,RG03186,1,
D0417N.mp4,tuần sau,N,113,RG03187,2,0.255
D0417T.mp4,tuần sau,T,113,RG03187,2,0.255
D0348.mp4,tuần trăng mật,-,91,RG03188,1,
D0418B.mp4,tuần trước,B,123,RG03189,1,
D0418N.mp4,tuần trước,N,93,RG03190,1,
D0418T.mp4,tuần trước,T,98,RG03191,1,
W03699.mp4,tuốt lúa,-,144,RG03192,1,
W03698.mp4,tuổi thơ,-,110,RG03193,1,
W03297.mp4,tuổi thơ ấu,-,127,RG03194,1,
W03700.mp4,tuỷ sống,-,144,RG03195,1,
W03063.mp4,tài giỏi,-,109,RG03196,1,
W03064.mp4,tài năng,-,97,RG03197,1,
W03067.mp4,tài trợ,-,94,RG03198,1,
W03085B.mp4,tàu hoả,B,93,RG03199,1,
W03085N.mp4,tàu hoả,N,92,RG03200,1,
W03085T.mp4,tàu hoả,T,185,RG03201,1,
W03086.mp4,tàu ngầm,-,221,RG03202,1,
W03087.mp4,tàu thuyền,-,120,RG03203,1,
W03088.mp4,tàu thủy,-,105,RG03204,1,
W03054.mp4,tác dụng,-,102,RG03205,1,
W03056.mp4,tác giả,-,93,RG03206,1,
W03058.mp4,tác phẩm,-,83,RG03207,1,
W01301.mp4,tác động,-,80,RG03208,1,
W03055.mp4,tác động,-,97,RG03209,1,
W03059.mp4,tách,-,101,RG03210,1,
W03060.mp4,tách lớp,-,93,RG03211,1,
W03070.mp4,tái phát,-,140,RG03212,1,
W03071B.mp4,tái phạm,B,84,RG03213,1,
W03071N.mp4,tái phạm,N,121,RG03214,2,0.275
W03071T.mp4,tái phạm,T,121,RG03214,2,0.275
W03077.mp4,tán thành,-,97,RG03215,1,
W03084.mp4,tát,-,86,RG03216,1,
W03103.mp4,tâm thần,-,91,RG03217,1,
W03129N.mp4,tên là gì?,N,97,RG03218,1,
W03129T.mp4,tên là gì?,T,126,RG03219,1,
W03130N.mp4,tên riêng,N,75,RG03220,1,
W03433B.mp4,tìm hiểu,B,136,RG03221,2,0.22
W03433T.mp4,tìm hiểu,T,136,RG03221,2,0.22
W03433N.mp4,tìm hiểu,N,81,RG03222,1,
W03447.mp4,tình cảm,-,135,RG03223,1,
W03448.mp4,tình cờ,-,148,RG03224,1,
W03449.mp4,tình huống,-,132,RG03225,1,
W03451.mp4,tình yêu,-,114,RG03226,1,
W03383.mp4,tí hon,-,100,RG03227,1,
W03390.mp4,tích (số),-,131,RG03228,1,
W03391.mp4,tích cực,-,104,RG03229,1,
W03434.mp4,tím tái,-,89,RG03230,1,
W01313.mp4,tính,-,132,RG03231,1,
W03455.mp4,tính chất,-,95,RG03232,1,
W03456.mp4,tính chất bằng nhau,-,126,RG03233,1,
W03457.mp4,tính chất cơ bản của phân số,-,158,RG03234,1,
W03458.mp4,tính chất giao hoán,-,107,RG03235,1,
W03459.mp4,tính chất kết hợp,-,110,RG03236,1,
W03454.mp4,tính cách,-,112,RG03237,1,
W03461.mp4,tính nhẩm,-,83,RG03238,1,
W03463.mp4,tính toán,-,142,RG03239,1,
W03464.mp4,tính từ,-,126,RG03240,1,
W03467B.mp4,tò mò,B,148,RG03241,2,0.266
W03467T.mp4,tò mò,T,148,RG03241,2,0.266
W03473.mp4,tòa soạn,-,115,RG03242,1,
D0428.mp4,tóc dài,-,111,RG03243,1,
W04007.mp4,tóc dựng đứng,-,120,RG03244,1,
D0429B.mp4,tóc ngắn,B,112,RG03245,2,0.213
D0429T.mp4,tóc ngắn,T,112,RG03245,2,0.213
D0429N.mp4,tóc ngắn,N,87,RG03246,1,
W03479.mp4,tóc xoăn,-,129,RG03247,1,
W03480.mp4,tóm cổ,-,146,RG03248,1,
W03481.mp4,tóm lược,-,137,RG03249,1,
W03482.mp4,tóm tắt,-,220,RG03250,1,
W03486B.mp4,tô màu,B,139,RG03251,1,
W03486N.mp4,tô màu,N,139,RG03252,2,0.281
W03486T.mp4,tô màu,T,139,RG03252,2,0.281
W04056B.mp4,tôi yêu bạn,B,111,RG03253,2,0.182
W04056T.mp4,tôi yêu bạn,T,111,RG03253,2,0.182
W04056N.mp4,tôi yêu bạn,N,106,RG03254,1,
D0139.mp4,tôi yêu bạn ấy,-,155,RG03255,1,
D0385.mp4,tôm hùm,-,133,RG03256,1,
W03492.mp4,tôn thờ,-,146,RG03257,1,
W03491.mp4,tôn trọng,-,111,RG03258,1,
W03501.mp4,tôn trọng,-,125,RG03259,1,
W03678.mp4,tù giam,-,142,RG03260,1,
W03692.mp4,túm tóc,-,122,RG03261,1,
W03100.mp4,tăm,-,104,RG03262,1,
W03452.mp4,tĩnh lặng,-,153,RG03263,1,
W03725.mp4,tươi cười,-,146,RG03264,1,
D0288.mp4,tương lai,-,98,RG03265,1,
D0111B.mp4,tương ớt,B,118,RG03266,2,0.266
D0111T.mp4,tương ớt,T,118,RG03266,2,0.266
D0111N.mp4,tương ớt,N,136,RG03267,1,
W03729.mp4,tương ứng,-,260,RG03268,1,
W03727B.mp4,tưới cây,B,141,RG03269,1,
W03727N.mp4,tưới cây,N,148,RG03270,2,0.263
W03727T.mp4,tưới cây,T,148,RG03270,2,0.263
W03730.mp4,tưởng,-,122,RG03271,1,
W03732.mp4,tưởng tượng,-,148,RG03272,1,
W03732B.mp4,tưởng tượng,B,106,RG03273,2,0.262
W03732T.mp4,tưởng tượng,T,106,RG03273,2,0.262
W03732N.mp4,tưởng tượng,N,89,RG03274,1,
W03734.mp4,tượng,-,141,RG03275,1,
W03735.mp4,tượng đài,-,151,RG03276,1,
W03075.mp4,tạm biệt,-,94,RG03277,1,
W03081.mp4,tạo dáng,-,103,RG03278,1,
W00559.mp4,tạo thành,-,70,RG03279,1,
D0264.mp4,tải về,-,120,RG03280,1,
W01204.mp4,tấm lòng,-,93,RG03281,1,
W03105B.mp4,tấm vải,B,137,RG03282,2,0.225
W03105T.mp4,tấm vải,T,137,RG03282,2,0.225
W03105N.mp4,tấm vải,N,97,RG03283,1,
W03107.mp4,tấn công,-,96,RG03284,1,
D0354.mp4,tẩy chay,-,92,RG03285,1,
D0221.mp4,tận số,-,242,RG03286,1,
W03110.mp4,tập hợp (Toán học),-,76,RG03287,1,
W03111.mp4,tập hợp rỗng,-,73,RG03288,1,
W03112.mp4,tập làm văn,-,104,RG03289,1,
W03115N.mp4,tập thể,N,79,RG03290,1,
W03116B.mp4,tập thể dục,B,138,RG03291,2,0.227
W03116T.mp4,tập thể dục,T,138,RG03291,2,0.227
W03117.mp4,tập trung,-,95,RG03292,1,
W03118.mp4,tập viết,-,143,RG03293,1,
W03099.mp4,tặc lưỡi,-,91,RG03294,1,
W03377.mp4,tỉ lệ,-,107,RG03295,1,
W03379.mp4,tỉ mỉ,-,116,RG03296,1,
W03380.mp4,tỉ số,-,115,RG03297,1,
W03381.mp4,tỉ số phần trăm,-,87,RG03298,1,
D0002.mp4,tỉnh,-,147,RG03299,1,
D0300.mp4,tỉnh táo,-,95,RG03300,1,
W03474.mp4,tỏa hương,-,147,RG03301,1,
W03507.mp4,tống tiền,-,128,RG03302,1,
W00158.mp4,tồn tại,-,91,RG03303,1,
W03488.mp4,tổ chim,-,121,RG03304,1,
W03494.mp4,tổ tiên,-,112,RG03305,1,
W03495.mp4,tổ trưởng,-,134,RG03306,1,
W03502.mp4,tổng (số),-,118,RG03307,1,
W03503.mp4,tổng hợp,-,115,RG03308,1,
D0430B.mp4,tổng kết/bế giảng,B,178,RG03309,2,0.248
D0430N.mp4,tổng kết/bế giảng,N,178,RG03309,2,0.248
D0430T.mp4,tổng kết/bế giảng,T,80,RG03310,1,
W03505B.mp4,tổng thống,B,144,RG03311,1,
W03505N.mp4,tổng thống,N,132,RG03312,2,0.198
W03505T.mp4,tổng thống,T,132,RG03312,2,0.198
W03508B.mp4,tờ báo,B,130,RG03313,1,
W03508N.mp4,tờ báo,N,123,RG03314,2,0.247
W03508T.mp4,tờ báo,T,123,RG03314,2,0.247
W03509B.mp4,tờ giấy,B,128,RG03315,1,
W03509N.mp4,tờ giấy,N,132,RG03316,2,0.235
W03509T.mp4,tờ giấy,T,132,RG03316,2,0.235
W03512.mp4,tờ tiền,-,131,RG03317,1,
W03682.mp4,tụ tập,-,121,RG03318,1,
W03689.mp4,tủi thân,-,140,RG03319,1,
W03710.mp4,từ bỏ,-,154,RG03320,1,
D0103B.mp4,từ chối,B,179,RG03321,1,
D0103N.mp4,từ chối,N,97,RG03322,2,0.253
D0103T.mp4,từ chối,T,97,RG03322,2,0.253
W03712.mp4,từ ngữ,-,92,RG03323,1,
W03713.mp4,từ phải sang trái,-,71,RG03324,1,
W03714B.mp4,từ trái nghĩa,B,138,RG03325,1,
W03714N.mp4,từ trái nghĩa,N,129,RG03326,2,0.258
W03714T.mp4,từ trái nghĩa,T,129,RG03326,2,0.258
W03715.mp4,từ trái sang phải,-,76,RG03327,1,
W03711.mp4,từ đồng âm,-,70,RG03328,1,
W03568.mp4,tự (tự làm),-,91,RG03329,1,
W03717B.mp4,tự do,B,144,RG03330,1,
W03717N.mp4,tự do,N,110,RG03331,2,0.265
W03717T.mp4,tự do,T,110,RG03331,2,0.265
D0037.mp4,tự giác,-,109,RG03332,1,
D0333.mp4,tự hào,-,119,RG03333,1,
W03719B.mp4,tự lập,B,121,RG03334,1,
W03719N.mp4,tự lập,N,145,RG03335,1,
W03719T.mp4,tự lập,T,110,RG03336,1,
W03720B.mp4,tự tin,B,130,RG03337,1,
W03720N.mp4,tự tin,N,135,RG03338,2,0.275
W03720T.mp4,tự tin,T,135,RG03338,2,0.275
D0336.mp4,tự trọng,-,103,RG03339,1,
W03722B.mp4,tự vệ,B,135,RG03340,1,
W03722N.mp4,tự vệ,N,153,RG03341,1,
W03722T.mp4,tự vệ,T,132,RG03342,1,
D0514.mp4,u,-,77,RG03343,1,
W03738.mp4,u ám ( trời u ám),-,145,RG03344,1,
W03740.mp4,ung dung,-,248,RG03345,1,
D0213B.mp4,ung thư,B,106,RG03346,2,0.219
D0213T.mp4,ung thư,T,106,RG03346,2,0.219
D0213N.mp4,ung thư,N,123,RG03347,1,
W03745.mp4,uốn,-,79,RG03348,1,
W03746.mp4,uốn cong,-,114,RG03349,1,
W03747.mp4,uốn dẻo,-,114,RG03350,1,
W03748.mp4,uốn tóc,-,107,RG03351,1,
D0516.mp4,v,-,63,RG03352,1,
W03759.mp4,va chạm,-,61,RG03353,1,
W03761.mp4,va li,-,226,RG03354,1,
W03767.mp4,vai,-,148,RG03355,1,
W03768.mp4,vai trò,-,135,RG03356,1,
W03823.mp4,vi khuẩn,-,142,RG03357,1,
W03842.mp4,viết lia lịa,-,128,RG03358,1,
W03835.mp4,việc làm,-,90,RG03359,1,
W03840.mp4,viện bảo tàng,-,151,RG03360,1,
W03841.mp4,viện nghiên cứu,-,137,RG03361,1,
W03887.mp4,vua Hùng,-,105,RG03362,1,
W03888B.mp4,vui chơi,B,130,RG03363,2,0.216
W03888T.mp4,vui chơi,T,130,RG03363,2,0.216
W03888N.mp4,vui chơi,N,96,RG03364,1,
W03889B.mp4,vui mừng,B,133,RG03365,2,0.189
W03889T.mp4,vui mừng,T,133,RG03365,2,0.189
W03889N.mp4,vui mừng,N,73,RG03366,1,
W03890B.mp4,vui sướng,B,177,RG03367,2,0.173
W03890T.mp4,vui sướng,T,177,RG03367,2,0.173
W03890N.mp4,vui sướng,N,111,RG03368,1,
W03892.mp4,vui tính,-,137,RG03369,1,
W03894.mp4,vun đắp,-,110,RG03370,1,
W03911.mp4,vuông góc,-,108,RG03371,1,
W03909.mp4,vuốt tóc,-,130,RG03372,1,
W03777.mp4,vàng (kim loại),-,115,RG03373,1,
W03778.mp4,vàng bạc,-,118,RG03374,1,
W03780.mp4,vào,-,179,RG03375,1,
W03781.mp4,vào lớp,-,115,RG03376,1,
W03782.mp4,vào mùa,-,144,RG03377,1,
W03782B.mp4,vào mùa,B,128,RG03378,1,
W04062.mp4,vá quần áo,-,137,RG03379,1,
W03784.mp4,vá xe,-,144,RG03380,1,
W03762.mp4,vác,-,117,RG03381,1,
W03770.mp4,vái lạy,-,132,RG03382,1,
W03771.mp4,vái tứ phương,-,152,RG03383,1,
W03810.mp4,vây bắt,-,111,RG03384,1,
W03814.mp4,vé,-,243,RG03385,1,
W03820.mp4,vênh váo,-,108,RG03386,1,
W03825B.mp4,vì sao?,B,127,RG03387,1,
W03825N.mp4,vì sao?,N,148,RG03388,2,0.246
W03825T.mp4,vì sao?,T,148,RG03388,2,0.246
W03828B.mp4,ví dụ,B,115,RG03389,2,0.303
W03828T.mp4,ví dụ,T,115,RG03389,2,0.303
W03828N.mp4,ví dụ,N,143,RG03390,1,
W03858.mp4,vòi nước,-,152,RG03391,1,
W03852.mp4,vòi voi,-,236,RG03392,1,
W03860.mp4,vòm lá,-,132,RG03393,1,
W03861.mp4,vòng cung,-,145,RG03394,1,
D0216.mp4,vòng nguyệt quế,-,125,RG03395,1,
W03854.mp4,vòng quanh Trái Đất,-,184,RG03396,1,
W03863.mp4,vòng tròn,-,154,RG03397,1,
W03853.mp4,vòng đeo tay,-,95,RG03398,1,
W03862.mp4,vòng đời,-,137,RG03399,1,
D0066B.mp4,vô duyên,B,109,RG03400,1,
D0066N.mp4,vô duyên,N,104,RG03401,2,0.266
D0066T.mp4,vô duyên,T,104,RG03401,2,0.266
W03867.mp4,vô lo vô nghĩ,-,136,RG03402,1,
W03866.mp4,vô lí,-,153,RG03403,1,
W03868.mp4,vô tâm,-,131,RG03404,1,
D0039.mp4,vô tình,-,139,RG03405,1,
W03870.mp4,vô tư,-,131,RG03406,1,
W03871.mp4,vô ý,-,141,RG03407,1,
W03872.mp4,vô ý thức,-,116,RG03408,1,
W03856.mp4,võ thuật,-,258,RG03409,1,
W03864.mp4,võng (cái võng),-,142,RG03410,1,
W03903.mp4,vùng vẫy (dành cho người),-,104,RG03411,1,
W03786.mp4,văn,-,141,RG03412,1,
W03787.mp4,văn bản,-,131,RG03413,1,
W03793B.mp4,văn nghệ,B,131,RG03414,2,0.267
W03793T.mp4,văn nghệ,T,131,RG03414,2,0.267
W03793N.mp4,văn nghệ,N,137,RG03415,1,
W03826.mp4,vĩ cầm,-,122,RG03416,1,
W03827.mp4,vĩ đại,-,102,RG03417,1,
W03885.mp4,vũ công,-,118,RG03418,1,
W03886.mp4,vũ trụ,-,127,RG03419,1,
W03917.mp4,vườn thú,-,101,RG03420,1,
W03924.mp4,vượt trội,-,99,RG03421,1,
W03765.mp4,vạch trần,-,135,RG03422,1,
W03766.mp4,vạch xuất phát,-,228,RG03423,1,
W03773.mp4,vạm vỡ,-,123,RG03424,1,
W03785.mp4,vạt áo,-,70,RG03425,1,
D0326B.mp4,vải lụa,B,114,RG03426,2,0.269
D0326T.mp4,vải lụa,T,114,RG03426,2,0.269
D0326N.mp4,vải lụa,N,119,RG03427,1,
W03799B.mp4,vấn đề,B,134,RG03428,1,
W03799N.mp4,vấn đề,N,133,RG03429,2,0.271
W03799T.mp4,vấn đề,T,133,RG03429,2,0.271
W03805N.mp4,vầng trăng,N,147,RG03430,2,0.187
W03805T.mp4,vầng trăng,T,147,RG03430,2,0.187
D0168B.mp4,vẫn,B,105,RG03431,1,
D0168N.mp4,vẫn,N,106,RG03432,2,0.259
D0168T.mp4,vẫn,T,106,RG03432,2,0.259
W03812.mp4,vẫy tay,-,241,RG03433,1,
W03813.mp4,vẫy vùng (cá),-,137,RG03434,1,
W03800.mp4,vận chuyển,-,85,RG03435,1,
W03804.mp4,vận tốc,-,118,RG03436,1,
W03801.mp4,vận động,-,105,RG03437,1,
W03806.mp4,vật,-,121,RG03438,1,
W03809B.mp4,vật nuôi,B,140,RG03439,1,
W03809N.mp4,vật nuôi,N,144,RG03440,1,
W03809T.mp4,vật nuôi,T,228,RG03441,1,
W03794.mp4,vắn tắt,-,110,RG03442,1,
W03795B.mp4,vắng,B,236,RG03443,1,
W03795N.mp4,vắng,N,134,RG03444,1,
W03795T.mp4,vắng,T,132,RG03445,1,
W03796.mp4,vắng lặng,-,94,RG03446,1,
W03797.mp4,vắt cam,-,100,RG03447,1,
D0398.mp4,vắt chanh,-,121,RG03448,1,
W03821.mp4,vết thương,-,105,RG03449,1,
D0158N.mp4,về (Sài Gòn),N,107,RG03450,1,
D0159B.mp4,về 2 (Miền Bắc),B,124,RG03451,1,
D0159T.mp4,về 2 (Miền Bắc),T,141,RG03452,1,
D0160.mp4,về 3 (đi về),-,129,RG03453,1,
D0161.mp4,về 4 (từ nơi khác về),-,110,RG03454,1,
D0162.mp4,về 5 (về nhà),-,120,RG03455,1,
W03819.mp4,vệ sinh cá nhân,-,124,RG03456,1,
W03829.mp4,vị ngữ,-,124,RG03457,1,
W03832.mp4,vị trí,-,133,RG03458,1,
W03848.mp4,vịnh,-,248,RG03459,1,
W03849.mp4,vịnh Hạ Long,-,145,RG03460,1,
D0389.mp4,vịt quay,-,113,RG03461,1,
W03855.mp4,vỏ,-,137,RG03462,1,
W03873.mp4,vồ,-,122,RG03463,1,
W03875.mp4,vỗ cánh,-,126,RG03464,1,
W03876.mp4,vỗ tay,-,238,RG03465,1,
D0235.mp4,vỗ về,-,96,RG03466,1,
W03878.mp4,vội vã,-,127,RG03467,1,
W03884.mp4,vớt,-,121,RG03468,1,
W03881.mp4,vở chèo,-,79,RG03469,1,
W03882.mp4,vỡ,-,119,RG03470,1,
W03883.mp4,vỡ lòng,-,118,RG03471,1,
D0448.mp4,vợt cầu lông,-,121,RG03472,1,
W03912.mp4,vững chắc,-,131,RG03473,1,
W01852.mp4,vực sâu,-,79,RG03474,1,
D0523.mp4,w,-,72,RG03475,1,
D0517B.mp4,x,B,173,RG03476,1,
D0517N.mp4,x,N,106,RG03477,2,0.241
D0517T.mp4,x,T,106,RG03477,2,0.241
W03925.mp4,xa cách,-,98,RG03478,1,
W03869.mp4,xa vô tận,-,262,RG03479,1,
W03928.mp4,xa xôi,-,135,RG03480,1,
W03938B.mp4,xanh xao,B,137,RG03481,1,
W03938N.mp4,xanh xao,N,108,RG03482,2,0.255
W03938T.mp4,xanh xao,T,108,RG03482,2,0.255
W03960.mp4,xe ben,-,152,RG03483,1,
D0176.mp4,xe container,-,150,RG03484,1,
W03962B.mp4,xe cảnh sát,B,115,RG03485,1,
W03962N.mp4,xe cảnh sát,N,134,RG03486,2,0.255
W03962T.mp4,xe cảnh sát,T,134,RG03486,2,0.255
W03971.mp4,xe cẩu,-,150,RG03487,1,
W03964B.mp4,xe cứu hỏa,B,115,RG03488,1,
W03964N.mp4,xe cứu hỏa,N,201,RG03489,1,
W03965.mp4,xe cứu thương,-,107,RG03490,1,
W03967B.mp4,xe khách,B,112,RG03491,1,
W03967N.mp4,xe khách,N,141,RG03492,1,
W03967T.mp4,xe khách,T,140,RG03493,1,
W03968.mp4,xe lam,-,98,RG03494,1,
W03969.mp4,xe lu,-,98,RG03495,1,
W03961.mp4,xe máy,-,127,RG03496,1,
W03615.mp4,xe tải,-,131,RG03497,1,
W03959.mp4,xe đạp,-,109,RG03498,1,
D0192B.mp4,xem,B,88,RG03499,1,
D0192N.mp4,xem,N,101,RG03500,2,0.218
D0192T.mp4,xem,T,101,RG03500,2,0.218
W03974.mp4,xem xét,-,104,RG03501,1,
D0196.mp4,xem đã,-,113,RG03502,1,
W03975.mp4,xen,-,126,RG03503,1,
W03990.mp4,xin lỗi,-,104,RG03504,1,
W03991.mp4,xinh,-,105,RG03505,1,
W03992.mp4,xinh xắn,-,112,RG03506,1,
D0105.mp4,xoa đầu,-,186,RG03507,1,
W03995.mp4,xoá bỏ,-,99,RG03508,1,
W03996.mp4,xoáy,-,125,RG03509,1,
W04006.mp4,xu (tiền),-,77,RG03510,1,
D0268N.mp4,xui xẻo,N,116,RG03511,1,
W04016.mp4,xung phong,-,142,RG03512,1,
W04017.mp4,xung quanh nhà,-,159,RG03513,1,
W04014.mp4,xung đột,-,107,RG03514,1,
D0207.mp4,xuyên Việt,-,128,RG03515,1,
W04010B.mp4,xuất hiện,B,138,RG03516,1,
W04010N.mp4,xuất hiện,N,113,RG03517,2,0.217
W04010T.mp4,xuất hiện,T,113,RG03517,2,0.217
W04011.mp4,xuất khẩu,-,119,RG03518,1,
W04019.mp4,xuống,-,121,RG03519,1,
W03930B.mp4,xà phòng,B,121,RG03520,1,
W03930N.mp4,xà phòng,N,91,RG03521,1,
W03930T.mp4,xà phòng,T,111,RG03522,1,
W03931B.mp4,xà phòng giặt,B,103,RG03523,1,
W03931N.mp4,xà phòng giặt,N,125,RG03524,2,0.234
W03931T.mp4,xà phòng giặt,T,125,RG03524,2,0.234
D0376.mp4,xào,-,224,RG03525,1,
W03940.mp4,xác chết,-,91,RG03526,1,
W03941.mp4,xác định,-,94,RG03527,1,
W03943.mp4,xách nặng,-,154,RG03528,1,
W03936.mp4,xách túi,-,106,RG03529,1,
W02380.mp4,xâm hại tình dục,-,97,RG03530,1,
W03953.mp4,xâm lược,-,120,RG03531,1,
W03956B.mp4,xây,B,141,RG03532,1,
W03956N.mp4,xây,N,134,RG03533,2,0.296
W03956T.mp4,xây,T,134,RG03533,2,0.296
W03958.mp4,xây nhà,-,110,RG03534,1,
W03939.mp4,xã,-,226,RG03535,1,
W03935B.mp4,xã hội,B,126,RG03536,1,
W03935N.mp4,xã hội,N,137,RG03537,2,0.267
W03935T.mp4,xã hội,T,137,RG03537,2,0.267
W03973.mp4,xé rách,-,80,RG03538,1,
W00175.mp4,xì hơi (đánh rắm),-,99,RG03539,1,
W00175N.mp4,xì hơi (đánh rắm),N,57,RG03540,1,
W03986.mp4,xích đạo,-,137,RG03541,1,
W03993.mp4,xóa bảng,-,187,RG03542,1,
W03999.mp4,xóm làng,-,119,RG03543,1,
W04000.mp4,xô,-,125,RG03544,1,
W04001.mp4,xôi,-,110,RG03545,1,
D0089.mp4,xôi gà,-,130,RG03546,1,
D0088.mp4,xôi gấc,-,108,RG03547,1,
W04003.mp4,xông hơi,-,100,RG03548,1,
W04013.mp4,xúc xắc,-,120,RG03549,1,
W03947.mp4,xăm,-,114,RG03550,1,
W03948.mp4,xăng,-,113,RG03551,1,
W03949.mp4,xăng-ti-mét (cm),-,121,RG03552,1,
W03950.mp4,xăng-ti-mét-khối (cm3),-,159,RG03553,1,
W03951.mp4,xăng-ti-mét-vuông (cm2),-,145,RG03554,1,
W04025B.mp4,xưa,B,180,RG03555,1,
W04025N.mp4,xưa,N,89,RG03556,1,
W04025T.mp4,xưa,T,144,RG03557,1,
W04028.mp4,xương rồng,-,139,RG03558,1,
W03933.mp4,xả rác,-,72,RG03559,1,
D0258.mp4,xảy ra,-,103,RG03560,1,
W03976.mp4,xẻng,-,122,RG03561,1,
W03978.mp4,xếp,-,117,RG03562,1,
W03979.mp4,xếp hàng,-,100,RG03563,1,
W03980.mp4,xếp hàng dọc,-,92,RG03564,1,
W03981.mp4,xếp hàng ngang,-,98,RG03565,1,
W03982.mp4,xếp hàng ưu tiên,-,130,RG03566,1,
W03983.mp4,xếp hình,-,107,RG03567,1,
W01043.mp4,xịt côn trùng,-,153,RG03568,1,
W04023.mp4,xứ Nghệ,-,112,RG03569,1,
D0115.mp4,xử lý,-,131,RG03570,1,
D0518N.mp4,y,N,64,RG03571,1,
W04034.mp4,y tế,-,114,RG03572,1,
W04044.mp4,yên bình,-,151,RG03573,1,
W04046.mp4,yên lòng,-,146,RG03574,1,
W00942.mp4,yên ngựa,-,127,RG03575,1,
W04048.mp4,yên tâm,-,136,RG03576,1,
W04057B.mp4,yêu cầu,B,149,RG03577,1,
W04057N.mp4,yêu cầu,N,225,RG03578,2,0.233
W04057T.mp4,yêu cầu,T,225,RG03578,2,0.233
W04058B.mp4,yêu mến (yêu quí),B,103,RG03579,1,
W04058N.mp4,yêu mến (yêu quí),N,143,RG03580,2,0.223
W04058T.mp4,yêu mến (yêu quí),T,143,RG03580,2,0.223
D0232.mp4,yêu nước Việt Nam,-,320,RG03581,1,
W04041.mp4,yếm,-,88,RG03582,1,
W04059B.mp4,yếu,B,106,RG03583,1,
W04059N.mp4,yếu,N,99,RG03584,2,0.19
W04059T.mp4,yếu,T,99,RG03584,2,0.19
W04060.mp4,yếu tố,-,132,RG03585,1,
D0519.mp4,z,-,170,RG03586,1,
W00062.mp4,Âu Cơ,-,114,RG03587,1,
W01357.mp4,Ê Đê,-,128,RG03588,1,
W01360.mp4,Ê-ti-ô-pi-a (nước Ê-ti-ô-pi-a),-,136,RG03589,1,
D0215.mp4,Ô-lim-píc,-,140,RG03590,1,
W00000.mp4,ác,-,120,RG03591,1,
W00001.mp4,ác cảm,-,130,RG03592,1,
W00003.mp4,ác mộng,-,118,RG03593,1,
W00002.mp4,ác độc,-,114,RG03594,1,
W00028.mp4,áo,-,119,RG03595,1,
W00030.mp4,áo cánh,-,98,RG03596,1,
D0302.mp4,áo kẻ sọc,-,127,RG03597,1,
W00033.mp4,áo len,-,106,RG03598,1,
W00034.mp4,áo phao,-,130,RG03599,1,
W00035B.mp4,áo phông,B,157,RG03600,1,
W00035N.mp4,áo phông,N,161,RG03601,1,
W00035T.mp4,áo phông,T,159,RG03602,1,
W00032B.mp4,áo đồng phục,B,175,RG03603,1,
W00032N.mp4,áo đồng phục,N,161,RG03604,2,0.278
W00032T.mp4,áo đồng phục,T,161,RG03604,2,0.278
W00029.mp4,áo ấm,-,113,RG03605,1,
W00036.mp4,áp phích,-,141,RG03606,1,
D0491B.mp4,â,B,108,RG03607,1,
D0491N.mp4,â,N,111,RG03608,2,0.284
D0491T.mp4,â,T,111,RG03608,2,0.284
W00045.mp4,âm thanh,-,118,RG03609,1,
W00057B.mp4,ân hận,B,142,RG03610,1,
W00057N.mp4,ân hận,N,114,RG03611,1,
W00057T.mp4,ân hận,T,126,RG03612,1,
D0497B.mp4,ê,B,76,RG03613,1,
D0497N.mp4,ê,N,129,RG03614,2,0.265
D0497T.mp4,ê,T,129,RG03614,2,0.265
W01727.mp4,ích lợi,-,95,RG03615,1,
W01730.mp4,ít,-,106,RG03616,1,
W01731.mp4,ít hơn,-,131,RG03617,1,
W01732.mp4,ít nhất,-,110,RG03618,1,
W02557.mp4,óc,-,159,RG03619,1,
D0507B.mp4,ô,B,84,RG03620,1,
D0507N.mp4,ô,N,68,RG03621,2,0.23
D0507T.mp4,ô,T,68,RG03621,2,0.23
W02559.mp4,ô nhiễm,-,134,RG03622,1,
W02561.mp4,ô tô,-,107,RG03623,1,
W02558.mp4,ô ăn quan,-,111,RG03624,1,
W02565.mp4,ôm,-,102,RG03625,1,
W02569.mp4,ôn luyện,-,105,RG03626,1,
W02570.mp4,ôn tập,-,105,RG03627,1,
D0151B.mp4,ông bà,B,113,RG03628,2,0.257
D0151T.mp4,ông bà,T,113,RG03628,2,0.257
D0151N.mp4,ông bà,N,112,RG03629,1,
W02572.mp4,ông già,-,122,RG03630,1,
W02575B.mp4,ông ngoại,B,109,RG03631,2,0.294
W02575T.mp4,ông ngoại,T,109,RG03631,2,0.294
W02575N.mp4,ông ngoại,N,84,RG03632,1,
W02576B.mp4,ông nội,B,110,RG03633,1,
W02576N.mp4,ông nội,N,84,RG03634,1,
W02576T.mp4,ông nội,T,157,RG03635,1,
W03749.mp4,úp,-,110,RG03636,1,
W04035.mp4,ý chí,-,107,RG03637,1,
W04038B.mp4,ý nghĩa,B,121,RG03638,1,
W04038N.mp4,ý nghĩa,N,124,RG03639,2,0.212
W04038T.mp4,ý nghĩa,T,124,RG03639,2,0.212
W04039.mp4,ý thức,-,106,RG03640,1,
W04040.mp4,ý tưởng,-,131,RG03641,1,
D0490B.mp4,ă,B,89,RG03642,1,
D0490N.mp4,ă,N,128,RG03643,2,0.244
D0490T.mp4,ă,T,128,RG03643,2,0.244
D0338.mp4,ăn bám,-,98,RG03644,1,
D0600.mp4,ăn cóc,-,120,RG03645,1,
W00039.mp4,ăn diện,-,144,RG03646,1,
W00040.mp4,ăn hối lộ,-,142,RG03647,1,
W00042.mp4,ăn uống,-,280,RG03648,1,
D0172.mp4,ăn vú sữa,-,105,RG03649,1,
D0171.mp4,ăn vú sữa (bằng thìa),-,135,RG03650,1,
W00043.mp4,ăn vặt,-,119,RG03651,1,
D0257.mp4,ăn vụng,-,78,RG03652,1,
D0441.mp4,ăn vừa,-,123,RG03653,1,
W00044.mp4,ăn xin,-,116,RG03654,1,
D0442.mp4,ăn ít,-,82,RG03655,1,
D0440.mp4,ăn đủ,-,98,RG03656,1,
W01207.mp4,Điện Biên Phủ,-,154,RG03657,1,
D0011.mp4,Đu Bai (nước Đu Bai),-,100,RG03658,1,
W01286.mp4,Đông Dương,-,108,RG03659,1,
W01262.mp4,Đông Nam,-,115,RG03660,1,
W01263.mp4,Đông Nam Á,-,253,RG03661,1,
W01288.mp4,Đông Timor (nước Đông Timor),-,102,RG03662,1,
D0425.mp4,Đảng,-,108,RG03663,1,
W01125.mp4,Đắk Lắk,-,87,RG03664,1,
W01130.mp4,Đặng Văn Ngữ,-,131,RG03665,1,
W01186.mp4,Đền Hùng,-,146,RG03666,1,
W01266.mp4,Đồng Nai,-,134,RG03667,1,
W01267.mp4,Đồng Tháp Mười,-,129,RG03668,1,
D0495.mp4,đ,-,105,RG03669,1,
W01095.mp4,đan,-,126,RG03670,1,
D0356.mp4,đau bụng,-,110,RG03671,1,
D0358.mp4,đau chân,-,89,RG03672,1,
D0355.mp4,đau mắt,-,104,RG03673,1,
D0446.mp4,đau mắt đỏ,-,140,RG03674,1,
D0359.mp4,đau tai,-,122,RG03675,1,
D0357.mp4,đau tay,-,105,RG03676,1,
W01153B.mp4,đen láy (như đen nhánh),B,129,RG03677,1,
W01153N.mp4,đen láy (như đen nhánh),N,109,RG03678,2,0.245
W01153T.mp4,đen láy (như đen nhánh),T,109,RG03678,2,0.245
D0267B.mp4,đen đủi,B,245,RG03679,1,
W01164.mp4,đeo kính,-,122,RG03680,1,
W01190.mp4,đi,-,107,RG03681,1,
D0157B.mp4,đi dạo,B,129,RG03682,2,0.252
D0157T.mp4,đi dạo,T,129,RG03682,2,0.252
D0157N.mp4,đi dạo,N,124,RG03683,1,
W01191.mp4,đi học,-,109,RG03684,1,
D0251.mp4,"đi lạc (đường, rừng..)",-,140,RG03685,1,
D0234.mp4,đi tuần,-,135,RG03686,1,
D0486.mp4,đi vệ sinh,-,115,RG03687,1,
W01219.mp4,đinh,-,78,RG03688,1,
W01210.mp4,điêu khắc,-,158,RG03689,1,
W01213B.mp4,điều hòa,B,119,RG03690,1,
W01213T.mp4,điều hòa,T,157,RG03691,1,
W01214.mp4,điều khiển,-,133,RG03692,1,
W01215.mp4,điều kiện,-,116,RG03693,1,
W01212B.mp4,điều phối,B,101,RG03694,1,
W01212N.mp4,điều phối,N,94,RG03695,1,
W01216.mp4,điều tra,-,135,RG03696,1,
W01217.mp4,điều trị,-,170,RG03697,1,
W01203.mp4,điểm ở giữa đoạn thẳng,-,143,RG03698,1,
W01205B.mp4,điện,B,72,RG03699,1,
W01205N.mp4,điện,N,111,RG03700,2,0.239
W01205T.mp4,điện,T,111,RG03700,2,0.239
W01208.mp4,điện thoại,-,179,RG03701,1,
W01227.mp4,đo,-,118,RG03702,1,
W01229.mp4,đoàn cải lương,-,149,RG03703,1,
W01231.mp4,đoàn thanh niên,-,135,RG03704,1,
W01232.mp4,đoàn tụ,-,157,RG03705,1,
W01234.mp4,đoán,-,121,RG03706,1,
W01236.mp4,đoạn thơ,-,138,RG03707,1,
W01235.mp4,đoạn thẳng,-,124,RG03708,1,
W01237.mp4,đoạn văn,-,145,RG03709,1,
W01315.mp4,đua ngựa,-,118,RG03710,1,
W01316.mp4,đua thuyền,-,133,RG03711,1,
W01317.mp4,đua xe máy,-,124,RG03712,1,
D0460.mp4,đua đòi,-,114,RG03713,1,
W01321.mp4,đun nấu,-,119,RG03714,1,
W01323.mp4,đuôi,-,128,RG03715,1,
D0076.mp4,đuôi chuột,-,164,RG03716,1,
D0075.mp4,đuôi cá,-,134,RG03717,1,
W01322.mp4,đuốc,-,119,RG03718,1,
W01080.mp4,đài sen,-,100,RG03719,1,
W01099.mp4,đàn bướm,-,96,RG03720,1,
W01098.mp4,đàn bầu,-,126,RG03721,1,
W01100.mp4,đàn ghi ta,-,96,RG03722,1,
W01101.mp4,đàn kiến,-,108,RG03723,1,
W01103.mp4,đàn tơ-rưng,-,224,RG03724,1,
W01096.mp4,đàn xê lô đại vĩ cầm,-,97,RG03725,1,
D0226.mp4,đàng hoàng,-,116,RG03726,1,
W01104.mp4,đàng ngoài,-,100,RG03727,1,
W01105.mp4,đàng trong,-,83,RG03728,1,
W01115.mp4,đào tạo,-,79,RG03729,1,
W01078.mp4,đá bóng,-,182,RG03730,1,
W01093.mp4,đám ma,-,182,RG03731,1,
W01094.mp4,đám mây,-,105,RG03732,1,
W01106.mp4,đáng quý,-,91,RG03733,1,
W01107.mp4,đánh,-,82,RG03734,1,
W01108.mp4,đánh bắt,-,94,RG03735,1,
D0343.mp4,đánh cầu lông,-,119,RG03736,1,
W01110.mp4,đánh giá,-,87,RG03737,1,
D0414.mp4,đánh răng,-,114,RG03738,1,
W01112.mp4,đánh răng,-,89,RG03739,1,
W01113.mp4,đánh trống,-,86,RG03740,1,
W01154B.mp4,đèn báo giao thông,B,91,RG03741,1,
W01154N.mp4,đèn báo giao thông,N,109,RG03742,2,0.248
W01154T.mp4,đèn báo giao thông,T,109,RG03742,2,0.248
W01158.mp4,đèn lồng,-,134,RG03743,1,
W01159B.mp4,đèn pin,B,92,RG03744,1,
W01159N.mp4,đèn pin,N,101,RG03745,1,
W01159T.mp4,đèn pin,T,250,RG03746,1,
W01161B.mp4,đèn vàng,B,111,RG03747,1,
W01161N.mp4,đèn vàng,N,97,RG03748,1,
W01161T.mp4,đèn vàng,T,131,RG03749,1,
W01162B.mp4,đèn xanh,B,115,RG03750,1,
W01162N.mp4,đèn xanh,N,122,RG03751,1,
W01162T.mp4,đèn xanh,T,123,RG03752,1,
D0212.mp4,đèn ông sao,-,242,RG03753,1,
W01155B.mp4,đèn điện,B,80,RG03754,1,
W01155N.mp4,đèn điện,N,101,RG03755,2,0.25
W01155T.mp4,đèn điện,T,101,RG03755,2,0.25
W01156.mp4,đèn đỏ,-,162,RG03756,1,
W01166.mp4,đèo,-,97,RG03757,1,
W01165B.mp4,đèo Hải Vân,B,91,RG03758,1,
W01165N.mp4,đèo Hải Vân,N,82,RG03759,2,0.241
W01165T.mp4,đèo Hải Vân,T,82,RG03759,2,0.241
W01201.mp4,đích,-,71,RG03760,1,
D0462.mp4,đòi,-,110,RG03761,1,
D0463.mp4,đòi hỏi,-,123,RG03762,1,
D0371.mp4,đói không?,-,119,RG03763,1,
W01241.mp4,đón,-,146,RG03764,1,
W01242.mp4,đón tiếp,-,144,RG03765,1,
W01243.mp4,đóng cửa,-,118,RG03766,1,
W01244.mp4,đóng dấu,-,135,RG03767,1,
W01246.mp4,đóng góp,-,118,RG03768,1,
W01248.mp4,đô thị,-,118,RG03769,1,
W01273.mp4,đôi chân,-,146,RG03770,1,
W01255.mp4,đôi dép,-,112,RG03771,1,
W01274.mp4,đôi tay,-,129,RG03772,1,
D0424.mp4,đôi/cặp,-,121,RG03773,1,
W01287.mp4,đông lạnh,-,116,RG03774,1,
D0437B.mp4,đùa,B,123,RG03775,1,
D0437N.mp4,đùa,N,80,RG03776,2,0.214
D0437T.mp4,đùa,T,80,RG03776,2,0.214
D0324.mp4,đùm bọc,-,114,RG03777,1,
D0119B.mp4,đúng không?,B,94,RG03778,1,
D0119N.mp4,đúng không?,N,117,RG03779,1,
D0119T.mp4,đúng không?,T,88,RG03780,1,
W01126.mp4,đăng ký,-,93,RG03781,1,
W01127.mp4,đăng nhập,-,80,RG03782,1,
W01192.mp4,đĩa,-,121,RG03783,1,
W01193.mp4,đĩa DVD,-,134,RG03784,1,
W01318.mp4,đũa,-,120,RG03785,1,
W01305.mp4,đơn giản,-,161,RG03786,1,
W01325.mp4,đưa đón,-,118,RG03787,1,
W01341.mp4,đường Nguyễn Huệ,-,130,RG03788,1,
W01329.mp4,đường biên giới,-,131,RG03789,1,
W01330.mp4,đường bộ,-,138,RG03790,1,
W01331.mp4,đường cao,-,130,RG03791,1,
W01332.mp4,đường chéo,-,117,RG03792,1,
W00569.mp4,đường chỉ tay,-,132,RG03793,1,
W01335.mp4,đường hàng không,-,161,RG03794,1,
W01336.mp4,đường hầm,-,150,RG03795,1,
W01337.mp4,đường kính,-,111,RG03796,1,
W03172.mp4,đường ray xe lửa,-,118,RG03797,1,
W01343.mp4,đường sắt,-,128,RG03798,1,
W01345.mp4,đường thuỷ,-,164,RG03799,1,
W01344.mp4,đường thẳng,-,146,RG03800,1,
W01346.mp4,đường tròn,-,157,RG03801,1,
W01082B.mp4,đại diện,B,77,RG03802,2,0.222
W01082T.mp4,đại diện,T,77,RG03802,2,0.222
W01082N.mp4,đại diện,N,82,RG03803,1,
W01083.mp4,đại dương,-,100,RG03804,1,
W01085.mp4,đại số,-,110,RG03805,1,
D0253.mp4,đại sứ,-,109,RG03806,1,
W01086.mp4,đại tá,-,113,RG03807,1,
W01088.mp4,đại tướng,-,117,RG03808,1,
W01089.mp4,đại úy,-,131,RG03809,1,
W01114.mp4,đạn,-,82,RG03810,1,
D0093.mp4,đạo diễn,-,211,RG03811,1,
W01092.mp4,đảm nhiệm,-,104,RG03812,1,
W01116.mp4,đảo,-,101,RG03813,1,
W03076.mp4,đảo Hoàng Sa,-,89,RG03814,1,
W01117.mp4,đảo Lý Sơn,-,105,RG03815,1,
W01118.mp4,đảo Phú Quốc,-,98,RG03816,1,
W03073.mp4,đảo Trường Sa,-,86,RG03817,1,
W01135.mp4,đất,-,70,RG03818,1,
W01137.mp4,đất màu mỡ,-,88,RG03819,1,
D0303.mp4,đất nước bị chia cắt (Việt Nam),-,153,RG03820,1,
W01138.mp4,đất nặn,-,88,RG03821,1,
D0116.mp4,đất ruộng,-,148,RG03822,1,
W01140.mp4,đất trồng cây,-,110,RG03823,1,
W01146.mp4,đấu tranh,-,144,RG03824,1,
W01148.mp4,đấu vật,-,150,RG03825,1,
W01141.mp4,đầu gối,-,105,RG03826,1,
W01142.mp4,đầu hàng,-,79,RG03827,1,
W01144.mp4,đầu tiên,-,80,RG03828,1,
W01143.mp4,đầu tàu,-,160,RG03829,1,
D0260.mp4,đầu tư,-,80,RG03830,1,
W01145.mp4,đầu xuôi đuôi lọt,-,147,RG03831,1,
W01149.mp4,đầy,-,218,RG03832,1,
W01151.mp4,đầy tớ,-,137,RG03833,1,
W01150.mp4,đầy đủ,-,123,RG03834,1,
W01152.mp4,đẩy,-,119,RG03835,1,
W01134.mp4,đập,-,205,RG03836,1,
W01131.mp4,đắt đỏ,-,90,RG03837,1,
W01128.mp4,đằng sau,-,91,RG03838,1,
W01129.mp4,đằng trước,-,82,RG03839,1,
W01122.mp4,đặc biệt,-,316,RG03840,1,
W01122B.mp4,đặc biệt,B,67,RG03841,1,
W01122N.mp4,đặc biệt,N,88,RG03842,2,0.2
W01122T.mp4,đặc biệt,T,88,RG03842,2,0.2
W01124.mp4,đặc điểm,-,105,RG03843,1,
W01132.mp4,đặt,-,90,RG03844,1,
D0195B.mp4,đẹp không?,B,82,RG03845,2,0.158
D0195T.mp4,đẹp không?,T,82,RG03845,2,0.158
D0195N.mp4,đẹp không?,N,107,RG03846,1,
D0128B.mp4,đẹp không? (người),B,94,RG03847,2,0.209
D0128T.mp4,đẹp không? (người),T,94,RG03847,2,0.209
D0128N.mp4,đẹp không? (người),N,117,RG03848,1,
W01172.mp4,đẹp mê hồn,-,176,RG03849,1,
W01170.mp4,đẹp đẽ (như đẹp),-,134,RG03850,1,
W01184.mp4,đếm,-,71,RG03851,1,
W01177B.mp4,đề nghị,B,87,RG03852,1,
W01177N.mp4,đề nghị,N,219,RG03853,2,0.229
W01177T.mp4,đề nghị,T,219,RG03853,2,0.229
W02804.mp4,đề phòng,-,115,RG03854,1,
W01179.mp4,đề tài,-,71,RG03855,1,
W01175.mp4,đề-ca-mét (dam),-,142,RG03856,1,
W01176.mp4,đề-ca-mét vuông (dam2),-,136,RG03857,1,
W01181.mp4,đề-xi-mét (dm),-,115,RG03858,1,
W01182.mp4,đề-xi-mét khối (dm3),-,123,RG03859,1,
W01183.mp4,đề-xi-mét vuông (dm2),-,123,RG03860,1,
W01185N.mp4,đền,N,114,RG03861,1,
W01188.mp4,đều đặn,-,114,RG03862,1,
W01173.mp4,để (đặt),-,120,RG03863,1,
W04069.mp4,đệm,-,140,RG03864,1,
W01224.mp4,đỉnh,-,112,RG03865,1,
W01225.mp4,đỉnh núi,-,131,RG03866,1,
D0001B.mp4,địa chỉ,B,130,RG03867,1,
D0001N.mp4,địa chỉ,N,133,RG03868,2,0.235
D0001T.mp4,địa chỉ,T,133,RG03868,2,0.235
W01194.mp4,địa cầu,-,105,RG03869,1,
D0478.mp4,địa hình,-,148,RG03870,1,
W01199.mp4,địa lí,-,82,RG03871,1,
W01197.mp4,địa điểm,-,74,RG03872,1,
W01196.mp4,địa đạo Củ Chi,-,143,RG03873,1,
W01226.mp4,định vị,-,87,RG03874,1,
W01239.mp4,đọc sách,-,127,RG03875,1,
W02922.mp4,đỏ thắm,-,99,RG03876,1,
W01257.mp4,đối diện,-,121,RG03877,1,
W01279.mp4,đối thoại,-,136,RG03878,1,
W01258.mp4,đối tượng,-,136,RG03879,1,
W01281.mp4,đối xứng,-,109,RG03880,1,
W01280.mp4,đối xử,-,182,RG03881,1,
W01249.mp4,đồ chơi,-,148,RG03882,1,
W01250.mp4,đồ dùng dạy học,-,134,RG03883,1,
W01251.mp4,đồ dùng học tập,-,153,RG03884,1,
D0443.mp4,đồ uống,-,103,RG03885,1,
D0444.mp4,đồ ăn,-,114,RG03886,1,
W01261.mp4,đồn công an,-,134,RG03887,1,
W01289.mp4,đồng bào,-,124,RG03888,1,
W01264.mp4,đồng bằng,-,145,RG03889,1,
D0063.mp4,đồng bằng duyên hải miền Trung,-,136,RG03890,1,
D0061.mp4,đồng bằng sông Cửu Long,-,150,RG03891,1,
D0062.mp4,đồng bằng sông Hồng,-,155,RG03892,1,
W01265.mp4,đồng hồ,-,126,RG03893,1,
W01293.mp4,đồng lúa,-,148,RG03894,1,
W01294B.mp4,đồng phục,B,175,RG03895,1,
W01294N.mp4,đồng phục,N,145,RG03896,2,0.294
W01294T.mp4,đồng phục,T,145,RG03896,2,0.294
W01295.mp4,đồng ruộng,-,101,RG03897,1,
W01296.mp4,đồng tiền,-,129,RG03898,1,
W01268.mp4,đổ nước,-,91,RG03899,1,
W01256.mp4,đổi,-,139,RG03900,1,
W01277.mp4,đổi mới,-,135,RG03901,1,
W01254.mp4,độc hại,-,67,RG03902,1,
W01272.mp4,độc lập,-,117,RG03903,1,
W01283.mp4,đội thiếu niên,-,161,RG03904,1,
W01260.mp4,đội trưởng,-,129,RG03905,1,
W01299.mp4,động cơ,-,139,RG03906,1,
W01302.mp4,động viên,-,134,RG03907,1,
W01314.mp4,đỡ,-,106,RG03908,1,
W01304B.mp4,đợi,B,88,RG03909,2,0.184
W01304T.mp4,đợi,T,88,RG03909,2,0.184
W01304N.mp4,đợi,N,95,RG03910,1,
W01326.mp4,đứng nghiêm,-,99,RG03911,1,
D0028.mp4,đứng đầu (hàng đầu),-,98,RG03912,1,
W01328.mp4,đựng,-,121,RG03913,1,
D0508N.mp4,ơ,N,89,RG03914,1,
D0515N.mp4,ư,N,118,RG03915,1,
W03758B.mp4,ưu tiên,B,136,RG03916,1,
W03758N.mp4,ưu tiên,N,132,RG03917,2,0.228
W03758T.mp4,ưu tiên,T,132,RG03917,2,0.228
W03757.mp4,ưu điểm,-,148,RG03918,1,
D0008.mp4,Ả Rập (nước Ả Rập),-,99,RG03919,1,
W00027.mp4,ảo thuật,-,109,RG03920,1,
W00053.mp4,ấm no,-,159,RG03921,1,
W00055.mp4,ấm trà,-,135,RG03922,1,
W00051.mp4,ấm áp,-,98,RG03923,1,
W00052.mp4,ấm đun nước,-,175,RG03924,1,
W00059.mp4,ấn,-,135,RG03925,1,
W00061.mp4,ấn tượng,-,144,RG03926,1,
W00048.mp4,ầm ĩ,-,102,RG03927,1,
W00049.mp4,ẩm mốc,-,154,RG03928,1,
W00050.mp4,ẩm ướt,-,126,RG03929,1,
W01358.mp4,ế ẩm,-,104,RG03930,1,
W02564.mp4,ốc vít,-,212,RG03931,1,
W02567.mp4,ốm đau,-,151,RG03932,1,
W02577.mp4,ống nghe,-,132,RG03933,1,
W02578.mp4,ống nhòm,-,234,RG03934,1,
W02579.mp4,ống nước,-,130,RG03935,1,
W02571.mp4,ổn định,-,121,RG03936,1,
W02580B.mp4,ở ngoài,B,95,RG03937,1,
W02580N.mp4,ở ngoài,N,251,RG03938,2,0.235
W02580T.mp4,ở ngoài,T,251,RG03938,2,0.235
W02581.mp4,ở trong,-,129,RG03939,1,
W03741.mp4,ủng,-,139,RG03940,1,
W03742.mp4,ủng hộ,-,115,RG03941,1,
W03750.mp4,ủy ban,-,146,RG03942,1,
W037511.mp4,ủy ban nhân dân,-,148,RG03943,1,
W03751B.mp4,ủy quyền,B,154,RG03944,2,0.284
W03751T.mp4,ủy quyền,T,154,RG03944,2,0.284
W03751N.mp4,ủy quyền,N,166,RG03945,1,
W03752.mp4,ức chế,-,174,RG03946,1,
