video_id,file_name,file_path,file_size_mb,gloss_raw,gloss_normalized,possible_region_or_dialect,possible_signer_id,num_frames,fps,width,height,fast_md5,status,dialect,recording_group,split
648,D0551T.mp4,C:\Users\Admin\Python Advanced\Deep Learning - CV\Project\data\Dataset\Videos\D0551T.mp4,0.654,1 000 000 (một triệu),1 000 000 (một triệu),T (Miền Trung / Central),unknown,71,23.98,1280,720,14c185b17cdd0392b42f2504000963ec,VALID,T,RG00005,train
649,D0552B.mp4,C:\Users\Admin\Python Advanced\Deep Learning - CV\Project\data\Dataset\Videos\D0552B.mp4,0.813,1 000 000 000 (một tỉ),1 000 000 000 (một tỉ),B (Miền Bắc / North),unknown,90,23.98,1280,720,0d2659da4b5cf8719a786ba25a8fcf7f,VALID,B,RG00006,train
651,D0552T.mp4,C:\Users\Admin\Python Advanced\Deep Learning - CV\Project\data\Dataset\Videos\D0552T.mp4,0.808,1 000 000 000 (một tỉ),1 000 000 000 (một tỉ),T (Miền Trung / Central),unknown,89,23.98,1280,720,7c36d4960f6a8b7082656d1db080ad98,VALID,T,RG00006,train
645,D0550T.mp4,C:\Users\Admin\Python Advanced\Deep Learning - CV\Project\data\Dataset\Videos\D0550T.mp4,0.646,10 000 (mười nghìn),10 000 (mười nghìn),T (Miền Trung / Central),unknown,81,23.98,1280,720,db1b11681f0deab8ff4dde2982e0b819,VALID,T,RG00011,train
628,D0540B.mp4,C:\Users\Admin\Python Advanced\Deep Learning - CV\Project\data\Dataset\Videos\D0540B.mp4,0.54,11,11,B (Miền Bắc / North),unknown,121,29.97,1280,720,8b0b3cb51e1e9894e002e8dcacdd61c7,VALID,B,RG00014,train
631,D0541B.mp4,C:\Users\Admin\Python Advanced\Deep Learning - CV\Project\data\Dataset\Videos\D0541B.mp4,0.43,12,12,B (Miền Bắc / North),unknown,99,29.97,1280,720,687a7c77effb25877ea2f0506985877d,VALID,B,RG00016,train
3816,D0542B.mp4,C:\Users\Admin\Python Advanced\Deep Learning - CV\Project\data\Dataset\Videos\D0542B.mp4,0.344,23,23,B (Miền Bắc / North),unknown,70,23.98,1280,720,ffa3eecc229a9e6598e1f7fc23f0e4e2,VALID,B,RG00021,train
621,D0535B.mp4,C:\Users\Admin\Python Advanced\Deep Learning - CV\Project\data\Dataset\Videos\D0535B.mp4,1.425,6,6,B (Miền Bắc / North),unknown,279,29.97,1280,720,7d20a296802717759b5f8004d3a22054,VALID,B,RG00031,train
656,W00004B.mp4,C:\Users\Admin\Python Advanced\Deep Learning - CV\Project\data\Dataset\Videos\W00004B.mp4,0.473,ai,ai,B (Miền Bắc / North),unknown,111,30.0,1280,720,24f2f564d89e7e9e97f00c2d9ea96c66,VALID,B,RG00179,train
662,W00009N.mp4,C:\Users\Admin\Python Advanced\Deep Learning - CV\Project\data\Dataset\Videos\W00009N.mp4,0.464,Anh (nước Anh),anh (nước anh),N (Miền Nam / South),unknown,117,29.97,1280,720,070752c298fa3b0c8330206e2d3c6f7c,VALID,N,RG00042,train
663,W00009T.mp4,C:\Users\Admin\Python Advanced\Deep Learning - CV\Project\data\Dataset\Videos\W00009T.mp4,0.463,Anh (nước Anh),anh (nước anh),T (Miền Trung / Central),unknown,117,29.97,1280,720,38f8ca5324e2a383009a0b546749e0d8,VALID,T,RG00042,train
666,W00012B.mp4,C:\Users\Admin\Python Advanced\Deep Learning - CV\Project\data\Dataset\Videos\W00012B.mp4,0.801,anh dũng,anh dũng,B (Miền Bắc / North),unknown,154,29.97,1280,720,017177b190aae6fb59eb0f794e96b1f8,VALID,B,RG00186,train
3820,W00013B.mp4,C:\Users\Admin\Python Advanced\Deep Learning - CV\Project\data\Dataset\Videos\W00013B.mp4,0.95,anh em,anh em,B (Miền Bắc / North),unknown,185,29.97,1280,720,be1b7b6f9e4af55bdde447ec8e7ebb04,VALID,B,RG00188,train
185,D0143B.mp4,C:\Users\Admin\Python Advanced\Deep Learning - CV\Project\data\Dataset\Videos\D0143B.mp4,0.299,"anh hai, anh cả","anh hai, anh cả",B (Miền Bắc / North),unknown,72,29.97,1280,720,0bd99ff17377f970f04a64cb74004fe0,VALID,B,RG00190,train
187,D0143T.mp4,C:\Users\Admin\Python Advanced\Deep Learning - CV\Project\data\Dataset\Videos\D0143T.mp4,0.299,"anh hai, anh cả","anh hai, anh cả",T (Miền Trung / Central),unknown,72,29.97,1280,720,b4fe2f61e3505fed6d26c72cc4b8c31a,VALID,T,RG00190,train
676,W00019B.mp4,C:\Users\Admin\Python Advanced\Deep Learning - CV\Project\data\Dataset\Videos\W00019B.mp4,0.913,anh ruột,anh ruột,B (Miền Bắc / North),unknown,177,29.97,1280,720,31344df6d0543a46319c75d301c4cec5,VALID,B,RG00194,train
673,W00018B.mp4,C:\Users\Admin\Python Advanced\Deep Learning - CV\Project\data\Dataset\Videos\W00018B.mp4,0.318,anh rể,anh rể,B (Miền Bắc / North),unknown,75,29.97,1280,720,5f07869b34a01856bbea0f9f0feddc9c,VALID,B,RG00196,train
720,W00086B.mp4,C:\Users\Admin\Python Advanced\Deep Learning - CV\Project\data\Dataset\Videos\W00086B.mp4,0.773,ban đêm,ban đêm,B (Miền Bắc / North),unknown,138,29.97,1280,720,79a23018ead63689eb75c377bba08c6e,VALID,B,RG00204,train
784,W00145B.mp4,C:\Users\Admin\Python Advanced\Deep Learning - CV\Project\data\Dataset\Videos\W00145B.mp4,0.622,bao giờ?,bao giờ?,B (Miền Bắc / North),unknown,117,29.97,1280,720,6039522ed197ba07b8d084512e87d1ee,VALID,B,RG00206,train
786,W00145T.mp4,C:\Users\Admin\Python Advanced\Deep Learning - CV\Project\data\Dataset\Videos\W00145T.mp4,0.621,bao giờ?,bao giờ?,T (Miền Trung / Central),unknown,117,29.97,1280,720,b4c124bd93cc00a7482d9412c94f3e36,VALID,T,RG00206,train
953,W00355N.mp4,C:\Users\Admin\Python Advanced\Deep Learning - CV\Project\data\Dataset\Videos\W00355N.mp4,0.553,Bra-xin (nước Bra-xin),bra-xin (nước bra-xin),N (Miền Nam / South),unknown,129,29.97,1280,720,fedaebda6794c7756b5f581131d94da9,VALID,N,RG00045,train
3879,W00355T.mp4,C:\Users\Admin\Python Advanced\Deep Learning - CV\Project\data\Dataset\Videos\W00355T.mp4,0.552,Bra-xin (nước Bra-xin),bra-xin (nước bra-xin),T (Miền Trung / Central),unknown,129,29.97,1280,720,6d75559a699ab72020c0e4884a662223,VALID,T,RG00045,train
954,W00356B.mp4,C:\Users\Admin\Python Advanced\Deep Learning - CV\Project\data\Dataset\Videos\W00356B.mp4,0.615,Bru-nây (nước Bru-nây),bru-nây (nước bru-nây),B (Miền Bắc / North),unknown,129,29.97,1280,720,e33f492c2754f1d01aa05b2234fb978b,VALID,B,RG00046,train
979,W00374N.mp4,C:\Users\Admin\Python Advanced\Deep Learning - CV\Project\data\Dataset\Videos\W00374N.mp4,0.852,buông màn,buông màn,N (Miền Nam / South),unknown,132,29.97,1280,720,3fece4e7fca772c87c7dc7f8abc104ab,VALID,N,RG00228,train
3883,W00368B.mp4,C:\Users\Admin\Python Advanced\Deep Learning - CV\Project\data\Dataset\Videos\W00368B.mp4,0.709,buổi sáng,buổi sáng,B (Miền Bắc / North),unknown,130,29.97,1280,720,d30d1be1fd946d42379027859617dc4f,VALID,B,RG00234,train
973,W00370B.mp4,C:\Users\Admin\Python Advanced\Deep Learning - CV\Project\data\Dataset\Videos\W00370B.mp4,0.714,buổi trưa,buổi trưa,B (Miền Bắc / North),unknown,124,29.97,1280,720,318d448b2207fa952c98c593d134de27,VALID,B,RG00236,train
3884,W00369N.mp4,C:\Users\Admin\Python Advanced\Deep Learning - CV\Project\data\Dataset\Videos\W00369N.mp4,0.786,buổi tối,buổi tối,N (Miền Nam / South),unknown,142,29.97,1280,720,b2ca22bcabd9716e139ff3b0ebadf208,VALID,N,RG00240,train
972,W00369T.mp4,C:\Users\Admin\Python Advanced\Deep Learning - CV\Project\data\Dataset\Videos\W00369T.mp4,0.788,buổi tối,buổi tối,T (Miền Trung / Central),unknown,142,29.97,1280,720,cdb83d267c39e4b317cb613bf6d22f6a,VALID,T,RG00240,train
969,W00367N.mp4,C:\Users\Admin\Python Advanced\Deep Learning - CV\Project\data\Dataset\Videos\W00367N.mp4,0.534,buổi đêm,buổi đêm,N (Miền Nam / South),unknown,86,29.97,1280,720,a895ae77c6e4c18daa600fcb4ae3540f,VALID,N,RG00242,train
970,W00367T.mp4,C:\Users\Admin\Python Advanced\Deep Learning - CV\Project\data\Dataset\Videos\W00367T.mp4,0.534,buổi đêm,buổi đêm,T (Miền Trung / Central),unknown,86,29.97,1280,720,5160525cf13024860e96487626fab9c0,VALID,T,RG00242,train
714,W00075B.mp4,C:\Users\Admin\Python Advanced\Deep Learning - CV\Project\data\Dataset\Videos\W00075B.mp4,0.782,bài thơ,bài thơ,B (Miền Bắc / North),unknown,177,29.97,1280,720,c15896d357b304355ffab491043d7c2f,VALID,B,RG00246,train
740,W00107B.mp4,C:\Users\Admin\Python Advanced\Deep Learning - CV\Project\data\Dataset\Videos\W00107B.mp4,0.586,bán hàng,bán hàng,B (Miền Bắc / North),unknown,117,29.97,1280,720,0fc64934d6f91b2099ff8d9b0dcbb0fb,VALID,B,RG00257,train
770,W00129N.mp4,C:\Users\Admin\Python Advanced\Deep Learning - CV\Project\data\Dataset\Videos\W00129N.mp4,0.686,bánh cuốn,bánh cuốn,N (Miền Nam / South),unknown,143,29.97,1280,720,9bec5fec8b34c6e3e89c625259ddef13,VALID,N,RG00265,train
771,W00129T.mp4,C:\Users\Admin\Python Advanced\Deep Learning - CV\Project\data\Dataset\Videos\W00129T.mp4,0.693,bánh cuốn,bánh cuốn,T (Miền Trung / Central),unknown,143,29.97,1280,720,a1645c0ef7dff082f98de5f1d3753f89,VALID,T,RG00265,train
778,W00137B.mp4,C:\Users\Admin\Python Advanced\Deep Learning - CV\Project\data\Dataset\Videos\W00137B.mp4,0.734,bánh mì,bánh mì,B (Miền Bắc / North),unknown,143,29.97,1280,720,dc41a62a02a5926ba02eca3c0e812175,VALID,B,RG00272,train
796,W00160B.mp4,C:\Users\Admin\Python Advanced\Deep Learning - CV\Project\data\Dataset\Videos\W00160B.mp4,0.745,báo (con báo),báo (con báo),B (Miền Bắc / North),unknown,118,29.97,1280,720,7e64459694b51a8bda79da07074acd47,VALID,B,RG00281,train
844,W00220N.mp4,C:\Users\Admin\Python Advanced\Deep Learning - CV\Project\data\Dataset\Videos\W00220N.mp4,0.51,bé trai,bé trai,N (Miền Nam / South),unknown,117,29.97,1280,720,97a258a69f2f93b8c74f1c31cff7783e,VALID,N,RG00297,train
869,W00255B.mp4,C:\Users\Admin\Python Advanced\Deep Learning - CV\Project\data\Dataset\Videos\W00255B.mp4,0.633,bìa vở,bìa vở,B (Miền Bắc / North),unknown,137,29.97,1280,720,1496f96e1648ecdd5f68770e28fd030e,VALID,B,RG00309,train
881,W00274N.mp4,C:\Users\Admin\Python Advanced\Deep Learning - CV\Project\data\Dataset\Videos\W00274N.mp4,0.713,bình an,bình an,N (Miền Nam / South),unknown,141,29.97,1280,720,51a97f5f6d1afb9865584196473724d0,VALID,N,RG00313,train
3868,W00286N.mp4,C:\Users\Admin\Python Advanced\Deep Learning - CV\Project\data\Dataset\Videos\W00286N.mp4,0.467,bình thường,bình thường,N (Miền Nam / South),unknown,118,29.97,1280,720,84169f9674af86889029d9fe5614d8d6,VALID,N,RG00318,train
889,W00286T.mp4,C:\Users\Admin\Python Advanced\Deep Learning - CV\Project\data\Dataset\Videos\W00286T.mp4,0.466,bình thường,bình thường,T (Miền Trung / Central),unknown,118,29.97,1280,720,e6cf138bbc9ee6ebe03460fc4da335f0,VALID,T,RG00318,train
3716,D0077B.mp4,C:\Users\Admin\Python Advanced\Deep Learning - CV\Project\data\Dataset\Videos\D0077B.mp4,0.604,bít tết (bò),bít tết (bò),B (Miền Bắc / North),unknown,118,29.97,1280,720,889692641153198e7b792ffef3b35bdc,VALID,B,RG00322,train
903,W00304N.mp4,C:\Users\Admin\Python Advanced\Deep Learning - CV\Project\data\Dataset\Videos\W00304N.mp4,0.826,bón phân,bón phân,N (Miền Nam / South),unknown,144,29.97,1280,720,87f72008da4200724c04b302ab337630,VALID,N,RG00332,train
904,W00304T.mp4,C:\Users\Admin\Python Advanced\Deep Learning - CV\Project\data\Dataset\Videos\W00304T.mp4,0.828,bón phân,bón phân,T (Miền Trung / Central),unknown,144,29.97,1280,720,55a477e834e50767f7b9cc2c10c5a106,VALID,T,RG00332,train
931,W00336B.mp4,C:\Users\Admin\Python Advanced\Deep Learning - CV\Project\data\Dataset\Videos\W00336B.mp4,0.648,bông hoa,bông hoa,B (Miền Bắc / North),unknown,152,29.97,1280,720,2acfe6325b7f2ea9f7d2de2e1a110bb8,VALID,B,RG00334,train
986,W00383N.mp4,C:\Users\Admin\Python Advanced\Deep Learning - CV\Project\data\Dataset\Videos\W00383N.mp4,0.666,bút màu,bút màu,N (Miền Nam / South),unknown,144,29.97,1280,720,cd0e2a4069692b0126691cccb9912cde,VALID,N,RG00348,train
745,W00110N.mp4,C:\Users\Admin\Python Advanced\Deep Learning - CV\Project\data\Dataset\Videos\W00110N.mp4,0.454,bạn,bạn,N (Miền Nam / South),unknown,100,29.97,1280,720,d2d7e88b534b6579ff4787ccdeaaeee4,VALID,N,RG00366,train
3834,W00110T.mp4,C:\Users\Admin\Python Advanced\Deep Learning - CV\Project\data\Dataset\Videos\W00110T.mp4,0.431,bạn,bạn,T (Miền Trung / Central),unknown,100,29.97,1280,720,69f5df7ff1f4a2e78bee020d21235e7f,VALID,T,RG00366,train
747,W00111N.mp4,C:\Users\Admin\Python Advanced\Deep Learning - CV\Project\data\Dataset\Videos\W00111N.mp4,0.911,bạn gái,bạn gái,N (Miền Nam / South),unknown,175,29.97,1280,720,9d6d0cae670cf00f12ff7a9288616490,VALID,N,RG00368,train
748,W00111T.mp4,C:\Users\Admin\Python Advanced\Deep Learning - CV\Project\data\Dataset\Videos\W00111T.mp4,0.908,bạn gái,bạn gái,T (Miền Trung / Central),unknown,175,29.97,1280,720,644b18c4c75633b96f27784cd965cfc7,VALID,T,RG00368,train
749,W00112B.mp4,C:\Users\Admin\Python Advanced\Deep Learning - CV\Project\data\Dataset\Videos\W00112B.mp4,0.76,bạn trai,bạn trai,B (Miền Bắc / North),unknown,133,29.97,1280,720,f310b29c29ef7f63294083a1f862a154,VALID,B,RG00369,train
730,W00099B.mp4,C:\Users\Admin\Python Advanced\Deep Learning - CV\Project\data\Dataset\Videos\W00099B.mp4,0.828,bản đồ Việt Nam,bản đồ việt nam,B (Miền Bắc / North),unknown,156,29.97,1280,720,473058a702e6b23e99bb7343ff050ede,VALID,B,RG00380,train
754,W00119B.mp4,C:\Users\Admin\Python Advanced\Deep Learning - CV\Project\data\Dataset\Videos\W00119B.mp4,0.928,bảng cộng,bảng cộng,B (Miền Bắc / North),unknown,172,29.97,1280,720,4f3443725d18011aa46d7b1c5c72ab2f,VALID,B,RG00385,train
755,W00119T.mp4,C:\Users\Admin\Python Advanced\Deep Learning - CV\Project\data\Dataset\Videos\W00119T.mp4,0.968,bảng cộng,bảng cộng,T (Miền Trung / Central),unknown,172,29.97,1280,720,ffd66e728f64c8be7959bc82c40d579e,VALID,T,RG00385,train
762,W00124B.mp4,C:\Users\Admin\Python Advanced\Deep Learning - CV\Project\data\Dataset\Videos\W00124B.mp4,0.859,bảng nhân,bảng nhân,B (Miền Bắc / North),unknown,157,29.97,1280,720,decdf5acad47f6d3eeb60a23955c7fd4,VALID,B,RG00390,train
764,W00124T.mp4,C:\Users\Admin\Python Advanced\Deep Learning - CV\Project\data\Dataset\Videos\W00124T.mp4,0.857,bảng nhân,bảng nhân,T (Miền Trung / Central),unknown,157,29.97,1280,720,fd28cbb607a9d172ce8abc28a1c3164e,VALID,T,RG00390,train
3839,W00126N.mp4,C:\Users\Admin\Python Advanced\Deep Learning - CV\Project\data\Dataset\Videos\W00126N.mp4,0.653,bảng trừ,bảng trừ,N (Miền Nam / South),unknown,125,29.97,1280,720,119f705ea8ab3e4e621b43d203c5f906,VALID,N,RG00393,train
757,W00121B.mp4,C:\Users\Admin\Python Advanced\Deep Learning - CV\Project\data\Dataset\Videos\W00121B.mp4,0.89,bảng đen,bảng đen,B (Miền Bắc / North),unknown,155,29.97,1280,720,4608f8975cd85a832210666effbaea73,VALID,B,RG00394,train
759,W00121T.mp4,C:\Users\Admin\Python Advanced\Deep Learning - CV\Project\data\Dataset\Videos\W00121T.mp4,0.885,bảng đen,bảng đen,T (Miền Trung / Central),unknown,155,29.97,1280,720,cc48cc01565e17635f209f926dd27fb8,VALID,T,RG00394,train
793,W00159B.mp4,C:\Users\Admin\Python Advanced\Deep Learning - CV\Project\data\Dataset\Videos\W00159B.mp4,0.829,bảo vệ môi trường,bảo vệ môi trường,B (Miền Bắc / North),unknown,153,29.97,1280,720,bc4a4b817cd6d2a9003b4243d9ab1b52,VALID,B,RG00399,train
836,W00214B.mp4,C:\Users\Admin\Python Advanced\Deep Learning - CV\Project\data\Dataset\Videos\W00214B.mp4,0.359,bẫy chuột (hành động),bẫy chuột (hành động),B (Miền Bắc / North),unknown,78,29.97,1280,720,0cd3ba4660106c0e2d16b99f72d5f77f,VALID,B,RG00408,train
813,W00186N.mp4,C:\Users\Admin\Python Advanced\Deep Learning - CV\Project\data\Dataset\Videos\W00186N.mp4,0.772,bắn bi,bắn bi,N (Miền Nam / South),unknown,128,29.97,1280,720,d12ae7bfcdc1c05709e845a0173ca6d2,VALID,N,RG00417,train
814,W00186T.mp4,C:\Users\Admin\Python Advanced\Deep Learning - CV\Project\data\Dataset\Videos\W00186T.mp4,0.773,bắn bi,bắn bi,T (Miền Trung / Central),unknown,128,29.97,1280,720,2dfdc2ea5f16d17323657097808fa3a1,VALID,T,RG00417,train
822,W00196N.mp4,C:\Users\Admin\Python Advanced\Deep Learning - CV\Project\data\Dataset\Videos\W00196N.mp4,0.443,bắp ngô,bắp ngô,N (Miền Nam / South),unknown,101,29.97,1280,720,7ece0509e3effc3064ad188d18281cda,VALID,N,RG00421,train
823,W00196T.mp4,C:\Users\Admin\Python Advanced\Deep Learning - CV\Project\data\Dataset\Videos\W00196T.mp4,0.443,bắp ngô,bắp ngô,T (Miền Trung / Central),unknown,101,29.97,1280,720,8e7050c90d8f012afefb2acbf31b7c30,VALID,T,RG00421,train
3858,W00216N.mp4,C:\Users\Admin\Python Advanced\Deep Learning - CV\Project\data\Dataset\Videos\W00216N.mp4,0.678,bẻ ngô,bẻ ngô,N (Miền Nam / South),unknown,125,29.97,1280,720,7e14b474b35426b27f4fb2da848aca96,VALID,N,RG00433,train
840,W00216T.mp4,C:\Users\Admin\Python Advanced\Deep Learning - CV\Project\data\Dataset\Videos\W00216T.mp4,0.711,bẻ ngô,bẻ ngô,T (Miền Trung / Central),unknown,125,29.97,1280,720,4a685e2681dd64da58914c9cff4b58c0,VALID,T,RG00433,train
918,W00326N.mp4,C:\Users\Admin\Python Advanced\Deep Learning - CV\Project\data\Dataset\Videos\W00326N.mp4,0.377,bố dượng,bố dượng,N (Miền Nam / South),unknown,71,29.97,1280,720,002caadf7174acbbcc101a9bf8b1b23d,VALID,N,RG00460,train
919,W00326T.mp4,C:\Users\Admin\Python Advanced\Deep Learning - CV\Project\data\Dataset\Videos\W00326T.mp4,0.374,bố dượng,bố dượng,T (Miền Trung / Central),unknown,71,29.97,1280,720,311b61484dcc020a8ccf547f552ed34a,VALID,T,RG00460,train
934,W00337B.mp4,C:\Users\Admin\Python Advanced\Deep Learning - CV\Project\data\Dataset\Videos\W00337B.mp4,0.895,bốt cảnh sát,bốt cảnh sát,B (Miền Bắc / North),unknown,148,29.97,1280,720,3ad0b7e7fb4b322a331f526bf07e699e,VALID,B,RG00468,train
937,W00338N.mp4,C:\Users\Admin\Python Advanced\Deep Learning - CV\Project\data\Dataset\Videos\W00338N.mp4,0.89,bốt điện,bốt điện,N (Miền Nam / South),unknown,159,29.97,1280,720,7ae7d9495a2180905c814085e5d80a05,VALID,N,RG00471,train
938,W00338T.mp4,C:\Users\Admin\Python Advanced\Deep Learning - CV\Project\data\Dataset\Videos\W00338T.mp4,0.881,bốt điện,bốt điện,T (Miền Trung / Central),unknown,159,29.97,1280,720,adacb0bbb2ba8cd86e7bc28a76dd55d1,VALID,T,RG00471,train
922,W00328N.mp4,C:\Users\Admin\Python Advanced\Deep Learning - CV\Project\data\Dataset\Videos\W00328N.mp4,0.678,bộ đội,bộ đội,N (Miền Nam / South),unknown,135,29.97,1280,720,e939486775da2867c2b115841f3256b4,VALID,N,RG00483,train
941,W00341N.mp4,C:\Users\Admin\Python Advanced\Deep Learning - CV\Project\data\Dataset\Videos\W00341N.mp4,0.652,bột màu,bột màu,N (Miền Nam / South),unknown,130,29.97,1280,720,b9a32057ca603cf4a264ee32a1c6000a,VALID,N,RG00487,train
942,W00341T.mp4,C:\Users\Admin\Python Advanced\Deep Learning - CV\Project\data\Dataset\Videos\W00341T.mp4,0.676,bột màu,bột màu,T (Miền Trung / Central),unknown,130,29.97,1280,720,9c68df90cc13781726849bc04f39ac44,VALID,T,RG00487,train
959,W00359B.mp4,C:\Users\Admin\Python Advanced\Deep Learning - CV\Project\data\Dataset\Videos\W00359B.mp4,0.52,bụi phấn,bụi phấn,B (Miền Bắc / North),unknown,119,29.97,1280,720,7ba3afa3e0b9dada52f7c5756cf79a05,VALID,B,RG00495,train
961,W00359T.mp4,C:\Users\Admin\Python Advanced\Deep Learning - CV\Project\data\Dataset\Videos\W00359T.mp4,0.516,bụi phấn,bụi phấn,T (Miền Trung / Central),unknown,119,29.97,1280,720,646794c7d83e528f2261487007fe6455,VALID,T,RG00495,train
990,W00386B.mp4,C:\Users\Admin\Python Advanced\Deep Learning - CV\Project\data\Dataset\Videos\W00386B.mp4,1.071,bức tranh,bức tranh,B (Miền Bắc / North),unknown,178,29.97,1280,720,6eb9098346933542ca13099004c7855d,VALID,B,RG00500,train
992,W00386T.mp4,C:\Users\Admin\Python Advanced\Deep Learning - CV\Project\data\Dataset\Videos\W00386T.mp4,1.066,bức tranh,bức tranh,T (Miền Trung / Central),unknown,178,29.97,1280,720,201212133027e699219ba508244682fc,VALID,T,RG00500,train
1011,W00407B.mp4,C:\Users\Admin\Python Advanced\Deep Learning - CV\Project\data\Dataset\Videos\W00407B.mp4,0.535,Cam-pu-chia (nước Cam-pu-chia),cam-pu-chia (nước cam-pu-chia),B (Miền Bắc / North),unknown,117,29.97,1280,720,83a4e5f9997216e954e8d92a83fae139,VALID,B,RG00063,train
1013,W00407T.mp4,C:\Users\Admin\Python Advanced\Deep Learning - CV\Project\data\Dataset\Videos\W00407T.mp4,0.534,Cam-pu-chia (nước Cam-pu-chia),cam-pu-chia (nước cam-pu-chia),T (Miền Trung / Central),unknown,117,29.97,1280,720,1931cb0d3f58491512ed524e8bb7cdb2,VALID,T,RG00063,train
1156,W00575B.mp4,C:\Users\Admin\Python Advanced\Deep Learning - CV\Project\data\Dataset\Videos\W00575B.mp4,0.335,chia,chia,B (Miền Bắc / North),unknown,82,29.97,1280,720,306110deffc2a974f66fab3c6ac10703,VALID,B,RG00531,train
329,D0250N.mp4,C:\Users\Admin\Python Advanced\Deep Learning - CV\Project\data\Dataset\Videos\D0250N.mp4,0.39,chia ba,chia ba,N (Miền Nam / South),unknown,104,29.97,1280,720,3f4a447c9795d742f0491ab1566bc4b5,VALID,N,RG00534,train
326,D0249N.mp4,C:\Users\Admin\Python Advanced\Deep Learning - CV\Project\data\Dataset\Videos\D0249N.mp4,0.37,chia đôi,chia đôi,N (Miền Nam / South),unknown,100,29.97,1280,720,c6d8127d8de4b111c533b1f84383966d,VALID,N,RG00542,train
1166,W00584N.mp4,C:\Users\Admin\Python Advanced\Deep Learning - CV\Project\data\Dataset\Videos\W00584N.mp4,0.659,chiếc gối,chiếc gối,N (Miền Nam / South),unknown,105,29.97,1280,720,706a09a01958f602a305cd39aff1961d,VALID,N,RG00559,train
1261,W00691N.mp4,C:\Users\Admin\Python Advanced\Deep Learning - CV\Project\data\Dataset\Videos\W00691N.mp4,0.603,chuyên gia,chuyên gia,N (Miền Nam / South),unknown,92,29.97,1280,720,1293acabaac3ac2f69a04821bbe1d941,VALID,N,RG00580,train
1262,W00691T.mp4,C:\Users\Admin\Python Advanced\Deep Learning - CV\Project\data\Dataset\Videos\W00691T.mp4,0.602,chuyên gia,chuyên gia,T (Miền Trung / Central),unknown,92,29.97,1280,720,31676bccc71ebd7100a94ed681724c93,VALID,T,RG00580,train
1231,W00662B.mp4,C:\Users\Admin\Python Advanced\Deep Learning - CV\Project\data\Dataset\Videos\W00662B.mp4,0.428,chuẩn bị,chuẩn bị,B (Miền Bắc / North),unknown,84,29.97,1280,720,27afeaa5b9f179056cc7566d37505163,VALID,B,RG00595,train
1092,W00495B.mp4,C:\Users\Admin\Python Advanced\Deep Learning - CV\Project\data\Dataset\Videos\W00495B.mp4,0.558,cháu gái,cháu gái,B (Miền Bắc / North),unknown,105,29.97,1280,720,757e49950770094a1d79de49f0e270c2,VALID,B,RG00607,train
203,D0154B.mp4,C:\Users\Admin\Python Advanced\Deep Learning - CV\Project\data\Dataset\Videos\D0154B.mp4,0.604,cháu họ,cháu họ,B (Miền Bắc / North),unknown,122,29.97,1280,720,aba180cc6270e4782989196a28b71aea,VALID,B,RG00609,train
3906,W00496N.mp4,C:\Users\Admin\Python Advanced\Deep Learning - CV\Project\data\Dataset\Videos\W00496N.mp4,0.652,cháu ngoại,cháu ngoại,N (Miền Nam / South),unknown,109,29.97,1280,720,eb1c299bb25c10fcc8e18bd5a5c3c577,VALID,N,RG00613,train
1096,W00497B.mp4,C:\Users\Admin\Python Advanced\Deep Learning - CV\Project\data\Dataset\Videos\W00497B.mp4,0.5,cháu nội,cháu nội,B (Miền Bắc / North),unknown,113,29.97,1280,720,36b9cfb0f241b271018f7a45516be1e4,VALID,B,RG00615,train
1120,W00516T.mp4,C:\Users\Admin\Python Advanced\Deep Learning - CV\Project\data\Dataset\Videos\W00516T.mp4,0.702,châm cứu,châm cứu,T (Miền Trung / Central),unknown,145,29.97,1280,720,5d046b8c1070ad8ecea8e60ea5f5b1d6,VALID,T,RG00624,train
1193,W00620B.mp4,C:\Users\Admin\Python Advanced\Deep Learning - CV\Project\data\Dataset\Videos\W00620B.mp4,0.405,chính xác,chính xác,B (Miền Bắc / North),unknown,85,29.97,1280,720,d07095d0726b16cced05fbae7eac0eaf,VALID,B,RG00640,train
1228,W00655T.mp4,C:\Users\Admin\Python Advanced\Deep Learning - CV\Project\data\Dataset\Videos\W00655T.mp4,0.813,chùa,chùa,T (Miền Trung / Central),unknown,152,29.97,1280,720,af2ec5094495c22a44f9dfb07ab6caeb,VALID,T,RG00648,train
3933,W00663N.mp4,C:\Users\Admin\Python Advanced\Deep Learning - CV\Project\data\Dataset\Videos\W00663N.mp4,0.523,chúc mừng,chúc mừng,N (Miền Nam / South),unknown,84,29.97,1280,720,2ad9625ccc9d42fc35453e1ab8eb11c9,VALID,N,RG00662,train
3934,W00663T.mp4,C:\Users\Admin\Python Advanced\Deep Learning - CV\Project\data\Dataset\Videos\W00663T.mp4,0.523,chúc mừng,chúc mừng,T (Miền Trung / Central),unknown,84,29.97,1280,720,eb1d2fe9e03fd0f5deb30d6b6b77e50f,VALID,T,RG00662,train
1239,W00665N.mp4,C:\Users\Admin\Python Advanced\Deep Learning - CV\Project\data\Dataset\Videos\W00665N.mp4,0.705,chúc thọ,chúc thọ,N (Miền Nam / South),unknown,111,29.97,1280,720,849448ed8ef7310d7a16a411db0b0e2e,VALID,N,RG00664,train
1240,W00665T.mp4,C:\Users\Admin\Python Advanced\Deep Learning - CV\Project\data\Dataset\Videos\W00665T.mp4,0.702,chúc thọ,chúc thọ,T (Miền Trung / Central),unknown,111,29.97,1280,720,ec66a29b9c3fe6e8be18ba8daf014cad,VALID,T,RG00664,train
1235,W00664B.mp4,C:\Users\Admin\Python Advanced\Deep Learning - CV\Project\data\Dataset\Videos\W00664B.mp4,0.65,chúc tết,chúc tết,B (Miền Bắc / North),unknown,96,29.97,1280,720,ab520aeb146c36d4141253a17fcd2f69,VALID,B,RG00665,train
1106,W00508B.mp4,C:\Users\Admin\Python Advanced\Deep Learning - CV\Project\data\Dataset\Videos\W00508B.mp4,0.748,chăm sóc sức khỏe,chăm sóc sức khỏe,B (Miền Bắc / North),unknown,143,29.97,1280,720,3320558bc18aebb82c54afa37f5080a7,VALID,B,RG00675,train
3910,W00509N.mp4,C:\Users\Admin\Python Advanced\Deep Learning - CV\Project\data\Dataset\Videos\W00509N.mp4,0.711,chăn (cái chăn),chăn (cái chăn),N (Miền Nam / South),unknown,117,29.97,1280,720,71311873176cbcb6063bc5ef72f89c47,VALID,N,RG00679,train
1110,W00509T.mp4,C:\Users\Admin\Python Advanced\Deep Learning - CV\Project\data\Dataset\Videos\W00509T.mp4,0.711,chăn (cái chăn),chăn (cái chăn),T (Miền Trung / Central),unknown,117,29.97,1280,720,9f80a4819e783460979f775f27e9f2cd,VALID,T,RG00679,train
1113,W00510T.mp4,C:\Users\Admin\Python Advanced\Deep Learning - CV\Project\data\Dataset\Videos\W00510T.mp4,0.527,chăn nuôi,chăn nuôi,T (Miền Trung / Central),unknown,118,29.97,1280,720,a045785bf6fed6c94b0d83c09d484cc9,VALID,T,RG00682,train
1081,W00484N.mp4,C:\Users\Admin\Python Advanced\Deep Learning - CV\Project\data\Dataset\Videos\W00484N.mp4,0.845,chả cá,chả cá,N (Miền Nam / South),unknown,141,29.97,1280,720,403c79b37961a8e58ea24f76d87b383b,VALID,N,RG00691,train
1089,W00493N.mp4,C:\Users\Admin\Python Advanced\Deep Learning - CV\Project\data\Dataset\Videos\W00493N.mp4,1.544,chảo,chảo,N (Miền Nam / South),unknown,255,29.97,1280,720,3c8839a092a8388b52290a5954cbd56b,VALID,N,RG00693,train
1090,W00493T.mp4,C:\Users\Admin\Python Advanced\Deep Learning - CV\Project\data\Dataset\Videos\W00493T.mp4,1.478,chảo,chảo,T (Miền Trung / Central),unknown,255,29.97,1280,720,8058cccdff772c8fb913d66f6887fa7f,VALID,T,RG00693,train
1115,W00513B.mp4,C:\Users\Admin\Python Advanced\Deep Learning - CV\Project\data\Dataset\Videos\W00513B.mp4,0.617,chặt,chặt,B (Miền Bắc / North),unknown,109,29.97,1280,720,f6c5b9bb567298566784f33c4cf9ed18,VALID,B,RG00709,train
1150,W00570B.mp4,C:\Users\Admin\Python Advanced\Deep Learning - CV\Project\data\Dataset\Videos\W00570B.mp4,0.613,chị,chị,B (Miền Bắc / North),unknown,119,29.97,1280,720,2d8ec2b3a725e5e294990de28b7c992c,VALID,B,RG00717,train
3920,W00570T.mp4,C:\Users\Admin\Python Advanced\Deep Learning - CV\Project\data\Dataset\Videos\W00570T.mp4,0.613,chị,chị,T (Miền Trung / Central),unknown,119,29.97,1280,720,661bd5e1bc5ea1564064dda21f2326f9,VALID,T,RG00717,train
188,D0144N.mp4,C:\Users\Admin\Python Advanced\Deep Learning - CV\Project\data\Dataset\Videos\D0144N.mp4,0.475,"chị hai, chị cả","chị hai, chị cả",N (Miền Nam / South),unknown,98,29.97,1280,720,fee6077f8e96a0bcfada67204e890a28,VALID,N,RG00723,train
199,D0152B.mp4,C:\Users\Admin\Python Advanced\Deep Learning - CV\Project\data\Dataset\Videos\D0152B.mp4,0.776,chị họ,chị họ,B (Miền Bắc / North),unknown,137,29.97,1280,720,dd8d584e64753da922da8158fd01a397,VALID,B,RG00724,train
201,D0152T.mp4,C:\Users\Admin\Python Advanced\Deep Learning - CV\Project\data\Dataset\Videos\D0152T.mp4,0.782,chị họ,chị họ,T (Miền Trung / Central),unknown,137,29.97,1280,720,20536f90490ef01f8eac87fb01d47983,VALID,T,RG00724,train
1203,W00633B.mp4,C:\Users\Admin\Python Advanced\Deep Learning - CV\Project\data\Dataset\Videos\W00633B.mp4,0.432,chống đối,chống đối,B (Miền Bắc / North),unknown,77,29.97,1280,720,1a37a0ce9d128bd33f92284da9c97998,VALID,B,RG00730,train
1205,W00633T.mp4,C:\Users\Admin\Python Advanced\Deep Learning - CV\Project\data\Dataset\Videos\W00633T.mp4,0.434,chống đối,chống đối,T (Miền Trung / Central),unknown,77,29.97,1280,720,77882c655a08c7f0345808e638fdb299,VALID,T,RG00730,train
1218,W00649B.mp4,C:\Users\Admin\Python Advanced\Deep Learning - CV\Project\data\Dataset\Videos\W00649B.mp4,0.4,chủ tịch,chủ tịch,B (Miền Bắc / North),unknown,92,29.97,1280,720,e9a1701afc48aafe36f4b646513e65a0,VALID,B,RG00746,train
1274,W00708B.mp4,C:\Users\Admin\Python Advanced\Deep Learning - CV\Project\data\Dataset\Videos\W00708B.mp4,0.485,chữa bài,chữa bài,B (Miền Bắc / North),unknown,103,29.97,1280,720,2eb43cbe77e6e11995b368011a8cf179,VALID,B,RG00760,train
1276,W00708T.mp4,C:\Users\Admin\Python Advanced\Deep Learning - CV\Project\data\Dataset\Videos\W00708T.mp4,0.486,chữa bài,chữa bài,T (Miền Trung / Central),unknown,103,29.97,1280,720,13a8ea73a89ccf6042f687f57c2a915a,VALID,T,RG00760,train
1296,W00734T.mp4,C:\Users\Admin\Python Advanced\Deep Learning - CV\Project\data\Dataset\Videos\W00734T.mp4,0.691,con bê,con bê,T (Miền Trung / Central),unknown,112,29.97,1280,720,108f2befc2cc035d569e368b7f405526,VALID,T,RG00770,train
3943,W00735N.mp4,C:\Users\Admin\Python Advanced\Deep Learning - CV\Project\data\Dataset\Videos\W00735N.mp4,0.438,con bò,con bò,N (Miền Nam / South),unknown,74,29.97,1280,720,05fa4f9b4eda46dab9eac279e77393af,VALID,N,RG00772,train
1297,W00735T.mp4,C:\Users\Admin\Python Advanced\Deep Learning - CV\Project\data\Dataset\Videos\W00735T.mp4,0.435,con bò,con bò,T (Miền Trung / Central),unknown,74,29.97,1280,720,f36cc6350896c15f0fef5039263659bd,VALID,T,RG00772,train
1308,W00742B.mp4,C:\Users\Admin\Python Advanced\Deep Learning - CV\Project\data\Dataset\Videos\W00742B.mp4,0.336,con chuột,con chuột,B (Miền Bắc / North),unknown,74,29.97,1280,720,f4b5d0abe09e84e56063e440a1b27fff,VALID,B,RG00776,train
1304,W00739N.mp4,C:\Users\Admin\Python Advanced\Deep Learning - CV\Project\data\Dataset\Videos\W00739N.mp4,0.539,con chó,con chó,N (Miền Nam / South),unknown,71,29.97,1280,720,692197c6734a06d090d61907201378af,VALID,N,RG00780,train
1305,W00739T.mp4,C:\Users\Admin\Python Advanced\Deep Learning - CV\Project\data\Dataset\Videos\W00739T.mp4,0.537,con chó,con chó,T (Miền Trung / Central),unknown,71,29.97,1280,720,6d4dce2e1b45fd952e53aaf1a5869063,VALID,T,RG00780,train
1300,W00737N.mp4,C:\Users\Admin\Python Advanced\Deep Learning - CV\Project\data\Dataset\Videos\W00737N.mp4,0.401,con cá,con cá,N (Miền Nam / South),unknown,72,29.97,1280,720,ec680b7b1d5641b26ebd4450a789fe59,VALID,N,RG00784,train
1315,W00747N.mp4,C:\Users\Admin\Python Advanced\Deep Learning - CV\Project\data\Dataset\Videos\W00747N.mp4,0.685,con cọp,con cọp,N (Miền Nam / South),unknown,103,29.97,1280,720,f2de663e1d1cb0d9798e5817ac92d41e,VALID,N,RG00791,train
1316,W00747T.mp4,C:\Users\Admin\Python Advanced\Deep Learning - CV\Project\data\Dataset\Videos\W00747T.mp4,0.689,con cọp,con cọp,T (Miền Trung / Central),unknown,103,29.97,1280,720,45124bad90838427dad3e28f8ecdfd47,VALID,T,RG00791,train
1338,W00768N.mp4,C:\Users\Admin\Python Advanced\Deep Learning - CV\Project\data\Dataset\Videos\W00768N.mp4,0.484,con kiến,con kiến,N (Miền Nam / South),unknown,102,29.97,1280,720,949dcd64c081f5d9f46a3085d1524f71,VALID,N,RG00806,train
1341,W00770T.mp4,C:\Users\Admin\Python Advanced\Deep Learning - CV\Project\data\Dataset\Videos\W00770T.mp4,0.439,con lợn (con heo),con lợn (con heo),T (Miền Trung / Central),unknown,103,29.97,1280,720,49e898fd53a8f217f40392b2e40b8943,VALID,T,RG00810,train
1346,W00773B.mp4,C:\Users\Admin\Python Advanced\Deep Learning - CV\Project\data\Dataset\Videos\W00773B.mp4,0.512,con muỗi,con muỗi,B (Miền Bắc / North),unknown,100,29.97,1280,720,5f6a363f75fca363e9a5452ef016e24a,VALID,B,RG00811,train
1348,W00773T.mp4,C:\Users\Admin\Python Advanced\Deep Learning - CV\Project\data\Dataset\Videos\W00773T.mp4,0.513,con muỗi,con muỗi,T (Miền Trung / Central),unknown,100,29.97,1280,720,f07556be3de99ef8c3d056eee42e0e33,VALID,T,RG00811,train
1344,W00772N.mp4,C:\Users\Admin\Python Advanced\Deep Learning - CV\Project\data\Dataset\Videos\W00772N.mp4,0.56,con mèo,con mèo,N (Miền Nam / South),unknown,87,29.97,1280,720,f5f5dc6eb02d4f8bf4e3ea83916078b3,VALID,N,RG00814,train
1345,W00772T.mp4,C:\Users\Admin\Python Advanced\Deep Learning - CV\Project\data\Dataset\Videos\W00772T.mp4,0.56,con mèo,con mèo,T (Miền Trung / Central),unknown,87,29.97,1280,720,cf1f926b7c77395e49c7ee83264bc86e,VALID,T,RG00814,train
1352,W00777N.mp4,C:\Users\Admin\Python Advanced\Deep Learning - CV\Project\data\Dataset\Videos\W00777N.mp4,0.313,con người,con người,N (Miền Nam / South),unknown,75,29.97,1280,720,1491fb2d2c43eb2246f80eb97c411412,VALID,N,RG00818,train
1353,W00778B.mp4,C:\Users\Admin\Python Advanced\Deep Learning - CV\Project\data\Dataset\Videos\W00778B.mp4,0.512,con ngựa,con ngựa,B (Miền Bắc / North),unknown,86,29.97,1280,720,ad97f953e0822fbe0d4f97608138a098,VALID,B,RG00820,train
1358,W00780N.mp4,C:\Users\Admin\Python Advanced\Deep Learning - CV\Project\data\Dataset\Videos\W00780N.mp4,0.707,con nuôi,con nuôi,N (Miền Nam / South),unknown,129,29.97,1280,720,e369dad49070b322f9d54af01e613737,VALID,N,RG00824,train
1374,W00797B.mp4,C:\Users\Admin\Python Advanced\Deep Learning - CV\Project\data\Dataset\Videos\W00797B.mp4,0.343,con tôm,con tôm,B (Miền Bắc / North),unknown,87,29.97,1280,720,42afd331c32482e8281091d0136ffcb4,VALID,B,RG00846,train
1382,W00803N.mp4,C:\Users\Admin\Python Advanced\Deep Learning - CV\Project\data\Dataset\Videos\W00803N.mp4,0.585,con voi,con voi,N (Miền Nam / South),unknown,116,29.97,1280,720,00034cdb0ca528eca27b9820f3761b61,VALID,N,RG00849,train
1326,W00758B.mp4,C:\Users\Admin\Python Advanced\Deep Learning - CV\Project\data\Dataset\Videos\W00758B.mp4,0.393,con ếch,con ếch,B (Miền Bắc / North),unknown,77,29.97,1280,720,e0a524ee1d066a4067a9cd7fd40a6352,VALID,B,RG00856,train
244,D0182B.mp4,C:\Users\Admin\Python Advanced\Deep Learning - CV\Project\data\Dataset\Videos\D0182B.mp4,0.46,cung điện,cung điện,B (Miền Bắc / North),unknown,105,29.97,1280,720,b6590424c883003fe24a63cb4084a396,VALID,B,RG00864,train
246,D0182T.mp4,C:\Users\Admin\Python Advanced\Deep Learning - CV\Project\data\Dataset\Videos\D0182T.mp4,0.46,cung điện,cung điện,T (Miền Trung / Central),unknown,105,29.97,1280,720,e84ab9ffb265fdf7428242b0c9b8e666,VALID,T,RG00864,train
1003,W00398T.mp4,C:\Users\Admin\Python Advanced\Deep Learning - CV\Project\data\Dataset\Videos\W00398T.mp4,0.599,cá kho,cá kho,T (Miền Trung / Central),unknown,132,29.97,1280,720,023e1235c5d32ba414263b81deb34aaf,VALID,T,RG00879,train
3888,W00404N.mp4,C:\Users\Admin\Python Advanced\Deep Learning - CV\Project\data\Dataset\Videos\W00404N.mp4,1.393,cái gương,cái gương,N (Miền Nam / South),unknown,210,23.98,1280,720,91247c3813fb66f26c40c785a068d52c,VALID,N,RG00889,train
1008,W00404T.mp4,C:\Users\Admin\Python Advanced\Deep Learning - CV\Project\data\Dataset\Videos\W00404T.mp4,1.397,cái gương,cái gương,T (Miền Trung / Central),unknown,210,23.98,1280,720,1fa95000ca78981312a6eca4be9674a6,VALID,T,RG00889,train
1045,W00444B.mp4,C:\Users\Admin\Python Advanced\Deep Learning - CV\Project\data\Dataset\Videos\W00444B.mp4,0.647,câu thơ,câu thơ,B (Miền Bắc / North),unknown,125,29.97,1280,720,5364e595f38e6157eabe89e1742f8f25,VALID,B,RG00901,train
1061,W00459B.mp4,C:\Users\Admin\Python Advanced\Deep Learning - CV\Project\data\Dataset\Videos\W00459B.mp4,0.664,cây cổ thụ,cây cổ thụ,B (Miền Bắc / North),unknown,121,29.97,1280,720,8a3d5d3f05ecd9a0513524524dbca670,VALID,B,RG00911,train
1066,W00469N.mp4,C:\Users\Admin\Python Advanced\Deep Learning - CV\Project\data\Dataset\Videos\W00469N.mp4,0.781,cây ngô,cây ngô,N (Miền Nam / South),unknown,125,29.97,1280,720,7f2e8014b5fa18df88c9b23cdace8131,VALID,N,RG00916,train
1067,W00469T.mp4,C:\Users\Admin\Python Advanced\Deep Learning - CV\Project\data\Dataset\Videos\W00469T.mp4,0.813,cây ngô,cây ngô,T (Miền Trung / Central),unknown,125,29.97,1280,720,47087eb4e424659a3826424c004b6fdb,VALID,T,RG00916,train
1068,W00470B.mp4,C:\Users\Admin\Python Advanced\Deep Learning - CV\Project\data\Dataset\Videos\W00470B.mp4,0.665,cây phượng,cây phượng,B (Miền Bắc / North),unknown,126,29.97,1280,720,1905a0bd42761c7f749e884d8f974b5e,VALID,B,RG00918,train
1072,W00474B.mp4,C:\Users\Admin\Python Advanced\Deep Learning - CV\Project\data\Dataset\Videos\W00474B.mp4,0.676,cây thân gỗ,cây thân gỗ,B (Miền Bắc / North),unknown,123,29.97,1280,720,aa932b82f70ce54af3e09a771451ba9a,VALID,B,RG00922,train
3605,W03945N.mp4,C:\Users\Admin\Python Advanced\Deep Learning - CV\Project\data\Dataset\Videos\W03945N.mp4,0.897,cây xanh tươi,cây xanh tươi,N (Miền Nam / South),unknown,141,29.97,1280,720,391c48ad9474aea5a195b30f4a41e3c5,VALID,N,RG00929,train
3606,W03945T.mp4,C:\Users\Admin\Python Advanced\Deep Learning - CV\Project\data\Dataset\Videos\W03945T.mp4,0.897,cây xanh tươi,cây xanh tươi,T (Miền Trung / Central),unknown,141,29.97,1280,720,100812f057b4cff2fd41b9555e43db8a,VALID,T,RG00929,train
1057,W00456N.mp4,C:\Users\Admin\Python Advanced\Deep Learning - CV\Project\data\Dataset\Videos\W00456N.mp4,0.589,cây ăn quả,cây ăn quả,N (Miền Nam / South),unknown,101,29.97,1280,720,167520856bcbe1775e44c02e75b7d7db,VALID,N,RG00931,train
1058,W00456T.mp4,C:\Users\Admin\Python Advanced\Deep Learning - CV\Project\data\Dataset\Videos\W00456T.mp4,0.59,cây ăn quả,cây ăn quả,T (Miền Trung / Central),unknown,101,29.97,1280,720,86515e361ad24170b1596ea0f6d91982,VALID,T,RG00931,train
1390,W00812B.mp4,C:\Users\Admin\Python Advanced\Deep Learning - CV\Project\data\Dataset\Videos\W00812B.mp4,0.464,cô giáo,cô giáo,B (Miền Bắc / North),unknown,103,29.97,1280,720,e46c012b8f8cb9b30a2442b26fab20b5,VALID,B,RG00942,train
1392,W00812T.mp4,C:\Users\Admin\Python Advanced\Deep Learning - CV\Project\data\Dataset\Videos\W00812T.mp4,0.463,cô giáo,cô giáo,T (Miền Trung / Central),unknown,103,29.97,1280,720,00a478d93f79e042e260ff38c24ef519,VALID,T,RG00942,train
382,D0307B.mp4,C:\Users\Admin\Python Advanced\Deep Learning - CV\Project\data\Dataset\Videos\D0307B.mp4,0.402,công nghiệp,công nghiệp,B (Miền Bắc / North),unknown,93,29.97,1280,720,242e62fd25dbc894e4ec52b5657e2ccc,VALID,B,RG00950,train
1422,W00850N.mp4,C:\Users\Admin\Python Advanced\Deep Learning - CV\Project\data\Dataset\Videos\W00850N.mp4,0.504,công viên,công viên,N (Miền Nam / South),unknown,88,29.97,1280,720,a160b8c0d5d2e034a29c0b5278b665ea,VALID,N,RG00958,train
1423,W00850T.mp4,C:\Users\Admin\Python Advanced\Deep Learning - CV\Project\data\Dataset\Videos\W00850T.mp4,0.498,công viên,công viên,T (Miền Trung / Central),unknown,88,29.97,1280,720,ee1cdc708cc49a5e81533400454778c2,VALID,T,RG00958,train
3962,W00868N.mp4,C:\Users\Admin\Python Advanced\Deep Learning - CV\Project\data\Dataset\Videos\W00868N.mp4,0.428,cơ hội,cơ hội,N (Miền Nam / South),unknown,86,29.97,1280,720,91a409d104915347b554fa1365c0d8cc,VALID,N,RG00972,train
1440,W00868T.mp4,C:\Users\Admin\Python Advanced\Deep Learning - CV\Project\data\Dataset\Videos\W00868T.mp4,0.425,cơ hội,cơ hội,T (Miền Trung / Central),unknown,86,29.97,1280,720,14fcfa78e477ac7a05e6c5cc55ec0c01,VALID,T,RG00972,train
1449,W00885B.mp4,C:\Users\Admin\Python Advanced\Deep Learning - CV\Project\data\Dataset\Videos\W00885B.mp4,0.441,cơm bình dân,cơm bình dân,B (Miền Bắc / North),unknown,98,29.97,1280,720,eb1964fdbb6351e4eddf490ca3beb0dd,VALID,B,RG00977,train
1483,W00943B.mp4,C:\Users\Admin\Python Advanced\Deep Learning - CV\Project\data\Dataset\Videos\W00943B.mp4,0.45,cướp,cướp,B (Miền Bắc / North),unknown,90,29.97,1280,720,bd83288a6945f04eb85484bfe1639f9d,VALID,B,RG00984,train
3729,D0122B.mp4,C:\Users\Admin\Python Advanced\Deep Learning - CV\Project\data\Dataset\Videos\D0122B.mp4,0.404,cần không?,cần không?,B (Miền Bắc / North),unknown,90,29.97,1280,720,726c9e97ceff382d0a5b5b751da052f4,VALID,B,RG01010,train
3880,W00357B.mp4,C:\Users\Admin\Python Advanced\Deep Learning - CV\Project\data\Dataset\Videos\W00357B.mp4,0.508,cỏ,cỏ,B (Miền Bắc / North),unknown,67,23.98,1280,720,6505a4a80d661a531d4d780cf87e83dd,VALID,B,RG01030,train
1398,W00820N.mp4,C:\Users\Admin\Python Advanced\Deep Learning - CV\Project\data\Dataset\Videos\W00820N.mp4,0.498,cố gắng,cố gắng,N (Miền Nam / South),unknown,93,29.97,1280,720,79c5b456f283faf93974d6b4ac5f8369,VALID,N,RG01034,train
1399,W00820T.mp4,C:\Users\Admin\Python Advanced\Deep Learning - CV\Project\data\Dataset\Videos\W00820T.mp4,0.489,cố gắng,cố gắng,T (Miền Trung / Central),unknown,93,29.97,1280,720,208dcb7b11b518a42555a8ff888ac610,VALID,T,RG01034,train
1428,W00857B.mp4,C:\Users\Admin\Python Advanced\Deep Learning - CV\Project\data\Dataset\Videos\W00857B.mp4,0.328,cộng (Toán học),cộng (toán học),B (Miền Bắc / North),unknown,81,29.97,1280,720,b654f83ff32509f051f726298e10926b,VALID,B,RG01057,train
1430,W00857T.mp4,C:\Users\Admin\Python Advanced\Deep Learning - CV\Project\data\Dataset\Videos\W00857T.mp4,0.328,cộng (Toán học),cộng (toán học),T (Miền Trung / Central),unknown,81,29.97,1280,720,b7aee9fd3f23e9cb9d5fd808756af323,VALID,T,RG01057,train
1434,W00863B.mp4,C:\Users\Admin\Python Advanced\Deep Learning - CV\Project\data\Dataset\Videos\W00863B.mp4,0.497,cột điện,cột điện,B (Miền Bắc / North),unknown,106,29.97,1280,720,25399bc1db6d7ed25af31aec5ef83290,VALID,B,RG01062,train
1477,W00935B.mp4,C:\Users\Admin\Python Advanced\Deep Learning - CV\Project\data\Dataset\Videos\W00935B.mp4,0.558,cửa hàng,cửa hàng,B (Miền Bắc / North),unknown,108,29.97,1280,720,772ac12274211a4f8ce5a797ecc1b0e7,VALID,B,RG01095,train
1478,W00935T.mp4,C:\Users\Admin\Python Advanced\Deep Learning - CV\Project\data\Dataset\Videos\W00935T.mp4,0.559,cửa hàng,cửa hàng,T (Miền Trung / Central),unknown,108,29.97,1280,720,fe51c72b5a4ea6461290cc4e42396864,VALID,T,RG01095,train
425,D0347N.mp4,C:\Users\Admin\Python Advanced\Deep Learning - CV\Project\data\Dataset\Videos\D0347N.mp4,0.441,da ngăm (nước da ngăm đen),da ngăm (nước da ngăm đen),N (Miền Nam / South),unknown,97,29.97,1280,720,af1ad4f7d74ea2ce566728ea3af1830a,VALID,N,RG01103,train
426,D0347T.mp4,C:\Users\Admin\Python Advanced\Deep Learning - CV\Project\data\Dataset\Videos\D0347T.mp4,0.439,da ngăm (nước da ngăm đen),da ngăm (nước da ngăm đen),T (Miền Trung / Central),unknown,97,29.97,1280,720,012eb3a65286baa6ffc17b46ba38c9d5,VALID,T,RG01103,train
422,D0346B.mp4,C:\Users\Admin\Python Advanced\Deep Learning - CV\Project\data\Dataset\Videos\D0346B.mp4,0.513,da trắng,da trắng,B (Miền Bắc / North),unknown,103,29.97,1280,720,2a67ac672599898007cf3f6623153cf4,VALID,B,RG01104,train
1557,W01032N.mp4,C:\Users\Admin\Python Advanced\Deep Learning - CV\Project\data\Dataset\Videos\W01032N.mp4,0.371,di truyền,di truyền,N (Miền Nam / South),unknown,83,29.97,1280,720,2a8b762f3064f8f2208e117817fcae8e,VALID,N,RG01119,train
3751,D0209B.mp4,C:\Users\Admin\Python Advanced\Deep Learning - CV\Project\data\Dataset\Videos\D0209B.mp4,0.339,dám làm,dám làm,B (Miền Bắc / North),unknown,80,29.97,1280,720,023daacd1d1c4787cac96f50bf584cf3,VALID,B,RG01142,train
282,D0209T.mp4,C:\Users\Admin\Python Advanced\Deep Learning - CV\Project\data\Dataset\Videos\D0209T.mp4,0.337,dám làm,dám làm,T (Miền Trung / Central),unknown,80,29.97,1280,720,c6e0d70c21325b14f3c341edab5dba7a,VALID,T,RG01142,train
1519,W00988B.mp4,C:\Users\Admin\Python Advanced\Deep Learning - CV\Project\data\Dataset\Videos\W00988B.mp4,0.486,dân tộc,dân tộc,B (Miền Bắc / North),unknown,96,29.97,1280,720,ed66e2960f04bcab13f3810beb740dc3,VALID,B,RG01149,train
1522,W00989N.mp4,C:\Users\Admin\Python Advanced\Deep Learning - CV\Project\data\Dataset\Videos\W00989N.mp4,0.605,dân tộc thiểu số,dân tộc thiểu số,N (Miền Nam / South),unknown,100,29.97,1280,720,4d57610bcf8f47d692aabf603f1ca297,VALID,N,RG01157,train
1523,W00989T.mp4,C:\Users\Admin\Python Advanced\Deep Learning - CV\Project\data\Dataset\Videos\W00989T.mp4,0.6,dân tộc thiểu số,dân tộc thiểu số,T (Miền Trung / Central),unknown,100,29.97,1280,720,77835de3b8a22ccb6d5ed85033fc40d8,VALID,T,RG01157,train
1544,W01016N.mp4,C:\Users\Admin\Python Advanced\Deep Learning - CV\Project\data\Dataset\Videos\W01016N.mp4,0.576,dây điện,dây điện,N (Miền Nam / South),unknown,113,29.97,1280,720,3542838919ed5e80af354c00766901c7,VALID,N,RG01164,train
3982,W01016T.mp4,C:\Users\Admin\Python Advanced\Deep Learning - CV\Project\data\Dataset\Videos\W01016T.mp4,0.579,dây điện,dây điện,T (Miền Trung / Central),unknown,113,29.97,1280,720,33d6320bd1e5b8f5988f45f7391e93e9,VALID,T,RG01164,train
1550,W01022N.mp4,C:\Users\Admin\Python Advanced\Deep Learning - CV\Project\data\Dataset\Videos\W01022N.mp4,0.524,dép quai hậu,dép quai hậu,N (Miền Nam / South),unknown,101,29.97,1280,720,865c9b92a273741e45bd618a8d55a0e1,VALID,N,RG01171,train
607,D0524N.mp4,C:\Users\Admin\Python Advanced\Deep Learning - CV\Project\data\Dataset\Videos\D0524N.mp4,1.011,dấu huyền,dấu huyền,N (Miền Nam / South),unknown,185,29.97,1280,720,7709bb290852c64078ba11d77c584380,VALID,N,RG01189,train
612,D0526N.mp4,C:\Users\Admin\Python Advanced\Deep Learning - CV\Project\data\Dataset\Videos\D0526N.mp4,0.509,dấu hỏi,dấu hỏi,N (Miền Nam / South),unknown,106,29.97,1280,720,cbb0efdbe893e80c4cce61a2551ca6a8,VALID,N,RG01191,train
613,D0526T.mp4,C:\Users\Admin\Python Advanced\Deep Learning - CV\Project\data\Dataset\Videos\D0526T.mp4,0.509,dấu hỏi,dấu hỏi,T (Miền Trung / Central),unknown,106,29.97,1280,720,161f7bf873d352cb8d7dd11fcf9a67e3,VALID,T,RG01191,train
614,D0527B.mp4,C:\Users\Admin\Python Advanced\Deep Learning - CV\Project\data\Dataset\Videos\D0527B.mp4,0.542,dấu ngã,dấu ngã,B (Miền Bắc / North),unknown,112,29.97,1280,720,4712262b6282cc983b95ec5419c32831,VALID,B,RG01193,train
3812,D0525B.mp4,C:\Users\Admin\Python Advanced\Deep Learning - CV\Project\data\Dataset\Videos\D0525B.mp4,0.37,dấu sắc,dấu sắc,B (Miền Bắc / North),unknown,99,29.97,1280,720,c5581576e51033c4a9975e6adf87cdc6,VALID,B,RG01198,train
610,D0525T.mp4,C:\Users\Admin\Python Advanced\Deep Learning - CV\Project\data\Dataset\Videos\D0525T.mp4,0.369,dấu sắc,dấu sắc,T (Miền Trung / Central),unknown,99,29.97,1280,720,e475ea88310e0588305664d6c15b56b7,VALID,T,RG01198,train
1559,W01033B.mp4,C:\Users\Admin\Python Advanced\Deep Learning - CV\Project\data\Dataset\Videos\W01033B.mp4,0.458,dịch vụ,dịch vụ,B (Miền Bắc / North),unknown,93,29.97,1280,720,4580fd8b0da598c3f3227d8771f1a836,VALID,B,RG01214,train
351,D0271N.mp4,C:\Users\Admin\Python Advanced\Deep Learning - CV\Project\data\Dataset\Videos\D0271N.mp4,0.729,dỗi,dỗi,N (Miền Nam / South),unknown,146,29.97,1280,720,c08ffe0eebf46729ac86a6d755e3af3a,VALID,N,RG01222,train
3764,D0271T.mp4,C:\Users\Admin\Python Advanced\Deep Learning - CV\Project\data\Dataset\Videos\D0271T.mp4,0.73,dỗi,dỗi,T (Miền Trung / Central),unknown,146,29.97,1280,720,88baeb16cdb43f92ee296028b88153d1,VALID,T,RG01222,train
1777,W01348B.mp4,C:\Users\Admin\Python Advanced\Deep Learning - CV\Project\data\Dataset\Videos\W01348B.mp4,0.453,e thẹn,e thẹn,B (Miền Bắc / North),unknown,85,29.97,1280,720,5c7ee0884107727b8e56425b386abdb2,VALID,B,RG01229,train
202,D0153T.mp4,C:\Users\Admin\Python Advanced\Deep Learning - CV\Project\data\Dataset\Videos\D0153T.mp4,0.799,em họ,em họ,T (Miền Trung / Central),unknown,153,29.97,1280,720,0ffc24a68d75a20d85058c6914f0a988,VALID,T,RG01236,train
1781,W01351B.mp4,C:\Users\Admin\Python Advanced\Deep Learning - CV\Project\data\Dataset\Videos\W01351B.mp4,0.428,em rể,em rể,B (Miền Bắc / North),unknown,111,29.97,1280,720,1cdc6be918ea87cd200670b4f57e9776,VALID,B,RG01237,train
1784,W01352B.mp4,C:\Users\Admin\Python Advanced\Deep Learning - CV\Project\data\Dataset\Videos\W01352B.mp4,0.35,em trai,em trai,B (Miền Bắc / North),unknown,81,29.97,1280,720,2a1a825c6d5f2e9ac7dfb9843e8a9996,VALID,B,RG01240,train
1790,W01364B.mp4,C:\Users\Admin\Python Advanced\Deep Learning - CV\Project\data\Dataset\Videos\W01364B.mp4,0.466,ga tàu,ga tàu,B (Miền Bắc / North),unknown,83,29.97,1280,720,0d6f655219a43866ef94539ac30524a4,VALID,B,RG01247,train
20,D0019B.mp4,C:\Users\Admin\Python Advanced\Deep Learning - CV\Project\data\Dataset\Videos\D0019B.mp4,0.405,ghen tị,ghen tị,B (Miền Bắc / North),unknown,107,29.97,1280,720,f7a125cae1f9bacf4c939a3a754b9d70,VALID,B,RG01254,train
1857,W01453B.mp4,C:\Users\Admin\Python Advanced\Deep Learning - CV\Project\data\Dataset\Videos\W01453B.mp4,0.42,giao tiếp,giao tiếp,B (Miền Bắc / North),unknown,73,29.97,1280,720,9c9ea705f56cfcfad5fa6a6f3c3ce8d1,VALID,B,RG01272,train
1840,W01433N.mp4,C:\Users\Admin\Python Advanced\Deep Learning - CV\Project\data\Dataset\Videos\W01433N.mp4,0.404,giá trị,giá trị,N (Miền Nam / South),unknown,266,59.94,1280,720,7d3200aeb6ffb73bcae87f0a18fa9e1e,VALID,N,RG01281,train
1842,W01434B.mp4,C:\Users\Admin\Python Advanced\Deep Learning - CV\Project\data\Dataset\Videos\W01434B.mp4,0.714,giá trị phần trăm,giá trị phần trăm,B (Miền Bắc / North),unknown,120,29.97,1280,720,fcfb2b7324c7a4ea18c9a15a5509373a,VALID,B,RG01283,train
4036,W01447N.mp4,C:\Users\Admin\Python Advanced\Deep Learning - CV\Project\data\Dataset\Videos\W01447N.mp4,0.331,gián tiếp,gián tiếp,N (Miền Nam / South),unknown,90,29.97,1280,720,54b74dc86f2e488c20172ae39cc94503,VALID,N,RG01291,train
4037,W01447T.mp4,C:\Users\Admin\Python Advanced\Deep Learning - CV\Project\data\Dataset\Videos\W01447T.mp4,0.328,gián tiếp,gián tiếp,T (Miền Trung / Central),unknown,90,29.97,1280,720,4ab870fdd95b3ac4cb5629b67b8bfe61,VALID,T,RG01291,train
1890,W01497N.mp4,C:\Users\Admin\Python Advanced\Deep Learning - CV\Project\data\Dataset\Videos\W01497N.mp4,0.537,giúp đỡ,giúp đỡ,N (Miền Nam / South),unknown,106,29.97,1280,720,c7167450a14fd24845e1ec13dfce1ccc,VALID,N,RG01299,train
1891,W01497T.mp4,C:\Users\Admin\Python Advanced\Deep Learning - CV\Project\data\Dataset\Videos\W01497T.mp4,0.537,giúp đỡ,giúp đỡ,T (Miền Trung / Central),unknown,106,29.97,1280,720,4d55a877cd33cdd33cf46b73a3082ee9,VALID,T,RG01299,train
1868,W01470B.mp4,C:\Users\Admin\Python Advanced\Deep Learning - CV\Project\data\Dataset\Videos\W01470B.mp4,0.532,giấy,giấy,B (Miền Bắc / North),unknown,104,29.97,1280,720,a163b4d283796c849e8e4f564812d834,VALID,B,RG01311,train
1872,W01472B.mp4,C:\Users\Admin\Python Advanced\Deep Learning - CV\Project\data\Dataset\Videos\W01472B.mp4,0.497,giấy màu,giấy màu,B (Miền Bắc / North),unknown,98,29.97,1280,720,31004b2875e77d5bf7aa4d8d371a1a14,VALID,B,RG01313,train
1876,W01473N.mp4,C:\Users\Admin\Python Advanced\Deep Learning - CV\Project\data\Dataset\Videos\W01473N.mp4,0.6,giấy nháp,giấy nháp,N (Miền Nam / South),unknown,129,29.97,1280,720,44e0d5133f8cb92af9f4420b0bfbc340,VALID,N,RG01316,train
1877,W01473T.mp4,C:\Users\Admin\Python Advanced\Deep Learning - CV\Project\data\Dataset\Videos\W01473T.mp4,0.599,giấy nháp,giấy nháp,T (Miền Trung / Central),unknown,129,29.97,1280,720,0489b02f7c6173059bae58c585ae88f6,VALID,T,RG01316,train
1870,W01471B.mp4,C:\Users\Admin\Python Advanced\Deep Learning - CV\Project\data\Dataset\Videos\W01471B.mp4,0.51,giấy ăn,giấy ăn,B (Miền Bắc / North),unknown,95,29.97,1280,720,98a9b37c131a039b3096407638083415,VALID,B,RG01318,train
1803,W01384N.mp4,C:\Users\Admin\Python Advanced\Deep Learning - CV\Project\data\Dataset\Videos\W01384N.mp4,0.656,gạo,gạo,N (Miền Nam / South),unknown,122,29.97,1280,720,6b6580b2433074959108203c670af395,VALID,N,RG01365,train
1804,W01384T.mp4,C:\Users\Admin\Python Advanced\Deep Learning - CV\Project\data\Dataset\Videos\W01384T.mp4,0.66,gạo,gạo,T (Miền Trung / Central),unknown,122,29.97,1280,720,0c8ff45a1da5fdf8ec6179ca25d6edfe,VALID,T,RG01365,train
1819,W01403N.mp4,C:\Users\Admin\Python Advanced\Deep Learning - CV\Project\data\Dataset\Videos\W01403N.mp4,0.845,gầy (miền Nam: ốm),gầy (miền nam: ốm),N (Miền Nam / South),unknown,129,29.97,1280,720,cd6cca21dab560e164c69b5744479657,VALID,N,RG01373,train
1904,W01516B.mp4,C:\Users\Admin\Python Advanced\Deep Learning - CV\Project\data\Dataset\Videos\W01516B.mp4,0.592,gỗ,gỗ,B (Miền Bắc / North),unknown,104,29.97,1280,720,5aa91db40ac8a886e83be05c864716b6,VALID,B,RG01390,train
3808,D0500T.mp4,C:\Users\Admin\Python Advanced\Deep Learning - CV\Project\data\Dataset\Videos\D0500T.mp4,1.235,h,h,T (Miền Trung / Central),unknown,147,23.98,1280,720,c173e6ea01716a6fd9083ec2aeaf74c4,VALID,T,RG01399,train
3776,D0342N.mp4,C:\Users\Admin\Python Advanced\Deep Learning - CV\Project\data\Dataset\Videos\D0342N.mp4,0.816,ham chơi,ham chơi,N (Miền Nam / South),unknown,106,29.97,1280,720,4c5b8288bab43014237bfcdfd6dab525,VALID,N,RG01403,train
319,D0243N.mp4,C:\Users\Admin\Python Advanced\Deep Learning - CV\Project\data\Dataset\Videos\D0243N.mp4,0.495,hay là (hoặc là),hay là (hoặc là),N (Miền Nam / South),unknown,108,29.97,1280,720,f4e8d49335e4eecd3bdf540e9afbe54a,VALID,N,RG01405,train
320,D0243T.mp4,C:\Users\Admin\Python Advanced\Deep Learning - CV\Project\data\Dataset\Videos\D0243T.mp4,0.498,hay là (hoặc là),hay là (hoặc là),T (Miền Trung / Central),unknown,108,29.97,1280,720,3a30d76ff0d420cc67f8eec6c7815d38,VALID,T,RG01405,train
1959,W01583N.mp4,C:\Users\Admin\Python Advanced\Deep Learning - CV\Project\data\Dataset\Videos\W01583N.mp4,0.385,hi sinh,hi sinh,N (Miền Nam / South),unknown,100,29.97,1280,720,73bde9787a1ca4b178fa7cfea56dceb4,VALID,N,RG01407,train
4058,W01584B.mp4,C:\Users\Admin\Python Advanced\Deep Learning - CV\Project\data\Dataset\Videos\W01584B.mp4,0.463,hi vọng,hi vọng,B (Miền Bắc / North),unknown,75,29.97,1280,720,10266933185dce81b9f91c73ca3e2241,VALID,B,RG01409,train
1961,W01584T.mp4,C:\Users\Admin\Python Advanced\Deep Learning - CV\Project\data\Dataset\Videos\W01584T.mp4,0.464,hi vọng,hi vọng,T (Miền Trung / Central),unknown,75,29.97,1280,720,60988a670f672b50ea2921cbb7e7d641,VALID,T,RG01409,train
1964,W01591B.mp4,C:\Users\Admin\Python Advanced\Deep Learning - CV\Project\data\Dataset\Videos\W01591B.mp4,0.283,hiểu,hiểu,B (Miền Bắc / North),unknown,64,29.97,1280,720,362d326d345ed842aa298fe450479f3d,VALID,B,RG01412,train
1982,W01619B.mp4,C:\Users\Admin\Python Advanced\Deep Learning - CV\Project\data\Dataset\Videos\W01619B.mp4,0.366,hoa,hoa,B (Miền Bắc / North),unknown,94,29.97,1280,720,d7532cab46d2721a4e8a93f7847f2ec3,VALID,B,RG01419,train
1984,W01619T.mp4,C:\Users\Admin\Python Advanced\Deep Learning - CV\Project\data\Dataset\Videos\W01619T.mp4,0.366,hoa,hoa,T (Miền Trung / Central),unknown,94,29.97,1280,720,88582c0f152880ec9e5b1568f847f74a,VALID,T,RG01419,train
1990,W01629N.mp4,C:\Users\Admin\Python Advanced\Deep Learning - CV\Project\data\Dataset\Videos\W01629N.mp4,0.562,hoa sen,hoa sen,N (Miền Nam / South),unknown,125,29.97,1280,720,3cff39e8e56e32ee53c58c42e253e964,VALID,N,RG01429,train
2001,W01655B.mp4,C:\Users\Admin\Python Advanced\Deep Learning - CV\Project\data\Dataset\Videos\W01655B.mp4,0.461,hoạt hình,hoạt hình,B (Miền Bắc / North),unknown,97,29.97,1280,720,d763a103a3ba0c42e08e6090c9b438af,VALID,B,RG01438,train
3748,D0188B.mp4,C:\Users\Admin\Python Advanced\Deep Learning - CV\Project\data\Dataset\Videos\D0188B.mp4,0.33,hoặc,hoặc,B (Miền Bắc / North),unknown,90,29.97,1280,720,9890c8b2c8ffcccf28e17cae75f6763b,VALID,B,RG01442,train
2059,W01721B.mp4,C:\Users\Admin\Python Advanced\Deep Learning - CV\Project\data\Dataset\Videos\W01721B.mp4,0.6,huyện,huyện,B (Miền Bắc / North),unknown,107,29.97,1280,720,5ef86c1ed4de8ad6b556cc5e8a181df3,VALID,B,RG01447,train
233,D0170N.mp4,C:\Users\Admin\Python Advanced\Deep Learning - CV\Project\data\Dataset\Videos\D0170N.mp4,0.421,hàng ngày,hàng ngày,N (Miền Nam / South),unknown,98,29.97,1280,720,e3354ff86943eeedba20feb8bec41576,VALID,N,RG01463,train
3745,D0170T.mp4,C:\Users\Admin\Python Advanced\Deep Learning - CV\Project\data\Dataset\Videos\D0170T.mp4,0.421,hàng ngày,hàng ngày,T (Miền Trung / Central),unknown,98,29.97,1280,720,7dd93910de8c7f5b5d3d7df62767681b,VALID,T,RG01463,train
1932,W01557B.mp4,C:\Users\Admin\Python Advanced\Deep Learning - CV\Project\data\Dataset\Videos\W01557B.mp4,0.627,hành quân,hành quân,B (Miền Bắc / North),unknown,115,29.97,1280,720,4729d7feb83cee9acd88d48cb19aabec,VALID,B,RG01470,train
1947,W01576B.mp4,C:\Users\Admin\Python Advanced\Deep Learning - CV\Project\data\Dataset\Videos\W01576B.mp4,0.506,héc-tô-gam (hg),héc-tô-gam (hg),B (Miền Bắc / North),unknown,104,29.97,1280,720,082ef33120e7f4f576c429585795c44f,VALID,B,RG01483,train
4055,W01577N.mp4,C:\Users\Admin\Python Advanced\Deep Learning - CV\Project\data\Dataset\Videos\W01577N.mp4,0.489,héc-tô-mét (hm),héc-tô-mét (hm),N (Miền Nam / South),unknown,102,29.97,1280,720,228022baf91c9ac752824611224d39df,VALID,N,RG01486,train
1950,W01577T.mp4,C:\Users\Admin\Python Advanced\Deep Learning - CV\Project\data\Dataset\Videos\W01577T.mp4,0.491,héc-tô-mét (hm),héc-tô-mét (hm),T (Miền Trung / Central),unknown,102,29.97,1280,720,b0a626c2c2cd1bd60b87bc3ede53afd1,VALID,T,RG01486,train
1951,W01578N.mp4,C:\Users\Admin\Python Advanced\Deep Learning - CV\Project\data\Dataset\Videos\W01578N.mp4,0.473,héc-tô-mét vuông (hm2),héc-tô-mét vuông (hm2),N (Miền Nam / South),unknown,97,29.97,1280,720,bdc6092151458c7883614d5f967b7a8a,VALID,N,RG01488,train
1952,W01578T.mp4,C:\Users\Admin\Python Advanced\Deep Learning - CV\Project\data\Dataset\Videos\W01578T.mp4,0.472,héc-tô-mét vuông (hm2),héc-tô-mét vuông (hm2),T (Miền Trung / Central),unknown,97,29.97,1280,720,83b29586efc3fe9c01a7fbfc3fea39eb,VALID,T,RG01488,train
3743,D0163B.mp4,C:\Users\Admin\Python Advanced\Deep Learning - CV\Project\data\Dataset\Videos\D0163B.mp4,0.553,hẹn,hẹn,B (Miền Bắc / North),unknown,132,29.97,1280,720,42284d44519d39fb0b4cd34d79491dab,VALID,B,RG01539,train
1955,W01582B.mp4,C:\Users\Admin\Python Advanced\Deep Learning - CV\Project\data\Dataset\Videos\W01582B.mp4,0.485,hệ thống,hệ thống,B (Miền Bắc / North),unknown,83,29.97,1280,720,a25a7342f24b98a59c3f9e167c8ace49,VALID,B,RG01542,train
2023,W01677N.mp4,C:\Users\Admin\Python Advanced\Deep Learning - CV\Project\data\Dataset\Videos\W01677N.mp4,0.625,họp,họp,N (Miền Nam / South),unknown,138,29.97,1280,720,0ecc7051be14eaa50ca97d3ce2212a17,VALID,N,RG01558,train
3798,D0452B.mp4,C:\Users\Admin\Python Advanced\Deep Learning - CV\Project\data\Dataset\Videos\D0452B.mp4,0.65,họp nhóm,họp nhóm,B (Miền Bắc / North),unknown,125,29.97,1280,720,eba3dbf8947dcd0dd27a449211e4bab7,VALID,B,RG01559,train
3799,D0452T.mp4,C:\Users\Admin\Python Advanced\Deep Learning - CV\Project\data\Dataset\Videos\D0452T.mp4,0.654,họp nhóm,họp nhóm,T (Miền Trung / Central),unknown,125,29.97,1280,720,6a5f3f61fce9d92e0b0381fec1eede25,VALID,T,RG01559,train
4065,W01672B.mp4,C:\Users\Admin\Python Advanced\Deep Learning - CV\Project\data\Dataset\Videos\W01672B.mp4,0.36,hỏi,hỏi,B (Miền Bắc / North),unknown,79,29.97,1280,720,569558a75c2e53bdb8294f0000369d3e,VALID,B,RG01561,train
2018,W01675B.mp4,C:\Users\Admin\Python Advanced\Deep Learning - CV\Project\data\Dataset\Videos\W01675B.mp4,0.438,hỏng,hỏng,B (Miền Bắc / North),unknown,87,29.97,1280,720,fd6172277a9e46c1a1a4f379518e91d1,VALID,B,RG01565,train
2020,W01675T.mp4,C:\Users\Admin\Python Advanced\Deep Learning - CV\Project\data\Dataset\Videos\W01675T.mp4,0.434,hỏng,hỏng,T (Miền Trung / Central),unknown,87,29.97,1280,720,3014916bf5e1d35b863012a58bf16ca0,VALID,T,RG01565,train
2034,W01692B.mp4,C:\Users\Admin\Python Advanced\Deep Learning - CV\Project\data\Dataset\Videos\W01692B.mp4,0.403,hối hận,hối hận,B (Miền Bắc / North),unknown,89,29.97,1280,720,76ada227da9d45f6f6ad77817b33f09f,VALID,B,RG01567,train
2031,W01690B.mp4,C:\Users\Admin\Python Advanced\Deep Learning - CV\Project\data\Dataset\Videos\W01690B.mp4,0.377,hồi hộp,hồi hộp,B (Miền Bắc / North),unknown,84,29.97,1280,720,8e5a0928e533ed11b2b2ead46d2c88e4,VALID,B,RG01575,train
2033,W01690T.mp4,C:\Users\Admin\Python Advanced\Deep Learning - CV\Project\data\Dataset\Videos\W01690T.mp4,0.378,hồi hộp,hồi hộp,T (Miền Trung / Central),unknown,84,29.97,1280,720,224194d86a8952a71afad53b4b0170a4,VALID,T,RG01575,train
221,D0165N.mp4,C:\Users\Admin\Python Advanced\Deep Learning - CV\Project\data\Dataset\Videos\D0165N.mp4,0.542,hứa,hứa,N (Miền Nam / South),unknown,111,29.97,1280,720,f216525a6f9303db510ea40a8ca2800c,VALID,N,RG01591,train
222,D0165T.mp4,C:\Users\Admin\Python Advanced\Deep Learning - CV\Project\data\Dataset\Videos\D0165T.mp4,0.541,hứa,hứa,T (Miền Trung / Central),unknown,111,29.97,1280,720,8ad005aaba2bd9078e532ed24a4678cd,VALID,T,RG01591,train
43,D0033N.mp4,C:\Users\Admin\Python Advanced\Deep Learning - CV\Project\data\Dataset\Videos\D0033N.mp4,0.658,không cho,không cho,N (Miền Nam / South),unknown,125,29.97,1280,720,c330785ff4913e416dbcfb2586f9574b,VALID,N,RG01657,train
41,D0033T.mp4,C:\Users\Admin\Python Advanced\Deep Learning - CV\Project\data\Dataset\Videos\D0033T.mp4,0.657,không cho,không cho,T (Miền Trung / Central),unknown,125,29.97,1280,720,bf4328261fece0386071ca84b40d3d06,VALID,T,RG01657,train
284,D0210N.mp4,C:\Users\Admin\Python Advanced\Deep Learning - CV\Project\data\Dataset\Videos\D0210N.mp4,0.363,không dám,không dám,N (Miền Nam / South),unknown,86,29.97,1280,720,73ae0a6c8abbfe8d0631aa1a39f98a4c,VALID,N,RG01662,train
2142,W01840N.mp4,C:\Users\Admin\Python Advanced\Deep Learning - CV\Project\data\Dataset\Videos\W01840N.mp4,0.606,không hiểu,không hiểu,N (Miền Nam / South),unknown,136,29.97,1280,720,c2b264c92e225cd435a725b6e66bc62d,VALID,N,RG01666,train
4082,W01840T.mp4,C:\Users\Admin\Python Advanced\Deep Learning - CV\Project\data\Dataset\Videos\W01840T.mp4,0.607,không hiểu,không hiểu,T (Miền Trung / Central),unknown,136,29.97,1280,720,5549ff6744d9772809525c1601864e44,VALID,T,RG01666,train
256,D0190B.mp4,C:\Users\Admin\Python Advanced\Deep Learning - CV\Project\data\Dataset\Videos\D0190B.mp4,0.328,không muốn,không muốn,B (Miền Bắc / North),unknown,95,29.97,1280,720,4f182fee6818f38307e66b27a250a524,VALID,B,RG01668,train
36,D0031B.mp4,C:\Users\Admin\Python Advanced\Deep Learning - CV\Project\data\Dataset\Videos\D0031B.mp4,0.643,không nghe lời,không nghe lời,B (Miền Bắc / North),unknown,138,29.97,1280,720,a3b0aa631f9c4a5ca2dc98de10813aa1,VALID,B,RG01670,train
45,D0035N.mp4,C:\Users\Admin\Python Advanced\Deep Learning - CV\Project\data\Dataset\Videos\D0035N.mp4,0.35,không nên,không nên,N (Miền Nam / South),unknown,95,29.97,1280,720,df554d18a13d45838dd345b9d7cc5eea,VALID,N,RG01674,train
147,D0109N.mp4,C:\Users\Admin\Python Advanced\Deep Learning - CV\Project\data\Dataset\Videos\D0109N.mp4,0.292,không quen,không quen,N (Miền Nam / South),unknown,68,29.97,1280,720,96b09c5b250858c2d71d7da7be3fd083,VALID,N,RG01677,train
173,D0129N.mp4,C:\Users\Admin\Python Advanced\Deep Learning - CV\Project\data\Dataset\Videos\D0129N.mp4,0.36,không đẹp,không đẹp,N (Miền Nam / South),unknown,86,29.97,1280,720,5914af79fd46befeada38274b08a2c2b,VALID,N,RG01680,train
174,D0129T.mp4,C:\Users\Admin\Python Advanced\Deep Learning - CV\Project\data\Dataset\Videos\D0129T.mp4,0.363,không đẹp,không đẹp,T (Miền Trung / Central),unknown,86,29.97,1280,720,fba0f32cc3cd6f7376678708a585880d,VALID,T,RG01680,train
2130,W01824N.mp4,C:\Users\Admin\Python Advanced\Deep Learning - CV\Project\data\Dataset\Videos\W01824N.mp4,0.69,khỏi bệnh,khỏi bệnh,N (Miền Nam / South),unknown,141,29.97,1280,720,a34f873db8e12154967665c024e76e8d,VALID,N,RG01690,train
2177,W01898N.mp4,C:\Users\Admin\Python Advanced\Deep Learning - CV\Project\data\Dataset\Videos\W01898N.mp4,0.342,kinh nghiệm,kinh nghiệm,N (Miền Nam / South),unknown,76,29.97,1280,720,2cd00db1b463f52b0e916372dcc14b9e,VALID,N,RG01709,train
2178,W01898T.mp4,C:\Users\Admin\Python Advanced\Deep Learning - CV\Project\data\Dataset\Videos\W01898T.mp4,0.341,kinh nghiệm,kinh nghiệm,T (Miền Trung / Central),unknown,76,29.97,1280,720,0a26a40dfa8d8c3f58a70f066965b3f1,VALID,T,RG01709,train
2166,W01878N.mp4,C:\Users\Admin\Python Advanced\Deep Learning - CV\Project\data\Dataset\Videos\W01878N.mp4,0.48,kiểm tra,kiểm tra,N (Miền Nam / South),unknown,96,29.97,1280,720,a9e8f776d3dbda969deb1a0d3c0386ae,VALID,N,RG01719,train
2167,W01878T.mp4,C:\Users\Admin\Python Advanced\Deep Learning - CV\Project\data\Dataset\Videos\W01878T.mp4,0.479,kiểm tra,kiểm tra,T (Miền Trung / Central),unknown,96,29.97,1280,720,c487e510c9d1ab6f9b9f219693439308,VALID,T,RG01719,train
4069,W01738B.mp4,C:\Users\Admin\Python Advanced\Deep Learning - CV\Project\data\Dataset\Videos\W01738B.mp4,0.34,kém,kém,B (Miền Bắc / North),unknown,65,29.97,1280,720,13c417d6055841cade6ecd02d46ecc7e,VALID,B,RG01721,train
2076,W01738T.mp4,C:\Users\Admin\Python Advanced\Deep Learning - CV\Project\data\Dataset\Videos\W01738T.mp4,0.342,kém,kém,T (Miền Trung / Central),unknown,65,29.97,1280,720,db0804fc13d1003e2a65811a81e8af48,VALID,T,RG01721,train
2162,W01872B.mp4,C:\Users\Admin\Python Advanced\Deep Learning - CV\Project\data\Dataset\Videos\W01872B.mp4,0.611,kí tên,kí tên,B (Miền Bắc / North),unknown,110,29.97,1280,720,3a35730c7fa585bc4cf30df4872ddd59,VALID,B,RG01731,train
2079,W01743N.mp4,C:\Users\Admin\Python Advanced\Deep Learning - CV\Project\data\Dataset\Videos\W01743N.mp4,0.359,kẹo,kẹo,N (Miền Nam / South),unknown,61,23.98,1280,720,074e7fcee4f5e22d03209930c04b5467,VALID,N,RG01739,train
2080,W01743T.mp4,C:\Users\Admin\Python Advanced\Deep Learning - CV\Project\data\Dataset\Videos\W01743T.mp4,0.36,kẹo,kẹo,T (Miền Trung / Central),unknown,61,23.98,1280,720,521b05c6645fd11fe593bb09fd0d285f,VALID,T,RG01739,train
2084,W01754B.mp4,C:\Users\Admin\Python Advanced\Deep Learning - CV\Project\data\Dataset\Videos\W01754B.mp4,0.398,kết quả,kết quả,B (Miền Bắc / North),unknown,78,29.97,1280,720,5a0bef6b0ef1a1c31ecaafa3fa708927,VALID,B,RG01747,train
2157,W01866B.mp4,C:\Users\Admin\Python Advanced\Deep Learning - CV\Project\data\Dataset\Videos\W01866B.mp4,0.521,kỉ niệm,kỉ niệm,B (Miền Bắc / North),unknown,92,29.97,1280,720,18db484d41dc6eebdd820bb961da6958,VALID,B,RG01751,train
2244,W01996T.mp4,C:\Users\Admin\Python Advanced\Deep Learning - CV\Project\data\Dataset\Videos\W01996T.mp4,0.402,Liên Bang Nga (nước Nga),liên bang nga (nước nga),T (Miền Trung / Central),unknown,115,29.97,1280,720,14d4d50f160bb9d1d2585a8ee2c7cb7f,VALID,T,RG00098,train
2246,W01998N.mp4,C:\Users\Admin\Python Advanced\Deep Learning - CV\Project\data\Dataset\Videos\W01998N.mp4,0.477,liên hoan,liên hoan,N (Miền Nam / South),unknown,89,29.97,1280,720,b4489866487c95f205190e669060c518,VALID,N,RG01770,train
2249,W02000B.mp4,C:\Users\Admin\Python Advanced\Deep Learning - CV\Project\data\Dataset\Videos\W02000B.mp4,0.672,liên lạc,liên lạc,B (Miền Bắc / North),unknown,101,29.97,1280,720,851a209bdc69a4b5a297874ea2e3b645,VALID,B,RG01772,train
2253,W02001N.mp4,C:\Users\Admin\Python Advanced\Deep Learning - CV\Project\data\Dataset\Videos\W02001N.mp4,0.653,liên quan,liên quan,N (Miền Nam / South),unknown,131,29.97,1280,720,6336613e2bf40b2ad6096ea31351b399,VALID,N,RG01776,train
2254,W02001T.mp4,C:\Users\Admin\Python Advanced\Deep Learning - CV\Project\data\Dataset\Videos\W02001T.mp4,0.647,liên quan,liên quan,T (Miền Trung / Central),unknown,131,29.97,1280,720,807d8644db4a9371c4f3d398af6a571f,VALID,T,RG01776,train
352,D0272B.mp4,C:\Users\Admin\Python Advanced\Deep Learning - CV\Project\data\Dataset\Videos\D0272B.mp4,0.445,liếc nhìn,liếc nhìn,B (Miền Bắc / North),unknown,96,29.97,1280,720,422a35e55b51479dbccb6992645f0ec0,VALID,B,RG01778,train
354,D0272T.mp4,C:\Users\Admin\Python Advanced\Deep Learning - CV\Project\data\Dataset\Videos\D0272T.mp4,0.444,liếc nhìn,liếc nhìn,T (Miền Trung / Central),unknown,96,29.97,1280,720,7670cd7af00db3e3c1874bfa773499f7,VALID,T,RG01778,train
2266,W02024B.mp4,C:\Users\Admin\Python Advanced\Deep Learning - CV\Project\data\Dataset\Videos\W02024B.mp4,0.434,loài vật,loài vật,B (Miền Bắc / North),unknown,78,29.97,1280,720,65a91b361a573585084926bb7137ac0c,VALID,B,RG01789,train
26,D0020T.mp4,C:\Users\Admin\Python Advanced\Deep Learning - CV\Project\data\Dataset\Videos\D0020T.mp4,1.689,lung tung,lung tung,T (Miền Trung / Central),unknown,257,29.97,1280,720,f5c694ea329afac2254ebbc4556a52fb,VALID,T,RG01794,train
4103,W02064B.mp4,C:\Users\Admin\Python Advanced\Deep Learning - CV\Project\data\Dataset\Videos\W02064B.mp4,0.639,luật chơi,luật chơi,B (Miền Bắc / North),unknown,115,29.97,1280,720,1b8c033a8baa064f172e2fd40a276d63,VALID,B,RG01799,train
2290,W02064T.mp4,C:\Users\Admin\Python Advanced\Deep Learning - CV\Project\data\Dataset\Videos\W02064T.mp4,0.639,luật chơi,luật chơi,T (Miền Trung / Central),unknown,115,29.97,1280,720,b8cd1e903ab0a8ec30f45208ddee48e6,VALID,T,RG01799,train
2187,W01911B.mp4,C:\Users\Admin\Python Advanced\Deep Learning - CV\Project\data\Dataset\Videos\W01911B.mp4,0.573,là gì?,là gì?,B (Miền Bắc / North),unknown,97,29.97,1280,720,9c64b6459156337d3f2d25665e2bc5a4,VALID,B,RG01804,train
2206,W01945B.mp4,C:\Users\Admin\Python Advanced\Deep Learning - CV\Project\data\Dataset\Videos\W01945B.mp4,0.572,Lào (nước Lào),lào (nước lào),B (Miền Bắc / North),unknown,102,29.97,1280,720,b0b04039590c1b1b2ae2590735ba30c5,VALID,B,RG00101,train
2208,W01945T.mp4,C:\Users\Admin\Python Advanced\Deep Learning - CV\Project\data\Dataset\Videos\W01945T.mp4,0.572,Lào (nước Lào),lào (nước lào),T (Miền Trung / Central),unknown,102,29.97,1280,720,16ff3218955fdabe08d35ec2c3e4ab73,VALID,T,RG00101,train
2195,W01920B.mp4,C:\Users\Admin\Python Advanced\Deep Learning - CV\Project\data\Dataset\Videos\W01920B.mp4,0.499,lái tàu hỏa,lái tàu hỏa,B (Miền Bắc / North),unknown,98,29.97,1280,720,bb259988dda3e8f2a31f2b43257e6c36,VALID,B,RG01818,train
2293,W02066N.mp4,C:\Users\Admin\Python Advanced\Deep Learning - CV\Project\data\Dataset\Videos\W02066N.mp4,0.496,lúc nào,lúc nào,N (Miền Nam / South),unknown,107,29.97,1280,720,5a70c15b07a8b1de785aceeed29a00ec,VALID,N,RG01837,train
2294,W02066T.mp4,C:\Users\Admin\Python Advanced\Deep Learning - CV\Project\data\Dataset\Videos\W02066T.mp4,0.495,lúc nào,lúc nào,T (Miền Trung / Central),unknown,107,29.97,1280,720,7414c7f702b5a773abb9c7f322eaf682,VALID,T,RG01837,train
2261,W02012B.mp4,C:\Users\Admin\Python Advanced\Deep Learning - CV\Project\data\Dataset\Videos\W02012B.mp4,0.482,lĩnh vực,lĩnh vực,B (Miền Bắc / North),unknown,79,29.97,1280,720,1ebf88bd2613ad257efa3d3f31a413ca,VALID,B,RG01842,train
2303,W02078B.mp4,C:\Users\Admin\Python Advanced\Deep Learning - CV\Project\data\Dataset\Videos\W02078B.mp4,0.553,lười,lười,B (Miền Bắc / North),unknown,93,29.97,1280,720,8843bfa158208ff4b40479f3615076d5,VALID,B,RG01852,train
2306,W02079B.mp4,C:\Users\Admin\Python Advanced\Deep Learning - CV\Project\data\Dataset\Videos\W02079B.mp4,0.71,lười học,lười học,B (Miền Bắc / North),unknown,105,29.97,1280,720,3642e73c831371bffcb4d532ca0eb9a7,VALID,B,RG01854,train
3763,D0270B.mp4,C:\Users\Admin\Python Advanced\Deep Learning - CV\Project\data\Dataset\Videos\D0270B.mp4,0.502,lạnh lùng,lạnh lùng,B (Miền Bắc / North),unknown,108,29.97,1280,720,38b100830dfa3960883c732984384200,VALID,B,RG01863,train
349,D0270T.mp4,C:\Users\Admin\Python Advanced\Deep Learning - CV\Project\data\Dataset\Videos\D0270T.mp4,0.501,lạnh lùng,lạnh lùng,T (Miền Trung / Central),unknown,108,29.97,1280,720,c3523c6ddff60b0fa8dc3d22bf089e31,VALID,T,RG01863,train
67,D0048N.mp4,C:\Users\Admin\Python Advanced\Deep Learning - CV\Project\data\Dataset\Videos\D0048N.mp4,0.595,lễ Halloween 31/10,lễ halloween 31/10,N (Miền Nam / South),unknown,116,29.97,1280,720,625d99ec986054a81d611178e283f657,VALID,N,RG01877,train
2228,W01978N.mp4,C:\Users\Admin\Python Advanced\Deep Learning - CV\Project\data\Dataset\Videos\W01978N.mp4,0.392,lễ hội,lễ hội,N (Miền Nam / South),unknown,85,29.97,1280,720,001573617e80c59321a9dfadd430c484,VALID,N,RG01884,train
2233,W01982N.mp4,C:\Users\Admin\Python Advanced\Deep Learning - CV\Project\data\Dataset\Videos\W01982N.mp4,0.637,lễ hội hóa trang,lễ hội hóa trang,N (Miền Nam / South),unknown,115,29.97,1280,720,275e64c0e410307158fba3891377cccb,VALID,N,RG01886,train
2230,W01979B.mp4,C:\Users\Admin\Python Advanced\Deep Learning - CV\Project\data\Dataset\Videos\W01979B.mp4,0.945,lễ Nô-en,lễ nô-en,B (Miền Bắc / North),unknown,130,29.97,1280,720,8f3aa35b0699b10bdf65d35f0ca34f74,VALID,B,RG01878,train
2391,W02200B.mp4,C:\Users\Admin\Python Advanced\Deep Learning - CV\Project\data\Dataset\Videos\W02200B.mp4,0.578,Mexico (nước Mexico),mexico (nước mexico),B (Miền Bắc / North),unknown,100,29.97,1280,720,6c1bdfcb8300312fb795b8ed629748a9,VALID,B,RG00108,train
3695,D0005N.mp4,C:\Users\Admin\Python Advanced\Deep Learning - CV\Project\data\Dataset\Videos\D0005N.mp4,1.011,Miến Điện (nước Mi-an-ma),miến điện (nước mi-an-ma),N (Miền Nam / South),unknown,213,29.97,1280,720,f54a48fe2af552c9291b5055aac61b08,VALID,N,RG00111,train
3696,D0005T.mp4,C:\Users\Admin\Python Advanced\Deep Learning - CV\Project\data\Dataset\Videos\D0005T.mp4,1.017,Miến Điện (nước Mi-an-ma),miến điện (nước mi-an-ma),T (Miền Trung / Central),unknown,213,29.97,1280,720,0e2c106eec5c6c455545cb73ae0e8d8d,VALID,T,RG00111,train
2407,W02221N.mp4,C:\Users\Admin\Python Advanced\Deep Learning - CV\Project\data\Dataset\Videos\W02221N.mp4,0.422,muốn,muốn,N (Miền Nam / South),unknown,112,29.97,1280,720,873e79a23aa814a1f30706ee77b14cce,VALID,N,RG01931,train
2408,W02221T.mp4,C:\Users\Admin\Python Advanced\Deep Learning - CV\Project\data\Dataset\Videos\W02221T.mp4,0.426,muốn,muốn,T (Miền Trung / Central),unknown,112,29.97,1280,720,4433f56953387e5720fe111d4285e7b4,VALID,T,RG01931,train
253,D0189B.mp4,C:\Users\Admin\Python Advanced\Deep Learning - CV\Project\data\Dataset\Videos\D0189B.mp4,0.572,muốn không?,muốn không?,B (Miền Bắc / North),unknown,108,29.97,1280,720,c2bd82723b36b05353ba96999310ba29,VALID,B,RG01932,train
2330,W02120T.mp4,C:\Users\Admin\Python Advanced\Deep Learning - CV\Project\data\Dataset\Videos\W02120T.mp4,0.702,màn,màn,T (Miền Trung / Central),unknown,133,29.97,1280,720,9711ca6ebfe36e71707195910850cc92,VALID,T,RG01937,train
2336,W02137N.mp4,C:\Users\Admin\Python Advanced\Deep Learning - CV\Project\data\Dataset\Videos\W02137N.mp4,0.476,màu nâu,màu nâu,N (Miền Nam / South),unknown,114,29.97,1280,720,4b96a9bc2f5a2837e8dbda5bd94c49a6,VALID,N,RG01941,train
2337,W02137T.mp4,C:\Users\Admin\Python Advanced\Deep Learning - CV\Project\data\Dataset\Videos\W02137T.mp4,0.473,màu nâu,màu nâu,T (Miền Trung / Central),unknown,114,29.97,1280,720,6635c335f2db0335d6677876ec686a70,VALID,T,RG01941,train
2340,W02140N.mp4,C:\Users\Admin\Python Advanced\Deep Learning - CV\Project\data\Dataset\Videos\W02140N.mp4,0.385,màu trắng,màu trắng,N (Miền Nam / South),unknown,88,29.97,1280,720,8ca78b8b430a5df21e9811ff81880635,VALID,N,RG01943,train
2341,W02140T.mp4,C:\Users\Admin\Python Advanced\Deep Learning - CV\Project\data\Dataset\Videos\W02140T.mp4,0.385,màu trắng,màu trắng,T (Miền Trung / Central),unknown,88,29.97,1280,720,5e188314958249b7981c1238c9c99681,VALID,T,RG01943,train
2342,W02142B.mp4,C:\Users\Admin\Python Advanced\Deep Learning - CV\Project\data\Dataset\Videos\W02142B.mp4,0.382,màu xanh da trời,màu xanh da trời,B (Miền Bắc / North),unknown,87,29.97,1280,720,affd945e63add9894460da6d33d5786f,VALID,B,RG01944,train
2346,W02143N.mp4,C:\Users\Admin\Python Advanced\Deep Learning - CV\Project\data\Dataset\Videos\W02143N.mp4,0.534,màu xanh lá cây,màu xanh lá cây,N (Miền Nam / South),unknown,115,29.97,1280,720,4b869d823b0462d422e82462898ef21e,VALID,N,RG01948,train
101,D0065B.mp4,C:\Users\Admin\Python Advanced\Deep Learning - CV\Project\data\Dataset\Videos\D0065B.mp4,0.583,mách,mách,B (Miền Bắc / North),unknown,126,29.97,1280,720,d9c517e6571d09b8618ea53cfc65d486,VALID,B,RG01955,train
2352,W02148B.mp4,C:\Users\Admin\Python Advanced\Deep Learning - CV\Project\data\Dataset\Videos\W02148B.mp4,0.625,máy in,máy in,B (Miền Bắc / North),unknown,118,29.97,1280,720,83b0b1c58c840997072b35f78252292a,VALID,B,RG01964,train
2374,W02178N.mp4,C:\Users\Admin\Python Advanced\Deep Learning - CV\Project\data\Dataset\Videos\W02178N.mp4,0.627,mâm ngũ quả,mâm ngũ quả,N (Miền Nam / South),unknown,112,29.97,1280,720,6dba69f74c7f67c6bd2216d807d7abe3,VALID,N,RG01975,train
2375,W02178T.mp4,C:\Users\Admin\Python Advanced\Deep Learning - CV\Project\data\Dataset\Videos\W02178T.mp4,0.624,mâm ngũ quả,mâm ngũ quả,T (Miền Trung / Central),unknown,112,29.97,1280,720,0f51cbb6df1313660ac9d20aa798def9,VALID,T,RG01975,train
298,D0223B.mp4,C:\Users\Admin\Python Advanced\Deep Learning - CV\Project\data\Dataset\Videos\D0223B.mp4,0.731,Mã Lai (nước Ma-lai-xi-a),mã lai (nước ma-lai-xi-a),B (Miền Bắc / North),unknown,135,29.97,1280,720,c6932a67f1a6803fae38813d5f6bd9d9,VALID,B,RG00112,train
2425,W02243.mp4,C:\Users\Admin\Python Advanced\Deep Learning - CV\Project\data\Dataset\Videos\W02243.mp4,0.593,môn Kĩ thuật,môn kĩ thuật,Neutral / Unspecified,unknown,103,29.97,1280,720,ed26a547206b2c258c2549487e795e43,VALID,Other,RG01998,train
2427,W02243N.mp4,C:\Users\Admin\Python Advanced\Deep Learning - CV\Project\data\Dataset\Videos\W02243N.mp4,0.568,môn Kĩ thuật,môn kĩ thuật,N (Miền Nam / South),unknown,103,29.97,1280,720,2f0a9870ec417a89d4812f278ba1f41f,VALID,N,RG01998,train
2428,W02243T.mp4,C:\Users\Admin\Python Advanced\Deep Learning - CV\Project\data\Dataset\Videos\W02243T.mp4,0.563,môn Kĩ thuật,môn kĩ thuật,T (Miền Trung / Central),unknown,103,29.97,1280,720,2d9933d9e4ec83c84f900c83c0066a70,VALID,T,RG01998,train
2429,W02244B.mp4,C:\Users\Admin\Python Advanced\Deep Learning - CV\Project\data\Dataset\Videos\W02244B.mp4,0.963,môn Lịch sử,môn lịch sử,B (Miền Bắc / North),unknown,142,29.97,1280,720,4068f3ac4de04439ec44a62880a4beda,VALID,B,RG02000,train
4119,W02239N.mp4,C:\Users\Admin\Python Advanced\Deep Learning - CV\Project\data\Dataset\Videos\W02239N.mp4,0.438,môn Đạo đức,môn đạo đức,N (Miền Nam / South),unknown,83,29.97,1280,720,343b5b41ff6743d43a0754235fb8a686,VALID,N,RG02011,train
3688,W04066N.mp4,C:\Users\Admin\Python Advanced\Deep Learning - CV\Project\data\Dataset\Videos\W04066N.mp4,0.52,môn Địa lý,môn địa lý,N (Miền Nam / South),unknown,84,29.97,1280,720,952afe28cfe5af1393eb35fefec68970,VALID,N,RG02013,train
3689,W04066T.mp4,C:\Users\Admin\Python Advanced\Deep Learning - CV\Project\data\Dataset\Videos\W04066T.mp4,0.522,môn Địa lý,môn địa lý,T (Miền Trung / Central),unknown,84,29.97,1280,720,9eae75d436972ab1c8b7f17a2aa93065,VALID,T,RG02013,train
2453,W02270B.mp4,C:\Users\Admin\Python Advanced\Deep Learning - CV\Project\data\Dataset\Videos\W02270B.mp4,0.542,mùa hè,mùa hè,B (Miền Bắc / North),unknown,105,29.97,1280,720,b5971c304f09b588fd44728ed2beb0db,VALID,B,RG02016,train
2457,W02272N.mp4,C:\Users\Admin\Python Advanced\Deep Learning - CV\Project\data\Dataset\Videos\W02272N.mp4,0.54,mùa xuân,mùa xuân,N (Miền Nam / South),unknown,119,29.97,1280,720,c03948267aac63b5555e104c2b922dcf,VALID,N,RG02021,train
2458,W02272T.mp4,C:\Users\Admin\Python Advanced\Deep Learning - CV\Project\data\Dataset\Videos\W02272T.mp4,0.539,mùa xuân,mùa xuân,T (Miền Trung / Central),unknown,119,29.97,1280,720,cc83beec6c0d19a5fd0319fb55a55ac7,VALID,T,RG02021,train
2381,W02187T.mp4,C:\Users\Admin\Python Advanced\Deep Learning - CV\Project\data\Dataset\Videos\W02187T.mp4,0.942,mật khẩu,mật khẩu,T (Miền Trung / Central),unknown,164,29.97,1280,720,c99d4009f73f7ca28c0689b874a06b35,VALID,T,RG02053,train
2366,W02164T.mp4,C:\Users\Admin\Python Advanced\Deep Learning - CV\Project\data\Dataset\Videos\W02164T.mp4,0.435,mắng,mắng,T (Miền Trung / Central),unknown,110,29.97,1280,720,7b4f52a8afb8c31ea2b1c0c800c1d9e1,VALID,T,RG02059,train
229,D0169B.mp4,C:\Users\Admin\Python Advanced\Deep Learning - CV\Project\data\Dataset\Videos\D0169B.mp4,0.515,mỗi ngày,mỗi ngày,B (Miền Bắc / North),unknown,116,29.97,1280,720,7d5898e65f8a266321c778934e3d2ecc,VALID,B,RG02079,train
230,D0169N.mp4,C:\Users\Admin\Python Advanced\Deep Learning - CV\Project\data\Dataset\Videos\D0169N.mp4,0.515,mỗi ngày,mỗi ngày,N (Miền Nam / South),unknown,116,29.97,1280,720,f300550caff23b3065d49e698a0dbd03,VALID,N,RG02079,train
482,D0410B.mp4,C:\Users\Admin\Python Advanced\Deep Learning - CV\Project\data\Dataset\Videos\D0410B.mp4,0.68,một tiếng,một tiếng,B (Miền Bắc / North),unknown,128,29.97,1280,720,1ba83c66dc644da460ba5c39397c87ac,VALID,B,RG02085,train
2449,W02264N.mp4,C:\Users\Admin\Python Advanced\Deep Learning - CV\Project\data\Dataset\Videos\W02264N.mp4,0.311,mới,mới,N (Miền Nam / South),unknown,70,29.97,1280,720,0a2712d913675beb61efe0110f039949,VALID,N,RG02092,train
2450,W02264T.mp4,C:\Users\Admin\Python Advanced\Deep Learning - CV\Project\data\Dataset\Videos\W02264T.mp4,0.336,mới,mới,T (Miền Trung / Central),unknown,71,29.97,1280,720,8ee31a59c355818252087532d5ea2864,VALID,T,RG02092,train
117,D0080B.mp4,C:\Users\Admin\Python Advanced\Deep Learning - CV\Project\data\Dataset\Videos\D0080B.mp4,0.47,mỳ tôm,mỳ tôm,B (Miền Bắc / North),unknown,104,29.97,1280,720,ab73a5d38b599f4e257aeeed5558501f,VALID,B,RG02103,train
121,D0082B.mp4,C:\Users\Admin\Python Advanced\Deep Learning - CV\Project\data\Dataset\Videos\D0082B.mp4,0.51,mỳ ý,mỳ ý,B (Miền Bắc / North),unknown,111,29.97,1280,720,70ebedab4fb3316687f1682b117d0e86,VALID,B,RG02106,train
2520,W02359B.mp4,C:\Users\Admin\Python Advanced\Deep Learning - CV\Project\data\Dataset\Videos\W02359B.mp4,0.517,nghi ngờ,nghi ngờ,B (Miền Bắc / North),unknown,112,29.97,1280,720,837771b6bf04beec4d32aed2f89cdd87,VALID,B,RG02110,train
4142,W02373N.mp4,C:\Users\Admin\Python Advanced\Deep Learning - CV\Project\data\Dataset\Videos\W02373N.mp4,0.445,nghiêm khắc,nghiêm khắc,N (Miền Nam / South),unknown,89,29.97,1280,720,df64403b54ccce89b3946a86e439959d,VALID,N,RG02113,train
2537,W02373T.mp4,C:\Users\Admin\Python Advanced\Deep Learning - CV\Project\data\Dataset\Videos\W02373T.mp4,0.449,nghiêm khắc,nghiêm khắc,T (Miền Trung / Central),unknown,89,29.97,1280,720,97a9a6ba6001a5f64a23f3b530b3f807,VALID,T,RG02113,train
2514,W02354N.mp4,C:\Users\Admin\Python Advanced\Deep Learning - CV\Project\data\Dataset\Videos\W02354N.mp4,0.49,nghé,nghé,N (Miền Nam / South),unknown,76,29.97,1280,720,ec84902e83298559874f5f082d19649d,VALID,N,RG02118,train
4139,W02354T.mp4,C:\Users\Admin\Python Advanced\Deep Learning - CV\Project\data\Dataset\Videos\W02354T.mp4,0.489,nghé,nghé,T (Miền Trung / Central),unknown,76,29.97,1280,720,ea9037dca0d434b9071a39c83dbcd5c1,VALID,T,RG02118,train
2517,W02357B.mp4,C:\Users\Admin\Python Advanced\Deep Learning - CV\Project\data\Dataset\Videos\W02357B.mp4,0.553,nghệ thuật,nghệ thuật,B (Miền Bắc / North),unknown,110,29.97,1280,720,3183d518e0b1fe1cadb78c1a0a2c9f1b,VALID,B,RG02126,train
2525,W02360T.mp4,C:\Users\Admin\Python Advanced\Deep Learning - CV\Project\data\Dataset\Videos\W02360T.mp4,0.546,nghỉ hè,nghỉ hè,T (Miền Trung / Central),unknown,117,29.97,1280,720,ed15c730749bedfa560a98fee1da5ded,VALID,T,RG02130,train
2526,W02361B.mp4,C:\Users\Admin\Python Advanced\Deep Learning - CV\Project\data\Dataset\Videos\W02361B.mp4,0.446,nghỉ học,nghỉ học,B (Miền Bắc / North),unknown,100,29.97,1280,720,18da874630971d9a6a281101cc24a45d,VALID,B,RG02132,train
2528,W02361T.mp4,C:\Users\Admin\Python Advanced\Deep Learning - CV\Project\data\Dataset\Videos\W02361T.mp4,0.452,nghỉ học,nghỉ học,T (Miền Trung / Central),unknown,100,29.97,1280,720,7c89e5e222992d8e87a1bacdd0d65232,VALID,T,RG02132,train
2563,W02405N.mp4,C:\Users\Admin\Python Advanced\Deep Learning - CV\Project\data\Dataset\Videos\W02405N.mp4,0.575,nguy hiểm,nguy hiểm,N (Miền Nam / South),unknown,115,29.97,1280,720,4b763775c8d3e70446dc6ce594184d5f,VALID,N,RG02146,train
2564,W02405T.mp4,C:\Users\Admin\Python Advanced\Deep Learning - CV\Project\data\Dataset\Videos\W02405T.mp4,0.604,nguy hiểm,nguy hiểm,T (Miền Trung / Central),unknown,115,29.97,1280,720,df3d149b097dd91da1bf3c6322f1df89,VALID,T,RG02146,train
84,D0055N.mp4,C:\Users\Admin\Python Advanced\Deep Learning - CV\Project\data\Dataset\Videos\D0055N.mp4,0.794,ngày của Cha,ngày của cha,N (Miền Nam / South),unknown,145,29.97,1280,720,9ad55ce84ed1fa8c4fc095a03a7b92c2,VALID,N,RG02176,train
81,D0054N.mp4,C:\Users\Admin\Python Advanced\Deep Learning - CV\Project\data\Dataset\Videos\D0054N.mp4,0.8,ngày của Mẹ,ngày của mẹ,N (Miền Nam / South),unknown,144,29.97,1280,720,e41ab4a61ad6d35c643e69ea86248e65,VALID,N,RG02178,train
86,D0056B.mp4,C:\Users\Admin\Python Advanced\Deep Learning - CV\Project\data\Dataset\Videos\D0056B.mp4,1.049,ngày gia đình Việt Nam 28/6,ngày gia đình việt nam 28/6,B (Miền Bắc / North),unknown,162,29.97,1280,720,3682ccdbdf0861f234530c8a2d98b93b,VALID,B,RG02179,train
60,D0044N.mp4,C:\Users\Admin\Python Advanced\Deep Learning - CV\Project\data\Dataset\Videos\D0044N.mp4,0.909,ngày Giải phóng miền Nam 30/4,ngày giải phóng miền nam 30/4,N (Miền Nam / South),unknown,154,29.97,1280,720,7010bbd7bcf3ba3e8289dcbf67a629bb,VALID,N,RG02155,train
3702,D0043N.mp4,C:\Users\Admin\Python Advanced\Deep Learning - CV\Project\data\Dataset\Videos\D0043N.mp4,0.754,ngày giải phóng thủ đô 10/10,ngày giải phóng thủ đô 10/10,N (Miền Nam / South),unknown,140,29.97,1280,720,b77b04d7f14a726f2789134e339c2f0f,VALID,N,RG02183,train
74,D0051B.mp4,C:\Users\Admin\Python Advanced\Deep Learning - CV\Project\data\Dataset\Videos\D0051B.mp4,0.786,ngày giỗ tổ Hùng Vương (âm lịch 10/3),ngày giỗ tổ hùng vương (âm lịch 10/3),B (Miền Bắc / North),unknown,155,29.97,1280,720,61010fdde5f3e4cc3ed3fd5f474ea273,VALID,B,RG02184,train
76,D0051T.mp4,C:\Users\Admin\Python Advanced\Deep Learning - CV\Project\data\Dataset\Videos\D0051T.mp4,0.787,ngày giỗ tổ Hùng Vương (âm lịch 10/3),ngày giỗ tổ hùng vương (âm lịch 10/3),T (Miền Trung / Central),unknown,155,29.97,1280,720,1ff67217b3666fd941a92cb4a1b304db,VALID,T,RG02184,train
2495,W02336B.mp4,C:\Users\Admin\Python Advanced\Deep Learning - CV\Project\data\Dataset\Videos\W02336B.mp4,0.604,ngày nay,ngày nay,B (Miền Bắc / North),unknown,123,29.97,1280,720,0e50188459b643780d78ddfb226c2749,VALID,B,RG02187,train
77,D0052B.mp4,C:\Users\Admin\Python Advanced\Deep Learning - CV\Project\data\Dataset\Videos\D0052B.mp4,0.61,ngày Ngôn ngữ kí hiệu Quốc tế 23/9,ngày ngôn ngữ kí hiệu quốc tế 23/9,B (Miền Bắc / North),unknown,107,29.97,1280,720,d744c36de61c44b43405f71c009b7bfb,VALID,B,RG02156,train
3706,D0052T.mp4,C:\Users\Admin\Python Advanced\Deep Learning - CV\Project\data\Dataset\Videos\D0052T.mp4,0.611,ngày Ngôn ngữ kí hiệu Quốc tế 23/9,ngày ngôn ngữ kí hiệu quốc tế 23/9,T (Miền Trung / Central),unknown,107,29.97,1280,720,c4d5c1249c303be85386fa0581b6d0aa,VALID,T,RG02156,train
65,D0046T.mp4,C:\Users\Admin\Python Advanced\Deep Learning - CV\Project\data\Dataset\Videos\D0046T.mp4,0.779,ngày Người khuyết tật Thế giới 3/12,ngày người khuyết tật thế giới 3/12,T (Miền Trung / Central),unknown,142,29.97,1280,720,439605672c538b1df83dc5d8de4a752e,VALID,T,RG02160,train
61,D0045B.mp4,C:\Users\Admin\Python Advanced\Deep Learning - CV\Project\data\Dataset\Videos\D0045B.mp4,0.664,ngày Người khuyết tật Việt Nam 18/4,ngày người khuyết tật việt nam 18/4,B (Miền Bắc / North),unknown,119,29.97,1280,720,798ded56e83c5412781d28d14075fb89,VALID,B,RG02161,train
70,D0049T.mp4,C:\Users\Admin\Python Advanced\Deep Learning - CV\Project\data\Dataset\Videos\D0049T.mp4,0.769,ngày Phụ nữ Việt Nam 20/10,ngày phụ nữ việt nam 20/10,T (Miền Trung / Central),unknown,145,29.97,1280,720,759914c48cf895f69e671768366eb793,VALID,T,RG02168,train
2500,W02337T.mp4,C:\Users\Admin\Python Advanced\Deep Learning - CV\Project\data\Dataset\Videos\W02337T.mp4,1.155,ngày Quốc tế Lao động,ngày quốc tế lao động,T (Miền Trung / Central),unknown,173,29.97,1280,720,e565b5e3847351e506b9bb91254f5535,VALID,T,RG02171,train
54,D0042B.mp4,C:\Users\Admin\Python Advanced\Deep Learning - CV\Project\data\Dataset\Videos\D0042B.mp4,0.741,ngày Quốc tế phụ nữ 8/3,ngày quốc tế phụ nữ 8/3,B (Miền Bắc / North),unknown,139,29.97,1280,720,97f2f429e9b00f6558596fc35dc6a2cf,VALID,B,RG02172,train
4135,W02338T.mp4,C:\Users\Admin\Python Advanced\Deep Learning - CV\Project\data\Dataset\Videos\W02338T.mp4,0.82,ngày sinh,ngày sinh,T (Miền Trung / Central),unknown,137,29.97,1280,720,c7ef50b94107d3fdafc622b3f9fb3e33,VALID,T,RG02192,train
91,D0058B.mp4,C:\Users\Admin\Python Advanced\Deep Learning - CV\Project\data\Dataset\Videos\D0058B.mp4,0.704,ngày thành lập quân đội nhân dân Việt Nam,ngày thành lập quân đội nhân dân việt nam,B (Miền Bắc / North),unknown,147,29.97,1280,720,9247b808d1dc3dfddccf23fc30486b7e,VALID,B,RG02193,train
93,D0058T.mp4,C:\Users\Admin\Python Advanced\Deep Learning - CV\Project\data\Dataset\Videos\D0058T.mp4,0.704,ngày thành lập quân đội nhân dân Việt Nam,ngày thành lập quân đội nhân dân việt nam,T (Miền Trung / Central),unknown,147,29.97,1280,720,61984432138928ef9d219441fb2c129e,VALID,T,RG02193,train
4133,W02329N.mp4,C:\Users\Admin\Python Advanced\Deep Learning - CV\Project\data\Dataset\Videos\W02329N.mp4,0.656,ngày tháng,ngày tháng,N (Miền Nam / South),unknown,119,29.97,1280,720,e007e8788b5f6fb43c482fd656480208,VALID,N,RG02196,train
72,D0050N.mp4,C:\Users\Admin\Python Advanced\Deep Learning - CV\Project\data\Dataset\Videos\D0050N.mp4,0.58,ngày thương bình liệt sĩ 27/7,ngày thương bình liệt sĩ 27/7,N (Miền Nam / South),unknown,114,29.97,1280,720,0523da274e15edef10ff6361f2d08d32,VALID,N,RG02199,train
89,D0057B.mp4,C:\Users\Admin\Python Advanced\Deep Learning - CV\Project\data\Dataset\Videos\D0057B.mp4,0.83,ngày thầy thuốc Việt Nam,ngày thầy thuốc việt nam,B (Miền Bắc / North),unknown,156,29.97,1280,720,3540e341953d6400f0f9ace540be833a,VALID,B,RG02200,train
2558,W02402B.mp4,C:\Users\Admin\Python Advanced\Deep Learning - CV\Project\data\Dataset\Videos\W02402B.mp4,0.545,ngũ quả,ngũ quả,B (Miền Bắc / North),unknown,101,29.97,1280,720,3c64997931d155fee4ffc0d7844b2ba3,VALID,B,RG02219,train
2572,W02430N.mp4,C:\Users\Admin\Python Advanced\Deep Learning - CV\Project\data\Dataset\Videos\W02430N.mp4,0.708,người lái xe (ô tô),người lái xe (ô tô),N (Miền Nam / South),unknown,108,29.97,1280,720,108cd1ba8ce9d592f452cdb0df1b8fa9,VALID,N,RG02225,train
2573,W02430T.mp4,C:\Users\Admin\Python Advanced\Deep Learning - CV\Project\data\Dataset\Videos\W02430T.mp4,0.709,người lái xe (ô tô),người lái xe (ô tô),T (Miền Trung / Central),unknown,108,29.97,1280,720,5d5a79436a44a27ab8e7c179062c8e9a,VALID,T,RG02225,train
2577,W02435N.mp4,C:\Users\Admin\Python Advanced\Deep Learning - CV\Project\data\Dataset\Videos\W02435N.mp4,0.418,người quen,người quen,N (Miền Nam / South),unknown,85,29.97,1280,720,6bb2ab9c78a04bd2800f8fb72db546e8,VALID,N,RG02231,train
2578,W02435T.mp4,C:\Users\Admin\Python Advanced\Deep Learning - CV\Project\data\Dataset\Videos\W02435T.mp4,0.418,người quen,người quen,T (Miền Trung / Central),unknown,85,29.97,1280,720,49ee6ddf91de53992f867205c8b12694,VALID,T,RG02231,train
2581,W02438B.mp4,C:\Users\Admin\Python Advanced\Deep Learning - CV\Project\data\Dataset\Videos\W02438B.mp4,0.623,người xưa,người xưa,B (Miền Bắc / North),unknown,106,29.97,1280,720,a62b0bee302fb648bbb275e19448d9c8,VALID,B,RG02232,train
2579,W02437B.mp4,C:\Users\Admin\Python Advanced\Deep Learning - CV\Project\data\Dataset\Videos\W02437B.mp4,0.638,người xấu,người xấu,B (Miền Bắc / North),unknown,113,29.97,1280,720,f4194eb6e1e26edaf086cfd7ea489c7b,VALID,B,RG02235,train
2586,W02439T.mp4,C:\Users\Admin\Python Advanced\Deep Learning - CV\Project\data\Dataset\Videos\W02439T.mp4,0.412,người yêu,người yêu,T (Miền Trung / Central),unknown,104,29.97,1280,720,8b31f4cedc3281e9d6128b80561f666e,VALID,T,RG02239,train
2550,W02394B.mp4,C:\Users\Admin\Python Advanced\Deep Learning - CV\Project\data\Dataset\Videos\W02394B.mp4,0.743,ngọn cây,ngọn cây,B (Miền Bắc / North),unknown,120,29.97,1280,720,4cf0aebbbd3ccc002918b5a3b4f9971e,VALID,B,RG02251,train
2555,W02400N.mp4,C:\Users\Admin\Python Advanced\Deep Learning - CV\Project\data\Dataset\Videos\W02400N.mp4,0.359,ngồi,ngồi,N (Miền Nam / South),unknown,68,29.97,1280,720,837e7e9acbb4a7dfeed87b47bf98b802,VALID,N,RG02254,train
3203,W03327N.mp4,C:\Users\Admin\Python Advanced\Deep Learning - CV\Project\data\Dataset\Videos\W03327N.mp4,0.564,ngữ pháp,ngữ pháp,N (Miền Nam / South),unknown,102,29.97,1280,720,57d09a6ab38f37630b412a898f0eac6e,VALID,N,RG02259,train
3204,W03327T.mp4,C:\Users\Admin\Python Advanced\Deep Learning - CV\Project\data\Dataset\Videos\W03327T.mp4,0.563,ngữ pháp,ngữ pháp,T (Miền Trung / Central),unknown,102,29.97,1280,720,a64f71d5fc717f1c40c564dbf9c6c1e7,VALID,T,RG02259,train
4165,W02497B.mp4,C:\Users\Admin\Python Advanced\Deep Learning - CV\Project\data\Dataset\Videos\W02497B.mp4,0.47,nhiệt kế,nhiệt kế,B (Miền Bắc / North),unknown,112,29.97,1280,720,7b6dd627e9cf8390d89d6120a5f9491e,VALID,B,RG02265,train
2628,W02497T.mp4,C:\Users\Admin\Python Advanced\Deep Learning - CV\Project\data\Dataset\Videos\W02497T.mp4,0.465,nhiệt kế,nhiệt kế,T (Miền Trung / Central),unknown,112,29.97,1280,720,6a3820610ac58377a08cc242457909d0,VALID,T,RG02265,train
1583,W01075B.mp4,C:\Users\Admin\Python Advanced\Deep Learning - CV\Project\data\Dataset\Videos\W01075B.mp4,0.436,nhà nước,nhà nước,B (Miền Bắc / North),unknown,107,29.97,1280,720,2c0ea097db56ce9d8e368deb457d43e9,VALID,B,RG02272,train
4157,W02455B.mp4,C:\Users\Admin\Python Advanced\Deep Learning - CV\Project\data\Dataset\Videos\W02455B.mp4,0.725,nhà trường,nhà trường,B (Miền Bắc / North),unknown,113,29.97,1280,720,4a49cf3032a1f1c3e60346bbf117334c,VALID,B,RG02280,train
548,D0470B.mp4,C:\Users\Admin\Python Advanced\Deep Learning - CV\Project\data\Dataset\Videos\D0470B.mp4,0.582,nhà văn hóa,nhà văn hóa,B (Miền Bắc / North),unknown,127,29.97,1280,720,60469c54b63bac7d1d0f38e0004b11e8,VALID,B,RG02284,train
2607,W02473N.mp4,C:\Users\Admin\Python Advanced\Deep Learning - CV\Project\data\Dataset\Videos\W02473N.mp4,0.32,nhân (Toán học),nhân (toán học),N (Miền Nam / South),unknown,78,29.97,1280,720,496a45247838c4808858b9665762f916,VALID,N,RG02291,train
2608,W02473T.mp4,C:\Users\Admin\Python Advanced\Deep Learning - CV\Project\data\Dataset\Videos\W02473T.mp4,0.318,nhân (Toán học),nhân (toán học),T (Miền Trung / Central),unknown,78,29.97,1280,720,b17709a01ad5bdea866b6db5b0f70e8e,VALID,T,RG02291,train
4162,W02479B.mp4,C:\Users\Admin\Python Advanced\Deep Learning - CV\Project\data\Dataset\Videos\W02479B.mp4,0.536,nhân hậu,nhân hậu,B (Miền Bắc / North),unknown,110,29.97,1280,720,9bc78fc4f8041f1574ee523ebece3bf9,VALID,B,RG02295,train
2595,W02461B.mp4,C:\Users\Admin\Python Advanced\Deep Learning - CV\Project\data\Dataset\Videos\W02461B.mp4,0.587,nhãn vở,nhãn vở,B (Miền Bắc / North),unknown,110,29.97,1280,720,f69e5f7a5396ee359cf5964392600efb,VALID,B,RG02299,train
316,D0242N.mp4,C:\Users\Admin\Python Advanced\Deep Learning - CV\Project\data\Dataset\Videos\D0242N.mp4,0.328,nhưng,nhưng,N (Miền Nam / South),unknown,89,29.97,1280,720,09bccd0da358d36643c835d3b9bd09e9,VALID,N,RG02309,train
95,D0060B.mp4,C:\Users\Admin\Python Advanced\Deep Learning - CV\Project\data\Dataset\Videos\D0060B.mp4,0.358,nhầm,nhầm,B (Miền Bắc / North),unknown,87,29.97,1280,720,d467faf4458644ecd40ea7fe5af6a1fd,VALID,B,RG02320,train
1721,W01259N.mp4,C:\Users\Admin\Python Advanced\Deep Learning - CV\Project\data\Dataset\Videos\W01259N.mp4,0.814,nhập ngũ,nhập ngũ,N (Miền Nam / South),unknown,137,29.97,1280,720,d68c004e68b7275b38ddc3477a06e5ae,VALID,N,RG02328,train
2618,W02490B.mp4,C:\Users\Admin\Python Advanced\Deep Learning - CV\Project\data\Dataset\Videos\W02490B.mp4,0.518,nhập trường,nhập trường,B (Miền Bắc / North),unknown,105,29.97,1280,720,747b0b556e6c6ad0acd4166deb6ba5a0,VALID,B,RG02330,train
2622,W02492N.mp4,C:\Users\Admin\Python Advanced\Deep Learning - CV\Project\data\Dataset\Videos\W02492N.mp4,0.296,Nhật (nước Nhật),nhật (nước nhật),N (Miền Nam / South),unknown,65,29.97,1280,720,a78c9954dd814fa04cfe08be3ec53b36,VALID,N,RG00120,train
2643,W02520B.mp4,C:\Users\Admin\Python Advanced\Deep Learning - CV\Project\data\Dataset\Videos\W02520B.mp4,0.531,no,no,B (Miền Bắc / North),unknown,118,29.97,1280,720,1ea02b54dbd14d74cc124d16a0ff357e,VALID,B,RG02350,train
164,D0123B.mp4,C:\Users\Admin\Python Advanced\Deep Learning - CV\Project\data\Dataset\Videos\D0123B.mp4,0.485,nên không?,nên không?,B (Miền Bắc / North),unknown,96,29.97,1280,720,eebe6d0e3d1fa2bd502d9d7957ea0474,VALID,B,RG02357,train
2671,W02555B.mp4,C:\Users\Admin\Python Advanced\Deep Learning - CV\Project\data\Dataset\Videos\W02555B.mp4,0.579,nước Việt nam,nước việt nam,B (Miền Bắc / North),unknown,110,29.97,1280,720,71f6e045670d41e3f6f2d868a26a8c86,VALID,B,RG02380,train
468,D0396N.mp4,C:\Users\Admin\Python Advanced\Deep Learning - CV\Project\data\Dataset\Videos\D0396N.mp4,0.938,nước ép trái cây,nước ép trái cây,N (Miền Nam / South),unknown,151,29.97,1280,720,04f1b06d77ad610fc8749441da1f0d81,VALID,N,RG02388,train
3785,D0396T.mp4,C:\Users\Admin\Python Advanced\Deep Learning - CV\Project\data\Dataset\Videos\D0396T.mp4,0.91,nước ép trái cây,nước ép trái cây,T (Miền Trung / Central),unknown,151,29.97,1280,720,7032c150c6e7cb60629edaad0e948cfa,VALID,T,RG02388,train
2471,W02292N.mp4,C:\Users\Admin\Python Advanced\Deep Learning - CV\Project\data\Dataset\Videos\W02292N.mp4,0.459,nạp điện,nạp điện,N (Miền Nam / South),unknown,79,29.97,1280,720,59f68120f40d02efa6e85f958ffad8df,VALID,N,RG02392,train
2472,W02292T.mp4,C:\Users\Admin\Python Advanced\Deep Learning - CV\Project\data\Dataset\Videos\W02292T.mp4,0.461,nạp điện,nạp điện,T (Miền Trung / Central),unknown,79,29.97,1280,720,173db2be0d2cd9f95fc51dba4d7ed0f7,VALID,T,RG02392,train
2662,W02540N.mp4,C:\Users\Admin\Python Advanced\Deep Learning - CV\Project\data\Dataset\Videos\W02540N.mp4,0.311,nội dung,nội dung,N (Miền Nam / South),unknown,65,29.97,1280,720,db07462856c5b7734c1195b75f8e41fc,VALID,N,RG02418,train
2663,W02540T.mp4,C:\Users\Admin\Python Advanced\Deep Learning - CV\Project\data\Dataset\Videos\W02540T.mp4,0.311,nội dung,nội dung,T (Miền Trung / Central),unknown,65,29.97,1280,720,06013c91a1713771d551f24539401817,VALID,T,RG02418,train
3810,D0509B.mp4,C:\Users\Admin\Python Advanced\Deep Learning - CV\Project\data\Dataset\Videos\D0509B.mp4,0.536,p,p,B (Miền Bắc / North),unknown,96,23.98,1280,720,e3e65712d7f3efb17bf35f3863581ec4,VALID,B,RG02423,train
2739,W02654B.mp4,C:\Users\Admin\Python Advanced\Deep Learning - CV\Project\data\Dataset\Videos\W02654B.mp4,0.421,Phi-líp-pin (nước Phi-líp-pin),phi-líp-pin (nước phi-líp-pin),B (Miền Bắc / North),unknown,85,29.97,1280,720,db425c394dfe68b26503216cb5a9a6a5,VALID,B,RG00126,train
2741,W02654T.mp4,C:\Users\Admin\Python Advanced\Deep Learning - CV\Project\data\Dataset\Videos\W02654T.mp4,0.421,Phi-líp-pin (nước Phi-líp-pin),phi-líp-pin (nước phi-líp-pin),T (Miền Trung / Central),unknown,85,29.97,1280,720,5d591cec623e82a3a49d5f119b94a110,VALID,T,RG00126,train
2742,W02656B.mp4,C:\Users\Admin\Python Advanced\Deep Learning - CV\Project\data\Dataset\Videos\W02656B.mp4,0.594,phim hoạt hình,phim hoạt hình,B (Miền Bắc / North),unknown,107,29.97,1280,720,c54abe79ba7d44f6a9fa74b95c51b8c1,VALID,B,RG02432,train
2747,W02658N.mp4,C:\Users\Admin\Python Advanced\Deep Learning - CV\Project\data\Dataset\Videos\W02658N.mp4,0.363,phim truyện,phim truyện,N (Miền Nam / South),unknown,78,29.97,1280,720,6b40928352f09aca3646c98fcfaa57d1,VALID,N,RG02436,train
4179,W02651N.mp4,C:\Users\Admin\Python Advanced\Deep Learning - CV\Project\data\Dataset\Videos\W02651N.mp4,0.46,phiên dịch,phiên dịch,N (Miền Nam / South),unknown,96,29.97,1280,720,e13287c621fb54aed5f7612a6d933d01,VALID,N,RG02439,train
4174,W02589N.mp4,C:\Users\Admin\Python Advanced\Deep Learning - CV\Project\data\Dataset\Videos\W02589N.mp4,0.518,phá,phá,N (Miền Nam / South),unknown,112,29.97,1280,720,9490e70e0692430b70b8ee06e9e3e874,VALID,N,RG02450,train
2705,W02589T.mp4,C:\Users\Admin\Python Advanced\Deep Learning - CV\Project\data\Dataset\Videos\W02589T.mp4,0.518,phá,phá,T (Miền Trung / Central),unknown,112,29.97,1280,720,e4a0a1160c69b79f38a62c1064c4be37,VALID,T,RG02450,train
289,D0214B.mp4,C:\Users\Admin\Python Advanced\Deep Learning - CV\Project\data\Dataset\Videos\D0214B.mp4,0.582,phó hiệu trưởng,phó hiệu trưởng,B (Miền Bắc / North),unknown,119,29.97,1280,720,e1e4ccb4799e367a1bd533e0c72b0fed,VALID,B,RG02480,train
2787,W02716N.mp4,C:\Users\Admin\Python Advanced\Deep Learning - CV\Project\data\Dataset\Videos\W02716N.mp4,0.537,phương tiện giao thông,phương tiện giao thông,N (Miền Nam / South),unknown,95,29.97,1280,720,c0e51ce0dc2e2f4187e5c5e42e098f17,VALID,N,RG02491,train
160,D0120N.mp4,C:\Users\Admin\Python Advanced\Deep Learning - CV\Project\data\Dataset\Videos\D0120N.mp4,0.425,phải không?,phải không?,N (Miền Nam / South),unknown,113,29.97,1280,720,93e09d616a94c5c53a6158cb599dcd03,VALID,N,RG02494,train
2707,W02597N.mp4,C:\Users\Admin\Python Advanced\Deep Learning - CV\Project\data\Dataset\Videos\W02597N.mp4,0.527,phản bội,phản bội,N (Miền Nam / South),unknown,100,29.97,1280,720,9ac65dc9fc1ca63dde9101a42e46a5e4,VALID,N,RG02496,train
2708,W02597T.mp4,C:\Users\Admin\Python Advanced\Deep Learning - CV\Project\data\Dataset\Videos\W02597T.mp4,0.532,phản bội,phản bội,T (Miền Trung / Central),unknown,100,29.97,1280,720,077a1be492935f9c46db3b02b1686da4,VALID,T,RG02496,train
2725,W02630N.mp4,C:\Users\Admin\Python Advanced\Deep Learning - CV\Project\data\Dataset\Videos\W02630N.mp4,0.33,phấn (viết bảng),phấn (viết bảng),N (Miền Nam / South),unknown,77,29.97,1280,720,2261181a05e5990aab18d3fdb19c5014,VALID,N,RG02500,train
2768,W02696B.mp4,C:\Users\Admin\Python Advanced\Deep Learning - CV\Project\data\Dataset\Videos\W02696B.mp4,0.409,phở,phở,B (Miền Bắc / North),unknown,93,29.97,1280,720,28ec037eb3aec845b2285c0f7fd81e0d,VALID,B,RG02518,train
2771,W02697B.mp4,C:\Users\Admin\Python Advanced\Deep Learning - CV\Project\data\Dataset\Videos\W02697B.mp4,0.455,phở cuốn,phở cuốn,B (Miền Bắc / North),unknown,89,29.97,1280,720,74df293b84ffa157f77368ff3266b8c1,VALID,B,RG02520,train
4203,W02820N.mp4,C:\Users\Admin\Python Advanced\Deep Learning - CV\Project\data\Dataset\Videos\W02820N.mp4,0.448,quyết tâm,quyết tâm,N (Miền Nam / South),unknown,81,29.97,1280,720,70ef672c8572f11a9fbec1b2055be6ac,VALID,N,RG02548,train
4202,W02820T.mp4,C:\Users\Admin\Python Advanced\Deep Learning - CV\Project\data\Dataset\Videos\W02820T.mp4,0.451,quyết tâm,quyết tâm,T (Miền Trung / Central),unknown,81,29.97,1280,720,80a716d6ea15eaf9e0359fd384cc0369,VALID,T,RG02548,train
2876,W02814B.mp4,C:\Users\Admin\Python Advanced\Deep Learning - CV\Project\data\Dataset\Videos\W02814B.mp4,0.422,quyết định,quyết định,B (Miền Bắc / North),unknown,93,29.97,1280,720,140151b7c574b4d305ee32feb4a83c03,VALID,B,RG02549,train
2878,W02814T.mp4,C:\Users\Admin\Python Advanced\Deep Learning - CV\Project\data\Dataset\Videos\W02814T.mp4,0.425,quyết định,quyết định,T (Miền Trung / Central),unknown,93,29.97,1280,720,fe8d9119c4811502015dc1314e978d38,VALID,T,RG02549,train
2874,W02813N.mp4,C:\Users\Admin\Python Advanced\Deep Learning - CV\Project\data\Dataset\Videos\W02813N.mp4,0.442,quyền lợi,quyền lợi,N (Miền Nam / South),unknown,89,29.97,1280,720,33a433b9871337b703ee98413f65cb22,VALID,N,RG02552,train
4200,W02818B.mp4,C:\Users\Admin\Python Advanced\Deep Learning - CV\Project\data\Dataset\Videos\W02818B.mp4,0.356,quyển vở,quyển vở,B (Miền Bắc / North),unknown,80,29.97,1280,720,4afccd0b3579564438fe9476f234e39b,VALID,B,RG02553,train
4194,W02797B.mp4,C:\Users\Admin\Python Advanced\Deep Learning - CV\Project\data\Dataset\Videos\W02797B.mp4,0.391,quê,quê,B (Miền Bắc / North),unknown,84,29.97,1280,720,1eb7a6e3bb6cd758904ecba44ba33264,VALID,B,RG02563,train
4183,W02724N.mp4,C:\Users\Admin\Python Advanced\Deep Learning - CV\Project\data\Dataset\Videos\W02724N.mp4,0.493,quả bưởi,quả bưởi,N (Miền Nam / South),unknown,69,29.97,1280,720,3aed1573c9b85338d11dfa746ef6f6ec,VALID,N,RG02573,train
2793,W02724T.mp4,C:\Users\Admin\Python Advanced\Deep Learning - CV\Project\data\Dataset\Videos\W02724T.mp4,0.494,quả bưởi,quả bưởi,T (Miền Trung / Central),unknown,69,29.97,1280,720,61bf64f96928858df96bd76a5fb20e94,VALID,T,RG02573,train
2799,W02731N.mp4,C:\Users\Admin\Python Advanced\Deep Learning - CV\Project\data\Dataset\Videos\W02731N.mp4,0.45,quả dưa hấu,quả dưa hấu,N (Miền Nam / South),unknown,89,29.97,1280,720,fdf1f86691c1fba42466bf651bec347a,VALID,N,RG02581,train
2802,W02732N.mp4,C:\Users\Admin\Python Advanced\Deep Learning - CV\Project\data\Dataset\Videos\W02732N.mp4,0.303,quả dừa,quả dừa,N (Miền Nam / South),unknown,65,29.97,1280,720,dc07e3f5e1fd5053a05a131dea8cce8c,VALID,N,RG02583,train
2803,W02732T.mp4,C:\Users\Admin\Python Advanced\Deep Learning - CV\Project\data\Dataset\Videos\W02732T.mp4,0.303,quả dừa,quả dừa,T (Miền Trung / Central),unknown,65,29.97,1280,720,c577ce7960e4c4eaeccf30eb65d3ce6e,VALID,T,RG02583,train
2805,W02733N.mp4,C:\Users\Admin\Python Advanced\Deep Learning - CV\Project\data\Dataset\Videos\W02733N.mp4,0.578,quả dừa xiêm,quả dừa xiêm,N (Miền Nam / South),unknown,121,29.97,1280,720,8b5c3de00079319e98b61f50c0f9f9fc,VALID,N,RG02585,train
2806,W02733T.mp4,C:\Users\Admin\Python Advanced\Deep Learning - CV\Project\data\Dataset\Videos\W02733T.mp4,0.577,quả dừa xiêm,quả dừa xiêm,T (Miền Trung / Central),unknown,121,29.97,1280,720,6f6c35f878b316c07dd069c6e35a9615,VALID,T,RG02585,train
2815,W02742B.mp4,C:\Users\Admin\Python Advanced\Deep Learning - CV\Project\data\Dataset\Videos\W02742B.mp4,0.481,quả khế,quả khế,B (Miền Bắc / North),unknown,98,29.97,1280,720,9b78a2d89540df876288ac606d3bd58a,VALID,B,RG02589,train
2821,W02748N.mp4,C:\Users\Admin\Python Advanced\Deep Learning - CV\Project\data\Dataset\Videos\W02748N.mp4,0.421,quả nhãn,quả nhãn,N (Miền Nam / South),unknown,76,29.97,1280,720,0cf7da0851a7373a48b508a37fdc9080,VALID,N,RG02597,train
2822,W02748T.mp4,C:\Users\Admin\Python Advanced\Deep Learning - CV\Project\data\Dataset\Videos\W02748T.mp4,0.388,quả nhãn,quả nhãn,T (Miền Trung / Central),unknown,76,29.97,1280,720,10745057b1469ae998d1fa0ba1e21a4a,VALID,T,RG02597,train
4186,W02754B.mp4,C:\Users\Admin\Python Advanced\Deep Learning - CV\Project\data\Dataset\Videos\W02754B.mp4,0.453,quả roi,quả roi,B (Miền Bắc / North),unknown,89,29.97,1280,720,e6b40592732b0412504c8d42c49e07f8,VALID,B,RG02600,train
2810,W02737N.mp4,C:\Users\Admin\Python Advanced\Deep Learning - CV\Project\data\Dataset\Videos\W02737N.mp4,1.048,quả đu đủ,quả đu đủ,N (Miền Nam / South),unknown,175,29.97,1280,720,d499b6da74bb78c99a14a58f58c78750,VALID,N,RG02612,train
2856,W02787N.mp4,C:\Users\Admin\Python Advanced\Deep Learning - CV\Project\data\Dataset\Videos\W02787N.mp4,0.518,quần bò,quần bò,N (Miền Nam / South),unknown,95,29.97,1280,720,4f463e222e984766473891a70999de58,VALID,N,RG02620,train
2857,W02787T.mp4,C:\Users\Admin\Python Advanced\Deep Learning - CV\Project\data\Dataset\Videos\W02787T.mp4,0.522,quần bò,quần bò,T (Miền Trung / Central),unknown,95,29.97,1280,720,29162ab038d2989f52300efcc1a74673,VALID,T,RG02620,train
2859,W02790B.mp4,C:\Users\Admin\Python Advanced\Deep Learning - CV\Project\data\Dataset\Videos\W02790B.mp4,0.531,quận,quận,B (Miền Bắc / North),unknown,102,29.97,1280,720,2e59b4707f6ca2dad447ca4bfa4946d1,VALID,B,RG02624,train
2883,W02825B.mp4,C:\Users\Admin\Python Advanced\Deep Learning - CV\Project\data\Dataset\Videos\W02825B.mp4,0.463,ra ngoài,ra ngoài,B (Miền Bắc / North),unknown,95,29.97,1280,720,4e56004896216349cecba9ddbd883956,VALID,B,RG02634,train
2915,W02868N.mp4,C:\Users\Admin\Python Advanced\Deep Learning - CV\Project\data\Dataset\Videos\W02868N.mp4,0.637,rong chơi,rong chơi,N (Miền Nam / South),unknown,81,29.97,1280,720,acff32c1d0019c572d24c8e2dd734402,VALID,N,RG02651,train
2935,W02897N.mp4,C:\Users\Admin\Python Advanced\Deep Learning - CV\Project\data\Dataset\Videos\W02897N.mp4,0.61,rưỡi,rưỡi,N (Miền Nam / South),unknown,99,29.97,1280,720,8352dd847acadfd6ff1b4e0b9a14ebb4,VALID,N,RG02677,train
4214,W02898B.mp4,C:\Users\Admin\Python Advanced\Deep Learning - CV\Project\data\Dataset\Videos\W02898B.mp4,0.503,rượu,rượu,B (Miền Bắc / North),unknown,106,29.97,1280,720,c286d48a2c5d4fbdd71224efdc2dbe29,VALID,B,RG02678,train
2894,W02847N.mp4,C:\Users\Admin\Python Advanced\Deep Learning - CV\Project\data\Dataset\Videos\W02847N.mp4,0.525,rằm trung thu,rằm trung thu,N (Miền Nam / South),unknown,87,29.97,1280,720,dcb25f114eaf87b069d5e3c74bccd025,VALID,N,RG02684,train
2895,W02847T.mp4,C:\Users\Admin\Python Advanced\Deep Learning - CV\Project\data\Dataset\Videos\W02847T.mp4,0.496,rằm trung thu,rằm trung thu,T (Miền Trung / Central),unknown,87,29.97,1280,720,4321e1a96f201b5c887e42d52df10bd1,VALID,T,RG02684,train
2982,W02956N.mp4,C:\Users\Admin\Python Advanced\Deep Learning - CV\Project\data\Dataset\Videos\W02956N.mp4,0.361,sinh sản,sinh sản,N (Miền Nam / South),unknown,67,29.97,1280,720,c3d6665141e507ab909ca01ad08fbf3e,VALID,N,RG02715,train
4223,W02956T.mp4,C:\Users\Admin\Python Advanced\Deep Learning - CV\Project\data\Dataset\Videos\W02956T.mp4,0.362,sinh sản,sinh sản,T (Miền Trung / Central),unknown,67,29.97,1280,720,8f45b02e493782da0d96a29331008228,VALID,T,RG02715,train
498,D0423B.mp4,C:\Users\Admin\Python Advanced\Deep Learning - CV\Project\data\Dataset\Videos\D0423B.mp4,0.496,sinh đôi,sinh đôi,B (Miền Bắc / North),unknown,103,29.97,1280,720,e8217597fe89c0a1d1f284ab55564220,VALID,B,RG02720,train
500,D0423T.mp4,C:\Users\Admin\Python Advanced\Deep Learning - CV\Project\data\Dataset\Videos\D0423T.mp4,0.498,sinh đôi,sinh đôi,T (Miền Trung / Central),unknown,103,29.97,1280,720,0db48609b069510b656f308b9e52d122,VALID,T,RG02720,train
2978,W02953N.mp4,C:\Users\Admin\Python Advanced\Deep Learning - CV\Project\data\Dataset\Videos\W02953N.mp4,0.496,sinh đẻ,sinh đẻ,N (Miền Nam / South),unknown,93,29.97,1280,720,c4a52c46dfdf9becdc5e5de07a641993,VALID,N,RG02723,train
4222,W02953T.mp4,C:\Users\Admin\Python Advanced\Deep Learning - CV\Project\data\Dataset\Videos\W02953T.mp4,0.495,sinh đẻ,sinh đẻ,T (Miền Trung / Central),unknown,93,29.97,1280,720,b6484588734299a8046227b06d28f22b,VALID,T,RG02723,train
110,D0072N.mp4,C:\Users\Admin\Python Advanced\Deep Learning - CV\Project\data\Dataset\Videos\D0072N.mp4,0.363,suýt,suýt,N (Miền Nam / South),unknown,100,29.97,1280,720,7471018b10ff013d7b23c26dde9091e8,VALID,N,RG02737,train
111,D0072T.mp4,C:\Users\Admin\Python Advanced\Deep Learning - CV\Project\data\Dataset\Videos\D0072T.mp4,0.363,suýt,suýt,T (Miền Trung / Central),unknown,100,29.97,1280,720,7c1bf6331e9ae1ca084691da6fc26831,VALID,T,RG02737,train
2965,W02940N.mp4,C:\Users\Admin\Python Advanced\Deep Learning - CV\Project\data\Dataset\Videos\W02940N.mp4,0.55,sân trường,sân trường,N (Miền Nam / South),unknown,106,29.97,1280,720,585f18d6afa884f5bf0a758b377187d6,VALID,N,RG02753,train
4221,W02940T.mp4,C:\Users\Admin\Python Advanced\Deep Learning - CV\Project\data\Dataset\Videos\W02940T.mp4,0.551,sân trường,sân trường,T (Miền Trung / Central),unknown,106,29.97,1280,720,6088c02d1b8f5518f35a9d71025b0dbd,VALID,T,RG02753,train
3004,W03011N.mp4,C:\Users\Admin\Python Advanced\Deep Learning - CV\Project\data\Dataset\Videos\W03011N.mp4,0.545,sơ mi,sơ mi,N (Miền Nam / South),unknown,99,29.97,1280,720,c00fb6cd39f0fb08979e5b873d2ddfd7,VALID,N,RG02770,train
2954,W02931N.mp4,C:\Users\Admin\Python Advanced\Deep Learning - CV\Project\data\Dataset\Videos\W02931N.mp4,0.487,sắp xếp,sắp xếp,N (Miền Nam / South),unknown,78,29.97,1280,720,095bab7ba05272055c9b1309de1b6dfd,VALID,N,RG02780,train
2955,W02931T.mp4,C:\Users\Admin\Python Advanced\Deep Learning - CV\Project\data\Dataset\Videos\W02931T.mp4,0.482,sắp xếp,sắp xếp,T (Miền Trung / Central),unknown,78,29.97,1280,720,5a7fc58324cdb74ff5eb9ebf73723c9b,VALID,T,RG02780,train
2958,W02932T.mp4,C:\Users\Admin\Python Advanced\Deep Learning - CV\Project\data\Dataset\Videos\W02932T.mp4,0.564,sắt,sắt,T (Miền Trung / Central),unknown,138,29.97,1280,720,0d9687bc6cff4dbf0a4d7fe240d86334,VALID,T,RG02783,train
206,D0155B.mp4,C:\Users\Admin\Python Advanced\Deep Learning - CV\Project\data\Dataset\Videos\D0155B.mp4,0.499,sống sót,sống sót,B (Miền Bắc / North),unknown,108,29.97,1280,720,3e31cf858f2f8b6291eafe5632878468,VALID,B,RG02794,train
3740,D0155T.mp4,C:\Users\Admin\Python Advanced\Deep Learning - CV\Project\data\Dataset\Videos\D0155T.mp4,0.499,sống sót,sống sót,T (Miền Trung / Central),unknown,108,29.97,1280,720,215ed14baf19ad026bab446186dea8a4,VALID,T,RG02794,train
4234,W03042N.mp4,C:\Users\Admin\Python Advanced\Deep Learning - CV\Project\data\Dataset\Videos\W03042N.mp4,0.627,sữa,sữa,N (Miền Nam / South),unknown,122,29.97,1280,720,29780a25f167436f9653d73184e9d122,VALID,N,RG02813,train
3016,W03036N.mp4,C:\Users\Admin\Python Advanced\Deep Learning - CV\Project\data\Dataset\Videos\W03036N.mp4,0.583,sữa bò,sữa bò,N (Miền Nam / South),unknown,81,29.97,1280,720,72080e3c27605d891d47b709a18867d1,VALID,N,RG02815,train
3017,W03036T.mp4,C:\Users\Admin\Python Advanced\Deep Learning - CV\Project\data\Dataset\Videos\W03036T.mp4,0.586,sữa bò,sữa bò,T (Miền Trung / Central),unknown,81,29.97,1280,720,2cd304b5f87058c3c88f98024c62149a,VALID,T,RG02815,train
3018,W03037B.mp4,C:\Users\Admin\Python Advanced\Deep Learning - CV\Project\data\Dataset\Videos\W03037B.mp4,0.649,sữa bột,sữa bột,B (Miền Bắc / North),unknown,133,29.97,1280,720,97ceed77158bd21fe2ce83e729138c2d,VALID,B,RG02816,train
3022,W03038N.mp4,C:\Users\Admin\Python Advanced\Deep Learning - CV\Project\data\Dataset\Videos\W03038N.mp4,0.475,sữa dê,sữa dê,N (Miền Nam / South),unknown,77,29.97,1280,720,d6f8e3f48a0ca3db6f54604c9b531781,VALID,N,RG02819,train
3023,W03038T.mp4,C:\Users\Admin\Python Advanced\Deep Learning - CV\Project\data\Dataset\Videos\W03038T.mp4,0.475,sữa dê,sữa dê,T (Miền Trung / Central),unknown,77,29.97,1280,720,807bb32c5eee5316e45dedc336777b25,VALID,T,RG02819,train
4233,W03040N.mp4,C:\Users\Admin\Python Advanced\Deep Learning - CV\Project\data\Dataset\Videos\W03040N.mp4,0.526,sữa hộp,sữa hộp,N (Miền Nam / South),unknown,103,29.97,1280,720,4ffcb9317181bc2dd35d616f66da03a4,VALID,N,RG02821,train
595,D0513T.mp4,C:\Users\Admin\Python Advanced\Deep Learning - CV\Project\data\Dataset\Videos\D0513T.mp4,1.379,t,t,T (Miền Trung / Central),unknown,160,23.98,1280,720,3e17c604a5df8edddb4fb8d085d4da7f,VALID,T,RG02827,train
510,D0432N.mp4,C:\Users\Admin\Python Advanced\Deep Learning - CV\Project\data\Dataset\Videos\D0432N.mp4,0.616,tay chân sạch sẽ,tay chân sạch sẽ,N (Miền Nam / South),unknown,126,29.97,1280,720,56eae29137719c574a9dd324b42b00b2,VALID,N,RG02835,train
3079,W03138N.mp4,C:\Users\Admin\Python Advanced\Deep Learning - CV\Project\data\Dataset\Videos\W03138N.mp4,0.378,tha thứ,tha thứ,N (Miền Nam / South),unknown,78,29.97,1280,720,7bf17d5918f8d38aeb6b85bc23b2eef0,VALID,N,RG02841,train
3089,W03153N.mp4,C:\Users\Admin\Python Advanced\Deep Learning - CV\Project\data\Dataset\Videos\W03153N.mp4,0.591,tham dự,tham dự,N (Miền Nam / South),unknown,92,29.97,1280,720,93bcda3d1ad4ecef9c0b3044ce79c60b,VALID,N,RG02844,train
3090,W03153T.mp4,C:\Users\Admin\Python Advanced\Deep Learning - CV\Project\data\Dataset\Videos\W03153T.mp4,0.591,tham dự,tham dự,T (Miền Trung / Central),unknown,92,29.97,1280,720,d5a0621fc9bb135d6660b127e7d541c2,VALID,T,RG02844,train
4256,W03156N.mp4,C:\Users\Admin\Python Advanced\Deep Learning - CV\Project\data\Dataset\Videos\W03156N.mp4,0.691,tham quan,tham quan,N (Miền Nam / South),unknown,109,29.97,1280,720,2f0119439e890e8beba22e2833b9a93b,VALID,N,RG02848,train
3093,W03156T.mp4,C:\Users\Admin\Python Advanced\Deep Learning - CV\Project\data\Dataset\Videos\W03156T.mp4,0.693,tham quan,tham quan,T (Miền Trung / Central),unknown,109,29.97,1280,720,8b5279d04347f3aba2f7826a1213bb3b,VALID,T,RG02848,train
28,D0024N.mp4,C:\Users\Admin\Python Advanced\Deep Learning - CV\Project\data\Dataset\Videos\D0024N.mp4,1.14,tham ăn,tham ăn,N (Miền Nam / South),unknown,183,29.97,1280,720,54c0818882801b7be6e3f84a117b1cf1,VALID,N,RG02850,train
30,D0024T.mp4,C:\Users\Admin\Python Advanced\Deep Learning - CV\Project\data\Dataset\Videos\D0024T.mp4,1.14,tham ăn,tham ăn,T (Miền Trung / Central),unknown,183,29.97,1280,720,467af59a3a3419130ac9367618ea2457,VALID,T,RG02850,train
4267,W03243N.mp4,C:\Users\Admin\Python Advanced\Deep Learning - CV\Project\data\Dataset\Videos\W03243N.mp4,0.458,thi cử,thi cử,N (Miền Nam / South),unknown,77,29.97,1280,720,077f319ea157926abd3a9db87951207f,VALID,N,RG02856,train
3162,W03265N.mp4,C:\Users\Admin\Python Advanced\Deep Learning - CV\Project\data\Dataset\Videos\W03265N.mp4,0.582,thiết kế,thiết kế,N (Miền Nam / South),unknown,107,29.97,1280,720,9efbd03cc536362dc2bfc381f8cfd9db,VALID,N,RG02864,train
276,D0206B.mp4,C:\Users\Admin\Python Advanced\Deep Learning - CV\Project\data\Dataset\Videos\D0206B.mp4,0.587,thiếu thốn,thiếu thốn,B (Miền Bắc / North),unknown,106,29.97,1280,720,ecafc497f75d844250e5900d3c8a4f84,VALID,B,RG02867,train
145,D0108N.mp4,C:\Users\Admin\Python Advanced\Deep Learning - CV\Project\data\Dataset\Videos\D0108N.mp4,0.734,thiệp sinh nhật,thiệp sinh nhật,N (Miền Nam / South),unknown,134,29.97,1280,720,2bc7298f35f0968ca9d3b9d478efadb6,VALID,N,RG02870,train
3724,D0108T.mp4,C:\Users\Admin\Python Advanced\Deep Learning - CV\Project\data\Dataset\Videos\D0108T.mp4,0.733,thiệp sinh nhật,thiệp sinh nhật,T (Miền Trung / Central),unknown,134,29.97,1280,720,19acf68a39e9165b5b8e08f5e95b1363,VALID,T,RG02870,train
4280,W03329B.mp4,C:\Users\Admin\Python Advanced\Deep Learning - CV\Project\data\Dataset\Videos\W03329B.mp4,0.353,thuê,thuê,B (Miền Bắc / North),unknown,86,29.97,1280,720,17901fda9c20017539b1c2de6090261b,VALID,B,RG02882,train
4281,W03329T.mp4,C:\Users\Admin\Python Advanced\Deep Learning - CV\Project\data\Dataset\Videos\W03329T.mp4,0.353,thuê,thuê,T (Miền Trung / Central),unknown,86,29.97,1280,720,aa6d44fbb03472a163fa8dc3d689daee,VALID,T,RG02882,train
4283,W03339B.mp4,C:\Users\Admin\Python Advanced\Deep Learning - CV\Project\data\Dataset\Videos\W03339B.mp4,0.336,thuỷ điện,thuỷ điện,B (Miền Bắc / North),unknown,76,29.97,1280,720,a118ee34ff2ba7741c53ca2c0e93c4e5,VALID,B,RG02891,train
3104,W03175B.mp4,C:\Users\Admin\Python Advanced\Deep Learning - CV\Project\data\Dataset\Videos\W03175B.mp4,0.567,thành lập,thành lập,B (Miền Bắc / North),unknown,123,29.97,1280,720,0ffdd31b35c56eaee53a46007b288253,VALID,B,RG02895,train
3106,W03175T.mp4,C:\Users\Admin\Python Advanced\Deep Learning - CV\Project\data\Dataset\Videos\W03175T.mp4,0.572,thành lập,thành lập,T (Miền Trung / Central),unknown,123,29.97,1280,720,4bf60afc561b8ceb4c28f5b14645a558,VALID,T,RG02895,train
3084,W03148B.mp4,C:\Users\Admin\Python Advanced\Deep Learning - CV\Project\data\Dataset\Videos\W03148B.mp4,1.098,thái độ,thái độ,B (Miền Bắc / North),unknown,218,29.97,1280,720,b0c89ac4813d6e2dd4d4406eb1994f22,VALID,B,RG02901,train
3098,W03167B.mp4,C:\Users\Admin\Python Advanced\Deep Learning - CV\Project\data\Dataset\Videos\W03167B.mp4,0.441,tháng,tháng,B (Miền Bắc / North),unknown,101,29.97,1280,720,507d2c6d6c8d7867f94bc9779c96084f,VALID,B,RG02905,train
3119,W03204N.mp4,C:\Users\Admin\Python Advanced\Deep Learning - CV\Project\data\Dataset\Videos\W03204N.mp4,0.703,thân cây,thân cây,N (Miền Nam / South),unknown,113,29.97,1280,720,6dd360fd49e867a35c431c5707980c25,VALID,N,RG02913,train
3120,W03204T.mp4,C:\Users\Admin\Python Advanced\Deep Learning - CV\Project\data\Dataset\Videos\W03204T.mp4,0.736,thân cây,thân cây,T (Miền Trung / Central),unknown,113,29.97,1280,720,ebcd2a08470dc2821d8fe4993900fd70,VALID,T,RG02913,train
3151,W03251B.mp4,C:\Users\Admin\Python Advanced\Deep Learning - CV\Project\data\Dataset\Videos\W03251B.mp4,1.471,thìa,thìa,B (Miền Bắc / North),unknown,257,29.97,1280,720,b74444534cda468587e00905d95aa8b2,VALID,B,RG02924,train
3154,W03252B.mp4,C:\Users\Admin\Python Advanced\Deep Learning - CV\Project\data\Dataset\Videos\W03252B.mp4,0.82,thích thú,thích thú,B (Miền Bắc / North),unknown,122,29.97,1280,720,2784a20dd07aabd716edc740980ac7c5,VALID,B,RG02928,train
32,D0029B.mp4,C:\Users\Admin\Python Advanced\Deep Learning - CV\Project\data\Dataset\Videos\D0029B.mp4,0.538,thói quen,thói quen,B (Miền Bắc / North),unknown,129,29.97,1280,720,5191d9cbf3f7a91385317bb62cf8c685,VALID,B,RG02933,train
4272,W03288B.mp4,C:\Users\Admin\Python Advanced\Deep Learning - CV\Project\data\Dataset\Videos\W03288B.mp4,0.465,thông minh,thông minh,B (Miền Bắc / North),unknown,88,29.97,1280,720,5e9a1885c6a43d1bef6e307a83b7f08b,VALID,B,RG02937,train
4274,W03292B.mp4,C:\Users\Admin\Python Advanced\Deep Learning - CV\Project\data\Dataset\Videos\W03292B.mp4,0.489,thông tin,thông tin,B (Miền Bắc / North),unknown,101,29.97,1280,720,8dab2ed3ee03f3495aa2aa2a5faaa4b6,VALID,B,RG02941,train
3198,W03323N.mp4,C:\Users\Admin\Python Advanced\Deep Learning - CV\Project\data\Dataset\Videos\W03323N.mp4,0.365,thú dữ,thú dữ,N (Miền Nam / South),unknown,85,29.97,1280,720,75770a9e617ad563a5cca14992db5ca6,VALID,N,RG02946,train
4278,W03323T.mp4,C:\Users\Admin\Python Advanced\Deep Learning - CV\Project\data\Dataset\Videos\W03323T.mp4,0.364,thú dữ,thú dữ,T (Miền Trung / Central),unknown,85,29.97,1280,720,bbc032a27c5a5c29473e2df9bd1bbf0f,VALID,T,RG02946,train
3199,W03324B.mp4,C:\Users\Admin\Python Advanced\Deep Learning - CV\Project\data\Dataset\Videos\W03324B.mp4,0.622,thú y,thú y,B (Miền Bắc / North),unknown,116,29.97,1280,720,1bb7d1cfe3f632e43712a533c8ee6691,VALID,B,RG02947,train
4261,W03197N.mp4,C:\Users\Admin\Python Advanced\Deep Learning - CV\Project\data\Dataset\Videos\W03197N.mp4,0.537,thăm hỏi,thăm hỏi,N (Miền Nam / South),unknown,93,29.97,1280,720,1ceed17e2f3c48cc17295e930fb0abb0,VALID,N,RG02951,train
3187,W03314N.mp4,C:\Users\Admin\Python Advanced\Deep Learning - CV\Project\data\Dataset\Videos\W03314N.mp4,0.374,thơm,thơm,N (Miền Nam / South),unknown,87,29.97,1280,720,8b18eeb7b4116a0f76335d47cd4082d2,VALID,N,RG02954,train
3188,W03314T.mp4,C:\Users\Admin\Python Advanced\Deep Learning - CV\Project\data\Dataset\Videos\W03314T.mp4,0.375,thơm,thơm,T (Miền Trung / Central),unknown,87,29.97,1280,720,32a4a422b3819f5ea1949dcbc43338ed,VALID,T,RG02954,train
3282,W03450B.mp4,C:\Users\Admin\Python Advanced\Deep Learning - CV\Project\data\Dataset\Videos\W03450B.mp4,0.519,thương yêu,thương yêu,B (Miền Bắc / North),unknown,102,29.97,1280,720,44dc4bb48146b2650522b7a9da2949ee,VALID,B,RG02960,train
3238,W03373N.mp4,C:\Users\Admin\Python Advanced\Deep Learning - CV\Project\data\Dataset\Videos\W03373N.mp4,0.346,thương yêu,thương yêu,N (Miền Nam / South),unknown,80,29.97,1280,720,c306ae291d6cb45e05a49718e928a819,VALID,N,RG02959,train
208,D0156B.mp4,C:\Users\Admin\Python Advanced\Deep Learning - CV\Project\data\Dataset\Videos\D0156B.mp4,0.648,thường xuyên,thường xuyên,B (Miền Bắc / North),unknown,110,29.97,1280,720,4d5414ec8c7e7d97097d784fc3c61684,VALID,B,RG02963,train
3130,W03222B.mp4,C:\Users\Admin\Python Advanced\Deep Learning - CV\Project\data\Dataset\Videos\W03222B.mp4,0.684,thầy cô,thầy cô,B (Miền Bắc / North),unknown,166,29.97,1280,720,672e0c047bbbb670cf048416cb43676e,VALID,B,RG02973,train
3134,W03224B.mp4,C:\Users\Admin\Python Advanced\Deep Learning - CV\Project\data\Dataset\Videos\W03224B.mp4,0.426,thầy giáo,thầy giáo,B (Miền Bắc / North),unknown,98,29.97,1280,720,0f88789812943f9a18f243e5ccb774ae,VALID,B,RG02976,train
3142,W03239B.mp4,C:\Users\Admin\Python Advanced\Deep Learning - CV\Project\data\Dataset\Videos\W03239B.mp4,0.476,thế nào?,thế nào?,B (Miền Bắc / North),unknown,101,29.97,1280,720,10d55ba7d12f9182873243427b3638c0,VALID,B,RG02988,train
3191,W03320B.mp4,C:\Users\Admin\Python Advanced\Deep Learning - CV\Project\data\Dataset\Videos\W03320B.mp4,0.722,thủ công,thủ công,B (Miền Bắc / North),unknown,144,29.97,1280,720,c66e280d3244ea6043142e4e6a580348,VALID,B,RG03010,train
3194,W03321B.mp4,C:\Users\Admin\Python Advanced\Deep Learning - CV\Project\data\Dataset\Videos\W03321B.mp4,0.432,thủ tướng,thủ tướng,B (Miền Bắc / North),unknown,94,29.97,1280,720,8cbfeaf403808453765dc15cbea90ce0,VALID,B,RG03013,train
3215,W03345B.mp4,C:\Users\Admin\Python Advanced\Deep Learning - CV\Project\data\Dataset\Videos\W03345B.mp4,0.607,Thủy Điện Hòa Bình,thủy điện hòa bình,B (Miền Bắc / North),unknown,107,29.97,1280,720,ddbfd1686343da3b83f51937ffddafe3,VALID,B,RG00144,train
3225,W03359N.mp4,C:\Users\Admin\Python Advanced\Deep Learning - CV\Project\data\Dataset\Videos\W03359N.mp4,0.302,thừa,thừa,N (Miền Nam / South),unknown,66,29.97,1280,720,f39ed8fd126d7ded39b01f70c144f353,VALID,N,RG03019,train
3226,W03359T.mp4,C:\Users\Admin\Python Advanced\Deep Learning - CV\Project\data\Dataset\Videos\W03359T.mp4,0.302,thừa,thừa,T (Miền Trung / Central),unknown,66,29.97,1280,720,26a8d98f810eadad27e86c540edb5b21,VALID,T,RG03019,train
3227,W03361B.mp4,C:\Users\Admin\Python Advanced\Deep Learning - CV\Project\data\Dataset\Videos\W03361B.mp4,0.566,Thừa Thiên – Huế,thừa thiên – huế,B (Miền Bắc / North),unknown,113,29.97,1280,720,9e3b89437ab25d06c49272b0f0b91fdb,VALID,B,RG00146,train
3249,W03392B.mp4,C:\Users\Admin\Python Advanced\Deep Learning - CV\Project\data\Dataset\Videos\W03392B.mp4,0.709,tiếc,tiếc,B (Miền Bắc / North),unknown,133,29.97,1280,720,cc433a2d40b867be0713164e0788e2d8,VALID,B,RG03041,train
3251,W03392T.mp4,C:\Users\Admin\Python Advanced\Deep Learning - CV\Project\data\Dataset\Videos\W03392T.mp4,0.71,tiếc,tiếc,T (Miền Trung / Central),unknown,133,29.97,1280,720,c60e4b36b0c3ebbd67c388c1405d8036,VALID,T,RG03041,train
3257,W03409N.mp4,C:\Users\Admin\Python Advanced\Deep Learning - CV\Project\data\Dataset\Videos\W03409N.mp4,0.284,tiếng Anh,tiếng anh,N (Miền Nam / South),unknown,69,29.97,1280,720,6e0543d4e84ac8c73a2934f27ead007d,VALID,N,RG03046,train
3258,W03409T.mp4,C:\Users\Admin\Python Advanced\Deep Learning - CV\Project\data\Dataset\Videos\W03409T.mp4,0.285,tiếng Anh,tiếng anh,T (Miền Trung / Central),unknown,69,29.97,1280,720,8907d3bad559b7140af61dd08cb05417,VALID,T,RG03046,train
3262,W03421B.mp4,C:\Users\Admin\Python Advanced\Deep Learning - CV\Project\data\Dataset\Videos\W03421B.mp4,0.586,tiếp tục,tiếp tục,B (Miền Bắc / North),unknown,145,29.97,1280,720,5e8cdbe21364e1b4cbbe77c239627533,VALID,B,RG03052,train
3265,W03422N.mp4,C:\Users\Admin\Python Advanced\Deep Learning - CV\Project\data\Dataset\Videos\W03422N.mp4,0.525,tiết kiệm,tiết kiệm,N (Miền Nam / South),unknown,88,29.97,1280,720,c032ae657fe5b59b27880ba20075167e,VALID,N,RG03055,train
3297,W03471N.mp4,C:\Users\Admin\Python Advanced\Deep Learning - CV\Project\data\Dataset\Videos\W03471N.mp4,0.724,toa xe,toa xe,N (Miền Nam / South),unknown,128,29.97,1280,720,90412c7d9bac061a7a82f02f8825d6de,VALID,N,RG03063,train
3298,W03471T.mp4,C:\Users\Admin\Python Advanced\Deep Learning - CV\Project\data\Dataset\Videos\W03471T.mp4,0.726,toa xe,toa xe,T (Miền Trung / Central),unknown,128,29.97,1280,720,344906707b0f00528954cac8451f7f54,VALID,T,RG03063,train
3300,W03472N.mp4,C:\Users\Admin\Python Advanced\Deep Learning - CV\Project\data\Dataset\Videos\W03472N.mp4,0.774,toà án,toà án,N (Miền Nam / South),unknown,145,29.97,1280,720,ba2709102b2c691c72d4ba358601f6fe,VALID,N,RG03065,train
3301,W03472T.mp4,C:\Users\Admin\Python Advanced\Deep Learning - CV\Project\data\Dataset\Videos\W03472T.mp4,0.776,toà án,toà án,T (Miền Trung / Central),unknown,145,29.97,1280,720,b73ff590acaeb6f371ad92491d795b7f,VALID,T,RG03065,train
4306,W03571T.mp4,C:\Users\Admin\Python Advanced\Deep Learning - CV\Project\data\Dataset\Videos\W03571T.mp4,0.627,tre,tre,T (Miền Trung / Central),unknown,117,29.97,1280,720,f8764e6700bde88227bfb601e26861f5,VALID,T,RG03074,train
3368,W03611B.mp4,C:\Users\Admin\Python Advanced\Deep Learning - CV\Project\data\Dataset\Videos\W03611B.mp4,0.652,trong ngoài,trong ngoài,B (Miền Bắc / North),unknown,125,29.97,1280,720,ea19d2cf3e98eeb15a4838873bd973e6,VALID,B,RG03080,train
4314,W03642N.mp4,C:\Users\Admin\Python Advanced\Deep Learning - CV\Project\data\Dataset\Videos\W03642N.mp4,0.598,Trung Quốc (nước Trung Quốc),trung quốc (nước trung quốc),N (Miền Nam / South),unknown,145,29.97,1280,720,9471be8e819c6235122facc9e86a7eb8,VALID,N,RG00151,train
4316,W03645N.mp4,C:\Users\Admin\Python Advanced\Deep Learning - CV\Project\data\Dataset\Videos\W03645N.mp4,1.725,Trung Thu,trung thu,N (Miền Nam / South),unknown,288,29.97,1280,720,66cf80f3be86ce9c7c3cc2774fabea74,VALID,N,RG00153,train
3399,W03645T.mp4,C:\Users\Admin\Python Advanced\Deep Learning - CV\Project\data\Dataset\Videos\W03645T.mp4,1.719,Trung Thu,trung thu,T (Miền Trung / Central),unknown,288,29.97,1280,720,9a99471d82cd942d3d1f3a9de0f93abd,VALID,T,RG00153,train
3378,W03620N.mp4,C:\Users\Admin\Python Advanced\Deep Learning - CV\Project\data\Dataset\Videos\W03620N.mp4,0.898,trông chờ,trông chờ,N (Miền Nam / South),unknown,145,29.97,1280,720,28ca7c585adace9e70c1365117081ca6,VALID,N,RG03112,train
3379,W03620T.mp4,C:\Users\Admin\Python Advanced\Deep Learning - CV\Project\data\Dataset\Videos\W03620T.mp4,0.892,trông chờ,trông chờ,T (Miền Trung / Central),unknown,145,29.97,1280,720,2e2ecc594a5cb587040d080c4309da26,VALID,T,RG03112,train
3381,W03622B.mp4,C:\Users\Admin\Python Advanced\Deep Learning - CV\Project\data\Dataset\Videos\W03622B.mp4,0.695,trông nom,trông nom,B (Miền Bắc / North),unknown,133,29.97,1280,720,8999a043d5f8c84afcd2dd23e640136f,VALID,B,RG03115,train
3403,W03649N.mp4,C:\Users\Admin\Python Advanced\Deep Learning - CV\Project\data\Dataset\Videos\W03649N.mp4,0.463,trúng tuyển,trúng tuyển,N (Miền Nam / South),unknown,117,29.97,1280,720,228d0a65a3f031bec76ccf4348f5036d,VALID,N,RG03121,train
4317,W03649T.mp4,C:\Users\Admin\Python Advanced\Deep Learning - CV\Project\data\Dataset\Videos\W03649T.mp4,0.459,trúng tuyển,trúng tuyển,T (Miền Trung / Central),unknown,117,29.97,1280,720,89aafc6ae7328045a7938a18bbe78b71,VALID,T,RG03121,train
4303,W03550N.mp4,C:\Users\Admin\Python Advanced\Deep Learning - CV\Project\data\Dataset\Videos\W03550N.mp4,1.229,trăng,trăng,N (Miền Nam / South),unknown,222,29.97,1280,720,67708f34acf10f4c9766eca6e84d695e,VALID,N,RG03123,train
3347,W03550T.mp4,C:\Users\Admin\Python Advanced\Deep Learning - CV\Project\data\Dataset\Videos\W03550T.mp4,1.228,trăng,trăng,T (Miền Trung / Central),unknown,222,29.97,1280,720,13038284c3fdb63381ca06d7cc605267,VALID,T,RG03123,train
3412,W03669B.mp4,C:\Users\Admin\Python Advanced\Deep Learning - CV\Project\data\Dataset\Videos\W03669B.mp4,0.564,trước,trước,B (Miền Bắc / North),unknown,118,29.97,1280,720,254d13425a1d1fe24d584cf7ec783078,VALID,B,RG03125,train
3414,W03669T.mp4,C:\Users\Admin\Python Advanced\Deep Learning - CV\Project\data\Dataset\Videos\W03669T.mp4,0.564,trước,trước,T (Miền Trung / Central),unknown,118,29.97,1280,720,9b1673cd211777191a4a38263b01f4e8,VALID,T,RG03125,train
3417,W03673N.mp4,C:\Users\Admin\Python Advanced\Deep Learning - CV\Project\data\Dataset\Videos\W03673N.mp4,0.764,trường mầm non,trường mầm non,N (Miền Nam / South),unknown,139,29.97,1280,720,67d6883e41a7a485db5226b2768bafde,VALID,N,RG03133,train
4321,W03673T.mp4,C:\Users\Admin\Python Advanced\Deep Learning - CV\Project\data\Dataset\Videos\W03673T.mp4,0.769,trường mầm non,trường mầm non,T (Miền Trung / Central),unknown,139,29.97,1280,720,6242356e6fe06f888d8dd9225ec8a35c,VALID,T,RG03133,train
3419,W03674N.mp4,C:\Users\Admin\Python Advanced\Deep Learning - CV\Project\data\Dataset\Videos\W03674N.mp4,0.693,trường PTCS (cấp 2),trường ptcs (cấp 2),N (Miền Nam / South),unknown,137,29.97,1280,720,304cedb45084d0bdb902d5b7a60c7bee,VALID,N,RG03128,train
3420,W03674T.mp4,C:\Users\Admin\Python Advanced\Deep Learning - CV\Project\data\Dataset\Videos\W03674T.mp4,0.689,trường PTCS (cấp 2),trường ptcs (cấp 2),T (Miền Trung / Central),unknown,137,29.97,1280,720,28b59c7ebbc62261bca0c5c7feaf030b,VALID,T,RG03128,train
3421,W03675B.mp4,C:\Users\Admin\Python Advanced\Deep Learning - CV\Project\data\Dataset\Videos\W03675B.mp4,0.628,trường THPT ( cấp 3),trường thpt ( cấp 3),B (Miền Bắc / North),unknown,116,29.97,1280,720,c472d7e1bc8a5d5ddfe9e310ac3937eb,VALID,B,RG03129,train
3349,W03552N.mp4,C:\Users\Admin\Python Advanced\Deep Learning - CV\Project\data\Dataset\Videos\W03552N.mp4,0.506,trắng muốt,trắng muốt,N (Miền Nam / South),unknown,121,29.97,1280,720,05bdd6e40ac9594a06afce65e286c1df,VALID,N,RG03146,train
3350,W03552T.mp4,C:\Users\Admin\Python Advanced\Deep Learning - CV\Project\data\Dataset\Videos\W03552T.mp4,0.508,trắng muốt,trắng muốt,T (Miền Trung / Central),unknown,121,29.97,1280,720,8eb8e92df2a9c3dbac4511c5d9fcb0a9,VALID,T,RG03146,train
540,D0464B.mp4,C:\Users\Admin\Python Advanced\Deep Learning - CV\Project\data\Dataset\Videos\D0464B.mp4,0.339,trẻ con/con nít,trẻ con/con nít,B (Miền Bắc / North),unknown,92,29.97,1280,720,bedb2cf8ca082e9c5f35195747e654d9,VALID,B,RG03148,train
3362,W03602N.mp4,C:\Users\Admin\Python Advanced\Deep Learning - CV\Project\data\Dataset\Videos\W03602N.mp4,0.707,trọc đầu,trọc đầu,N (Miền Nam / South),unknown,134,29.97,1280,720,071f0b0dfd19ab1df0c8eda0f68193aa,VALID,N,RG03151,train
3363,W03602T.mp4,C:\Users\Admin\Python Advanced\Deep Learning - CV\Project\data\Dataset\Videos\W03602T.mp4,0.709,trọc đầu,trọc đầu,T (Miền Trung / Central),unknown,134,29.97,1280,720,0f5fe9402d9352187e8104e70bedfafe,VALID,T,RG03151,train
3375,W03619N.mp4,C:\Users\Admin\Python Advanced\Deep Learning - CV\Project\data\Dataset\Videos\W03619N.mp4,1.447,trốn chạy,trốn chạy,N (Miền Nam / South),unknown,250,29.97,1280,720,18bfab9e9e2a7de96e784e65e3943b18,VALID,N,RG03155,train
3376,W03619T.mp4,C:\Users\Admin\Python Advanced\Deep Learning - CV\Project\data\Dataset\Videos\W03619T.mp4,1.434,trốn chạy,trốn chạy,T (Miền Trung / Central),unknown,250,29.97,1280,720,7cbf3c9e4cfcc0b862e95b3a60852f3e,VALID,T,RG03155,train
3391,W03636N.mp4,C:\Users\Admin\Python Advanced\Deep Learning - CV\Project\data\Dataset\Videos\W03636N.mp4,1.514,trụi lá,trụi lá,N (Miền Nam / South),unknown,214,29.97,1280,720,782b345e689e130063056a703ef10feb,VALID,N,RG03166,train
4313,W03636T.mp4,C:\Users\Admin\Python Advanced\Deep Learning - CV\Project\data\Dataset\Videos\W03636T.mp4,1.513,trụi lá,trụi lá,T (Miền Trung / Central),unknown,214,29.97,1280,720,d28eb5861c56eb1b763f63662ded44e9,VALID,T,RG03166,train
4318,W03659T.mp4,C:\Users\Admin\Python Advanced\Deep Learning - CV\Project\data\Dataset\Videos\W03659T.mp4,0.48,trứng,trứng,T (Miền Trung / Central),unknown,106,29.97,1280,720,28e2bd52ecf02546c775e875d115a513,VALID,T,RG03169,train
3428,W03685B.mp4,C:\Users\Admin\Python Advanced\Deep Learning - CV\Project\data\Dataset\Videos\W03685B.mp4,0.436,tuần,tuần,B (Miền Bắc / North),unknown,121,29.97,1280,720,e50ff1733ab7343a7def88f9fc70c5cc,VALID,B,RG03179,train
3708,D0053B.mp4,C:\Users\Admin\Python Advanced\Deep Learning - CV\Project\data\Dataset\Videos\D0053B.mp4,1.146,tuần lễ người Điếc thế giới,tuần lễ người điếc thế giới,B (Miền Bắc / North),unknown,175,29.97,1280,720,ba752ddc714012a14e19a2315d9141f5,VALID,B,RG03182,train
79,D0053T.mp4,C:\Users\Admin\Python Advanced\Deep Learning - CV\Project\data\Dataset\Videos\D0053T.mp4,1.217,tuần lễ người Điếc thế giới,tuần lễ người điếc thế giới,T (Miền Trung / Central),unknown,175,29.97,1280,720,3eaa06598d31b531b6cc88c76fa8125e,VALID,T,RG03182,train
488,D0416N.mp4,C:\Users\Admin\Python Advanced\Deep Learning - CV\Project\data\Dataset\Videos\D0416N.mp4,0.433,tuần này,tuần này,N (Miền Nam / South),unknown,105,29.97,1280,720,eb5af8c3a1e26dde182f7c4d4f179288,VALID,N,RG03185,train
489,D0416T.mp4,C:\Users\Admin\Python Advanced\Deep Learning - CV\Project\data\Dataset\Videos\D0416T.mp4,0.43,tuần này,tuần này,T (Miền Trung / Central),unknown,105,29.97,1280,720,be764d574d4fde0ed9c35f3e579ca213,VALID,T,RG03185,train
490,D0417B.mp4,C:\Users\Admin\Python Advanced\Deep Learning - CV\Project\data\Dataset\Videos\D0417B.mp4,0.538,tuần sau,tuần sau,B (Miền Bắc / North),unknown,110,29.97,1280,720,01080dc2e8bb604d60a450e787490028,VALID,B,RG03186,train
495,D0418T.mp4,C:\Users\Admin\Python Advanced\Deep Learning - CV\Project\data\Dataset\Videos\D0418T.mp4,0.425,tuần trước,tuần trước,T (Miền Trung / Central),unknown,98,29.97,1280,720,a2d3987e1b992d337ff7073c3cfae68f,VALID,T,RG03191,train
3051,W03085B.mp4,C:\Users\Admin\Python Advanced\Deep Learning - CV\Project\data\Dataset\Videos\W03085B.mp4,0.533,tàu hoả,tàu hoả,B (Miền Bắc / North),unknown,93,29.97,1280,720,3499b61a2643f5d3a40eb4da246a8c84,VALID,B,RG03199,train
3044,W03071N.mp4,C:\Users\Admin\Python Advanced\Deep Learning - CV\Project\data\Dataset\Videos\W03071N.mp4,0.592,tái phạm,tái phạm,N (Miền Nam / South),unknown,121,29.97,1280,720,05f762ae4bca2ceb3d5cda095736366b,VALID,N,RG03214,train
4239,W03071T.mp4,C:\Users\Admin\Python Advanced\Deep Learning - CV\Project\data\Dataset\Videos\W03071T.mp4,0.593,tái phạm,tái phạm,T (Miền Trung / Central),unknown,121,29.97,1280,720,29a08389164c5567298e6fa1f3bea8ae,VALID,T,RG03214,train
3274,W03433N.mp4,C:\Users\Admin\Python Advanced\Deep Learning - CV\Project\data\Dataset\Videos\W03433N.mp4,0.412,tìm hiểu,tìm hiểu,N (Miền Nam / South),unknown,81,29.97,1280,720,fbf930e92e1cc73b06278f7b7d18be85,VALID,N,RG03222,train
505,D0429N.mp4,C:\Users\Admin\Python Advanced\Deep Learning - CV\Project\data\Dataset\Videos\D0429N.mp4,0.329,tóc ngắn,tóc ngắn,N (Miền Nam / South),unknown,87,29.97,1280,720,3d5b567576b6562290a2174c281bc3b5,VALID,N,RG03246,train
3310,W03486N.mp4,C:\Users\Admin\Python Advanced\Deep Learning - CV\Project\data\Dataset\Videos\W03486N.mp4,0.687,tô màu,tô màu,N (Miền Nam / South),unknown,139,29.97,1280,720,374a59f31287d1dca67175a676c51730,VALID,N,RG03252,train
3311,W03486T.mp4,C:\Users\Admin\Python Advanced\Deep Learning - CV\Project\data\Dataset\Videos\W03486T.mp4,0.69,tô màu,tô màu,T (Miền Trung / Central),unknown,139,29.97,1280,720,45569ca46dc1fa87d65907e2d59b1b36,VALID,T,RG03252,train
3671,W04056B.mp4,C:\Users\Admin\Python Advanced\Deep Learning - CV\Project\data\Dataset\Videos\W04056B.mp4,0.482,tôi yêu bạn,tôi yêu bạn,B (Miền Bắc / North),unknown,111,29.97,1280,720,e5aa9a97e494aa17009aaaa664b6c562,VALID,B,RG03253,train
3673,W04056T.mp4,C:\Users\Admin\Python Advanced\Deep Learning - CV\Project\data\Dataset\Videos\W04056T.mp4,0.483,tôi yêu bạn,tôi yêu bạn,T (Miền Trung / Central),unknown,111,29.97,1280,720,db1de8fba8f175f7bf400fd4e23b2202,VALID,T,RG03253,train
149,D0111B.mp4,C:\Users\Admin\Python Advanced\Deep Learning - CV\Project\data\Dataset\Videos\D0111B.mp4,0.587,tương ớt,tương ớt,B (Miền Bắc / North),unknown,118,29.97,1280,720,0ff3ea64a19f8df27d2836c3bca1867b,VALID,B,RG03266,train
151,D0111T.mp4,C:\Users\Admin\Python Advanced\Deep Learning - CV\Project\data\Dataset\Videos\D0111T.mp4,0.578,tương ớt,tương ớt,T (Miền Trung / Central),unknown,118,29.97,1280,720,6a4c88821add44a65184d065f6a68e9b,VALID,T,RG03266,train
3461,W03727N.mp4,C:\Users\Admin\Python Advanced\Deep Learning - CV\Project\data\Dataset\Videos\W03727N.mp4,0.749,tưới cây,tưới cây,N (Miền Nam / South),unknown,148,29.97,1280,720,e2b9b472852e646e0b325c1cb4e1311c,VALID,N,RG03270,train
4324,W03727T.mp4,C:\Users\Admin\Python Advanced\Deep Learning - CV\Project\data\Dataset\Videos\W03727T.mp4,0.75,tưới cây,tưới cây,T (Miền Trung / Central),unknown,148,29.97,1280,720,bef1ef20f286059845825ac3b64a942f,VALID,T,RG03270,train
4328,W03732B.mp4,C:\Users\Admin\Python Advanced\Deep Learning - CV\Project\data\Dataset\Videos\W03732B.mp4,0.544,tưởng tượng,tưởng tượng,B (Miền Bắc / North),unknown,106,29.97,1280,720,4cc852f61d7c8560db3c1bd2988b198a,VALID,B,RG03273,train
4327,W03732T.mp4,C:\Users\Admin\Python Advanced\Deep Learning - CV\Project\data\Dataset\Videos\W03732T.mp4,0.574,tưởng tượng,tưởng tượng,T (Miền Trung / Central),unknown,106,29.97,1280,720,df3ac1e45b98a7c66a3710df489c2c71,VALID,T,RG03273,train
3063,W03105N.mp4,C:\Users\Admin\Python Advanced\Deep Learning - CV\Project\data\Dataset\Videos\W03105N.mp4,0.586,tấm vải,tấm vải,N (Miền Nam / South),unknown,97,29.97,1280,720,96c407a160474e011ed2c544bef0b4eb,VALID,N,RG03283,train
51,D0040N.mp4,C:\Users\Admin\Python Advanced\Deep Learning - CV\Project\data\Dataset\Videos\D0040N.mp4,0.473,Tết hàn thực,tết hàn thực,N (Miền Nam / South),unknown,99,29.97,1280,720,676f6ee9f3a235405c09f93cf9f80e88,VALID,N,RG00166,train
4253,W03134N.mp4,C:\Users\Admin\Python Advanced\Deep Learning - CV\Project\data\Dataset\Videos\W03134N.mp4,0.485,Tết Trung thu,tết trung thu,N (Miền Nam / South),unknown,86,29.97,1280,720,db37e5919e4d5ba8788ed327a102b81c,VALID,N,RG00164,train
3076,W03134T.mp4,C:\Users\Admin\Python Advanced\Deep Learning - CV\Project\data\Dataset\Videos\W03134T.mp4,0.484,Tết Trung thu,tết trung thu,T (Miền Trung / Central),unknown,86,29.97,1280,720,85d734490b2a267d408bc047a4d3f7f4,VALID,T,RG00164,train
3793,D0430T.mp4,C:\Users\Admin\Python Advanced\Deep Learning - CV\Project\data\Dataset\Videos\D0430T.mp4,0.323,tổng kết/bế giảng,tổng kết/bế giảng,T (Miền Trung / Central),unknown,80,29.97,1280,720,e993d004461435bc7a1b324789a573a9,VALID,T,RG03310,train
4300,W03505N.mp4,C:\Users\Admin\Python Advanced\Deep Learning - CV\Project\data\Dataset\Videos\W03505N.mp4,0.689,tổng thống,tổng thống,N (Miền Nam / South),unknown,132,29.97,1280,720,fb9b2c72e9ce1891c4e56fa405c5c90c,VALID,N,RG03312,train
3321,W03505T.mp4,C:\Users\Admin\Python Advanced\Deep Learning - CV\Project\data\Dataset\Videos\W03505T.mp4,0.688,tổng thống,tổng thống,T (Miền Trung / Central),unknown,132,29.97,1280,720,bfeebcd7ea665bd970ee593bc1029266,VALID,T,RG03312,train
3324,W03508N.mp4,C:\Users\Admin\Python Advanced\Deep Learning - CV\Project\data\Dataset\Videos\W03508N.mp4,0.507,tờ báo,tờ báo,N (Miền Nam / South),unknown,123,29.97,1280,720,6cc3ca58d335ef9a68e6c9a23e843542,VALID,N,RG03314,train
3325,W03508T.mp4,C:\Users\Admin\Python Advanced\Deep Learning - CV\Project\data\Dataset\Videos\W03508T.mp4,0.507,tờ báo,tờ báo,T (Miền Trung / Central),unknown,123,29.97,1280,720,31f0a13f32fac58fbd29953fca3cd2d4,VALID,T,RG03314,train
3326,W03509B.mp4,C:\Users\Admin\Python Advanced\Deep Learning - CV\Project\data\Dataset\Videos\W03509B.mp4,0.746,tờ giấy,tờ giấy,B (Miền Bắc / North),unknown,128,29.97,1280,720,df8a616523947aac0161053a61fe409f,VALID,B,RG03315,train
139,D0103N.mp4,C:\Users\Admin\Python Advanced\Deep Learning - CV\Project\data\Dataset\Videos\D0103N.mp4,0.455,từ chối,từ chối,N (Miền Nam / South),unknown,97,29.97,1280,720,521647587b2942de6dbb4ab6a8e72b2c,VALID,N,RG03322,train
140,D0103T.mp4,C:\Users\Admin\Python Advanced\Deep Learning - CV\Project\data\Dataset\Videos\D0103T.mp4,0.453,từ chối,từ chối,T (Miền Trung / Central),unknown,97,29.97,1280,720,073d6c67526397c8d436f648518e96e2,VALID,T,RG03322,train
3444,W03714B.mp4,C:\Users\Admin\Python Advanced\Deep Learning - CV\Project\data\Dataset\Videos\W03714B.mp4,0.625,từ trái nghĩa,từ trái nghĩa,B (Miền Bắc / North),unknown,138,29.97,1280,720,8e16314214a94b8e243193a198b71d72,VALID,B,RG03325,train
3449,W03717N.mp4,C:\Users\Admin\Python Advanced\Deep Learning - CV\Project\data\Dataset\Videos\W03717N.mp4,0.528,tự do,tự do,N (Miền Nam / South),unknown,110,29.97,1280,720,bfbba122c44f1821855735d80e4fed75,VALID,N,RG03331,train
3450,W03717T.mp4,C:\Users\Admin\Python Advanced\Deep Learning - CV\Project\data\Dataset\Videos\W03717T.mp4,0.532,tự do,tự do,T (Miền Trung / Central),unknown,110,29.97,1280,720,240e77251995524115c919959a527ed9,VALID,T,RG03331,train
3451,W03719N.mp4,C:\Users\Admin\Python Advanced\Deep Learning - CV\Project\data\Dataset\Videos\W03719N.mp4,0.684,tự lập,tự lập,N (Miền Nam / South),unknown,145,29.97,1280,720,c4c0b876e713c50aa256830c9528d713,VALID,N,RG03335,train
3453,W03720B.mp4,C:\Users\Admin\Python Advanced\Deep Learning - CV\Project\data\Dataset\Videos\W03720B.mp4,0.705,tự tin,tự tin,B (Miền Bắc / North),unknown,130,29.97,1280,720,182284a483d23e697993f0b2bc5b58f7,VALID,B,RG03337,train
3457,W03722N.mp4,C:\Users\Admin\Python Advanced\Deep Learning - CV\Project\data\Dataset\Videos\W03722N.mp4,0.882,tự vệ,tự vệ,N (Miền Nam / South),unknown,153,29.97,1280,720,b5c1bf1bdad6639233e3291aa3071319,VALID,N,RG03341,train
3753,D0213N.mp4,C:\Users\Admin\Python Advanced\Deep Learning - CV\Project\data\Dataset\Videos\D0213N.mp4,0.505,ung thư,ung thư,N (Miền Nam / South),unknown,123,29.97,1280,720,849d602c9cf8dec856a4a07f53899f1c,VALID,N,RG03347,train
4348,W03888B.mp4,C:\Users\Admin\Python Advanced\Deep Learning - CV\Project\data\Dataset\Videos\W03888B.mp4,0.783,vui chơi,vui chơi,B (Miền Bắc / North),unknown,130,29.97,1280,720,f1159a26a416038e19b53851128f7d79,VALID,B,RG03363,train
3569,W03888T.mp4,C:\Users\Admin\Python Advanced\Deep Learning - CV\Project\data\Dataset\Videos\W03888T.mp4,0.781,vui chơi,vui chơi,T (Miền Trung / Central),unknown,130,29.97,1280,720,cb1bce29fa0d8505f6d8480ecf6f89ca,VALID,T,RG03363,train
3571,W03889N.mp4,C:\Users\Admin\Python Advanced\Deep Learning - CV\Project\data\Dataset\Videos\W03889N.mp4,0.381,vui mừng,vui mừng,N (Miền Nam / South),unknown,73,29.97,1280,720,ebe95ebe90e41ef9ebaaf60b2cce9546,VALID,N,RG03366,train
3573,W03890B.mp4,C:\Users\Admin\Python Advanced\Deep Learning - CV\Project\data\Dataset\Videos\W03890B.mp4,1.102,vui sướng,vui sướng,B (Miền Bắc / North),unknown,177,29.97,1280,720,4684e565854ebd8f1c3102f167091436,VALID,B,RG03367,train
3575,W03890T.mp4,C:\Users\Admin\Python Advanced\Deep Learning - CV\Project\data\Dataset\Videos\W03890T.mp4,1.095,vui sướng,vui sướng,T (Miền Trung / Central),unknown,177,29.97,1280,720,901587b5cd9953ec7086d1ec7d279805,VALID,T,RG03367,train
3524,W03825B.mp4,C:\Users\Admin\Python Advanced\Deep Learning - CV\Project\data\Dataset\Videos\W03825B.mp4,0.679,vì sao?,vì sao?,B (Miền Bắc / North),unknown,127,29.97,1280,720,5993fea8ff0aa8ea6f90efdf73cd0956,VALID,B,RG03387,train
3530,W03828N.mp4,C:\Users\Admin\Python Advanced\Deep Learning - CV\Project\data\Dataset\Videos\W03828N.mp4,0.636,ví dụ,ví dụ,N (Miền Nam / South),unknown,143,29.97,1280,720,2a3ed531b12d29a6587b3bb2f4031534,VALID,N,RG03390,train
104,D0066B.mp4,C:\Users\Admin\Python Advanced\Deep Learning - CV\Project\data\Dataset\Videos\D0066B.mp4,0.4,vô duyên,vô duyên,B (Miền Bắc / North),unknown,109,29.97,1280,720,4934944ae76006db0e103d808f4632be,VALID,B,RG03400,train
3498,W03793B.mp4,C:\Users\Admin\Python Advanced\Deep Learning - CV\Project\data\Dataset\Videos\W03793B.mp4,0.658,văn nghệ,văn nghệ,B (Miền Bắc / North),unknown,131,29.97,1280,720,d64060efd01b87e5e1dff9e81ee78d5f,VALID,B,RG03414,train
3500,W03793T.mp4,C:\Users\Admin\Python Advanced\Deep Learning - CV\Project\data\Dataset\Videos\W03793T.mp4,0.653,văn nghệ,văn nghệ,T (Miền Trung / Central),unknown,131,29.97,1280,720,921efee84e99c659f5adf86a580675f0,VALID,T,RG03414,train
400,D0326N.mp4,C:\Users\Admin\Python Advanced\Deep Learning - CV\Project\data\Dataset\Videos\D0326N.mp4,0.566,vải lụa,vải lụa,N (Miền Nam / South),unknown,119,29.97,1280,720,5a59be05a4ff5f48eb691f308638d28a,VALID,N,RG03427,train
3505,W03799B.mp4,C:\Users\Admin\Python Advanced\Deep Learning - CV\Project\data\Dataset\Videos\W03799B.mp4,0.672,vấn đề,vấn đề,B (Miền Bắc / North),unknown,134,29.97,1280,720,8053bce5695ff2f354fed8ac9bb4f3ca,VALID,B,RG03428,train
227,D0168N.mp4,C:\Users\Admin\Python Advanced\Deep Learning - CV\Project\data\Dataset\Videos\D0168N.mp4,0.491,vẫn,vẫn,N (Miền Nam / South),unknown,106,29.97,1280,720,fd1dd44bae2d2b01a82721e83b193019,VALID,N,RG03432,train
228,D0168T.mp4,C:\Users\Admin\Python Advanced\Deep Learning - CV\Project\data\Dataset\Videos\D0168T.mp4,0.472,vẫn,vẫn,T (Miền Trung / Central),unknown,106,29.97,1280,720,d572496475bb0d64a69a806a85faa5d2,VALID,T,RG03432,train
3514,W03809B.mp4,C:\Users\Admin\Python Advanced\Deep Learning - CV\Project\data\Dataset\Videos\W03809B.mp4,0.64,vật nuôi,vật nuôi,B (Miền Bắc / North),unknown,140,29.97,1280,720,dea379a80376a905d89375a0063cc3e7,VALID,B,RG03439,train
3503,W03795N.mp4,C:\Users\Admin\Python Advanced\Deep Learning - CV\Project\data\Dataset\Videos\W03795N.mp4,0.733,vắng,vắng,N (Miền Nam / South),unknown,134,29.97,1280,720,b96c094e176424c204ad0f1681a48e2c,VALID,N,RG03444,train
3811,D0517N.mp4,C:\Users\Admin\Python Advanced\Deep Learning - CV\Project\data\Dataset\Videos\D0517N.mp4,0.474,x,x,N (Miền Nam / South),unknown,106,29.97,1280,720,89b57086b29a7fdde1b6943328ca4649,VALID,N,RG03477,train
600,D0517T.mp4,C:\Users\Admin\Python Advanced\Deep Learning - CV\Project\data\Dataset\Videos\D0517T.mp4,0.478,x,x,T (Miền Trung / Central),unknown,106,29.97,1280,720,4044b61d8b624e2c3c0fff8051e555f7,VALID,T,RG03477,train
3598,W03938B.mp4,C:\Users\Admin\Python Advanced\Deep Learning - CV\Project\data\Dataset\Videos\W03938B.mp4,0.694,xanh xao,xanh xao,B (Miền Bắc / North),unknown,137,29.97,1280,720,efe8839f8f99a28f811f639ca89fd779,VALID,B,RG03481,train
3620,W03962N.mp4,C:\Users\Admin\Python Advanced\Deep Learning - CV\Project\data\Dataset\Videos\W03962N.mp4,0.588,xe cảnh sát,xe cảnh sát,N (Miền Nam / South),unknown,134,29.97,1280,720,0d6d97206060976841821f9535419b02,VALID,N,RG03486,train
3621,W03962T.mp4,C:\Users\Admin\Python Advanced\Deep Learning - CV\Project\data\Dataset\Videos\W03962T.mp4,0.588,xe cảnh sát,xe cảnh sát,T (Miền Trung / Central),unknown,134,29.97,1280,720,1edb0067a966135b3f49c22450429df4,VALID,T,RG03486,train
3625,W03967N.mp4,C:\Users\Admin\Python Advanced\Deep Learning - CV\Project\data\Dataset\Videos\W03967N.mp4,0.725,xe khách,xe khách,N (Miền Nam / South),unknown,141,29.97,1280,720,4fd01716c016f1197027c4306684377c,VALID,N,RG03492,train
260,D0192N.mp4,C:\Users\Admin\Python Advanced\Deep Learning - CV\Project\data\Dataset\Videos\D0192N.mp4,0.411,xem,xem,N (Miền Nam / South),unknown,101,29.97,1280,720,eb4cb1b323aa17864424cd03e0e7815a,VALID,N,RG03500,train
3750,D0192T.mp4,C:\Users\Admin\Python Advanced\Deep Learning - CV\Project\data\Dataset\Videos\D0192T.mp4,0.411,xem,xem,T (Miền Trung / Central),unknown,101,29.97,1280,720,40a449f975f48dd60f75488ed8a0eaf6,VALID,T,RG03500,train
3649,W04010N.mp4,C:\Users\Admin\Python Advanced\Deep Learning - CV\Project\data\Dataset\Videos\W04010N.mp4,0.471,xuất hiện,xuất hiện,N (Miền Nam / South),unknown,113,29.97,1280,720,9c8734f81982e167fbe7471db74871b8,VALID,N,RG03517,train
3650,W04010T.mp4,C:\Users\Admin\Python Advanced\Deep Learning - CV\Project\data\Dataset\Videos\W04010T.mp4,0.465,xuất hiện,xuất hiện,T (Miền Trung / Central),unknown,113,29.97,1280,720,a025a4ed61dee8dfea50968a22252c03,VALID,T,RG03517,train
3588,W03930N.mp4,C:\Users\Admin\Python Advanced\Deep Learning - CV\Project\data\Dataset\Videos\W03930N.mp4,0.397,xà phòng,xà phòng,N (Miền Nam / South),unknown,91,29.97,1280,720,8fc03d6ce9bddb1ed5d7cae203e78970,VALID,N,RG03521,train
3590,W03931B.mp4,C:\Users\Admin\Python Advanced\Deep Learning - CV\Project\data\Dataset\Videos\W03931B.mp4,0.477,xà phòng giặt,xà phòng giặt,B (Miền Bắc / North),unknown,103,29.97,1280,720,1fa2234e2392dab4853b1675c0281510,VALID,B,RG03523,train
3613,W03956N.mp4,C:\Users\Admin\Python Advanced\Deep Learning - CV\Project\data\Dataset\Videos\W03956N.mp4,0.673,xây,xây,N (Miền Nam / South),unknown,134,29.97,1280,720,f46a8edbd18be9982d23d3f2f5227836,VALID,N,RG03533,train
3614,W03956T.mp4,C:\Users\Admin\Python Advanced\Deep Learning - CV\Project\data\Dataset\Videos\W03956T.mp4,0.678,xây,xây,T (Miền Trung / Central),unknown,134,29.97,1280,720,05eb8c477abde9260596b6949e492fa6,VALID,T,RG03533,train
3594,W03935B.mp4,C:\Users\Admin\Python Advanced\Deep Learning - CV\Project\data\Dataset\Videos\W03935B.mp4,0.605,xã hội,xã hội,B (Miền Bắc / North),unknown,126,29.97,1280,720,0ad3b2c567149fe6aae7eab39279bebe,VALID,B,RG03536,train
3659,W04025T.mp4,C:\Users\Admin\Python Advanced\Deep Learning - CV\Project\data\Dataset\Videos\W04025T.mp4,0.697,xưa,xưa,T (Miền Trung / Central),unknown,144,29.97,1280,720,bcdd2381efb9c50421a4431f70b2630e,VALID,T,RG03557,train
3675,W04057N.mp4,C:\Users\Admin\Python Advanced\Deep Learning - CV\Project\data\Dataset\Videos\W04057N.mp4,1.243,yêu cầu,yêu cầu,N (Miền Nam / South),unknown,225,29.97,1280,720,aa944c84c704ce871d6ec7768579b494,VALID,N,RG03578,train
3676,W04057T.mp4,C:\Users\Admin\Python Advanced\Deep Learning - CV\Project\data\Dataset\Videos\W04057T.mp4,1.239,yêu cầu,yêu cầu,T (Miền Trung / Central),unknown,225,29.97,1280,720,e579e3a217c5a93e100dce86e4204dde,VALID,T,RG03578,train
3677,W04058B.mp4,C:\Users\Admin\Python Advanced\Deep Learning - CV\Project\data\Dataset\Videos\W04058B.mp4,0.544,yêu mến (yêu quí),yêu mến (yêu quí),B (Miền Bắc / North),unknown,103,29.97,1280,720,ebfe3946759c17b230178b067c78af11,VALID,B,RG03579,train
3679,W04059B.mp4,C:\Users\Admin\Python Advanced\Deep Learning - CV\Project\data\Dataset\Videos\W04059B.mp4,0.556,yếu,yếu,B (Miền Bắc / North),unknown,106,29.97,1280,720,3ab84e313fd9d47d2e8bf56e92189e6d,VALID,B,RG03583,train
690,W00035T.mp4,C:\Users\Admin\Python Advanced\Deep Learning - CV\Project\data\Dataset\Videos\W00035T.mp4,0.711,áo phông,áo phông,T (Miền Trung / Central),unknown,159,29.97,1280,720,c4b8e19a93250947b425376a4b783a5b,VALID,T,RG03602,train
684,W00032B.mp4,C:\Users\Admin\Python Advanced\Deep Learning - CV\Project\data\Dataset\Videos\W00032B.mp4,0.995,áo đồng phục,áo đồng phục,B (Miền Bắc / North),unknown,175,29.97,1280,720,db0546a7d6ee3e3de935866f4bcb17cf,VALID,B,RG03603,train
566,D0491B.mp4,C:\Users\Admin\Python Advanced\Deep Learning - CV\Project\data\Dataset\Videos\D0491B.mp4,0.658,â,â,B (Miền Bắc / North),unknown,108,23.98,1280,720,dc9e259cc1d914a8eaa799e8f2a29bdf,VALID,B,RG03607,train
702,W00057B.mp4,C:\Users\Admin\Python Advanced\Deep Learning - CV\Project\data\Dataset\Videos\W00057B.mp4,0.656,ân hận,ân hận,B (Miền Bắc / North),unknown,142,29.97,1280,720,22881f0e18703c51620bdee34fd6b4b5,VALID,B,RG03610,train
573,D0497B.mp4,C:\Users\Admin\Python Advanced\Deep Learning - CV\Project\data\Dataset\Videos\D0497B.mp4,0.428,ê,ê,B (Miền Bắc / North),unknown,76,23.98,1280,720,1363cdd6d5a8cd686fa020519c9221a8,VALID,B,RG03613,train
584,D0507B.mp4,C:\Users\Admin\Python Advanced\Deep Learning - CV\Project\data\Dataset\Videos\D0507B.mp4,0.519,ô,ô,B (Miền Bắc / North),unknown,84,23.98,1280,720,37c8f334110b6fbcbd4873b11e77e1de,VALID,B,RG03620,train
196,D0151B.mp4,C:\Users\Admin\Python Advanced\Deep Learning - CV\Project\data\Dataset\Videos\D0151B.mp4,0.554,ông bà,ông bà,B (Miền Bắc / North),unknown,113,29.97,1280,720,fb923b3de44fdf33fcfe227ad37bd97f,VALID,B,RG03628,train
198,D0151T.mp4,C:\Users\Admin\Python Advanced\Deep Learning - CV\Project\data\Dataset\Videos\D0151T.mp4,0.552,ông bà,ông bà,T (Miền Trung / Central),unknown,113,29.97,1280,720,6614490dd01bab4fcd2ef7374af79b22,VALID,T,RG03628,train
2686,W02575N.mp4,C:\Users\Admin\Python Advanced\Deep Learning - CV\Project\data\Dataset\Videos\W02575N.mp4,0.363,ông ngoại,ông ngoại,N (Miền Nam / South),unknown,84,29.97,1280,720,38ec5abf072fd7bc7b7fc01a0352fe49,VALID,N,RG03632,train
2691,W02576T.mp4,C:\Users\Admin\Python Advanced\Deep Learning - CV\Project\data\Dataset\Videos\W02576T.mp4,0.704,ông nội,ông nội,T (Miền Trung / Central),unknown,157,29.97,1280,720,eb99385b2d88079caf1e24403278161d,VALID,T,RG03635,train
4359,W04038B.mp4,C:\Users\Admin\Python Advanced\Deep Learning - CV\Project\data\Dataset\Videos\W04038B.mp4,0.513,ý nghĩa,ý nghĩa,B (Miền Bắc / North),unknown,121,29.97,1280,720,0292f164ed0dd47ba1c4aa2c9d5b6c25,VALID,B,RG03638,train
565,D0490N.mp4,C:\Users\Admin\Python Advanced\Deep Learning - CV\Project\data\Dataset\Videos\D0490N.mp4,0.909,ă,ă,N (Miền Nam / South),unknown,128,23.98,1280,720,3ac5bdcb776770cc8652d97ab4c7f785,VALID,N,RG03643,train
3805,D0490T.mp4,C:\Users\Admin\Python Advanced\Deep Learning - CV\Project\data\Dataset\Videos\D0490T.mp4,0.914,ă,ă,T (Miền Trung / Central),unknown,128,23.98,1280,720,342d8d369c39b09449fe8af21e18e588,VALID,T,RG03643,train
1639,W01153N.mp4,C:\Users\Admin\Python Advanced\Deep Learning - CV\Project\data\Dataset\Videos\W01153N.mp4,0.48,đen láy (như đen nhánh),đen láy (như đen nhánh),N (Miền Nam / South),unknown,109,29.97,1280,720,b28db25a8a1bfdd84b3a73f59f4123bf,VALID,N,RG03678,train
1640,W01153T.mp4,C:\Users\Admin\Python Advanced\Deep Learning - CV\Project\data\Dataset\Videos\W01153T.mp4,0.48,đen láy (như đen nhánh),đen láy (như đen nhánh),T (Miền Trung / Central),unknown,109,29.97,1280,720,1f6fd4f4c4e9e719f4bd2587db41af48,VALID,T,RG03678,train
211,D0157N.mp4,C:\Users\Admin\Python Advanced\Deep Learning - CV\Project\data\Dataset\Videos\D0157N.mp4,0.65,đi dạo,đi dạo,N (Miền Nam / South),unknown,124,29.97,1280,720,1662dcde3d53a4b247421b37b05a862e,VALID,N,RG03683,train
4009,W01205B.mp4,C:\Users\Admin\Python Advanced\Deep Learning - CV\Project\data\Dataset\Videos\W01205B.mp4,0.338,điện,điện,B (Miền Bắc / North),unknown,72,29.97,1280,720,26bf3acc81762ef653b4b42f3467130e,VALID,B,RG03699,train
1641,W01154B.mp4,C:\Users\Admin\Python Advanced\Deep Learning - CV\Project\data\Dataset\Videos\W01154B.mp4,0.485,đèn báo giao thông,đèn báo giao thông,B (Miền Bắc / North),unknown,91,29.97,1280,720,9202a116e6764d093083d17cd03905e7,VALID,B,RG03741,train
4003,W01159B.mp4,C:\Users\Admin\Python Advanced\Deep Learning - CV\Project\data\Dataset\Videos\W01159B.mp4,0.428,đèn pin,đèn pin,B (Miền Bắc / North),unknown,92,29.97,1280,720,f96bc89969378c5e04bfc0daee4fede9,VALID,B,RG03744,train
1649,W01161B.mp4,C:\Users\Admin\Python Advanced\Deep Learning - CV\Project\data\Dataset\Videos\W01161B.mp4,0.599,đèn vàng,đèn vàng,B (Miền Bắc / North),unknown,111,29.97,1280,720,17d643fce498015431f7dedb1387b9a7,VALID,B,RG03747,train
1651,W01162N.mp4,C:\Users\Admin\Python Advanced\Deep Learning - CV\Project\data\Dataset\Videos\W01162N.mp4,0.631,đèn xanh,đèn xanh,N (Miền Nam / South),unknown,122,29.97,1280,720,29f04082117c5fa09a6bc67538834d56,VALID,N,RG03751,train
1645,W01155N.mp4,C:\Users\Admin\Python Advanced\Deep Learning - CV\Project\data\Dataset\Videos\W01155N.mp4,0.549,đèn điện,đèn điện,N (Miền Nam / South),unknown,101,29.97,1280,720,996aafb25ff43cd2420dbf51bb16a0af,VALID,N,RG03755,train
1646,W01155T.mp4,C:\Users\Admin\Python Advanced\Deep Learning - CV\Project\data\Dataset\Videos\W01155T.mp4,0.524,đèn điện,đèn điện,T (Miền Trung / Central),unknown,101,29.97,1280,720,d5f1e8af0cb63f9a622fa75020cc6fde,VALID,T,RG03755,train
1654,W01165B.mp4,C:\Users\Admin\Python Advanced\Deep Learning - CV\Project\data\Dataset\Videos\W01165B.mp4,0.42,đèo Hải Vân,đèo hải vân,B (Miền Bắc / North),unknown,91,29.97,1280,720,be39a8bd4047a5281d8681c6e8c210e2,VALID,B,RG03758,train
3795,D0437B.mp4,C:\Users\Admin\Python Advanced\Deep Learning - CV\Project\data\Dataset\Videos\D0437B.mp4,0.555,đùa,đùa,B (Miền Bắc / North),unknown,123,29.97,1280,720,a08832960cde504ad8ff38e80c488abd,VALID,B,RG03775,train
158,D0119T.mp4,C:\Users\Admin\Python Advanced\Deep Learning - CV\Project\data\Dataset\Videos\D0119T.mp4,0.379,đúng không?,đúng không?,T (Miền Trung / Central),unknown,88,29.97,1280,720,ea394f8c3ead5279417dd4db5418e3b5,VALID,T,RG03780,train
1589,W01082B.mp4,C:\Users\Admin\Python Advanced\Deep Learning - CV\Project\data\Dataset\Videos\W01082B.mp4,0.325,đại diện,đại diện,B (Miền Bắc / North),unknown,77,29.97,1280,720,05b5e111c17c1d6a78c4d46953c8a441,VALID,B,RG03802,train
3992,W01082T.mp4,C:\Users\Admin\Python Advanced\Deep Learning - CV\Project\data\Dataset\Videos\W01082T.mp4,0.325,đại diện,đại diện,T (Miền Trung / Central),unknown,77,29.97,1280,720,8d5f4bfba850cda914f58d8880dcd9f3,VALID,T,RG03802,train
1614,W01122N.mp4,C:\Users\Admin\Python Advanced\Deep Learning - CV\Project\data\Dataset\Videos\W01122N.mp4,0.378,đặc biệt,đặc biệt,N (Miền Nam / South),unknown,88,29.97,1280,720,cb502ec12343149e717db254bbe9be51,VALID,N,RG03842,train
1615,W01122T.mp4,C:\Users\Admin\Python Advanced\Deep Learning - CV\Project\data\Dataset\Videos\W01122T.mp4,0.379,đặc biệt,đặc biệt,T (Miền Trung / Central),unknown,88,29.97,1280,720,5befe1c90b8188ef3187e7f2e11abedf,VALID,T,RG03842,train
263,D0195B.mp4,C:\Users\Admin\Python Advanced\Deep Learning - CV\Project\data\Dataset\Videos\D0195B.mp4,0.373,đẹp không?,đẹp không?,B (Miền Bắc / North),unknown,82,29.97,1280,720,71f611bac7da50c959242c32ca8ecc9b,VALID,B,RG03845,train
265,D0195T.mp4,C:\Users\Admin\Python Advanced\Deep Learning - CV\Project\data\Dataset\Videos\D0195T.mp4,0.373,đẹp không?,đẹp không?,T (Miền Trung / Central),unknown,82,29.97,1280,720,bf1f16fb159b0c131fee6989b0520822,VALID,T,RG03845,train
169,D0128B.mp4,C:\Users\Admin\Python Advanced\Deep Learning - CV\Project\data\Dataset\Videos\D0128B.mp4,0.465,đẹp không? (người),đẹp không? (người),B (Miền Bắc / North),unknown,94,29.97,1280,720,29bba396bd33b9f56d24a426107cb82f,VALID,B,RG03847,train
171,D0128T.mp4,C:\Users\Admin\Python Advanced\Deep Learning - CV\Project\data\Dataset\Videos\D0128T.mp4,0.467,đẹp không? (người),đẹp không? (người),T (Miền Trung / Central),unknown,94,29.97,1280,720,7677c226d387c854a27d8dfd153967af,VALID,T,RG03847,train
1663,W01177N.mp4,C:\Users\Admin\Python Advanced\Deep Learning - CV\Project\data\Dataset\Videos\W01177N.mp4,1.278,đề nghị,đề nghị,N (Miền Nam / South),unknown,219,29.97,1280,720,2f07fffd240c9a4789be30a9775d51ad,VALID,N,RG03853,train
1664,W01177T.mp4,C:\Users\Admin\Python Advanced\Deep Learning - CV\Project\data\Dataset\Videos\W01177T.mp4,1.314,đề nghị,đề nghị,T (Miền Trung / Central),unknown,219,29.97,1280,720,9f42ac5e17e5218e638c3f5f4ee4dd28,VALID,T,RG03853,train
1,D0001N.mp4,C:\Users\Admin\Python Advanced\Deep Learning - CV\Project\data\Dataset\Videos\D0001N.mp4,0.568,địa chỉ,địa chỉ,N (Miền Nam / South),unknown,133,29.97,1280,720,4587e36aca2e216f58a4c1a2f8222719,VALID,N,RG03868,train
2,D0001T.mp4,C:\Users\Admin\Python Advanced\Deep Learning - CV\Project\data\Dataset\Videos\D0001T.mp4,0.558,địa chỉ,địa chỉ,T (Miền Trung / Central),unknown,133,29.97,1280,720,ce2d83e29d8e003686a4e3a7cd3a22f2,VALID,T,RG03868,train
1744,W01294N.mp4,C:\Users\Admin\Python Advanced\Deep Learning - CV\Project\data\Dataset\Videos\W01294N.mp4,0.774,đồng phục,đồng phục,N (Miền Nam / South),unknown,145,29.97,1280,720,47940a07902201248ec2c3cb7dfd2841,VALID,N,RG03896,train
1746,W01294T.mp4,C:\Users\Admin\Python Advanced\Deep Learning - CV\Project\data\Dataset\Videos\W01294T.mp4,0.776,đồng phục,đồng phục,T (Miền Trung / Central),unknown,145,29.97,1280,720,250fde74e5b6e5605f79ee81864a3011,VALID,T,RG03896,train
1752,W01304B.mp4,C:\Users\Admin\Python Advanced\Deep Learning - CV\Project\data\Dataset\Videos\W01304B.mp4,0.473,đợi,đợi,B (Miền Bắc / North),unknown,88,29.97,1280,720,6cf2bf57c9b3216976da672b1c5115d8,VALID,B,RG03909,train
1754,W01304T.mp4,C:\Users\Admin\Python Advanced\Deep Learning - CV\Project\data\Dataset\Videos\W01304T.mp4,0.468,đợi,đợi,T (Miền Trung / Central),unknown,88,29.97,1280,720,3bda19b14009bdc419524e1c2b78060e,VALID,T,RG03909,train
4333,W03758N.mp4,C:\Users\Admin\Python Advanced\Deep Learning - CV\Project\data\Dataset\Videos\W03758N.mp4,0.582,ưu tiên,ưu tiên,N (Miền Nam / South),unknown,132,29.97,1280,720,34b464f730cd0506982ee2929d062480,VALID,N,RG03917,train
3481,W03758T.mp4,C:\Users\Admin\Python Advanced\Deep Learning - CV\Project\data\Dataset\Videos\W03758T.mp4,0.582,ưu tiên,ưu tiên,T (Miền Trung / Central),unknown,132,29.97,1280,720,318db634fe14afc99d9dd19b6f0c99f7,VALID,T,RG03917,train
2695,W02580B.mp4,C:\Users\Admin\Python Advanced\Deep Learning - CV\Project\data\Dataset\Videos\W02580B.mp4,0.433,ở ngoài,ở ngoài,B (Miền Bắc / North),unknown,95,29.97,1280,720,14df56f39939645fa6035361322dfbc9,VALID,B,RG03937,train
4329,W03751N.mp4,C:\Users\Admin\Python Advanced\Deep Learning - CV\Project\data\Dataset\Videos\W03751N.mp4,0.815,ủy quyền,ủy quyền,N (Miền Nam / South),unknown,166,29.97,1280,720,6dc151213504f7ff023407e34fb83e3c,VALID,N,RG03945,train
