0,1,2,3,4,5,6,7,8,9,10,11,12,13,14,15,16,17,18,19,20,21,22,23,24,25,26,27,28,29,30,31,32,33,34,35,36,37,38,39,40,41,label
0.0,0.0,0.27862662,-0.20245528,0.44858977,-0.5225652,0.47658128,-0.7910418,0.43663302,-1.0,0.21305437,-0.7744068,0.3168806,-0.9255596,0.3378243,-0.6808294,0.3354288,-0.4712755,0.024437051,-0.7452647,0.15569495,-0.86428154,0.18705644,-0.57922447,0.19540988,-0.3633457,-0.15011697,-0.6910232,0.007872908,-0.71892285,0.03600171,-0.45143726,0.032851048,-0.2755564,-0.31982106,-0.6149232,-0.15245293,-0.64887035,-0.11864665,-0.44290945,-0.12334066,-0.31148568,A
0.0,0.0,0.28307414,-0.19350733,0.45821413,-0.5123639,0.49234718,-0.7928766,0.45501685,-1.0,0.20298882,-0.7947914,0.33818805,-0.93147594,0.3508639,-0.6842673,0.33828497,-0.48704955,0.014050737,-0.7795345,0.18773542,-0.8321162,0.20554794,-0.5493809,0.19851153,-0.3526907,-0.15618008,-0.7294072,0.03678426,-0.7018723,0.06098668,-0.44001338,0.051378723,-0.26802647,-0.3227731,-0.649779,-0.1309571,-0.62630653,-0.09902842,-0.4153438,-0.109746195,-0.2846492,A
0.0,0.0,0.3099656,-0.1341067,0.47927812,-0.45443887,0.49948153,-0.757381,0.55504453,-1.0,0.33689988,-0.71877325,0.3876553,-0.8599057,0.35770258,-0.6181632,0.34881538,-0.40597296,0.07638708,-0.67872715,0.131209,-0.76742893,0.122860685,-0.41527897,0.1454497,-0.14919923,-0.15917717,-0.6122254,-0.11976933,-0.6171001,-0.097367525,-0.27661458,-0.062162142,-0.044441923,-0.38525662,-0.5262349,-0.35447916,-0.53294384,-0.30743918,-0.26846722,-0.25970408,-0.10979698,A
0.0,0.0,0.23670876,-0.2536991,0.40480736,-0.5328451,0.4582711,-0.7946614,0.47908393,-1.0,0.29366305,-0.7693419,0.27762836,-0.95639485,0.23630898,-0.77336043,0.22884925,-0.5825147,0.10562026,-0.73729885,0.10572657,-0.9288648,0.089353606,-0.69260705,0.105477884,-0.47053337,-0.06496713,-0.6854816,-0.06493312,-0.8285363,-0.04583856,-0.6028583,-0.008555504,-0.40599662,-0.22260922,-0.6064422,-0.20515877,-0.74949825,-0.16917883,-0.58512276,-0.1342268,-0.4349127,A
0.0,0.0,0.2372793,-0.13556921,0.3906138,-0.48478776,0.37805164,-0.7697108,0.34020296,-1.0,0.150119,-0.71898484,0.21105094,-0.8807915,0.24321917,-0.6459707,0.23210645,-0.44201705,-0.043390516,-0.68344957,0.038976043,-0.82457614,0.09287047,-0.5386006,0.10833658,-0.32525364,-0.22922927,-0.6070296,-0.11424646,-0.704678,-0.05758524,-0.40553313,-0.04732872,-0.2062741,-0.42140308,-0.50099814,-0.28957698,-0.5709964,-0.21812844,-0.34895054,-0.19156556,-0.2010114,A
0.0,0.0,0.25281337,-0.18215507,0.40203458,-0.5241544,0.385392,-0.7869605,0.33799586,-1.0,0.15620655,-0.7378521,0.23315279,-0.9064358,0.2563571,-0.68329203,0.2591826,-0.4789346,-0.023209663,-0.69765174,0.07145694,-0.8467543,0.10355388,-0.5677554,0.12409216,-0.34113303,-0.20258199,-0.62331396,-0.08709717,-0.7136757,-0.037058815,-0.43310493,-0.012310908,-0.23274364,-0.3872176,-0.5218924,-0.24777283,-0.60325754,-0.17667566,-0.39367345,-0.14707947,-0.24339412,A
0.0,0.0,0.25487483,-0.19351001,0.40467763,-0.5204076,0.40098357,-0.78476065,0.35698986,-1.0,0.15842853,-0.7518724,0.23614405,-0.92691845,0.27000028,-0.70743203,0.27712786,-0.5031146,-0.020230185,-0.7148701,0.08129676,-0.86448264,0.11890961,-0.5886872,0.13730662,-0.3634709,-0.198973,-0.64541155,-0.07634074,-0.7316493,-0.027212923,-0.45410767,-0.007820393,-0.25591195,-0.383548,-0.5463031,-0.23667806,-0.614013,-0.16794948,-0.41288188,-0.14512327,-0.2682791,A
0.0,0.0,0.26232526,-0.2018336,0.41502482,-0.52255124,0.4219532,-0.7851945,0.38315547,-1.0,0.16980018,-0.7497408,0.2493552,-0.93359816,0.27889252,-0.7131905,0.28275958,-0.5046223,-0.0075030024,-0.71435213,0.09682463,-0.8789278,0.12848306,-0.5955869,0.14103499,-0.36160406,-0.18408662,-0.64590853,-0.064351484,-0.7430414,-0.021232208,-0.45801213,-0.0067375395,-0.25446394,-0.3677266,-0.5479801,-0.22412875,-0.62742746,-0.15708695,-0.41828883,-0.13533685,-0.26668307,A
0.0,0.0,0.26693213,-0.19570528,0.42146084,-0.5135986,0.4377163,-0.77925617,0.3970323,-1.0,0.18500036,-0.73461527,0.26383826,-0.93095136,0.29349095,-0.7159748,0.29741833,-0.51425254,0.010244585,-0.7017651,0.109189264,-0.8770403,0.13860656,-0.59795856,0.15120749,-0.37286228,-0.16625245,-0.6371548,-0.052506533,-0.74490094,-0.011499311,-0.4559809,0.0033856384,-0.25840247,-0.3486166,-0.5442967,-0.21209326,-0.6338965,-0.15169428,-0.42194596,-0.13468686,-0.27347836,A
0.0,0.0,0.26373,-0.18875185,0.41777968,-0.5141597,0.4271617,-0.7791839,0.4103554,-1.0,0.2064548,-0.738361,0.27357998,-0.92632353,0.28919986,-0.71489334,0.2898918,-0.5140414,0.03196088,-0.7055051,0.11685606,-0.8811908,0.13507184,-0.6047476,0.14770278,-0.3758175,-0.14599808,-0.6452709,-0.049073663,-0.76094294,-0.015388186,-0.47225124,0.002609716,-0.27001935,-0.331031,-0.55690473,-0.21218656,-0.6519159,-0.15673964,-0.44034082,-0.1364769,-0.2896293,A
0.0,0.0,0.2725848,-0.19176705,0.42971623,-0.51287645,0.44097528,-0.7775108,0.42171288,-1.0,0.21548697,-0.7373204,0.29062635,-0.92569184,0.29863942,-0.71126384,0.2890087,-0.5085233,0.03715881,-0.7070992,0.1206032,-0.88336587,0.13556355,-0.60486066,0.14285637,-0.37541786,-0.14216113,-0.64762604,-0.045791343,-0.76248133,-0.014607824,-0.4727867,-0.0025494692,-0.2708289,-0.32853281,-0.5604571,-0.20610245,-0.6557233,-0.15316635,-0.44190073,-0.13783778,-0.29165882,A
0.0,0.0,0.27036822,-0.1918282,0.4317278,-0.5085062,0.4470366,-0.7743322,0.42244408,-1.0,0.22556001,-0.7294249,0.28168905,-0.9255456,0.2887453,-0.71253216,0.28843498,-0.5131862,0.04874315,-0.69587564,0.120029956,-0.88335216,0.1334301,-0.61063504,0.1463481,-0.38666406,-0.13181776,-0.6359517,-0.049945243,-0.77341694,-0.02015553,-0.48520017,-0.0017015592,-0.2864523,-0.31976798,-0.5480922,-0.21623324,-0.66544056,-0.16672935,-0.45001608,-0.14757289,-0.29759136,A
0.0,0.0,0.2653229,-0.19674209,0.43164098,-0.5154591,0.45292732,-0.778677,0.42244506,-1.0,0.2209907,-0.7344772,0.28071642,-0.9269215,0.28713506,-0.70663065,0.28060782,-0.5052369,0.041067056,-0.6987303,0.11423987,-0.8770045,0.13027099,-0.6056217,0.14085935,-0.3843163,-0.13907203,-0.63726276,-0.054857247,-0.7673364,-0.023958934,-0.4826556,-0.008658044,-0.28483918,-0.32578546,-0.55080223,-0.21949446,-0.662173,-0.17003074,-0.44755206,-0.15326242,-0.29488435,A
0.0,0.0,0.30699852,-0.1936584,0.4993513,-0.49865833,0.5310539,-0.7767193,0.48927245,-1.0,0.29941687,-0.7145531,0.35315195,-0.90580076,0.3351309,-0.6931907,0.3207461,-0.48171058,0.10944991,-0.6898825,0.17229292,-0.8516512,0.16542667,-0.5716658,0.16640648,-0.33258203,-0.07722479,-0.6375874,-0.009521717,-0.72536045,0.008787595,-0.4425054,0.017534241,-0.23420233,-0.27828965,-0.5660509,-0.19928424,-0.6502621,-0.15647301,-0.43118012,-0.13569997,-0.27272886,A
0.0,0.0,0.26328668,-0.22318836,0.42285946,-0.5192827,0.4471212,-0.7816475,0.4266432,-1.0,0.21735862,-0.74793726,0.28907785,-0.9201451,0.29204872,-0.70964473,0.28145424,-0.51987493,0.03345305,-0.71414864,0.119555004,-0.88161695,0.13596523,-0.6104114,0.14694019,-0.39558664,-0.14487064,-0.6564783,-0.041954603,-0.7635417,-0.0050122603,-0.48894942,0.01612298,-0.2970829,-0.32843813,-0.5692761,-0.21121824,-0.65638494,-0.154634,-0.45689857,-0.13249946,-0.31442225,A
0.0,0.0,0.27486962,-0.1942224,0.45347032,-0.50258857,0.4875574,-0.77334416,0.46407822,-1.0,0.2648353,-0.7439063,0.3062078,-0.94129676,0.301421,-0.7288858,0.29327932,-0.5277401,0.07993825,-0.71537775,0.12895614,-0.9116356,0.13799022,-0.6381646,0.1518879,-0.40904018,-0.104721226,-0.6591399,-0.042367492,-0.8027417,-0.014380294,-0.512445,0.0058771376,-0.30613527,-0.29318747,-0.57465893,-0.21124715,-0.6872622,-0.1628327,-0.46523964,-0.1370326,-0.30467507,A
0.0,0.0,0.28119838,-0.18448797,0.46573743,-0.49227703,0.49530223,-0.7680297,0.4756192,-1.0,0.26688817,-0.73182094,0.30988625,-0.9374496,0.30780622,-0.718194,0.29982176,-0.5088612,0.08256151,-0.7025114,0.13235433,-0.89957935,0.13548262,-0.62653387,0.1435565,-0.39886576,-0.10332066,-0.6476903,-0.040361777,-0.78847396,-0.02096625,-0.49883696,-0.0040231324,-0.2947817,-0.2955959,-0.5645849,-0.2110726,-0.6789872,-0.16750588,-0.4630009,-0.14484967,-0.30622917,A
0.0,0.0,0.28048074,-0.18214224,0.47349444,-0.48791277,0.51266944,-0.76404995,0.4899763,-1.0,0.28069288,-0.7415022,0.31995624,-0.93961287,0.3140373,-0.7183813,0.30513772,-0.50841147,0.09167643,-0.7111526,0.14386906,-0.8992335,0.14041962,-0.6232653,0.1459925,-0.39283103,-0.09692259,-0.65487486,-0.03772328,-0.79236,-0.020042744,-0.505595,-8.0059384e-05,-0.3006579,-0.28957894,-0.5711757,-0.20833698,-0.6873594,-0.16893582,-0.46810424,-0.14595176,-0.3074261,A
0.0,0.0,0.2835672,-0.18367124,0.48555034,-0.49172035,0.5282987,-0.7652763,0.50643677,-1.0,0.2864256,-0.7462541,0.3316701,-0.93696743,0.31912073,-0.7131455,0.30578402,-0.5098037,0.0953188,-0.7189155,0.15340912,-0.91115767,0.14386655,-0.63228095,0.14481382,-0.40577453,-0.09378336,-0.6647514,-0.031841107,-0.8063613,-0.017377207,-0.51462865,-0.00019340118,-0.3116356,-0.28669208,-0.5820191,-0.20565647,-0.6913746,-0.1662637,-0.46962947,-0.1432028,-0.31403306,A
0.0,0.0,0.28114325,-0.1764074,0.48074862,-0.4866127,0.52111775,-0.7649642,0.5110978,-1.0,0.30154884,-0.73602045,0.34059966,-0.9375729,0.3147181,-0.71471816,0.29716966,-0.50736535,0.107782595,-0.70979154,0.15205915,-0.9129263,0.13600326,-0.6407105,0.14026701,-0.4111143,-0.083652735,-0.65540457,-0.038942378,-0.80210674,-0.021803219,-0.5160946,0.0045025353,-0.31184104,-0.2780347,-0.5744789,-0.2102118,-0.69944715,-0.17165595,-0.47821125,-0.14309251,-0.31700486,A
0.0,0.0,0.28278714,-0.17456889,0.48809826,-0.4793187,0.5264957,-0.76121205,0.5217931,-1.0,0.30831334,-0.73383003,0.34217662,-0.9425784,0.319225,-0.7198544,0.3014218,-0.51214504,0.114900514,-0.7094097,0.15280344,-0.9124756,0.13887575,-0.63583374,0.13995099,-0.4080952,-0.07534433,-0.6581506,-0.036312867,-0.8135168,-0.022167796,-0.52406,-0.0035365615,-0.31721228,-0.27090737,-0.5812421,-0.21448532,-0.7118708,-0.17520401,-0.49104533,-0.14965801,-0.32936785,A
0.0,0.0,0.28916013,-0.16467194,0.49953082,-0.47261342,0.5315944,-0.75984514,0.5265168,-1.0,0.31925666,-0.7223754,0.3507857,-0.9345131,0.32289624,-0.7123087,0.30516648,-0.50378966,0.122694366,-0.69965094,0.16142866,-0.9002608,0.14515069,-0.6221199,0.14679407,-0.3923839,-0.06766937,-0.64996654,-0.029642953,-0.79745746,-0.01050578,-0.5079126,0.015406621,-0.30219728,-0.26018548,-0.57220215,-0.20140742,-0.6936139,-0.161001,-0.47112817,-0.13200201,-0.3100608,A
0.0,0.0,0.28869578,-0.16453049,0.49876145,-0.4695125,0.5332001,-0.75634986,0.5326228,-1.0,0.32125118,-0.72673094,0.3463507,-0.93893164,0.3215998,-0.71947914,0.3041951,-0.50385004,0.12381957,-0.70361257,0.1554794,-0.9006547,0.13911831,-0.6234669,0.14193326,-0.39165565,-0.06653634,-0.6526599,-0.034057487,-0.80620074,-0.019073388,-0.51495486,0.005572085,-0.30568278,-0.25958958,-0.57382995,-0.2065501,-0.6947474,-0.16645117,-0.47210404,-0.13488862,-0.31072885,A
0.0,0.0,0.28567594,-0.16462308,0.49497008,-0.4710729,0.53336555,-0.75779366,0.5290433,-1.0,0.31298545,-0.7232526,0.34024355,-0.9386722,0.30965194,-0.71458626,0.29417768,-0.50472826,0.11781181,-0.6996859,0.15337399,-0.9020487,0.13494068,-0.6252053,0.13850348,-0.39787513,-0.07234299,-0.6486536,-0.038145047,-0.8086255,-0.020403372,-0.51875365,0.007471587,-0.312928,-0.26357096,-0.5683314,-0.21076095,-0.6921972,-0.16941723,-0.47045422,-0.13648553,-0.31144598,A
0.0,0.0,0.32776475,-0.2216524,0.49015912,-0.52166796,0.53269815,-0.8021713,0.48175263,-1.0,0.29783583,-0.72183216,0.37214997,-0.86771095,0.35458854,-0.6556691,0.32906348,-0.47794425,0.10258105,-0.7028607,0.18887572,-0.83097017,0.18774638,-0.569508,0.18628456,-0.3544853,-0.076542094,-0.6602235,0.015213447,-0.7110797,0.040424988,-0.44972655,0.04792077,-0.2584232,-0.26756918,-0.6032285,-0.15661238,-0.6536709,-0.11733608,-0.44658202,-0.098678514,-0.2993062,A
0.0,0.0,0.2744437,-0.16201392,0.4708167,-0.4628697,0.52755845,-0.75278634,0.53458756,-1.0,0.33826458,-0.7367743,0.35549954,-0.96113724,0.3221441,-0.7434517,0.29958203,-0.5325618,0.1361869,-0.71041316,0.15899146,-0.91100067,0.14759852,-0.62522066,0.15584825,-0.39775595,-0.05981141,-0.65622723,-0.027652593,-0.7973896,-0.012441991,-0.51085997,0.010633956,-0.3116408,-0.25576353,-0.5813316,-0.20762534,-0.71233535,-0.1641252,-0.49501318,-0.13535093,-0.33458194,A
0.0,0.0,0.29486138,-0.1564354,0.5134942,-0.46484578,0.5496494,-0.75734764,0.55530983,-1.0,0.34116086,-0.73149914,0.37360725,-0.94605905,0.33577678,-0.7241497,0.30976146,-0.50876564,0.1411752,-0.7096341,0.17519218,-0.92135507,0.14852187,-0.6456455,0.14793698,-0.41096598,-0.050019145,-0.6619428,-0.016212055,-0.8264808,-0.014168551,-0.5331136,0.0034666709,-0.32053858,-0.24298832,-0.5861339,-0.19044408,-0.72403204,-0.16087237,-0.49991384,-0.1344001,-0.33442265,A
0.0,0.0,0.29357225,-0.14982826,0.5156516,-0.45704496,0.57018495,-0.7508736,0.569828,-1.0,0.35183147,-0.731192,0.3758527,-0.9575352,0.33520648,-0.7268913,0.31249714,-0.50701463,0.15019,-0.7134055,0.1754082,-0.9174127,0.15118301,-0.63161445,0.15663357,-0.40029508,-0.047196355,-0.66596514,-0.023837741,-0.8136059,-0.014874112,-0.51611704,0.011913733,-0.31154996,-0.24389127,-0.59087044,-0.20234169,-0.7179416,-0.17256534,-0.48861274,-0.1432757,-0.3273116,A
0.0,0.0,0.29057404,-0.14600618,0.5244758,-0.4511736,0.58312654,-0.74678165,0.5783254,-1.0,0.35439244,-0.7444032,0.38025188,-0.9566824,0.34104037,-0.72240436,0.31715176,-0.5060176,0.15216668,-0.72813976,0.18062288,-0.92001647,0.1571969,-0.63159233,0.15649518,-0.40435693,-0.04480934,-0.67944425,-0.021056823,-0.8315411,-0.0102103,-0.5312306,0.011571422,-0.32432702,-0.24244261,-0.6012242,-0.20028894,-0.7210268,-0.1641746,-0.49288794,-0.13476332,-0.33352578,A
0.0,0.0,0.29755953,-0.15069424,0.5298733,-0.4588988,0.582338,-0.7502855,0.57473016,-1.0,0.35296443,-0.74250907,0.37662706,-0.9625839,0.33443734,-0.7252907,0.3098494,-0.5047768,0.14607617,-0.72330296,0.17404178,-0.9100921,0.14763927,-0.6110238,0.1471105,-0.38149512,-0.054382708,-0.6723794,-0.03130808,-0.8267485,-0.023376467,-0.5224687,-0.0031745012,-0.31663084,-0.25566387,-0.5926933,-0.21894643,-0.72271097,-0.1827123,-0.49421513,-0.15422858,-0.33586112,A
0.0,0.0,0.29694688,-0.14792268,0.5300248,-0.45723945,0.5870211,-0.74869436,0.58665794,-1.0,0.35452732,-0.73507136,0.38965547,-0.9603133,0.3486429,-0.7300132,0.32050717,-0.51293874,0.15461554,-0.7178349,0.19150707,-0.9122298,0.15976208,-0.62192166,0.1547602,-0.39629737,-0.044987958,-0.67113674,-0.012461128,-0.82297754,-0.011312029,-0.5235192,0.005599617,-0.3220119,-0.24824618,-0.59723437,-0.19907002,-0.7259229,-0.17017107,-0.5021264,-0.14788784,-0.34657434,A
0.0,0.0,0.29524735,-0.14958063,0.5235073,-0.4556111,0.5790896,-0.7470914,0.57844687,-1.0,0.34976125,-0.7371128,0.38139313,-0.9539648,0.33916456,-0.7237261,0.31247678,-0.5070305,0.14452282,-0.720861,0.18358207,-0.9137569,0.15056957,-0.6256266,0.14468889,-0.39514026,-0.05466134,-0.6724578,-0.02238096,-0.8234609,-0.020039171,-0.52625173,-0.00092794915,-0.31952858,-0.2539294,-0.5955154,-0.20692395,-0.7218123,-0.17556496,-0.49623364,-0.14821611,-0.33569133,A
0.0,0.0,0.2979535,-0.1501034,0.53153396,-0.4578115,0.5915181,-0.7476883,0.59424305,-1.0,0.34901214,-0.7422921,0.3870581,-0.96985406,0.3417551,-0.73754704,0.31246704,-0.51658714,0.14333269,-0.7250222,0.18036453,-0.9245498,0.14739612,-0.6340054,0.14296903,-0.4004071,-0.059302628,-0.67699254,-0.026560795,-0.83378685,-0.025309218,-0.5338459,-0.00853718,-0.32425657,-0.26300648,-0.6015869,-0.21285042,-0.7331912,-0.18383747,-0.5072352,-0.16129442,-0.34415257,A
0.0,0.0,0.30295575,-0.14990234,0.54531735,-0.4550193,0.61732185,-0.74410397,0.6132996,-1.0,0.36766124,-0.7434934,0.40329388,-0.96478176,0.36047357,-0.73473465,0.33330765,-0.52102387,0.16179885,-0.7284126,0.20345022,-0.9258097,0.16887288,-0.64336044,0.16228415,-0.41557938,-0.040731,-0.681945,-0.0024851933,-0.8350884,-0.0062647243,-0.5387896,0.007980711,-0.3292265,-0.24299815,-0.6078251,-0.18725482,-0.74368316,-0.16266909,-0.51475686,-0.14268705,-0.3418425,A
0.0,0.0,0.30240414,-0.14026387,0.5559571,-0.44310936,0.62228477,-0.73630184,0.6237142,-1.0,0.39812464,-0.75551665,0.42825055,-0.9631144,0.36201718,-0.7350433,0.32412127,-0.5176014,0.1855491,-0.74320436,0.21666846,-0.92960393,0.16509888,-0.6455751,0.15421613,-0.40839475,-0.021009827,-0.6979697,-0.0059550838,-0.8310784,-0.014653398,-0.5317298,0.0047008987,-0.31813824,-0.2258891,-0.6259755,-0.19574441,-0.7245845,-0.17081293,-0.48880044,-0.1358978,-0.32290435,A
0.0,0.0,0.30107617,-0.22406961,0.486939,-0.5123215,0.53621334,-0.78650606,0.48815224,-1.0,0.27746347,-0.7357444,0.34823516,-0.88757044,0.34000733,-0.6889739,0.3341685,-0.5165645,0.08973717,-0.7169581,0.19278273,-0.876175,0.1924331,-0.621811,0.19855678,-0.40298742,-0.08601002,-0.67080873,0.023009518,-0.74898285,0.035574984,-0.4809138,0.039751884,-0.28003678,-0.28074324,-0.6164907,-0.16395727,-0.684898,-0.12564015,-0.47605255,-0.102280736,-0.3216615,A
0.0,0.0,0.30855855,-0.13866477,0.5496116,-0.44436428,0.6078152,-0.7425697,0.61708736,-1.0,0.39409897,-0.77051634,0.40988892,-0.9817679,0.34550604,-0.7394163,0.31204692,-0.51609105,0.17664847,-0.7495337,0.18934582,-0.9431773,0.14803807,-0.666621,0.14529705,-0.42737526,-0.023656275,-0.69885415,-0.0134796435,-0.83406776,-0.01478333,-0.5531408,0.005311445,-0.340493,-0.21232896,-0.62313867,-0.18676712,-0.7434697,-0.16590196,-0.5141738,-0.13971224,-0.33988747,A
0.0,0.0,0.30675805,-0.14398348,0.5445332,-0.4425776,0.59975576,-0.7404892,0.59999293,-1.0,0.38720986,-0.7610084,0.4149606,-0.96082103,0.35787204,-0.72820264,0.3245238,-0.5144742,0.17619886,-0.746428,0.20148082,-0.93006593,0.16138053,-0.6482835,0.15513815,-0.41697967,-0.024320181,-0.6970079,-0.013819171,-0.8218177,-0.016275784,-0.531842,0.004102674,-0.32626,-0.21908401,-0.6206198,-0.19691992,-0.70764935,-0.17292474,-0.47910678,-0.13730547,-0.3205184,A
0.0,0.0,0.3057973,-0.13434663,0.5548184,-0.43613428,0.6197114,-0.7348855,0.6243122,-1.0,0.3930248,-0.74266124,0.42140222,-0.96403635,0.3589937,-0.73599976,0.32132444,-0.5238508,0.18500482,-0.72791564,0.19793564,-0.9266723,0.15827784,-0.6318402,0.15843707,-0.40109348,-0.017039137,-0.67841893,-0.016869335,-0.8265832,-0.016470358,-0.52141684,0.009821779,-0.31607294,-0.21896537,-0.60447806,-0.2073172,-0.7189405,-0.17740539,-0.48412332,-0.13537976,-0.32568625,A
0.0,0.0,0.2878559,-0.14152014,0.5161997,-0.4426279,0.57815236,-0.7391891,0.5840614,-1.0,0.3702062,-0.7350993,0.38697612,-0.9622138,0.32714918,-0.73706275,0.29706794,-0.5237084,0.16443747,-0.7216681,0.17273031,-0.92261153,0.12850037,-0.63124543,0.12706831,-0.40013668,-0.035336643,-0.67347884,-0.040116906,-0.8342081,-0.04433278,-0.5291419,-0.01896614,-0.32068434,-0.23517062,-0.59945244,-0.22925238,-0.71212053,-0.19770306,-0.4838688,-0.15341155,-0.3278299,A
0.0,0.0,0.29733968,-0.14525597,0.52893096,-0.4444444,0.59356344,-0.73911005,0.5949808,-1.0,0.3705541,-0.7434876,0.38731205,-0.96783453,0.33500776,-0.74374837,0.31015113,-0.52662796,0.16394101,-0.7295556,0.17271307,-0.92768246,0.13876864,-0.6365135,0.14403346,-0.40649432,-0.035213564,-0.679626,-0.033588797,-0.83214104,-0.03124696,-0.5260217,-0.004426658,-0.31994963,-0.23249897,-0.60087883,-0.2200501,-0.72108424,-0.18512565,-0.4877734,-0.14270702,-0.32845545,A
0.0,0.0,0.29601714,-0.14803058,0.5234716,-0.44853756,0.57966727,-0.7441596,0.5805319,-1.0,0.36778134,-0.7418739,0.37903985,-0.96574414,0.32720897,-0.7443354,0.30424714,-0.5321376,0.16140878,-0.7243489,0.17557913,-0.92487437,0.14020771,-0.63858134,0.1425219,-0.410277,-0.035786603,-0.67118424,-0.02949634,-0.8253813,-0.027490087,-0.5239739,-0.003421453,-0.31944153,-0.23135006,-0.58945715,-0.2111562,-0.7247041,-0.17975901,-0.49503064,-0.14446731,-0.33358628,A
0.0,0.0,0.29685953,-0.1526639,0.52527106,-0.45135948,0.5775452,-0.74591386,0.57679194,-1.0,0.37385452,-0.73463964,0.38357455,-0.9615028,0.33228195,-0.7446482,0.30996925,-0.53626,0.16838978,-0.7166145,0.18101467,-0.9221615,0.14575762,-0.6397364,0.14800708,-0.4143482,-0.026678512,-0.66467,-0.018828493,-0.82515293,-0.020983014,-0.5270925,-0.0003236448,-0.32399338,-0.21793921,-0.58335865,-0.19495031,-0.7314147,-0.17145476,-0.5059628,-0.14466897,-0.34416884,A
0.0,0.0,0.29873592,-0.14689119,0.53336674,-0.4426811,0.60057837,-0.7391929,0.6053238,-1.0,0.39358306,-0.7321563,0.4038588,-0.96838,0.3423566,-0.75000757,0.31458923,-0.5394472,0.1853453,-0.71900266,0.18727277,-0.93210393,0.15309094,-0.6481513,0.1599689,-0.42386487,-0.010665794,-0.6709971,-0.014276219,-0.8368793,-0.015393373,-0.54276204,0.009525187,-0.3429703,-0.2009214,-0.59403765,-0.18763112,-0.7366437,-0.16494882,-0.5152403,-0.13348548,-0.35709363,A
0.0,0.0,0.30057088,-0.15070435,0.54293865,-0.4424431,0.6209282,-0.7337109,0.63213664,-1.0,0.3976762,-0.7360456,0.41617036,-0.96772945,0.35546657,-0.7530224,0.32435897,-0.54436433,0.19438279,-0.72213244,0.20063624,-0.9301047,0.16819003,-0.6498663,0.1723851,-0.4272774,-0.0036203824,-0.67277247,-0.003692904,-0.8426815,-0.003217478,-0.5491485,0.020353386,-0.34575745,-0.20030983,-0.59480673,-0.18700142,-0.72665817,-0.15563403,-0.508228,-0.1195732,-0.3507875,A
0.0,0.0,0.29785883,-0.14635034,0.5468486,-0.43638733,0.6205943,-0.73190314,0.62683815,-1.0,0.40399265,-0.7413734,0.42088312,-0.9707458,0.35363367,-0.75554603,0.31906334,-0.53988063,0.1992641,-0.7287882,0.20342265,-0.9369313,0.16282064,-0.6599937,0.16397028,-0.42976287,0.0021771847,-0.6815581,-0.005633142,-0.841839,-0.009779282,-0.54889715,0.014746197,-0.3418695,-0.192634,-0.60643744,-0.18169154,-0.73236513,-0.157352,-0.5096707,-0.120133415,-0.3481729,A
0.0,0.0,0.30068043,-0.22657818,0.45663235,-0.5198734,0.4908406,-0.7874538,0.48218465,-1.0,0.3111177,-0.7228028,0.36184573,-0.8620314,0.34968808,-0.65023094,0.33041775,-0.47856674,0.11715016,-0.7149502,0.1983432,-0.8500119,0.19625622,-0.58561474,0.20064333,-0.3670045,-0.05924856,-0.6800484,0.03554506,-0.7319272,0.051081043,-0.47002497,0.060239725,-0.2784017,-0.25561926,-0.63967603,-0.14255853,-0.6710483,-0.1096574,-0.46110034,-0.08137816,-0.3258744,A
0.0,0.0,0.3262412,-0.18583366,0.57569367,-0.4687905,0.65672344,-0.7505441,0.6535676,-1.0,0.42344928,-0.7543847,0.41374886,-0.9897292,0.35041514,-0.7828644,0.3228139,-0.5793763,0.21487981,-0.74186903,0.20248789,-0.94259685,0.16398844,-0.6618805,0.16602927,-0.4460543,0.021113615,-0.69240284,0.0066154012,-0.8405831,0.004312027,-0.558416,0.026233176,-0.3698837,-0.16329128,-0.61286664,-0.16223103,-0.7553579,-0.14969406,-0.54011977,-0.12513158,-0.3879042,A
0.0,0.0,0.29842177,-0.15027452,0.5380719,-0.4319558,0.62283593,-0.7289318,0.6487195,-1.0,0.4349145,-0.7509877,0.4427731,-0.9866615,0.36009803,-0.7765752,0.32056725,-0.5603587,0.2220431,-0.74100506,0.2110565,-0.9543328,0.15885411,-0.6675882,0.16188544,-0.438281,0.019066349,-0.695385,0.0019352856,-0.8531685,-0.010948212,-0.5520447,0.014013221,-0.34728917,-0.18254177,-0.62202257,-0.18058467,-0.73837686,-0.1580085,-0.51073855,-0.11574657,-0.35442454,A
0.0,0.0,0.29946312,-0.15200853,0.5610413,-0.43829638,0.6427806,-0.7336622,0.6531909,-1.0,0.41493756,-0.74084044,0.43825492,-0.97768086,0.3640088,-0.75918114,0.325711,-0.55113614,0.20910542,-0.72960335,0.21074131,-0.9440294,0.16298126,-0.6562881,0.16347253,-0.43191168,0.01217929,-0.68604964,0.0025664996,-0.86242145,-0.009340263,-0.56145436,0.011341344,-0.35472384,-0.1847908,-0.61644363,-0.17982441,-0.7460959,-0.157155,-0.52728784,-0.120767705,-0.37170526,A
0.0,0.0,0.2923979,-0.15029114,0.5463849,-0.43796146,0.62604964,-0.73507327,0.64355147,-1.0,0.4062925,-0.73536706,0.4271631,-0.97471166,0.35446677,-0.76208556,0.31909996,-0.55292124,0.20198485,-0.7242509,0.20794849,-0.94091064,0.1581913,-0.65223795,0.1554414,-0.427093,0.0073434226,-0.6805363,-0.0014592987,-0.85659707,-0.012432533,-0.5587344,0.0071106567,-0.355941,-0.18815316,-0.6123484,-0.18121462,-0.75117683,-0.15824284,-0.533661,-0.12381274,-0.38065055,A
0.0,0.0,0.29733703,-0.15315278,0.5437448,-0.4371693,0.619105,-0.73688847,0.6362102,-1.0,0.41275135,-0.7359123,0.42148352,-0.9684925,0.3515008,-0.7435287,0.32116914,-0.5369196,0.20742552,-0.7293182,0.2029917,-0.93663853,0.1589839,-0.6473739,0.15998796,-0.4328512,0.011804215,-0.68691325,-0.005486556,-0.8575636,-0.011270486,-0.554705,0.01181284,-0.3576302,-0.18414322,-0.6178709,-0.18609197,-0.74588823,-0.1602442,-0.5170385,-0.119852595,-0.3677149,A
0.0,0.0,0.29489118,-0.14807622,0.5441535,-0.44068348,0.62435466,-0.7353491,0.6396701,-1.0,0.40964875,-0.7353397,0.42673886,-0.96551275,0.35073677,-0.7456921,0.3143095,-0.5379266,0.20349286,-0.72744894,0.21046562,-0.93663627,0.15643346,-0.65256697,0.14899725,-0.4275678,0.006986033,-0.6865048,-0.0029927809,-0.8550362,-0.016289297,-0.55216324,0.003052701,-0.34632343,-0.18740614,-0.61946464,-0.18577972,-0.7409231,-0.16796637,-0.51334846,-0.13377872,-0.35826054,A
0.0,0.0,0.29417667,-0.15026997,0.5425555,-0.44524977,0.61928946,-0.7386921,0.6429083,-1.0,0.41000682,-0.74635357,0.42722276,-0.9709548,0.35272494,-0.7448033,0.3161884,-0.53384274,0.1969765,-0.737558,0.20196022,-0.9441062,0.14856139,-0.65219045,0.14466058,-0.4273364,-0.0038888734,-0.69123024,-0.014460128,-0.86590046,-0.0256701,-0.55832565,-0.0027949424,-0.35204947,-0.20386147,-0.6172992,-0.19980611,-0.7423575,-0.17646925,-0.5127262,-0.13721102,-0.35986596,A
0.0,0.0,0.2981633,-0.15846552,0.5482224,-0.4435371,0.6283095,-0.7382664,0.6471592,-1.0,0.41308263,-0.74542713,0.42441806,-0.98082423,0.35107467,-0.7574164,0.3219971,-0.54901916,0.20254193,-0.7364745,0.19895858,-0.94254106,0.15171848,-0.652166,0.15965521,-0.43213314,0.0016122344,-0.68857425,-0.016477285,-0.85476565,-0.024014354,-0.5525898,0.0047503267,-0.3516622,-0.19855936,-0.6143279,-0.20549259,-0.7396602,-0.17622462,-0.5127163,-0.13079071,-0.36482003,A
0.0,0.0,0.29176545,-0.14494962,0.54008496,-0.4424639,0.6181141,-0.73802394,0.64265436,-1.0,0.4012556,-0.7476561,0.41872433,-0.9797037,0.34726015,-0.75058156,0.31483063,-0.53642297,0.18734644,-0.73365015,0.19469023,-0.9458595,0.14681178,-0.65690815,0.14839128,-0.4302698,-0.015916992,-0.6838311,-0.02521678,-0.85245585,-0.028019633,-0.5464239,0.001350996,-0.33909783,-0.21806748,-0.6063485,-0.21576557,-0.7325592,-0.18526249,-0.5074624,-0.14229134,-0.35307276,A
0.0,0.0,0.287371,-0.13713233,0.5472627,-0.4345592,0.63243085,-0.73488873,0.64001065,-1.0,0.39642838,-0.7404444,0.41413254,-0.98031014,0.3507702,-0.75551283,0.32281092,-0.5368566,0.18773079,-0.7293127,0.19070686,-0.9353535,0.148491,-0.6474919,0.153742,-0.42171934,-0.0074184528,-0.68463355,-0.015771445,-0.8523544,-0.018242158,-0.5481264,0.012267051,-0.3413181,-0.19935617,-0.61040086,-0.19849145,-0.7243932,-0.17262802,-0.492704,-0.12759848,-0.33784744,A
0.0,0.0,0.22389041,-0.2584922,0.34028488,-0.55473846,0.37992853,-0.8126849,0.39454192,-1.0,0.24423018,-0.802965,0.31625015,-0.92771256,0.33300534,-0.7458857,0.32991618,-0.588246,0.07634325,-0.8186225,0.18531477,-0.9085212,0.18612552,-0.65454954,0.1924644,-0.4565301,-0.09095036,-0.7898595,0.039969463,-0.8338767,0.057999726,-0.5847174,0.076569654,-0.3892014,-0.2759647,-0.7329205,-0.14905351,-0.775631,-0.102291174,-0.57521755,-0.055631753,-0.43300548,A
0.0,0.0,0.30613035,-0.1771322,0.5493014,-0.4566111,0.60700154,-0.74682575,0.5992834,-1.0,0.39342237,-0.7352839,0.38438198,-0.96890235,0.301912,-0.7439036,0.254243,-0.53381765,0.18916549,-0.7413638,0.15048756,-0.9441468,0.113558725,-0.65690964,0.11070414,-0.44886306,0.013720673,-0.69956744,-0.037651055,-0.8467046,-0.02440577,-0.5681267,0.008232303,-0.39068508,-0.14547476,-0.62435144,-0.18452626,-0.7489054,-0.16277255,-0.5283519,-0.13026096,-0.38670847,A
0.0,0.0,0.2931723,-0.15129425,0.5377542,-0.43455222,0.61629814,-0.73255724,0.6230996,-1.0,0.3951638,-0.73841363,0.40507194,-0.96992445,0.33931273,-0.7503254,0.30626592,-0.5357917,0.18854529,-0.7261475,0.1798308,-0.93947434,0.14355497,-0.6439842,0.14819294,-0.4123653,-0.0051978766,-0.68050295,-0.021286232,-0.8499592,-0.02167346,-0.5475294,0.0025526034,-0.33965835,-0.1952378,-0.6121721,-0.1946727,-0.7436818,-0.16688542,-0.5211285,-0.12726577,-0.36531842,A
0.0,0.0,0.29583073,-0.13969396,0.549076,-0.43527982,0.62902254,-0.73484963,0.6324408,-1.0,0.39984605,-0.7453294,0.40892142,-0.9791441,0.34297144,-0.75223196,0.31760445,-0.5411809,0.18947718,-0.7328365,0.1896001,-0.93928015,0.15216011,-0.6470676,0.1574398,-0.4251972,-0.01008337,-0.6863062,-0.022646423,-0.84905636,-0.015910316,-0.5408349,0.014492205,-0.3390746,-0.20639947,-0.6121863,-0.20527656,-0.7338753,-0.1714477,-0.4976139,-0.12606904,-0.34357473,A
0.0,0.0,0.29352885,-0.14092706,0.5453964,-0.43760398,0.6197176,-0.7354042,0.6244333,-1.0,0.39839062,-0.7392009,0.40380862,-0.97340363,0.339965,-0.7515286,0.31775776,-0.53899914,0.1890293,-0.72689927,0.18682055,-0.93681026,0.14799291,-0.6516763,0.15343474,-0.4280218,-0.007956688,-0.6810354,-0.02351493,-0.85544807,-0.022113485,-0.5531399,0.00748432,-0.34731868,-0.19924198,-0.60619,-0.20410794,-0.73873895,-0.17709522,-0.50760263,-0.1352939,-0.3495561,A
0.0,0.0,0.28863314,-0.14565833,0.5389297,-0.44061476,0.6144497,-0.73782414,0.61508673,-1.0,0.3904597,-0.7493261,0.39441952,-0.98083484,0.3356668,-0.757699,0.31482697,-0.54138654,0.1792535,-0.73633796,0.17645533,-0.94507426,0.14021122,-0.6522444,0.14810698,-0.42913696,-0.019009693,-0.6864289,-0.030481877,-0.85806715,-0.028154183,-0.5526473,0.00086364243,-0.3520528,-0.21206632,-0.60633564,-0.21151952,-0.738091,-0.18149637,-0.5083216,-0.14083198,-0.3574014,A
0.0,0.0,0.2965834,-0.15864109,0.5412346,-0.4493013,0.6233902,-0.74089104,0.62064767,-1.0,0.39715534,-0.74786377,0.39829698,-0.97981256,0.3370942,-0.76106936,0.31995776,-0.5454333,0.18649562,-0.73488384,0.18666808,-0.95431215,0.14574037,-0.67546076,0.15284348,-0.44445854,-0.014140891,-0.6839592,-0.026927905,-0.84806573,-0.029512161,-0.548007,-0.0007845132,-0.33962047,-0.20840886,-0.603816,-0.20858315,-0.7413908,-0.18199027,-0.5110291,-0.1405258,-0.34756148,A
0.0,0.0,0.30539417,-0.15663892,0.54942334,-0.44514775,0.62614447,-0.73833364,0.62091875,-1.0,0.39826643,-0.73664665,0.39959177,-0.9710819,0.3421022,-0.756299,0.32470623,-0.54312044,0.1879435,-0.72321,0.18911286,-0.9369947,0.15474686,-0.6499005,0.16288276,-0.4182411,-0.013429488,-0.67249256,-0.02118296,-0.8407951,-0.021502491,-0.5383287,0.0045890687,-0.33161494,-0.20986299,-0.59273803,-0.20310567,-0.73271,-0.1763548,-0.49753836,-0.14029516,-0.3331902,A
0.0,0.0,0.3001296,-0.15634567,0.5448191,-0.44938052,0.61998224,-0.7416981,0.6170828,-1.0,0.396962,-0.7404454,0.39315867,-0.96963805,0.337314,-0.7578211,0.3222775,-0.5474008,0.18410899,-0.72567356,0.1827231,-0.94336057,0.14777246,-0.6572644,0.15668522,-0.42504314,-0.018137712,-0.6731514,-0.027526906,-0.84201187,-0.026520094,-0.53959846,0.0010965094,-0.3346534,-0.21541874,-0.59025574,-0.21355732,-0.73644507,-0.18608366,-0.50492805,-0.14987186,-0.34293783,A
0.0,0.0,0.3108295,-0.15542193,0.5621296,-0.43918496,0.64216185,-0.7361247,0.6394568,-1.0,0.41202834,-0.73965913,0.41524205,-0.9876796,0.35638452,-0.77726156,0.339857,-0.5557456,0.19496548,-0.72423047,0.19665204,-0.94994956,0.15498365,-0.6615692,0.16312832,-0.41696474,-0.01231037,-0.670209,-0.018293185,-0.8510527,-0.026422808,-0.5479902,-0.0018416904,-0.33253807,-0.21453695,-0.5846116,-0.21315242,-0.7374396,-0.19082731,-0.5022771,-0.15466736,-0.32957557,A
0.0,0.0,0.28754488,-0.15749621,0.5198358,-0.45345932,0.5874455,-0.74592984,0.5851181,-1.0,0.37173575,-0.73516935,0.37317353,-0.967166,0.31140852,-0.75323343,0.2935959,-0.5437612,0.16256027,-0.7159994,0.15782721,-0.93449897,0.12312735,-0.64912295,0.13350345,-0.41933542,-0.035721198,-0.66006625,-0.04667947,-0.8254483,-0.043232493,-0.52629626,-0.015152274,-0.324018,-0.23035783,-0.5777144,-0.22966886,-0.72127956,-0.20163007,-0.49643245,-0.16470456,-0.33827165,A
0.0,0.0,0.21086544,-0.22012822,0.30949548,-0.52115303,0.31771517,-0.78980863,0.31191698,-0.97141933,0.29800695,-0.8289374,0.38684997,-1.0,0.43805245,-0.856695,0.46930325,-0.7073401,0.11326021,-0.83185285,0.24115711,-0.94718546,0.26440635,-0.645004,0.27795714,-0.4264107,-0.075437285,-0.7948327,0.065344445,-0.82599556,0.09219925,-0.5299139,0.10650086,-0.31381452,-0.28800002,-0.7234618,-0.14742032,-0.77118,-0.091426454,-0.54165024,-0.05718628,-0.37473872,A
0.0,0.0,0.29183552,-0.18293743,0.5186628,-0.46653387,0.5989965,-0.753642,0.5824944,-1.0,0.36438546,-0.7519675,0.36489877,-0.9805662,0.29265085,-0.75757796,0.2487413,-0.5584638,0.16866235,-0.74316376,0.13959591,-0.94320345,0.10337841,-0.64443314,0.101169504,-0.4403579,-0.007703959,-0.6878294,-0.049609195,-0.84330934,-0.042578194,-0.5588937,-0.020401461,-0.38057116,-0.17239834,-0.6007803,-0.21410991,-0.7254923,-0.18645155,-0.5153492,-0.15136386,-0.37683824,A
0.0,0.0,0.29996425,-0.16662452,0.53327334,-0.45380366,0.5972643,-0.7487908,0.5818972,-1.0,0.35641655,-0.7443146,0.36281198,-0.98985314,0.31684884,-0.7764971,0.30323222,-0.5633995,0.1502291,-0.72238946,0.15330456,-0.95863676,0.12953493,-0.6634786,0.1423038,-0.42356202,-0.042642552,-0.6634958,-0.04188665,-0.85397846,-0.032942902,-0.5545936,-0.0053840782,-0.34540734,-0.23379359,-0.5728343,-0.22616221,-0.7215496,-0.18949288,-0.49688458,-0.14829741,-0.33354604,A
0.0,0.0,0.3038682,-0.16233565,0.5416677,-0.44883776,0.60746485,-0.74495274,0.58488196,-1.0,0.37010083,-0.7454054,0.37262687,-0.9843181,0.31948134,-0.7685354,0.30650374,-0.5494112,0.15607618,-0.72596854,0.15983446,-0.9560194,0.12683043,-0.66404986,0.13964546,-0.41916984,-0.045425285,-0.66360813,-0.050293792,-0.8421718,-0.047086943,-0.53388906,-0.017824851,-0.31931797,-0.24071214,-0.5684088,-0.23899467,-0.71941733,-0.20551604,-0.4879527,-0.16585834,-0.32301122,A
0.0,0.0,0.2954849,-0.16024682,0.5356779,-0.45236364,0.6027775,-0.74879575,0.5868133,-1.0,0.36450952,-0.7510677,0.36330825,-0.987169,0.3149362,-0.77310026,0.30724865,-0.55779976,0.1549096,-0.7282794,0.15483189,-0.95465267,0.124620065,-0.664198,0.1392255,-0.42184323,-0.04343278,-0.66483706,-0.05285889,-0.84281236,-0.045172624,-0.53570235,-0.011418877,-0.32249635,-0.24024107,-0.56811464,-0.24249116,-0.71508557,-0.20318928,-0.48592693,-0.15510896,-0.32564095,A
0.0,0.0,0.29116717,-0.16381231,0.52330637,-0.4582082,0.58459234,-0.751719,0.56334424,-1.0,0.34172314,-0.7446852,0.34969532,-0.9733355,0.30540338,-0.75242466,0.2984873,-0.552383,0.13994478,-0.71954906,0.1483324,-0.93823886,0.124102876,-0.6446978,0.13829823,-0.4172893,-0.050127063,-0.6544811,-0.052362613,-0.83465266,-0.04575093,-0.52782756,-0.018240735,-0.32528144,-0.23763968,-0.5565935,-0.23594542,-0.707857,-0.20171224,-0.48526508,-0.16349491,-0.33328483,A
0.0,0.0,0.29097596,-0.166177,0.52095765,-0.45979905,0.575861,-0.7523894,0.556496,-1.0,0.33219424,-0.73995626,0.34454122,-0.96936744,0.31006026,-0.7631143,0.30252543,-0.5587653,0.13218312,-0.71775526,0.14471047,-0.94400674,0.12621549,-0.65658087,0.13896988,-0.42193773,-0.057514112,-0.6543957,-0.050995108,-0.8365997,-0.03752254,-0.5334471,-0.010722572,-0.32326385,-0.24605742,-0.5571242,-0.23242712,-0.71018505,-0.19643292,-0.49096438,-0.16482858,-0.33192337,A
0.0,0.0,0.29007465,-0.15994889,0.52883536,-0.45736226,0.57884735,-0.7520129,0.5710335,-1.0,0.33628866,-0.75656974,0.34651488,-0.9909818,0.31898817,-0.77989495,0.31278175,-0.5689203,0.13171545,-0.7290522,0.1374823,-0.94947606,0.12679419,-0.6561338,0.14518458,-0.41997352,-0.057519663,-0.6595709,-0.05506109,-0.8438323,-0.03659208,-0.5343482,-0.0068316692,-0.32245684,-0.24594794,-0.5562534,-0.23374547,-0.7137068,-0.19187847,-0.4919112,-0.15341096,-0.3361945,A
0.0,0.0,0.2876219,-0.17066509,0.5259139,-0.46921986,0.5690532,-0.7572348,0.5516859,-1.0,0.3254526,-0.75786024,0.33440256,-0.9895762,0.3068766,-0.77677333,0.3038056,-0.56832945,0.12132524,-0.7298305,0.12979686,-0.95421684,0.119035766,-0.66529405,0.13796152,-0.42672527,-0.06941653,-0.6652881,-0.06753692,-0.84335285,-0.044647075,-0.5375291,-0.010765095,-0.32315537,-0.2624225,-0.571358,-0.24469154,-0.7208127,-0.20000264,-0.49878386,-0.15926617,-0.34090015,A
0.0,0.0,0.28369287,-0.16226366,0.5227523,-0.46457326,0.5648188,-0.75801045,0.5437026,-1.0,0.32818255,-0.74856466,0.33320966,-0.9823941,0.30465445,-0.76682794,0.30359113,-0.56219286,0.12449999,-0.7205734,0.13106392,-0.9483769,0.12226282,-0.6591132,0.14224891,-0.4297669,-0.064924195,-0.65661365,-0.064859495,-0.84409773,-0.042337228,-0.53976357,-0.0096545955,-0.3344615,-0.25587475,-0.5607943,-0.23882067,-0.71741253,-0.19436814,-0.49303973,-0.15516369,-0.33863163,A
0.0,0.0,0.2791808,-0.17666931,0.5066494,-0.47555712,0.55100507,-0.76115936,0.528676,-1.0,0.3064338,-0.76585776,0.3127,-0.9997777,0.28518483,-0.784241,0.28106993,-0.577064,0.10487011,-0.73776644,0.111608006,-0.959694,0.10660207,-0.6711999,0.12568077,-0.44149223,-0.083220676,-0.6720837,-0.07885736,-0.8834721,-0.05438197,-0.57877046,-0.0253592,-0.3630322,-0.2757874,-0.5706801,-0.25820196,-0.7321204,-0.20754623,-0.51026654,-0.16702895,-0.3507193,A
0.0,0.0,0.18477857,-0.07325308,0.29618394,-0.24441639,0.22072257,-0.38945797,0.080973886,-0.4162593,0.20461711,-0.4993679,0.19974793,-0.70704365,0.18008526,-0.82749444,0.16019906,-0.9351032,0.089743115,-0.5197336,0.090686075,-0.7474526,0.07941767,-0.88632697,0.07210077,-1.0,-0.009684032,-0.4987326,-0.016742496,-0.7118144,-0.021239106,-0.84573454,-0.024175279,-0.9523812,-0.10861126,-0.44297978,-0.10621736,-0.61075884,-0.10260545,-0.7139887,-0.10064655,-0.80562055,B
0.0,0.0,0.17319529,-0.09015743,0.27814326,-0.26477987,0.18703066,-0.40233573,0.040380802,-0.4052619,0.18614237,-0.5154158,0.1903621,-0.7182444,0.17235795,-0.83636487,0.15057775,-0.9361115,0.06999534,-0.5307089,0.07493816,-0.7463763,0.06343321,-0.887886,0.048221387,-1.0,-0.029441185,-0.50827247,-0.02237706,-0.7099781,-0.021427646,-0.8469394,-0.02960102,-0.95089334,-0.12576252,-0.45742446,-0.1230272,-0.62087935,-0.119479254,-0.7310432,-0.11596031,-0.8264616,B
0.0,0.0,0.17192191,-0.105167426,0.27795398,-0.28431863,0.2061125,-0.4334021,0.07798448,-0.4660039,0.13029876,-0.52329856,0.11485684,-0.7184079,0.08877084,-0.8315105,0.06334987,-0.930972,0.025426066,-0.5319819,0.007776966,-0.74857795,-0.014010019,-0.88682854,-0.038664978,-1.0,-0.063319474,-0.5062644,-0.08742275,-0.7123327,-0.10181751,-0.8431368,-0.12046051,-0.9512236,-0.15510488,-0.4455829,-0.1782493,-0.6144976,-0.18523467,-0.7148685,-0.19201364,-0.8092927,B
0.0,0.0,0.16713838,-0.07835253,0.31417677,-0.20840243,0.29621685,-0.353022,0.18999133,-0.46691886,0.22502787,-0.49948227,0.2493013,-0.7005048,0.23695938,-0.8195672,0.21801774,-0.9313758,0.12092888,-0.5247932,0.14414637,-0.7511849,0.13691874,-0.8766055,0.12808675,-1.0,0.023286184,-0.5173204,0.048786428,-0.7213046,0.047570303,-0.84370035,0.046252824,-0.95217174,-0.077274345,-0.48190203,-0.05934433,-0.644003,-0.0503428,-0.7363011,-0.04257591,-0.8253479,B
0.0,0.0,0.17026667,-0.082169436,0.30349648,-0.24831405,0.22365335,-0.39459586,0.08785915,-0.44263366,0.24545647,-0.5040569,0.28262165,-0.6961804,0.28978732,-0.8132303,0.2957428,-0.92076445,0.13561636,-0.53808653,0.17637649,-0.7522827,0.19748113,-0.88307273,0.21579094,-1.0,0.035090715,-0.5261974,0.058794837,-0.73378915,0.07900793,-0.869453,0.0942411,-0.9891339,-0.07359809,-0.47678778,-0.064348206,-0.64628905,-0.047910903,-0.7552318,-0.03329855,-0.8576724,B
0.0,0.0,0.18278335,-0.083585225,0.3241075,-0.23898938,0.23688355,-0.38534576,0.10215098,-0.44092113,0.26087648,-0.4985477,0.3053053,-0.6985495,0.31185964,-0.8230296,0.31415847,-0.9361376,0.14373627,-0.53210837,0.1862047,-0.75063246,0.20456558,-0.88606626,0.21717852,-1.0,0.039193973,-0.51936364,0.058861177,-0.7274076,0.07101306,-0.86306185,0.07614645,-0.97645575,-0.07101387,-0.4697,-0.05997818,-0.6417059,-0.04430219,-0.7488096,-0.03391094,-0.8447813,B
0.0,0.0,0.1859005,-0.08592695,0.3186496,-0.24098702,0.23362333,-0.38240525,0.10358407,-0.4399451,0.26720294,-0.4986543,0.31721595,-0.6954373,0.32781443,-0.81981754,0.33195117,-0.9328774,0.14965747,-0.53184265,0.19603205,-0.7495738,0.2140319,-0.8853368,0.2236253,-1.0,0.04124705,-0.5159882,0.0603242,-0.72653407,0.07150764,-0.86384434,0.0747533,-0.97896266,-0.073630765,-0.46254376,-0.06221476,-0.6377526,-0.046499062,-0.7482747,-0.036149934,-0.84736204,B
0.0,0.0,0.19112025,-0.083353415,0.32905883,-0.22815268,0.2485849,-0.3681883,0.12228481,-0.43230549,0.25829098,-0.49055892,0.30848825,-0.68880934,0.31748036,-0.81541395,0.3209443,-0.9294571,0.14023037,-0.5239714,0.18445365,-0.745828,0.20109232,-0.88339794,0.2108213,-1.0,0.033426885,-0.5106148,0.054499976,-0.72028327,0.06660427,-0.85783213,0.070521794,-0.9724902,-0.07861636,-0.45928133,-0.067109205,-0.6306088,-0.05212219,-0.73980063,-0.04181003,-0.8386743,B
0.0,0.0,0.18503718,-0.084539406,0.31841984,-0.23100601,0.23785566,-0.3724017,0.11531269,-0.43982038,0.25109455,-0.48958775,0.29840943,-0.68506956,0.3066411,-0.80912876,0.30812553,-0.91988206,0.13456906,-0.52502966,0.17514914,-0.7485806,0.19098796,-0.88659865,0.19886428,-1.0,0.029749852,-0.51322085,0.048876557,-0.7255472,0.060301054,-0.8626243,0.06298859,-0.9743457,-0.08170116,-0.4631422,-0.07363851,-0.6366838,-0.061991327,-0.7461555,-0.05513632,-0.84329355,B
0.0,0.0,0.18738751,-0.08595291,0.31892318,-0.23353691,0.23624827,-0.373002,0.11165973,-0.44057885,0.24937887,-0.4826023,0.29328698,-0.67983514,0.3010205,-0.8060793,0.30456924,-0.91988796,0.13244835,-0.5173939,0.17043558,-0.7421206,0.18618606,-0.8821326,0.19614315,-1.0,0.02792541,-0.50559586,0.045606147,-0.7192403,0.056606144,-0.85597765,0.059033256,-0.9687943,-0.0809738,-0.45579907,-0.07300866,-0.6290244,-0.06003181,-0.7392451,-0.05252792,-0.8377981,B
0.0,0.0,0.18767163,-0.087292016,0.3135935,-0.22814426,0.22774194,-0.36380053,0.10737854,-0.43465832,0.2401665,-0.48531166,0.27508572,-0.6869319,0.27630332,-0.8133117,0.27349073,-0.9270159,0.124194905,-0.51491934,0.15893584,-0.7393392,0.16718523,-0.87982726,0.17135103,-1.0,0.020740135,-0.5021268,0.044605948,-0.7165055,0.054239348,-0.85371727,0.05601005,-0.9682001,-0.088636294,-0.45320335,-0.0755609,-0.6266197,-0.059680317,-0.7361724,-0.04824619,-0.83494085,B
0.0,0.0,0.18523984,-0.0821472,0.3129,-0.23543711,0.22492008,-0.37325552,0.09193012,-0.4230478,0.23228803,-0.48722813,0.25653446,-0.68273306,0.25557816,-0.80643094,0.2532708,-0.91797996,0.11863722,-0.5174994,0.14182165,-0.7358019,0.14828728,-0.877826,0.15344417,-1.0,0.01818882,-0.5026677,0.03817244,-0.7126813,0.049938448,-0.84939057,0.054544915,-0.96566767,-0.086705744,-0.4526083,-0.07275284,-0.62330145,-0.0554349,-0.72967714,-0.04239758,-0.8268847,B
0.0,0.0,0.17988966,-0.09148995,0.29814866,-0.24536452,0.20097113,-0.38682312,0.07123608,-0.44858745,0.22193459,-0.48824945,0.24182709,-0.6880573,0.23662265,-0.8111151,0.23179539,-0.922582,0.10973314,-0.51601446,0.13016963,-0.7364122,0.1346894,-0.8782448,0.13873892,-1.0,0.010952509,-0.50036484,0.026782673,-0.7110936,0.036536925,-0.8474361,0.039910913,-0.96082276,-0.09325823,-0.449209,-0.08116766,-0.6210837,-0.06354834,-0.72847426,-0.049824234,-0.8248463,B
0.0,0.0,0.18496832,-0.0845587,0.28198752,-0.24698913,0.20427753,-0.3943732,0.066957675,-0.42248228,0.12500046,-0.50229394,0.11196925,-0.70081896,0.08266362,-0.8245991,0.051102396,-0.9285569,0.019776052,-0.51174515,0.0020363955,-0.7273556,-0.019066399,-0.88081795,-0.039552744,-1.0,-0.07116633,-0.4861165,-0.099545576,-0.6958318,-0.11569495,-0.83338284,-0.13140835,-0.94190127,-0.17048648,-0.4294349,-0.19142142,-0.6014255,-0.19923231,-0.712532,-0.2006409,-0.81118,B
0.0,0.0,0.1719741,-0.10497198,0.28625444,-0.26810542,0.18615995,-0.40127578,0.051070813,-0.45522216,0.20063803,-0.50501883,0.22316392,-0.69550854,0.22144164,-0.8149514,0.21809183,-0.9261326,0.088955164,-0.52983963,0.10809715,-0.7465053,0.11342373,-0.8801767,0.11946982,-1.0,-0.0057491665,-0.5137737,0.011395905,-0.71834683,0.022116054,-0.8493183,0.028844453,-0.96139205,-0.10013285,-0.46253395,-0.08633837,-0.6289965,-0.06928374,-0.7353949,-0.05787748,-0.83245796,B
0.0,0.0,0.1781828,-0.08826924,0.30032817,-0.24957961,0.19705169,-0.39221066,0.062099375,-0.44106382,0.21686025,-0.48855948,0.23197648,-0.69154406,0.22271143,-0.8143056,0.21496937,-0.92520607,0.10339511,-0.51598036,0.11824846,-0.7365353,0.11603379,-0.8769102,0.11400071,-1.0,0.008743274,-0.50121176,0.020526305,-0.70932806,0.026188156,-0.8418961,0.025221331,-0.9521583,-0.087638795,-0.45142505,-0.082279064,-0.61809456,-0.067604885,-0.7221188,-0.057347488,-0.8156829,B
0.0,0.0,0.18043903,-0.090278685,0.29485732,-0.24287169,0.19911376,-0.37899765,0.07322418,-0.4350897,0.2076931,-0.49365908,0.22021134,-0.6921878,0.21134093,-0.8148922,0.20168938,-0.925256,0.09530411,-0.51829237,0.107283905,-0.73743385,0.10454377,-0.8800732,0.10186184,-1.0,-0.0016244599,-0.4996373,0.0073990724,-0.7080252,0.013446433,-0.84431374,0.013524685,-0.9559433,-0.10254845,-0.4458971,-0.094729275,-0.61680955,-0.080385305,-0.7244989,-0.06899828,-0.8205329,B
0.0,0.0,0.18331663,-0.08808694,0.29945675,-0.24215804,0.20613861,-0.37112558,0.075838216,-0.41514117,0.20560682,-0.4947346,0.21571869,-0.6942726,0.20710275,-0.81768733,0.19690952,-0.9289964,0.09310681,-0.51574856,0.10302787,-0.7348139,0.09828588,-0.87758744,0.0927025,-1.0,-0.0037333923,-0.4942292,0.0039123483,-0.7044894,0.009120448,-0.8409727,0.009085525,-0.9559923,-0.10394505,-0.43824053,-0.0988094,-0.6099209,-0.0841367,-0.71744376,-0.0713411,-0.81513596,B
0.0,0.0,0.17739832,-0.08913668,0.28987923,-0.24977393,0.19392811,-0.38522846,0.06448834,-0.43317538,0.19770148,-0.49321425,0.20797281,-0.6910037,0.19830461,-0.8150699,0.18665576,-0.92769974,0.08519577,-0.5154387,0.09357497,-0.7322733,0.08725298,-0.87626475,0.079614334,-1.0,-0.011538446,-0.4947305,-0.006578059,-0.70359117,-0.0030900398,-0.8413469,-0.0056368876,-0.9566553,-0.11224268,-0.43975046,-0.10754099,-0.61137676,-0.09386182,-0.7209891,-0.08244627,-0.81974673,B
0.0,0.0,0.17734212,-0.089484856,0.2961417,-0.2492996,0.20588942,-0.37878376,0.07427099,-0.41880447,0.19954623,-0.499359,0.20805463,-0.69711107,0.1982145,-0.8204493,0.18673868,-0.93110263,0.08775349,-0.51960415,0.093790434,-0.73571956,0.088028185,-0.8787618,0.08128696,-1.0,-0.008085814,-0.49657047,-0.007606996,-0.7028982,-0.0050148945,-0.83976907,-0.0069477744,-0.9537604,-0.10790732,-0.43964252,-0.10559211,-0.6092062,-0.092992276,-0.7176411,-0.08234729,-0.8146087,B
0.0,0.0,0.17602278,-0.09233147,0.29480982,-0.255692,0.1994544,-0.38489676,0.06661049,-0.42428845,0.19704206,-0.50331116,0.20300242,-0.7034391,0.1911141,-0.8284866,0.17735183,-0.94045365,0.082684234,-0.52279234,0.08741481,-0.7375016,0.08053025,-0.8793764,0.0726536,-1.0,-0.01481379,-0.4999033,-0.013806442,-0.7049775,-0.010764602,-0.8403534,-0.013098723,-0.95317334,-0.11406292,-0.44349325,-0.11047173,-0.6141292,-0.09921959,-0.7217314,-0.090616,-0.817769,B
0.0,0.0,0.17495257,-0.094061606,0.29483405,-0.25971562,0.20932256,-0.38878456,0.08032073,-0.43049303,0.18920286,-0.50231403,0.19721489,-0.7008019,0.18575597,-0.82525545,0.17278464,-0.93620455,0.07774592,-0.5248895,0.084015965,-0.7401735,0.07844544,-0.8812309,0.07232666,-1.0,-0.018196523,-0.50467485,-0.017523127,-0.71010685,-0.015706174,-0.845601,-0.017788408,-0.9589802,-0.116426386,-0.4487132,-0.115053914,-0.61702156,-0.105111755,-0.7233317,-0.09755678,-0.8178578,B
0.0,0.0,0.17564262,-0.09865451,0.29018044,-0.26491505,0.19324024,-0.39054817,0.06151074,-0.42561233,0.18274912,-0.5013743,0.19085078,-0.7001418,0.1795884,-0.8255651,0.16595148,-0.93782574,0.06967652,-0.5226049,0.07737844,-0.73907816,0.07250681,-0.8809736,0.067207985,-1.0,-0.02681553,-0.50174123,-0.025794316,-0.70848477,-0.023267824,-0.84356326,-0.023994748,-0.9558314,-0.1244045,-0.44421953,-0.12429717,-0.61242753,-0.11333838,-0.718003,-0.10435465,-0.81171215,B
0.0,0.0,0.16919078,-0.096463434,0.28213194,-0.268281,0.18393078,-0.40011474,0.050925728,-0.44327453,0.18689732,-0.504454,0.19179657,-0.70575947,0.17858164,-0.83063805,0.16475007,-0.9407998,0.07405363,-0.52620256,0.0787511,-0.7431215,0.074937746,-0.8841034,0.071153104,-1.0,-0.022010643,-0.50439495,-0.025734033,-0.7111482,-0.025510626,-0.8453364,-0.026705377,-0.9553658,-0.11937074,-0.4458716,-0.122651145,-0.6137909,-0.11306529,-0.7198578,-0.10424296,-0.81351733,B
0.0,0.0,0.2016922,-0.14945488,0.2996081,-0.3255892,0.21846047,-0.47526446,0.08638287,-0.5131798,0.15400574,-0.5176839,0.13375637,-0.698511,0.112142466,-0.82817316,0.09409684,-0.94805825,0.04408171,-0.536253,0.026013777,-0.73209286,0.015039683,-0.8758056,0.010160447,-1.0,-0.052660085,-0.52524257,-0.07489606,-0.7091167,-0.08286773,-0.8534391,-0.091734886,-0.97864115,-0.15193225,-0.47532505,-0.16784413,-0.6489698,-0.17451832,-0.76405215,-0.17745131,-0.8717502,B
0.0,0.0,0.16552599,-0.094232775,0.28483966,-0.26017967,0.19314575,-0.39930537,0.059242558,-0.44506612,0.17843586,-0.50075316,0.18494703,-0.7047664,0.17576513,-0.8233877,0.16571334,-0.9317243,0.06627465,-0.52193123,0.07043111,-0.7518792,0.06824869,-0.88660645,0.06649027,-1.0,-0.028055442,-0.49966788,-0.03240284,-0.71341556,-0.031204784,-0.8406067,-0.031365026,-0.94958043,-0.12262831,-0.4409097,-0.12501761,-0.6105371,-0.11602526,-0.716301,-0.11013433,-0.8131912,B
0.0,0.0,0.17063086,-0.104472116,0.2835325,-0.27208415,0.19566526,-0.39734256,0.07054032,-0.43975702,0.18256731,-0.5086151,0.18888505,-0.7064099,0.17724998,-0.82840693,0.16481361,-0.9379966,0.07156657,-0.5262212,0.07687031,-0.74077535,0.07185274,-0.881409,0.06709813,-1.0,-0.023972299,-0.5024636,-0.02517928,-0.7082294,-0.025140222,-0.840534,-0.027649606,-0.95032996,-0.121193364,-0.44336143,-0.12185831,-0.6106042,-0.113231875,-0.71749485,-0.10686205,-0.8132905,B
0.0,0.0,0.17036246,-0.096412025,0.28835213,-0.26544428,0.20546663,-0.39546883,0.0745029,-0.428479,0.19076999,-0.5073913,0.19955958,-0.7054637,0.18719696,-0.828792,0.17293702,-0.9378766,0.07812321,-0.52891254,0.08559312,-0.7443943,0.08277208,-0.8849924,0.077403866,-1.0,-0.020269977,-0.5062359,-0.021605887,-0.71324134,-0.020934585,-0.84824646,-0.023862578,-0.95890206,-0.119506344,-0.44769105,-0.11952946,-0.6154612,-0.10912985,-0.7221343,-0.10110834,-0.8162482,B
0.0,0.0,0.17868789,-0.09783144,0.29643896,-0.2691957,0.20135766,-0.40044773,0.07052158,-0.44081822,0.19711822,-0.506251,0.20463237,-0.7070002,0.19236,-0.83177596,0.17945457,-0.9400794,0.081664465,-0.52861184,0.088594854,-0.7459918,0.08617739,-0.8866533,0.08297062,-1.0,-0.017675461,-0.50789577,-0.015996803,-0.7170715,-0.01499119,-0.851404,-0.01636473,-0.96052086,-0.1170062,-0.45067012,-0.11549874,-0.61818093,-0.104640394,-0.7248211,-0.09542138,-0.8194476,B
0.0,0.0,0.17734903,-0.096556745,0.29316106,-0.265881,0.19631587,-0.39555922,0.06476355,-0.43377092,0.19248582,-0.50585634,0.20033808,-0.70518,0.1890958,-0.8295732,0.17681655,-0.93914616,0.07714621,-0.5286086,0.08400835,-0.74524754,0.08340716,-0.88526946,0.082187355,-1.0,-0.02148657,-0.5078167,-0.021802405,-0.7155406,-0.019436307,-0.8490573,-0.019579938,-0.9577207,-0.1195435,-0.45058766,-0.11794323,-0.6188648,-0.10615002,-0.7251235,-0.09580372,-0.8188893,B
0.0,0.0,0.17897512,-0.09832484,0.2987108,-0.2705514,0.2028718,-0.40215975,0.06754318,-0.44011238,0.19364348,-0.50630146,0.20402592,-0.7051793,0.19216412,-0.82978666,0.17968157,-0.9390197,0.07887243,-0.52977204,0.08624765,-0.74593633,0.085400954,-0.88582885,0.08317068,-1.0,-0.018567972,-0.5098175,-0.018372303,-0.71697164,-0.016003532,-0.85061234,-0.016965128,-0.9594291,-0.114086665,-0.45400545,-0.11382999,-0.6173392,-0.10198954,-0.72293305,-0.09258651,-0.81589633,B
0.0,0.0,0.18022735,-0.09061186,0.30216545,-0.26030767,0.21336734,-0.3966862,0.08180524,-0.44083706,0.20625661,-0.4994463,0.21739082,-0.6991429,0.20467106,-0.82395077,0.1913049,-0.9339188,0.09144163,-0.5258835,0.100825086,-0.74337614,0.09910374,-0.88413334,0.096465394,-1.0,-0.0072750156,-0.50794244,-0.0050102537,-0.7164854,-0.0031034406,-0.84967977,-0.004120476,-0.95876217,-0.10549397,-0.45321605,-0.10338851,-0.61995065,-0.09075936,-0.7244258,-0.080439076,-0.81624484,B
0.0,0.0,0.17766298,-0.08763936,0.2987561,-0.256248,0.21372914,-0.39085707,0.08350258,-0.4355273,0.1999795,-0.5022687,0.20832321,-0.70229244,0.19600272,-0.8268954,0.1831775,-0.9348472,0.083907485,-0.52619046,0.09082705,-0.7462997,0.088749036,-0.8869781,0.086442515,-1.0,-0.017202673,-0.50716025,-0.0152845355,-0.717775,-0.013101609,-0.8516325,-0.012898381,-0.9599423,-0.119017035,-0.45223066,-0.11692367,-0.6208744,-0.105085775,-0.7264421,-0.093314834,-0.8202222,B
0.0,0.0,0.18037471,-0.09259046,0.29677317,-0.2653275,0.20292091,-0.40296564,0.07305204,-0.44950634,0.19832341,-0.5015422,0.208426,-0.6968911,0.19744298,-0.8206354,0.18629847,-0.9289124,0.08209149,-0.5270798,0.09032445,-0.7432154,0.091261946,-0.88379896,0.09256109,-1.0,-0.018083526,-0.5078598,-0.017100986,-0.71546566,-0.0144074075,-0.8495917,-0.013219093,-0.9597245,-0.1185118,-0.45153567,-0.11816935,-0.6173157,-0.107225716,-0.7228938,-0.09643577,-0.8174476,B
0.0,0.0,0.17755899,-0.091080286,0.29932138,-0.2614955,0.20879538,-0.39753625,0.077017464,-0.44376916,0.19888541,-0.50980633,0.21136029,-0.70203274,0.20040311,-0.8213829,0.18859151,-0.9279351,0.084130175,-0.5345664,0.09572607,-0.74930525,0.09943436,-0.8862335,0.101092316,-1.0,-0.014868052,-0.5130872,-0.014633376,-0.7202014,-0.011729583,-0.85519564,-0.012536145,-0.96621907,-0.11359748,-0.45430854,-0.11370961,-0.6217157,-0.103421256,-0.7281906,-0.09550465,-0.8230141,B
0.0,0.0,0.18582183,-0.11246996,0.27831936,-0.2816882,0.19095491,-0.4179479,0.057198934,-0.4335237,0.122268416,-0.5102856,0.10559872,-0.7014621,0.0809182,-0.8226379,0.05527662,-0.92672765,0.020907886,-0.52138966,-0.00048489432,-0.7322186,-0.022307018,-0.87928605,-0.04494735,-1.0,-0.06678337,-0.49657118,-0.09384005,-0.7003675,-0.10540775,-0.8392228,-0.121689565,-0.95610136,-0.16080084,-0.43318257,-0.18177637,-0.6027165,-0.18578762,-0.7116897,-0.18795049,-0.812867,B
0.0,0.0,0.17308527,-0.09615057,0.29393578,-0.26809785,0.19863456,-0.4122063,0.06355506,-0.45817646,0.20012407,-0.49021035,0.2127464,-0.6992684,0.20664722,-0.82199043,0.1999871,-0.931402,0.08590553,-0.5152919,0.099472485,-0.7462228,0.10177,-0.88325155,0.10531506,-1.0,-0.008842243,-0.50201285,-0.0024707734,-0.71920687,-0.00089058746,-0.85302216,-4.923573e-05,-0.96452576,-0.10536472,-0.45323142,-0.09971368,-0.6236715,-0.08840812,-0.7317917,-0.079956315,-0.8309349,B
0.0,0.0,0.1812099,-0.10117549,0.29687092,-0.26061943,0.20597419,-0.3945147,0.082233295,-0.44833478,0.19214165,-0.49791536,0.2054903,-0.6955072,0.1953397,-0.81892365,0.1838006,-0.9296909,0.08019199,-0.5233937,0.09207823,-0.7409353,0.08989855,-0.8810906,0.087128565,-1.0,-0.01595135,-0.50647104,-0.007866802,-0.7129797,-0.003511924,-0.8479655,-0.0026196316,-0.9606248,-0.11250405,-0.45363712,-0.10834108,-0.61883336,-0.0933264,-0.7235961,-0.07854484,-0.8174146,B
0.0,0.0,0.17537454,-0.09120877,0.29846254,-0.25498763,0.2059423,-0.3960936,0.07568812,-0.4530475,0.2052287,-0.5004886,0.21527423,-0.69670886,0.20285212,-0.8196545,0.18906823,-0.9294331,0.09253658,-0.5268584,0.10244203,-0.7429808,0.10009485,-0.88269746,0.09603224,-1.0,-0.0043255063,-0.5088163,-0.0014473689,-0.71292436,0.0009400338,-0.84878415,-0.00074570935,-0.96174073,-0.10284475,-0.45526716,-0.10042794,-0.6214173,-0.08779254,-0.7272756,-0.077033274,-0.8225035,B
0.0,0.0,0.17611673,-0.091706395,0.29154545,-0.257459,0.20360671,-0.3965274,0.077628836,-0.4510138,0.20044509,-0.49808365,0.20979549,-0.69606763,0.19845587,-0.81822574,0.18598415,-0.9267103,0.090039745,-0.52413094,0.09957529,-0.74210024,0.09746466,-0.8824212,0.09425051,-1.0,-0.0056095542,-0.5071608,-0.0007006423,-0.7141027,0.0033419116,-0.84892064,0.003185159,-0.9619488,-0.103472196,-0.45554847,-0.09844741,-0.62498146,-0.084451795,-0.7307846,-0.07191911,-0.826567,B
0.0,0.0,0.1759414,-0.089894004,0.29581738,-0.2563238,0.20499411,-0.39841986,0.07555564,-0.45442608,0.20092964,-0.4990755,0.2110102,-0.69602424,0.19863895,-0.8183605,0.18503341,-0.9272273,0.09029953,-0.5242115,0.09991179,-0.74287826,0.09629647,-0.88316685,0.09119416,-1.0,-0.0055702617,-0.50641173,-0.00059975113,-0.7141303,0.002827316,-0.85064286,0.0016902842,-0.9641535,-0.104463235,-0.45451146,-0.10020605,-0.62233377,-0.08568438,-0.7275016,-0.07292728,-0.82255393,B
0.0,0.0,0.17979553,-0.09139875,0.29885522,-0.25765437,0.20553744,-0.4013928,0.07548512,-0.4554156,0.20970948,-0.49151695,0.22253029,-0.6915313,0.21134865,-0.8156684,0.19937508,-0.9256506,0.099109076,-0.51944524,0.11042265,-0.7395858,0.10890373,-0.8814032,0.10607024,-1.0,0.0038344248,-0.5042749,0.008566677,-0.71417165,0.012850836,-0.85094166,0.012311935,-0.9642833,-0.094084814,-0.45424932,-0.09065625,-0.62419945,-0.07798677,-0.7320737,-0.066993,-0.8289629,B
0.0,0.0,0.17784007,-0.09078869,0.29896986,-0.25328904,0.2032142,-0.39524525,0.07088708,-0.45074937,0.20961483,-0.48726377,0.22385086,-0.69017106,0.21151261,-0.8172667,0.19737464,-0.92955106,0.09704843,-0.5151588,0.11069685,-0.7379081,0.10845771,-0.8810456,0.10423821,-1.0,-0.00020823177,-0.50050086,0.007757912,-0.7116596,0.011566059,-0.8494474,0.010421098,-0.9632764,-0.10074371,-0.4510564,-0.09489672,-0.6208261,-0.080861755,-0.7289793,-0.06864785,-0.82637537,B
0.0,0.0,0.18213028,-0.09483141,0.2998826,-0.2641396,0.20400575,-0.40999207,0.071282625,-0.45994464,0.21230085,-0.49261275,0.22620451,-0.69397837,0.2145714,-0.8198243,0.20080097,-0.9303291,0.10009667,-0.5188424,0.11560763,-0.73993665,0.11685685,-0.88273114,0.11466099,-1.0,0.002544937,-0.50283384,0.010562425,-0.71515393,0.014600701,-0.85285646,0.013413997,-0.96560246,-0.09799065,-0.4529774,-0.0914325,-0.6223801,-0.077025786,-0.7298125,-0.0648307,-0.8249151,B
0.0,0.0,0.18555734,-0.096295126,0.30882168,-0.25965196,0.20721634,-0.40231195,0.07207384,-0.45492807,0.21952046,-0.48499972,0.2355775,-0.6856737,0.22447658,-0.81130624,0.21263637,-0.9216526,0.107378855,-0.5146077,0.12198738,-0.7386249,0.121611625,-0.88196695,0.11915756,-1.0,0.009573209,-0.5019541,0.019234676,-0.71687275,0.024252743,-0.85697293,0.024151314,-0.972005,-0.09254241,-0.45542973,-0.08621084,-0.62621045,-0.07117275,-0.7344729,-0.059132084,-0.8298247,B
0.0,0.0,0.18835744,-0.09891713,0.30998823,-0.2598853,0.2095339,-0.40170822,0.07698707,-0.45239624,0.21791176,-0.4851555,0.23394974,-0.6875575,0.22337425,-0.81401664,0.21196438,-0.92470527,0.10516694,-0.5144924,0.12050368,-0.73957735,0.121615686,-0.88341904,0.12029029,-1.0,0.0071790377,-0.50290436,0.01571362,-0.7177107,0.021102425,-0.8557185,0.021484356,-0.9679417,-0.093916215,-0.45735154,-0.08813547,-0.6281034,-0.073502384,-0.73353213,-0.061985202,-0.82470113,B
0.0,0.0,0.18021207,-0.0949191,0.27978006,-0.2597141,0.20042442,-0.40422148,0.06706403,-0.43787885,0.12759651,-0.49759012,0.10800287,-0.7017043,0.07563807,-0.82728326,0.043283142,-0.9307062,0.02412369,-0.5113221,-0.0027288503,-0.7314882,-0.028918277,-0.88203454,-0.0515303,-1.0,-0.06624626,-0.48952794,-0.103885666,-0.7022359,-0.124874234,-0.8376365,-0.14488128,-0.9466723,-0.16499189,-0.43156275,-0.19111119,-0.60431963,-0.20218295,-0.7116437,-0.20958267,-0.8083922,B
0.0,0.0,0.1840472,-0.09559512,0.3096057,-0.25765073,0.21394147,-0.3985696,0.08011647,-0.45475316,0.22017522,-0.49060228,0.23603238,-0.6962554,0.2314958,-0.8181337,0.22686753,-0.9305419,0.10922826,-0.5176626,0.12514465,-0.7475866,0.12666222,-0.8824964,0.12785503,-1.0,0.014962213,-0.5071283,0.02830923,-0.72063625,0.036331233,-0.8559345,0.038951103,-0.9675503,-0.08011893,-0.4656285,-0.0667969,-0.6395457,-0.052650765,-0.7509335,-0.04580747,-0.85070425,B
0.0,0.0,0.18603203,-0.09447027,0.31244254,-0.2519521,0.2199785,-0.40142092,0.09076962,-0.46343943,0.22810858,-0.4882557,0.2463427,-0.6885186,0.23661418,-0.8124841,0.22553384,-0.9226885,0.11608488,-0.5176886,0.13326472,-0.7431201,0.1325186,-0.8831697,0.12919752,-1.0,0.017792722,-0.5058471,0.034617964,-0.72031575,0.04250682,-0.8574345,0.044974998,-0.9719349,-0.085949264,-0.45949274,-0.07704024,-0.6299325,-0.060154222,-0.73618376,-0.04580943,-0.83227015,B
0.0,0.0,0.18688133,-0.09215119,0.3147236,-0.24785505,0.22874093,-0.39336187,0.10203375,-0.45570022,0.22798257,-0.4870554,0.24303755,-0.6898464,0.23433264,-0.8143542,0.22458105,-0.925032,0.11703188,-0.5159796,0.13347267,-0.73967314,0.13574013,-0.88189036,0.13575734,-1.0,0.018363038,-0.5048548,0.031060241,-0.7190284,0.03993997,-0.8578625,0.04370031,-0.97240084,-0.085599914,-0.46058807,-0.07613368,-0.6339831,-0.060916267,-0.74276245,-0.04845861,-0.8396687,B
0.0,0.0,0.18527104,-0.09604337,0.3073873,-0.25828075,0.21658793,-0.4035099,0.08877127,-0.46305716,0.2287425,-0.48750344,0.24650916,-0.6950517,0.23876746,-0.8224417,0.22820933,-0.9336582,0.117787264,-0.5152784,0.14018756,-0.741793,0.14626327,-0.8844104,0.14921376,-1.0,0.018489417,-0.5039188,0.03836731,-0.72152454,0.051822647,-0.86146045,0.06111865,-0.9753006,-0.08678487,-0.4601883,-0.07418637,-0.6329023,-0.057235673,-0.74092543,-0.04182844,-0.83641046,B
0.0,0.0,0.18464108,-0.0979955,0.3032983,-0.26367533,0.20026956,-0.41232723,0.06413892,-0.46278667,0.23180082,-0.47949842,0.25344995,-0.68712145,0.24610966,-0.81420743,0.23512368,-0.92486376,0.12198627,-0.5109312,0.14813882,-0.74064344,0.15526955,-0.88429266,0.15671304,-1.0,0.02294272,-0.5030441,0.040125657,-0.72146887,0.052801188,-0.8610299,0.059254594,-0.97461486,-0.08166442,-0.46404085,-0.07248278,-0.63581747,-0.05725882,-0.7426016,-0.045444433,-0.83538127,B
0.0,0.0,0.1861965,-0.091172464,0.3066676,-0.2508609,0.20386611,-0.39487594,0.06983783,-0.44685304,0.23192541,-0.48789874,0.24960198,-0.69502014,0.24117169,-0.82117724,0.23018703,-0.93199664,0.12014469,-0.517497,0.13954034,-0.7434971,0.14268103,-0.884708,0.14248495,-1.0,0.021286191,-0.5077956,0.034322094,-0.7212279,0.044719823,-0.85862905,0.049482536,-0.9706542,-0.08254029,-0.46581239,-0.07479789,-0.63931966,-0.061257575,-0.74630725,-0.0503107,-0.8401894,B
0.0,0.0,0.1812355,-0.08761765,0.30110243,-0.25222832,0.19984752,-0.39979044,0.06223164,-0.45474592,0.23011859,-0.47881952,0.2492376,-0.68736356,0.23986855,-0.8153706,0.22688247,-0.9265412,0.11868474,-0.5101916,0.13778268,-0.73931724,0.13916425,-0.8839771,0.1354386,-1.0,0.019875377,-0.5016338,0.031014493,-0.7186411,0.039832234,-0.85751736,0.04100228,-0.9685632,-0.0839331,-0.462037,-0.07705494,-0.63686275,-0.06360522,-0.745878,-0.052945964,-0.84059,B
0.0,0.0,0.17921382,-0.09362528,0.2971857,-0.2531812,0.20146333,-0.3934984,0.06639663,-0.44110617,0.22088492,-0.48845845,0.23670201,-0.6946081,0.22734842,-0.8238049,0.2134003,-0.93687546,0.11102053,-0.5190887,0.12549561,-0.74303144,0.12590629,-0.88609827,0.12171705,-1.0,0.0142889405,-0.50828344,0.020467423,-0.7188547,0.028894117,-0.85538507,0.030717706,-0.96426105,-0.086170375,-0.46442828,-0.08240658,-0.63913715,-0.07107745,-0.7488508,-0.062547356,-0.843039,B
0.0,0.0,0.1753943,-0.08988111,0.29993835,-0.24737339,0.20740394,-0.3918493,0.07328426,-0.4483989,0.21995485,-0.4840808,0.24040161,-0.68768704,0.2306909,-0.8152744,0.21619925,-0.9272907,0.110440426,-0.5174046,0.12915258,-0.74339706,0.12935863,-0.8854917,0.123799294,-1.0,0.014627189,-0.50812745,0.026097953,-0.71987593,0.03331404,-0.85600334,0.03266255,-0.966594,-0.085534215,-0.46438453,-0.08089033,-0.63657075,-0.071152434,-0.74466443,-0.06499058,-0.8398114,B
0.0,0.0,0.17800617,-0.09061269,0.2978945,-0.24656035,0.20863688,-0.38568693,0.076547965,-0.4315264,0.22411728,-0.48560295,0.23927294,-0.69103605,0.22923061,-0.81937194,0.21557382,-0.9315618,0.11514392,-0.5152639,0.129425,-0.7390265,0.12760621,-0.8832747,0.12254606,-1.0,0.019443888,-0.5042323,0.027207224,-0.7157651,0.03310314,-0.8519317,0.032315157,-0.9612895,-0.080694914,-0.46030846,-0.07845857,-0.63474464,-0.06935501,-0.7440779,-0.06343101,-0.8389819,B
0.0,0.0,0.2040116,-0.11795792,0.27096823,-0.28776076,0.17696898,-0.4236665,0.033640385,-0.43190798,0.11252655,-0.5054594,0.09440032,-0.70372015,0.07155081,-0.82420725,0.0450303,-0.92378485,0.009388766,-0.5116606,-0.011633357,-0.7300468,-0.030107193,-0.8813622,-0.056709234,-1.0,-0.07903952,-0.4846345,-0.11031966,-0.69707876,-0.12593141,-0.8377134,-0.14829089,-0.95326006,-0.17699312,-0.4262733,-0.20436168,-0.6025442,-0.21039602,-0.7155941,-0.21159606,-0.82139903,B
0.0,0.0,0.16773751,-0.0989878,0.28221163,-0.2582891,0.19483836,-0.4038381,0.072298124,-0.46517044,0.20790432,-0.48888627,0.21909742,-0.69687426,0.21149753,-0.81871384,0.20101912,-0.9307705,0.09894275,-0.517196,0.111321725,-0.75119066,0.11071033,-0.8879318,0.10914799,-1.0,0.0059813815,-0.5070059,0.013354576,-0.7222386,0.01730332,-0.8538729,0.020925254,-0.9641937,-0.089361876,-0.46405882,-0.08267496,-0.64193785,-0.07454963,-0.746957,-0.07161707,-0.8420355,B
0.0,0.0,0.1713026,-0.08863826,0.2986553,-0.24790162,0.2148891,-0.39176604,0.08576486,-0.45125344,0.22351354,-0.485628,0.24345781,-0.6949587,0.23056959,-0.8230951,0.21220878,-0.9357985,0.115164354,-0.51181597,0.13458526,-0.73972714,0.13138442,-0.88362426,0.1228397,-1.0,0.021008259,-0.5001247,0.03211831,-0.7139246,0.03613846,-0.8486372,0.031761777,-0.95623726,-0.0768612,-0.45676252,-0.073923536,-0.63001686,-0.067669734,-0.7387692,-0.06627382,-0.83504987,B
0.0,0.0,0.17537859,-0.088195816,0.29870632,-0.24769412,0.20646568,-0.39339334,0.07301372,-0.45011756,0.22157559,-0.48396015,0.2395087,-0.693172,0.22841153,-0.820677,0.21390735,-0.93144715,0.11039487,-0.51452863,0.1225027,-0.7426375,0.11936447,-0.88598967,0.11339457,-1.0,0.014569389,-0.5046363,0.020887189,-0.71713865,0.024968095,-0.8533742,0.022590918,-0.96203357,-0.084995374,-0.46163952,-0.08321316,-0.63480246,-0.07583069,-0.74395066,-0.07238646,-0.83927363,B
0.0,0.0,0.1776283,-0.091847636,0.29759327,-0.24521904,0.20409326,-0.38865948,0.07030447,-0.44960988,0.21490844,-0.4767111,0.22990477,-0.6891164,0.2184889,-0.81763744,0.20427994,-0.9309422,0.10552363,-0.5050122,0.119138926,-0.7363313,0.11572487,-0.88192785,0.10871656,-1.0,0.01118687,-0.49428993,0.017829088,-0.7109977,0.021720171,-0.84831125,0.018704664,-0.9582766,-0.0871027,-0.45194235,-0.08530922,-0.6286634,-0.07713009,-0.7398671,-0.073184736,-0.8364428,B
0.0,0.0,0.17333423,-0.09816887,0.29116663,-0.2569474,0.20029543,-0.40268198,0.06573578,-0.46144512,0.21076804,-0.49258927,0.22725086,-0.6958527,0.21574387,-0.8193865,0.20186652,-0.92994815,0.1015917,-0.5205652,0.11375865,-0.7439766,0.11009914,-0.8840361,0.102627836,-1.0,0.0068010143,-0.5054137,0.01241265,-0.71527845,0.016071515,-0.84993404,0.01184434,-0.960046,-0.09235096,-0.4557058,-0.08880726,-0.62626624,-0.078051545,-0.73501176,-0.07211384,-0.8308388,B
0.0,0.0,0.1736738,-0.10527752,0.29001445,-0.2639886,0.19263184,-0.4113297,0.056345,-0.47463953,0.21357161,-0.49064592,0.23105027,-0.6890138,0.21998627,-0.80854017,0.20976666,-0.9181744,0.10406543,-0.5206754,0.12282614,-0.7411188,0.12133218,-0.87979376,0.118382536,-1.0,0.008365646,-0.50784034,0.020527774,-0.718512,0.028502652,-0.8502853,0.028937113,-0.9599519,-0.09414153,-0.45936117,-0.0873469,-0.6280684,-0.073897615,-0.73490745,-0.06418785,-0.831861,B
0.0,0.0,0.18388698,-0.111302055,0.2996118,-0.27699283,0.19767192,-0.42576766,0.060971517,-0.48445317,0.22127587,-0.49849576,0.23996036,-0.69707566,0.22931655,-0.8167683,0.22009158,-0.92630255,0.107329175,-0.5269827,0.12405506,-0.7440124,0.12368015,-0.88080424,0.124241196,-1.0,0.0078520505,-0.51347846,0.018216567,-0.7230167,0.026532097,-0.85580164,0.029856043,-0.9670033,-0.097636096,-0.46474817,-0.09195203,-0.6344728,-0.0782062,-0.742117,-0.06658097,-0.83942604,B
0.0,0.0,0.1845628,-0.105966024,0.30436638,-0.27518353,0.20771879,-0.43190065,0.068291366,-0.4933012,0.22979619,-0.49744335,0.24629082,-0.695956,0.23388879,-0.8183848,0.22166736,-0.92964387,0.116073705,-0.52707046,0.13003299,-0.7428994,0.1278198,-0.88096595,0.12602222,-1.0,0.0153676,-0.5141069,0.02267687,-0.7212906,0.030593425,-0.85460883,0.032888107,-0.9659053,-0.09258573,-0.46728468,-0.08403944,-0.63619953,-0.068868145,-0.7435117,-0.05626491,-0.8402219,B
0.0,0.0,0.18843126,-0.11087738,0.30894688,-0.2790561,0.21283697,-0.42796895,0.073541716,-0.48179862,0.2313977,-0.5073652,0.2488249,-0.70307165,0.23910193,-0.82428753,0.22901705,-0.9363385,0.11681724,-0.5357673,0.13095503,-0.7490201,0.13154647,-0.88425976,0.13167153,-1.0,0.015446826,-0.5202491,0.020289129,-0.72626084,0.028362125,-0.8594344,0.031901874,-0.97147757,-0.09324173,-0.46944943,-0.08776165,-0.6413203,-0.07151199,-0.7501858,-0.056962244,-0.84780574,B
0.0,0.0,0.18499795,-0.10940134,0.30077255,-0.2760049,0.20036648,-0.42345673,0.061612,-0.47649354,0.22125843,-0.50336325,0.2367759,-0.69670403,0.22726649,-0.81559277,0.21846838,-0.9256512,0.106146894,-0.5314187,0.118061125,-0.74556893,0.11856304,-0.8823769,0.12037353,-1.0,0.00560058,-0.51524514,0.011334257,-0.720505,0.018512424,-0.8539337,0.02201146,-0.96601534,-0.10170582,-0.46281233,-0.09806669,-0.6334813,-0.08328098,-0.74164486,-0.06976746,-0.8382059,B
0.0,0.0,0.19663838,-0.08494294,0.28935188,-0.24909243,0.20188254,-0.39446145,0.061889376,-0.4159578,0.128353,-0.48800927,0.10578261,-0.69303626,0.07770221,-0.8212425,0.04830009,-0.9319614,0.022883201,-0.50127184,-0.0018532375,-0.72854733,-0.023430012,-0.8825974,-0.048412308,-1.0,-0.07007597,-0.47823521,-0.101107866,-0.6958129,-0.11824095,-0.83880806,-0.13755384,-0.950362,-0.17134196,-0.42341703,-0.1955959,-0.5985698,-0.20153166,-0.711618,-0.20402522,-0.81228197,B
0.0,0.0,0.17472641,-0.13118015,0.2969935,-0.30499086,0.19327392,-0.44972125,0.05617708,-0.4944485,0.21367097,-0.5289009,0.23437014,-0.7146576,0.22647886,-0.82563823,0.21928397,-0.93496436,0.09894218,-0.5513797,0.120029844,-0.7581082,0.118548006,-0.8823808,0.116137214,-1.0,0.00018641661,-0.53408366,0.010818285,-0.73715514,0.017226594,-0.862481,0.019055165,-0.9751413,-0.10089633,-0.48203632,-0.09493907,-0.65214765,-0.08372237,-0.7525025,-0.07511531,-0.8472778,B
0.0,0.0,0.1789434,-0.10348976,0.30058774,-0.27323014,0.20245574,-0.41998726,0.06858436,-0.47030908,0.2235272,-0.5075733,0.23495877,-0.7063194,0.2237411,-0.8279383,0.21355361,-0.93798983,0.10874909,-0.530599,0.11808809,-0.74738497,0.11384078,-0.88280886,0.111376256,-1.0,0.008572016,-0.51380587,0.015364582,-0.72024566,0.018999066,-0.85232043,0.019496256,-0.96539116,-0.0971084,-0.4636442,-0.09192235,-0.6338093,-0.078596964,-0.7410266,-0.06732989,-0.8409182,B
0.0,0.0,0.18439214,-0.10963656,0.30431756,-0.27822536,0.206642,-0.42778876,0.06614134,-0.48293886,0.21845388,-0.51309335,0.23474534,-0.7109176,0.22300544,-0.83146423,0.21008179,-0.9430504,0.10336744,-0.5382804,0.11808803,-0.7491756,0.1158058,-0.8828821,0.112570144,-1.0,0.002605104,-0.5224294,0.011459469,-0.7250677,0.018447697,-0.85590464,0.019178376,-0.96659094,-0.10388501,-0.47223547,-0.09902865,-0.63976234,-0.08515753,-0.7471282,-0.0735676,-0.8446297,B
0.0,0.0,0.19389659,-0.10806402,0.31542233,-0.2880274,0.21662268,-0.4428067,0.07307792,-0.4915088,0.23350926,-0.5216418,0.24404906,-0.71411085,0.22912,-0.8332736,0.21483721,-0.9431888,0.11563112,-0.5490272,0.12308785,-0.7571664,0.121805534,-0.88734806,0.12088139,-1.0,0.012237918,-0.5324876,0.012530403,-0.7338553,0.019035136,-0.862394,0.02027533,-0.97182065,-0.096944906,-0.47952038,-0.09699306,-0.6479082,-0.08379109,-0.7543766,-0.0722742,-0.8514684,B
0.0,0.0,0.20003457,-0.1149543,0.32457086,-0.28943065,0.2147803,-0.4473861,0.06369802,-0.502863,0.23902927,-0.51854956,0.25279754,-0.71518826,0.24097222,-0.83624715,0.23154844,-0.94828063,0.119149014,-0.54930323,0.12856239,-0.7588259,0.12795815,-0.8870886,0.12898356,-1.0,0.014027642,-0.53732604,0.016885212,-0.7402936,0.022762667,-0.8683296,0.023637662,-0.9778609,-0.09878712,-0.48846915,-0.09812859,-0.6608414,-0.08422379,-0.768615,-0.07252084,-0.8663584,B
0.0,0.0,0.2026926,-0.11661883,0.33098212,-0.29467452,0.22969353,-0.45326832,0.08049627,-0.50316155,0.24366517,-0.52432036,0.2573267,-0.7152178,0.24528573,-0.8322543,0.23500371,-0.94119686,0.122944236,-0.5554099,0.13251196,-0.76070803,0.13168322,-0.8880463,0.13218331,-1.0,0.016094904,-0.5418375,0.019575462,-0.74204063,0.027025856,-0.8695686,0.029785968,-0.9794091,-0.09928746,-0.4902163,-0.09606793,-0.66132927,-0.08158796,-0.76830196,-0.06909268,-0.86490655,B
0.0,0.0,0.19959407,-0.10895222,0.3301191,-0.28259557,0.23632881,-0.43913743,0.090860374,-0.49103463,0.2445608,-0.5266799,0.2571696,-0.71425146,0.2459507,-0.82735187,0.23756045,-0.9349017,0.12315616,-0.55786675,0.13312063,-0.7611584,0.13298747,-0.88654274,0.13531652,-1.0,0.015301054,-0.5434851,0.01918529,-0.7417139,0.026855273,-0.8677469,0.030483903,-0.97820675,-0.10020625,-0.49017435,-0.096535414,-0.66351193,-0.08163202,-0.7689962,-0.06689971,-0.866112,B
0.0,0.0,0.20166223,-0.10384191,0.33189252,-0.27903292,0.23786294,-0.43930173,0.0929592,-0.49386674,0.24898994,-0.5206336,0.26513743,-0.71314645,0.25526989,-0.8310257,0.24618582,-0.9400802,0.12926024,-0.55332726,0.1427931,-0.7612064,0.14480343,-0.888714,0.1465028,-1.0,0.023104819,-0.54041046,0.029318977,-0.7423209,0.039363932,-0.870119,0.044526204,-0.9802174,-0.091443695,-0.48858622,-0.08897705,-0.6586593,-0.07128936,-0.76323336,-0.053784188,-0.8589268,B
0.0,0.0,0.20092465,-0.10844699,0.32811978,-0.27909425,0.23336558,-0.43682918,0.09111335,-0.49371168,0.24503823,-0.51151794,0.26178795,-0.70006424,0.25313511,-0.81811106,0.24568602,-0.92760795,0.12789334,-0.5460866,0.1429777,-0.7549818,0.14656621,-0.8855932,0.15138562,-1.0,0.023379337,-0.5354523,0.03144269,-0.7391456,0.041563876,-0.8688265,0.047118213,-0.9797118,-0.089935265,-0.48619285,-0.08425858,-0.65766484,-0.067639485,-0.76289904,-0.052438293,-0.858199,B
0.0,0.0,0.19808203,-0.10826945,0.32650188,-0.27886707,0.23677352,-0.4345914,0.09739674,-0.49263442,0.24336028,-0.5127479,0.25853145,-0.70536536,0.24832271,-0.8250242,0.23852368,-0.9351323,0.12629487,-0.54370326,0.14143705,-0.7542487,0.14346214,-0.88610464,0.14572553,-1.0,0.021736177,-0.5311921,0.030437239,-0.73579544,0.039202224,-0.8664873,0.043671403,-0.9776703,-0.09241275,-0.4810368,-0.0862822,-0.6523215,-0.06915236,-0.7577838,-0.053046815,-0.8533738,B
0.0,0.0,0.20083392,-0.088563986,0.2889578,-0.25230008,0.20917292,-0.39667085,0.060683474,-0.4135427,0.13285145,-0.48469457,0.11157036,-0.6848432,0.08420841,-0.8106586,0.054433327,-0.9202727,0.028994113,-0.49758467,-0.00030993734,-0.7214145,-0.022463452,-0.87932247,-0.04917482,-1.0,-0.06411855,-0.47293338,-0.09464963,-0.6873898,-0.11394113,-0.8333723,-0.13591653,-0.94857824,-0.16568707,-0.42172948,-0.19079907,-0.59568834,-0.1984569,-0.70974344,-0.19949885,-0.8088783,B
0.0,0.0,0.34165552,-0.1352809,0.60032994,-0.27321604,0.8098394,-0.33081248,0.9971579,-0.3883252,0.39252952,-0.7335834,0.59953403,-0.92852944,0.78927165,-0.97234297,0.95815474,-0.9716742,0.31530958,-0.7555001,0.56208456,-0.97761375,0.7842356,-1.0,0.9670395,-0.9489168,0.237847,-0.74608797,0.4723674,-0.9660835,0.70454085,-0.9946668,0.89535475,-0.9704968,0.18255943,-0.6915068,0.35191238,-0.8736126,0.5162356,-0.93038434,0.6695481,-0.9392915,C
0.0,0.0,0.33482006,-0.1338813,0.57036436,-0.26006052,0.76160103,-0.33530805,0.95935136,-0.38265848,0.3899978,-0.72800225,0.61110866,-0.9206626,0.79077095,-0.95860165,0.93729395,-0.9607432,0.30596313,-0.7600945,0.5662355,-0.99132675,0.77633697,-1.0,0.93016,-0.941768,0.23269439,-0.7587541,0.48592004,-0.986547,0.70006365,-0.9881122,0.8623985,-0.93409246,0.17558876,-0.71841913,0.34382194,-0.9003373,0.51019084,-0.94340634,0.66015345,-0.94155353,C
0.0,0.0,0.23885928,-0.25244388,0.36194608,-0.45766473,0.48323876,-0.5749551,0.6389737,-0.6465104,0.24824548,-0.6505812,0.39912647,-0.8667387,0.5460306,-0.9425134,0.6834504,-0.97733015,0.18871094,-0.64352524,0.3534291,-0.92797935,0.52121,-0.99450725,0.6765786,-0.9986184,0.11760841,-0.6084588,0.25562453,-0.8914104,0.42089322,-0.97523874,0.57553893,-1.0,0.053292215,-0.5516727,0.1486362,-0.7618617,0.25897676,-0.86619496,0.36752516,-0.9325052,C
0.0,0.0,0.27680516,0.0016941213,0.52958083,-0.11303489,0.75725913,-0.16899328,0.97090924,-0.17915317,0.34835923,-0.54919416,0.56878203,-0.7277048,0.78203464,-0.80249864,0.9645454,-0.8247424,0.2945465,-0.60192156,0.5650506,-0.7858389,0.8007055,-0.84115654,1.0,-0.8491557,0.26387516,-0.6273631,0.53532505,-0.8164766,0.76940274,-0.8498221,0.9612667,-0.83183837,0.24811707,-0.61874974,0.47638527,-0.782925,0.67939585,-0.82213867,0.84928757,-0.81857085,C
0.0,0.0,0.3544191,-0.22869566,0.5700989,-0.37384447,0.7715794,-0.44398758,0.9903004,-0.46711552,0.32167238,-0.8008234,0.63702893,-0.9386594,0.84449595,-0.8975733,1.0,-0.8161292,0.26028976,-0.7913091,0.63614494,-0.98595464,0.8416878,-0.9292371,0.9865954,-0.8240598,0.23580481,-0.73851895,0.567425,-0.952609,0.7771278,-0.92493963,0.93443435,-0.85549295,0.24869162,-0.65594304,0.4906885,-0.8307911,0.67124856,-0.88354117,0.8226496,-0.8973514,C
0.0,0.0,0.34672424,-0.18626551,0.58447045,-0.3309866,0.7965453,-0.40043813,1.0,-0.43549457,0.27975196,-0.79534733,0.60620713,-0.91911596,0.8310824,-0.8936879,0.9957859,-0.81934476,0.2259022,-0.80599827,0.610987,-0.97287,0.84113425,-0.91231453,0.99623704,-0.7963964,0.21531528,-0.77051896,0.5655279,-0.9512161,0.7978896,-0.9201502,0.9600341,-0.8385491,0.2501035,-0.70214367,0.51080734,-0.8505832,0.7046106,-0.87261266,0.85834557,-0.8499302,C
0.0,0.0,0.34340748,-0.15934537,0.5860448,-0.31495383,0.7965423,-0.38165694,1.0,-0.4140049,0.24817856,-0.8041156,0.5851692,-0.9075817,0.8156242,-0.8862108,0.99760854,-0.8215466,0.19035773,-0.8126602,0.5989517,-0.95114475,0.8324296,-0.88549423,0.99640566,-0.7720972,0.18075599,-0.7735094,0.55142117,-0.9381639,0.7899302,-0.9018877,0.9579076,-0.8229242,0.22067955,-0.69561374,0.4839286,-0.84693235,0.67903286,-0.8720708,0.83360785,-0.8513186,C
0.0,0.0,0.32995132,-0.15127924,0.5770486,-0.30090904,0.7929131,-0.36658195,1.0,-0.40136856,0.26319364,-0.78556275,0.5815822,-0.9026387,0.8134003,-0.88169104,0.9908607,-0.8207948,0.19784944,-0.80052745,0.5894454,-0.94425553,0.83142143,-0.8858069,0.9972062,-0.7782402,0.17351462,-0.7701005,0.5388528,-0.93462366,0.7833731,-0.89519817,0.95349896,-0.81333524,0.19100972,-0.69923854,0.45765913,-0.85092574,0.65882134,-0.8697833,0.8168241,-0.84151757,C
0.0,0.0,0.32723954,-0.15368794,0.57438827,-0.31036708,0.793033,-0.3739535,1.0,-0.3999691,0.25195473,-0.7778394,0.56452185,-0.90134573,0.7914449,-0.8934492,0.98473465,-0.83691746,0.17926116,-0.7747405,0.55023205,-0.9524713,0.79104966,-0.9092016,0.97479737,-0.8041073,0.14410523,-0.7303486,0.48182172,-0.9317886,0.72406256,-0.9191703,0.9105927,-0.8548769,0.15448748,-0.642484,0.39252403,-0.8112996,0.5832959,-0.8668942,0.7492546,-0.8708153,C
0.0,0.0,0.3282255,-0.1318952,0.5844939,-0.2871069,0.7977753,-0.35404116,1.0,-0.387665,0.28042164,-0.75748473,0.5797561,-0.8706769,0.8036626,-0.86182785,0.98230344,-0.8079352,0.22004503,-0.7758539,0.57912725,-0.922726,0.8168413,-0.8752704,0.9900281,-0.7745909,0.1968754,-0.75640184,0.53101265,-0.9221773,0.77136004,-0.89504427,0.9484687,-0.8217088,0.21534866,-0.7048507,0.46376726,-0.84941983,0.6574785,-0.8708305,0.81382,-0.8457196,C
0.0,0.0,0.31786272,-0.14730373,0.5700384,-0.30336896,0.7890349,-0.36885208,1.0,-0.4005909,0.25496018,-0.76296175,0.56845945,-0.88002473,0.79454607,-0.8790872,0.9844339,-0.8345934,0.18920943,-0.7707878,0.5528035,-0.935943,0.7862913,-0.8970648,0.96731985,-0.80304176,0.16431862,-0.74138814,0.49730268,-0.92989045,0.73044026,-0.91859764,0.9136962,-0.85659146,0.18599644,-0.673246,0.43238372,-0.83272517,0.6201864,-0.87779874,0.77667457,-0.8738996,C
0.0,0.0,0.32953912,-0.14315382,0.5794325,-0.29785818,0.7956445,-0.3623604,1.0,-0.3915335,0.24410014,-0.7728449,0.5594252,-0.89008075,0.7897275,-0.8871168,0.97945637,-0.8385653,0.18054782,-0.7848572,0.5598049,-0.9419836,0.8028255,-0.90004724,0.9835181,-0.80199623,0.15949337,-0.7554316,0.51280284,-0.9280461,0.75606996,-0.91179234,0.9370598,-0.8447575,0.18438701,-0.68851244,0.42700437,-0.8417342,0.61081326,-0.88148,0.76298714,-0.8696564,C
0.0,0.0,0.31500924,-0.16176738,0.5701256,-0.3247614,0.79204476,-0.3880115,1.0,-0.41137365,0.21255673,-0.76296496,0.52064645,-0.91407394,0.7445692,-0.9301595,0.9523911,-0.8855801,0.13938716,-0.72599256,0.47158328,-0.95751196,0.7201405,-0.94769627,0.9301115,-0.8588805,0.10496969,-0.6430911,0.39527372,-0.90513766,0.6379205,-0.9344597,0.8367374,-0.90788347,0.11894417,-0.52556115,0.3069568,-0.70685774,0.46109653,-0.7898437,0.6016532,-0.83040404,C
0.0,0.0,0.29681802,-0.21560495,0.51385665,-0.36054286,0.70396894,-0.4274321,0.899567,-0.4739538,0.32876143,-0.6674561,0.5291935,-0.871948,0.70224726,-0.95652205,0.869183,-0.9958157,0.22820447,-0.64584637,0.45304668,-0.90781534,0.66735905,-0.9798859,0.86236876,-1.0,0.12237502,-0.5701091,0.31434503,-0.84433377,0.51958597,-0.9366808,0.7125178,-0.99573016,0.027349154,-0.45114052,0.10704749,-0.61831504,0.21137673,-0.7283776,0.32684398,-0.82598215,C
0.0,0.0,0.30110705,-0.13421538,0.56531954,-0.2830046,0.79303545,-0.3575805,1.0,-0.4044417,0.26075894,-0.7490449,0.5327488,-0.9327776,0.7676634,-0.9458484,0.9603971,-0.89937127,0.19097114,-0.7543356,0.49428448,-0.9768306,0.7454759,-0.96600765,0.9444166,-0.8885506,0.1472258,-0.7243118,0.424517,-0.96921384,0.6711713,-0.9848434,0.8718344,-0.9290991,0.1289255,-0.6533595,0.35289034,-0.85391307,0.55725765,-0.9322059,0.7347454,-0.9421057,C
0.0,0.0,0.3083109,-0.12749363,0.5710685,-0.27508134,0.797248,-0.33779272,1.0,-0.37287652,0.25134325,-0.7393517,0.54306674,-0.87141585,0.77249205,-0.8761865,0.9623637,-0.8294363,0.19143127,-0.7329883,0.516459,-0.9213858,0.7626339,-0.89119315,0.9470202,-0.79565495,0.16663015,-0.69090414,0.47047344,-0.9034291,0.71353436,-0.90119225,0.8951019,-0.841403,0.17752235,-0.61036307,0.40633458,-0.77756536,0.5928891,-0.8305624,0.74562633,-0.8321265,C
0.0,0.0,0.31624967,-0.13596095,0.5800654,-0.2822653,0.79409236,-0.33776626,1.0,-0.37877977,0.2732735,-0.7225326,0.5592173,-0.84988326,0.780803,-0.85185504,0.96228737,-0.8095596,0.21408834,-0.73127407,0.5317372,-0.90632457,0.7711238,-0.88150686,0.95678633,-0.79614544,0.1898588,-0.71017957,0.4927316,-0.9091809,0.7301407,-0.8995449,0.91494995,-0.83559376,0.20764521,-0.6568528,0.44368404,-0.8226498,0.6344868,-0.85944,0.79116213,-0.8450678,C
0.0,0.0,0.30537072,-0.12396754,0.57319003,-0.26429805,0.7929689,-0.31921822,0.99563885,-0.35305482,0.2586241,-0.73126525,0.5820206,-0.84881824,0.8095985,-0.8543405,1.0,-0.8066189,0.1974411,-0.7196386,0.5329228,-0.89690536,0.77872556,-0.8758812,0.9759606,-0.7878336,0.17284021,-0.66736984,0.48032656,-0.8754304,0.7182124,-0.88381594,0.90965134,-0.84196407,0.19023776,-0.57811856,0.41725042,-0.72823954,0.5866238,-0.77662355,0.73008823,-0.7839917,C
0.0,0.0,0.31191012,-0.12726077,0.5766845,-0.27902865,0.7951636,-0.3333718,1.0,-0.36255607,0.26188892,-0.7339603,0.56520736,-0.8495558,0.7935235,-0.85591936,0.9889943,-0.8130631,0.20552586,-0.7305519,0.5348176,-0.8978889,0.77997166,-0.8780521,0.9820509,-0.79714876,0.18581398,-0.6926292,0.49469015,-0.8906517,0.73513776,-0.8923329,0.9293713,-0.84615964,0.20840193,-0.61871934,0.44066793,-0.77328354,0.62261975,-0.8211123,0.7775423,-0.8265546,C
0.0,0.0,0.3172962,-0.111354,0.57985157,-0.24190733,0.79463327,-0.290098,0.99645424,-0.3199198,0.2730771,-0.71159995,0.58771616,-0.8109529,0.81093264,-0.81106716,0.9938852,-0.76953405,0.22520235,-0.72215384,0.57048666,-0.86040723,0.81010807,-0.8301605,1.0,-0.74025697,0.21850044,-0.69655573,0.54668564,-0.8629448,0.7861362,-0.8456224,0.96996725,-0.7814632,0.25847515,-0.6362239,0.51399577,-0.776735,0.702156,-0.8049105,0.8530722,-0.7905054,C
0.0,0.0,0.31783247,-0.11008669,0.57970756,-0.24155965,0.79453045,-0.2911156,1.0,-0.31829712,0.28775015,-0.7002504,0.5749955,-0.81898457,0.79262465,-0.81226647,0.97649574,-0.760774,0.22712387,-0.7084865,0.56379837,-0.86956966,0.8001791,-0.8345278,0.9853029,-0.7378028,0.20211443,-0.68431824,0.52732545,-0.8716088,0.7657313,-0.8530966,0.94999045,-0.7803481,0.21945786,-0.62502486,0.46860328,-0.77719843,0.6562741,-0.80869275,0.806435,-0.7909116,C
0.0,0.0,0.31868026,-0.11861513,0.5760367,-0.2626284,0.7936841,-0.31853536,1.0,-0.33917972,0.27029926,-0.6885674,0.54105014,-0.82894087,0.76372254,-0.8322273,0.95434934,-0.7837412,0.20579194,-0.6918734,0.51929456,-0.8853825,0.76389766,-0.86003584,0.95824903,-0.7684037,0.17369607,-0.6636822,0.47182,-0.8830666,0.7189743,-0.87549025,0.9145078,-0.8101971,0.18093477,-0.6035829,0.414795,-0.77673334,0.6073153,-0.82584584,0.7669928,-0.8223818,C
0.0,0.0,0.3219431,-0.10233279,0.58026814,-0.23813409,0.79582995,-0.29183096,0.9985388,-0.31614828,0.266989,-0.7084341,0.5810256,-0.8032595,0.8055382,-0.798319,0.99137735,-0.7538731,0.21388988,-0.7245003,0.5735945,-0.8592894,0.8137282,-0.8180771,1.0,-0.725367,0.2032082,-0.70169085,0.54009444,-0.8624648,0.7816596,-0.83774143,0.9655724,-0.7674589,0.23869942,-0.645736,0.4954498,-0.7878119,0.6861365,-0.8154355,0.83985305,-0.7990173,C
0.0,0.0,0.3178674,-0.13519195,0.5761902,-0.27087447,0.7933358,-0.32387736,1.0,-0.34485564,0.23646086,-0.7107067,0.5500209,-0.8444387,0.7774946,-0.85335875,0.9841164,-0.8074115,0.15402251,-0.677153,0.49788794,-0.88685685,0.7530088,-0.8706628,0.96565044,-0.7876257,0.10903959,-0.5907171,0.4098614,-0.8387378,0.6623377,-0.849256,0.8706436,-0.8123938,0.110884406,-0.46591786,0.28806227,-0.62972426,0.43480036,-0.6959546,0.57206255,-0.7241701,C
0.0,0.0,0.19160517,-0.25418112,0.33681327,-0.4306479,0.49286857,-0.5380789,0.62844193,-0.62889445,0.13566564,-0.5558499,0.19682501,-0.75841475,0.27240077,-0.89668417,0.3725156,-1.0,0.051898338,-0.5078009,0.091335624,-0.7088771,0.17780407,-0.86710757,0.29372576,-0.9774786,-0.02114904,-0.42673913,-0.005390297,-0.60278714,0.061599948,-0.74096715,0.145337,-0.8328448,-0.07771679,-0.32074586,-0.09432264,-0.42962214,-0.062246352,-0.51095587,-0.015394957,-0.57127637,C
0.0,0.0,0.33962125,-0.11518407,0.5841754,-0.25297654,0.80664283,-0.30109325,1.0,-0.31815708,0.26665574,-0.72739315,0.59654063,-0.82877004,0.8011027,-0.8020417,0.97180766,-0.7301187,0.21284288,-0.7246134,0.5895608,-0.8782747,0.8171785,-0.82436955,0.99218106,-0.7152312,0.19509052,-0.6773045,0.5465574,-0.85456294,0.7857891,-0.82661223,0.96043473,-0.75983137,0.2191677,-0.5915162,0.48207742,-0.7492491,0.6729049,-0.7981222,0.8328958,-0.80324274,C
0.0,0.0,0.33061972,-0.12325498,0.57371116,-0.25140095,0.778773,-0.3041822,0.97541445,-0.32550037,0.26325336,-0.7258035,0.5813882,-0.8143992,0.8041566,-0.79659593,0.9854472,-0.7408436,0.21295312,-0.7311305,0.5843687,-0.8544374,0.8216851,-0.8072694,1.0,-0.7043433,0.20055994,-0.69515264,0.54204816,-0.8429152,0.7822319,-0.8116108,0.95957,-0.73714393,0.23265654,-0.6235319,0.48048595,-0.7624554,0.66851974,-0.79497075,0.8229234,-0.7811559,C
0.0,0.0,0.3255025,-0.09876626,0.5571791,-0.23192988,0.76827496,-0.28369367,0.9700749,-0.3088248,0.2550444,-0.68501794,0.56461126,-0.7633295,0.78558683,-0.74563175,0.9618165,-0.69917905,0.21425357,-0.70647043,0.5760369,-0.8109902,0.8160283,-0.7633147,1.0,-0.66424435,0.2108469,-0.6890019,0.54715985,-0.8169478,0.7936028,-0.7776053,0.9751563,-0.6964952,0.25341722,-0.6402125,0.50966537,-0.7724993,0.7040874,-0.7868092,0.86199194,-0.7574066,C
0.0,0.0,0.32253084,-0.11401205,0.5628948,-0.24329747,0.7846095,-0.29769832,0.9961847,-0.3246185,0.25683966,-0.7040288,0.56175494,-0.7931512,0.78320956,-0.78696233,0.9636999,-0.7474256,0.20062366,-0.72477883,0.56614256,-0.8408221,0.810088,-0.80402464,1.0,-0.7165844,0.18395782,-0.7076481,0.52949464,-0.8539702,0.7781023,-0.82641125,0.97055155,-0.7528709,0.21013553,-0.65082055,0.48139578,-0.7922104,0.68560815,-0.8216106,0.8548554,-0.80353224,C
0.0,0.0,0.31352106,-0.09912134,0.5540392,-0.23011293,0.7777695,-0.29086795,0.9875398,-0.31816143,0.22468202,-0.7067841,0.54889095,-0.79935366,0.7744519,-0.7813007,0.9575272,-0.72889584,0.17134875,-0.7269043,0.56882787,-0.84956145,0.8151936,-0.79432374,1.0,-0.69023055,0.16696289,-0.70518297,0.5399316,-0.85349923,0.7906774,-0.8136686,0.97604406,-0.72821385,0.20905708,-0.6444219,0.48840135,-0.7943908,0.69068694,-0.8206251,0.8545119,-0.7953119,C
0.0,0.0,0.31746215,-0.096235886,0.57174814,-0.22334602,0.78406096,-0.28496814,0.9919922,-0.3177525,0.24292548,-0.7043486,0.55875814,-0.80306244,0.78670186,-0.7876363,0.9674499,-0.7325003,0.18593,-0.72469145,0.56079787,-0.8556673,0.8109356,-0.8076577,1.0,-0.7059058,0.17841505,-0.70774204,0.54354,-0.85526586,0.80060613,-0.81469136,0.9897688,-0.7303996,0.21854566,-0.6546323,0.5184997,-0.7925866,0.7264888,-0.801464,0.8871177,-0.76756805,C
0.0,0.0,0.32367808,-0.10304282,0.56909716,-0.2318864,0.78684694,-0.29625568,0.9913208,-0.33380353,0.23955396,-0.7062174,0.5527313,-0.8023862,0.77749896,-0.7989935,0.95696473,-0.7619904,0.18790181,-0.7283523,0.5623495,-0.85207313,0.80977875,-0.811855,1.0,-0.7194859,0.185025,-0.71095395,0.5417545,-0.8516534,0.79199,-0.82241017,0.978957,-0.7490226,0.23070668,-0.66159725,0.49942175,-0.80483204,0.6942833,-0.828308,0.85462296,-0.8081872,C
0.0,0.0,0.31760636,-0.10366726,0.5733268,-0.23302014,0.792191,-0.29909912,0.99518603,-0.34654367,0.260961,-0.707982,0.56530625,-0.80119085,0.788647,-0.79612213,0.9676987,-0.7594908,0.20428087,-0.7298321,0.5690288,-0.8495768,0.8122339,-0.81258607,1.0,-0.7269191,0.19239083,-0.712334,0.53898257,-0.8523684,0.78200763,-0.8290256,0.9669137,-0.7594597,0.22507235,-0.65887064,0.49063236,-0.8056346,0.6858493,-0.84095615,0.8480949,-0.82776046,C
0.0,0.0,0.31345892,-0.08898082,0.57248145,-0.22159493,0.79389966,-0.29066592,0.99677175,-0.33377352,0.28262162,-0.6986882,0.572079,-0.80239075,0.794656,-0.7971023,0.9700669,-0.75446045,0.2237635,-0.72664183,0.57385314,-0.8563628,0.816586,-0.8128127,1.0,-0.7205002,0.20537664,-0.7187101,0.5428725,-0.8617809,0.7909583,-0.83188915,0.9758307,-0.7546971,0.22458668,-0.67799205,0.4814119,-0.82444155,0.6810513,-0.8523107,0.84628767,-0.83052003,C
0.0,0.0,0.31122082,-0.0859768,0.56798106,-0.22184643,0.79032403,-0.2879737,0.99918705,-0.33839858,0.29777592,-0.68939745,0.5824936,-0.7910143,0.8047756,-0.78757757,0.9761265,-0.75124174,0.2363245,-0.7230091,0.5801611,-0.849385,0.81949925,-0.8153664,1.0,-0.7325422,0.21368037,-0.71927637,0.554344,-0.8648337,0.79509944,-0.8396974,0.97356087,-0.76526576,0.23407878,-0.67776626,0.50899523,-0.8183726,0.7073022,-0.839921,0.86775255,-0.813123,C
0.0,0.0,0.2834978,-0.020047856,0.5400847,-0.14633061,0.77696925,-0.23188162,1.0,-0.2813841,0.25469553,-0.67502546,0.5318476,-0.8116567,0.76905954,-0.8031057,0.9489167,-0.7552334,0.19285256,-0.7178694,0.54090416,-0.8563677,0.796769,-0.8176025,0.99529386,-0.73320156,0.17231706,-0.71846366,0.5246923,-0.8681915,0.7791332,-0.8452853,0.9670695,-0.76985013,0.19287889,-0.68130255,0.47594118,-0.8445779,0.6816695,-0.8767487,0.84684104,-0.85054845,C
0.0,0.0,0.2943499,-0.067850955,0.55747294,-0.19900675,0.78526163,-0.2725464,1.0,-0.3243304,0.27353483,-0.66999876,0.5480736,-0.7932924,0.77527136,-0.804189,0.96023595,-0.7792023,0.20635228,-0.7039199,0.5427788,-0.85398,0.7933063,-0.83336115,0.99102736,-0.7620092,0.17570515,-0.7010826,0.5138239,-0.86948323,0.7714246,-0.8583679,0.9706363,-0.79442334,0.1822128,-0.662623,0.45782548,-0.8250976,0.6661247,-0.8635129,0.8371838,-0.85149384,C
0.0,0.0,0.3192619,-0.09062867,0.579077,-0.22079304,0.79868776,-0.28628427,1.0,-0.33404344,0.27761444,-0.7013841,0.5557145,-0.80344075,0.77797014,-0.8067785,0.9522277,-0.78135127,0.22025357,-0.73460716,0.5677019,-0.8527529,0.8104701,-0.8248756,0.9976289,-0.75085986,0.20127262,-0.7270581,0.5407044,-0.86487466,0.7856433,-0.8459479,0.972304,-0.78250134,0.2232359,-0.67721957,0.48983032,-0.8304411,0.6879081,-0.87045723,0.85557115,-0.85881126,C
0.0,0.0,0.31891108,-0.080948226,0.57586116,-0.21506208,0.79466075,-0.28763035,1.0,-0.3352467,0.2741746,-0.69295895,0.5477165,-0.7972452,0.7645799,-0.8082653,0.93855983,-0.78765875,0.21966353,-0.72545683,0.5556115,-0.85724425,0.79635733,-0.8308601,0.9859908,-0.7550773,0.20548294,-0.71904564,0.5306816,-0.8754434,0.77530324,-0.8685154,0.962627,-0.8148769,0.23509833,-0.6743524,0.48829794,-0.84013695,0.6830789,-0.8812403,0.8496419,-0.87364876,C
0.0,0.0,0.32407916,-0.09610187,0.58024436,-0.22404072,0.79575324,-0.29940557,1.0,-0.3522865,0.30310115,-0.68753767,0.5534299,-0.80756813,0.7699232,-0.82146174,0.9406526,-0.7957829,0.24179067,-0.7204052,0.5551737,-0.869733,0.7957843,-0.85003036,0.98022676,-0.7758161,0.21363887,-0.7228905,0.52624464,-0.8929249,0.7707499,-0.8886078,0.95631987,-0.83034617,0.22175367,-0.69197094,0.47365484,-0.86058307,0.6720638,-0.8962236,0.8408641,-0.8787233,C
0.0,0.0,0.3241298,-0.099634476,0.5793216,-0.23334675,0.79422784,-0.30095935,1.0,-0.34240806,0.3090683,-0.71778715,0.54950005,-0.845776,0.76680964,-0.8509299,0.94609565,-0.81317407,0.24966498,-0.74635595,0.5595283,-0.8888779,0.80377185,-0.8640844,0.9970518,-0.7841887,0.22454351,-0.7421086,0.54038596,-0.90027815,0.7888112,-0.8856431,0.9755222,-0.8159838,0.2385565,-0.7008339,0.48330662,-0.86870635,0.67755187,-0.90097594,0.8425357,-0.87699795,C
0.0,0.0,0.30894825,-0.10023639,0.57004493,-0.22486736,0.7917637,-0.28798997,0.9964561,-0.3308378,0.29099318,-0.7123109,0.5681273,-0.8378114,0.79097766,-0.8423005,0.96865195,-0.804288,0.23184209,-0.7360424,0.56926906,-0.89242786,0.8128799,-0.8673273,1.0,-0.78978276,0.21582802,-0.71979976,0.547193,-0.89752394,0.7886766,-0.88972425,0.967989,-0.82588696,0.24262887,-0.66453755,0.49396825,-0.8361699,0.6846123,-0.8790251,0.8422156,-0.86512554,C
0.0,0.0,0.31080517,-0.099893376,0.5729324,-0.2096428,0.7929487,-0.26875833,0.9965737,-0.3140594,0.3482306,-0.6736513,0.59679145,-0.80869174,0.80957294,-0.815796,0.97571135,-0.77816665,0.2901902,-0.7035019,0.5923881,-0.8685345,0.8262029,-0.85203004,1.0,-0.7793383,0.2570609,-0.7052036,0.56214774,-0.8795497,0.79519296,-0.8729886,0.96416855,-0.8097114,0.2513322,-0.67278284,0.49655828,-0.8327255,0.68105423,-0.8686096,0.8309661,-0.85323673,C
0.0,0.0,0.31072596,-0.08946096,0.5664522,-0.20420592,0.78379613,-0.2711143,0.9852729,-0.32694754,0.34476346,-0.66551435,0.58804065,-0.80572003,0.79911673,-0.81926155,0.9670148,-0.79100686,0.28502503,-0.7006933,0.5841589,-0.8633506,0.8177659,-0.85578173,1.0,-0.7947082,0.2511429,-0.7058857,0.5534176,-0.88026935,0.78691024,-0.8839166,0.96383655,-0.8291004,0.24529304,-0.6779904,0.49058717,-0.83639807,0.6802688,-0.8774282,0.8399834,-0.8697783,C
0.0,0.0,0.32347396,-0.079249665,0.5784204,-0.19076021,0.79332495,-0.259835,1.0,-0.31235832,0.34155962,-0.63930184,0.5700822,-0.79454404,0.7808205,-0.8132618,0.9503127,-0.7834269,0.28569236,-0.6745407,0.5683,-0.8522317,0.8082861,-0.85052496,0.995727,-0.7846516,0.25880602,-0.68288606,0.55092305,-0.87401515,0.79597914,-0.87760043,0.9776971,-0.8131049,0.26829162,-0.66620564,0.5110978,-0.8386514,0.7102077,-0.8688604,0.8767659,-0.84046835,C
0.0,0.0,0.32181516,-0.09275564,0.5601337,-0.2112868,0.7525925,-0.30806953,0.9348936,-0.37496376,0.40071324,-0.6104518,0.60140014,-0.8186052,0.77036244,-0.8972455,0.9192431,-0.947185,0.34533694,-0.6507589,0.5468505,-0.8811992,0.7412129,-0.94674844,0.9136529,-0.9664995,0.2917896,-0.65161735,0.46978617,-0.8966715,0.66565216,-0.96657544,0.8416396,-0.98728234,0.24962144,-0.62853044,0.38810933,-0.84972,0.530871,-0.9462646,0.6686482,-1.0,C
0.0,0.0,0.3056325,-0.07273612,0.5706426,-0.18294035,0.7877841,-0.24471469,1.0,-0.31116635,0.34261146,-0.6420482,0.57238525,-0.8143207,0.7900148,-0.84507114,0.9662294,-0.83404416,0.2751479,-0.66945374,0.552166,-0.8551475,0.78763825,-0.870132,0.9732197,-0.82442033,0.2326989,-0.6661223,0.50973344,-0.87724745,0.73762345,-0.907722,0.91485167,-0.87319136,0.22364801,-0.6333008,0.45836398,-0.83454984,0.64928085,-0.8971864,0.8030363,-0.8915103,C
0.0,0.0,0.32915583,-0.0741903,0.5873712,-0.17610635,0.79638565,-0.24076146,1.0,-0.29365778,0.3667622,-0.61665505,0.5805788,-0.7708744,0.78064567,-0.7996262,0.94949704,-0.7866361,0.3067485,-0.65937465,0.576617,-0.8290623,0.80697614,-0.8395813,0.9955599,-0.78910214,0.2676785,-0.67460096,0.5455358,-0.8627748,0.7745523,-0.877308,0.95522594,-0.8287212,0.25641853,-0.6620129,0.48760596,-0.83603317,0.6798533,-0.88289917,0.84646255,-0.8733603,C
0.0,0.0,0.323789,-0.07973069,0.5774799,-0.18276481,0.7895423,-0.25334612,0.9934304,-0.3188045,0.3738595,-0.64293796,0.6129427,-0.79173565,0.8200893,-0.81621486,0.99055743,-0.80289835,0.31210107,-0.68508196,0.5926739,-0.85603493,0.81859916,-0.86609644,1.0,-0.82252556,0.2654702,-0.69649917,0.54372877,-0.8966556,0.76560664,-0.91707426,0.9402064,-0.87561494,0.24153396,-0.6718065,0.4654674,-0.86370224,0.65367544,-0.9308848,0.81459475,-0.9373807,C
0.0,0.0,0.32539237,-0.07370086,0.5847318,-0.17308831,0.7943754,-0.24300401,0.9987619,-0.30833414,0.41190943,-0.61994994,0.6270901,-0.779613,0.8241532,-0.8114448,0.98965454,-0.8019334,0.3499078,-0.6664911,0.6005978,-0.8422744,0.8181723,-0.8574192,1.0,-0.81769514,0.29508108,-0.68610585,0.544752,-0.8854067,0.7567674,-0.9109541,0.9317471,-0.87274045,0.25062943,-0.6717574,0.4554364,-0.86773384,0.6340166,-0.9418447,0.7908814,-0.95309,C
0.0,0.0,0.3184182,-0.03969467,0.58173794,-0.13730504,0.7896367,-0.21180873,0.991022,-0.28281662,0.4484193,-0.6040495,0.6588141,-0.7695054,0.84261525,-0.8071442,1.0,-0.80066,0.37417218,-0.6594477,0.6005868,-0.84946877,0.79926705,-0.8689202,0.9706852,-0.82568157,0.29783735,-0.6830299,0.5191769,-0.89242744,0.712843,-0.9314259,0.8861967,-0.9081137,0.22405136,-0.6644427,0.41231513,-0.841693,0.57369006,-0.9215186,0.7221802,-0.9496298,C
0.0,0.0,0.32296163,-0.034715537,0.5841132,-0.121124506,0.7905371,-0.19725506,0.9966284,-0.26363245,0.41752946,-0.5725635,0.64321333,-0.72562975,0.8380164,-0.7720304,1.0,-0.78243417,0.35176992,-0.6361738,0.5999848,-0.8120374,0.80919546,-0.8341029,0.9816855,-0.8013741,0.29786262,-0.65881544,0.53604704,-0.8495794,0.7370385,-0.8788208,0.90473336,-0.85322356,0.2591366,-0.64227605,0.43900964,-0.806751,0.5943326,-0.8669045,0.7319414,-0.88287014,C
0.0,0.0,0.30057517,-0.020066487,0.5633721,-0.11778927,0.7727792,-0.20215493,0.98565537,-0.26295084,0.42526197,-0.5889265,0.6362021,-0.74931526,0.83406013,-0.7810264,0.9986129,-0.76980436,0.36443287,-0.64998955,0.60390836,-0.8269614,0.8199684,-0.83746195,1.0,-0.7928702,0.3068995,-0.6777061,0.53861105,-0.8686383,0.7494825,-0.8857744,0.92670685,-0.8471664,0.2529484,-0.6684033,0.4239881,-0.8598005,0.5834212,-0.9215368,0.7253571,-0.92605644,C
0.0,0.0,0.32797113,-0.05683706,0.5769654,-0.15684323,0.7757032,-0.23128632,0.98809415,-0.2846611,0.40723148,-0.64314526,0.6288808,-0.7996848,0.82563907,-0.848613,1.0,-0.8446639,0.30562374,-0.65868956,0.5320157,-0.86436903,0.7478535,-0.9045573,0.93488556,-0.88202655,0.19245669,-0.59356165,0.37724212,-0.81413215,0.5640045,-0.87548625,0.7442876,-0.8962441,0.08249493,-0.4682402,0.16192709,-0.5772021,0.2646711,-0.64024884,0.37447593,-0.68427885,C
0.0,0.0,0.29825303,-0.015202911,0.56034726,-0.11676753,0.7664755,-0.20131384,0.966548,-0.2570932,0.4221495,-0.58628076,0.641191,-0.7417869,0.8334823,-0.7767354,0.9946015,-0.7727672,0.35061985,-0.64932805,0.60203195,-0.81484807,0.81847066,-0.82695895,1.0,-0.78427356,0.28313285,-0.67511237,0.5217276,-0.8511464,0.7325675,-0.8693656,0.9091367,-0.8354634,0.21649121,-0.6598582,0.38982946,-0.843337,0.5539308,-0.9267618,0.7083351,-0.955234,C
0.0,0.0,0.30101365,-0.008300507,0.5629483,-0.0980428,0.77880937,-0.18953747,0.9882624,-0.25550884,0.4298206,-0.553441,0.6350456,-0.72394675,0.819115,-0.767344,0.97229606,-0.7727646,0.36865976,-0.6227204,0.6114795,-0.78350693,0.8195189,-0.8030325,1.0,-0.77691525,0.2999408,-0.6667289,0.5343015,-0.8376105,0.74175763,-0.86865044,0.9209852,-0.8503576,0.2248138,-0.6889398,0.3978454,-0.8671394,0.5696429,-0.92974144,0.73603594,-0.94069266,C
0.0,0.0,0.22854298,0.12791006,0.49546108,0.09672493,0.7536888,0.009821657,0.9795368,-0.06354774,0.33875203,-0.424724,0.6068382,-0.6434495,0.8061901,-0.6698593,0.9599396,-0.6674677,0.3019266,-0.5303042,0.596168,-0.74892956,0.8240756,-0.76831293,1.0,-0.72894317,0.27670658,-0.57570446,0.5361367,-0.7625469,0.74452704,-0.7910801,0.92811483,-0.7840614,0.24548765,-0.5788963,0.4492704,-0.7284979,0.6359943,-0.7890791,0.8106975,-0.810826,C
0.0,0.0,0.29742682,-0.07206556,0.5683171,-0.19698973,0.7954977,-0.29370496,1.0,-0.34318432,0.25447252,-0.35075918,0.28886178,-0.6073035,0.3529715,-0.7758264,0.43144086,-0.89926994,0.10236398,-0.38145766,0.14553252,-0.6380533,0.25146812,-0.81383204,0.35659844,-0.9255126,-0.0008576621,-0.38353756,0.08885874,-0.6118823,0.19907904,-0.7618346,0.30644628,-0.86147046,-0.05871288,-0.36314648,0.027478535,-0.5429615,0.13006972,-0.66698086,0.23079145,-0.75541735,C
0.0,0.0,0.29918456,-0.04846505,0.5652813,-0.16150624,0.7847743,-0.24682866,1.0,-0.29385218,0.40945715,-0.4816406,0.6006237,-0.65313447,0.787334,-0.7488004,0.9451179,-0.8120234,0.34414816,-0.5625589,0.5834362,-0.7238513,0.7806571,-0.80430853,0.95384336,-0.84578615,0.28657088,-0.6214017,0.5158585,-0.778416,0.6987218,-0.8545953,0.86119336,-0.88853467,0.22509612,-0.64953506,0.38650832,-0.81940746,0.5221318,-0.9113857,0.65080523,-0.95842135,C
0.0,0.0,0.30580178,0.006172655,0.54917485,-0.0886269,0.76591974,-0.1593193,0.97235566,-0.20357855,0.44095534,-0.54012233,0.64337796,-0.68340915,0.827351,-0.7174227,0.98041075,-0.71982294,0.3949298,-0.598074,0.6222217,-0.7495369,0.82233566,-0.76863146,1.0,-0.7464732,0.33649614,-0.6342041,0.55934066,-0.8141713,0.76578355,-0.8383081,0.94344,-0.81101686,0.26099947,-0.6508588,0.4420786,-0.8478522,0.6272173,-0.9071729,0.7995659,-0.8975101,C
0.0,0.0,0.2923926,0.01026597,0.53708667,-0.07446974,0.74987584,-0.14794533,0.9562456,-0.19822577,0.45181906,-0.52816343,0.6541397,-0.6664596,0.83218485,-0.69494116,0.97961795,-0.6893522,0.40529713,-0.5867363,0.62597436,-0.7410271,0.8250983,-0.7630481,1.0,-0.7386126,0.3410361,-0.62439203,0.5498988,-0.807473,0.74282235,-0.84813565,0.9120865,-0.83673394,0.26120996,-0.6376387,0.42868665,-0.8164397,0.59884775,-0.876862,0.7593761,-0.88326734,C
0.0,0.0,0.27965364,0.015429465,0.52389014,-0.06559835,0.7383742,-0.13477921,0.9511757,-0.18885852,0.44409043,-0.53418225,0.6562072,-0.66496664,0.83168447,-0.6845277,0.9801018,-0.6767842,0.39593974,-0.6073624,0.6262789,-0.7843927,0.823131,-0.833078,1.0,-0.83865744,0.32781714,-0.6470251,0.5590332,-0.8451089,0.7638448,-0.90642774,0.9445515,-0.9211892,0.24590504,-0.652323,0.43443817,-0.82094663,0.6095609,-0.872143,0.77328837,-0.8773227,C
0.0,0.0,0.2834988,0.0043223873,0.5372521,-0.08577521,0.7640846,-0.15237965,0.9784198,-0.1981446,0.4435518,-0.5614458,0.6608088,-0.6984459,0.84747845,-0.71274,0.9935983,-0.686575,0.3984645,-0.6260179,0.6353474,-0.800795,0.8366999,-0.8139857,1.0,-0.7683674,0.3332964,-0.6583356,0.5522479,-0.89349747,0.76215374,-0.974751,0.9472146,-0.99027133,0.25154713,-0.659226,0.43952942,-0.83633834,0.61515594,-0.8946184,0.7769227,-0.89887345,C
0.0,0.0,0.27797353,0.0047947112,0.5250055,-0.08543389,0.7431837,-0.14955403,0.96153504,-0.19797096,0.41913036,-0.57909757,0.64138675,-0.70788544,0.8385862,-0.71229166,0.9933807,-0.67241067,0.37100708,-0.64458144,0.6034875,-0.84054893,0.815113,-0.8464597,0.98364264,-0.7770408,0.3086066,-0.67099255,0.52365285,-0.9290053,0.7550424,-1.0,0.9562509,-0.99249583,0.2413338,-0.6587147,0.43805084,-0.8426432,0.63468635,-0.8924986,0.813327,-0.8790284,C
0.0,0.0,0.28529236,-0.007265973,0.52839315,-0.10273108,0.74079734,-0.16310969,0.9462046,-0.20395358,0.40703908,-0.57259667,0.63343567,-0.6870686,0.8288611,-0.69017464,0.9859618,-0.66216415,0.36445358,-0.6372137,0.6061879,-0.831573,0.818953,-0.8719484,0.99684775,-0.8518915,0.31026375,-0.66106975,0.5365425,-0.908714,0.7612442,-0.9895342,0.9574495,-1.0,0.25273782,-0.65043813,0.4628419,-0.8249785,0.6550971,-0.8817781,0.83044595,-0.8844905,C
0.0,0.0,0.28318217,-0.012675898,0.52915794,-0.0974023,0.7502551,-0.15058322,0.9585051,-0.19160326,0.4051232,-0.5685993,0.639566,-0.678622,0.83790404,-0.683458,0.99818337,-0.6606443,0.36239427,-0.63677406,0.6039412,-0.84216416,0.81771916,-0.8926809,1.0,-0.88327235,0.31395656,-0.66087997,0.5378875,-0.9239817,0.76496375,-0.98825616,0.9623077,-0.97928655,0.27276087,-0.64766335,0.49204886,-0.8341733,0.6931375,-0.87721413,0.8728376,-0.8632888,C
0.0,0.0,0.28514016,-0.020669516,0.53638065,-0.11324646,0.76219827,-0.16690779,0.9707826,-0.19944401,0.38310802,-0.60032547,0.6405369,-0.7137736,0.8425996,-0.7034635,0.9955027,-0.6652432,0.3379038,-0.66359144,0.603324,-0.8614952,0.8223454,-0.88925594,1.0,-0.85798156,0.295177,-0.68117183,0.53729755,-0.92998385,0.7615162,-0.9890625,0.95151424,-0.97806174,0.26392457,-0.66194296,0.48560044,-0.846617,0.6841415,-0.9054926,0.8619702,-0.9086484,C
0.0,0.0,0.27155668,0.03152783,0.52736306,-0.059452876,0.7354577,-0.122330606,0.9415291,-0.15252943,0.38361964,-0.538837,0.61955035,-0.6507849,0.81846887,-0.65448457,0.97442365,-0.62016755,0.33963296,-0.6016215,0.60075516,-0.75533307,0.81886214,-0.7570899,1.0,-0.70367384,0.2884554,-0.63152516,0.53888094,-0.8365774,0.76864666,-0.8698616,0.9621222,-0.84316796,0.23333956,-0.6270005,0.44436303,-0.8191192,0.64677083,-0.8770012,0.8303375,-0.866026,C
0.0,0.0,0.27769673,0.010464589,0.5161186,-0.08409635,0.7387747,-0.1427204,0.94825315,-0.17363803,0.39975163,-0.5439876,0.62953,-0.6597767,0.8196817,-0.65688795,0.9675013,-0.62410283,0.3591245,-0.6028512,0.61740243,-0.76211756,0.832576,-0.74473655,1.0,-0.67174375,0.30485108,-0.6316852,0.5516786,-0.83441997,0.77895993,-0.8583336,0.9642789,-0.82346547,0.24444446,-0.6322089,0.4497129,-0.8158759,0.64599377,-0.8656619,0.8234412,-0.85007745,C
0.0,0.0,0.27696764,0.006348731,0.53131217,-0.09596069,0.7549991,-0.15594998,0.96642554,-0.18718456,0.4226154,-0.5551029,0.645589,-0.68120617,0.83482456,-0.6810425,0.9795569,-0.64671785,0.37838265,-0.6160024,0.6310262,-0.78196394,0.8425238,-0.7683714,1.0,-0.6955782,0.32190844,-0.6481943,0.56609553,-0.8465293,0.7844243,-0.86130154,0.9540911,-0.8134724,0.2577576,-0.65332454,0.46300602,-0.82745934,0.6570184,-0.87366164,0.82731557,-0.8530063,C
0.0,0.0,0.28260744,-0.0015574886,0.5314119,-0.112473056,0.74977016,-0.17701879,0.9533965,-0.20226784,0.417557,-0.5545792,0.6358496,-0.6810626,0.8253478,-0.6881024,0.9726256,-0.66168165,0.3738824,-0.6056453,0.62234044,-0.7672379,0.83468616,-0.7675216,1.0,-0.71556276,0.32039934,-0.63176095,0.56492555,-0.8093072,0.78346324,-0.8258852,0.9585882,-0.7881806,0.2623878,-0.6346699,0.46203882,-0.79769194,0.64898604,-0.8515528,0.8181343,-0.846314,C
0.0,0.0,0.2713503,-0.01196577,0.52677834,-0.12331733,0.74537116,-0.18126416,0.9527028,-0.21122333,0.41909555,-0.5480085,0.6338742,-0.68744177,0.8236106,-0.70031255,0.972598,-0.68006307,0.37681833,-0.60228586,0.62754637,-0.76223505,0.83795935,-0.7678646,1.0,-0.7229396,0.321046,-0.6301805,0.5554255,-0.82971275,0.77000713,-0.8873642,0.9482078,-0.88977975,0.25615668,-0.6299699,0.44562444,-0.8037579,0.6322626,-0.86621016,0.800793,-0.86944586,C
0.0,0.0,0.2842038,-0.016181964,0.54184383,-0.12582964,0.7564524,-0.19360536,0.9631585,-0.22579041,0.43925852,-0.5413859,0.64753336,-0.68539363,0.8306226,-0.6998867,0.9777085,-0.6830938,0.3893869,-0.5967418,0.6352862,-0.756128,0.8391144,-0.7610157,1.0,-0.71426713,0.32776535,-0.63022065,0.57216996,-0.8019769,0.77647465,-0.8204505,0.941742,-0.7850616,0.25631565,-0.6431464,0.45299008,-0.80242985,0.6350894,-0.8579226,0.8015381,-0.855732,C
0.0,0.0,0.25044885,-0.0067064506,0.48892862,-0.095868945,0.684011,-0.1637064,0.8750253,-0.19627506,0.41137552,-0.48735565,0.607821,-0.6296648,0.77915925,-0.64735407,0.9238199,-0.63529086,0.3651073,-0.55001295,0.6104114,-0.71567017,0.8170937,-0.7693373,1.0,-0.78224653,0.30522543,-0.5829347,0.54813683,-0.74729127,0.75483835,-0.78546935,0.93149066,-0.7773156,0.23380366,-0.5919935,0.41999683,-0.73172253,0.5865006,-0.7756482,0.7382091,-0.7751889,C
0.0,0.0,0.30863044,-0.031997953,0.57144976,-0.13539752,0.7860544,-0.20763715,0.9958438,-0.2500999,0.49018326,-0.54567766,0.6888518,-0.7033295,0.8587247,-0.72389126,0.9996507,-0.72017455,0.429655,-0.60503995,0.663328,-0.776401,0.8492762,-0.7875817,1.0,-0.7523528,0.35354552,-0.6430484,0.5941453,-0.7966342,0.7915277,-0.80190593,0.9496085,-0.75844204,0.26278052,-0.6609217,0.4511019,-0.8247481,0.6239825,-0.8778033,0.78319085,-0.875869,C
0.0,0.0,0.29966247,-0.039936017,0.5564196,-0.13405159,0.7680494,-0.20442653,0.9726474,-0.24803253,0.46743038,-0.5398394,0.6743524,-0.67561275,0.84148365,-0.69709873,0.98114556,-0.69458574,0.4020747,-0.60826236,0.6536138,-0.7514303,0.83996093,-0.7644554,1.0,-0.7357578,0.33077964,-0.64663076,0.5811738,-0.7917889,0.7736591,-0.81571335,0.93709546,-0.7868601,0.24851961,-0.6608127,0.44037855,-0.80379754,0.60608256,-0.8570489,0.76014143,-0.8592899,C
0.0,0.0,0.30817366,-0.053690445,0.5653374,-0.15667047,0.7854004,-0.23077069,0.9997095,-0.27636844,0.45668977,-0.5629229,0.66988885,-0.7027027,0.8492102,-0.72962785,0.9938017,-0.7345708,0.3979239,-0.6234661,0.6454695,-0.7728128,0.84058404,-0.7852264,1.0,-0.75083196,0.33006456,-0.6622335,0.57081926,-0.82009435,0.76999927,-0.8426318,0.93374586,-0.8094236,0.24906223,-0.679221,0.43227044,-0.84066933,0.6017972,-0.898045,0.7577958,-0.9045064,C
0.0,0.0,0.2047294,-0.14090548,0.31718826,-0.25794137,0.41522503,-0.3526711,0.4611823,-0.4984165,0.005859046,-0.5304371,0.07588013,-0.7411758,0.11221888,-0.88724846,0.11412565,-1.0,-0.027631007,-0.55449015,0.17476933,-0.71686816,0.33828446,-0.6609957,0.40919465,-0.5591166,-0.025231645,-0.55849946,0.16611524,-0.73787653,0.32580546,-0.6419211,0.39065412,-0.51531863,0.01800108,-0.5550162,0.14939749,-0.7418818,0.28732282,-0.7123352,0.3655603,-0.6340172,D
0.0,0.0,0.1503884,-0.16264798,0.23410136,-0.2834122,0.2914897,-0.37409693,0.2845553,-0.49850696,0.0055268933,-0.52027386,-0.0326824,-0.7365122,-0.058160428,-0.8775248,-0.088394776,-1.0,-0.039071735,-0.5205173,0.057522476,-0.67682236,0.1587601,-0.6422159,0.19297571,-0.5829637,-0.067344,-0.50413185,0.041743312,-0.6737622,0.16380091,-0.6019076,0.2149463,-0.50290346,-0.06675905,-0.47483778,-0.03140385,-0.64396614,0.082951166,-0.632213,0.16751309,-0.55734557,D
0.0,0.0,0.20799737,-0.10275256,0.3320983,-0.22567168,0.44528216,-0.2915989,0.5305224,-0.35450175,0.04786233,-0.52334535,0.1307406,-0.7299374,0.17593065,-0.877405,0.20631523,-1.0,0.0084822355,-0.5107333,0.2702194,-0.647902,0.4144237,-0.55618554,0.47243932,-0.45947447,0.023172025,-0.45122615,0.26335815,-0.58789575,0.40277296,-0.5083682,0.46486753,-0.41857335,0.07982316,-0.36862284,0.2280462,-0.50189316,0.34010953,-0.5023674,0.41306558,-0.47549734,D
0.0,0.0,0.18817778,-0.14139406,0.30827516,-0.25898555,0.41282383,-0.3163166,0.4867242,-0.38736838,0.030282438,-0.54547167,0.11799083,-0.7417877,0.1610355,-0.8813001,0.18789354,-1.0,-0.011988006,-0.52432686,0.25142723,-0.6507338,0.39177364,-0.5644973,0.44410613,-0.47165653,-0.0019110808,-0.46021825,0.23830962,-0.59509003,0.3771427,-0.5167696,0.43130392,-0.429139,0.04903529,-0.37762716,0.20110177,-0.511296,0.31847864,-0.5080539,0.39060646,-0.47333142,D
0.0,0.0,0.18648067,-0.15241131,0.30804414,-0.27345404,0.414657,-0.33365032,0.48957992,-0.3983941,0.035235103,-0.5519443,0.1295176,-0.7489953,0.17310227,-0.8852067,0.2001866,-1.0,-0.005475395,-0.5321734,0.25745192,-0.6507711,0.39776114,-0.568648,0.45186904,-0.47713754,0.005187686,-0.46805337,0.24596956,-0.5979358,0.38296255,-0.5207407,0.43885475,-0.43258765,0.056225773,-0.38299906,0.2058884,-0.5128721,0.31969547,-0.5109792,0.39296442,-0.47719,D
0.0,0.0,0.1847249,-0.15380795,0.30110732,-0.2739287,0.40822875,-0.3385649,0.4835781,-0.40209374,0.03105602,-0.5520847,0.1290026,-0.7488007,0.17442732,-0.88495076,0.20360078,-1.0,-0.003972653,-0.53597593,0.2587965,-0.64884984,0.39853758,-0.57197297,0.45611337,-0.4839093,0.011660059,-0.4789865,0.25132626,-0.6037604,0.38468385,-0.5287102,0.44210154,-0.44163722,0.06639989,-0.402071,0.22315057,-0.52660227,0.33668292,-0.510561,0.4095065,-0.46324566,D
0.0,0.0,0.18497716,-0.15395613,0.29928452,-0.28001517,0.4018198,-0.34970215,0.47915453,-0.41415423,0.030551849,-0.55568624,0.12425331,-0.75134534,0.16866061,-0.8866332,0.19954361,-1.0,-0.0055097025,-0.5339772,0.25811622,-0.65469044,0.39345065,-0.5793759,0.44821808,-0.4936368,0.010969272,-0.47056565,0.24569485,-0.6052367,0.377644,-0.5343209,0.43478414,-0.4505975,0.066509776,-0.38936207,0.21456012,-0.5229649,0.3293234,-0.51731396,0.40667647,-0.4796945,D
0.0,0.0,0.18208142,-0.15405944,0.29891416,-0.2823151,0.40597644,-0.35193744,0.47473854,-0.41261163,0.018390527,-0.5566356,0.1089195,-0.7516739,0.14894177,-0.88795245,0.17748554,-1.0,-0.01643081,-0.534579,0.24687652,-0.6587958,0.3810151,-0.58979636,0.43736988,-0.50488794,-0.00035660627,-0.46862698,0.23177376,-0.60099596,0.36494362,-0.537731,0.42584836,-0.45943347,0.055053532,-0.3837046,0.20162085,-0.5123663,0.31092352,-0.51278025,0.38593262,-0.48216635,D
0.0,0.0,0.18041107,-0.15661536,0.29583257,-0.28754795,0.4018877,-0.3587941,0.46562055,-0.42366937,0.009556852,-0.5531276,0.09508128,-0.7519178,0.13510206,-0.8887848,0.16343935,-1.0,-0.024477663,-0.52990204,0.2384804,-0.664947,0.37344664,-0.5956894,0.42676568,-0.51129884,-0.004942072,-0.46751726,0.22322507,-0.61022115,0.35893226,-0.54854923,0.41904685,-0.4710128,0.05521609,-0.387574,0.20392972,-0.52091014,0.31144038,-0.5168974,0.3810874,-0.4839145,D
0.0,0.0,0.17649601,-0.15643878,0.29177234,-0.2869485,0.39937696,-0.36221957,0.4617907,-0.42788252,-0.0042709163,-0.54685277,0.07460019,-0.74868655,0.109399594,-0.8874951,0.13555303,-1.0,-0.03545664,-0.5264351,0.22220004,-0.66245043,0.35853252,-0.60104907,0.4178567,-0.5182644,-0.013040084,-0.4676336,0.21472986,-0.6104821,0.34850442,-0.5507579,0.41011897,-0.4727586,0.04887786,-0.3924628,0.19656613,-0.5247329,0.30195364,-0.52269286,0.37259302,-0.4904701,D
0.0,0.0,0.17195602,-0.16451484,0.27953303,-0.29758763,0.37773383,-0.37620613,0.44303453,-0.44288185,-0.017404055,-0.5462129,0.05724604,-0.7468244,0.0873857,-0.8851686,0.10691747,-1.0,-0.05085995,-0.52498996,0.20505843,-0.6691011,0.34205827,-0.60435635,0.39882222,-0.5207659,-0.027422568,-0.4673662,0.1985292,-0.6159795,0.33328983,-0.55485183,0.3938692,-0.47664082,0.036055222,-0.39512217,0.17918599,-0.5327926,0.290043,-0.53064597,0.3654826,-0.49697396,D
0.0,0.0,0.19317149,-0.18236856,0.30057943,-0.31520846,0.39492697,-0.4141275,0.42260382,-0.5229797,0.037332654,-0.5609133,0.092111416,-0.77323943,0.12024988,-0.8954856,0.12399696,-1.0,-0.0006821381,-0.5640851,0.18583995,-0.70920897,0.3142005,-0.66490734,0.3704169,-0.5870156,-0.0016469996,-0.5449233,0.18646014,-0.70145386,0.31225985,-0.63604796,0.36348405,-0.55251276,0.037274398,-0.51888007,0.15654835,-0.69544154,0.26921132,-0.7121528,0.34279725,-0.6802025,D
0.0,0.0,0.17051238,-0.1363683,0.29536778,-0.2698074,0.40589935,-0.35475472,0.46702042,-0.41811785,-0.027069593,-0.5278505,0.049240787,-0.74069,0.082407564,-0.88487613,0.11442693,-1.0,-0.05191394,-0.50039566,0.22428942,-0.67249596,0.35927817,-0.5985818,0.41692954,-0.49486947,-0.023945356,-0.44163263,0.19038709,-0.6100368,0.33689916,-0.5544453,0.41006845,-0.46797127,0.045740835,-0.3682245,0.18119712,-0.5168281,0.3040756,-0.5186021,0.38844913,-0.47644156,D
0.0,0.0,0.16695519,-0.15908086,0.27642965,-0.29802838,0.37651128,-0.3801629,0.4373183,-0.4472277,-0.029928898,-0.5390519,0.036491692,-0.74711776,0.06101877,-0.88627315,0.08072695,-1.0,-0.06277742,-0.51650405,0.19434233,-0.6689748,0.33159587,-0.60482687,0.3930807,-0.5165466,-0.041215472,-0.45969278,0.18142521,-0.6148177,0.32064798,-0.55848664,0.38821974,-0.4795418,0.021307673,-0.38816896,0.15950292,-0.53007036,0.275455,-0.5379845,0.3594741,-0.5104452,D
0.0,0.0,0.17149547,-0.17467137,0.27541026,-0.31097376,0.37162912,-0.38762814,0.4401456,-0.4599402,-0.026068646,-0.543681,0.040432595,-0.7500797,0.065274075,-0.8877599,0.07862614,-1.0,-0.060219184,-0.5211961,0.18731214,-0.6757403,0.32952294,-0.61983705,0.39162886,-0.5431123,-0.039363723,-0.4642864,0.18560535,-0.6250657,0.32323104,-0.5694343,0.38683712,-0.49443525,0.024772476,-0.3938017,0.16499631,-0.54045266,0.27540562,-0.5482716,0.3499816,-0.52242136,D
0.0,0.0,0.16344897,-0.17410792,0.26602635,-0.30685294,0.36387023,-0.3811535,0.43243667,-0.4573902,-0.032248832,-0.54471046,0.033669375,-0.7485699,0.06090096,-0.88627845,0.07410492,-1.0,-0.06292656,-0.52197045,0.17897795,-0.6741101,0.32286942,-0.623495,0.38568333,-0.552196,-0.03980542,-0.4641256,0.17897499,-0.62243944,0.31706196,-0.57059705,0.38099593,-0.49794656,0.024602095,-0.39427516,0.16170536,-0.53575474,0.27147925,-0.54544675,0.34514734,-0.52217555,D
0.0,0.0,0.16060217,-0.1723328,0.26177445,-0.31447965,0.35963932,-0.3906022,0.4404852,-0.45987824,-0.033517305,-0.5408968,0.03274066,-0.74794406,0.058678865,-0.88583225,0.07242123,-1.0,-0.061044775,-0.5157424,0.17390256,-0.6737177,0.31566805,-0.6243117,0.38080093,-0.5541675,-0.03481277,-0.4573563,0.1756285,-0.6244637,0.3106568,-0.57585555,0.3767962,-0.5039582,0.032413606,-0.38696057,0.1620817,-0.53576213,0.2698002,-0.5559409,0.3449073,-0.54069024,D
0.0,0.0,0.15966338,-0.16680497,0.26095223,-0.30980828,0.35513514,-0.3873242,0.43780792,-0.45670345,-0.025711983,-0.5446953,0.03977865,-0.7499777,0.063889764,-0.8873834,0.07586601,-1.0,-0.05510713,-0.5218223,0.18382184,-0.6734257,0.32800406,-0.62008464,0.3950522,-0.5450121,-0.031445798,-0.46733224,0.17978619,-0.63116217,0.31563306,-0.5829854,0.3828419,-0.5101626,0.03272027,-0.40170392,0.16268149,-0.55007195,0.274782,-0.5670268,0.35410222,-0.5466355,D
0.0,0.0,0.16275668,-0.16099954,0.27082002,-0.3067461,0.37031034,-0.38927332,0.4363831,-0.45532665,-0.023093728,-0.5427505,0.04376785,-0.7472494,0.06718247,-0.88724077,0.07389205,-1.0,-0.046686523,-0.52517426,0.18685523,-0.6747019,0.33232597,-0.62713736,0.3999416,-0.55648994,-0.017760014,-0.47953236,0.18852572,-0.6457967,0.32082504,-0.59363174,0.38698414,-0.5160327,0.052408982,-0.42360964,0.18176636,-0.5713321,0.29434636,-0.5748791,0.37529147,-0.5402665,D
0.0,0.0,0.16275114,-0.1640248,0.27336589,-0.30852014,0.37364748,-0.38933277,0.44058686,-0.45604172,-0.022248045,-0.54327244,0.043867033,-0.74947673,0.06936316,-0.8879293,0.080481716,-1.0,-0.049614344,-0.52232915,0.19074315,-0.681624,0.33559674,-0.6329774,0.4023081,-0.55787164,-0.0246794,-0.46989328,0.18508317,-0.6383885,0.32303488,-0.5892728,0.39153266,-0.51371264,0.04105962,-0.40652645,0.17106277,-0.55374813,0.28392988,-0.5631187,0.36290348,-0.53385866,D
0.0,0.0,0.15915687,-0.14682527,0.27407828,-0.29831114,0.38274541,-0.39256233,0.4368737,-0.4506722,-0.025823925,-0.53585905,0.051103458,-0.7471107,0.07900468,-0.8899372,0.0954644,-1.0,-0.045355447,-0.51871186,0.20575322,-0.678299,0.34555265,-0.63560086,0.41458684,-0.55451345,-0.017205717,-0.47192156,0.1921599,-0.6346925,0.32792008,-0.59438163,0.40232158,-0.52021194,0.047133535,-0.41546956,0.1770233,-0.55432516,0.287975,-0.56518334,0.37376353,-0.534783,D
0.0,0.0,0.16596569,-0.14525636,0.28351548,-0.29582775,0.3924603,-0.38680944,0.44030613,-0.4361058,-0.014237741,-0.5384327,0.061333153,-0.74745184,0.09288198,-0.89019567,0.11635915,-1.0,-0.031615026,-0.5218867,0.22508563,-0.6785278,0.3609074,-0.63525105,0.4281018,-0.5517387,-0.0022803268,-0.47579783,0.20817794,-0.63360155,0.34174624,-0.5984746,0.41697496,-0.5268673,0.062776715,-0.42055538,0.19229506,-0.5567617,0.304171,-0.56360966,0.3939977,-0.52916604,D
0.0,0.0,0.19286305,-0.18368217,0.3028853,-0.31730726,0.40127578,-0.41601324,0.42334804,-0.51230407,0.03411858,-0.571542,0.09097113,-0.7764022,0.11336237,-0.89817613,0.105773814,-1.0,0.0003391502,-0.5714868,0.18679187,-0.71279204,0.3121916,-0.6548131,0.36057365,-0.57374686,-4.83715e-05,-0.5508607,0.1933124,-0.70923483,0.3271645,-0.6358736,0.37740847,-0.5482435,0.040442057,-0.5190631,0.15543824,-0.70375687,0.2868289,-0.7004339,0.37693036,-0.6470087,D
0.0,0.0,0.18526293,-0.15107264,0.2860368,-0.29171842,0.3827822,-0.3748426,0.4344634,-0.43490854,-0.010658539,-0.5407237,0.058700535,-0.7475083,0.08413967,-0.8876321,0.0980196,-1.0,-0.03434349,-0.52439064,0.21638562,-0.6841265,0.36353058,-0.6248623,0.42692736,-0.54069126,-0.0042781886,-0.4778636,0.21475656,-0.64841926,0.35372454,-0.5905621,0.41617477,-0.5078809,0.06745842,-0.4211311,0.20279896,-0.5769458,0.31878793,-0.5714213,0.39579266,-0.525014,D
0.0,0.0,0.16588181,-0.13923801,0.29042366,-0.29164755,0.40456802,-0.39021054,0.43841052,-0.4432137,-0.021134218,-0.5384467,0.056877896,-0.74940807,0.09105342,-0.8921291,0.11872654,-1.0,-0.03744417,-0.5224654,0.22928607,-0.682811,0.37070575,-0.6348015,0.44169137,-0.54057884,-0.009444992,-0.47851178,0.2048408,-0.6339592,0.3493519,-0.5939551,0.43039382,-0.51604766,0.053862244,-0.42575812,0.18990731,-0.561928,0.30894747,-0.56302565,0.40309113,-0.5213069,D
0.0,0.0,0.16444728,-0.13689117,0.29176182,-0.2877658,0.40646824,-0.387182,0.4373747,-0.44141874,-0.020379808,-0.5391733,0.055040978,-0.7495623,0.08439834,-0.8917356,0.109332815,-1.0,-0.036909528,-0.5226394,0.22167747,-0.68156344,0.35950845,-0.6337684,0.4317318,-0.5389858,-0.011677149,-0.47426164,0.19677553,-0.63249046,0.34082034,-0.5945796,0.42413944,-0.5191443,0.04748426,-0.41244417,0.17527631,-0.5525085,0.29096186,-0.56554294,0.38569567,-0.5356784,D
0.0,0.0,0.1643605,-0.13537662,0.2870571,-0.28731307,0.40001413,-0.3845952,0.43940234,-0.4424023,-0.01985983,-0.5372739,0.054822735,-0.7482179,0.0838094,-0.891051,0.1074724,-1.0,-0.036695667,-0.5233317,0.21980394,-0.68644536,0.3628915,-0.64341503,0.43904212,-0.5505048,-0.010935954,-0.47809145,0.19880664,-0.63738155,0.34420544,-0.60144436,0.426154,-0.5247189,0.048856158,-0.42051315,0.18268426,-0.56135195,0.30094546,-0.56812245,0.3929154,-0.5288881,D
0.0,0.0,0.16539326,-0.13237937,0.29449782,-0.28575546,0.41638258,-0.38867775,0.45169452,-0.4385398,-0.018272663,-0.53385884,0.06270363,-0.74702275,0.09285355,-0.8898279,0.11956271,-1.0,-0.030201972,-0.5245133,0.22731279,-0.68983966,0.3670966,-0.64588714,0.44236088,-0.55116695,-0.0023453159,-0.48457778,0.2002346,-0.6471455,0.34821686,-0.609973,0.43473238,-0.53112125,0.059180103,-0.43155348,0.18906815,-0.57689184,0.31339628,-0.58354574,0.4124267,-0.53979725,D
0.0,0.0,0.16445339,-0.1328443,0.29736552,-0.28526023,0.4147618,-0.39358202,0.42933384,-0.44598234,-0.021871692,-0.5289928,0.05626555,-0.7440149,0.08693725,-0.8871256,0.112645626,-1.0,-0.03466017,-0.51732874,0.2198857,-0.6876415,0.36052486,-0.6396533,0.4342017,-0.5434315,-0.008094256,-0.47616547,0.1888728,-0.64012724,0.33614054,-0.6020537,0.42125812,-0.5242629,0.051636383,-0.4223818,0.17959017,-0.5676313,0.30216154,-0.5723416,0.39869854,-0.5291031,D
0.0,0.0,0.15934376,-0.12880315,0.29606628,-0.27876204,0.41784513,-0.3838885,0.44293448,-0.43611926,-0.014659949,-0.52435416,0.064552605,-0.7415377,0.095034726,-0.88810116,0.12472746,-1.0,-0.024605941,-0.50865805,0.23286703,-0.68446416,0.37292615,-0.6346655,0.4464895,-0.53313315,0.002448437,-0.46656474,0.19922052,-0.63636535,0.34868914,-0.5961178,0.43575102,-0.51612383,0.058117308,-0.41324747,0.18184698,-0.5616183,0.30529192,-0.57240915,0.40443543,-0.5363769,D
0.0,0.0,0.1676023,-0.13135861,0.29497376,-0.28060225,0.41235676,-0.3794699,0.4448496,-0.4333964,-0.010701529,-0.5320599,0.06789772,-0.7461649,0.09912245,-0.8898307,0.1250006,-1.0,-0.027692754,-0.5206036,0.22896531,-0.6826612,0.37109497,-0.6337213,0.44313914,-0.53771263,-0.001880653,-0.47750878,0.20837416,-0.6387086,0.35480377,-0.5967778,0.435509,-0.517062,0.056536783,-0.42247713,0.19205472,-0.5644685,0.31480652,-0.56771284,0.40956193,-0.5246598,D
0.0,0.0,0.16738829,-0.13480912,0.29419497,-0.28486952,0.40914845,-0.38218,0.4468681,-0.4332779,-0.009948272,-0.53266686,0.06755504,-0.74528384,0.100037485,-0.8899887,0.12837647,-1.0,-0.026442707,-0.5186302,0.23332085,-0.6833088,0.37950164,-0.6294345,0.45437154,-0.53107375,-0.0003552424,-0.47434777,0.21262713,-0.6361396,0.36152446,-0.5907385,0.44413882,-0.509915,0.0590211,-0.41884878,0.19228418,-0.5624924,0.31637764,-0.5671814,0.41377664,-0.5269008,D
0.0,0.0,0.1686625,-0.13336442,0.2886126,-0.28251883,0.39795062,-0.374445,0.44324687,-0.4310944,-0.0085993055,-0.5297076,0.06722629,-0.744308,0.096971795,-0.8890602,0.1199033,-1.0,-0.028432317,-0.51460403,0.2269425,-0.67286235,0.3671793,-0.6218418,0.43392798,-0.5352153,-0.003172283,-0.4695424,0.21189427,-0.6336702,0.35418805,-0.58949375,0.4286438,-0.5141677,0.05972196,-0.41340524,0.19462667,-0.5654135,0.3166319,-0.5752526,0.40960905,-0.5408917,D
0.0,0.0,0.1989419,-0.1776477,0.3069307,-0.3109825,0.40522754,-0.40781936,0.4213841,-0.5120935,0.0231202,-0.56752086,0.0777209,-0.7667051,0.09743077,-0.8942401,0.092840485,-1.0,-0.014532583,-0.57104266,0.16471016,-0.71906716,0.29361612,-0.66065454,0.34197897,-0.5729142,-0.0173686,-0.55208623,0.1733488,-0.71240693,0.31080684,-0.62776077,0.36137757,-0.52463907,0.02071802,-0.5173573,0.15360424,-0.6865663,0.27864307,-0.6669335,0.35124537,-0.60450757,D
0.0,0.0,0.21107703,-0.1459107,0.31449252,-0.29061612,0.41469827,-0.3767913,0.46743682,-0.44717148,0.011501641,-0.53851116,0.076481365,-0.74093324,0.104357004,-0.885528,0.114269465,-1.0,-0.011849742,-0.52620566,0.231405,-0.69591534,0.38681972,-0.64265025,0.45645085,-0.55826354,0.015830893,-0.48284733,0.23357674,-0.6604202,0.37789568,-0.61144537,0.4447382,-0.52945757,0.08675728,-0.42280096,0.23683496,-0.57817394,0.34934855,-0.5743915,0.416885,-0.5288403,D
0.0,0.0,0.18406403,-0.16170807,0.2951727,-0.3084905,0.39644668,-0.39159575,0.4584295,-0.45815837,-0.0048240973,-0.55046386,0.059191026,-0.74971044,0.0851063,-0.8895062,0.09890773,-1.0,-0.03500339,-0.53235275,0.20902917,-0.6929727,0.35519472,-0.64101166,0.42073727,-0.5637068,-0.013625037,-0.48508537,0.20808622,-0.65400463,0.3480793,-0.60734046,0.41656634,-0.5349027,0.04928016,-0.42587486,0.20107423,-0.57426345,0.31461143,-0.5757119,0.3864147,-0.54096967,D
0.0,0.0,0.18212952,-0.1507623,0.2912566,-0.29874632,0.39158246,-0.3817758,0.46528602,-0.45036092,0.0045938594,-0.5444332,0.06682699,-0.74789345,0.09306819,-0.88943726,0.1082966,-1.0,-0.024257625,-0.5273179,0.21546555,-0.6829559,0.35113102,-0.6279913,0.4057547,-0.55282193,-0.0058075814,-0.48206666,0.2125045,-0.6500531,0.3418678,-0.5970377,0.39732617,-0.5232287,0.052080736,-0.42684704,0.19679795,-0.58184993,0.30990106,-0.58641446,0.3800478,-0.553724,D
0.0,0.0,0.1794201,-0.14968897,0.2927929,-0.30195025,0.39446774,-0.38472104,0.46528497,-0.4532042,0.011045064,-0.550767,0.07098679,-0.751932,0.09652719,-0.89219695,0.10871333,-1.0,-0.015191204,-0.53187776,0.22474393,-0.6808651,0.36418122,-0.62074745,0.41446775,-0.54420835,0.0060296427,-0.4848857,0.21837518,-0.6533222,0.35193276,-0.5935357,0.40433922,-0.51535547,0.06669885,-0.43073127,0.19940202,-0.59414977,0.312604,-0.5943333,0.38128045,-0.5545283,D
0.0,0.0,0.17901252,-0.15078384,0.28971693,-0.30217004,0.3902018,-0.38659155,0.4551892,-0.46223512,0.007838692,-0.5528702,0.06749372,-0.7538047,0.092986085,-0.89229286,0.105380416,-1.0,-0.017807567,-0.5388672,0.2192265,-0.68325233,0.3611964,-0.62167406,0.41498822,-0.5407143,0.0018543897,-0.4975192,0.2131523,-0.661754,0.35036984,-0.60103387,0.4061511,-0.5183846,0.059406735,-0.4502832,0.19499536,-0.6092795,0.3113347,-0.6053565,0.38084474,-0.5592884,D
0.0,0.0,0.16959204,-0.15477723,0.27597138,-0.30645323,0.37611145,-0.3913827,0.44792354,-0.47002327,-0.0057620006,-0.54790163,0.058554873,-0.75283784,0.086029574,-0.8909432,0.10009292,-1.0,-0.03132408,-0.5328649,0.2023941,-0.68842953,0.35221365,-0.63304335,0.41697413,-0.5522903,-0.010945153,-0.48730913,0.19334625,-0.65856946,0.33661935,-0.60482526,0.40035796,-0.52530336,0.046107557,-0.43534625,0.17714669,-0.595249,0.2937528,-0.5958872,0.36498302,-0.5546129,D
0.0,0.0,0.16189888,-0.1572102,0.2692066,-0.308869,0.3700837,-0.39540488,0.4336045,-0.4845079,-0.02194702,-0.5498609,0.04050706,-0.7548243,0.06678788,-0.8914664,0.081077665,-1.0,-0.0441099,-0.5355097,0.1825847,-0.7033308,0.33929467,-0.64771086,0.41049662,-0.56504565,-0.023056097,-0.49122664,0.17405395,-0.6703138,0.32456604,-0.6180149,0.39598003,-0.539068,0.033981,-0.43958265,0.1529403,-0.60602987,0.26632002,-0.6116392,0.33663774,-0.57398397,D
0.0,0.0,0.16491912,-0.16105022,0.26540884,-0.3103577,0.36087784,-0.3958222,0.42386413,-0.48423925,-0.03012226,-0.5452319,0.03214381,-0.7502932,0.052776754,-0.88984716,0.05772303,-1.0,-0.052396886,-0.53446794,0.17051488,-0.6906736,0.31913418,-0.639631,0.3846349,-0.5605435,-0.029348157,-0.4964092,0.16907825,-0.669603,0.31162542,-0.6178661,0.3792233,-0.539161,0.031556934,-0.45198023,0.15162137,-0.61913943,0.2649146,-0.61845136,0.33745274,-0.5719601,D
0.0,0.0,0.17324181,-0.17403565,0.2736176,-0.32300177,0.3658115,-0.4102701,0.42299318,-0.4938476,-0.03385265,-0.5446613,0.020668516,-0.754269,0.03435389,-0.8912997,0.03859486,-1.0,-0.06138335,-0.5281234,0.15628368,-0.69325876,0.300601,-0.6387204,0.36881733,-0.5542899,-0.042801566,-0.4829271,0.1515967,-0.6611941,0.28554693,-0.6097194,0.34977034,-0.5333002,0.014048074,-0.4325938,0.10981202,-0.6089503,0.20346244,-0.64499307,0.26944867,-0.6357296,D
0.0,0.0,0.16855682,-0.17163958,0.2731167,-0.32063872,0.36774224,-0.41228518,0.4241677,-0.495104,-0.0399291,-0.5385304,0.012302715,-0.75335485,0.021433465,-0.8905145,0.023823895,-1.0,-0.07061687,-0.5206687,0.14605649,-0.69778997,0.2992212,-0.6473483,0.37706736,-0.5593611,-0.05468367,-0.4748839,0.13998348,-0.6645799,0.2814884,-0.61326945,0.3518499,-0.53476804,-0.0015011288,-0.42420837,0.09953728,-0.5982651,0.19709215,-0.63651,0.26644206,-0.63093907,D
0.0,0.0,0.18973535,-0.17880836,0.3132277,-0.305617,0.41070655,-0.3860797,0.44940788,-0.50556934,0.028802542,-0.5621154,0.10479384,-0.76404977,0.12927565,-0.8921182,0.12827542,-1.0,-0.014200804,-0.57432324,0.20659168,-0.71831185,0.3381045,-0.6600568,0.39627418,-0.5720017,-0.017431954,-0.55886,0.19857638,-0.71080726,0.33775604,-0.630883,0.4041783,-0.5334596,0.020343365,-0.52429646,0.14712973,-0.69121397,0.2617462,-0.7134722,0.34477112,-0.6948593,D
0.0,0.0,0.16333288,-0.16058555,0.25310832,-0.31741133,0.348011,-0.414482,0.40020204,-0.49631485,-0.062557615,-0.55071735,-0.020084785,-0.7690656,-0.012863027,-0.89975893,-0.019647148,-1.0,-0.07972299,-0.53046197,0.12339964,-0.69382435,0.26881152,-0.62237537,0.3337771,-0.52932966,-0.063239306,-0.4956712,0.116153836,-0.677395,0.25617808,-0.60959274,0.31533673,-0.5260532,-0.009827652,-0.45323884,0.04751741,-0.66705775,0.09387289,-0.75308794,0.11170313,-0.79821897,D
0.0,0.0,0.17144334,-0.16986957,0.27875516,-0.32480344,0.3688667,-0.4129081,0.42924944,-0.5027921,-0.023253314,-0.5461789,0.02431293,-0.75750226,0.038312234,-0.8917597,0.03533493,-1.0,-0.051675633,-0.5328591,0.15442434,-0.7007801,0.31605276,-0.64436287,0.39420462,-0.5595839,-0.03902258,-0.4958414,0.14800361,-0.6784018,0.29140416,-0.62920743,0.35913724,-0.55393475,0.008040356,-0.45232603,0.10249922,-0.62879556,0.19433023,-0.6726714,0.2540468,-0.6725819,D
0.0,0.0,0.22367777,-0.21721368,0.35561475,-0.4120843,0.47396535,-0.52561086,0.5525661,-0.64495,-0.02865051,-0.71195316,0.10152196,-0.93483096,0.21341085,-0.9610058,0.27192628,-0.94058543,-0.07632946,-0.68962663,0.16806893,-0.87463325,0.39335218,-0.7973943,0.5213006,-0.6764102,-0.08066291,-0.62335944,0.11575813,-0.84276843,0.2841332,-0.8148632,0.3755675,-0.75507206,-0.044728633,-0.5402664,0.022457235,-0.756529,0.059965737,-0.896968,0.07697273,-1.0,D
0.0,0.0,0.16040324,-0.13856408,0.27494484,-0.29064244,0.37102222,-0.38598067,0.43662548,-0.47482175,-0.027127534,-0.5384999,0.008933531,-0.7480943,0.019845491,-0.8892737,0.01962625,-1.0,-0.060493812,-0.5289544,0.1272603,-0.6971574,0.29521358,-0.65282005,0.38777715,-0.5675151,-0.05459787,-0.49147967,0.13053124,-0.67349607,0.29046112,-0.6251198,0.37519395,-0.5432912,-0.013292595,-0.44212207,0.08930297,-0.61094517,0.190295,-0.6310582,0.25601256,-0.60250825,D
0.0,0.0,0.17323282,-0.13397345,0.28906766,-0.28425702,0.39468855,-0.36940494,0.46018362,-0.4651247,-0.017334454,-0.545642,0.017679462,-0.7592086,0.035901956,-0.89674145,0.041120168,-1.0,-0.04163466,-0.53696114,0.15454322,-0.6904524,0.32647532,-0.63078886,0.42027542,-0.53827626,-0.03188333,-0.502566,0.15401067,-0.67405045,0.30624422,-0.6238513,0.38680017,-0.5495358,0.009368996,-0.45745248,0.086974494,-0.63339114,0.14420697,-0.71718603,0.17874172,-0.7593519,D
0.0,0.0,0.17696929,-0.1229944,0.29509035,-0.26818046,0.3998335,-0.35568058,0.46501476,-0.4445978,-0.017303353,-0.5330267,0.029596072,-0.7485667,0.045300003,-0.89231306,0.04849662,-1.0,-0.04308929,-0.5270533,0.17240186,-0.68977994,0.33391088,-0.6267367,0.41694638,-0.5316725,-0.031428672,-0.4945708,0.17154273,-0.67008084,0.31800765,-0.60418624,0.39176387,-0.5197107,0.01062863,-0.4540455,0.0953317,-0.62998885,0.15197366,-0.7082251,0.18549868,-0.74780315,D
0.0,0.0,0.17452253,-0.1280948,0.28909,-0.2730377,0.39133555,-0.35792607,0.4651881,-0.4484769,-0.017575229,-0.53231645,0.031662624,-0.7462548,0.05215101,-0.8890198,0.058879483,-1.0,-0.047655046,-0.5256981,0.16953145,-0.6906992,0.33098146,-0.62924635,0.40908664,-0.5370301,-0.037979532,-0.4931643,0.16683255,-0.6776778,0.3223612,-0.6091965,0.39845717,-0.519536,0.008196154,-0.45138302,0.113497354,-0.63161856,0.20765305,-0.6726028,0.2680526,-0.6705336,D
0.0,0.0,0.17810637,-0.1273801,0.28935042,-0.26899824,0.38930953,-0.35128912,0.46241146,-0.43842724,-0.01693177,-0.5292314,0.042413622,-0.7450388,0.06738493,-0.88919926,0.074862204,-1.0,-0.046873376,-0.5286962,0.17776988,-0.6841101,0.33588365,-0.6257958,0.41200227,-0.53433347,-0.03206436,-0.5040551,0.18996984,-0.67309725,0.33920658,-0.60549134,0.40996954,-0.5151075,0.018903438,-0.4736624,0.14282052,-0.6352912,0.24250641,-0.64992607,0.3055596,-0.62327087,D
0.0,0.0,0.17845292,-0.1305849,0.29380044,-0.27612397,0.39265957,-0.3564464,0.46729016,-0.44496036,-0.0059287515,-0.5416508,0.048813727,-0.7512486,0.07469449,-0.89141035,0.08788468,-1.0,-0.039057255,-0.53465724,0.18185245,-0.6886609,0.34190774,-0.62268883,0.41700333,-0.52663666,-0.032342695,-0.50208503,0.18728922,-0.6696091,0.34053499,-0.5934144,0.40898034,-0.4999774,0.010201711,-0.45867732,0.13023554,-0.6277369,0.23054592,-0.6588634,0.29253876,-0.6473911,D
0.0,0.0,0.18939957,-0.13640633,0.3050405,-0.27562073,0.40424013,-0.35292017,0.47081295,-0.43767437,0.0042866385,-0.54137206,0.06542112,-0.7468234,0.09510637,-0.8897233,0.108361594,-1.0,-0.027635647,-0.5419523,0.20317942,-0.6735119,0.3583173,-0.6125421,0.4329322,-0.5199885,-0.014140188,-0.51637495,0.2210856,-0.6622038,0.36645716,-0.59082276,0.43459684,-0.4972417,0.036143802,-0.48004746,0.20217861,-0.6111414,0.32514083,-0.5945543,0.40367827,-0.5413203,D
0.0,0.0,0.20256488,-0.2059117,0.33625364,-0.35620412,0.44531724,-0.4494775,0.48621708,-0.5857227,0.0022817322,-0.5930318,0.06943503,-0.7717698,0.109506294,-0.89384115,0.14051327,-1.0,-0.026928034,-0.62052995,0.21006434,-0.76582354,0.3451954,-0.7234813,0.41863844,-0.6389995,-0.018525206,-0.6209426,0.20368142,-0.76360786,0.34669194,-0.6953072,0.43132433,-0.61182564,0.03530122,-0.59583575,0.1465092,-0.7635332,0.24164952,-0.7997955,0.3182826,-0.79646975,D
0.0,0.0,0.19754311,-0.11927785,0.3090305,-0.2685216,0.41652733,-0.3557308,0.4958223,-0.4283582,0.023452038,-0.54264605,0.094777286,-0.761201,0.12949838,-0.89654833,0.14231355,-1.0,-0.011819996,-0.5375797,0.23171876,-0.66754186,0.38490346,-0.59626853,0.4518156,-0.50904393,0.00057967915,-0.50497806,0.24615149,-0.6535118,0.3881181,-0.5841338,0.44864893,-0.50134546,0.05345258,-0.4624786,0.20984583,-0.62124044,0.31839314,-0.6153181,0.3820494,-0.5722891,D
0.0,0.0,0.18536831,-0.13315727,0.3008246,-0.27454507,0.40606666,-0.35305488,0.48766506,-0.4304806,-0.0021362593,-0.5398457,0.079324104,-0.7524698,0.11753111,-0.8924735,0.13526924,-1.0,-0.025216019,-0.5367708,0.22198519,-0.6723951,0.3762293,-0.6039095,0.4447321,-0.51010144,-0.0004763849,-0.50722384,0.23554587,-0.66734177,0.37673151,-0.58848333,0.43929133,-0.4931002,0.06267783,-0.4736778,0.20831814,-0.6294144,0.3164624,-0.62941533,0.38464782,-0.59280425,D
0.0,0.0,0.18784502,-0.13395816,0.30388418,-0.27461,0.409028,-0.3544334,0.48730066,-0.4304029,-0.00022628976,-0.5457985,0.07871262,-0.7532787,0.114846244,-0.8928238,0.1383634,-1.0,-0.023504956,-0.5408325,0.22739896,-0.67821336,0.3823436,-0.6087238,0.4557038,-0.5103312,-0.00015417089,-0.50573546,0.24231598,-0.6624124,0.3845856,-0.5848928,0.44939035,-0.49086398,0.060554393,-0.46128532,0.20280094,-0.6223218,0.29429474,-0.64182305,0.34915495,-0.6238909,D
0.0,0.0,0.19213364,-0.13833773,0.30732712,-0.28258184,0.4103487,-0.36037305,0.49335936,-0.43646532,0.017063942,-0.5548018,0.09295124,-0.7588709,0.12861574,-0.8943809,0.15093116,-1.0,-0.012082285,-0.54785144,0.2351687,-0.6838871,0.38956052,-0.61079663,0.46004033,-0.5128827,0.0045086932,-0.5107659,0.24622756,-0.6665868,0.3902457,-0.5863612,0.4536016,-0.4935405,0.05939758,-0.46401143,0.20178081,-0.6298346,0.2967123,-0.6516826,0.35090008,-0.6374199,D
0.0,0.0,0.1897557,-0.13609657,0.3025679,-0.2803255,0.4085999,-0.3597505,0.48880664,-0.43778265,0.01679825,-0.55298007,0.10134567,-0.7568096,0.14059718,-0.8930791,0.16069776,-1.0,-0.005112706,-0.54722977,0.24173303,-0.6831695,0.39530128,-0.6108201,0.46345058,-0.51309097,0.022634184,-0.51364774,0.2635744,-0.672141,0.40436894,-0.5921378,0.4657609,-0.49417162,0.090430096,-0.47092503,0.2523409,-0.61983275,0.36600047,-0.60110384,0.4328616,-0.5465465,D
0.0,0.0,0.185573,-0.13135578,0.30180612,-0.2711187,0.4089975,-0.3502276,0.50277674,-0.43009397,0.023040097,-0.5463504,0.109422505,-0.7529261,0.14866772,-0.8906269,0.16757222,-1.0,0.0015585226,-0.5431035,0.2448359,-0.6750868,0.39734754,-0.6043791,0.46927702,-0.5087557,0.023887072,-0.51081973,0.2620189,-0.66486156,0.4005212,-0.591097,0.4649723,-0.4982855,0.08462825,-0.46913072,0.23560736,-0.6198845,0.34552264,-0.6135873,0.41543257,-0.5703203,D
0.0,0.0,0.19145046,-0.12357336,0.31018144,-0.2641255,0.42057806,-0.33922353,0.510412,-0.40818024,0.020129643,-0.54413307,0.10885128,-0.7539552,0.15009777,-0.89229923,0.17363013,-1.0,-0.0013353042,-0.5335441,0.2612651,-0.6737811,0.4145128,-0.59616184,0.48082516,-0.4969486,0.022967191,-0.49199608,0.27045983,-0.6534601,0.41209385,-0.57534826,0.4724068,-0.48165882,0.08607459,-0.44261733,0.23278166,-0.60761887,0.33088177,-0.6182874,0.38850605,-0.5892199,D
0.0,0.0,0.19547157,-0.118650146,0.31620482,-0.26490316,0.4248058,-0.3399422,0.51881665,-0.41168734,0.029688388,-0.556301,0.117857076,-0.758136,0.16119383,-0.89484024,0.18659984,-1.0,0.007554206,-0.5509545,0.26932555,-0.68389493,0.4232708,-0.6033483,0.49064332,-0.5019333,0.032402083,-0.51282406,0.2800903,-0.66580725,0.4175954,-0.588782,0.47632444,-0.4964214,0.09614897,-0.46472424,0.25100428,-0.6174609,0.35105178,-0.61780095,0.40729308,-0.581748,D
0.0,0.0,0.19479825,-0.12494456,0.31417236,-0.26897386,0.42674178,-0.3386657,0.5176482,-0.39871687,0.02678568,-0.55154616,0.1221407,-0.7564486,0.16292061,-0.8915673,0.18811208,-1.0,0.0062060035,-0.5412896,0.27056128,-0.6816331,0.41879213,-0.600061,0.4857961,-0.49798584,0.030115427,-0.4968893,0.27723226,-0.660684,0.41629186,-0.58335996,0.4794593,-0.4906589,0.09506984,-0.44100267,0.24252044,-0.6018118,0.34401032,-0.6175591,0.407528,-0.5944371,D
0.0,0.0,0.19383822,-0.11535382,0.31769598,-0.2594093,0.43371886,-0.33499464,0.53411835,-0.39417475,0.039251983,-0.5559319,0.14164636,-0.7556297,0.18777965,-0.89297557,0.21156679,-1.0,0.021254333,-0.55230474,0.2775727,-0.6770773,0.42896283,-0.60622644,0.4952039,-0.50874394,0.049385805,-0.51534414,0.29235363,-0.6654411,0.4312531,-0.5906269,0.4923764,-0.49502164,0.11808196,-0.46679005,0.28375974,-0.612188,0.39901993,-0.5880277,0.46593457,-0.5230793,D
0.0,0.0,0.2121769,-0.18383282,0.33457282,-0.318735,0.4370516,-0.417708,0.47197136,-0.55151546,0.02009947,-0.5709274,0.080626704,-0.7638242,0.11601815,-0.89051163,0.13640353,-1.0,-0.0134007335,-0.5931717,0.20548588,-0.7446439,0.34493682,-0.70758057,0.4039884,-0.6391855,-0.0076771444,-0.5925584,0.19964546,-0.7507685,0.35188532,-0.6708971,0.417501,-0.56305933,0.039878465,-0.57829845,0.16888414,-0.75553346,0.29846203,-0.7479938,0.37990913,-0.68917805,D
0.0,0.0,0.21614954,-0.11685103,0.33600965,-0.26502287,0.44834125,-0.34274378,0.5453029,-0.4017264,0.056007978,-0.5590246,0.16246761,-0.7678371,0.2199568,-0.8973896,0.25534448,-1.0,0.037644852,-0.56028926,0.3068587,-0.6661643,0.45542565,-0.57990956,0.51083916,-0.48179433,0.06533886,-0.52463526,0.32840982,-0.657013,0.4642246,-0.56644773,0.50897044,-0.46930236,0.1301315,-0.47936162,0.28746295,-0.6398499,0.39512342,-0.6191822,0.45480743,-0.55747586,D
0.0,0.0,0.19452113,-0.12126682,0.31842917,-0.26504183,0.43516994,-0.34361845,0.5366765,-0.40568984,0.04086389,-0.5534764,0.14401054,-0.75893223,0.1983162,-0.89352506,0.22875905,-1.0,0.022288132,-0.5507239,0.28630123,-0.6750127,0.4302002,-0.5995436,0.48620287,-0.5056387,0.049567398,-0.5182002,0.2984847,-0.6702736,0.43282542,-0.5809552,0.4863748,-0.47857144,0.11707368,-0.47455326,0.29297724,-0.6187049,0.413251,-0.5820237,0.48112193,-0.51064086,D
0.0,0.0,0.19657831,-0.12212805,0.3210457,-0.26862094,0.43970537,-0.346171,0.5357606,-0.40811458,0.039621066,-0.5566252,0.14649564,-0.7592307,0.19758058,-0.893899,0.2257385,-1.0,0.021129182,-0.55653185,0.28534174,-0.6745148,0.43036127,-0.5991336,0.4878032,-0.5038901,0.049131334,-0.5218462,0.30571055,-0.6734566,0.44066852,-0.58305067,0.49350068,-0.47938532,0.11950484,-0.4720877,0.28932568,-0.6232936,0.40823236,-0.58700925,0.4783018,-0.51122904,D
0.0,0.0,0.19239931,-0.12998515,0.31350803,-0.27379647,0.42401385,-0.3455625,0.51526666,-0.39963877,0.036446918,-0.55921996,0.13784502,-0.7627115,0.18491057,-0.8958061,0.21632208,-1.0,0.013134126,-0.5516301,0.28744465,-0.67054594,0.42893898,-0.5890435,0.48506284,-0.49206442,0.035528366,-0.5051335,0.28822237,-0.6547258,0.42203978,-0.56893116,0.47439054,-0.47481924,0.0976238,-0.44547898,0.24457555,-0.60780984,0.35325873,-0.6093705,0.42006373,-0.57078743,D
0.0,0.0,0.20125395,-0.13711715,0.32394642,-0.27827543,0.43892428,-0.34821424,0.52943754,-0.4062019,0.047784887,-0.5630859,0.14902638,-0.7645464,0.19622469,-0.895856,0.2242741,-1.0,0.028338585,-0.5588878,0.29242307,-0.67432064,0.43751782,-0.59806544,0.49704814,-0.5019023,0.050390296,-0.51731145,0.29695413,-0.6629428,0.43370265,-0.58345604,0.4902442,-0.49009925,0.11252532,-0.46137008,0.26366943,-0.61536205,0.3799626,-0.6077129,0.4558368,-0.5561116,D
0.0,0.0,0.192232,-0.13446178,0.31631756,-0.2800792,0.4260484,-0.3582376,0.50628644,-0.41350874,0.035982743,-0.5529154,0.13198751,-0.754896,0.1769391,-0.890909,0.20081033,-1.0,0.013379179,-0.54329604,0.27133408,-0.6851981,0.41957036,-0.6143217,0.47577757,-0.5261979,0.037754897,-0.500629,0.27254155,-0.6666902,0.4150698,-0.5943398,0.472224,-0.50479484,0.10191557,-0.44559824,0.256742,-0.61378896,0.37640354,-0.5981994,0.44557598,-0.539879,D
0.0,0.0,0.1953922,-0.14071134,0.318976,-0.29029256,0.42632324,-0.36949688,0.5035743,-0.4328494,0.041681815,-0.55245286,0.12859564,-0.76134473,0.17452951,-0.89574057,0.20135942,-1.0,0.014395031,-0.5339731,0.2714918,-0.68912876,0.41654563,-0.6170278,0.4678783,-0.52849674,0.032040358,-0.48077044,0.2639846,-0.6663412,0.4033935,-0.5985228,0.45392263,-0.5129292,0.0898311,-0.41299903,0.2276641,-0.5957307,0.33761245,-0.61612386,0.39977726,-0.59305507,D
0.0,0.0,0.19046514,-0.13567354,0.30881277,-0.28523412,0.41427562,-0.36766478,0.49087584,-0.4302146,0.027958129,-0.5573078,0.113571435,-0.76216125,0.15827146,-0.8973129,0.18303078,-1.0,0.0046152254,-0.5382258,0.26735178,-0.6858163,0.40941295,-0.61507833,0.4544156,-0.52765995,0.02885373,-0.48419115,0.2594028,-0.6560078,0.39532894,-0.5900582,0.4418354,-0.50465363,0.09047347,-0.41877803,0.24068806,-0.58590084,0.3514692,-0.58541787,0.4090758,-0.5439944,D
0.0,0.0,0.18426897,-0.13805577,0.30177248,-0.28646046,0.40622017,-0.37036508,0.47299498,-0.43846703,0.018373745,-0.5560558,0.09715074,-0.7591425,0.13813634,-0.8959479,0.16240653,-1.0,-2.585872e-05,-0.54477215,0.24891146,-0.6894466,0.3908537,-0.6203398,0.44264293,-0.5309964,0.029516324,-0.5018465,0.25336665,-0.66671276,0.38862517,-0.600215,0.44156605,-0.5137901,0.0964682,-0.44883618,0.24066196,-0.61448014,0.3528401,-0.6061968,0.41807762,-0.55682,D
0.0,0.0,0.17985706,-0.14260113,0.29321006,-0.2919715,0.39679545,-0.37590814,0.46380484,-0.446814,0.007175403,-0.5591785,0.086957365,-0.76258737,0.12832905,-0.89728856,0.15520771,-1.0,-0.010216571,-0.5452552,0.24212423,-0.69031197,0.38220093,-0.6251723,0.43501353,-0.5395879,0.020601828,-0.4977631,0.24627815,-0.66335756,0.3811659,-0.60286456,0.43657663,-0.5209394,0.08908993,-0.43992668,0.23565532,-0.60360736,0.34728572,-0.6036539,0.41354072,-0.5636489,D
0.0,0.0,0.20220724,-0.17719428,0.32501814,-0.29666227,0.42560172,-0.37959507,0.4602131,-0.49616107,0.041187633,-0.5579364,0.11535975,-0.7593675,0.13645795,-0.89107525,0.13299577,-1.0,-0.0012113384,-0.5649108,0.2149734,-0.7110102,0.3465944,-0.64702415,0.3967756,-0.5618324,-0.0031099212,-0.5444698,0.20784645,-0.70511657,0.3480346,-0.61807925,0.40592986,-0.5200194,0.041133218,-0.50296366,0.15656596,-0.68392295,0.27086478,-0.7035097,0.3533484,-0.67562795,D
0.0,0.0,0.27462402,-0.1767141,0.43713626,-0.44363043,0.40182906,-0.6713828,0.3134463,-0.8773289,0.48610473,-0.6904642,0.46638888,-0.94966304,0.37576404,-0.7712388,0.3658215,-0.6546207,0.3150854,-0.7332477,0.29364195,-1.0,0.2107971,-0.7916974,0.2284668,-0.70272243,0.13839655,-0.7453793,0.102148354,-0.9784863,0.045463048,-0.790769,0.06899333,-0.7003241,-0.049808633,-0.734563,-0.078134604,-0.88536364,-0.108828954,-0.75361645,-0.09122947,-0.6727059,E
0.0,0.0,0.28501454,-0.14747873,0.4377997,-0.37589622,0.38377938,-0.58851045,0.27487376,-0.7122718,0.4426353,-0.70800734,0.42335004,-0.923943,0.353331,-0.7062205,0.34264484,-0.56221896,0.2464035,-0.7355384,0.2511144,-1.0,0.19629537,-0.73096555,0.20070823,-0.60300756,0.056513797,-0.7317047,0.05897775,-0.9861122,0.045201637,-0.73944515,0.053291347,-0.6005732,-0.12211491,-0.6942042,-0.12687115,-0.8575085,-0.10532559,-0.69353163,-0.07653271,-0.58150643,E
0.0,0.0,0.27483982,-0.1483473,0.4166301,-0.36609197,0.21972948,-0.53838027,-0.017522467,-0.5544166,0.36555335,-0.7219985,0.3903545,-0.9050263,0.37069765,-0.70382255,0.35778284,-0.55846053,0.17046732,-0.73844194,0.19510996,-1.0,0.20525537,-0.76808167,0.20196767,-0.61102235,-0.012012988,-0.7138508,-0.014448742,-0.91833246,0.039855473,-0.69921505,0.059811484,-0.5692091,-0.19184461,-0.6559466,-0.16386168,-0.78183156,-0.106576465,-0.62872636,-0.085745744,-0.5323876,E
0.0,0.0,0.20576666,-0.17980845,0.36871797,-0.3406778,0.40372893,-0.51612324,0.29342732,-0.5955066,0.25628233,-0.74437636,0.25879785,-0.92447394,0.25895143,-0.7924713,0.26277435,-0.6259213,0.10771595,-0.76112986,0.101797216,-1.0,0.11503517,-0.8367565,0.13194406,-0.65221316,-0.03559679,-0.73440033,-0.035281423,-0.9259075,-0.010604501,-0.7668545,0.0076437094,-0.59568036,-0.17129377,-0.67430896,-0.17911512,-0.8093391,-0.14928907,-0.71725005,-0.120615005,-0.6110023,E
0.0,0.0,0.33798334,-0.26455665,0.50181717,-0.55323005,0.31652105,-0.7734878,0.113283224,-0.7703264,0.3409572,-0.6945813,0.34419936,-0.9068686,0.31569278,-0.8972135,0.29674324,-0.85028124,0.16019723,-0.69535494,0.1574734,-0.91617197,0.16130897,-0.9240093,0.15211532,-0.8868508,0.018528797,-0.68030554,-0.0009444112,-0.90989864,0.027568342,-0.97290194,0.03508665,-1.0,-0.105660155,-0.6382172,-0.10860392,-0.8340224,-0.06553927,-0.83415174,-0.042514678,-0.80151916,E
0.0,0.0,0.27586988,-0.1747035,0.43257844,-0.43026146,0.23631227,-0.5989119,-0.02417739,-0.5370445,0.23964052,-0.7065656,0.26864555,-0.95181006,0.34019622,-0.8236781,0.32357287,-0.6799901,0.080207266,-0.7125467,0.08636606,-1.0,0.18888596,-0.86549664,0.17023924,-0.712788,-0.06372967,-0.68680555,-0.08787911,-0.981642,0.027156154,-0.8378093,0.01832921,-0.6840739,-0.22699307,-0.62377834,-0.18057664,-0.8578467,-0.059010588,-0.74560755,-0.045172796,-0.5919475,E
0.0,0.0,0.2459657,-0.14224885,0.37184957,-0.39160928,0.16428834,-0.5179523,-0.07656576,-0.42773864,0.17854178,-0.6873717,0.192445,-0.94115436,0.288986,-0.7694066,0.28666663,-0.60916674,0.03555184,-0.6707707,0.0207087,-1.0,0.14725491,-0.81260586,0.14064232,-0.6427436,-0.10156102,-0.62468076,-0.1352944,-0.9526138,0.0030810842,-0.7747692,0.007268656,-0.6149381,-0.25309715,-0.5471229,-0.21826555,-0.790602,-0.090349235,-0.66895276,-0.07921012,-0.5239229,E
0.0,0.0,0.24423125,-0.17124993,0.3542678,-0.41790098,0.160116,-0.532568,-0.058329735,-0.46686035,0.13743514,-0.6855997,0.15058057,-0.9467987,0.26265827,-0.7745979,0.2593643,-0.606654,0.007131406,-0.6636829,-0.018593835,-1.0,0.12064916,-0.8213344,0.116548605,-0.65237516,-0.118957296,-0.617511,-0.15638547,-0.9355971,-0.010031578,-0.7556431,-0.00486051,-0.59534824,-0.2551944,-0.5413348,-0.22347394,-0.7825956,-0.09254775,-0.65980124,-0.08153845,-0.5150846,E
0.0,0.0,0.24342583,-0.17755103,0.35131952,-0.43122116,0.1450321,-0.5475574,-0.07438865,-0.4725471,0.1565011,-0.70429915,0.16041128,-0.95204103,0.26147857,-0.7714338,0.2602275,-0.6092088,0.018276144,-0.68195975,-0.013115339,-1.0,0.11478972,-0.8045537,0.110273816,-0.6365686,-0.11418148,-0.62976277,-0.16093624,-0.93702286,-0.019347351,-0.7458474,-0.011032731,-0.58268756,-0.25521597,-0.5446074,-0.22740878,-0.7768548,-0.098786704,-0.65302044,-0.08365154,-0.51529324,E
0.0,0.0,0.2311531,-0.17746025,0.33485854,-0.42237923,0.1337346,-0.53757125,-0.086019814,-0.47588176,0.14224511,-0.7026429,0.1459905,-0.94986624,0.25061843,-0.7711625,0.25608802,-0.6042974,0.007051609,-0.6774761,-0.015675122,-1.0,0.114168406,-0.81031096,0.1179576,-0.6394049,-0.12717225,-0.6189879,-0.18087262,-0.91986614,-0.036919918,-0.73482907,-0.018438505,-0.5692641,-0.26940018,-0.5250433,-0.25183573,-0.7534172,-0.11623676,-0.6358365,-0.08707842,-0.49596602,E
0.0,0.0,0.22779445,-0.17966813,0.32534558,-0.4298405,0.11118328,-0.53993934,-0.11208248,-0.46357444,0.15659867,-0.71367383,0.16370344,-0.96002764,0.2504132,-0.78824055,0.25955403,-0.62325424,0.010287089,-0.6874128,0.0028495518,-1.0,0.108292416,-0.8068552,0.108606756,-0.63291156,-0.1324575,-0.6327196,-0.17835784,-0.9392016,-0.054676726,-0.7453554,-0.038780786,-0.5686249,-0.28434652,-0.5438685,-0.27950588,-0.77238834,-0.15972672,-0.65578556,-0.13168803,-0.51550204,E
0.0,0.0,0.23809661,-0.17489165,0.34272468,-0.43092805,0.13662072,-0.55883634,-0.08352702,-0.48721138,0.18646705,-0.7074664,0.20341936,-0.96117663,0.26972687,-0.78491074,0.26561096,-0.62520623,0.03872553,-0.69511735,0.047611605,-1.0,0.13240802,-0.7935076,0.120797835,-0.6240708,-0.10544436,-0.6511018,-0.13352136,-0.94891435,-0.025596786,-0.7445519,-0.016809918,-0.56626385,-0.26130435,-0.5727566,-0.2596698,-0.79987186,-0.15330307,-0.6751825,-0.13062146,-0.5332777,E
0.0,0.0,0.238069,-0.16409665,0.35429785,-0.40773878,0.13292979,-0.5311727,-0.098145425,-0.4684651,0.22315128,-0.6862017,0.22950906,-0.9467442,0.2832618,-0.7912884,0.28814298,-0.6323595,0.06437825,-0.68308395,0.07140185,-1.0,0.13858868,-0.81259763,0.1357178,-0.6442542,-0.08466731,-0.6429378,-0.117303476,-0.93825597,-0.026596798,-0.7488186,-0.010397468,-0.57686263,-0.23792724,-0.56569767,-0.2422579,-0.77940524,-0.14631267,-0.66020066,-0.1171998,-0.5238402,E
0.0,0.0,0.26528952,-0.14021157,0.4072811,-0.3607439,0.26255724,-0.5237194,0.05116191,-0.59393936,0.34567332,-0.6910903,0.3769783,-0.9084366,0.36534753,-0.7189972,0.35284957,-0.56953937,0.16479631,-0.7073912,0.19189416,-1.0,0.19567566,-0.7755941,0.18366577,-0.61722744,-0.010948234,-0.6931611,-0.008048345,-0.9327293,0.03497836,-0.7228154,0.03711554,-0.578673,-0.19082135,-0.64826435,-0.15849598,-0.8124464,-0.109853424,-0.6683805,-0.10552947,-0.55868775,E
0.0,0.0,0.23528074,-0.15714319,0.36419865,-0.4012223,0.1727818,-0.5578546,-0.04089559,-0.5156454,0.25435683,-0.6788337,0.27016652,-0.94741464,0.29491505,-0.78362733,0.28675115,-0.627981,0.09205746,-0.6817795,0.09313183,-1.0,0.14970587,-0.79616165,0.15003538,-0.64411503,-0.06156495,-0.6460561,-0.087818466,-0.9421234,-0.0013503763,-0.727187,0.010199458,-0.5713558,-0.22214726,-0.57220954,-0.2071554,-0.7900316,-0.11448467,-0.6458542,-0.09220015,-0.5129649,E
0.0,0.0,0.24550691,-0.17272602,0.36819434,-0.41976097,0.1494575,-0.5593514,-0.08300301,-0.50359875,0.25380147,-0.6981675,0.2678685,-0.96092045,0.29525256,-0.778421,0.2842423,-0.63114643,0.09445839,-0.6932163,0.09927032,-1.0,0.15143216,-0.7883999,0.14299653,-0.6345571,-0.058699246,-0.6525255,-0.09154605,-0.95222586,-0.00829711,-0.7467979,-0.00020115472,-0.5799874,-0.21919625,-0.57383496,-0.22045282,-0.79466337,-0.1256876,-0.6691368,-0.10118558,-0.53524905,E
0.0,0.0,0.24732494,-0.16723044,0.36690643,-0.4186983,0.14542143,-0.55954087,-0.09010327,-0.5025208,0.27242208,-0.68413967,0.28464004,-0.9551867,0.3034936,-0.79392636,0.29563978,-0.6422793,0.11039302,-0.6848586,0.11671026,-1.0,0.15225652,-0.808657,0.14664628,-0.6491789,-0.043908637,-0.6522553,-0.07678722,-0.94741124,-0.011806072,-0.7505085,5.2168307e-05,-0.5835249,-0.20385167,-0.58581793,-0.20718823,-0.8016879,-0.13077305,-0.677703,-0.10762206,-0.547234,E
0.0,0.0,0.25067192,-0.14895824,0.37000114,-0.40289816,0.15446189,-0.5638111,-0.06635485,-0.5482063,0.3054161,-0.67092204,0.31745028,-0.94608927,0.31619155,-0.7825748,0.30723888,-0.626641,0.13669488,-0.681572,0.14747895,-1.0,0.15943253,-0.8025013,0.15638147,-0.64431864,-0.022247553,-0.6542308,-0.0470325,-0.95757234,-0.0034897206,-0.749518,0.007782007,-0.57992166,-0.18691315,-0.5916703,-0.18768458,-0.806442,-0.12515698,-0.6704088,-0.10018274,-0.5348722,E
0.0,0.0,0.2557978,-0.14441144,0.3855627,-0.397682,0.16041583,-0.56608367,-0.06578451,-0.54628134,0.3303773,-0.65731573,0.342981,-0.9463032,0.32430398,-0.7660566,0.31459317,-0.6115599,0.15934412,-0.6733688,0.17261505,-1.0,0.1674092,-0.78610134,0.16214277,-0.6313589,0.0011556003,-0.6549311,-0.017348476,-0.9566579,0.008509227,-0.74163264,0.014709019,-0.5786289,-0.160335,-0.605185,-0.15954201,-0.82438415,-0.11235724,-0.6829943,-0.095196895,-0.5481225,E
0.0,0.0,0.24189064,-0.14270417,0.372386,-0.3932903,0.17136183,-0.5752348,-0.049098004,-0.54936326,0.3590285,-0.6591461,0.36353093,-0.94576615,0.3221253,-0.7701933,0.31506693,-0.6254987,0.184481,-0.6820313,0.1961735,-1.0,0.1689599,-0.7865226,0.1697716,-0.64304775,0.024865884,-0.66762066,0.011497758,-0.9673225,0.016163802,-0.7548499,0.024039954,-0.59833294,-0.13768467,-0.6212617,-0.13743259,-0.8344115,-0.105005845,-0.6965437,-0.08555914,-0.5655451,E
0.0,0.0,0.253692,-0.13554977,0.39143482,-0.38145286,0.1944503,-0.58126897,-0.015011237,-0.6247736,0.37778318,-0.6417112,0.40207186,-0.9429636,0.34482965,-0.7669534,0.32489225,-0.60493696,0.20080106,-0.6639426,0.23569378,-1.0,0.19084929,-0.78944343,0.18997395,-0.6375691,0.040149312,-0.6548201,0.042450894,-0.973103,0.0307448,-0.7627144,0.03821261,-0.5979681,-0.12148701,-0.61232984,-0.115106225,-0.82920873,-0.09129772,-0.6930028,-0.07268937,-0.5575315,E
0.0,0.0,0.24658899,-0.1392833,0.3878138,-0.39447138,0.1751291,-0.5816481,-0.05543697,-0.5662645,0.3988275,-0.6426817,0.4106837,-0.9475107,0.35497424,-0.76462984,0.34645954,-0.61036664,0.22038066,-0.66732603,0.24482967,-1.0,0.20108032,-0.7842671,0.19962642,-0.63908416,0.05785397,-0.6589202,0.054036357,-0.9746494,0.04598584,-0.76437336,0.055558722,-0.60629886,-0.10471304,-0.619478,-0.10121493,-0.8451736,-0.075672895,-0.7139909,-0.05587548,-0.5829588,E
0.0,0.0,0.26547682,-0.12508307,0.4163836,-0.38317767,0.23023662,-0.5858636,0.003161574,-0.57495457,0.4018194,-0.6450023,0.4171632,-0.9415557,0.37234288,-0.7695882,0.36006212,-0.6039359,0.22524889,-0.66771823,0.2521248,-1.0,0.21979687,-0.79527885,0.21847889,-0.6399283,0.062040724,-0.659678,0.061513346,-0.9792365,0.06166234,-0.7698796,0.07156278,-0.6067755,-0.100987084,-0.6198203,-0.09374834,-0.83622944,-0.0645343,-0.7030384,-0.04470058,-0.57440233,E
0.0,0.0,0.26077828,-0.11400114,0.40903446,-0.36875302,0.22026713,-0.5771359,-0.0017632017,-0.60155696,0.39318004,-0.6341336,0.40618458,-0.9363227,0.3566728,-0.7795566,0.34603924,-0.61247885,0.21705008,-0.65852076,0.24079037,-1.0,0.20182261,-0.811058,0.19819006,-0.6456337,0.05691017,-0.6481274,0.047896985,-0.9743441,0.043912478,-0.7706205,0.05510946,-0.59552616,-0.10005775,-0.60213053,-0.10134613,-0.82915765,-0.07310563,-0.70049614,-0.052169822,-0.56045824,E
0.0,0.0,0.28588668,-0.13639009,0.44098812,-0.36326587,0.26772892,-0.5248497,0.037845425,-0.54471475,0.32786712,-0.69753736,0.37708613,-0.8989966,0.37462056,-0.70752424,0.34184682,-0.54112244,0.14528383,-0.7008911,0.1858558,-1.0,0.21122082,-0.78009796,0.18850951,-0.6019481,-0.028408037,-0.6767383,-0.015491881,-0.931177,0.042147733,-0.71123064,0.039778125,-0.5582655,-0.20457181,-0.6206074,-0.15874475,-0.7804962,-0.09683013,-0.6283334,-0.0947438,-0.5124366,E
0.0,0.0,0.2501813,-0.1310045,0.39771706,-0.38190055,0.21747032,-0.56367296,0.0027357254,-0.54899263,0.4087792,-0.63438946,0.42171586,-0.94109184,0.35264286,-0.7795325,0.34121588,-0.61815643,0.2340206,-0.6642934,0.24932626,-1.0,0.18934853,-0.814944,0.19503139,-0.6609875,0.07463588,-0.66389287,0.055340745,-0.97100765,0.03641035,-0.7696114,0.05644676,-0.6050468,-0.08562841,-0.6283868,-0.0849293,-0.8322934,-0.076634005,-0.69790775,-0.055677105,-0.558888,E
0.0,0.0,0.26648134,-0.119546026,0.4173438,-0.3746945,0.2279655,-0.5896869,0.0036593264,-0.60400504,0.41504943,-0.637051,0.425987,-0.9353543,0.36034897,-0.774596,0.3458153,-0.61022127,0.235944,-0.66139513,0.2539997,-1.0,0.2050628,-0.80528545,0.20295638,-0.6391765,0.07405327,-0.6516064,0.064886905,-0.9755776,0.05650264,-0.76818514,0.0704588,-0.5958997,-0.08541362,-0.60639936,-0.087848864,-0.8278019,-0.06368815,-0.6944475,-0.039831094,-0.5575881,E
0.0,0.0,0.2577665,-0.12378903,0.41336492,-0.37762642,0.21977831,-0.5809986,-0.009581459,-0.5806152,0.4070838,-0.6381908,0.4185601,-0.9307135,0.3532063,-0.75736475,0.34297487,-0.59567726,0.22800247,-0.6605447,0.2448536,-1.0,0.1953597,-0.79546446,0.19505218,-0.6349251,0.06576264,-0.64805484,0.05056441,-0.9654939,0.044859882,-0.7604388,0.05878126,-0.5982089,-0.093596816,-0.60329366,-0.102824606,-0.8228451,-0.071918555,-0.69847196,-0.044991102,-0.5721754,E
0.0,0.0,0.25453293,-0.12254297,0.4052611,-0.37188005,0.20120278,-0.5736217,-0.027000379,-0.58946913,0.40390193,-0.63129103,0.4257457,-0.93281555,0.35115734,-0.7627004,0.33740526,-0.6049664,0.2276561,-0.65914124,0.26302955,-1.0,0.19995126,-0.79941523,0.19345622,-0.6429395,0.066902444,-0.6531359,0.05874734,-0.97499293,0.041382104,-0.7661406,0.052518863,-0.59716326,-0.092024215,-0.6129233,-0.10367978,-0.8341803,-0.07785106,-0.7045562,-0.050202586,-0.57092714,E
0.0,0.0,0.2550817,-0.13224973,0.40990418,-0.38955402,0.2078922,-0.5916003,-0.024360714,-0.58792895,0.41872263,-0.638509,0.43272558,-0.9306728,0.36076543,-0.74803215,0.3538611,-0.5940905,0.23844817,-0.66531974,0.27418455,-1.0,0.21397105,-0.7866212,0.21158332,-0.6362918,0.073202945,-0.65929264,0.07151688,-0.9824566,0.051375564,-0.7590461,0.06396391,-0.5986939,-0.091796726,-0.62175506,-0.09776867,-0.83814955,-0.07870876,-0.6931357,-0.054718338,-0.56390923,E
0.0,0.0,0.24864644,-0.13777941,0.3880944,-0.38390595,0.17846972,-0.5668012,-0.05016689,-0.58562183,0.41951814,-0.622101,0.4393041,-0.9194856,0.36259586,-0.75747895,0.3470319,-0.5925148,0.23242378,-0.6492396,0.27489907,-1.0,0.20685977,-0.80454,0.19384041,-0.63793457,0.061074577,-0.64675575,0.05203897,-0.97406334,0.032880135,-0.7552979,0.044838335,-0.57884717,-0.10572817,-0.60926044,-0.119184956,-0.826376,-0.09861524,-0.68366235,-0.07358072,-0.5461587,E
0.0,0.0,0.23960575,-0.14328298,0.3709656,-0.3946378,0.15518874,-0.57623565,-0.081602335,-0.5737111,0.4213982,-0.62846756,0.43485063,-0.9226961,0.348149,-0.7593132,0.33514646,-0.60156244,0.23545042,-0.66077983,0.28076515,-1.0,0.20554745,-0.80678,0.19367601,-0.6499141,0.06541072,-0.6586867,0.053845245,-0.98354053,0.026983626,-0.7613576,0.04195363,-0.5934486,-0.10014419,-0.6172524,-0.123248704,-0.82301617,-0.10419286,-0.67585105,-0.072438374,-0.54310787,E
0.0,0.0,0.2249609,-0.15101439,0.34220073,-0.40456766,0.13321707,-0.590637,-0.09178543,-0.5994333,0.4249697,-0.62827545,0.42946863,-0.9284987,0.34022164,-0.7517716,0.33783305,-0.6023077,0.23632559,-0.65849966,0.27861065,-1.0,0.20431167,-0.79296005,0.20616262,-0.6517493,0.06410478,-0.6554439,0.06004504,-0.99085796,0.03071437,-0.76007146,0.051141776,-0.6023616,-0.104416646,-0.6116942,-0.12382473,-0.825344,-0.10620853,-0.67021865,-0.07129838,-0.53809696,E
0.0,0.0,0.23634839,-0.14024064,0.36513898,-0.36804608,0.16491708,-0.53856176,-0.057850108,-0.5546214,0.4226867,-0.62146366,0.44137,-0.91710025,0.35291603,-0.75433946,0.33988234,-0.60017765,0.2375651,-0.65441775,0.29303306,-1.0,0.21845397,-0.8113256,0.21033885,-0.65579855,0.06510969,-0.65287864,0.071925454,-0.99342513,0.041788217,-0.7740859,0.055077504,-0.6011901,-0.10397529,-0.60517853,-0.11122711,-0.8248997,-0.09278917,-0.6719686,-0.062320333,-0.5257132,E
0.0,0.0,0.2347412,-0.14669743,0.3595383,-0.39363334,0.14089267,-0.5606115,-0.08736562,-0.5621596,0.4306617,-0.6316959,0.4254473,-0.91728795,0.34397575,-0.73213285,0.34643105,-0.57875204,0.23930885,-0.65928054,0.26973605,-1.0,0.19905159,-0.78772426,0.19889006,-0.63627994,0.06353935,-0.6575256,0.05511153,-0.9988727,0.03124926,-0.7708198,0.04815346,-0.6057602,-0.106502645,-0.61433035,-0.12335834,-0.83016235,-0.102667116,-0.6749952,-0.0720146,-0.53743345,E
0.0,0.0,0.27742392,-0.14634252,0.42312,-0.36368388,0.2257562,-0.5316609,-0.014277307,-0.5397563,0.34009257,-0.6887295,0.38384223,-0.90020126,0.38062498,-0.7119498,0.35802984,-0.5525925,0.1496156,-0.7053008,0.18747719,-1.0,0.21642713,-0.7825936,0.19894221,-0.6146478,-0.025106488,-0.685936,-0.015323901,-0.93786645,0.051897775,-0.72057223,0.0572637,-0.5751329,-0.20277539,-0.6334364,-0.1601844,-0.81063646,-0.09425019,-0.66072994,-0.089417614,-0.5443699,E
0.0,0.0,0.22279435,-0.14702298,0.3361907,-0.4008295,0.12555711,-0.572058,-0.08849934,-0.5987023,0.4159828,-0.62308073,0.42700678,-0.90621454,0.3380019,-0.7489114,0.30711025,-0.5915294,0.23210211,-0.6581348,0.2625536,-1.0,0.19140133,-0.8212905,0.17356813,-0.6499179,0.061080784,-0.6590924,0.047863327,-0.98601776,0.02822043,-0.79232454,0.031709008,-0.6176525,-0.10859673,-0.6218534,-0.11934519,-0.8275263,-0.10362332,-0.6885884,-0.083577394,-0.544618,E
0.0,0.0,0.22204673,-0.15295948,0.33903491,-0.38405067,0.13969667,-0.5458819,-0.072559275,-0.5595176,0.4176098,-0.6281392,0.42566735,-0.9124891,0.34066767,-0.75329876,0.32392317,-0.5966403,0.23250848,-0.66364527,0.2651233,-0.9987189,0.19406651,-0.8114727,0.18742335,-0.65254813,0.06406576,-0.6659601,0.064175904,-1.0,0.039505064,-0.7974402,0.05008881,-0.6286068,-0.10096959,-0.6228956,-0.10157073,-0.8361418,-0.082794674,-0.6985617,-0.057856508,-0.55829614,E
0.0,0.0,0.22915158,-0.1607539,0.34772244,-0.39311713,0.1392157,-0.5630774,-0.07754399,-0.5854655,0.42890084,-0.6263664,0.4272725,-0.9077451,0.3512253,-0.73507583,0.34765893,-0.5848962,0.2387789,-0.6617079,0.26404822,-1.0,0.19567479,-0.797781,0.19285259,-0.6422646,0.06586426,-0.66396016,0.054309636,-0.9975165,0.028495248,-0.78625244,0.0407459,-0.6226672,-0.106219634,-0.62295276,-0.115822434,-0.8303417,-0.10070289,-0.6881045,-0.074960016,-0.5500493,E
0.0,0.0,0.21583128,-0.15848735,0.32169715,-0.4017246,0.10374005,-0.57087374,-0.11067712,-0.590626,0.4160971,-0.62601364,0.4105852,-0.90709686,0.3318224,-0.75280887,0.31776884,-0.5981719,0.22357275,-0.65809405,0.24495113,-1.0,0.17864333,-0.81377655,0.17257476,-0.651705,0.05203682,-0.65647006,0.044710524,-0.9909553,0.024700837,-0.7986481,0.034887943,-0.6458178,-0.11382688,-0.6107648,-0.117544144,-0.81943685,-0.09911088,-0.6816425,-0.07694266,-0.55005,E
0.0,0.0,0.2058042,-0.15138061,0.3112565,-0.39722946,0.086953595,-0.5633917,-0.1335795,-0.57042927,0.39075968,-0.626098,0.39200714,-0.90780383,0.30556262,-0.7552674,0.2828075,-0.6006406,0.20368949,-0.66209394,0.22413038,-1.0,0.15254533,-0.8222537,0.14310928,-0.6615555,0.035497766,-0.6599806,0.024926085,-0.9890878,0.0025137675,-0.80950344,0.009864137,-0.6619641,-0.12699428,-0.6121937,-0.13663177,-0.8163902,-0.11466607,-0.68371356,-0.089652106,-0.55381644,E
0.0,0.0,0.21269454,-0.15091318,0.31187472,-0.39244577,0.076016724,-0.55891246,-0.14402618,-0.5661318,0.38420367,-0.6319413,0.3759788,-0.9137731,0.2960363,-0.7589284,0.28090614,-0.6049933,0.19313562,-0.6631746,0.21057747,-1.0,0.14168032,-0.81456244,0.13467553,-0.6542439,0.023605462,-0.6577315,0.007664093,-0.98134047,-0.01207585,-0.79145235,-0.00017797569,-0.63942385,-0.14011353,-0.60985935,-0.15415438,-0.81941986,-0.13047118,-0.6876312,-0.1021931,-0.55836093,E
0.0,0.0,0.2202251,-0.14658451,0.3243707,-0.39007163,0.09122891,-0.5579304,-0.13071738,-0.56649315,0.38647115,-0.6378713,0.37065676,-0.91394484,0.2892578,-0.74901366,0.2804808,-0.60107464,0.19575173,-0.66324574,0.19995725,-1.0,0.13528009,-0.807975,0.1322172,-0.64840794,0.02427024,-0.65346026,-0.003662189,-0.9776898,-0.018939428,-0.7679688,-0.0020906914,-0.60503894,-0.14094946,-0.60252345,-0.16275781,-0.82209826,-0.13906085,-0.6833634,-0.10897382,-0.5507175,E
0.0,0.0,0.22043736,-0.14270955,0.32593578,-0.38781282,0.08773947,-0.5497779,-0.14105158,-0.551146,0.38280454,-0.6425765,0.3595555,-0.92989707,0.28253326,-0.75657785,0.28843352,-0.6114663,0.18782574,-0.6625643,0.19439359,-1.0,0.13492632,-0.791132,0.1418784,-0.6390823,0.010022227,-0.65046966,-0.023904253,-0.9845104,-0.027523946,-0.7614073,0.003922046,-0.59925187,-0.16100034,-0.59841007,-0.19796707,-0.8051612,-0.1610184,-0.6589211,-0.116073795,-0.5277577,E
0.0,0.0,0.21890526,-0.1526218,0.31796727,-0.38830554,0.08480771,-0.54187655,-0.13760553,-0.54964817,0.3889225,-0.63411707,0.38072732,-0.9280598,0.29324627,-0.77304006,0.28660405,-0.61905175,0.19024234,-0.6542084,0.21519943,-1.0,0.14203697,-0.8030542,0.14012274,-0.6453426,0.011037618,-0.64372534,-0.027678788,-0.9728627,-0.045312736,-0.74634916,-0.014952033,-0.5780553,-0.1592666,-0.59185994,-0.22221318,-0.7952507,-0.19052972,-0.6497131,-0.13642634,-0.5216985,E
0.0,0.0,0.22841038,-0.15310483,0.338636,-0.38846937,0.12296702,-0.5497472,-0.08849953,-0.57135546,0.38594532,-0.635975,0.37686214,-0.93449557,0.28658047,-0.77415687,0.28218564,-0.617389,0.18263283,-0.6479024,0.20041315,-1.0,0.13312939,-0.79866576,0.14146076,-0.64280796,0.0022468565,-0.6257894,-0.04831209,-0.9465674,-0.05187176,-0.7182572,-0.0070844535,-0.54972285,-0.16197668,-0.5602033,-0.2316798,-0.7644504,-0.19378048,-0.61512125,-0.13102981,-0.48358876,E
0.0,0.0,0.25586674,-0.16424139,0.37386137,-0.3951191,0.20996939,-0.58103526,0.020938633,-0.6390488,0.35212612,-0.7150167,0.38852417,-0.90344596,0.3798974,-0.72057617,0.3631569,-0.5865928,0.1796931,-0.74082416,0.21065992,-1.0,0.2270264,-0.7631634,0.21788555,-0.6134538,0.0054390384,-0.7259945,0.025459338,-0.9469464,0.083454736,-0.72158724,0.088045366,-0.5804501,-0.18286708,-0.6710645,-0.12492525,-0.8035697,-0.06690017,-0.6437244,-0.05877434,-0.5422455,E
0.0,0.0,0.23561774,-0.18523663,0.3499835,-0.42460433,0.15474516,-0.6019241,-0.030821364,-0.6340843,0.39161578,-0.6632932,0.34323063,-0.94666433,0.26424044,-0.7756304,0.26528066,-0.6302569,0.18742988,-0.66632956,0.17150822,-1.0,0.114268,-0.7823802,0.1282793,-0.63542426,0.007634004,-0.6413245,-0.05447035,-0.9367714,-0.06393237,-0.71789956,-0.024931379,-0.57565945,-0.16235475,-0.5761044,-0.22741298,-0.7804127,-0.20129555,-0.6392053,-0.14345518,-0.5240703,E
0.0,0.0,0.24032071,-0.17204203,0.37288502,-0.4130257,0.20680737,-0.6146328,0.04636044,-0.7113726,0.39121798,-0.65190816,0.36251813,-0.94337213,0.27872065,-0.79816896,0.27717283,-0.6336706,0.18629828,-0.65471,0.17982693,-1.0,0.11985521,-0.8029377,0.13389473,-0.63202316,0.01115056,-0.6274362,-0.059407085,-0.92107534,-0.0624625,-0.7054003,-0.0127786985,-0.53703994,-0.1465781,-0.56354684,-0.24402414,-0.7510118,-0.20812556,-0.6181678,-0.137325,-0.49501866,E
0.0,0.0,0.23912513,-0.16156398,0.38771603,-0.40950626,0.27607203,-0.6293152,0.16569875,-0.7659039,0.39434156,-0.64570165,0.3834398,-0.942522,0.29922363,-0.7856786,0.29192486,-0.6217159,0.19167481,-0.6585459,0.19688523,-1.0,0.13546395,-0.79206204,0.1508847,-0.6324001,0.021676447,-0.6366537,-0.0520612,-0.91374725,-0.061311673,-0.680788,-0.011338129,-0.52145994,-0.13417307,-0.5738905,-0.23100801,-0.75018597,-0.19781445,-0.6011193,-0.12343163,-0.47991666,E
0.0,0.0,0.23563056,-0.150329,0.3730589,-0.40938893,0.22173882,-0.63115096,0.080160476,-0.74864674,0.38670182,-0.64845264,0.36414054,-0.9526033,0.28868222,-0.78072727,0.29160383,-0.6209109,0.18318868,-0.6568176,0.17843205,-1.0,0.13285854,-0.78017455,0.1586781,-0.6409353,0.010872252,-0.6303879,-0.0684466,-0.8999507,-0.06428319,-0.6642282,-0.010021637,-0.52346087,-0.14734288,-0.5686788,-0.24421115,-0.7511788,-0.2054588,-0.6002763,-0.13572726,-0.48706198,E
0.0,0.0,0.23801123,-0.16482577,0.36250734,-0.42824176,0.19452338,-0.6640505,0.039435454,-0.78640425,0.3719503,-0.65531856,0.36146814,-0.9490723,0.28470442,-0.7881647,0.27857253,-0.61939406,0.16677432,-0.6572386,0.16302596,-1.0,0.11360797,-0.79473305,0.13598065,-0.6416986,-0.0061821383,-0.62483126,-0.081667155,-0.8982234,-0.08250971,-0.67142236,-0.030300915,-0.517837,-0.16683635,-0.5575013,-0.25535655,-0.73443884,-0.22334972,-0.6013523,-0.15631704,-0.49278408,E
0.0,0.0,0.21737204,-0.16345568,0.34334028,-0.4242473,0.22175227,-0.66646135,0.13094409,-0.83717793,0.3904003,-0.647192,0.36339802,-0.9360753,0.28382143,-0.78610766,0.27735257,-0.6162311,0.1894949,-0.65620846,0.17224121,-1.0,0.11730557,-0.8038602,0.13869007,-0.6469014,0.0204547,-0.6326074,-0.07014619,-0.89595306,-0.07520349,-0.6705168,-0.024684433,-0.5154094,-0.1373626,-0.5702644,-0.23469728,-0.73899764,-0.20609845,-0.5906899,-0.14074907,-0.4732134,E
0.0,0.0,0.23788027,-0.14928736,0.3692122,-0.4115505,0.20632038,-0.64054817,0.047730125,-0.7456732,0.39493826,-0.649522,0.37175587,-0.9467323,0.28496033,-0.7970445,0.27849624,-0.63056123,0.19137432,-0.6560777,0.18161193,-1.0,0.122300245,-0.80647045,0.14006953,-0.65200746,0.019475326,-0.628565,-0.058921695,-0.91778755,-0.06893035,-0.7022722,-0.022699557,-0.5427703,-0.13786454,-0.562903,-0.22824906,-0.7419136,-0.20701356,-0.6194788,-0.14929736,-0.5082133,E
0.0,0.0,0.23586905,-0.1544941,0.36057812,-0.4123624,0.17188945,-0.63841975,-0.010136365,-0.7429133,0.38219434,-0.6423761,0.36797547,-0.9437045,0.27775538,-0.78482753,0.26819295,-0.6171294,0.17820132,-0.64777267,0.17082237,-1.0,0.10885649,-0.78405,0.12682751,-0.6248647,0.0032501793,-0.62384623,-0.06749772,-0.92645115,-0.0765148,-0.7009383,-0.033017937,-0.54059166,-0.16154823,-0.5672653,-0.24726214,-0.7569821,-0.22280256,-0.6256532,-0.16681926,-0.5105114,E
0.0,0.0,0.23319489,-0.15582028,0.34828058,-0.4156084,0.16243465,-0.6357564,-0.013954709,-0.72907823,0.37968713,-0.6470196,0.36983407,-0.93348527,0.27768993,-0.7764194,0.262793,-0.6147217,0.17905676,-0.65583974,0.1845328,-1.0,0.11038619,-0.80250967,0.12039118,-0.6473021,0.00488649,-0.62730837,-0.050716847,-0.9276752,-0.076905005,-0.7271419,-0.04161893,-0.5674335,-0.16090833,-0.5577701,-0.23147751,-0.7547792,-0.22506079,-0.665071,-0.18222399,-0.56980646,E
0.0,0.0,0.24045056,-0.17030284,0.35965917,-0.42353258,0.16618612,-0.622984,-0.02946643,-0.67731696,0.39090812,-0.6385588,0.3743348,-0.9391283,0.28032145,-0.78159416,0.27416122,-0.62447816,0.18969819,-0.64683574,0.19592904,-1.0,0.12161185,-0.79426664,0.13179551,-0.637581,0.01257393,-0.6324954,-0.03538772,-0.9580741,-0.06069472,-0.74198925,-0.031057898,-0.5701717,-0.15662399,-0.5830922,-0.22216433,-0.79861444,-0.2035975,-0.6670677,-0.15619032,-0.53798133,E
0.0,0.0,0.25249794,-0.18185395,0.35976616,-0.41140273,0.2565048,-0.6152034,0.09771133,-0.6898227,0.3463725,-0.70560193,0.39176136,-0.89832926,0.38797092,-0.7242798,0.36961785,-0.5837781,0.18041444,-0.7315212,0.21163735,-1.0,0.23359428,-0.76617146,0.22840825,-0.61365855,0.007178406,-0.7204089,0.025860656,-0.95470655,0.09100178,-0.73349047,0.09862402,-0.5865617,-0.17849508,-0.6695952,-0.12556021,-0.8128432,-0.062014543,-0.65783536,-0.050793756,-0.5466704,E
0.0,0.0,0.23419404,-0.16603261,0.3535603,-0.4169869,0.14615338,-0.6246303,-0.04984204,-0.6708257,0.41605175,-0.66378564,0.36330616,-0.95079094,0.26490352,-0.7777229,0.26788527,-0.6333452,0.21528512,-0.6697034,0.19830115,-1.0,0.112642296,-0.79600495,0.12687488,-0.6503451,0.03727099,-0.6518829,-0.01502088,-0.9602035,-0.057650104,-0.75793153,-0.025075404,-0.6088324,-0.13305284,-0.5958354,-0.18429638,-0.80351204,-0.18114664,-0.6785744,-0.13149239,-0.5598136,E
0.0,0.0,0.25232673,-0.14765698,0.4011695,-0.4050927,0.194288,-0.6170205,-0.012447892,-0.67312586,0.44012752,-0.6501287,0.39998245,-0.942905,0.3092939,-0.76798785,0.31067446,-0.6132249,0.23775911,-0.6603926,0.22359401,-1.0,0.15158015,-0.7751556,0.16287357,-0.6197327,0.064250626,-0.64957815,0.01014839,-0.9516,-0.015066311,-0.7103197,0.017958432,-0.551499,-0.09919829,-0.60956424,-0.15862298,-0.8111246,-0.14519675,-0.65074086,-0.10066555,-0.52641547,E
0.0,0.0,0.25391206,-0.14522001,0.39676735,-0.39687946,0.18272151,-0.6134843,-0.030869957,-0.67654246,0.4294447,-0.6372783,0.40160567,-0.9364073,0.3042991,-0.7608581,0.30415604,-0.6097035,0.22885627,-0.6548417,0.22059797,-1.0,0.14413413,-0.76980615,0.15785465,-0.61263156,0.05503893,-0.6468539,0.002952288,-0.9554116,-0.026371764,-0.71201277,0.0077808932,-0.5505057,-0.111172594,-0.60650414,-0.16801393,-0.8073026,-0.15272841,-0.63986564,-0.1043,-0.5082564,E
0.0,0.0,0.2441755,-0.14623903,0.377652,-0.40036762,0.16525686,-0.6080073,-0.04626282,-0.6603362,0.42381912,-0.63181764,0.39444816,-0.93453515,0.29819664,-0.7691301,0.2955331,-0.6160225,0.22817422,-0.651545,0.22095096,-1.0,0.13871567,-0.7837239,0.14441507,-0.6206882,0.054740917,-0.64342046,0.007172151,-0.960959,-0.02639694,-0.7298867,0.00088668475,-0.5616268,-0.110769846,-0.5989058,-0.1645837,-0.80824393,-0.15292136,-0.6510336,-0.11035992,-0.51555955,E
0.0,0.0,0.24918751,-0.12919,0.38916823,-0.38600585,0.17494436,-0.60521466,-0.04705275,-0.65973115,0.41339183,-0.6299468,0.39446732,-0.9387512,0.30041853,-0.76225686,0.3013495,-0.6094656,0.22124547,-0.6493948,0.2286877,-1.0,0.15143648,-0.7810886,0.1593072,-0.624717,0.050197978,-0.64014256,0.011632339,-0.9661449,-0.020102577,-0.7295044,0.009363104,-0.5627125,-0.11360531,-0.59759414,-0.16271865,-0.81160057,-0.15042499,-0.65364164,-0.10783048,-0.5200373,E
0.0,0.0,0.25797108,-0.14453919,0.39770094,-0.39439043,0.1752822,-0.6022516,-0.05217724,-0.6434252,0.4267282,-0.6346399,0.4071749,-0.9370894,0.312964,-0.76538247,0.3093808,-0.6080939,0.23054618,-0.6540583,0.23859681,-1.0,0.15762144,-0.7830533,0.15981965,-0.61871076,0.05752795,-0.64614904,0.016982613,-0.97267306,-0.01814925,-0.7315218,0.008664717,-0.5548767,-0.1090322,-0.6028423,-0.1641289,-0.8141784,-0.150932,-0.65104717,-0.1054628,-0.50950867,E
0.0,0.0,0.25056714,-0.14358087,0.38386258,-0.39745897,0.16881867,-0.61926085,-0.047232866,-0.68514776,0.42982972,-0.6377067,0.4043082,-0.9374804,0.3090535,-0.76012635,0.3127695,-0.60872036,0.23058715,-0.65375894,0.23310658,-1.0,0.15293874,-0.76989067,0.17053007,-0.62160015,0.056988977,-0.6484661,0.016628154,-0.9732144,-0.018498873,-0.73141515,0.017089752,-0.5702601,-0.11059536,-0.61204934,-0.1640722,-0.8210403,-0.15091732,-0.6624762,-0.10082061,-0.5340153,E
0.0,0.0,0.2484628,-0.1466073,0.37814668,-0.40091932,0.15599555,-0.61035275,-0.071342446,-0.65499324,0.43082434,-0.6357888,0.4104905,-0.93910974,0.31348112,-0.7565888,0.31715938,-0.60582995,0.2335614,-0.6569016,0.24567162,-1.0,0.15776521,-0.772068,0.16880083,-0.62055224,0.058525547,-0.6562651,0.026029468,-0.9784576,-0.017965648,-0.73302037,0.014834528,-0.5724532,-0.109665625,-0.62015367,-0.1571024,-0.82942396,-0.15055849,-0.66783607,-0.1042776,-0.5348227,E
0.0,0.0,0.25348973,-0.15146658,0.39160505,-0.39483652,0.18760371,-0.60280144,-0.035775788,-0.6350484,0.43031132,-0.6390174,0.41648704,-0.9327877,0.31303054,-0.7648885,0.30579248,-0.61448437,0.23430225,-0.6593977,0.24660826,-1.0,0.16021748,-0.7794767,0.16831212,-0.6265476,0.0621865,-0.6567599,0.029523028,-0.9775545,-0.013742023,-0.7368748,0.013696811,-0.57193005,-0.10701411,-0.61985934,-0.15355882,-0.8318944,-0.14717236,-0.6760409,-0.102946185,-0.54318786,E
0.0,0.0,0.25172964,-0.14782475,0.38736352,-0.40026194,0.15590698,-0.6134095,-0.08340826,-0.6519883,0.4387007,-0.63602006,0.41585338,-0.94409686,0.3130135,-0.7709698,0.30832365,-0.6144742,0.24011886,-0.6532808,0.24075802,-1.0,0.15821724,-0.7791956,0.1686643,-0.62223107,0.06547874,-0.6477456,0.022855053,-0.97137046,-0.011440466,-0.73230445,0.021813966,-0.57042164,-0.101549886,-0.61078113,-0.15274893,-0.81951374,-0.1434536,-0.6575239,-0.100171715,-0.5235059,E
0.0,0.0,0.26857102,-0.15508907,0.37835443,-0.36927778,0.2648727,-0.5710324,0.09708672,-0.6608953,0.35977396,-0.7059335,0.41711876,-0.9046816,0.40350816,-0.7268113,0.37307706,-0.58191615,0.18229418,-0.72693753,0.23221444,-1.0,0.25112155,-0.7618332,0.24228396,-0.6197986,0.0070648678,-0.71848136,0.044342224,-0.95673096,0.10753978,-0.7365583,0.10679459,-0.59277934,-0.1769891,-0.6744251,-0.106026985,-0.8233167,-0.044949327,-0.67204237,-0.045542955,-0.55889773,E
0.0,0.0,0.25388482,-0.15434527,0.38717726,-0.38256648,0.18570943,-0.57936996,-0.020648297,-0.6090408,0.43109003,-0.6469157,0.38009498,-0.9397901,0.2881665,-0.7639723,0.29559374,-0.623694,0.23910218,-0.6642126,0.23009767,-1.0,0.14463355,-0.7906208,0.1538119,-0.6478982,0.06852583,-0.65919566,0.021339018,-0.97418654,-0.024070252,-0.7655617,0.004671005,-0.6158601,-0.100791484,-0.6134279,-0.14524184,-0.82776344,-0.14131312,-0.6889264,-0.095508546,-0.55733716,E
0.0,0.0,0.2434058,-0.14279217,0.37729812,-0.4126626,0.1651177,-0.65251094,-0.035453033,-0.73485726,0.44464377,-0.6331637,0.41421562,-0.93453974,0.3192281,-0.7593913,0.3154905,-0.60694593,0.24422252,-0.65268576,0.23238638,-1.0,0.16351987,-0.7721064,0.1745991,-0.6158138,0.071290106,-0.6481757,0.031702634,-0.9599334,0.007960722,-0.7247488,0.033131678,-0.57426023,-0.09544488,-0.61219597,-0.12977204,-0.82516176,-0.1176971,-0.66536564,-0.08420885,-0.54006404,E
0.0,0.0,0.24064888,-0.15385088,0.37532476,-0.4082778,0.15568952,-0.59739536,-0.082352825,-0.6105148,0.43585518,-0.6381604,0.41486543,-0.9347593,0.3218989,-0.77266175,0.3157408,-0.6190507,0.24263144,-0.66135836,0.25250065,-1.0,0.17637573,-0.7967128,0.17376421,-0.63964134,0.068328075,-0.65779513,0.028647406,-0.97671765,0.0040058047,-0.7442222,0.030154094,-0.5801935,-0.09793615,-0.6156331,-0.14401884,-0.81923985,-0.12243846,-0.6592414,-0.07631491,-0.5274673,E
0.0,0.0,0.23715024,-0.1598153,0.3592457,-0.41165107,0.16126199,-0.6267685,-0.04253733,-0.6897172,0.44310313,-0.62893975,0.41807792,-0.93154246,0.31760362,-0.7617555,0.3193521,-0.61030805,0.24591982,-0.65053844,0.25710124,-1.0,0.17276573,-0.78926414,0.18403241,-0.6397316,0.07092571,-0.6503159,0.035893936,-0.98450184,-0.0034017635,-0.748045,0.028146405,-0.5831008,-0.096171625,-0.6103147,-0.14413491,-0.8246584,-0.13276593,-0.66776645,-0.08347617,-0.53542686,E
0.0,0.0,0.24283426,-0.1485401,0.3781747,-0.40108943,0.16914308,-0.61068535,-0.05158489,-0.6604461,0.4277254,-0.63965994,0.40151036,-0.939042,0.31276512,-0.75927025,0.32309645,-0.6101925,0.23326516,-0.662366,0.24702272,-1.0,0.17506507,-0.7761284,0.18795666,-0.6329208,0.058181565,-0.6587691,0.028398175,-0.9906462,-6.300754e-05,-0.7452064,0.030345336,-0.5876303,-0.11270548,-0.61460394,-0.1536294,-0.8334871,-0.13742635,-0.66860276,-0.0937492,-0.5369489,E
0.0,0.0,0.2436442,-0.14578229,0.37338078,-0.40232635,0.15671583,-0.61805516,-0.06319223,-0.68031293,0.43152636,-0.6277119,0.4144186,-0.9306227,0.32285824,-0.7675449,0.3234143,-0.61400664,0.23626806,-0.65122914,0.24567147,-1.0,0.16985668,-0.791692,0.17760436,-0.6386562,0.063354105,-0.6488289,0.031426936,-0.9836488,0.003911321,-0.7549516,0.033110186,-0.5919894,-0.10298621,-0.60821337,-0.14510064,-0.8251441,-0.12881036,-0.6695078,-0.085079096,-0.5369473,E
0.0,0.0,0.24084422,-0.14665681,0.36860344,-0.40430924,0.14729364,-0.607725,-0.077372625,-0.64606965,0.4314891,-0.6280403,0.40778962,-0.9318426,0.31887853,-0.7702029,0.3182165,-0.61629725,0.23890977,-0.65157014,0.24199998,-1.0,0.17232256,-0.7995286,0.17782588,-0.6440867,0.06679383,-0.64648294,0.034710974,-0.98187226,0.013553612,-0.76006806,0.041534215,-0.60093004,-0.09885816,-0.6016852,-0.13200097,-0.8220262,-0.11365669,-0.6677255,-0.07419989,-0.5340299,E
0.0,0.0,0.24139838,-0.14484178,0.37430853,-0.402229,0.1486059,-0.605284,-0.07252427,-0.667835,0.4180977,-0.63969326,0.3986635,-0.930059,0.325858,-0.76430833,0.3284655,-0.6102275,0.22576545,-0.6646003,0.22877298,-1.0,0.170022,-0.7893796,0.17601271,-0.63417375,0.055734694,-0.6580078,0.028122056,-0.9860172,0.012896516,-0.7539671,0.0376011,-0.5925296,-0.10918212,-0.6100535,-0.13331394,-0.82808423,-0.112391815,-0.6645767,-0.07589218,-0.5283274,E
0.0,0.0,0.24610169,-0.15996538,0.37117168,-0.417878,0.1397854,-0.6164349,-0.08837899,-0.6589258,0.42247063,-0.63105255,0.40202856,-0.92790264,0.32193664,-0.76650816,0.3251426,-0.6150605,0.2311148,-0.65302575,0.2347639,-1.0,0.1685254,-0.7957345,0.17506807,-0.6399727,0.061530687,-0.64804465,0.029340329,-0.9925707,0.012341022,-0.7689395,0.04118937,-0.60708386,-0.10519204,-0.6022101,-0.13882932,-0.829586,-0.11553052,-0.67241096,-0.07363455,-0.5355902,E
0.0,0.0,0.23615703,-0.14721963,0.35989034,-0.40675524,0.13927695,-0.6174438,-0.07334537,-0.6927831,0.4215376,-0.626084,0.39771932,-0.92214465,0.3230228,-0.7658379,0.32074043,-0.6068601,0.23259005,-0.6509018,0.23086046,-1.0,0.17205377,-0.8073412,0.17110385,-0.6449433,0.06275049,-0.64626557,0.02841762,-0.98056936,0.016819838,-0.7643109,0.039481808,-0.6001155,-0.10345161,-0.5998024,-0.13406055,-0.8234991,-0.108611204,-0.67064553,-0.07477708,-0.53409344,E
0.0,0.0,0.2553406,-0.15056573,0.38374367,-0.38727686,0.24433172,-0.60909325,0.07204609,-0.7125987,0.36734864,-0.69308764,0.4136816,-0.90162086,0.402082,-0.72454983,0.37891257,-0.58658075,0.19354099,-0.7243366,0.23961441,-1.0,0.25850448,-0.76038754,0.24729067,-0.6115737,0.019053295,-0.71542674,0.046043776,-0.96655124,0.109316,-0.7372674,0.11020659,-0.5948071,-0.17102677,-0.6647197,-0.10961247,-0.8204018,-0.043664705,-0.65900433,-0.037995957,-0.5501851,E
0.0,0.0,0.18269938,-0.18641014,0.2891433,-0.3422196,0.33548415,-0.5309022,0.30892617,-0.6937349,-0.0010695283,-0.4952816,0.072183385,-0.6619074,0.17994782,-0.7192868,0.27550995,-0.75082254,-0.12244717,-0.51037467,-0.09647975,-0.7456111,0.0019735585,-0.8619395,0.10004494,-0.94139874,-0.2250236,-0.48644707,-0.31472638,-0.7328683,-0.28559747,-0.88553053,-0.22893581,-1.0,-0.30940735,-0.41705424,-0.44859496,-0.533641,-0.48456854,-0.641503,-0.48329023,-0.7412943,F
0.0,0.0,0.15412587,-0.16195776,0.25527108,-0.3228021,0.2837718,-0.5024105,0.267645,-0.66788536,-0.06155716,-0.4911213,0.0150350025,-0.6561022,0.11987667,-0.7149827,0.21821351,-0.7231993,-0.18217881,-0.51847863,-0.17832272,-0.7242883,-0.086815536,-0.85176474,0.011827347,-0.9445456,-0.29420832,-0.4949593,-0.38492888,-0.7094283,-0.3566657,-0.86973715,-0.29168916,-1.0,-0.38246125,-0.41941786,-0.5531989,-0.51728934,-0.5906307,-0.61883926,-0.57318664,-0.7191106,F
0.0,0.0,0.13822186,-0.16833876,0.23211655,-0.34051862,0.26967454,-0.5114697,0.25490436,-0.6777295,-0.09130957,-0.5097264,-0.022661978,-0.69615257,0.09262106,-0.73350614,0.20978281,-0.7172532,-0.20397659,-0.5238484,-0.20671657,-0.7419989,-0.1088935,-0.8748861,-0.00056665036,-0.9690646,-0.3047222,-0.48426476,-0.4071794,-0.70387703,-0.38270906,-0.86409557,-0.31348327,-1.0,-0.38799044,-0.39622527,-0.5806178,-0.48293132,-0.6155758,-0.59539175,-0.5856526,-0.71810263,F
0.0,0.0,0.17253216,-0.11816129,0.3014229,-0.3017536,0.3675782,-0.46924734,0.36714277,-0.6372871,0.005231062,-0.5674644,0.1010517,-0.74882114,0.21332806,-0.7681467,0.32169795,-0.718539,-0.11519448,-0.59358543,-0.07546043,-0.82021123,0.056472417,-0.9144733,0.18878748,-0.93749577,-0.23352441,-0.56522435,-0.2839867,-0.8140706,-0.19167064,-0.9321972,-0.07274226,-1.0,-0.34240013,-0.48084322,-0.5021608,-0.6134934,-0.5054775,-0.7393461,-0.4486236,-0.8487279,F
0.0,0.0,0.104070835,-0.2529494,0.15503116,-0.4268132,0.18657604,-0.57488275,0.18190143,-0.7415809,-0.19938344,-0.52013075,-0.13988915,-0.6856779,-0.017053261,-0.7741011,0.08743326,-0.820649,-0.269943,-0.5538041,-0.28939268,-0.74957716,-0.19174294,-0.90256864,-0.079329304,-0.97966045,-0.34024817,-0.55982244,-0.46463522,-0.7331448,-0.42838106,-0.8902294,-0.3586355,-1.0,-0.39084932,-0.53000873,-0.57121193,-0.6263006,-0.57778347,-0.73828447,-0.52913284,-0.82301664,F
0.0,0.0,0.11045797,-0.19753553,0.13891204,-0.39059904,0.15545854,-0.54456526,0.14488204,-0.70817673,-0.23597632,-0.47995058,-0.17682298,-0.6574773,-0.050401602,-0.73987395,0.053703938,-0.76610297,-0.32101333,-0.5193401,-0.3341445,-0.72914827,-0.24462385,-0.89266676,-0.13801707,-0.98582375,-0.40575925,-0.52123153,-0.51939774,-0.6973761,-0.4772658,-0.86803746,-0.4025485,-1.0,-0.47609222,-0.49350357,-0.67000383,-0.5694518,-0.6906301,-0.6943309,-0.6461493,-0.8052526,F
0.0,0.0,0.12263515,-0.18650669,0.15973039,-0.37052724,0.17725113,-0.5306636,0.15189534,-0.699351,-0.24314818,-0.47795153,-0.16751611,-0.66475105,-0.041167613,-0.75833833,0.06860064,-0.7892824,-0.3351201,-0.5155837,-0.35609624,-0.74163634,-0.26462695,-0.9107422,-0.15305124,-1.0,-0.41267693,-0.51426893,-0.5514984,-0.6873797,-0.5108709,-0.8675194,-0.4340066,-0.9992611,-0.46462503,-0.4851526,-0.675272,-0.5535841,-0.70499414,-0.6847008,-0.66891146,-0.80114084,F
0.0,0.0,0.12536503,-0.17601293,0.16739781,-0.35832855,0.18509011,-0.520736,0.17564258,-0.6994477,-0.2359103,-0.45680213,-0.14090814,-0.65157217,-0.0007583595,-0.7272357,0.12619786,-0.74423605,-0.33080873,-0.50318503,-0.3383918,-0.75998175,-0.21913435,-0.91434884,-0.0796977,-0.9830807,-0.40629527,-0.5102991,-0.52560145,-0.71362877,-0.47008562,-0.88502115,-0.38063967,-1.0,-0.4601571,-0.4874886,-0.65749615,-0.5549835,-0.68134606,-0.6826718,-0.641536,-0.79529434,F
0.0,0.0,0.12897074,-0.19046533,0.15991408,-0.37861452,0.17833507,-0.5409401,0.16040942,-0.72010344,-0.25346223,-0.4592225,-0.17566738,-0.662152,-0.030082552,-0.7408646,0.09679078,-0.7553842,-0.34844896,-0.5020566,-0.3748603,-0.74508137,-0.27089718,-0.9135737,-0.14177361,-0.99137485,-0.42530265,-0.50714135,-0.564951,-0.6840065,-0.5244841,-0.8705691,-0.4480799,-1.0,-0.47236517,-0.4893555,-0.6741248,-0.5747036,-0.7118671,-0.71484864,-0.68866044,-0.8364743,F
0.0,0.0,0.123557694,-0.17715704,0.15595123,-0.37318203,0.1644875,-0.5305953,0.15803032,-0.7114512,-0.24564406,-0.46371633,-0.16643666,-0.66275764,-0.036718473,-0.741421,0.08747837,-0.76136214,-0.34316647,-0.505102,-0.3701215,-0.76289105,-0.25815594,-0.91679204,-0.11646394,-0.97626233,-0.4231721,-0.5064271,-0.5546477,-0.71427065,-0.5054156,-0.8849752,-0.41870242,-1.0,-0.47993127,-0.47544888,-0.69376177,-0.53548217,-0.7333556,-0.66187346,-0.70883137,-0.7802928,F
0.0,0.0,0.11918923,-0.1781982,0.15710486,-0.3691861,0.1724072,-0.52855647,0.16187224,-0.70254666,-0.23882762,-0.4746507,-0.16951649,-0.6667644,-0.029775461,-0.7313136,0.10299445,-0.74015224,-0.32868585,-0.5094785,-0.36257073,-0.75989604,-0.2518367,-0.913587,-0.11675032,-0.98173606,-0.40535888,-0.5049799,-0.545068,-0.7061307,-0.502597,-0.87937635,-0.42285392,-1.0,-0.46160397,-0.47269338,-0.6741855,-0.5461753,-0.71805185,-0.67657197,-0.69954145,-0.7991223,F
0.0,0.0,0.120396696,-0.17731018,0.15570141,-0.36776894,0.17343342,-0.529325,0.16240297,-0.7003921,-0.2514131,-0.47259802,-0.19203606,-0.6756993,-0.05453942,-0.75129026,0.072659925,-0.7713968,-0.3417697,-0.5039826,-0.36413267,-0.7501833,-0.24211285,-0.89831054,-0.09952321,-0.95533395,-0.4172342,-0.49653476,-0.5556912,-0.70159036,-0.5084687,-0.87836504,-0.42302683,-1.0,-0.47162306,-0.46333224,-0.6761579,-0.544247,-0.7136165,-0.67485154,-0.6886004,-0.7967812,F
0.0,0.0,0.11419831,-0.18394129,0.1353394,-0.37767962,0.14688638,-0.53998864,0.13430019,-0.71478754,-0.26425546,-0.4641676,-0.1963443,-0.6667358,-0.057107605,-0.7430987,0.071769,-0.7634881,-0.35771477,-0.49495438,-0.3765688,-0.7483609,-0.26167026,-0.9039593,-0.120579414,-0.96709836,-0.43707228,-0.4900466,-0.57464045,-0.6971702,-0.5311774,-0.8779789,-0.4463271,-1.0,-0.49390742,-0.4583681,-0.70029753,-0.535286,-0.7372444,-0.66783595,-0.70777804,-0.7921148,F
0.0,0.0,0.13703898,-0.1915831,0.22074814,-0.37898654,0.25604397,-0.5475595,0.23502283,-0.7052012,-0.10085253,-0.5219992,-0.035955336,-0.7001357,0.07606968,-0.7390789,0.19334705,-0.73730975,-0.2197071,-0.5319915,-0.21910177,-0.75004727,-0.12455016,-0.8881212,-0.018554898,-0.9749316,-0.31846613,-0.4952131,-0.42227265,-0.7118356,-0.39132705,-0.8698742,-0.32959077,-1.0,-0.39568645,-0.41493288,-0.5728765,-0.49445876,-0.6196422,-0.59926003,-0.61605597,-0.71756935,F
0.0,0.0,0.08946994,-0.19386147,0.1130535,-0.36822417,0.12585434,-0.5271137,0.13078283,-0.6993913,-0.2551425,-0.4988076,-0.18111569,-0.68462014,-0.045434672,-0.7340109,0.082412355,-0.7340683,-0.3352808,-0.5279283,-0.3242733,-0.7499267,-0.20084654,-0.9076202,-0.059904363,-1.0,-0.39893225,-0.50985944,-0.5235185,-0.70527226,-0.49515438,-0.866972,-0.41606575,-0.9901825,-0.43416232,-0.4653321,-0.63310134,-0.5356768,-0.66918075,-0.6432358,-0.64192843,-0.7529663,F
0.0,0.0,0.10400723,-0.18153404,0.099767976,-0.3740406,0.10644618,-0.53807783,0.085905425,-0.70235384,-0.309773,-0.45736155,-0.24400267,-0.66383415,-0.11277587,-0.73684037,0.010877293,-0.750756,-0.3947956,-0.48461786,-0.42608467,-0.7349562,-0.3344205,-0.88789445,-0.20923336,-0.96218765,-0.46897653,-0.4763548,-0.6015222,-0.69426996,-0.5692541,-0.8745214,-0.49240938,-1.0,-0.52393466,-0.44275698,-0.728033,-0.5195994,-0.76335865,-0.6514907,-0.7278871,-0.7755029,F
0.0,0.0,0.09586415,-0.16749299,0.10949106,-0.365916,0.111459784,-0.5331616,0.09085763,-0.6945842,-0.30474547,-0.47467673,-0.2517705,-0.6886222,-0.1224199,-0.7698258,0.0096535245,-0.7925112,-0.3872607,-0.5017053,-0.440206,-0.73012227,-0.34881598,-0.88137704,-0.226805,-0.9655888,-0.45813596,-0.49199468,-0.6127163,-0.69264686,-0.5817707,-0.8660689,-0.50764394,-1.0,-0.50830525,-0.45431763,-0.7161403,-0.52141577,-0.7646365,-0.6411651,-0.752489,-0.7657259,F
0.0,0.0,0.093474425,-0.17141518,0.11112214,-0.3662978,0.116223656,-0.5341839,0.0955793,-0.69958866,-0.32042864,-0.45929015,-0.2575183,-0.67721516,-0.118423715,-0.75630426,0.01521055,-0.7727075,-0.40474808,-0.48678422,-0.43759763,-0.7184296,-0.33210114,-0.8804662,-0.20317799,-0.9719314,-0.4756284,-0.47570017,-0.62133306,-0.6774373,-0.5916989,-0.85928375,-0.5193747,-1.0,-0.5246711,-0.43617764,-0.7287314,-0.50814307,-0.7794601,-0.6330806,-0.7662295,-0.76071554,F
0.0,0.0,0.09855659,-0.1775487,0.12724988,-0.38604882,0.14127131,-0.55424774,0.12261913,-0.7143956,-0.27562833,-0.482975,-0.21447684,-0.69258416,-0.08302307,-0.7610813,0.047372036,-0.7745555,-0.36712873,-0.5109954,-0.3901126,-0.733194,-0.28590545,-0.89069337,-0.15919371,-0.98366493,-0.4417734,-0.49094588,-0.58794695,-0.67737806,-0.56832373,-0.8539687,-0.50418156,-1.0,-0.4925738,-0.43925288,-0.696438,-0.5066797,-0.7560555,-0.62270796,-0.7546075,-0.744184,F
0.0,0.0,0.09660293,-0.183155,0.13476115,-0.3828494,0.15195104,-0.5460338,0.13022925,-0.713732,-0.25099343,-0.47328582,-0.19057961,-0.6706258,-0.071544595,-0.7434516,0.049220204,-0.7696756,-0.3430275,-0.49850765,-0.36711416,-0.729682,-0.27345878,-0.8833198,-0.15415855,-0.975284,-0.42548302,-0.47748342,-0.5695346,-0.6815259,-0.55061215,-0.8556965,-0.48391822,-1.0,-0.48801723,-0.42250422,-0.6997928,-0.48840845,-0.75033325,-0.60735226,-0.7316792,-0.72804695,F
0.0,0.0,0.11565954,-0.17614883,0.16004874,-0.38063574,0.16920683,-0.54698956,0.13787815,-0.7123242,-0.23958832,-0.4824067,-0.19113527,-0.67662245,-0.075839184,-0.742687,0.044692658,-0.76069,-0.3430402,-0.5042703,-0.36533478,-0.7319814,-0.26827663,-0.8835526,-0.1478014,-0.97928584,-0.4343035,-0.48072097,-0.5728693,-0.6876677,-0.54753834,-0.85849047,-0.4742725,-1.0,-0.5069357,-0.42020518,-0.7278654,-0.48450208,-0.7670778,-0.6041077,-0.7317006,-0.7285865,F
0.0,0.0,0.12009084,-0.17325476,0.16676846,-0.3730678,0.16766423,-0.5336473,0.14433153,-0.69903904,-0.21358839,-0.47573772,-0.1719,-0.6666503,-0.059944086,-0.7315077,0.058788747,-0.75167936,-0.32167712,-0.5007,-0.3458378,-0.7231095,-0.24872795,-0.8774397,-0.13017896,-0.977128,-0.41817153,-0.47964543,-0.55347794,-0.69286317,-0.52697617,-0.86055285,-0.45259792,-1.0,-0.49809912,-0.42287135,-0.7141018,-0.490765,-0.75286835,-0.60900974,-0.7189139,-0.7327248,F
0.0,0.0,0.117829025,-0.17477459,0.17048861,-0.3775116,0.17496313,-0.5423192,0.14065538,-0.7056279,-0.20961511,-0.48111543,-0.16702664,-0.68211234,-0.057192042,-0.756027,0.06138561,-0.77776057,-0.31368533,-0.5058559,-0.3336251,-0.7269066,-0.23604633,-0.8892756,-0.11599087,-0.99649674,-0.40652052,-0.48370796,-0.5437936,-0.69267756,-0.5175699,-0.86109483,-0.43927398,-1.0,-0.4814245,-0.4258822,-0.702442,-0.49492836,-0.7410837,-0.61299574,-0.7028161,-0.73317873,F
0.0,0.0,0.121300615,-0.17672968,0.17582963,-0.3719146,0.18107913,-0.5337345,0.14566165,-0.69825894,-0.20524861,-0.4806818,-0.15770468,-0.68461204,-0.04837264,-0.755449,0.067894764,-0.7712799,-0.31012586,-0.5036542,-0.32590783,-0.7213591,-0.23071194,-0.8866642,-0.11170348,-1.0,-0.40242,-0.48041952,-0.5357828,-0.6874009,-0.5092781,-0.85761636,-0.42994782,-0.99991596,-0.47620323,-0.42217302,-0.695621,-0.48293218,-0.73131007,-0.5992137,-0.68974406,-0.7183465,F
0.0,0.0,0.10388134,-0.22976224,0.17811465,-0.41618046,0.20939082,-0.5689327,0.18923905,-0.71979946,-0.125151,-0.54991424,-0.06337194,-0.7271553,0.052735608,-0.778076,0.17105271,-0.77415335,-0.23132208,-0.567007,-0.23366524,-0.76286674,-0.1525342,-0.8924329,-0.05787568,-0.9797248,-0.32168934,-0.5396474,-0.41377002,-0.7163761,-0.39816168,-0.8692224,-0.34770048,-1.0,-0.3925439,-0.46775702,-0.5706073,-0.546447,-0.61540246,-0.653441,-0.6098228,-0.7653183,F
0.0,0.0,0.13047506,-0.17876117,0.19091895,-0.367707,0.19070835,-0.529538,0.13787882,-0.6798679,-0.19616747,-0.49959114,-0.14203346,-0.67866546,-0.02393557,-0.7374777,0.08695236,-0.73999137,-0.29568133,-0.51813066,-0.32472482,-0.7415016,-0.22088872,-0.88772166,-0.09792766,-0.976338,-0.39027727,-0.49528587,-0.5255717,-0.69759405,-0.4975416,-0.86395127,-0.4205331,-1.0,-0.4586442,-0.42685485,-0.6732939,-0.4981075,-0.71387374,-0.6098137,-0.67976785,-0.72302896,F
0.0,0.0,0.11866309,-0.18106872,0.16474728,-0.3665783,0.1672425,-0.527481,0.12454578,-0.6905007,-0.22012827,-0.48007607,-0.17023101,-0.68586636,-0.05791932,-0.75659263,0.057050437,-0.7694086,-0.325153,-0.50025743,-0.33780578,-0.7207571,-0.2453032,-0.88350785,-0.12822413,-0.9944498,-0.41724667,-0.47314808,-0.53696626,-0.677394,-0.5167493,-0.8523062,-0.4486651,-1.0,-0.48591575,-0.4070566,-0.699138,-0.4690658,-0.7320456,-0.59029806,-0.688995,-0.71376157,F
0.0,0.0,0.118611276,-0.17552318,0.17021976,-0.36761245,0.15978272,-0.52539605,0.11770222,-0.6886155,-0.21608208,-0.478477,-0.16980776,-0.6735575,-0.0581926,-0.7488329,0.058403246,-0.7779591,-0.3268851,-0.5013079,-0.34470126,-0.71880823,-0.2534042,-0.8859919,-0.1403327,-1.0,-0.4221953,-0.47193953,-0.55558217,-0.6698331,-0.5308256,-0.8414425,-0.45708978,-0.9867522,-0.49467385,-0.40226793,-0.7147087,-0.4589629,-0.7495783,-0.57722324,-0.7086401,-0.69895864,F
0.0,0.0,0.11208392,-0.18015143,0.16235568,-0.37249494,0.15290745,-0.5318354,0.10755744,-0.6987428,-0.22561866,-0.47306398,-0.17549413,-0.6652025,-0.063016295,-0.7427545,0.05563711,-0.7759184,-0.33550784,-0.4967815,-0.35147274,-0.7210468,-0.25910944,-0.888735,-0.14404595,-1.0,-0.43228102,-0.4670118,-0.56254727,-0.67497087,-0.54049593,-0.84739083,-0.47110316,-0.99081445,-0.50418955,-0.3962067,-0.72468513,-0.45495442,-0.76269424,-0.57670814,-0.7248483,-0.70274615,F
0.0,0.0,0.10236672,-0.18122229,0.14196496,-0.38128367,0.13477427,-0.548908,0.07705391,-0.71616375,-0.22983989,-0.48357278,-0.1806042,-0.68257284,-0.06829393,-0.7593099,0.052984595,-0.7921926,-0.33863685,-0.5076104,-0.35562715,-0.7246424,-0.2629465,-0.88839644,-0.1415543,-0.99488515,-0.43399474,-0.47541213,-0.5638336,-0.6849555,-0.5416492,-0.8559191,-0.4676942,-1.0,-0.5036224,-0.4005681,-0.7178594,-0.46041927,-0.7588451,-0.5827131,-0.72182953,-0.7084282,F
0.0,0.0,0.103361964,-0.1812771,0.13852155,-0.37857145,0.12752141,-0.5418626,0.07330014,-0.7126739,-0.24462308,-0.47616574,-0.19578025,-0.68190086,-0.08388991,-0.7604796,0.03352837,-0.78799415,-0.349428,-0.49825698,-0.3714506,-0.7147709,-0.27289087,-0.8790229,-0.14580728,-0.979028,-0.43850493,-0.4681407,-0.5752001,-0.6714673,-0.55209327,-0.8499549,-0.47849977,-1.0,-0.49913886,-0.3999397,-0.72018063,-0.45759678,-0.7626424,-0.5815508,-0.72834843,-0.7110258,F
0.0,0.0,0.09977285,-0.19149521,0.13028403,-0.38628823,0.11225461,-0.5475902,0.06223167,-0.718116,-0.24960555,-0.4753268,-0.20176123,-0.68005824,-0.08890558,-0.7575886,0.031160887,-0.78540707,-0.3542879,-0.49904633,-0.3822526,-0.72040236,-0.28738734,-0.8923279,-0.16222312,-0.99871236,-0.4422249,-0.46944296,-0.5889181,-0.67330277,-0.5668713,-0.850643,-0.49227238,-1.0,-0.50443643,-0.39973992,-0.72266644,-0.4558288,-0.76827484,-0.5762818,-0.73848253,-0.7023379,F
0.0,0.0,0.094289735,-0.19483212,0.122852765,-0.3924875,0.10575384,-0.55487573,0.044155817,-0.728159,-0.27597415,-0.46658072,-0.22576448,-0.6874065,-0.10737137,-0.76723903,0.021353213,-0.78962123,-0.37566575,-0.49181715,-0.41202384,-0.72058827,-0.31685725,-0.89508,-0.18665941,-0.9968026,-0.45650864,-0.46676946,-0.61509675,-0.66880345,-0.59402287,-0.8491511,-0.5153226,-1.0,-0.5065383,-0.40641904,-0.7283525,-0.4606909,-0.7783968,-0.5839586,-0.7517542,-0.71523106,F
0.0,0.0,0.08912575,-0.18937092,0.10584911,-0.39676872,0.08643059,-0.5641301,0.030560663,-0.73483664,-0.2928818,-0.46882448,-0.24647732,-0.6872666,-0.12895639,-0.76751125,0.00080369157,-0.79214805,-0.3967358,-0.49241316,-0.44153726,-0.72541785,-0.3461813,-0.8985408,-0.21214464,-0.9986235,-0.48158237,-0.46436065,-0.6487172,-0.66622424,-0.6279025,-0.8475001,-0.5485546,-1.0,-0.53598714,-0.39787108,-0.7593956,-0.44674394,-0.80856484,-0.569949,-0.7797158,-0.70118797,F
0.0,0.0,0.087866575,-0.19392431,0.10100804,-0.39737418,0.085567184,-0.56270397,0.019661848,-0.72845435,-0.3122745,-0.46608502,-0.24495082,-0.67424285,-0.12675048,-0.752964,0.0010747205,-0.7840899,-0.4081057,-0.4887907,-0.45224237,-0.7329128,-0.35255975,-0.90000546,-0.21152392,-0.9937156,-0.4848554,-0.46217918,-0.65787816,-0.6660179,-0.6377943,-0.8475073,-0.5563507,-1.0,-0.5312175,-0.4029697,-0.7515671,-0.4527381,-0.80845255,-0.5731772,-0.78840053,-0.705021,F
0.0,0.0,0.10611334,-0.20909657,0.18523708,-0.4083522,0.22408539,-0.56615704,0.2121508,-0.7206606,-0.11433308,-0.5613891,-0.04442336,-0.73020464,0.07036067,-0.76828253,0.18931052,-0.75928015,-0.21453267,-0.5711743,-0.20614955,-0.7726537,-0.11043604,-0.8874251,-0.007678337,-0.9620867,-0.30186978,-0.53912044,-0.39179322,-0.7372592,-0.37210825,-0.87869006,-0.3253546,-1.0,-0.37401238,-0.4640893,-0.5518414,-0.5425962,-0.59049886,-0.654183,-0.5801544,-0.7742711,F
0.0,0.0,0.08117221,-0.20092191,0.095660456,-0.39282715,0.08792019,-0.5784276,0.021359984,-0.7476515,-0.32234415,-0.47498232,-0.25656328,-0.70092356,-0.119041175,-0.7614863,0.00020711319,-0.7580547,-0.41290897,-0.48846444,-0.46954378,-0.7415152,-0.34744132,-0.9037348,-0.19973697,-0.99038476,-0.48864752,-0.45682153,-0.6604238,-0.66618,-0.6360086,-0.85339534,-0.5550922,-1.0,-0.5263807,-0.3792719,-0.7554514,-0.4312656,-0.7959163,-0.5472195,-0.7603527,-0.67119485,F
0.0,0.0,0.060956117,-0.19251949,0.0768092,-0.3960775,0.06396081,-0.57103765,-0.01730644,-0.73312825,-0.3287569,-0.46147144,-0.25632578,-0.66745204,-0.14005543,-0.7296234,-0.0078055346,-0.7377595,-0.42457703,-0.4793101,-0.46812207,-0.7250376,-0.37234437,-0.8894923,-0.22976826,-0.979691,-0.501607,-0.45267496,-0.67329293,-0.67283374,-0.65277946,-0.85047,-0.5660609,-1.0,-0.5492211,-0.39322725,-0.761773,-0.44630083,-0.8131503,-0.56849456,-0.7914664,-0.7109417,F
0.0,0.0,0.058416687,-0.19948642,0.06397857,-0.4048757,0.046661545,-0.58304167,-0.03554049,-0.7492861,-0.33737758,-0.47340053,-0.27754378,-0.66121274,-0.16541848,-0.7242696,-0.036708158,-0.74269146,-0.42905822,-0.48576957,-0.48781672,-0.73182535,-0.39026585,-0.89683986,-0.24307813,-0.9919611,-0.50797915,-0.45356628,-0.6947552,-0.67466027,-0.6747767,-0.8485569,-0.5860162,-1.0,-0.5552844,-0.38641196,-0.77752805,-0.4332675,-0.83211625,-0.5522276,-0.81134903,-0.69343287,F
0.0,0.0,0.051182956,-0.20558555,0.05439327,-0.4185937,0.042374548,-0.60249794,-0.039296605,-0.76800394,-0.34429735,-0.47948757,-0.27558935,-0.66808826,-0.16158468,-0.72100055,-0.037489027,-0.72324425,-0.43722218,-0.48933515,-0.48861372,-0.72840977,-0.39086917,-0.8949803,-0.24785055,-0.9911169,-0.5136695,-0.45388436,-0.69106406,-0.6691122,-0.67557806,-0.84612954,-0.5961292,-1.0,-0.5589572,-0.38408884,-0.7776194,-0.4389071,-0.8307388,-0.5593177,-0.810157,-0.69887125,F
0.0,0.0,0.05177553,-0.19553126,0.046224922,-0.4170211,0.024052009,-0.6057896,-0.054074172,-0.78122467,-0.3534908,-0.46105996,-0.2875276,-0.6601473,-0.16860242,-0.7297588,-0.04349639,-0.7534136,-0.45155174,-0.47802874,-0.5036592,-0.7197006,-0.4066282,-0.88785905,-0.2622886,-0.982552,-0.53123623,-0.44638622,-0.7128009,-0.66157377,-0.6967619,-0.84327865,-0.6169695,-1.0,-0.57856125,-0.3829856,-0.80607456,-0.42960373,-0.8618154,-0.5534414,-0.8395928,-0.6964607,F
0.0,0.0,0.047196526,-0.20493749,0.038417697,-0.4263902,0.011128594,-0.6157327,-0.0704071,-0.7924705,-0.36212385,-0.4634865,-0.3096112,-0.6676972,-0.19298723,-0.7333266,-0.065864034,-0.75117695,-0.46178856,-0.47464564,-0.522248,-0.7187749,-0.42835528,-0.89070034,-0.2854688,-0.99127704,-0.53984326,-0.44125822,-0.7252759,-0.656541,-0.7126067,-0.8405403,-0.6368611,-1.0,-0.585812,-0.37764895,-0.80828476,-0.43474537,-0.8683477,-0.5573542,-0.8566199,-0.6972791,F
0.0,0.0,0.05064938,-0.20904012,0.03929542,-0.44073817,0.0067322003,-0.63768697,-0.07969627,-0.8124139,-0.368762,-0.45748582,-0.3095182,-0.67310387,-0.19052516,-0.7465264,-0.06668827,-0.7703176,-0.4693978,-0.4716661,-0.5281446,-0.72433877,-0.42709538,-0.8908868,-0.27866066,-0.9869224,-0.55051017,-0.43836296,-0.7380275,-0.65359676,-0.716661,-0.8396931,-0.63460433,-1.0,-0.598692,-0.3732703,-0.8259889,-0.4223643,-0.8870955,-0.5427033,-0.872791,-0.6808535,F
0.0,0.0,0.03863179,-0.20119913,0.02070083,-0.43598893,-0.015209325,-0.6298019,-0.10107821,-0.8091428,-0.37732488,-0.45478624,-0.3212911,-0.66616875,-0.20036325,-0.7322162,-0.07230538,-0.7496892,-0.4786634,-0.46855775,-0.5394031,-0.72141975,-0.4404395,-0.89046794,-0.29590982,-0.9911547,-0.5582331,-0.43715698,-0.74975115,-0.6625789,-0.7268655,-0.8437694,-0.64147514,-1.0,-0.60655886,-0.37504897,-0.83590364,-0.42489037,-0.8931531,-0.5473289,-0.87430316,-0.6904005,F
0.0,0.0,0.033954725,-0.20557654,0.0047543435,-0.43477437,-0.03483344,-0.6273121,-0.11234312,-0.8115425,-0.3994847,-0.46175963,-0.3375695,-0.6690635,-0.21446218,-0.738273,-0.09018456,-0.7622273,-0.49979746,-0.46735466,-0.5612166,-0.72704375,-0.45488602,-0.896034,-0.30033427,-0.9897729,-0.5771287,-0.42902273,-0.76594025,-0.65555805,-0.7439587,-0.8431567,-0.6612645,-1.0,-0.6184505,-0.35892576,-0.8493588,-0.4068993,-0.90540934,-0.53168106,-0.88700646,-0.6728769,F
0.0,0.0,0.035227966,-0.20929113,0.0053885556,-0.44293278,-0.033065632,-0.6392269,-0.11719642,-0.81223875,-0.39074025,-0.4583247,-0.33951122,-0.67870355,-0.21984567,-0.7574369,-0.09922801,-0.78421575,-0.49164304,-0.46088108,-0.5595973,-0.7190159,-0.46623757,-0.89401376,-0.32260948,-1.0,-0.5661838,-0.420244,-0.75089103,-0.6430681,-0.739003,-0.82854086,-0.665499,-0.98581654,-0.6071622,-0.3510432,-0.83450824,-0.4041698,-0.8921671,-0.52887386,-0.87410146,-0.6710803,F
0.0,0.0,0.08359986,-0.19263896,0.13205215,-0.3948655,0.1669697,-0.55689627,0.17211032,-0.7223526,-0.13971949,-0.5404948,-0.060552705,-0.7144003,0.053192567,-0.7751857,0.14974974,-0.80525964,-0.2262271,-0.55219036,-0.20044695,-0.78218436,-0.117135376,-0.90951174,-0.03326554,-1.0,-0.30066156,-0.52592313,-0.39637926,-0.7224584,-0.3916342,-0.8522832,-0.35597223,-0.9680808,-0.36161688,-0.4666549,-0.53335094,-0.5433441,-0.56926614,-0.6452694,-0.5587563,-0.7593546,F
0.0,0.0,0.066376895,-0.19836977,0.058900364,-0.42833218,0.016769756,-0.6365572,-0.055281375,-0.8009636,-0.31726548,-0.49293196,-0.2728135,-0.70073956,-0.14648394,-0.7446681,-0.0289622,-0.74667716,-0.42366508,-0.49885377,-0.48602006,-0.75199455,-0.37938687,-0.90374374,-0.23738475,-1.0,-0.50935316,-0.46032873,-0.6712426,-0.67473906,-0.6477686,-0.8437144,-0.5666885,-0.98677605,-0.5607096,-0.3760146,-0.7572703,-0.45537394,-0.79348993,-0.5539518,-0.76173085,-0.6712428,F
0.0,0.0,0.041120954,-0.20330024,0.016802948,-0.43630964,-0.030540457,-0.6336512,-0.11329702,-0.80874527,-0.37430614,-0.4774873,-0.3144488,-0.68752587,-0.19397281,-0.7401433,-0.07118228,-0.7353413,-0.47610426,-0.4770915,-0.53375137,-0.73601097,-0.439246,-0.8996207,-0.30271736,-1.0,-0.556988,-0.43311027,-0.7258834,-0.66667205,-0.7134796,-0.8444721,-0.64246756,-0.9957064,-0.6020121,-0.35213163,-0.8202572,-0.42353117,-0.8626348,-0.5515696,-0.82782006,-0.6942838,F
0.0,0.0,0.015248182,-0.2090274,-0.03539643,-0.43824327,-0.08172254,-0.6310791,-0.1636696,-0.8059121,-0.42063487,-0.4660996,-0.39186746,-0.6794299,-0.263905,-0.75130415,-0.13873515,-0.7655761,-0.5151875,-0.46751803,-0.597562,-0.7123365,-0.5023043,-0.89179957,-0.3587933,-1.0,-0.5919024,-0.42276916,-0.7804228,-0.6305345,-0.7771799,-0.82336247,-0.71093005,-0.98278606,-0.63505113,-0.3432224,-0.86685735,-0.40487,-0.91990393,-0.5399339,-0.88962674,-0.68576896,F
0.0,0.0,0.027817467,-0.19429791,-0.016672285,-0.43377835,-0.06338137,-0.6389961,-0.1448474,-0.81040883,-0.4164728,-0.47648033,-0.36717984,-0.6917075,-0.24082875,-0.7550662,-0.11592966,-0.76242834,-0.51076293,-0.47930834,-0.5820512,-0.7330572,-0.4878603,-0.9022221,-0.3464212,-1.0,-0.5833664,-0.44011906,-0.7650058,-0.6542796,-0.7534925,-0.84378123,-0.68274546,-0.99555516,-0.6273613,-0.36587793,-0.84605336,-0.4275267,-0.8955998,-0.55802137,-0.8711914,-0.698657,F
0.0,0.0,0.044143863,-0.18404657,0.0049699256,-0.42954284,-0.037272967,-0.6317465,-0.10196767,-0.79681325,-0.3767176,-0.4960902,-0.34685072,-0.71650946,-0.22286592,-0.764702,-0.08581637,-0.7458439,-0.47095713,-0.4993777,-0.5367472,-0.7475208,-0.44219828,-0.9081278,-0.2992761,-1.0,-0.5412896,-0.45875606,-0.71444386,-0.66236204,-0.7021623,-0.8330733,-0.62896913,-0.9692582,-0.58116865,-0.38147095,-0.77521175,-0.4539298,-0.8161659,-0.56321824,-0.7919514,-0.6762812,F
0.0,0.0,0.039267313,-0.18017893,-0.0043412815,-0.4131054,-0.04800989,-0.61091465,-0.103487976,-0.7795932,-0.38263103,-0.50074476,-0.3384173,-0.7284304,-0.1968452,-0.7604891,-0.058651354,-0.72287214,-0.4749706,-0.4976209,-0.5300367,-0.7525234,-0.43030256,-0.9127524,-0.2877161,-1.0,-0.535123,-0.4596496,-0.70654726,-0.6807161,-0.6794647,-0.8555342,-0.5916867,-0.98748356,-0.56256276,-0.39245942,-0.75881225,-0.4839312,-0.7866262,-0.5988511,-0.7470022,-0.70904493,F
0.0,0.0,0.03451833,-0.17777576,-0.013389094,-0.402263,-0.057075523,-0.58358246,-0.102481715,-0.74119717,-0.37517515,-0.49383387,-0.33582684,-0.72343284,-0.18477717,-0.74559397,-0.050145995,-0.6989534,-0.4570563,-0.48430762,-0.5065315,-0.7594464,-0.39560884,-0.9153723,-0.2549987,-0.99548656,-0.5088769,-0.4532349,-0.68313277,-0.68194735,-0.64935917,-0.8656328,-0.5632896,-1.0,-0.53108823,-0.40254608,-0.73588496,-0.5106944,-0.75931686,-0.6407338,-0.7146427,-0.7617489,F
0.0,0.0,0.035691533,-0.18210867,-0.012711999,-0.3946691,-0.06023592,-0.5573737,-0.09275968,-0.7106011,-0.34939265,-0.50009644,-0.3125799,-0.71184796,-0.16800041,-0.72636193,-0.040152464,-0.68702585,-0.42671588,-0.50007045,-0.45514932,-0.75462484,-0.34530073,-0.8883114,-0.2129624,-0.9603247,-0.48367798,-0.47027612,-0.6361073,-0.69004196,-0.6078804,-0.8641979,-0.53483063,-1.0,-0.51738334,-0.4188762,-0.7164598,-0.506697,-0.74787337,-0.62349486,-0.7165802,-0.7408031,F
0.0,0.0,0.041663133,-0.19364266,0.02333502,-0.41349682,-0.0026568598,-0.59602976,-0.073964395,-0.74926114,-0.31800374,-0.5063937,-0.27203,-0.7182167,-0.15919597,-0.7482187,-0.046387073,-0.7221182,-0.39958647,-0.5138728,-0.42393377,-0.75903535,-0.32551384,-0.8879229,-0.196873,-0.9591522,-0.46867368,-0.4829396,-0.5995401,-0.7126624,-0.5655386,-0.8727523,-0.48161268,-1.0,-0.5186606,-0.41736767,-0.7196759,-0.5009096,-0.75221467,-0.6214885,-0.7121126,-0.74833864,F
0.0,0.0,0.04774495,-0.19506025,0.031532146,-0.4122856,0.004521196,-0.5868479,-0.08446534,-0.7311483,-0.32869673,-0.48914516,-0.292136,-0.7089721,-0.17562501,-0.7659871,-0.058621127,-0.76072705,-0.41519207,-0.5049462,-0.44726506,-0.74534184,-0.34398016,-0.88544834,-0.20993994,-0.9620456,-0.49060944,-0.47714835,-0.62485415,-0.7027731,-0.5864278,-0.86857384,-0.49686608,-1.0,-0.54125094,-0.409248,-0.75099105,-0.49791682,-0.78382504,-0.6204146,-0.7353768,-0.7449819,F
0.0,0.0,0.09688208,-0.23600332,0.15406334,-0.45491317,0.19402651,-0.61779064,0.19694178,-0.7763272,-0.11225483,-0.5612322,-0.063569605,-0.7558788,0.045092423,-0.80966663,0.13537273,-0.81233627,-0.20432484,-0.5660228,-0.21584217,-0.7651138,-0.17551178,-0.90507025,-0.13224068,-1.0,-0.281468,-0.5361228,-0.37020808,-0.69221157,-0.386088,-0.8222959,-0.38586462,-0.9317192,-0.34395957,-0.4790732,-0.49200538,-0.58130133,-0.5427882,-0.67565423,-0.5602107,-0.76473683,F
0.0,0.0,0.08964136,-0.17240436,0.1145051,-0.36572903,0.112598464,-0.54521465,0.09571961,-0.7076347,-0.24346071,-0.4893254,-0.18068404,-0.67398494,-0.058704194,-0.7013382,0.048167933,-0.68451774,-0.34592122,-0.50585717,-0.35725752,-0.7480611,-0.24308543,-0.8795632,-0.10531719,-0.96310544,-0.44115898,-0.4799603,-0.5582671,-0.7010546,-0.5046228,-0.8638988,-0.40161806,-1.0,-0.5160187,-0.4049107,-0.71130186,-0.5036856,-0.71152467,-0.6219176,-0.634857,-0.73700905,F
0.0,0.0,0.06724593,-0.1863649,0.08090029,-0.39800635,0.06556895,-0.5736933,-0.018955719,-0.72833765,-0.29005086,-0.4720396,-0.21332729,-0.6844549,-0.09841035,-0.73609525,0.02391758,-0.7229815,-0.38666555,-0.49291438,-0.42336556,-0.7387561,-0.33034536,-0.88337183,-0.19543374,-0.95747584,-0.47719464,-0.46258336,-0.60801363,-0.69614404,-0.5726136,-0.8695223,-0.47785568,-1.0,-0.54774415,-0.38784325,-0.76639575,-0.48021883,-0.79966366,-0.6191775,-0.7447544,-0.75376177,F
0.0,0.0,0.08740716,-0.17210856,0.104143426,-0.3966572,0.07966773,-0.572371,0.008507739,-0.7373956,-0.24482773,-0.4643672,-0.19185267,-0.67195344,-0.08955254,-0.7180813,0.023333373,-0.7154741,-0.34882915,-0.49178514,-0.3957615,-0.73054945,-0.31293193,-0.870817,-0.18560606,-0.95247394,-0.44681215,-0.46840402,-0.5808888,-0.69792116,-0.53969646,-0.865357,-0.44729844,-1.0,-0.5291073,-0.40413225,-0.74391717,-0.48764488,-0.7739703,-0.6208476,-0.72584707,-0.7547861,F
0.0,0.0,0.09610716,-0.18132213,0.10527299,-0.40058923,0.07636734,-0.58360535,0.0025350694,-0.7590564,-0.24908683,-0.479422,-0.20977347,-0.6840941,-0.11061448,-0.7339579,-0.0016506339,-0.73209757,-0.35998833,-0.50404006,-0.39821708,-0.7258528,-0.31248066,-0.87930375,-0.18327735,-0.9764366,-0.46080384,-0.48093107,-0.5855863,-0.6913314,-0.5507386,-0.8599713,-0.46087,-1.0,-0.5432003,-0.42008212,-0.750059,-0.49798492,-0.78296113,-0.6266676,-0.7386339,-0.7581408,F
0.0,0.0,0.11282633,-0.17705262,0.13246281,-0.3977643,0.10893697,-0.58320445,0.047983322,-0.7631922,-0.19640557,-0.49992824,-0.16418588,-0.6982239,-0.07215039,-0.742288,0.03776057,-0.73554355,-0.3240686,-0.5286236,-0.35491866,-0.74486995,-0.27452847,-0.8920672,-0.15116961,-0.98248255,-0.43609226,-0.5041291,-0.5523893,-0.71787506,-0.5121489,-0.8730844,-0.4187215,-1.0,-0.52455646,-0.43531504,-0.73898214,-0.50844073,-0.760177,-0.6339396,-0.6981116,-0.7613073,F
0.0,0.0,0.104039006,-0.18098007,0.12911639,-0.3942603,0.11182791,-0.58125675,0.06656732,-0.76867133,-0.20618802,-0.49269772,-0.1619417,-0.6986921,-0.07048728,-0.75100774,0.037555665,-0.7491282,-0.32387856,-0.5181062,-0.35360575,-0.7404053,-0.273122,-0.89281225,-0.14587209,-0.98891425,-0.43255004,-0.4936615,-0.54522085,-0.71400315,-0.5067364,-0.8724446,-0.4078984,-1.0,-0.5158907,-0.42826384,-0.7287889,-0.50938416,-0.7544863,-0.63281476,-0.6942022,-0.7551418,F
0.0,0.0,0.1125709,-0.18274654,0.1330673,-0.398359,0.11177226,-0.5859304,0.062205326,-0.7733924,-0.19348195,-0.49478087,-0.15795758,-0.6948099,-0.06787173,-0.7472488,0.035285197,-0.74816006,-0.318288,-0.5203876,-0.35101303,-0.7350177,-0.2701609,-0.8902653,-0.14633895,-0.9900155,-0.43301636,-0.49568146,-0.5497897,-0.7132069,-0.5126251,-0.8709113,-0.418637,-1.0,-0.52381694,-0.42844245,-0.7354877,-0.51395637,-0.760144,-0.63796693,-0.70214266,-0.7599334,F
0.0,0.0,0.110260814,-0.18462647,0.13816127,-0.3989091,0.11707638,-0.5797041,0.066963024,-0.7618686,-0.18888995,-0.49898538,-0.1534661,-0.6964096,-0.061568618,-0.74812126,0.04484175,-0.75034314,-0.31174088,-0.5244872,-0.3417144,-0.7376857,-0.26045617,-0.8895616,-0.13703218,-0.9898856,-0.4262332,-0.49940416,-0.5370907,-0.717945,-0.49957874,-0.8724258,-0.40558985,-1.0,-0.51763386,-0.42980078,-0.72285765,-0.5154214,-0.74757254,-0.636205,-0.6899986,-0.7551891,F
0.0,0.0,0.11574172,-0.18493137,0.14409418,-0.4099354,0.11833636,-0.597685,0.07391122,-0.77967006,-0.17765678,-0.5067926,-0.14283566,-0.69936705,-0.05191169,-0.75357836,0.049678072,-0.7599904,-0.2993109,-0.5297302,-0.33116272,-0.74486053,-0.2556705,-0.8920949,-0.1431047,-0.99305856,-0.41302702,-0.50387627,-0.52634656,-0.7190776,-0.49333397,-0.87304664,-0.40659967,-1.0,-0.5071792,-0.43072444,-0.70737994,-0.52818775,-0.72436464,-0.6525428,-0.66156673,-0.770037,F
0.0,0.0,0.11678874,-0.17936347,0.15359315,-0.40730712,0.1294314,-0.6002409,0.083678246,-0.7773648,-0.15545231,-0.51415044,-0.12541321,-0.7117054,-0.04296532,-0.76474035,0.05752954,-0.7664601,-0.28329477,-0.53557706,-0.3176249,-0.7537965,-0.2496376,-0.89943725,-0.14019975,-1.0,-0.40125188,-0.5075559,-0.5132073,-0.7282038,-0.48285553,-0.87816435,-0.39397272,-0.99947655,-0.49897754,-0.43313953,-0.6964482,-0.53415275,-0.718402,-0.65217197,-0.6564022,-0.7610674,F
0.0,0.0,0.10274999,-0.26811472,0.17611533,-0.46759158,0.21955472,-0.6325962,0.20680517,-0.7909608,-0.12905501,-0.556469,-0.066177964,-0.7524358,0.05229554,-0.81057787,0.15085436,-0.8251288,-0.22416706,-0.5617214,-0.21681085,-0.7564801,-0.15062474,-0.90165854,-0.07974012,-1.0,-0.30414194,-0.5351529,-0.39463907,-0.6810786,-0.40784442,-0.8151545,-0.39418143,-0.926578,-0.36467478,-0.4753329,-0.5153945,-0.57476145,-0.57712024,-0.6630065,-0.6005773,-0.7440644,F
0.0,0.0,0.13161717,-0.16124676,0.18533671,-0.37716532,0.17597501,-0.58311945,0.128851,-0.7621001,-0.15492998,-0.50292903,-0.10558065,-0.69272,-0.005814851,-0.72881955,0.103753224,-0.7131273,-0.2778683,-0.52183896,-0.29543847,-0.7575365,-0.20286083,-0.8759405,-0.076319784,-0.9597038,-0.39510623,-0.4912931,-0.4944544,-0.72057295,-0.46083695,-0.87349844,-0.37085637,-1.0,-0.49498078,-0.4079752,-0.6820019,-0.5166115,-0.69084907,-0.633537,-0.6226424,-0.7410819,F
0.0,0.0,0.14095914,-0.16468076,0.20108812,-0.39035332,0.18504216,-0.5906137,0.13718349,-0.7654253,-0.122744665,-0.50686383,-0.096751735,-0.6993952,-0.01565214,-0.7511562,0.08544912,-0.7522589,-0.25385666,-0.5283073,-0.28087288,-0.7449161,-0.21710731,-0.88159186,-0.11964673,-0.9827651,-0.37773073,-0.50195855,-0.47998628,-0.72521394,-0.45142126,-0.8756508,-0.37069532,-1.0,-0.4882161,-0.42721802,-0.6653842,-0.5364575,-0.6827969,-0.6503748,-0.62927973,-0.756359,F
0.0,0.0,0.14176688,-0.15275013,0.21580724,-0.37591758,0.21461183,-0.575946,0.17598218,-0.75864726,-0.11306719,-0.5158658,-0.08629614,-0.70435786,0.0018450852,-0.7556247,0.09876349,-0.7550336,-0.24175127,-0.5411132,-0.26116848,-0.7518045,-0.17849152,-0.8845175,-0.067989774,-0.97451675,-0.3663882,-0.5148072,-0.46552983,-0.72405964,-0.42783573,-0.87692344,-0.3392663,-1.0,-0.47634614,-0.44163972,-0.65304416,-0.55044365,-0.66358304,-0.66111636,-0.59866774,-0.757916,F
0.0,0.0,0.14304855,-0.15172006,0.22145131,-0.3828161,0.21703027,-0.57707584,0.1863144,-0.7620061,-0.12858619,-0.5313708,-0.10857363,-0.71500844,-0.018336674,-0.7641869,0.08108087,-0.7612656,-0.24920112,-0.5526671,-0.26864934,-0.76844704,-0.17845726,-0.892579,-0.062803805,-0.97300524,-0.36379,-0.5256579,-0.46415594,-0.73264253,-0.42107096,-0.88085365,-0.33009574,-1.0,-0.46385387,-0.44975492,-0.64539486,-0.5569114,-0.6548289,-0.6699893,-0.59059155,-0.7721286,F
0.0,0.0,0.14367127,-0.15571006,0.21754406,-0.37389198,0.20869076,-0.5680161,0.1742578,-0.75428605,-0.13901637,-0.52210045,-0.121169545,-0.70720804,-0.031071858,-0.7548277,0.06749438,-0.7452311,-0.25689775,-0.5451822,-0.2817281,-0.7625747,-0.1916317,-0.8830769,-0.07534786,-0.9599663,-0.3680564,-0.5216857,-0.46716213,-0.7323207,-0.42026863,-0.88275284,-0.32643726,-1.0,-0.46552336,-0.45402175,-0.64236575,-0.5663829,-0.64939755,-0.68061703,-0.58301765,-0.78130305,F
0.0,0.0,0.14020374,-0.16621898,0.21551505,-0.3727966,0.20536819,-0.5602615,0.15679482,-0.7412082,-0.14456104,-0.51367646,-0.1280496,-0.69913644,-0.04366867,-0.74436957,0.053953864,-0.7337588,-0.26091313,-0.5349501,-0.29317328,-0.75162876,-0.20539519,-0.8700404,-0.08883882,-0.94785243,-0.36814067,-0.51321334,-0.4739129,-0.73058355,-0.4320507,-0.8817451,-0.3402501,-1.0,-0.46020275,-0.45020634,-0.64089984,-0.56330407,-0.648627,-0.67559,-0.5837434,-0.7773253,F
0.0,0.0,0.13255268,-0.17606832,0.20600206,-0.3761995,0.20046745,-0.5546364,0.1517478,-0.73159903,-0.15329432,-0.5096312,-0.1336418,-0.6909844,-0.04852504,-0.7313753,0.043456446,-0.7177579,-0.2645985,-0.529339,-0.29922602,-0.7510271,-0.21512568,-0.8706255,-0.10219638,-0.94189924,-0.36733288,-0.51034534,-0.47038975,-0.72697705,-0.43054745,-0.882495,-0.34341508,-1.0,-0.45224494,-0.45151713,-0.6273195,-0.57125884,-0.632158,-0.6897787,-0.56375724,-0.7913146,F
0.0,0.0,0.13034105,-0.18477735,0.19297244,-0.3849393,0.18771733,-0.55691093,0.14513507,-0.74130386,-0.16648895,-0.4996329,-0.1438069,-0.68161374,-0.046707507,-0.73543423,0.05010628,-0.73240954,-0.26765522,-0.52948904,-0.3096792,-0.7512241,-0.2170278,-0.8822289,-0.09858868,-0.9453911,-0.36128587,-0.52078694,-0.4708768,-0.7229281,-0.42490697,-0.887466,-0.33751988,-1.0,-0.43463975,-0.47750553,-0.60771054,-0.60889244,-0.598819,-0.7425926,-0.519105,-0.84410083,F
0.0,0.0,0.1231158,-0.18693073,0.18711255,-0.3879522,0.18597338,-0.5636258,0.15021075,-0.7519648,-0.17969102,-0.4967461,-0.14220484,-0.68816984,-0.034434628,-0.7404094,0.06500944,-0.7321715,-0.27323928,-0.52745247,-0.30921325,-0.7538366,-0.21660233,-0.88866055,-0.10105406,-0.95062137,-0.3605138,-0.5191842,-0.46671495,-0.7336859,-0.41265294,-0.8957581,-0.32047588,-1.0,-0.42761406,-0.4787435,-0.5791846,-0.6306541,-0.56300426,-0.7707815,-0.48210448,-0.8746897,F
0.0,0.0,0.13225618,-0.18859896,0.19457604,-0.39623585,0.19107862,-0.57401377,0.15972248,-0.76398695,-0.17192651,-0.49927548,-0.14253318,-0.6934446,-0.039509606,-0.7521148,0.05784254,-0.755348,-0.27502,-0.5311958,-0.31098628,-0.7583763,-0.21477425,-0.89429396,-0.08841602,-0.952863,-0.37127775,-0.52413726,-0.47295395,-0.73381394,-0.41705683,-0.8958658,-0.3189453,-1.0,-0.44849363,-0.48289976,-0.6071337,-0.6301447,-0.59055144,-0.7683775,-0.5035343,-0.8679386,F
0.0,0.0,0.11953012,-0.23867078,0.19319215,-0.42988288,0.2322145,-0.5985008,0.22636217,-0.7632214,-0.123683475,-0.56469715,-0.058168553,-0.74240637,0.06862617,-0.7908297,0.18081732,-0.7885687,-0.22761549,-0.57901394,-0.23262943,-0.77034324,-0.1535004,-0.90318125,-0.073889926,-1.0,-0.31607485,-0.55317247,-0.40483543,-0.7133177,-0.39835936,-0.8602367,-0.3659576,-0.9895181,-0.38442257,-0.4876693,-0.5559165,-0.5716594,-0.5922826,-0.6753269,-0.57927716,-0.78238416,F
0.0,0.0,0.010997421,-0.3121035,-0.038876384,-0.54052854,-0.19362319,-0.6632651,-0.38084647,-0.6610667,-0.35936952,-0.66934955,-0.6387036,-0.7434384,-0.82790637,-0.7689938,-1.0,-0.7863638,-0.4475244,-0.48914114,-0.6307322,-0.53969324,-0.42959815,-0.42027968,-0.25596252,-0.33914825,-0.50393754,-0.31292793,-0.6096272,-0.30941653,-0.39950478,-0.21712573,-0.254844,-0.17071128,-0.5344521,-0.14272362,-0.60939765,-0.14079446,-0.45036086,-0.08587268,-0.335219,-0.07723386,G
0.0,0.0,0.023404928,-0.26078162,-0.028837837,-0.51096857,-0.17135803,-0.6280214,-0.33886075,-0.63360655,-0.4175431,-0.5283223,-0.6793993,-0.6389127,-0.85524946,-0.68774754,-1.0,-0.72270346,-0.48172635,-0.37024406,-0.614191,-0.46571663,-0.41386133,-0.36991572,-0.24629459,-0.28449208,-0.5170064,-0.21140157,-0.5955093,-0.27088508,-0.39314464,-0.18904772,-0.2489978,-0.12485259,-0.536656,-0.04465282,-0.59750116,-0.11666376,-0.4365302,-0.07656474,-0.31948248,-0.04115281,G
0.0,0.0,0.06332629,-0.23403408,-0.023677155,-0.4482991,-0.18507826,-0.60668933,-0.33900797,-0.7436725,-0.33974478,-0.5819343,-0.6221903,-0.7632913,-0.83956367,-0.8615049,-1.0,-0.92716163,-0.4394532,-0.41313654,-0.54800624,-0.52979296,-0.335279,-0.38780105,-0.14548555,-0.27488706,-0.5147142,-0.23970601,-0.55857813,-0.31837904,-0.32658738,-0.20570408,-0.14464164,-0.118788496,-0.58917636,-0.0452585,-0.62300134,-0.120563634,-0.41633162,-0.058717433,-0.26460603,-0.0058751632,G
0.0,0.0,0.02816985,-0.25998273,0.008442591,-0.5186663,-0.0782047,-0.65842557,-0.22728677,-0.62739146,-0.37961507,-0.67997986,-0.6246391,-0.8889152,-0.7479376,-0.96107596,-0.8545813,-1.0,-0.4976206,-0.5622495,-0.49510574,-0.5566023,-0.3094552,-0.41657063,-0.181471,-0.31214657,-0.56636304,-0.41449893,-0.48250404,-0.3257349,-0.31079888,-0.22546598,-0.22291167,-0.17777434,-0.62091124,-0.2555145,-0.5266335,-0.17987373,-0.39982224,-0.10926207,-0.34247148,-0.08022801,G
0.0,0.0,-0.041053813,-0.3981945,-0.12491278,-0.73097956,-0.341654,-0.8935251,-0.54218733,-0.9458612,-0.5019916,-0.6802129,-0.69862837,-0.82878464,-0.8103033,-0.9182007,-0.9000901,-1.0,-0.5978042,-0.52859217,-0.74716085,-0.6918553,-0.5826197,-0.6108683,-0.43594137,-0.5199436,-0.6571042,-0.37317038,-0.76821727,-0.49293795,-0.5893054,-0.4136724,-0.4484125,-0.33750087,-0.69763714,-0.1936257,-0.8098897,-0.3104078,-0.658083,-0.27724788,-0.5363281,-0.22516006,G
0.0,0.0,0.051273998,-0.24630667,-0.02353305,-0.52485,-0.19877599,-0.65204287,-0.37754843,-0.6978264,-0.40711594,-0.5309162,-0.6705309,-0.6753471,-0.8508363,-0.741436,-1.0,-0.79347426,-0.47441572,-0.3677909,-0.5842266,-0.45747638,-0.3893509,-0.34393293,-0.24201387,-0.25919023,-0.5084374,-0.20056967,-0.5815937,-0.26437554,-0.3813543,-0.17299092,-0.2503445,-0.110473126,-0.53338104,-0.021584911,-0.610155,-0.10275122,-0.44925532,-0.06358838,-0.33785853,-0.025812102,G
0.0,0.0,0.05534429,-0.24857903,-0.023625059,-0.5370431,-0.19951887,-0.65911126,-0.37480035,-0.71112794,-0.41363153,-0.53946316,-0.6755679,-0.69408405,-0.85199445,-0.76360494,-1.0,-0.8148532,-0.47540212,-0.3789379,-0.5950937,-0.48132342,-0.3876486,-0.35902682,-0.23527028,-0.26705116,-0.5057238,-0.21155334,-0.5907069,-0.2842787,-0.3787541,-0.17943005,-0.24692018,-0.109906696,-0.5279998,-0.027368866,-0.6220971,-0.117468245,-0.45376423,-0.06944235,-0.3421373,-0.023668334,G
0.0,0.0,0.058847148,-0.24265727,-0.016159516,-0.54386765,-0.19873272,-0.66972893,-0.384021,-0.71761096,-0.41098455,-0.54473096,-0.67408764,-0.7032176,-0.8519259,-0.774655,-1.0,-0.829109,-0.47895193,-0.3799172,-0.59460235,-0.48923913,-0.39263278,-0.37312698,-0.2339107,-0.2782854,-0.51345986,-0.212142,-0.58649826,-0.28549725,-0.37701645,-0.18724607,-0.23649745,-0.1164005,-0.5383079,-0.02907835,-0.6173624,-0.11963116,-0.44797617,-0.075984225,-0.32886913,-0.030276114,G
0.0,0.0,0.064212486,-0.2497467,-0.005614344,-0.54952866,-0.18307087,-0.6789417,-0.36757782,-0.727479,-0.4058092,-0.5604335,-0.671944,-0.7211088,-0.8506785,-0.793225,-1.0,-0.84835875,-0.4729949,-0.39467314,-0.58630806,-0.50003874,-0.3831911,-0.37705874,-0.2270774,-0.28181243,-0.5072102,-0.22384985,-0.58039093,-0.29932982,-0.37024182,-0.19366513,-0.2326802,-0.121899635,-0.5309403,-0.03919689,-0.6202921,-0.13033107,-0.45451364,-0.08303299,-0.33963802,-0.03671996,G
0.0,0.0,0.05887973,-0.2535069,-0.012270698,-0.54835564,-0.18200228,-0.6859604,-0.36368924,-0.73870915,-0.41410226,-0.5662932,-0.6700782,-0.73027295,-0.8493169,-0.8050829,-1.0,-0.8604896,-0.48233196,-0.40104833,-0.58625805,-0.50218713,-0.38597164,-0.3785874,-0.23160353,-0.2817325,-0.5181723,-0.22788124,-0.57684493,-0.3022234,-0.3696187,-0.19487375,-0.23221955,-0.12063927,-0.5444742,-0.041766915,-0.6139147,-0.13436596,-0.44710743,-0.084593646,-0.3285482,-0.03641892,G
0.0,0.0,0.06193789,-0.24886343,-0.014743173,-0.5463422,-0.19061802,-0.68529636,-0.37898695,-0.73227316,-0.39936626,-0.56003255,-0.6634033,-0.717488,-0.8462004,-0.7904841,-1.0,-0.8451972,-0.47010946,-0.3958301,-0.594984,-0.50475556,-0.38867015,-0.38147384,-0.22754182,-0.28017274,-0.5076245,-0.22085005,-0.58126867,-0.2962861,-0.36765108,-0.18772304,-0.2296788,-0.111137636,-0.5359726,-0.03311832,-0.6170471,-0.12766728,-0.4495961,-0.07835049,-0.33470547,-0.026497193,G
0.0,0.0,0.054513786,-0.24130549,-0.03437698,-0.52667314,-0.20734859,-0.65810907,-0.3838625,-0.7238879,-0.40847355,-0.5458362,-0.6694306,-0.6992071,-0.8491542,-0.77337784,-1.0,-0.8270901,-0.4752036,-0.38298726,-0.5963391,-0.49059469,-0.38830298,-0.3703817,-0.23128791,-0.2712053,-0.50854814,-0.20943879,-0.59004736,-0.28640747,-0.37319508,-0.18603595,-0.23614372,-0.11379648,-0.5313699,-0.021341113,-0.61986864,-0.1232903,-0.45270523,-0.08112361,-0.34117046,-0.030035868,G
0.0,0.0,0.0633101,-0.24251547,-0.026606612,-0.5257248,-0.20535955,-0.6612361,-0.38240457,-0.73181796,-0.40786815,-0.554869,-0.67048025,-0.71589684,-0.850132,-0.7899195,-1.0,-0.84812534,-0.47678083,-0.3908802,-0.5992458,-0.50031704,-0.3945752,-0.37725785,-0.23283343,-0.27945107,-0.51510364,-0.21943963,-0.5880183,-0.2932374,-0.3685387,-0.18473579,-0.22721699,-0.11188191,-0.54063994,-0.037471972,-0.6292072,-0.13399674,-0.45478374,-0.08362367,-0.33753553,-0.032015678,G
0.0,0.0,-0.07847923,-0.2636884,-0.2743384,-0.46220577,-0.5164463,-0.5384693,-0.6738095,-0.60752624,-0.6065194,-0.79161197,-0.83485836,-1.0,-0.765632,-0.89943665,-0.6621328,-0.78992575,-0.74200815,-0.6275727,-0.85678,-0.92547375,-0.5435785,-0.6916606,-0.29921168,-0.5122592,-0.8403166,-0.42299262,-0.8962587,-0.64284873,-0.5521725,-0.45089287,-0.29361475,-0.31624863,-0.9131711,-0.1592784,-0.9658107,-0.3263984,-0.6639842,-0.24899316,-0.42803428,-0.19128083,G
0.0,0.0,0.04184252,-0.26139435,-0.031941377,-0.53119075,-0.197592,-0.6677281,-0.3787159,-0.71846205,-0.40167716,-0.55917436,-0.66866916,-0.7135924,-0.84461355,-0.7810184,-1.0,-0.8333926,-0.4708635,-0.40596697,-0.60570705,-0.49796563,-0.4075432,-0.38085836,-0.2669644,-0.29130837,-0.5052216,-0.24134652,-0.58701175,-0.28860354,-0.37736616,-0.19202553,-0.25604075,-0.13356966,-0.528083,-0.06539952,-0.6059976,-0.1223755,-0.44150713,-0.08329001,-0.3378901,-0.05246794,G
0.0,0.0,0.04942334,-0.25321496,-0.026753135,-0.538248,-0.20041664,-0.6734012,-0.37892756,-0.7417948,-0.40571916,-0.56641644,-0.66729575,-0.7263769,-0.847639,-0.7968257,-1.0,-0.8540001,-0.47700116,-0.39970326,-0.60542226,-0.50384545,-0.4000055,-0.3759292,-0.23473847,-0.2782814,-0.51654655,-0.22667786,-0.5900918,-0.29108757,-0.37001187,-0.18289718,-0.22466642,-0.11455904,-0.54205126,-0.04600472,-0.622677,-0.13046448,-0.44663417,-0.080210164,-0.3279836,-0.03511553,G
0.0,0.0,0.060777936,-0.24720953,-0.019292206,-0.53450525,-0.1946083,-0.6754094,-0.37589413,-0.743749,-0.389512,-0.56712294,-0.6617824,-0.7319011,-0.84571016,-0.80220705,-1.0,-0.8588498,-0.463972,-0.40381256,-0.59782636,-0.5068863,-0.38947818,-0.38123116,-0.22261685,-0.285993,-0.5077432,-0.23355924,-0.59042853,-0.29461813,-0.3705999,-0.18565139,-0.22675939,-0.11663969,-0.5385479,-0.055159695,-0.63161314,-0.13774852,-0.46039096,-0.08412657,-0.34506568,-0.035473373,G
0.0,0.0,0.06383338,-0.2499002,-0.021937903,-0.5402787,-0.19748174,-0.6811559,-0.37051597,-0.75191563,-0.3919482,-0.5705017,-0.660868,-0.73427236,-0.846058,-0.80783165,-1.0,-0.8654204,-0.46587765,-0.40418622,-0.6059672,-0.51189363,-0.40253937,-0.39109698,-0.2323222,-0.29275426,-0.5094063,-0.23337395,-0.58953345,-0.2965173,-0.37016153,-0.19162178,-0.22158279,-0.12117976,-0.5410817,-0.055213716,-0.62699336,-0.14317168,-0.4613198,-0.08922648,-0.34697884,-0.03824129,G
0.0,0.0,0.06473398,-0.2543856,-0.022077864,-0.5470579,-0.19821435,-0.6934613,-0.37055603,-0.7627459,-0.39410552,-0.579465,-0.6591724,-0.74336594,-0.8448409,-0.81960773,-1.0,-0.8801372,-0.469038,-0.41624412,-0.60886186,-0.5254658,-0.40715387,-0.40182468,-0.23979543,-0.3026454,-0.5123965,-0.24398515,-0.59823644,-0.31320047,-0.3751534,-0.20182581,-0.22554548,-0.12734379,-0.5435531,-0.061501615,-0.6290555,-0.15107101,-0.45306817,-0.09624502,-0.33268374,-0.04501329,G
0.0,0.0,0.0631488,-0.24776673,-0.020867141,-0.5364036,-0.19309938,-0.68198615,-0.3683678,-0.7574316,-0.3948439,-0.5722282,-0.66251326,-0.73882174,-0.8472567,-0.81679064,-1.0,-0.87722677,-0.4676446,-0.4083904,-0.6073767,-0.5173962,-0.40999028,-0.3947988,-0.24236897,-0.29281515,-0.50958097,-0.23668724,-0.59911996,-0.30762485,-0.38229623,-0.19963548,-0.23159719,-0.12345192,-0.53944486,-0.055317946,-0.62866384,-0.14634305,-0.45953956,-0.09607886,-0.33899477,-0.044927463,G
0.0,0.0,0.05212619,-0.24530146,-0.03150753,-0.5273547,-0.20205313,-0.6648022,-0.371665,-0.7394558,-0.39883706,-0.5577597,-0.6637951,-0.7204812,-0.84619164,-0.797164,-1.0,-0.8556781,-0.47036135,-0.39658517,-0.6100916,-0.49745542,-0.4039566,-0.383056,-0.23734048,-0.29018918,-0.51119703,-0.22761995,-0.6002801,-0.29201964,-0.3796299,-0.1932184,-0.23269975,-0.12482143,-0.5399032,-0.04859865,-0.63753295,-0.13836373,-0.4731594,-0.09192333,-0.35979262,-0.042173762,G
0.0,0.0,0.060719486,-0.24903965,-0.028782807,-0.5294497,-0.20436125,-0.66529983,-0.375416,-0.7416523,-0.40171322,-0.5584887,-0.66913754,-0.72585493,-0.84888095,-0.7964511,-1.0,-0.85158765,-0.47428292,-0.39675897,-0.6125808,-0.49447438,-0.40109566,-0.36885473,-0.23361029,-0.2785278,-0.5165829,-0.22778273,-0.60840464,-0.29019675,-0.38476852,-0.1825599,-0.2371631,-0.117266364,-0.5439832,-0.048869267,-0.64160025,-0.13180923,-0.46994805,-0.07941601,-0.35137174,-0.034914978,G
0.0,0.0,0.062367488,-0.25477996,-0.027154112,-0.5309982,-0.20240058,-0.66333157,-0.37364414,-0.7332487,-0.4087216,-0.5643167,-0.670437,-0.7258916,-0.84993947,-0.7987201,-1.0,-0.8521935,-0.4793275,-0.40026397,-0.62520915,-0.4936327,-0.41649815,-0.3828615,-0.24322422,-0.29674774,-0.51792455,-0.23055053,-0.6139914,-0.29236355,-0.39900157,-0.19431254,-0.2503437,-0.12795675,-0.5397823,-0.051024985,-0.63821214,-0.13357341,-0.46802548,-0.08515789,-0.34244776,-0.040479608,G
0.0,0.0,0.064131305,-0.25783095,-0.012695025,-0.54488206,-0.19203383,-0.6736533,-0.38053593,-0.72571707,-0.41506144,-0.57242006,-0.6784531,-0.73829263,-0.85556954,-0.8124293,-1.0,-0.86768264,-0.48861703,-0.40677896,-0.61464506,-0.49340892,-0.40817252,-0.3747466,-0.23184912,-0.28304332,-0.5303533,-0.2363343,-0.6138076,-0.28753498,-0.41029975,-0.18544915,-0.26106155,-0.11747804,-0.55604255,-0.056907013,-0.64546025,-0.12380726,-0.47954792,-0.0727652,-0.3512019,-0.029878827,G
0.0,0.0,-0.05239483,-0.24551253,-0.2382417,-0.4603639,-0.46760532,-0.5720492,-0.59671366,-0.69400704,-0.583888,-0.78833634,-0.8228967,-1.0,-0.8558096,-0.9655675,-0.83203876,-0.90324444,-0.71507573,-0.61220783,-0.81641275,-0.9190997,-0.5103549,-0.70826936,-0.28133932,-0.5367005,-0.81030583,-0.40548956,-0.8488078,-0.62444,-0.50867623,-0.43828884,-0.26482984,-0.2999985,-0.88972247,-0.14181125,-0.93257034,-0.32612422,-0.6336002,-0.24289428,-0.41516477,-0.16878283,G
0.0,0.0,0.056627695,-0.27687123,-0.019820478,-0.56337607,-0.19513129,-0.7047521,-0.37107438,-0.74628717,-0.3997406,-0.5920946,-0.6723024,-0.7605619,-0.84790283,-0.8336719,-1.0,-0.89016116,-0.47364232,-0.43127757,-0.6161966,-0.52153873,-0.42636055,-0.39907917,-0.27201208,-0.30658546,-0.5170357,-0.26834714,-0.6084405,-0.3281799,-0.41167253,-0.22295532,-0.2729627,-0.15152006,-0.54846364,-0.09575046,-0.6406714,-0.16748807,-0.4911206,-0.12056702,-0.37346196,-0.07822478,G
0.0,0.0,0.06228088,-0.26650167,-0.009072032,-0.56363887,-0.18839827,-0.7022043,-0.37002182,-0.7660215,-0.40458184,-0.5973009,-0.67328596,-0.7705423,-0.8524296,-0.84730625,-1.0,-0.9043348,-0.48175845,-0.43312463,-0.6340494,-0.5326817,-0.4280439,-0.4201266,-0.25303403,-0.3303326,-0.52685684,-0.26270524,-0.63094825,-0.3258409,-0.4170091,-0.22518769,-0.26241484,-0.15596172,-0.5551427,-0.080188245,-0.65927136,-0.15967886,-0.4914152,-0.10722548,-0.36154944,-0.057713047,G
0.0,0.0,0.069263615,-0.26014653,-0.0050617913,-0.5522394,-0.18933314,-0.6858661,-0.37048492,-0.7598442,-0.40291283,-0.5912628,-0.6736426,-0.76431394,-0.85243565,-0.8401643,-1.0,-0.89960295,-0.48247737,-0.42564675,-0.6393714,-0.5251955,-0.43145296,-0.40047863,-0.256848,-0.30750257,-0.5294817,-0.25215143,-0.6430362,-0.31965315,-0.4225096,-0.20908235,-0.26556808,-0.136208,-0.56034786,-0.06547126,-0.67617106,-0.14964354,-0.5014892,-0.09605223,-0.36610335,-0.046642926,G
0.0,0.0,0.07463277,-0.26780674,2.7710747e-05,-0.55868846,-0.18243968,-0.697274,-0.36103597,-0.7811556,-0.39084208,-0.6010547,-0.6633461,-0.77678084,-0.84782016,-0.8544132,-1.0,-0.91391337,-0.46839446,-0.43376887,-0.6322056,-0.5372169,-0.4278929,-0.41375822,-0.25451958,-0.32045949,-0.5142114,-0.25816587,-0.62655336,-0.32872224,-0.40543005,-0.21533482,-0.25082296,-0.14104916,-0.5446531,-0.07131244,-0.6615658,-0.16003802,-0.49480253,-0.102656946,-0.3680055,-0.050897203,G
0.0,0.0,0.07537772,-0.25981018,0.0011360155,-0.55149615,-0.18381585,-0.68798447,-0.359492,-0.7757255,-0.39189464,-0.5921179,-0.6643962,-0.7653608,-0.84613854,-0.8421628,-1.0,-0.9032282,-0.46898797,-0.43051627,-0.62120837,-0.5339442,-0.41071683,-0.4078965,-0.24054132,-0.31689322,-0.51548374,-0.25892326,-0.62359166,-0.32814303,-0.3948223,-0.21394406,-0.24077153,-0.14339152,-0.5465934,-0.07453508,-0.66025823,-0.16004996,-0.481573,-0.102378994,-0.35118753,-0.05514709,G
0.0,0.0,0.07746601,-0.26313505,0.0030831222,-0.56051415,-0.18569449,-0.69709074,-0.36451995,-0.77703667,-0.38993165,-0.59033537,-0.6642854,-0.76361597,-0.845495,-0.84195185,-1.0,-0.9015962,-0.4702028,-0.42898697,-0.6169007,-0.53124696,-0.40500462,-0.40657482,-0.23850718,-0.3148077,-0.51894945,-0.25955492,-0.62365603,-0.32598856,-0.39529198,-0.2153309,-0.24637623,-0.14630783,-0.55268705,-0.07550506,-0.6580689,-0.1624834,-0.47692683,-0.107021436,-0.34989932,-0.060410235,G
0.0,0.0,0.073090285,-0.26049706,-0.0012687318,-0.5571454,-0.18479037,-0.6953006,-0.3665316,-0.77356434,-0.3911744,-0.58884394,-0.6618633,-0.7618579,-0.8448627,-0.8377778,-1.0,-0.89670515,-0.4686561,-0.42776924,-0.6193231,-0.5323246,-0.41513246,-0.40800968,-0.24615084,-0.31160435,-0.5176273,-0.25572062,-0.6229716,-0.31906304,-0.3969768,-0.20834367,-0.2422936,-0.13612011,-0.55414224,-0.069586314,-0.6630794,-0.1562563,-0.48228145,-0.10188959,-0.34834078,-0.0517811,G
0.0,0.0,0.081623286,-0.25231478,0.008051521,-0.5508895,-0.1786163,-0.69528294,-0.3613771,-0.7717061,-0.38272396,-0.5877846,-0.6582725,-0.7611946,-0.8449741,-0.83598334,-1.0,-0.89645094,-0.45964676,-0.42268,-0.6085765,-0.535652,-0.40567654,-0.40283293,-0.23516975,-0.30138847,-0.5062503,-0.24595317,-0.60358155,-0.31811854,-0.38037676,-0.20185581,-0.22629884,-0.12657285,-0.54173595,-0.056308657,-0.6443796,-0.15130794,-0.4681594,-0.095675394,-0.33847383,-0.042500984,G
0.0,0.0,0.08021542,-0.25666034,0.0038132654,-0.5546955,-0.18816216,-0.6908171,-0.3643836,-0.76645285,-0.39839935,-0.584841,-0.6657721,-0.7486629,-0.8499653,-0.8270886,-1.0,-0.88732874,-0.47171512,-0.41736963,-0.62182087,-0.53436,-0.41640052,-0.40958226,-0.24223334,-0.3066559,-0.5110387,-0.23804809,-0.61068344,-0.31524265,-0.38547438,-0.20678122,-0.2281687,-0.13008195,-0.5390035,-0.04390904,-0.6406993,-0.14271949,-0.464768,-0.093564086,-0.33550912,-0.040255472,G
0.0,0.0,0.060189225,-0.25169772,-0.026046287,-0.5397288,-0.20659776,-0.6689088,-0.37888026,-0.7311813,-0.4113882,-0.5623987,-0.6704625,-0.7190536,-0.8508151,-0.7964781,-1.0,-0.8563896,-0.48112613,-0.3965959,-0.6119906,-0.5126213,-0.41338673,-0.39481196,-0.24919954,-0.29580233,-0.51803815,-0.21938583,-0.5974972,-0.300227,-0.38172585,-0.19480726,-0.23329818,-0.118872814,-0.5426734,-0.028112186,-0.6276332,-0.12899688,-0.45795375,-0.0846822,-0.33563447,-0.035010353,G
0.0,0.0,0.031427387,-0.13961177,-0.01539956,-0.28747445,-0.105722025,-0.34819674,-0.14864758,-0.39802322,-0.32762986,-0.5287864,-0.5749489,-0.77648574,-0.7482706,-0.9044698,-0.8895217,-1.0,-0.4169309,-0.39490435,-0.4762404,-0.595561,-0.2593462,-0.4491446,-0.08733503,-0.31966856,-0.4877748,-0.25120512,-0.50549394,-0.38004008,-0.2551888,-0.25653225,-0.07347044,-0.15502012,-0.5525078,-0.07631729,-0.5498909,-0.1775955,-0.3241379,-0.11108015,-0.16581888,-0.053428657,G
0.0,0.0,0.018243024,-0.28923166,-0.06628715,-0.5634816,-0.23078358,-0.6809441,-0.39207202,-0.71217406,-0.44462004,-0.5627136,-0.6977294,-0.7151505,-0.85798925,-0.7874873,-1.0,-0.83634794,-0.50420964,-0.41428515,-0.6241419,-0.5091561,-0.41857922,-0.40303007,-0.2718056,-0.3173683,-0.5355325,-0.25897038,-0.61473525,-0.31734753,-0.40223068,-0.23178907,-0.26969555,-0.17267425,-0.55096203,-0.08773135,-0.6343714,-0.15937875,-0.4656557,-0.122079596,-0.35202262,-0.084792666,G
0.0,0.0,0.026309261,-0.2637349,-0.06432896,-0.53211683,-0.2377123,-0.6483182,-0.40879604,-0.7056593,-0.44430873,-0.55182946,-0.6924618,-0.70702875,-0.85901797,-0.7863905,-1.0,-0.8486203,-0.506414,-0.39427292,-0.63429135,-0.50024575,-0.43424776,-0.4005392,-0.27538767,-0.3144387,-0.5359899,-0.22816263,-0.62271965,-0.30927736,-0.41738752,-0.2203475,-0.2806593,-0.15117915,-0.550069,-0.04729852,-0.6361402,-0.14155397,-0.47543168,-0.10541493,-0.3629888,-0.06109244,G
0.0,0.0,0.020650065,-0.2608169,-0.0713065,-0.5292053,-0.24409544,-0.63677216,-0.41363502,-0.6973665,-0.43799743,-0.5372632,-0.68763876,-0.6947421,-0.855772,-0.77301544,-1.0,-0.83357865,-0.5018371,-0.37705302,-0.6142298,-0.4941818,-0.4130556,-0.38695365,-0.26232404,-0.29486895,-0.53350973,-0.20902587,-0.60451794,-0.2979403,-0.39974993,-0.19758725,-0.27067116,-0.12403005,-0.55052114,-0.024178144,-0.6266308,-0.123958044,-0.4673597,-0.08407403,-0.36036965,-0.037219226,G
0.0,0.0,0.031346012,-0.25575548,-0.05688559,-0.52924967,-0.2291637,-0.63950104,-0.40464365,-0.6755867,-0.43494725,-0.5309462,-0.6885982,-0.68529963,-0.85711825,-0.7658938,-1.0,-0.8267063,-0.4987487,-0.36895198,-0.6020312,-0.48375225,-0.3987017,-0.38229108,-0.24341322,-0.28979626,-0.5298686,-0.20026937,-0.5970735,-0.29134795,-0.3955821,-0.20154482,-0.25828415,-0.12626377,-0.54614866,-0.015797526,-0.62542194,-0.115732655,-0.46849814,-0.08646623,-0.35228235,-0.040888157,G
0.0,0.0,0.035520982,-0.25419846,-0.05329406,-0.5301052,-0.23253354,-0.6469648,-0.41224515,-0.67685944,-0.4274538,-0.5432629,-0.6834638,-0.6985374,-0.855574,-0.78114504,-1.0,-0.84459525,-0.49216777,-0.38122416,-0.5929921,-0.4942878,-0.39922503,-0.40519366,-0.24357806,-0.31766573,-0.5258806,-0.21345346,-0.5887428,-0.29952204,-0.38930807,-0.21900319,-0.24976934,-0.14740378,-0.5433397,-0.03226656,-0.61405915,-0.13435662,-0.454299,-0.10521932,-0.33592072,-0.057526194,G
0.0,0.0,0.027762465,-0.2575537,-0.054214075,-0.53280544,-0.2199046,-0.6567761,-0.39753374,-0.6879775,-0.42301357,-0.554913,-0.67908996,-0.7110449,-0.8540829,-0.79572344,-1.0,-0.8624432,-0.4873166,-0.3948878,-0.5909411,-0.50540566,-0.399204,-0.4107568,-0.24205309,-0.3250345,-0.52401316,-0.2273093,-0.5791494,-0.30996183,-0.3858522,-0.22670403,-0.24817568,-0.1576132,-0.5480146,-0.046386555,-0.60799444,-0.1434297,-0.45251772,-0.11053777,-0.33891684,-0.06551083,G
0.0,0.0,0.033150367,-0.2625174,-0.05101783,-0.5450928,-0.22882098,-0.6651512,-0.41014838,-0.6957167,-0.428944,-0.55437326,-0.68157774,-0.7179132,-0.8557058,-0.8065752,-1.0,-0.87820596,-0.49341255,-0.3886426,-0.5941692,-0.5178785,-0.39711753,-0.42012697,-0.23576967,-0.3234611,-0.52719754,-0.21649049,-0.5849037,-0.3185263,-0.38456282,-0.23247275,-0.24115974,-0.15214635,-0.5487883,-0.030015174,-0.61883014,-0.14620519,-0.45960772,-0.11890771,-0.33976445,-0.065931514,G
0.0,0.0,0.034042437,-0.25827706,-0.051191848,-0.5396127,-0.22682248,-0.6582246,-0.4088126,-0.6970245,-0.4370298,-0.5502261,-0.6872123,-0.71887773,-0.8581215,-0.8098398,-1.0,-0.8832809,-0.5055006,-0.38383776,-0.598634,-0.52494544,-0.40385392,-0.42227912,-0.24702135,-0.31660265,-0.54257405,-0.20981178,-0.6012936,-0.32252893,-0.40078887,-0.23227352,-0.25654572,-0.14555256,-0.56426615,-0.020978522,-0.6417358,-0.1469424,-0.4848618,-0.1250802,-0.36070397,-0.0713736,G
0.0,0.0,0.043382302,-0.25582743,-0.04634544,-0.5415501,-0.22594209,-0.656074,-0.4022612,-0.70887923,-0.43364415,-0.55434567,-0.6848883,-0.72573626,-0.8564424,-0.81700224,-1.0,-0.89015317,-0.49961853,-0.38704202,-0.5981788,-0.5294329,-0.39488602,-0.42262805,-0.23665996,-0.32007334,-0.53395027,-0.21338247,-0.59506655,-0.3292312,-0.3800047,-0.22703694,-0.2369887,-0.14105874,-0.554572,-0.023217207,-0.6219755,-0.15387078,-0.45310432,-0.11451366,-0.33558157,-0.054727416,G
0.0,0.0,0.050116975,-0.25563988,-0.038636733,-0.54558957,-0.2312213,-0.6544917,-0.40927735,-0.7169272,-0.4242616,-0.55798006,-0.6770836,-0.7309464,-0.8522289,-0.8189272,-1.0,-0.8888862,-0.49383998,-0.38689002,-0.5976528,-0.5253746,-0.38407463,-0.40818456,-0.22272095,-0.30747065,-0.5291317,-0.21184598,-0.5858765,-0.32561797,-0.37059817,-0.21515878,-0.2337041,-0.13053717,-0.55114937,-0.019220369,-0.62509555,-0.14541663,-0.45536962,-0.10287048,-0.33929107,-0.04728106,G
0.0,0.0,0.08857448,-0.38543013,-0.01914067,-0.7177518,-0.27201426,-0.885119,-0.4948325,-0.9852966,-0.35756117,-0.70962286,-0.5181604,-0.8345631,-0.6829188,-0.9162469,-0.79062295,-1.0,-0.5137748,-0.53656715,-0.6651441,-0.6873017,-0.46819177,-0.53149647,-0.24914637,-0.40255037,-0.63100773,-0.34174106,-0.7181876,-0.44701138,-0.46151197,-0.2846725,-0.25663057,-0.16876127,-0.7372072,-0.11453817,-0.79956335,-0.21736142,-0.572848,-0.13435088,-0.40146828,-0.07111405,G
0.0,0.0,0.037849177,-0.25157988,-0.04318416,-0.5187482,-0.2251173,-0.62618047,-0.3931619,-0.6808454,-0.44093663,-0.5408287,-0.71231,-0.7194355,-0.8669737,-0.7985908,-1.0,-0.8632425,-0.50645155,-0.3676119,-0.5918879,-0.4874663,-0.36614722,-0.37417358,-0.20983505,-0.2782284,-0.5358062,-0.1948786,-0.56268615,-0.28315568,-0.33917245,-0.18476117,-0.2123875,-0.10860037,-0.55813575,-0.01339638,-0.60495895,-0.120499164,-0.42946312,-0.07934237,-0.326244,-0.029985104,G
0.0,0.0,0.042239536,-0.26184714,-0.03995527,-0.5453588,-0.21927214,-0.6714526,-0.39761165,-0.72774726,-0.43563318,-0.5688839,-0.685496,-0.7503568,-0.85358375,-0.8340773,-1.0,-0.90226936,-0.5061434,-0.3988086,-0.5954131,-0.51328444,-0.39470226,-0.3959542,-0.24278931,-0.30419523,-0.5435224,-0.22835283,-0.56929296,-0.32271957,-0.3710916,-0.21351114,-0.24305628,-0.13380872,-0.565527,-0.046349138,-0.6086644,-0.15182334,-0.45085707,-0.10372885,-0.34289655,-0.053284872,G
0.0,0.0,0.039160445,-0.24421564,-0.04801138,-0.5159859,-0.22485685,-0.63538444,-0.400669,-0.6817764,-0.4348854,-0.543377,-0.68357766,-0.71698123,-0.85149276,-0.8037958,-1.0,-0.87030303,-0.506346,-0.36930454,-0.5927737,-0.49986386,-0.37583286,-0.38943866,-0.21619633,-0.290335,-0.5418575,-0.19193864,-0.56040627,-0.3029096,-0.34555683,-0.19849846,-0.21611294,-0.11426025,-0.5620492,-0.0052950815,-0.6001091,-0.12906167,-0.4273333,-0.087806955,-0.3170607,-0.030490868,G
0.0,0.0,0.048221108,-0.25812647,-0.04421741,-0.5338586,-0.22891602,-0.6520418,-0.40973076,-0.699584,-0.42927116,-0.55269235,-0.6861724,-0.72568923,-0.85462683,-0.81281906,-1.0,-0.88115716,-0.49510196,-0.37569514,-0.59308666,-0.5016369,-0.3806758,-0.3904491,-0.21227631,-0.2900635,-0.52832526,-0.19565351,-0.5706633,-0.30697557,-0.35373276,-0.20709628,-0.20639789,-0.12294234,-0.5450789,-0.0045859753,-0.6173351,-0.12387994,-0.44900936,-0.09579452,-0.32204533,-0.046277396,G
0.0,0.0,0.056069296,-0.24573559,-0.032276373,-0.5258122,-0.21588373,-0.6478013,-0.39608115,-0.6984181,-0.42610565,-0.5462192,-0.6843614,-0.71988183,-0.85547817,-0.80085427,-1.0,-0.86817706,-0.49111453,-0.37114978,-0.58582544,-0.49957713,-0.37612304,-0.38170528,-0.20905189,-0.28513357,-0.5259448,-0.19509229,-0.5605717,-0.29463863,-0.3436389,-0.18729098,-0.20001876,-0.10884181,-0.54633933,-0.010941095,-0.61753744,-0.12177045,-0.44926348,-0.08629158,-0.327348,-0.040290654,G
0.0,0.0,0.058784775,-0.2528157,-0.03170326,-0.5335501,-0.21503569,-0.6575724,-0.39795253,-0.7168278,-0.42594144,-0.5473203,-0.6848624,-0.7248401,-0.8550983,-0.80858654,-1.0,-0.8773229,-0.4926279,-0.37577432,-0.58182764,-0.49785197,-0.37164283,-0.37625486,-0.20332836,-0.2739423,-0.5287575,-0.20212628,-0.57527393,-0.29794282,-0.35553783,-0.19433703,-0.20390019,-0.114459865,-0.5487283,-0.018363593,-0.62497544,-0.123297304,-0.44871795,-0.08997944,-0.31465587,-0.045049094,G
0.0,0.0,0.06619371,-0.2567531,-0.024103792,-0.541068,-0.21379942,-0.66094285,-0.3930415,-0.7294013,-0.42493656,-0.5661127,-0.6844669,-0.73959035,-0.85787475,-0.81341285,-1.0,-0.8755303,-0.49483263,-0.39340407,-0.5924916,-0.49840784,-0.37973636,-0.3727628,-0.2077533,-0.28283575,-0.5330629,-0.21715437,-0.577378,-0.29367983,-0.35828015,-0.18207496,-0.21104257,-0.11266246,-0.553995,-0.03100302,-0.6144453,-0.12614548,-0.4329869,-0.071591645,-0.30765742,-0.026169188,G
0.0,0.0,0.0659019,-0.2543178,-0.017994717,-0.5428025,-0.20086999,-0.6670024,-0.3777541,-0.7381375,-0.42363706,-0.5782618,-0.681813,-0.7530696,-0.85664773,-0.831556,-1.0,-0.8962253,-0.49672216,-0.40528777,-0.5960633,-0.5073153,-0.3843603,-0.37473047,-0.21004696,-0.27716377,-0.53702295,-0.23025848,-0.58374244,-0.30100095,-0.37193263,-0.18714334,-0.2285774,-0.11564457,-0.56015426,-0.045823924,-0.6183723,-0.1320596,-0.44223383,-0.07338249,-0.32314363,-0.028090274,G
0.0,0.0,0.05815105,-0.2615392,-0.021700231,-0.5466199,-0.20788309,-0.65865594,-0.37773773,-0.73284554,-0.4193679,-0.5792238,-0.67994434,-0.75579864,-0.85738003,-0.83323175,-1.0,-0.89592505,-0.4935593,-0.40357092,-0.6010096,-0.50527745,-0.39593717,-0.37430337,-0.22314626,-0.2759062,-0.53390604,-0.22875297,-0.5862464,-0.3031942,-0.3875332,-0.18732081,-0.24827237,-0.10956021,-0.55621934,-0.045608256,-0.629698,-0.14004615,-0.47181162,-0.081141196,-0.35944027,-0.027854504,G
0.0,0.0,0.069956124,-0.26839536,-0.008141994,-0.5608977,-0.19553088,-0.6936441,-0.37669536,-0.7755511,-0.4105411,-0.5916378,-0.6767279,-0.78012186,-0.8540354,-0.86360383,-1.0,-0.9319083,-0.4876797,-0.4135031,-0.5985152,-0.51951313,-0.3871099,-0.38509566,-0.21160538,-0.2829067,-0.53132296,-0.23362355,-0.5892154,-0.31014612,-0.36951494,-0.1973931,-0.21746698,-0.1216576,-0.5593353,-0.045427676,-0.6356224,-0.13771564,-0.45779082,-0.0835111,-0.3292112,-0.03378828,G
0.0,0.0,0.106028534,-0.3589834,-0.022414116,-0.70210767,-0.27717218,-0.88309646,-0.48378348,-0.9919878,-0.36722684,-0.6860851,-0.5612841,-0.82906306,-0.7394832,-0.9168939,-0.8778052,-1.0,-0.51903903,-0.5192764,-0.6805947,-0.67291635,-0.46703798,-0.502011,-0.24687456,-0.3574859,-0.6272283,-0.32455695,-0.72536945,-0.4253994,-0.45705372,-0.25482434,-0.25589046,-0.13830319,-0.70859885,-0.088833645,-0.79208267,-0.19615781,-0.555141,-0.11034392,-0.3769462,-0.04799739,G
0.0,0.0,0.035444155,-0.267653,-0.05284081,-0.54874533,-0.22797826,-0.6804273,-0.40410638,-0.7495691,-0.4406983,-0.5841454,-0.700654,-0.75744253,-0.86365783,-0.83251363,-1.0,-0.8964063,-0.5050057,-0.4070581,-0.60344756,-0.5137314,-0.38080388,-0.3884801,-0.22212258,-0.2958227,-0.5368567,-0.2289852,-0.5786524,-0.30042177,-0.35969624,-0.20045997,-0.22583474,-0.13218608,-0.55909073,-0.04405297,-0.62446755,-0.12759598,-0.44918257,-0.0859699,-0.3325508,-0.04436966,G
0.0,0.0,0.041228477,-0.2579619,-0.037635952,-0.5330534,-0.21155053,-0.64707637,-0.38690725,-0.71220267,-0.43153414,-0.55331415,-0.69012094,-0.7241708,-0.85944635,-0.79994535,-1.0,-0.8581686,-0.49830547,-0.3798311,-0.5879028,-0.47800857,-0.37634277,-0.35660636,-0.21313794,-0.26417598,-0.5343696,-0.20505242,-0.57749814,-0.28350237,-0.3666706,-0.17808452,-0.23120087,-0.10771429,-0.5542353,-0.022234948,-0.61970514,-0.11935894,-0.45144624,-0.07583403,-0.33670494,-0.031281922,G
0.0,0.0,0.03467751,-0.26734608,-0.04576912,-0.5433889,-0.22593778,-0.6524521,-0.40093416,-0.72126603,-0.43737462,-0.5655209,-0.69057035,-0.7342168,-0.8607045,-0.809869,-1.0,-0.86835307,-0.5043525,-0.39587572,-0.5973883,-0.4944497,-0.40366715,-0.37343818,-0.24282299,-0.27909473,-0.539596,-0.22470051,-0.5763338,-0.3038083,-0.38853684,-0.19005248,-0.25813586,-0.111434184,-0.558635,-0.04594744,-0.61859876,-0.13215148,-0.4670577,-0.08386554,-0.35604948,-0.037379343,G
0.0,0.0,0.042288013,-0.27622616,-0.03207692,-0.5682692,-0.21984497,-0.6742432,-0.40358686,-0.7206185,-0.4344453,-0.5792606,-0.6897897,-0.7538863,-0.86098737,-0.8319875,-1.0,-0.8910574,-0.5040386,-0.40696934,-0.59127057,-0.50860894,-0.39599308,-0.38377836,-0.23328409,-0.2856407,-0.54079974,-0.23576893,-0.5737413,-0.31218067,-0.38295335,-0.19969852,-0.24712457,-0.123067684,-0.56234556,-0.05651812,-0.62481797,-0.14005837,-0.46928743,-0.09510184,-0.35098565,-0.05336808,G
0.0,0.0,0.0429561,-0.27432323,-0.022954239,-0.57196194,-0.20857808,-0.68546957,-0.39247406,-0.7435054,-0.43068725,-0.5948038,-0.6810598,-0.76676106,-0.8564213,-0.84774756,-1.0,-0.9133692,-0.5007378,-0.41933054,-0.59496075,-0.5269728,-0.39896518,-0.39758113,-0.22997817,-0.29638508,-0.5366246,-0.24225812,-0.56907654,-0.32111192,-0.3753811,-0.20611645,-0.23353328,-0.12778191,-0.5581425,-0.057008322,-0.6286699,-0.14779653,-0.48273468,-0.10645568,-0.36745697,-0.063892685,G
0.0,0.0,0.0501578,-0.2632426,-0.022415925,-0.567731,-0.20337449,-0.69905335,-0.38855693,-0.7552515,-0.4283513,-0.5991971,-0.6891869,-0.779304,-0.860496,-0.86664397,-1.0,-0.9358603,-0.50232995,-0.42503467,-0.58941853,-0.5383462,-0.3840879,-0.40463158,-0.21928898,-0.30174527,-0.5427582,-0.24685125,-0.5773075,-0.33420154,-0.37512493,-0.21076278,-0.23768516,-0.12799346,-0.569195,-0.057779174,-0.6208947,-0.15405035,-0.4574986,-0.10024045,-0.34506235,-0.05103747,G
0.0,0.0,0.043530047,-0.26707545,-0.027271835,-0.57290316,-0.20402755,-0.70511854,-0.38527858,-0.76187754,-0.42509085,-0.60171723,-0.67949367,-0.78386676,-0.8537655,-0.8741305,-1.0,-0.946329,-0.5009309,-0.42492065,-0.607005,-0.5443898,-0.39538857,-0.408151,-0.2286263,-0.30349022,-0.543569,-0.24296696,-0.59436154,-0.3341994,-0.3797814,-0.20491725,-0.24178776,-0.12022597,-0.5729895,-0.048548844,-0.6353984,-0.1590455,-0.4611856,-0.096274756,-0.3466908,-0.037936095,G
0.0,0.0,0.06024469,-0.27050278,-0.0098148715,-0.58364,-0.19597341,-0.71560425,-0.3794018,-0.7886164,-0.42441702,-0.6201471,-0.68202096,-0.8086366,-0.85562676,-0.9031498,-1.0,-0.9783978,-0.50230944,-0.43950897,-0.58725345,-0.54621196,-0.37590274,-0.40398845,-0.21132831,-0.2968235,-0.5459965,-0.2578874,-0.57884973,-0.33952802,-0.370619,-0.2054802,-0.23661515,-0.11744293,-0.5768942,-0.06626181,-0.6287566,-0.1633385,-0.45961964,-0.09798235,-0.34936568,-0.042158145,G
0.0,0.0,0.06252701,-0.26613736,0.0035788983,-0.5871298,-0.1817134,-0.71914333,-0.36105305,-0.7858287,-0.41072202,-0.62696326,-0.66048145,-0.8216147,-0.83342016,-0.9189452,-0.9784243,-1.0,-0.49929693,-0.44881728,-0.57183504,-0.5662958,-0.35899186,-0.41164514,-0.20208345,-0.30233344,-0.55096793,-0.26777467,-0.56245655,-0.35049728,-0.35563174,-0.20833512,-0.22980669,-0.12274074,-0.5889201,-0.07434991,-0.6166371,-0.17555103,-0.4452538,-0.10466189,-0.34234998,-0.048765477,G
0.0,0.0,0.06575413,-0.25453377,0.013781126,-0.56096786,-0.15443242,-0.7024737,-0.33276424,-0.7742906,-0.37816855,-0.610263,-0.61112094,-0.812547,-0.7728392,-0.9158662,-0.90999323,-1.0,-0.46276063,-0.44313765,-0.5371971,-0.56281596,-0.34000796,-0.40811285,-0.19248033,-0.29515633,-0.5149834,-0.2682303,-0.53748316,-0.36411273,-0.3403207,-0.21821623,-0.218245,-0.12454754,-0.55533695,-0.07920949,-0.5933734,-0.19092984,-0.43155664,-0.120112374,-0.3310156,-0.058813274,G
0.0,0.0,0.1509898,-0.31724325,0.052231383,-0.6534076,-0.18804783,-0.8308724,-0.41285747,-0.94332474,-0.3064441,-0.65697026,-0.55033016,-0.82541466,-0.75808,-0.91710347,-0.9252475,-1.0,-0.44670787,-0.49305874,-0.6218679,-0.6403957,-0.4124271,-0.47905988,-0.19574323,-0.32768962,-0.5471521,-0.2952188,-0.65638715,-0.384852,-0.37247032,-0.21326934,-0.17675824,-0.092503816,-0.6329531,-0.067179576,-0.7028921,-0.14233547,-0.46278706,-0.054035466,-0.2967466,0.013804158,G
0.0,0.0,0.021735203,-0.2591825,-0.029986786,-0.5442423,-0.17792562,-0.7067862,-0.3528235,-0.7716921,-0.3923026,-0.6107283,-0.6216366,-0.8238963,-0.7763609,-0.92025584,-0.91410923,-1.0,-0.48511392,-0.45154622,-0.5738235,-0.5551225,-0.37063846,-0.41204226,-0.22600548,-0.31623334,-0.5441167,-0.2870316,-0.5592196,-0.34708074,-0.362756,-0.231176,-0.24575722,-0.16247597,-0.58682513,-0.119177796,-0.6156869,-0.1963124,-0.46068138,-0.14043644,-0.36736912,-0.09516482,G
0.0,0.0,0.0370111,-0.26737776,-0.025566205,-0.5524664,-0.18563293,-0.69316185,-0.35675043,-0.7682753,-0.40503043,-0.61092407,-0.6244438,-0.81750524,-0.77724665,-0.9188204,-0.91487724,-1.0,-0.4955276,-0.4498395,-0.5493845,-0.56129444,-0.347951,-0.40869275,-0.21067224,-0.29508325,-0.5532121,-0.28179744,-0.5514584,-0.3682942,-0.35939714,-0.23301774,-0.2477146,-0.14390053,-0.5961065,-0.09820302,-0.6058353,-0.20188059,-0.44690603,-0.13844463,-0.35457012,-0.08158145,G
0.0,0.0,0.05177362,-0.25853378,-0.0032714233,-0.5462042,-0.16495027,-0.6834604,-0.3362328,-0.760973,-0.3869297,-0.60510737,-0.60350174,-0.81210315,-0.7571067,-0.91492444,-0.8919734,-1.0,-0.47739014,-0.44337177,-0.5366757,-0.5571803,-0.33842185,-0.4036654,-0.19258817,-0.2920786,-0.53625304,-0.2757801,-0.5240475,-0.3530897,-0.32691768,-0.21327354,-0.2088328,-0.12648496,-0.57999146,-0.09545484,-0.5756671,-0.1872911,-0.4137094,-0.117452584,-0.3213762,-0.06204832,G
0.0,0.0,0.058185123,-0.2529285,0.004896062,-0.54310095,-0.1630108,-0.6775317,-0.33253554,-0.7648426,-0.38729796,-0.60352266,-0.59673065,-0.809443,-0.7487792,-0.9131469,-0.8840062,-1.0,-0.4852859,-0.44203684,-0.52484715,-0.55778366,-0.32033283,-0.3990422,-0.18192025,-0.28708482,-0.5475503,-0.2739449,-0.5162935,-0.3499617,-0.31860355,-0.20527697,-0.21188784,-0.1187136,-0.593543,-0.09013435,-0.57303584,-0.18146013,-0.41301548,-0.10844532,-0.3356686,-0.05454708,G
0.0,0.0,0.05824608,-0.2532866,0.0025197656,-0.5445336,-0.16326885,-0.6771236,-0.32811224,-0.75853837,-0.3906961,-0.60518366,-0.6091953,-0.8114499,-0.76496613,-0.91572833,-0.89761555,-1.0,-0.48612645,-0.44300276,-0.5270917,-0.55091333,-0.32950306,-0.3964559,-0.18697494,-0.28205553,-0.5482901,-0.2768102,-0.52376294,-0.3498088,-0.33348998,-0.20879975,-0.22209167,-0.1174982,-0.59424573,-0.09531928,-0.5788987,-0.1866103,-0.41958845,-0.111062475,-0.33225504,-0.051324207,G
0.0,0.0,0.062082764,-0.26285586,0.014408255,-0.5549021,-0.1515918,-0.68299764,-0.31684437,-0.7619618,-0.36997798,-0.6117711,-0.5774527,-0.81335855,-0.72766167,-0.9162769,-0.8540454,-1.0,-0.4686424,-0.45197478,-0.51709175,-0.5517383,-0.33067447,-0.40453836,-0.18760851,-0.29722115,-0.5329781,-0.28737316,-0.51187897,-0.3459132,-0.32448253,-0.21367621,-0.20724037,-0.13077985,-0.5797593,-0.107927196,-0.5707565,-0.18087015,-0.40998337,-0.11233434,-0.31372908,-0.06257322,G
0.0,0.0,0.06424387,-0.2554853,0.01595407,-0.53600883,-0.15275735,-0.65982276,-0.30819264,-0.7535745,-0.3753662,-0.61111736,-0.5803137,-0.8160342,-0.7313996,-0.9179749,-0.85642564,-1.0,-0.47621742,-0.45238808,-0.5093416,-0.54736197,-0.3218675,-0.39675364,-0.18279779,-0.28870592,-0.541532,-0.28727615,-0.5093254,-0.34166268,-0.3315976,-0.20309016,-0.22539574,-0.11765493,-0.5895719,-0.10581684,-0.5732968,-0.18154863,-0.421811,-0.10833096,-0.33661923,-0.055707753,G
0.0,0.0,0.06344628,-0.25532052,0.024550973,-0.5474339,-0.13473406,-0.68051964,-0.30325988,-0.74737954,-0.36183375,-0.60732013,-0.5583034,-0.80977345,-0.70120203,-0.91357195,-0.81725746,-1.0,-0.46041355,-0.45355266,-0.5066824,-0.54896533,-0.32893178,-0.40272605,-0.1848849,-0.29941723,-0.52512443,-0.29183063,-0.5034117,-0.3439284,-0.32580888,-0.20902847,-0.20895933,-0.12692322,-0.5706349,-0.11570214,-0.56374264,-0.1828781,-0.41297406,-0.11161412,-0.32056504,-0.061520673,G
0.0,0.0,0.065433,-0.2604659,0.02980954,-0.5572692,-0.13591994,-0.6885596,-0.29782864,-0.76159096,-0.3714167,-0.6195834,-0.5886932,-0.82660776,-0.754248,-0.926301,-0.8888021,-1.0,-0.47092107,-0.457739,-0.5215606,-0.5356227,-0.3358396,-0.39167777,-0.1853623,-0.28622478,-0.53348297,-0.2931725,-0.52161694,-0.32427645,-0.34732026,-0.20227762,-0.22976467,-0.12188462,-0.57597727,-0.11583163,-0.5765105,-0.16654187,-0.42733294,-0.096730895,-0.33340573,-0.04543794,G
0.0,0.0,0.070546545,-0.26947877,0.03317246,-0.57576394,-0.13160525,-0.71035576,-0.30310428,-0.7760807,-0.36916736,-0.63385737,-0.57178146,-0.832483,-0.72668904,-0.9297834,-0.8530852,-1.0,-0.4698806,-0.47502193,-0.53077507,-0.56715745,-0.3479723,-0.42981344,-0.20142551,-0.32650894,-0.5339378,-0.3078594,-0.5349786,-0.35734862,-0.35782573,-0.22697648,-0.24182124,-0.14157295,-0.5771355,-0.12710623,-0.588443,-0.18857668,-0.43983573,-0.11516683,-0.3468652,-0.0599508,G
0.0,0.0,0.19199137,-0.24317639,0.11441199,-0.55607384,-0.14374457,-0.74665624,-0.40060696,-0.8467647,-0.18463299,-0.61942905,-0.44109035,-0.80146027,-0.6923048,-0.90545183,-0.8972408,-1.0,-0.35728133,-0.4606864,-0.5799788,-0.5800181,-0.398179,-0.38146678,-0.20781341,-0.23026453,-0.47132322,-0.29411158,-0.63822937,-0.32647634,-0.38442734,-0.12750243,-0.18781121,-0.014351583,-0.5539342,-0.12011984,-0.67538893,-0.12950648,-0.47031802,0.012263127,-0.3213523,0.09026575,G
0.0,0.0,0.04374232,-0.15962894,-0.06869274,-0.2931089,-0.2532709,-0.32331884,-0.43474233,-0.32402995,-0.3396808,-0.40559956,-0.5797167,-0.5765261,-0.73981094,-0.68092877,-0.8745067,-0.7689205,-0.43466327,-0.2697384,-0.6951287,-0.45413798,-0.8657675,-0.57538646,-1.0,-0.6725373,-0.45080495,-0.09800375,-0.5229238,-0.14211436,-0.30559486,-0.05196311,-0.1279834,-0.0041485536,-0.40658227,0.08394422,-0.4296011,0.073213495,-0.25423422,0.121164985,-0.12773646,0.1462121,H
0.0,0.0,0.07053508,-0.18713284,-0.026508868,-0.3984346,-0.2339841,-0.45561215,-0.43474466,-0.4810074,-0.2563221,-0.5442981,-0.4916173,-0.7525033,-0.66223145,-0.8465866,-0.81283545,-0.9295534,-0.35456264,-0.4164903,-0.6366683,-0.6302234,-0.8343709,-0.7629604,-1.0,-0.87182564,-0.389795,-0.25417817,-0.5105084,-0.37603343,-0.28751832,-0.29583356,-0.13583922,-0.231048,-0.3801483,-0.07580426,-0.40869534,-0.1791856,-0.21916278,-0.13703474,-0.10970935,-0.081512906,H
0.0,0.0,0.09489553,-0.19523035,-0.059477646,-0.4275762,-0.35773572,-0.49375418,-0.6314218,-0.4585312,-0.2386701,-0.6302515,-0.5318755,-0.7984385,-0.7293322,-0.8913603,-0.9238308,-1.0,-0.35936478,-0.51060826,-0.5932711,-0.6228268,-0.57760936,-0.5638027,-0.57654506,-0.54394066,-0.44190773,-0.37261665,-0.6345649,-0.41863957,-0.47883606,-0.29016745,-0.37275574,-0.24897097,-0.48636648,-0.23730922,-0.6295803,-0.23199484,-0.50480795,-0.1557264,-0.4170052,-0.12432816,H
0.0,0.0,0.010377296,-0.25592622,-0.10684627,-0.47754198,-0.32908443,-0.53626066,-0.5088602,-0.53939986,-0.3285765,-0.6586298,-0.55942225,-0.8274038,-0.7122982,-0.89656484,-0.85873705,-0.9547678,-0.42379177,-0.54011464,-0.68389374,-0.72374356,-0.84988946,-0.80687815,-1.0,-0.8726633,-0.46701464,-0.39110398,-0.55873525,-0.41171193,-0.3751257,-0.32972127,-0.24829626,-0.29007944,-0.47190678,-0.23007005,-0.5028907,-0.24442688,-0.34792224,-0.18635738,-0.24553981,-0.16268569,H
0.0,0.0,-0.015560492,-0.24824968,-0.1571479,-0.45979407,-0.37261957,-0.46784437,-0.55398494,-0.41020828,-0.39406243,-0.5966231,-0.6022228,-0.774185,-0.7436624,-0.8665109,-0.86214143,-0.9444021,-0.4764625,-0.46402648,-0.7362661,-0.66083723,-0.88044155,-0.7827621,-1.0,-0.87973267,-0.50442505,-0.309096,-0.6111269,-0.3927281,-0.42750826,-0.34808743,-0.30362588,-0.3029438,-0.49659845,-0.14432271,-0.5503501,-0.24353081,-0.3908795,-0.21644996,-0.28043106,-0.17280261,H
0.0,0.0,-0.0063624997,-0.23460394,-0.15253949,-0.44902718,-0.38804597,-0.4457228,-0.58274883,-0.39699578,-0.38230854,-0.58028454,-0.6141992,-0.7548478,-0.7611723,-0.8433933,-0.8865909,-0.9113256,-0.4529322,-0.44436535,-0.7254661,-0.6402695,-0.87908405,-0.759409,-1.0,-0.8462555,-0.4745565,-0.28673685,-0.6030577,-0.3922325,-0.4204847,-0.33330172,-0.3002031,-0.27750975,-0.46607757,-0.11409832,-0.54090047,-0.23456284,-0.37719566,-0.19958222,-0.2621232,-0.14789282,H
0.0,0.0,-0.0066348827,-0.22943236,-0.15599667,-0.4431897,-0.38225657,-0.44309974,-0.563623,-0.38738224,-0.39052108,-0.56475586,-0.60848755,-0.73236835,-0.74943566,-0.82034373,-0.8726506,-0.8869204,-0.46118957,-0.4347442,-0.7261414,-0.6271353,-0.87531465,-0.74312973,-1.0,-0.82855505,-0.4804901,-0.279075,-0.60369134,-0.38766876,-0.42527983,-0.33400273,-0.30902344,-0.27874878,-0.46689945,-0.10763418,-0.53604203,-0.22368018,-0.3806819,-0.1945043,-0.27200195,-0.14430542,H
0.0,0.0,-0.010936234,-0.22447473,-0.16617522,-0.42855114,-0.3900865,-0.42446643,-0.5683364,-0.36368755,-0.39674017,-0.5423504,-0.6160841,-0.70890355,-0.7561854,-0.7957091,-0.8782901,-0.8609955,-0.46417126,-0.4134673,-0.72550017,-0.59746444,-0.8750982,-0.71250814,-1.0,-0.7960573,-0.48238906,-0.2594942,-0.60891443,-0.36786428,-0.4310226,-0.32017744,-0.31516507,-0.26549485,-0.4681678,-0.09018875,-0.53502196,-0.20779814,-0.38324958,-0.18194027,-0.2784997,-0.13011998,H
0.0,0.0,-0.010980405,-0.22571,-0.16584167,-0.42721125,-0.38745606,-0.42181396,-0.5640248,-0.3637865,-0.39320776,-0.5420448,-0.6109799,-0.7022482,-0.7502154,-0.7871826,-0.8726061,-0.8508656,-0.45912787,-0.4153503,-0.72371423,-0.5908955,-0.8748577,-0.7035883,-1.0,-0.78556144,-0.47407594,-0.26189095,-0.6088227,-0.3641016,-0.4312359,-0.31889835,-0.3150974,-0.2668002,-0.45796826,-0.09314707,-0.53492165,-0.20805696,-0.38186082,-0.1854875,-0.27331835,-0.13462938,H
0.0,0.0,-0.017512623,-0.22657165,-0.17801137,-0.4294732,-0.40505752,-0.4141129,-0.5840351,-0.34430683,-0.39891168,-0.5312219,-0.62112635,-0.68774325,-0.7617188,-0.7661252,-0.88387275,-0.82449263,-0.46095613,-0.40040734,-0.72774863,-0.5701713,-0.8768504,-0.68015903,-1.0,-0.7591747,-0.47265926,-0.24750958,-0.5978747,-0.34005314,-0.4194217,-0.2961338,-0.30637982,-0.24640395,-0.45417038,-0.079878956,-0.52832794,-0.19246987,-0.3759772,-0.1693191,-0.2726213,-0.120484106,H
0.0,0.0,-0.016867096,-0.23405412,-0.17441356,-0.43016806,-0.39588916,-0.3994723,-0.5633786,-0.3286669,-0.40455148,-0.5244088,-0.62427986,-0.6740503,-0.7703256,-0.7500987,-0.89516073,-0.8068227,-0.46141046,-0.39135638,-0.7255556,-0.5512978,-0.8759466,-0.65906626,-1.0,-0.73807824,-0.46652603,-0.23855041,-0.60883516,-0.32933405,-0.4297512,-0.29294312,-0.31329632,-0.24577431,-0.44223657,-0.06958028,-0.5420705,-0.18445265,-0.3919302,-0.16945884,-0.2817831,-0.12310124,H
0.0,0.0,-0.018020585,-0.23344742,-0.17928289,-0.42389414,-0.4067016,-0.3912029,-0.5730844,-0.31373227,-0.39869258,-0.50700766,-0.62155586,-0.6577577,-0.77017444,-0.7323513,-0.89722294,-0.79198015,-0.45495108,-0.37301335,-0.7194736,-0.52847266,-0.8731353,-0.63640904,-1.0,-0.7192199,-0.4636283,-0.2208234,-0.6026226,-0.3164912,-0.424766,-0.2822999,-0.30449408,-0.23246923,-0.4432353,-0.05521976,-0.538628,-0.17646533,-0.38832927,-0.16246374,-0.27355686,-0.11322572,H
0.0,0.0,-0.028081005,-0.2295342,-0.19111834,-0.41023928,-0.4096074,-0.38987923,-0.5697618,-0.32334214,-0.4012534,-0.50833607,-0.62552565,-0.65075564,-0.775456,-0.7231474,-0.905608,-0.7788041,-0.4553149,-0.38013244,-0.71708655,-0.52996683,-0.86894506,-0.63097245,-1.0,-0.71053517,-0.4601003,-0.22856411,-0.60522544,-0.31607988,-0.43496844,-0.2820849,-0.32164147,-0.23778622,-0.43448243,-0.061552044,-0.5389677,-0.17133863,-0.40029237,-0.15878522,-0.29524466,-0.113249615,H
0.0,0.0,0.11465601,-0.12953943,0.009467988,-0.2652979,-0.22676758,-0.28930995,-0.46680877,-0.27930385,-0.24782155,-0.4761609,-0.508299,-0.6844829,-0.69878656,-0.7910366,-0.85928893,-0.8693777,-0.38854665,-0.35375634,-0.653112,-0.5444512,-0.8430252,-0.6546765,-1.0,-0.7417196,-0.44700065,-0.19276354,-0.5518489,-0.17222622,-0.31658113,-0.057999767,-0.12513936,-0.0025344593,-0.44660974,-0.019879872,-0.47202867,0.015932443,-0.28699222,0.08832932,-0.13896902,0.12156243,H
0.0,0.0,-0.040098496,-0.23069993,-0.19150363,-0.4135154,-0.40791604,-0.3967613,-0.56640315,-0.31871796,-0.40725002,-0.51151747,-0.6120916,-0.65354383,-0.7534278,-0.7224964,-0.87334293,-0.77957153,-0.4662903,-0.38510573,-0.7179794,-0.53337234,-0.86974114,-0.6260728,-1.0,-0.6991888,-0.47379547,-0.24118784,-0.5950613,-0.31071702,-0.4393995,-0.28780887,-0.3280257,-0.25256222,-0.4492915,-0.085814394,-0.5377634,-0.18095018,-0.40547803,-0.1699054,-0.29950413,-0.12841383,H
0.0,0.0,-0.027341854,-0.23399235,-0.18702558,-0.41470978,-0.41221806,-0.388497,-0.5716159,-0.32162008,-0.40096173,-0.5105518,-0.6271564,-0.66253245,-0.77652353,-0.7417136,-0.9072113,-0.7990599,-0.45498043,-0.3816149,-0.7142753,-0.53769755,-0.8682708,-0.6378449,-1.0,-0.7118487,-0.46063793,-0.23058186,-0.5987246,-0.31188142,-0.43190235,-0.28206974,-0.3152471,-0.24026495,-0.43691048,-0.064366065,-0.538524,-0.17288177,-0.39887208,-0.1632748,-0.28774083,-0.12103206,H
0.0,0.0,-0.014055985,-0.23631561,-0.15821342,-0.4378624,-0.39280576,-0.40971202,-0.5627512,-0.32781506,-0.38525537,-0.5293696,-0.6071586,-0.69342595,-0.7554195,-0.77789617,-0.8835265,-0.8430764,-0.4458485,-0.3958627,-0.71747166,-0.5624837,-0.8703166,-0.6714904,-1.0,-0.75410956,-0.45610142,-0.24272488,-0.5905174,-0.33547375,-0.41592687,-0.30129582,-0.30058438,-0.25380352,-0.43827966,-0.07538559,-0.52693623,-0.19307858,-0.3803564,-0.1782877,-0.27254456,-0.12871596,H
0.0,0.0,0.000364953,-0.23645428,-0.14667687,-0.44891232,-0.39275292,-0.4243879,-0.56617856,-0.33559665,-0.36774078,-0.53691506,-0.5946453,-0.70345205,-0.74078304,-0.7910502,-0.8683404,-0.8595034,-0.43810958,-0.40202594,-0.7147098,-0.57647806,-0.8674559,-0.69331026,-1.0,-0.7849618,-0.45945233,-0.2479556,-0.5889622,-0.34442812,-0.41343004,-0.30488822,-0.29852438,-0.25490236,-0.4517088,-0.081332795,-0.5205634,-0.19874458,-0.37023246,-0.17535733,-0.264205,-0.12071945,H
0.0,0.0,-0.0008895598,-0.2331481,-0.14787222,-0.4377532,-0.38391566,-0.41952485,-0.55946267,-0.3393946,-0.35537145,-0.5298091,-0.5751293,-0.6974094,-0.71720564,-0.7904353,-0.83529884,-0.866616,-0.4246158,-0.39782828,-0.7075339,-0.5745388,-0.8675833,-0.6933918,-1.0,-0.78583914,-0.44484133,-0.24493009,-0.5822375,-0.33669087,-0.4052888,-0.30043846,-0.28173923,-0.25198892,-0.43783912,-0.077197514,-0.52185744,-0.19215417,-0.36904684,-0.17447935,-0.2542623,-0.125404,H
0.0,0.0,0.0016499879,-0.23310956,-0.14131826,-0.43114913,-0.37410155,-0.42291912,-0.54884154,-0.35926262,-0.35101008,-0.538277,-0.566125,-0.7033105,-0.7057377,-0.7925291,-0.82444483,-0.8680085,-0.42918232,-0.4072648,-0.7066101,-0.58404607,-0.86827576,-0.70504695,-1.0,-0.80469507,-0.4560919,-0.24929377,-0.5823098,-0.3523478,-0.40809956,-0.30972403,-0.28520554,-0.2578717,-0.4522932,-0.077400155,-0.51655364,-0.19152689,-0.36995035,-0.16888382,-0.26278722,-0.11856491,H
0.0,0.0,-0.0027921144,-0.22866142,-0.15331303,-0.4300998,-0.38357872,-0.4178985,-0.54883856,-0.3368328,-0.36412147,-0.53727794,-0.5820554,-0.7071455,-0.72458214,-0.7992721,-0.8435808,-0.8743039,-0.4392996,-0.40232655,-0.715013,-0.58055466,-0.8727857,-0.70542186,-1.0,-0.80542815,-0.46156293,-0.24068306,-0.588924,-0.34354636,-0.41983122,-0.3076192,-0.2979119,-0.25617996,-0.45143172,-0.06663974,-0.5265905,-0.17893276,-0.38127849,-0.15976512,-0.2718824,-0.107212044,H
0.0,0.0,0.014023573,-0.22558595,-0.1357983,-0.43291825,-0.3772107,-0.41818777,-0.55702347,-0.34604943,-0.3494655,-0.5371467,-0.5726084,-0.71529174,-0.7156338,-0.81199235,-0.83725816,-0.8876737,-0.43307504,-0.40406913,-0.7132626,-0.59218585,-0.87013686,-0.7201798,-1.0,-0.81963867,-0.46369156,-0.24485415,-0.5741785,-0.35452175,-0.40073368,-0.31542677,-0.28639463,-0.25962213,-0.46037045,-0.07527515,-0.49196503,-0.19096719,-0.3371614,-0.16711168,-0.23542246,-0.110844985,H
0.0,0.0,0.0061484766,-0.2355826,-0.13778448,-0.4418461,-0.3694703,-0.41904023,-0.545986,-0.34428304,-0.3683454,-0.54929125,-0.5848361,-0.72730577,-0.7302259,-0.8232309,-0.85104287,-0.8994789,-0.44888335,-0.41240996,-0.71956325,-0.6017704,-0.8764735,-0.7303522,-1.0,-0.8292605,-0.47513276,-0.24864143,-0.58942956,-0.3616424,-0.41686395,-0.3236974,-0.29682124,-0.26678398,-0.4649157,-0.073536076,-0.5140968,-0.19021215,-0.35930315,-0.17234883,-0.24919094,-0.118432246,H
0.0,0.0,0.0063696043,-0.23085682,-0.1281058,-0.43594372,-0.35777405,-0.41341096,-0.5361081,-0.33412626,-0.36342233,-0.5545756,-0.5918666,-0.73438144,-0.74722856,-0.8291535,-0.8752398,-0.90279937,-0.4398219,-0.41550153,-0.7147316,-0.60647213,-0.8755249,-0.7352505,-1.0,-0.83130676,-0.46319154,-0.2523066,-0.57369643,-0.36414272,-0.40856528,-0.330917,-0.29251796,-0.27695972,-0.45343652,-0.078594625,-0.5009478,-0.1964452,-0.3494587,-0.1830057,-0.23866639,-0.13161844,H
0.0,0.0,0.10589408,-0.16295019,-0.011433629,-0.35603732,-0.265603,-0.3857012,-0.48709893,-0.37029052,-0.22476317,-0.5222642,-0.48651034,-0.71221346,-0.668192,-0.816765,-0.83194995,-0.9074938,-0.35525942,-0.40193987,-0.6384966,-0.574946,-0.8361836,-0.6797952,-1.0,-0.7645361,-0.40970877,-0.24915995,-0.5416674,-0.29633927,-0.31693408,-0.19195996,-0.15498362,-0.14409153,-0.40601712,-0.07708365,-0.468323,-0.11884823,-0.27817762,-0.049375013,-0.14672796,-0.011788517,H
0.0,0.0,-0.046196762,-0.24848802,-0.19010867,-0.46175492,-0.3927717,-0.46879378,-0.53867006,-0.37454352,-0.42646232,-0.56990963,-0.6336802,-0.7442151,-0.7627636,-0.83133966,-0.87779146,-0.9023708,-0.50195855,-0.43980333,-0.7463003,-0.6278503,-0.88562906,-0.7418397,-1.0,-0.82249904,-0.5276876,-0.29408702,-0.59386224,-0.38213807,-0.4356415,-0.36279756,-0.3220349,-0.32634813,-0.5168808,-0.14440031,-0.5216528,-0.23173332,-0.3820059,-0.21577588,-0.2803692,-0.1739304,H
0.0,0.0,-0.018579423,-0.24558268,-0.15433137,-0.44934878,-0.36707655,-0.4468088,-0.53151035,-0.3709695,-0.40106806,-0.56890815,-0.61888033,-0.7477245,-0.7615305,-0.8318254,-0.8876554,-0.8980227,-0.4744908,-0.4361589,-0.72860396,-0.6392043,-0.8820865,-0.7637153,-1.0,-0.8550126,-0.5023386,-0.2809886,-0.58536804,-0.38373044,-0.4245467,-0.34573874,-0.30587584,-0.29513803,-0.49509636,-0.11735226,-0.5126893,-0.22120205,-0.36389595,-0.19758375,-0.24956168,-0.14675912,H
0.0,0.0,-0.01170598,-0.2443548,-0.15039326,-0.448552,-0.37027875,-0.44586858,-0.5378209,-0.36618885,-0.38748273,-0.55794805,-0.60768855,-0.73508024,-0.7513998,-0.8274768,-0.87463254,-0.90031046,-0.45973343,-0.42441094,-0.7229037,-0.6274436,-0.87933755,-0.75634277,-1.0,-0.8512249,-0.48379913,-0.26834613,-0.57802707,-0.3782764,-0.40967858,-0.34474894,-0.28479496,-0.29457977,-0.47422016,-0.102183655,-0.5281827,-0.21679331,-0.38173404,-0.19702207,-0.2663615,-0.14288577,H
0.0,0.0,-0.014476636,-0.24298576,-0.15659027,-0.43520758,-0.3723132,-0.41155747,-0.53206307,-0.33371112,-0.38390565,-0.5338545,-0.6025094,-0.70413846,-0.7461188,-0.7966961,-0.87017655,-0.8659841,-0.44955698,-0.40303868,-0.7132899,-0.6037456,-0.8730918,-0.7269523,-1.0,-0.81498116,-0.4681172,-0.24986927,-0.57251716,-0.36011785,-0.4087619,-0.32810736,-0.28853205,-0.28137404,-0.45542827,-0.083941914,-0.524828,-0.20064656,-0.3784809,-0.18468522,-0.26211497,-0.13614935,H
0.0,0.0,-0.0076251915,-0.24023904,-0.1477327,-0.43650892,-0.3603863,-0.4188413,-0.51909167,-0.33731142,-0.3801343,-0.53086543,-0.6060974,-0.6964647,-0.75306237,-0.7869051,-0.8785864,-0.8554079,-0.44762886,-0.3998386,-0.7095841,-0.59117424,-0.87217635,-0.7125694,-1.0,-0.7991192,-0.4651356,-0.24552026,-0.5713633,-0.35001835,-0.40604332,-0.32092676,-0.28123003,-0.276697,-0.44961354,-0.07809803,-0.5222216,-0.18917519,-0.38000396,-0.18087114,-0.26256612,-0.13804317,H
0.0,0.0,-0.009887301,-0.22885454,-0.15813392,-0.41901755,-0.36972514,-0.39145657,-0.52973604,-0.3115007,-0.3916448,-0.51808375,-0.6161888,-0.67323864,-0.7622029,-0.7573818,-0.8869197,-0.8203998,-0.45556954,-0.38842964,-0.71540445,-0.5713377,-0.87470853,-0.6870102,-1.0,-0.76872045,-0.469673,-0.23587267,-0.587452,-0.34073088,-0.42639112,-0.31132644,-0.30659398,-0.26595297,-0.4512743,-0.07079843,-0.5186842,-0.18365961,-0.3709616,-0.17497149,-0.25183776,-0.13442141,H
0.0,0.0,-0.0016960795,-0.23340583,-0.15221868,-0.42345968,-0.3672417,-0.3866478,-0.5307493,-0.30270845,-0.3933743,-0.52339774,-0.6168945,-0.67195296,-0.7648364,-0.7482782,-0.8918648,-0.8046933,-0.45673814,-0.39066124,-0.7146084,-0.568339,-0.8735944,-0.6816711,-1.0,-0.76088953,-0.46836975,-0.23731582,-0.5788293,-0.33212835,-0.4139237,-0.29961014,-0.29667258,-0.25296643,-0.44846135,-0.071875066,-0.51432115,-0.18170741,-0.36279634,-0.16893794,-0.24332121,-0.12574896,H
0.0,0.0,-0.003107816,-0.22578664,-0.15439329,-0.41437232,-0.36678645,-0.38205403,-0.52928627,-0.30112082,-0.39409637,-0.5174303,-0.6182815,-0.66656774,-0.76436925,-0.7439448,-0.89123213,-0.8009518,-0.45711976,-0.38770917,-0.71602595,-0.56599844,-0.8732667,-0.67754114,-1.0,-0.7547348,-0.4699209,-0.23489456,-0.580913,-0.33414078,-0.41455176,-0.30003887,-0.2963281,-0.25178686,-0.4501662,-0.07111477,-0.5066099,-0.18137784,-0.35188872,-0.16529232,-0.23273657,-0.1192795,H
0.0,0.0,-0.0017969094,-0.23000374,-0.15179121,-0.41596195,-0.36728993,-0.37836748,-0.5280094,-0.29558262,-0.38743162,-0.5134577,-0.6147228,-0.6645088,-0.7660021,-0.73757607,-0.89585745,-0.7924357,-0.45114726,-0.38393927,-0.708637,-0.55681217,-0.86973625,-0.66954684,-1.0,-0.7513695,-0.46295547,-0.23244074,-0.5849419,-0.33104113,-0.42303053,-0.29632613,-0.30676576,-0.24723506,-0.44095716,-0.069506824,-0.51057833,-0.17535692,-0.36339408,-0.16569361,-0.24604815,-0.12348695,H
0.0,0.0,-0.006508244,-0.21879855,-0.15587151,-0.39965087,-0.3674192,-0.36603743,-0.52790445,-0.2872711,-0.38967118,-0.5081678,-0.6176157,-0.651273,-0.76692,-0.7241205,-0.8974125,-0.7782917,-0.4504239,-0.37576252,-0.7080304,-0.5443178,-0.86857146,-0.64998174,-1.0,-0.72439003,-0.46130702,-0.22095418,-0.5804942,-0.319191,-0.41705453,-0.28684062,-0.29865372,-0.23981132,-0.4389534,-0.056199994,-0.49399614,-0.16246891,-0.34267735,-0.15219618,-0.22519152,-0.11111562,H
0.0,0.0,0.08637627,-0.20698102,-0.06639787,-0.46238452,-0.3715692,-0.51548386,-0.6181852,-0.503477,-0.25080788,-0.61346954,-0.4289654,-0.80051047,-0.5228261,-0.9153285,-0.59538084,-1.0,-0.3787464,-0.46176535,-0.60935766,-0.5679453,-0.55660945,-0.5302242,-0.5162181,-0.5032285,-0.4549413,-0.29948932,-0.616716,-0.39029884,-0.38130477,-0.3023965,-0.22063278,-0.2447738,-0.4971458,-0.11952249,-0.5486588,-0.20075783,-0.34323722,-0.14443384,-0.20763941,-0.10744303,H
0.0,0.0,-0.016770512,-0.2233576,-0.17113817,-0.41974252,-0.38880253,-0.38195208,-0.5443441,-0.29746762,-0.42149642,-0.52162236,-0.6415359,-0.6599408,-0.7790594,-0.73616475,-0.90003246,-0.7966364,-0.47815743,-0.38653865,-0.7283144,-0.5468937,-0.8738112,-0.64561474,-1.0,-0.71570283,-0.48502836,-0.23475593,-0.5821959,-0.3146563,-0.41055351,-0.2760094,-0.2996081,-0.23076172,-0.46238717,-0.07542712,-0.5184964,-0.17997012,-0.3625674,-0.1635969,-0.2463503,-0.12315278,H
0.0,0.0,-0.0025029008,-0.21744743,-0.16472359,-0.4003259,-0.39058405,-0.35913774,-0.55714357,-0.2778893,-0.40232226,-0.5008617,-0.6309422,-0.6413423,-0.7815017,-0.7092591,-0.9125339,-0.7586573,-0.46621493,-0.3706499,-0.7257381,-0.5308135,-0.8768581,-0.6367012,-1.0,-0.712767,-0.47627974,-0.22053447,-0.5906328,-0.30443516,-0.42148772,-0.27747545,-0.30870965,-0.23745319,-0.45442173,-0.061262507,-0.51044965,-0.1648821,-0.36194652,-0.15267149,-0.25519955,-0.11208273,H
0.0,0.0,0.00074353593,-0.22334132,-0.1601655,-0.40715367,-0.38652337,-0.3577322,-0.5478601,-0.2687319,-0.39131057,-0.50693274,-0.6135143,-0.6463172,-0.76426905,-0.7183149,-0.89632285,-0.7682051,-0.4584236,-0.3772742,-0.71596915,-0.54056233,-0.871369,-0.6452949,-1.0,-0.71678764,-0.4705828,-0.22882588,-0.58773977,-0.31007954,-0.42380628,-0.28124842,-0.31470722,-0.2408586,-0.451625,-0.07023582,-0.50192046,-0.17218871,-0.35075203,-0.15689084,-0.2433188,-0.11626443,H
0.0,0.0,0.0030698755,-0.2206735,-0.15171406,-0.40552184,-0.37998545,-0.3658786,-0.54736096,-0.28528345,-0.38796943,-0.5182654,-0.60878646,-0.65409434,-0.75815696,-0.7270746,-0.8892517,-0.7787308,-0.45531997,-0.38757074,-0.7135223,-0.55137134,-0.8696214,-0.65526044,-1.0,-0.72825724,-0.4664149,-0.2360163,-0.5771378,-0.30769873,-0.40859023,-0.2784039,-0.29322118,-0.24130894,-0.44625717,-0.07228653,-0.5029556,-0.16859052,-0.34765938,-0.1527857,-0.23302354,-0.11470351,H
0.0,0.0,0.003340152,-0.22237447,-0.15548132,-0.40478313,-0.3796326,-0.36560345,-0.54484034,-0.288177,-0.39567327,-0.5155742,-0.62271625,-0.65328,-0.77682954,-0.72695035,-0.9097213,-0.778812,-0.4615077,-0.38409972,-0.71794283,-0.54683584,-0.8723136,-0.65344816,-1.0,-0.7278464,-0.4735758,-0.23134112,-0.579729,-0.30818745,-0.41593525,-0.28421277,-0.30412507,-0.24743068,-0.4545722,-0.06685666,-0.4984634,-0.16477181,-0.34509698,-0.15858996,-0.23392837,-0.12573597,H
0.0,0.0,0.0070122727,-0.22515503,-0.14473566,-0.4062668,-0.36523178,-0.35918668,-0.5258459,-0.27453664,-0.3903274,-0.51604646,-0.61492443,-0.65126026,-0.77011144,-0.72405124,-0.9047708,-0.7755886,-0.45693287,-0.38381833,-0.7087796,-0.54660946,-0.86768043,-0.65086645,-1.0,-0.7237135,-0.46999606,-0.23157741,-0.5741173,-0.30469754,-0.40869612,-0.2779699,-0.2939492,-0.23979488,-0.45229128,-0.06725743,-0.49756896,-0.16246885,-0.34143573,-0.15147543,-0.2238756,-0.113939434,H
0.0,0.0,0.0062003,-0.21467905,-0.14882572,-0.39647934,-0.36882564,-0.35755068,-0.53326684,-0.27862635,-0.38945308,-0.50712526,-0.6188499,-0.6440451,-0.7733229,-0.7174271,-0.90685844,-0.7679827,-0.45655444,-0.37499595,-0.71124125,-0.5361108,-0.8696491,-0.64277434,-1.0,-0.71636814,-0.47123787,-0.22308859,-0.57269925,-0.30238152,-0.41143537,-0.27479404,-0.2990135,-0.23356435,-0.4545282,-0.06185059,-0.48996186,-0.15781292,-0.33617297,-0.14730749,-0.22283545,-0.109632246,H
0.0,0.0,0.009709749,-0.21886854,-0.148333,-0.39843428,-0.3667584,-0.36332172,-0.5313319,-0.28761032,-0.3908806,-0.50338453,-0.6174225,-0.6383636,-0.7689669,-0.71367604,-0.90035444,-0.7677257,-0.45476097,-0.37431106,-0.708399,-0.5321754,-0.86743635,-0.6349287,-1.0,-0.7069703,-0.46603754,-0.22438903,-0.5750533,-0.29797333,-0.40928248,-0.26960078,-0.292267,-0.23046471,-0.4456808,-0.06326409,-0.49612948,-0.15639025,-0.34024778,-0.14350928,-0.22225103,-0.1049901,H
0.0,0.0,0.011398605,-0.21819776,-0.15207693,-0.3991282,-0.3749925,-0.35591313,-0.53405064,-0.27011487,-0.39478496,-0.4992636,-0.62342614,-0.6304111,-0.776682,-0.7014775,-0.9097688,-0.7502194,-0.4593583,-0.36762786,-0.7129356,-0.5238071,-0.8695373,-0.6274741,-1.0,-0.6979953,-0.47164333,-0.21696001,-0.57724833,-0.29492956,-0.41509506,-0.2690461,-0.30204648,-0.22879061,-0.45281857,-0.05573429,-0.49033472,-0.15262665,-0.33526263,-0.14070787,-0.2210827,-0.10200768,H
0.0,0.0,0.010327389,-0.21390045,-0.15575479,-0.3956944,-0.3733977,-0.356336,-0.5298512,-0.26297662,-0.3995542,-0.49827987,-0.631138,-0.62826145,-0.7833792,-0.7000758,-0.9157007,-0.748961,-0.463333,-0.37008572,-0.7127229,-0.5218882,-0.8675868,-0.6253237,-1.0,-0.69551146,-0.4737581,-0.22137192,-0.58333963,-0.29672876,-0.41435564,-0.2704749,-0.30047306,-0.23104383,-0.45214853,-0.060451966,-0.49760655,-0.1556316,-0.34259337,-0.14574866,-0.22987205,-0.10797033,H
0.0,0.0,0.05818631,-0.20133637,-0.08359071,-0.44522628,-0.34350938,-0.49325606,-0.5706565,-0.4792328,-0.26335785,-0.6055848,-0.49071893,-0.7995499,-0.6655953,-0.91229767,-0.8169623,-1.0,-0.38766694,-0.47090235,-0.64757836,-0.60899746,-0.7944364,-0.6775499,-0.9239929,-0.7515619,-0.453142,-0.31198883,-0.612152,-0.40116993,-0.39306647,-0.3099678,-0.2458367,-0.2558331,-0.4746385,-0.13487989,-0.5298784,-0.21235473,-0.3340057,-0.14286126,-0.20619543,-0.10198622,H
0.0,0.0,-0.018998116,-0.21166095,-0.17856969,-0.39316604,-0.4051425,-0.3642337,-0.55883986,-0.27749217,-0.42615503,-0.48095876,-0.6504467,-0.62093306,-0.78036124,-0.684366,-0.89987606,-0.7346242,-0.48593104,-0.3535593,-0.7410542,-0.51437837,-0.87702405,-0.6093974,-1.0,-0.67489994,-0.49667794,-0.21144643,-0.59791976,-0.2946012,-0.42399853,-0.26962963,-0.30919975,-0.23084472,-0.48057303,-0.06553725,-0.5123652,-0.15738146,-0.36465636,-0.14968124,-0.2573619,-0.1177856,H
0.0,0.0,-0.00607301,-0.21217644,-0.17236878,-0.38912427,-0.39198264,-0.34275585,-0.55441445,-0.2537087,-0.41243634,-0.4708257,-0.6405212,-0.5992256,-0.78678256,-0.66148496,-0.9182485,-0.70295197,-0.47032574,-0.34382486,-0.72574365,-0.4917649,-0.87325,-0.5888229,-1.0,-0.6556332,-0.47554493,-0.1995638,-0.5782948,-0.2712817,-0.41265684,-0.25480005,-0.3082154,-0.22430345,-0.4495623,-0.048145935,-0.4943609,-0.14646335,-0.34833425,-0.14272544,-0.24684405,-0.11132941,H
0.0,0.0,-0.0008704944,-0.21705167,-0.16792409,-0.39734393,-0.3912563,-0.3580163,-0.5506776,-0.26776093,-0.40004572,-0.4729596,-0.62682486,-0.59749866,-0.7733331,-0.6604441,-0.90369594,-0.7064427,-0.4600308,-0.348165,-0.7162573,-0.4895903,-0.8683294,-0.5894777,-1.0,-0.6628522,-0.46940532,-0.20345697,-0.57265323,-0.27921823,-0.4004969,-0.26088697,-0.28740403,-0.22595505,-0.44551548,-0.050729685,-0.4963773,-0.15306985,-0.34386897,-0.14982946,-0.2322939,-0.11414759,H
0.0,0.0,0.0010084134,-0.21662727,-0.1638908,-0.3980649,-0.38416198,-0.3574197,-0.54264843,-0.26694083,-0.39197117,-0.46993083,-0.6235036,-0.5915441,-0.77325267,-0.65383935,-0.9053455,-0.69817895,-0.45029265,-0.34090683,-0.71214163,-0.48528963,-0.8672267,-0.5831306,-1.0,-0.6510865,-0.45816296,-0.19500697,-0.5786681,-0.27199432,-0.41582298,-0.25005507,-0.30827913,-0.2120007,-0.4342874,-0.04055721,-0.49622825,-0.14495085,-0.3417382,-0.14039907,-0.22735803,-0.103720136,H
0.0,0.0,-0.0056184544,-0.21117184,-0.16890123,-0.39401487,-0.386113,-0.3587914,-0.54624623,-0.26684934,-0.39635935,-0.46711797,-0.6251788,-0.59028834,-0.7754074,-0.65203476,-0.90622634,-0.6980263,-0.45443895,-0.33773383,-0.7133713,-0.4802185,-0.86850774,-0.58129287,-1.0,-0.6532639,-0.46106133,-0.19082725,-0.5775775,-0.27165484,-0.4102911,-0.2510315,-0.29948962,-0.21192162,-0.43455878,-0.036120735,-0.50015306,-0.1413,-0.3504772,-0.14071587,-0.23817247,-0.10497925,H
0.0,0.0,0.011858464,-0.20912817,-0.15418543,-0.39698443,-0.37608334,-0.3634739,-0.54057115,-0.27249128,-0.39131153,-0.46957132,-0.6222794,-0.5955644,-0.7691117,-0.66319627,-0.89899534,-0.7111458,-0.4489683,-0.3415054,-0.71251744,-0.49013498,-0.8666151,-0.59067535,-1.0,-0.6573174,-0.45463166,-0.19673091,-0.5731138,-0.27704757,-0.3994931,-0.25759682,-0.28493032,-0.21814829,-0.42846665,-0.04330091,-0.49820116,-0.15253744,-0.34099078,-0.15160067,-0.22348855,-0.11407681,H
0.0,0.0,0.0036461365,-0.21270797,-0.15458795,-0.40216842,-0.37347946,-0.3722888,-0.5332457,-0.28067076,-0.3989061,-0.47925588,-0.6287425,-0.6077709,-0.77889615,-0.67392987,-0.9100751,-0.72331417,-0.45853943,-0.35052696,-0.7159799,-0.4961814,-0.8707344,-0.5992443,-1.0,-0.67397255,-0.46644947,-0.2044857,-0.57477236,-0.28653538,-0.4094405,-0.26602238,-0.29386875,-0.22607782,-0.44052684,-0.04918322,-0.5009407,-0.15416424,-0.3481948,-0.15349574,-0.22923075,-0.11697777,H
0.0,0.0,-0.00395743,-0.21112642,-0.1587947,-0.40125826,-0.3723511,-0.37301654,-0.5343888,-0.28362265,-0.39980304,-0.4793354,-0.6256635,-0.6110134,-0.7712073,-0.6809728,-0.8972863,-0.73419577,-0.46036392,-0.34993473,-0.7192865,-0.5018413,-0.8727951,-0.6065016,-1.0,-0.68106234,-0.4651429,-0.2037206,-0.5710237,-0.28524378,-0.4020151,-0.25721067,-0.28887442,-0.2145535,-0.4347364,-0.047404457,-0.509062,-0.15286383,-0.35664812,-0.14426261,-0.23902169,-0.103190884,H
0.0,0.0,0.002431512,-0.21095492,-0.1544126,-0.40226415,-0.36811045,-0.37447146,-0.5298038,-0.2866474,-0.40718737,-0.48954803,-0.62079084,-0.62358916,-0.7647412,-0.6937747,-0.891547,-0.74537694,-0.47048035,-0.3608623,-0.7228437,-0.5153667,-0.8731086,-0.62227225,-1.0,-0.6966678,-0.47593895,-0.21338278,-0.5785985,-0.29643553,-0.40309843,-0.27106217,-0.2868649,-0.22714454,-0.4453412,-0.05324831,-0.50815445,-0.16285114,-0.35451168,-0.15779932,-0.24044466,-0.116164684,H
0.0,0.0,0.004410748,-0.21247904,-0.15361464,-0.40982327,-0.3660056,-0.38144693,-0.53060293,-0.2945342,-0.41020334,-0.49917638,-0.6293758,-0.6313416,-0.7738887,-0.6993243,-0.9019201,-0.7484982,-0.47322902,-0.36727044,-0.72280586,-0.52162075,-0.87262475,-0.6282795,-1.0,-0.7029331,-0.48059967,-0.21793093,-0.5792149,-0.30403766,-0.40116674,-0.27291575,-0.2882533,-0.22674698,-0.45341069,-0.05917141,-0.4991096,-0.16842155,-0.34042928,-0.15631726,-0.23069304,-0.11296733,H
0.0,0.0,0.056198902,-0.19109604,-0.0704289,-0.40359512,-0.30131322,-0.42249438,-0.5026078,-0.39166725,-0.30362883,-0.5492924,-0.5573391,-0.72593015,-0.7298766,-0.8245601,-0.8855221,-0.9059115,-0.40548727,-0.41954815,-0.67992026,-0.5970643,-0.85459596,-0.7097399,-1.0,-0.808007,-0.437547,-0.26571062,-0.5479312,-0.33624807,-0.32955372,-0.26378918,-0.18743543,-0.22764808,-0.41752136,-0.09591806,-0.48349565,-0.17158596,-0.2936866,-0.11422778,-0.17728221,-0.07077456,H
0.0,0.0,-0.005470471,-0.22789256,-0.14690308,-0.43085915,-0.35672343,-0.41689542,-0.51028025,-0.320914,-0.42702112,-0.52863026,-0.6391403,-0.66754067,-0.7709271,-0.7351572,-0.8877161,-0.7899561,-0.4989099,-0.40010938,-0.74250007,-0.55123734,-0.88389,-0.6524219,-1.0,-0.7241202,-0.51230824,-0.2558607,-0.5830028,-0.3267022,-0.40765068,-0.29871616,-0.28736573,-0.2564007,-0.4897482,-0.106990494,-0.51458514,-0.19110624,-0.36424372,-0.17905407,-0.2495843,-0.1415595,H
0.0,0.0,-0.0022303837,-0.21844092,-0.15479122,-0.41560853,-0.37149957,-0.38922065,-0.5344827,-0.30158022,-0.4120502,-0.50333554,-0.62798166,-0.6413127,-0.76952386,-0.70979154,-0.89424086,-0.76270574,-0.47360945,-0.37224573,-0.72735083,-0.52910984,-0.8769565,-0.6306759,-1.0,-0.7023347,-0.4814662,-0.22437541,-0.5868769,-0.31160355,-0.40992415,-0.27953476,-0.2904452,-0.23301542,-0.4534665,-0.06581861,-0.51214933,-0.16981825,-0.35581037,-0.1599097,-0.2390575,-0.12029017,H
0.0,0.0,0.008643848,-0.2115814,-0.14552917,-0.40995976,-0.36066082,-0.38583687,-0.5297824,-0.30690277,-0.40562132,-0.5081384,-0.6255987,-0.64197594,-0.76879585,-0.7104875,-0.8955344,-0.76156574,-0.46896946,-0.37516707,-0.7217327,-0.53242683,-0.8736404,-0.6344192,-1.0,-0.7045084,-0.478724,-0.22500972,-0.58160657,-0.31081632,-0.3998771,-0.2803133,-0.27787074,-0.23658898,-0.4532415,-0.064469405,-0.49694842,-0.16885518,-0.33141336,-0.15577388,-0.21230511,-0.116067864,H
0.0,0.0,0.006742775,-0.21063277,-0.1470012,-0.4043678,-0.36031738,-0.37913457,-0.5282024,-0.2989155,-0.39822474,-0.5024225,-0.6234804,-0.6382515,-0.7669261,-0.7067883,-0.89408946,-0.7586976,-0.46293068,-0.3705602,-0.71501935,-0.52840096,-0.8704199,-0.62883264,-1.0,-0.69799423,-0.47507453,-0.22087789,-0.58294636,-0.30294365,-0.4079586,-0.26781806,-0.28816625,-0.22110793,-0.45266414,-0.0594149,-0.50257206,-0.15717304,-0.34102622,-0.14261568,-0.22085911,-0.102024384,H
0.0,0.0,0.012157696,-0.21197067,-0.14908506,-0.4104242,-0.36480123,-0.3817975,-0.5314961,-0.2992496,-0.39573166,-0.50401103,-0.62004673,-0.6434326,-0.76492286,-0.71379393,-0.89243037,-0.7645594,-0.46009427,-0.3689609,-0.7117529,-0.5316687,-0.86808777,-0.636286,-1.0,-0.7067391,-0.47037598,-0.21799491,-0.57903296,-0.3059001,-0.40057734,-0.27077392,-0.28202042,-0.22249922,-0.4448017,-0.0557209,-0.49931666,-0.16066927,-0.33673048,-0.14439276,-0.21921027,-0.0996342,H
0.0,0.0,0.016213918,-0.21275839,-0.14898668,-0.4099155,-0.36719763,-0.37593797,-0.53473157,-0.28979358,-0.39097244,-0.49679965,-0.6188876,-0.63514864,-0.7625405,-0.70583695,-0.88885087,-0.7569931,-0.45690522,-0.36325678,-0.71190643,-0.5267117,-0.86753035,-0.6300372,-1.0,-0.69951844,-0.4712045,-0.21541005,-0.5829927,-0.3048846,-0.40175402,-0.27007017,-0.28447402,-0.22327006,-0.45135227,-0.056566373,-0.5039999,-0.16325095,-0.33918738,-0.14824376,-0.22328867,-0.10608097,H
0.0,0.0,0.01838183,-0.21054538,-0.13891052,-0.4120215,-0.35448417,-0.38801366,-0.52819914,-0.30398574,-0.38585344,-0.5089745,-0.6112766,-0.64989555,-0.7541838,-0.72446907,-0.8804325,-0.7793187,-0.45543224,-0.37698063,-0.71409476,-0.54144114,-0.8692528,-0.6473385,-1.0,-0.7198367,-0.4702462,-0.22829215,-0.5847201,-0.32541442,-0.39870465,-0.28643924,-0.28261903,-0.23878287,-0.4515634,-0.066966735,-0.49742177,-0.17703521,-0.32840806,-0.16102886,-0.21511158,-0.119239576,H
0.0,0.0,0.022881562,-0.20905162,-0.13264054,-0.41389596,-0.35282686,-0.3945642,-0.5291769,-0.31381127,-0.3850905,-0.5213971,-0.6131979,-0.6640285,-0.7569842,-0.7393033,-0.8840851,-0.79325926,-0.4581164,-0.3919169,-0.7188675,-0.5568104,-0.8722735,-0.6639724,-1.0,-0.7376709,-0.475553,-0.24397713,-0.58421797,-0.3381857,-0.40234885,-0.2965234,-0.28794178,-0.24812438,-0.4604667,-0.08489634,-0.48849282,-0.18804398,-0.32195508,-0.16778794,-0.2136485,-0.12760851,H
0.0,0.0,0.028870856,-0.21297072,-0.12528433,-0.42040828,-0.35051557,-0.39608982,-0.53139347,-0.3184459,-0.38067654,-0.5313186,-0.60876894,-0.6803707,-0.75064903,-0.7583492,-0.876559,-0.8131221,-0.4537061,-0.39849594,-0.71143913,-0.5711093,-0.86642784,-0.68052363,-1.0,-0.7537338,-0.47323766,-0.24846788,-0.5794351,-0.3406032,-0.39683247,-0.2980167,-0.28517658,-0.24755378,-0.4612075,-0.087171845,-0.4834641,-0.19055505,-0.3152466,-0.16780967,-0.20796525,-0.12562665,H
0.0,0.0,0.025694303,-0.21589871,-0.12755223,-0.41973412,-0.35026678,-0.39780864,-0.52813053,-0.31554073,-0.3818069,-0.5309404,-0.6084415,-0.6803482,-0.75139743,-0.7582647,-0.87952936,-0.8139184,-0.45521432,-0.3966097,-0.7103597,-0.57031727,-0.8653155,-0.6814925,-1.0,-0.7573212,-0.47529572,-0.24247569,-0.58493924,-0.33814988,-0.4053903,-0.2971173,-0.29352903,-0.24603745,-0.46195078,-0.07856453,-0.4890136,-0.18522249,-0.3248035,-0.16740818,-0.21760961,-0.12624964,H
0.0,0.0,0.050349798,-0.18409735,-0.07986563,-0.37925008,-0.29029453,-0.40950486,-0.48110625,-0.39212874,-0.3237582,-0.55332386,-0.554542,-0.704672,-0.7131232,-0.78786427,-0.84879744,-0.8491686,-0.41333085,-0.4290032,-0.6753032,-0.60432607,-0.85321844,-0.72104096,-1.0,-0.812046,-0.43910924,-0.2721274,-0.5325566,-0.3489763,-0.33390954,-0.28620812,-0.20477787,-0.24272867,-0.42721987,-0.09949076,-0.44637927,-0.18141076,-0.27460107,-0.1426106,-0.17372654,-0.10712841,H
0.0,0.0,0.010407662,-0.21653168,-0.13515753,-0.4119757,-0.3560494,-0.40931332,-0.5277256,-0.33910897,-0.38184083,-0.5134195,-0.5911387,-0.66549855,-0.72356874,-0.7455059,-0.84009105,-0.80804384,-0.4580803,-0.3923423,-0.7128311,-0.56460077,-0.86532694,-0.6719459,-1.0,-0.7522325,-0.48021385,-0.24908067,-0.5740718,-0.3440837,-0.3918433,-0.31095755,-0.27676886,-0.27311504,-0.468715,-0.094084516,-0.50524974,-0.19389686,-0.35223234,-0.1842447,-0.24738047,-0.15603518,H
0.0,0.0,0.012543929,-0.22773525,-0.14457807,-0.4286192,-0.3701074,-0.40499556,-0.543292,-0.31927437,-0.38259125,-0.5295141,-0.6067803,-0.67988706,-0.7486285,-0.75650567,-0.8729896,-0.8130877,-0.4527551,-0.40054226,-0.717041,-0.5713574,-0.87170154,-0.6798358,-1.0,-0.75441414,-0.468682,-0.25062215,-0.59186953,-0.3432661,-0.40846738,-0.30221352,-0.2916013,-0.25348338,-0.4501269,-0.08736109,-0.5037378,-0.19699481,-0.34385738,-0.17849593,-0.235833,-0.13599284,H
0.0,0.0,0.0029675288,-0.23264809,-0.14776473,-0.42390323,-0.37192354,-0.39355257,-0.5415038,-0.3108163,-0.38398057,-0.52179515,-0.6022345,-0.6740442,-0.7416369,-0.75213563,-0.8647622,-0.8128049,-0.45316684,-0.3945016,-0.714881,-0.56430346,-0.8712163,-0.6715156,-1.0,-0.74747604,-0.46837583,-0.24201405,-0.58902746,-0.3340884,-0.41788593,-0.30024236,-0.3014663,-0.25356156,-0.44828543,-0.07598069,-0.5179014,-0.18369964,-0.36800206,-0.16945228,-0.2542134,-0.1260918,H
0.0,0.0,0.017838713,-0.23091678,-0.13124906,-0.42984298,-0.3641905,-0.40536988,-0.54242724,-0.3239516,-0.37449062,-0.53668684,-0.604447,-0.689222,-0.75536275,-0.76426727,-0.8860355,-0.8238555,-0.4467786,-0.4032336,-0.7082626,-0.5782029,-0.8697344,-0.68677783,-1.0,-0.7648719,-0.46272033,-0.24856044,-0.5880651,-0.34770095,-0.40780318,-0.30383015,-0.28096217,-0.25164795,-0.4412636,-0.08064928,-0.51286536,-0.1854141,-0.35431573,-0.16417845,-0.2333129,-0.11832375,H
0.0,0.0,0.010603256,-0.2241784,-0.14378376,-0.41869196,-0.3709673,-0.40006655,-0.5533921,-0.32572296,-0.38139716,-0.5303793,-0.60614794,-0.6798001,-0.7564803,-0.7536722,-0.8856853,-0.8144999,-0.4525523,-0.3969301,-0.71343786,-0.5671402,-0.87202144,-0.67492986,-1.0,-0.75602025,-0.46847057,-0.24316135,-0.59147567,-0.33833784,-0.40867314,-0.29424807,-0.28029695,-0.24380289,-0.4482844,-0.07726836,-0.5123167,-0.17625353,-0.3519357,-0.15919417,-0.2314096,-0.120318726,H
0.0,0.0,0.014869091,-0.2173719,-0.14202334,-0.41213965,-0.37283796,-0.3850399,-0.5527471,-0.30556244,-0.38131544,-0.5252327,-0.60981053,-0.6740508,-0.76066506,-0.7449753,-0.8903343,-0.80161035,-0.45290846,-0.39114273,-0.71108514,-0.5603359,-0.87071663,-0.6658295,-1.0,-0.74294937,-0.46895048,-0.23573503,-0.5853381,-0.3276568,-0.4023677,-0.28167143,-0.27647707,-0.23021396,-0.44949093,-0.0687772,-0.50577533,-0.16825545,-0.34173176,-0.14778312,-0.22084697,-0.10607212,H
0.0,0.0,0.010213478,-0.2243385,-0.14555807,-0.41507775,-0.36732918,-0.38637334,-0.5327236,-0.30600947,-0.37991366,-0.5255481,-0.6127338,-0.6713797,-0.7683046,-0.7434637,-0.89876354,-0.7992404,-0.45006493,-0.39290473,-0.70745754,-0.5559192,-0.870371,-0.6622033,-1.0,-0.74075514,-0.4641444,-0.23902953,-0.5805091,-0.3279413,-0.41021636,-0.28901327,-0.28927281,-0.24075468,-0.44201466,-0.072515905,-0.50226665,-0.17100747,-0.34961134,-0.1522882,-0.23565152,-0.10939757,H
0.0,0.0,0.015663508,-0.2199593,-0.13716057,-0.40773275,-0.3538692,-0.38781968,-0.51681334,-0.3106434,-0.37602416,-0.5243358,-0.6097586,-0.674707,-0.76582956,-0.7468952,-0.89553154,-0.80417097,-0.4456155,-0.39203236,-0.7042164,-0.558001,-0.8704066,-0.66206175,-1.0,-0.739257,-0.45891505,-0.23820782,-0.5822558,-0.32746813,-0.4088288,-0.2809635,-0.28165668,-0.2291312,-0.43482485,-0.07080355,-0.5107174,-0.16593486,-0.3575693,-0.1424685,-0.23580694,-0.09639181,H
0.0,0.0,0.02417856,-0.22000995,-0.13231422,-0.41065016,-0.3538858,-0.3871528,-0.517547,-0.3030378,-0.373468,-0.5345295,-0.6030513,-0.68198353,-0.75671995,-0.75652844,-0.8870961,-0.81410825,-0.44695768,-0.40361196,-0.6983739,-0.56959337,-0.86512524,-0.6761467,-1.0,-0.7531502,-0.46155253,-0.24997841,-0.57323396,-0.33278555,-0.40166318,-0.28707975,-0.27750543,-0.23559593,-0.43733785,-0.082667984,-0.49018672,-0.17367046,-0.3399973,-0.15313601,-0.22462943,-0.11243513,H
0.0,0.0,0.028185984,-0.20882796,-0.12896352,-0.39899948,-0.35327983,-0.3842194,-0.51948243,-0.30436873,-0.3727634,-0.528202,-0.6053664,-0.67837477,-0.75902104,-0.7541717,-0.8906535,-0.81248325,-0.4443123,-0.395074,-0.70386904,-0.5644498,-0.8678403,-0.67271894,-1.0,-0.75131667,-0.45733005,-0.24162982,-0.5680817,-0.31791613,-0.39601275,-0.27277943,-0.26932326,-0.22362986,-0.43485543,-0.072898686,-0.49621344,-0.15856716,-0.3436245,-0.13896014,-0.22300784,-0.10057588,H
0.0,0.0,0.031212667,-0.19094123,-0.09919397,-0.38421446,-0.31365302,-0.4012338,-0.50259215,-0.38373893,-0.348468,-0.53432685,-0.57993776,-0.69992495,-0.73308295,-0.78798014,-0.8644036,-0.86084247,-0.4325665,-0.40878004,-0.69231516,-0.5957975,-0.86265403,-0.7169498,-1.0,-0.8147963,-0.4540845,-0.25789273,-0.5429805,-0.34944594,-0.36385065,-0.2873777,-0.24724431,-0.24260375,-0.4366296,-0.096408784,-0.47494495,-0.18386906,-0.30987802,-0.13650131,-0.21404685,-0.088755235,H
0.0,0.0,-0.032275476,-0.31737906,-0.09785445,-0.58783346,-0.14978601,-0.7837513,-0.2586321,-0.89643127,-0.31861776,-0.51871413,-0.3857691,-0.7641575,-0.35719645,-0.8510132,-0.31860542,-0.8971959,-0.3535851,-0.4834203,-0.382831,-0.7799152,-0.32122618,-0.87586516,-0.24410082,-0.90812415,-0.40073135,-0.43111256,-0.43389353,-0.74812317,-0.43687475,-0.91130614,-0.42612782,-1.0,-0.44257468,-0.36254922,-0.49144858,-0.6093713,-0.4931139,-0.76505595,-0.48958585,-0.87778705,I
0.0,0.0,0.11095713,-0.2086039,0.18998359,-0.4862344,0.17638308,-0.71713024,0.055252105,-0.8263423,-0.047361482,-0.5740549,0.021056034,-0.80965745,0.1034298,-0.71337736,0.13379444,-0.62393695,-0.10125807,-0.5632821,-0.030434472,-0.8201634,0.044403482,-0.69696486,0.0759515,-0.58998823,-0.15664513,-0.5524307,-0.08090133,-0.79607487,-0.022702834,-0.7141404,-0.0063368436,-0.6166282,-0.22044289,-0.52448076,-0.2049315,-0.7452634,-0.18580952,-0.88620305,-0.18259597,-1.0,I
0.0,0.0,-0.036763653,-0.24494514,-0.049991116,-0.4779272,-0.021648884,-0.64734674,-0.01641161,-0.7686707,-0.17900932,-0.5623582,-0.13327642,-0.8002202,-0.09849278,-0.9143809,-0.090422206,-1.0,-0.14580876,-0.51995337,-0.019504046,-0.73115695,0.038581755,-0.75360936,0.054182038,-0.7553796,-0.09480704,-0.47203508,0.044056505,-0.6521563,0.08491807,-0.6616681,0.076588735,-0.6407159,-0.039148033,-0.41478118,0.07192157,-0.5565421,0.11005334,-0.6209245,0.10158866,-0.6591659,I
0.0,0.0,0.010609011,-0.24100219,0.009818395,-0.44609904,0.03628582,-0.6048256,0.04735208,-0.7343027,-0.1909482,-0.54313165,-0.16622977,-0.7632299,-0.12850587,-0.8974177,-0.11342882,-1.0,-0.1943566,-0.52177465,-0.03974395,-0.7695339,0.048659626,-0.72868305,0.055734385,-0.66722685,-0.15207495,-0.488811,0.015808929,-0.6862543,0.08254308,-0.64688206,0.05863431,-0.592407,-0.08104652,-0.43928158,0.05595945,-0.6228054,0.11548185,-0.664845,0.100990035,-0.66961414,I
0.0,0.0,0.123964004,-0.15256752,0.18632506,-0.36800632,0.106371194,-0.5282419,-0.03745987,-0.5934822,0.15586655,-0.58013415,0.14644504,-0.7794041,0.11202304,-0.6278512,0.10937298,-0.52494615,0.04790463,-0.5983332,0.01386484,-0.80051535,-0.009756022,-0.6150182,0.010884051,-0.52148986,-0.061711896,-0.587968,-0.083642654,-0.77820206,-0.08547345,-0.61593676,-0.07237766,-0.50348145,-0.18297222,-0.55689263,-0.23632474,-0.75450456,-0.26855376,-0.8724677,-0.28509814,-1.0,I
0.0,0.0,0.18837695,-0.13665289,0.29068917,-0.3646694,0.15878329,-0.53102064,-0.0016082085,-0.59943074,0.23837553,-0.5695844,0.24436939,-0.7511682,0.20100188,-0.5963241,0.19248068,-0.4896928,0.09141941,-0.58720213,0.08516857,-0.76663196,0.07115806,-0.5731392,0.087199286,-0.46770397,-0.041773167,-0.58230764,-0.05725379,-0.75430125,-0.027729807,-0.59607244,0.0023363912,-0.48203152,-0.16944706,-0.5596655,-0.20576224,-0.75754416,-0.22920951,-0.8719113,-0.24523346,-1.0,I
0.0,0.0,0.18813498,-0.124815844,0.291814,-0.33642513,0.17779042,-0.5050096,0.02375811,-0.5686206,0.25437978,-0.54288286,0.26071724,-0.7410733,0.21744397,-0.58205587,0.2110891,-0.4746523,0.10648694,-0.56740594,0.103756025,-0.7537362,0.08411031,-0.55673295,0.10135814,-0.4768106,-0.02728578,-0.56148916,-0.03996611,-0.7281574,-0.021634197,-0.55993336,0.0035785348,-0.44058093,-0.15587218,-0.53509134,-0.18995331,-0.7490102,-0.22009686,-0.8777438,-0.23992948,-1.0,I
0.0,0.0,0.19764648,-0.1211475,0.29390812,-0.33475113,0.16015081,-0.50047064,-0.00035546932,-0.5476459,0.25987378,-0.55433875,0.26175648,-0.73741835,0.22434805,-0.5793387,0.21933587,-0.4675572,0.10945505,-0.5764018,0.09921202,-0.75803304,0.0801566,-0.5706601,0.092785336,-0.47585738,-0.028636893,-0.56455654,-0.044973727,-0.719144,-0.025316931,-0.5547287,-0.0015235387,-0.43405548,-0.15911938,-0.53433865,-0.19230159,-0.74751824,-0.22088407,-0.8780716,-0.24019721,-1.0,I
0.0,0.0,0.19465223,-0.11622072,0.29411006,-0.32674518,0.17509119,-0.4964746,0.021904381,-0.55754304,0.26781574,-0.5405298,0.27831057,-0.733607,0.22939745,-0.57940465,0.21525219,-0.46506307,0.11858176,-0.56694347,0.11518586,-0.7537136,0.084625095,-0.56817245,0.09439197,-0.47776246,-0.018920626,-0.5587682,-0.029295424,-0.7164701,-0.021160582,-0.5502394,-0.00183001,-0.4275212,-0.14973842,-0.5320523,-0.17320429,-0.7448875,-0.20167553,-0.87759644,-0.2190741,-1.0,I
0.0,0.0,0.19861606,-0.11252858,0.29482287,-0.32937887,0.17627667,-0.50941265,0.023522623,-0.56853306,0.27695695,-0.54672194,0.280807,-0.73740804,0.22914657,-0.58566535,0.21603611,-0.47095114,0.12557179,-0.5718965,0.122681566,-0.75541216,0.088358894,-0.5701427,0.09427037,-0.46818072,-0.011885977,-0.5641635,-0.020700233,-0.72507703,-0.020195784,-0.56755555,-0.0077530956,-0.44462973,-0.14001247,-0.5375099,-0.15982327,-0.7514758,-0.18699071,-0.88432205,-0.20530407,-1.0,I
0.0,0.0,0.19827737,-0.10889472,0.29322925,-0.3304524,0.171173,-0.5104699,0.012357927,-0.5637997,0.28603226,-0.5442965,0.28565785,-0.7371465,0.22206114,-0.5808583,0.2119144,-0.46256405,0.1326334,-0.56831574,0.12273726,-0.753086,0.07636803,-0.5685485,0.08441714,-0.46009463,-0.0074193715,-0.5628315,-0.024946144,-0.7171816,-0.033273466,-0.5550242,-0.01723618,-0.43013,-0.13644393,-0.5425808,-0.15230231,-0.7548172,-0.1812224,-0.8865427,-0.19708423,-1.0,I
0.0,0.0,0.2073076,-0.10461356,0.30640697,-0.32700777,0.18683298,-0.5134063,0.035997994,-0.5756314,0.295489,-0.5470206,0.28892013,-0.74641645,0.22013806,-0.5972276,0.20992032,-0.47574317,0.13700645,-0.57218355,0.124784365,-0.7610364,0.07207537,-0.57995087,0.07448265,-0.46419272,-0.0057329303,-0.56792074,-0.024700342,-0.73333615,-0.040136937,-0.5658294,-0.028451907,-0.43584424,-0.1360796,-0.5472382,-0.15046924,-0.7581316,-0.17536943,-0.8854344,-0.18510169,-1.0,I
0.0,0.0,0.20951141,-0.10775545,0.31297347,-0.33249286,0.17512426,-0.5206807,0.013805975,-0.57833374,0.30538335,-0.54120773,0.31049177,-0.74425244,0.23596177,-0.59244436,0.22193296,-0.471352,0.14648351,-0.5690828,0.13684693,-0.7595618,0.08422586,-0.5807093,0.09019112,-0.4650733,0.0026887557,-0.56873363,-0.025020657,-0.7245136,-0.030252472,-0.5606882,-0.008952972,-0.43545172,-0.132156,-0.5554337,-0.15040684,-0.7647338,-0.17727487,-0.8890636,-0.18806015,-1.0,I
0.0,0.0,0.002888984,-0.34143126,0.07932977,-0.57252264,0.102606796,-0.78276676,0.11525521,-0.94448143,0.2057825,-0.61542284,0.22434118,-0.8110578,0.1643168,-0.8946748,0.10896943,-0.9394915,0.1818985,-0.6223898,0.1897874,-0.8394776,0.14298464,-0.85684305,0.11151933,-0.8229998,0.16281626,-0.61353076,0.13017225,-0.8153577,0.10708031,-0.802304,0.09912274,-0.75805086,0.14514016,-0.58777785,0.14473239,-0.7784096,0.11616974,-0.89684963,0.09072887,-1.0,I
0.0,0.0,0.21786375,-0.05652273,0.35102546,-0.26437604,0.2125862,-0.459026,0.028233407,-0.52793634,0.32895705,-0.52324885,0.3166465,-0.7252777,0.2680069,-0.55962545,0.25845554,-0.43540946,0.14168093,-0.55559725,0.13521564,-0.7442043,0.099164814,-0.535131,0.10072301,-0.40512967,-0.022599503,-0.5492908,-0.040181335,-0.7151628,-0.04643595,-0.54386896,-0.034128875,-0.41510224,-0.17379272,-0.52327317,-0.19281204,-0.7424059,-0.2120695,-0.8751015,-0.2175731,-1.0,I
0.0,0.0,0.20564818,-0.08418968,0.32282898,-0.3132784,0.21191831,-0.5173643,0.054366782,-0.58295083,0.29885438,-0.5327829,0.29891056,-0.7250319,0.24921015,-0.57948273,0.24004544,-0.46800318,0.14009136,-0.5652717,0.12646608,-0.7483002,0.09597484,-0.5630431,0.10507902,-0.46218738,-0.004926309,-0.5598433,-0.027441276,-0.7181179,-0.02304827,-0.5499007,-0.0064112917,-0.41914016,-0.1449208,-0.53460485,-0.17033872,-0.7486255,-0.1976423,-0.8844597,-0.21406567,-1.0,I
0.0,0.0,0.20431969,-0.11007265,0.32138512,-0.34081513,0.19305463,-0.5294587,0.025993705,-0.5724628,0.24669291,-0.547209,0.26323766,-0.740468,0.23533782,-0.6031182,0.22102143,-0.49243337,0.09945216,-0.5658654,0.091773786,-0.7572279,0.088588886,-0.5866026,0.093684524,-0.48831972,-0.036554214,-0.5528426,-0.05062758,-0.7229479,-0.0184197,-0.5541158,-0.0023410718,-0.42671853,-0.1699796,-0.5236989,-0.21107854,-0.7360998,-0.22942592,-0.86845833,-0.24568287,-1.0,I
0.0,0.0,0.20408234,-0.12639624,0.3191588,-0.3526616,0.19142303,-0.5357195,0.028960526,-0.585611,0.22149412,-0.5563257,0.23385014,-0.74532753,0.21588363,-0.59889925,0.20796432,-0.4871872,0.077487774,-0.5705322,0.07412434,-0.76307744,0.084836796,-0.5816401,0.092286214,-0.4742372,-0.056799743,-0.5571476,-0.067611605,-0.73492295,-0.016065964,-0.56969297,0.009911855,-0.44097695,-0.1906309,-0.52510303,-0.24121645,-0.73734474,-0.25920135,-0.86869466,-0.27646112,-1.0,I
0.0,0.0,0.19695958,-0.13012213,0.3117644,-0.3587608,0.1800212,-0.5358785,0.01807998,-0.57465076,0.21452844,-0.55800396,0.2336555,-0.75146943,0.21914521,-0.5902674,0.20999964,-0.48524556,0.07800871,-0.57634026,0.08043879,-0.75924915,0.09545971,-0.57005006,0.10337719,-0.5005311,-0.049674693,-0.5625577,-0.061659403,-0.73303956,-0.01146531,-0.55648714,0.0062949248,-0.4347553,-0.18176508,-0.5279674,-0.2414899,-0.73822355,-0.25810513,-0.86599183,-0.27931744,-1.0,I
0.0,0.0,0.19488806,-0.13834319,0.30262172,-0.3640423,0.1733021,-0.5418174,0.011699335,-0.5856903,0.20424725,-0.5547404,0.22387043,-0.7513115,0.20478581,-0.5921128,0.19393483,-0.48309472,0.06608475,-0.5722476,0.06730732,-0.76204544,0.08015756,-0.56668353,0.08955421,-0.4872372,-0.062371437,-0.5606504,-0.07310168,-0.7345063,-0.020470152,-0.55866563,0.0009616046,-0.43407997,-0.19419841,-0.5290377,-0.24988982,-0.7406632,-0.2652233,-0.86805797,-0.28379783,-1.0,I
0.0,0.0,0.19382825,-0.13438915,0.30970597,-0.36495578,0.18989639,-0.54983556,0.030065367,-0.5958413,0.21235085,-0.5607553,0.23296916,-0.75330997,0.21557853,-0.5980941,0.2068697,-0.4879114,0.07694693,-0.5799017,0.07801093,-0.758452,0.09329643,-0.5769268,0.1059277,-0.5087607,-0.048649374,-0.5663727,-0.060460284,-0.73785967,-0.0074918517,-0.55822253,0.015953137,-0.4291717,-0.1790666,-0.5322804,-0.23667158,-0.7399922,-0.25649524,-0.8684079,-0.2771396,-1.0,I
0.0,0.0,0.20048177,-0.13238159,0.31597176,-0.3600229,0.18852781,-0.53382057,0.021474462,-0.56161493,0.21235949,-0.5604561,0.23441862,-0.7491727,0.21720372,-0.59275335,0.20835267,-0.48527563,0.07531789,-0.57582855,0.07718978,-0.7655273,0.09522726,-0.58149254,0.10440872,-0.485192,-0.05183107,-0.562887,-0.06366983,-0.73021686,-0.0029271764,-0.56105447,0.02341792,-0.43933886,-0.179117,-0.53180176,-0.23545918,-0.7381319,-0.25249973,-0.8660491,-0.2736244,-1.0,I
0.0,0.0,0.1994649,-0.13095632,0.31283802,-0.36067426,0.19009086,-0.54347587,0.031688888,-0.58899623,0.22280712,-0.5565263,0.24920277,-0.7510361,0.229539,-0.59289056,0.2183347,-0.4866384,0.08569174,-0.57488185,0.0862977,-0.75986916,0.09849138,-0.58024734,0.11048401,-0.5032464,-0.04182247,-0.5605921,-0.051529534,-0.7270409,-0.0042075445,-0.54420215,0.017290464,-0.41801614,-0.17272392,-0.5285114,-0.2258488,-0.73619074,-0.24343342,-0.86473525,-0.26060277,-1.0,I
0.0,0.0,0.19955455,-0.13970064,0.3067893,-0.36048737,0.1888755,-0.5419579,0.030312752,-0.5829299,0.20999159,-0.55343544,0.23548627,-0.7510127,0.21882914,-0.59669137,0.20687144,-0.4835603,0.076867856,-0.5716926,0.076452434,-0.7564736,0.09140283,-0.5750984,0.10593754,-0.5069397,-0.047322474,-0.5590608,-0.05551103,-0.72561914,-0.011152323,-0.54583687,0.0049783024,-0.41584367,-0.17698051,-0.5266455,-0.23309125,-0.7388682,-0.24934429,-0.86872214,-0.2665636,-1.0,I
0.0,0.0,0.19062267,-0.2933487,0.3142815,-0.5353338,0.2546304,-0.7711726,0.15863304,-0.92952126,0.2735285,-0.60562885,0.2604305,-0.79614127,0.2099993,-0.89657855,0.1482784,-0.9517676,0.13837272,-0.61445636,0.13416213,-0.8020643,0.12121657,-0.8665464,0.09558724,-0.87684304,0.015650356,-0.61308783,-0.00071514247,-0.796137,0.025117503,-0.8498359,0.0368078,-0.86276406,-0.09198404,-0.5914742,-0.072404586,-0.7896241,-0.07829065,-0.90594757,-0.100425,-1.0,I
0.0,0.0,0.2058646,-0.07156735,0.33751526,-0.29643053,0.22218429,-0.50237703,0.045155402,-0.55640054,0.23909122,-0.55404836,0.24716747,-0.7538078,0.23609461,-0.59198934,0.23147582,-0.46644285,0.08520446,-0.5669553,0.07853098,-0.7753617,0.09872876,-0.57823926,0.110264875,-0.4567386,-0.058918744,-0.54653066,-0.06949078,-0.6985484,-0.003212628,-0.51041514,0.032966677,-0.37545487,-0.20459087,-0.50980014,-0.25623062,-0.7269612,-0.26900953,-0.861919,-0.2796644,-1.0,I
0.0,0.0,0.20237896,-0.123793654,0.32197723,-0.34654513,0.18646066,-0.5302302,0.01894631,-0.57520914,0.21311368,-0.55145156,0.22723004,-0.7418394,0.2199722,-0.58582324,0.21466981,-0.4783378,0.07369046,-0.56736314,0.06618785,-0.75451964,0.0894681,-0.5695139,0.1012265,-0.47193953,-0.056818005,-0.55117303,-0.069863,-0.70952696,-0.013052806,-0.5354465,0.009191705,-0.40544373,-0.1917906,-0.5168317,-0.23906174,-0.73123914,-0.2516157,-0.867486,-0.2696313,-1.0,I
0.0,0.0,0.20568107,-0.12504254,0.3288887,-0.34943536,0.2187003,-0.54180986,0.05259849,-0.58552057,0.22739902,-0.55187666,0.24974577,-0.7426136,0.22950163,-0.58874077,0.21457689,-0.47613868,0.09255705,-0.57292813,0.091122285,-0.7550104,0.10566416,-0.572829,0.11805553,-0.49201703,-0.034117375,-0.5617964,-0.042111434,-0.727106,0.008916005,-0.54827297,0.030317187,-0.4147846,-0.16754846,-0.5326516,-0.21290214,-0.7418955,-0.22554193,-0.8715404,-0.23915428,-1.0,I
0.0,0.0,0.19790892,-0.13213114,0.31678557,-0.3548226,0.20640238,-0.5459718,0.047096804,-0.59581846,0.22284949,-0.5474488,0.2435475,-0.74223316,0.22098204,-0.58701795,0.21098253,-0.4761189,0.08908108,-0.570377,0.08816711,-0.74799514,0.095930114,-0.56794983,0.112506725,-0.5065034,-0.037717137,-0.5598631,-0.045911297,-0.7289113,-0.005755231,-0.54335874,0.013705076,-0.40994418,-0.17123516,-0.52958137,-0.2151536,-0.73743737,-0.22965823,-0.8681849,-0.24257433,-1.0,I
0.0,0.0,0.19941522,-0.13417207,0.31577873,-0.35310185,0.20646259,-0.5429833,0.04838544,-0.58933836,0.22569725,-0.54512274,0.24715647,-0.74105674,0.22935465,-0.5914399,0.22003238,-0.4789848,0.09323156,-0.56607836,0.094807535,-0.7420693,0.10489831,-0.5579617,0.120182835,-0.48417166,-0.03154482,-0.5566093,-0.0382834,-0.7252552,0.0017025358,-0.54389757,0.019787291,-0.4109548,-0.16411282,-0.5295671,-0.20861517,-0.7386191,-0.22476362,-0.869365,-0.23949248,-1.0,I
0.0,0.0,0.21126077,-0.120487995,0.33311197,-0.3502205,0.20581655,-0.53295654,0.036035523,-0.56839377,0.23340538,-0.5561683,0.25669658,-0.74011886,0.23910214,-0.58218896,0.23067275,-0.4810238,0.0953875,-0.5719616,0.09648358,-0.7502216,0.1103699,-0.5680021,0.12151534,-0.47350016,-0.035140667,-0.55892044,-0.04499798,-0.7235507,0.0042961393,-0.5436472,0.027503746,-0.4152286,-0.16862944,-0.5318421,-0.20918907,-0.7383022,-0.2213285,-0.8658572,-0.23528571,-1.0,I
0.0,0.0,0.20416479,-0.12473752,0.33156902,-0.34648278,0.21638408,-0.5363184,0.04784595,-0.5855369,0.23918743,-0.5465415,0.26197043,-0.738968,0.2412737,-0.58613116,0.22914717,-0.47972706,0.10265794,-0.5679894,0.103730634,-0.748607,0.113832735,-0.5670276,0.12123572,-0.47584838,-0.026078139,-0.55889815,-0.035455517,-0.7300102,0.009276753,-0.5513677,0.027556729,-0.42094973,-0.15949124,-0.53194207,-0.19789255,-0.7379321,-0.21207023,-0.8672933,-0.22944172,-1.0,I
0.0,0.0,0.21419518,-0.12891436,0.3442689,-0.34391683,0.21121036,-0.5249724,0.04651348,-0.57288885,0.24274494,-0.5440117,0.26310578,-0.73103327,0.24151908,-0.57398295,0.23340563,-0.4634569,0.100191385,-0.56205326,0.10160937,-0.7437017,0.10953362,-0.55328053,0.11442558,-0.44610134,-0.034056038,-0.5528212,-0.04975233,-0.7249084,-0.0013069392,-0.5445801,0.0238355,-0.41475677,-0.17131028,-0.5275288,-0.21294706,-0.7337349,-0.22642633,-0.8623688,-0.24090418,-1.0,I
0.0,0.0,0.21489742,-0.12435482,0.3437121,-0.34920296,0.2198374,-0.54064554,0.052386213,-0.58173865,0.25448167,-0.5518798,0.28159437,-0.7347415,0.2588676,-0.57911754,0.24425066,-0.4708166,0.11121386,-0.56849015,0.1200028,-0.7522116,0.12101432,-0.564896,0.117198825,-0.44889057,-0.02489851,-0.559488,-0.030795874,-0.73361534,0.012108354,-0.56040555,0.030003833,-0.4260248,-0.16406026,-0.534058,-0.20103124,-0.7368358,-0.21406494,-0.8667077,-0.22982913,-1.0,I
0.0,0.0,0.22332166,-0.109239586,0.35119683,-0.3440102,0.21314864,-0.53516614,0.040223185,-0.5689297,0.26883757,-0.547656,0.29109707,-0.7370723,0.26588252,-0.5875513,0.2547005,-0.48112142,0.12489839,-0.5671325,0.12572178,-0.75049,0.12772422,-0.57242906,0.13158031,-0.46615952,-0.011406541,-0.55582327,-0.024352929,-0.7221779,0.016303232,-0.54785854,0.035048053,-0.4161572,-0.15064383,-0.5292678,-0.18979837,-0.7343797,-0.20719942,-0.86474025,-0.22535688,-1.0,I
0.0,0.0,0.24781321,-0.31077412,0.3861855,-0.58347183,0.2949972,-0.84536654,0.15806313,-1.0,0.3341547,-0.60657424,0.31724736,-0.818443,0.26573175,-0.933712,0.21386234,-0.98402005,0.15069826,-0.63208294,0.14109792,-0.8298927,0.14355502,-0.9183435,0.13626443,-0.9393113,-0.016986387,-0.6431813,-0.047938507,-0.8496686,-0.0002616099,-0.9249715,0.04211244,-0.9500923,-0.16277339,-0.6281338,-0.15046932,-0.83154196,-0.120792575,-0.9140183,-0.098891646,-0.9651302,I
0.0,0.0,0.20296866,-0.08127449,0.3257672,-0.31048283,0.20025368,-0.50737876,0.031498745,-0.5400892,0.26282123,-0.5406423,0.26461473,-0.73295873,0.25725228,-0.5747613,0.26416424,-0.4722329,0.1139492,-0.5616501,0.0987099,-0.75162876,0.11297957,-0.5640431,0.13598791,-0.4880277,-0.030666912,-0.542015,-0.051181085,-0.69353807,-0.01034829,-0.507028,0.017687831,-0.38349923,-0.17574415,-0.50434905,-0.22149807,-0.7202907,-0.23980609,-0.85801893,-0.25550723,-1.0,I
0.0,0.0,0.21077384,-0.10768302,0.3193414,-0.3462449,0.18403657,-0.54165083,0.014428726,-0.57164544,0.2559132,-0.5495139,0.26906472,-0.7447005,0.2454062,-0.58889985,0.24260372,-0.4877392,0.11604394,-0.5678942,0.109887175,-0.7500857,0.1077872,-0.5649335,0.12005247,-0.48366934,-0.01992781,-0.5534538,-0.0360156,-0.72511923,-0.003850412,-0.54276335,0.016201362,-0.41281614,-0.15908632,-0.5253746,-0.19850358,-0.7345067,-0.21809979,-0.86616695,-0.23373014,-1.0,I
0.0,0.0,0.2033691,-0.11839651,0.3229021,-0.35255456,0.20945339,-0.5513125,0.056002073,-0.6142634,0.2695093,-0.5510676,0.28386566,-0.75681144,0.24870606,-0.5936981,0.24399228,-0.48217827,0.1278015,-0.5709942,0.1193989,-0.7538788,0.10725141,-0.56273305,0.12979232,-0.5063183,-0.009189351,-0.55774873,-0.032311443,-0.73201925,-0.006736366,-0.53979766,0.019554308,-0.4081248,-0.15206195,-0.52787304,-0.18986228,-0.73481524,-0.21488637,-0.8646021,-0.23122235,-1.0,I
0.0,0.0,0.2031972,-0.13052313,0.3169715,-0.35985753,0.1871851,-0.5503086,0.027786633,-0.6119555,0.25064498,-0.56159055,0.26627526,-0.77378947,0.23905568,-0.6043223,0.23265366,-0.49024066,0.10315194,-0.5739706,0.094299,-0.76856667,0.09421732,-0.5691637,0.10945069,-0.48546016,-0.037095707,-0.5581442,-0.060411505,-0.731644,-0.015930561,-0.5426507,0.01649834,-0.4159861,-0.17726888,-0.53064007,-0.21817054,-0.73401034,-0.24314149,-0.86307967,-0.26640102,-1.0,I
0.0,0.0,0.20062448,-0.13530105,0.30171508,-0.37160915,0.17283566,-0.5556536,0.009763218,-0.6098849,0.23283768,-0.56728923,0.24849339,-0.7740265,0.22343211,-0.6047706,0.21914451,-0.4937793,0.08458075,-0.5748351,0.07889229,-0.77376676,0.076663256,-0.5719664,0.08978828,-0.47527337,-0.05638927,-0.5549767,-0.07999105,-0.7286147,-0.04091033,-0.54070234,-0.010771392,-0.41023707,-0.19764481,-0.5242813,-0.24089074,-0.73237973,-0.26476723,-0.86556154,-0.28540033,-1.0,I
0.0,0.0,0.2048534,-0.1380956,0.30180314,-0.37208888,0.17453425,-0.5582672,0.008469871,-0.60945773,0.23454529,-0.57799065,0.24170744,-0.7843268,0.21123746,-0.62424225,0.20829219,-0.50465107,0.08256706,-0.5822208,0.066913836,-0.7830307,0.059324935,-0.5898024,0.07200197,-0.47116086,-0.060232934,-0.55935735,-0.090513125,-0.73777306,-0.053129017,-0.56422776,-0.01818938,-0.42754126,-0.20180061,-0.52497137,-0.25008953,-0.7329439,-0.2822647,-0.86946714,-0.30634448,-1.0,I
0.0,0.0,0.19849375,-0.14797494,0.29518533,-0.38908106,0.14706843,-0.57054627,-0.024882386,-0.60428154,0.21085177,-0.592984,0.2129731,-0.79605496,0.20238633,-0.63490665,0.20787622,-0.5179473,0.06096029,-0.59345967,0.041468937,-0.7913427,0.056638025,-0.5965213,0.07581523,-0.4828276,-0.07950305,-0.5680902,-0.11209445,-0.7430507,-0.05359952,-0.57673025,-0.012209004,-0.44958404,-0.2197807,-0.53032696,-0.27382445,-0.74042714,-0.3067635,-0.87244624,-0.33917493,-1.0,I
0.0,0.0,0.18911359,-0.15433475,0.27693728,-0.3909726,0.14127643,-0.5668139,-0.014480589,-0.6174133,0.19062756,-0.58818114,0.19569907,-0.7919549,0.17905363,-0.6391768,0.18079446,-0.5260492,0.043840833,-0.5883514,0.028946243,-0.78471583,0.038641788,-0.59524214,0.054636046,-0.48502663,-0.09193816,-0.5636345,-0.12179051,-0.7509276,-0.06920072,-0.5832099,-0.031422477,-0.45287293,-0.22643423,-0.525614,-0.28755775,-0.73752046,-0.32381606,-0.869931,-0.35578173,-1.0,I
0.0,0.0,0.18571043,-0.15026209,0.27630383,-0.39077947,0.13252378,-0.57019365,-0.02794865,-0.61057585,0.1827423,-0.57686883,0.18701772,-0.79432267,0.18220684,-0.62439066,0.18873675,-0.5146224,0.041836724,-0.5842207,0.026048742,-0.7708665,0.050045572,-0.57345575,0.07387349,-0.5033812,-0.08959325,-0.5601756,-0.1205612,-0.73542744,-0.06311243,-0.5464762,-0.028054575,-0.4228427,-0.22498477,-0.522966,-0.28942993,-0.7331426,-0.32186615,-0.86174583,-0.35347205,-1.0,I
0.0,0.0,0.19555059,-0.14642519,0.29423416,-0.38957584,0.15770209,-0.56864893,-0.006418441,-0.6023145,0.19018894,-0.5732719,0.1998412,-0.7851434,0.18559147,-0.61715263,0.1822196,-0.5041365,0.050515532,-0.5812963,0.03667075,-0.77218235,0.055666603,-0.5759139,0.07622926,-0.49287537,-0.07998111,-0.55852073,-0.10994624,-0.73607415,-0.055063497,-0.5523379,-0.022607675,-0.42502296,-0.21457247,-0.52315855,-0.2829326,-0.73498267,-0.31733415,-0.8646888,-0.35108307,-1.0,I
0.0,0.0,-0.04899636,-0.32314768,-0.03315339,-0.55454046,-0.06776447,-0.77832526,-0.1036489,-0.9727071,0.18166006,-0.5245283,0.18189901,-0.746474,0.11136527,-0.90542,0.04406265,-1.0,0.15208843,-0.5166402,0.13699342,-0.7297398,0.07583497,-0.8780069,0.0296921,-0.98084956,0.11240282,-0.51374847,0.06434852,-0.71756417,0.027990827,-0.85610116,0.001345331,-0.95737165,0.07197537,-0.5107573,0.027127864,-0.6996163,-0.026887093,-0.7992431,-0.078632526,-0.8686746,I
0.0,0.0,0.20582406,-0.08469422,0.31469598,-0.32883078,0.18280993,-0.53174555,0.009356283,-0.56549,0.2136861,-0.5738636,0.22432777,-0.78318304,0.22719933,-0.7157984,0.22489661,-0.5929272,0.056031473,-0.57670295,0.04475556,-0.7814435,0.0718009,-0.6262248,0.08358743,-0.48140755,-0.0900881,-0.5505638,-0.109055236,-0.7279895,-0.046389386,-0.5541941,-0.0051098596,-0.3968124,-0.23326778,-0.5044739,-0.30486438,-0.72081226,-0.32881695,-0.8629927,-0.34192398,-1.0,I
0.0,0.0,0.20865712,-0.14559816,0.3147383,-0.37581632,0.1685439,-0.5424712,-0.00052578025,-0.572818,0.18483591,-0.57185876,0.1916673,-0.76557124,0.18432575,-0.6389721,0.18580966,-0.5106253,0.034456342,-0.57089704,0.01418341,-0.77790135,0.03278103,-0.62039447,0.046991788,-0.4819055,-0.10357168,-0.5482097,-0.12681913,-0.7228255,-0.0701419,-0.5628232,-0.034391187,-0.4148803,-0.24127643,-0.5108939,-0.30397707,-0.72451425,-0.33392155,-0.8675837,-0.3593159,-1.0,I
0.0,0.0,0.2029616,-0.13540907,0.31916788,-0.3622831,0.18767895,-0.5445273,0.02384972,-0.6066235,0.20143007,-0.5585654,0.2168679,-0.7448515,0.20592012,-0.60949856,0.20304212,-0.48655206,0.056716263,-0.5680913,0.04900827,-0.75299925,0.06876998,-0.57038814,0.08338156,-0.44475913,-0.07986549,-0.5518897,-0.09054441,-0.7222126,-0.033794537,-0.54748935,-0.0020255754,-0.40652487,-0.22521614,-0.51865417,-0.281999,-0.7273705,-0.3065783,-0.86369824,-0.3265206,-1.0,I
0.0,0.0,0.20295423,-0.13838434,0.31826666,-0.36886176,0.18760829,-0.5531267,0.015372627,-0.5990302,0.19750251,-0.563897,0.20826572,-0.74865735,0.2040517,-0.6272747,0.20337383,-0.5037829,0.05004851,-0.5719167,0.03329471,-0.76194906,0.062334053,-0.5944638,0.07881387,-0.457313,-0.08859269,-0.5557945,-0.10058929,-0.7251799,-0.03779459,-0.5631515,-0.0053628637,-0.41953474,-0.2315596,-0.52069515,-0.29390275,-0.72952735,-0.31510046,-0.8682881,-0.33086368,-1.0,I
0.0,0.0,0.19552799,-0.14325501,0.309482,-0.37604943,0.173165,-0.5591668,0.0018606299,-0.60925925,0.17939332,-0.5687746,0.19223395,-0.7525341,0.18661663,-0.6301295,0.18683462,-0.51098615,0.035955306,-0.57419723,0.025544275,-0.76395494,0.050342396,-0.59682685,0.06364078,-0.4671551,-0.099954285,-0.5538248,-0.10852432,-0.72685957,-0.045870688,-0.56029564,-0.013179961,-0.41669136,-0.24386877,-0.515379,-0.30437568,-0.7250509,-0.3232078,-0.86438006,-0.3371873,-1.0,I
0.0,0.0,0.19740237,-0.15000144,0.3089366,-0.38484013,0.16997468,-0.5679918,-0.0025210811,-0.6217319,0.18149614,-0.5835484,0.1931857,-0.7613125,0.18787493,-0.6199721,0.18677008,-0.50264347,0.033737507,-0.58569866,0.02313782,-0.7604386,0.0516298,-0.5916289,0.06971922,-0.4753217,-0.10468956,-0.5613856,-0.11423183,-0.7220064,-0.045116942,-0.553911,-0.0076576686,-0.41409048,-0.24980398,-0.51928306,-0.3128679,-0.72661775,-0.33433768,-0.86527395,-0.35126355,-1.0,I
0.0,0.0,0.20450541,-0.15541472,0.30815965,-0.38627976,0.16621919,-0.5718909,0.0022121996,-0.62880397,0.19766963,-0.57180685,0.20966317,-0.757945,0.20555139,-0.62020534,0.20448786,-0.5000255,0.048272036,-0.57877266,0.03538929,-0.7630787,0.06535762,-0.5925872,0.08266601,-0.47227976,-0.090861306,-0.5585064,-0.099902615,-0.72525233,-0.027288457,-0.5605801,0.009823608,-0.4215572,-0.237749,-0.5190276,-0.3001484,-0.7245577,-0.32256383,-0.8639527,-0.34255385,-1.0,I
0.0,0.0,0.20134586,-0.14712858,0.30553108,-0.38518736,0.17163616,-0.5747004,-0.0018018625,-0.6164941,0.1996292,-0.5781822,0.20837758,-0.76139224,0.19548866,-0.61787087,0.1945036,-0.5106989,0.052094433,-0.58503896,0.03853078,-0.7617681,0.05666356,-0.59292585,0.06866495,-0.49085587,-0.08717817,-0.5625013,-0.10358088,-0.7236971,-0.044709876,-0.5499555,-0.015096504,-0.41365287,-0.23143432,-0.5213417,-0.29441643,-0.72336334,-0.31838614,-0.86217946,-0.34071404,-1.0,I
0.0,0.0,0.20225483,-0.14533763,0.2972577,-0.38576382,0.15783888,-0.58369565,-0.007415191,-0.6250104,0.21026927,-0.5517808,0.21714479,-0.76144356,0.20122585,-0.6224704,0.1989325,-0.50575227,0.06821354,-0.5697347,0.051935244,-0.7559228,0.06406942,-0.5884006,0.083389975,-0.52743644,-0.06460063,-0.5547835,-0.0899422,-0.73141557,-0.03984926,-0.556245,-0.010351012,-0.41868705,-0.20661402,-0.5193529,-0.2695994,-0.73035926,-0.29424214,-0.8681474,-0.31201318,-1.0,I
0.0,0.0,0.20758814,-0.13592699,0.3019459,-0.40052533,0.15338913,-0.5958896,-0.020048836,-0.611533,0.21691443,-0.58990026,0.21762347,-0.7898271,0.2008411,-0.63619787,0.2043869,-0.5263467,0.070099235,-0.5932811,0.046898197,-0.78739256,0.054908045,-0.60730296,0.070981525,-0.5059845,-0.06967102,-0.56782085,-0.105012976,-0.7472805,-0.061178867,-0.5702353,-0.031271357,-0.4378821,-0.2103784,-0.5272599,-0.27178138,-0.7315413,-0.29750812,-0.86275446,-0.31794152,-1.0,I
0.0,0.0,0.19916986,-0.29232627,0.31871805,-0.53892154,0.24389112,-0.7886309,0.14774157,-0.95806,0.3252823,-0.5939522,0.29372647,-0.79654664,0.20406826,-0.9270265,0.11289263,-0.9966974,0.15965986,-0.61327446,0.12488472,-0.8269015,0.08454393,-0.88986164,0.052650366,-0.887186,0.006613345,-0.6202731,-0.04448511,-0.8217963,-0.025920345,-0.8493091,-0.0062112515,-0.82583886,-0.12771791,-0.6044955,-0.11000177,-0.81240094,-0.106322356,-0.9198707,-0.11217116,-1.0,I
0.0,0.0,0.20896517,-0.09795596,0.30029863,-0.3516408,0.14355196,-0.544427,-0.03993201,-0.582786,0.23439614,-0.595521,0.20989351,-0.79645276,0.20281635,-0.62747955,0.21661982,-0.49980047,0.064861886,-0.59340113,0.030355128,-0.78681415,0.05002067,-0.57349366,0.075297415,-0.44665572,-0.095493235,-0.560271,-0.13812608,-0.72957104,-0.07488835,-0.539318,-0.023558013,-0.398823,-0.24876864,-0.50776535,-0.3019918,-0.72367483,-0.3337973,-0.86122406,-0.3621044,-1.0,I
0.0,0.0,0.19649802,-0.13589188,0.28186885,-0.38424286,0.12703846,-0.5726694,-0.04985302,-0.59105855,0.21493883,-0.57829136,0.20861912,-0.784315,0.17946485,-0.635802,0.18435448,-0.5241744,0.06627074,-0.58545494,0.03214275,-0.7795402,0.037425224,-0.6003964,0.058411192,-0.4892382,-0.07030343,-0.56231195,-0.113517575,-0.7429453,-0.07550407,-0.5748487,-0.04438906,-0.4392279,-0.20495312,-0.5206651,-0.26782888,-0.7323768,-0.30485335,-0.8721747,-0.33486956,-1.0,I
0.0,0.0,0.19821535,-0.14120287,0.28837052,-0.37507188,0.14832258,-0.5513228,-0.02070873,-0.5825975,0.2139716,-0.5769652,0.22677295,-0.7764976,0.19204219,-0.6462614,0.1876569,-0.52169806,0.06774221,-0.5837898,0.043128043,-0.7864447,0.042843856,-0.6275886,0.05761972,-0.4918097,-0.06858147,-0.5596375,-0.104935326,-0.72819793,-0.067168966,-0.57653046,-0.035261,-0.43582413,-0.20315956,-0.51712435,-0.25987056,-0.7272787,-0.2948499,-0.87086177,-0.32036835,-1.0,I
0.0,0.0,0.19915327,-0.1433827,0.29338515,-0.3856174,0.14599091,-0.567686,-0.024379976,-0.6009365,0.21145447,-0.56756145,0.21865474,-0.77756274,0.1958632,-0.62299806,0.19975352,-0.5061252,0.07166598,-0.5718758,0.046522707,-0.7729701,0.05561572,-0.59566516,0.07753341,-0.48354542,-0.060626708,-0.54871523,-0.09465462,-0.7249101,-0.05188259,-0.5522337,-0.018460488,-0.41574973,-0.19626269,-0.5128359,-0.2560109,-0.7259229,-0.2880244,-0.8656558,-0.31106275,-1.0,I
0.0,0.0,0.19564642,-0.1343182,0.30292082,-0.35680586,0.17081994,-0.5397924,-0.004680465,-0.5985667,0.2207605,-0.5672988,0.23394875,-0.76331383,0.20704208,-0.6035615,0.20999496,-0.4936442,0.07312564,-0.57466143,0.062154252,-0.75951403,0.07016432,-0.5700479,0.08676171,-0.45287964,-0.06504819,-0.55503863,-0.089658014,-0.7317319,-0.040719867,-0.55318266,-0.0058685737,-0.41793075,-0.20351714,-0.52147055,-0.25250965,-0.72876716,-0.27538523,-0.86277366,-0.29303965,-1.0,I
0.0,0.0,0.20390594,-0.1273832,0.32429567,-0.3484412,0.18938756,-0.5361801,0.014138746,-0.59161246,0.24522354,-0.55445004,0.26502487,-0.74395776,0.23498328,-0.590709,0.22874609,-0.4764252,0.100283936,-0.5680174,0.09317151,-0.74698037,0.098081194,-0.5617205,0.10841703,-0.4393153,-0.035504427,-0.554761,-0.052562855,-0.72026473,-0.007242764,-0.5467569,0.018411232,-0.4094499,-0.17484538,-0.52804136,-0.22034107,-0.7344545,-0.2409336,-0.86765254,-0.2578509,-1.0,I
0.0,0.0,0.2130581,-0.12765534,0.33830717,-0.33794543,0.20338425,-0.5211061,0.041175373,-0.5810391,0.2576116,-0.5318794,0.28423503,-0.7231698,0.24685504,-0.5727266,0.23738833,-0.46371087,0.113720514,-0.54944855,0.116490744,-0.7368873,0.110844344,-0.5511615,0.11900383,-0.43536478,-0.020016132,-0.5423039,-0.032493737,-0.7187929,0.0027047945,-0.54367983,0.02633543,-0.4099944,-0.15654482,-0.5226589,-0.19360238,-0.7309698,-0.20792419,-0.8644335,-0.2167735,-1.0,I
0.0,0.0,0.20113072,-0.12344118,0.32217354,-0.34342405,0.19875559,-0.5342855,0.043959036,-0.5922493,0.26135063,-0.5302096,0.28036463,-0.7203975,0.25036508,-0.57565045,0.24250863,-0.46617225,0.12109362,-0.5533629,0.12053098,-0.73126197,0.11727936,-0.54764587,0.1224265,-0.44919935,-0.010122999,-0.54797524,-0.021598179,-0.72402793,0.0101288045,-0.54519594,0.025741095,-0.4162973,-0.14610586,-0.5273171,-0.18085526,-0.73452866,-0.18983714,-0.86402905,-0.19579749,-1.0,I
0.0,0.0,0.21651585,-0.11612703,0.34530252,-0.33143815,0.20959263,-0.5214069,0.048414048,-0.5855106,0.27411112,-0.52154624,0.3084484,-0.70979553,0.2623455,-0.5536349,0.2520281,-0.44841126,0.13449284,-0.54313874,0.14239725,-0.7249889,0.12926266,-0.54251415,0.1382707,-0.4411723,0.0024475649,-0.53697526,-0.0072744214,-0.7103855,0.024430962,-0.528973,0.047902003,-0.39740285,-0.13399999,-0.5187636,-0.16413188,-0.72785234,-0.17402352,-0.86139625,-0.17728801,-1.0,I
0.0,0.0,0.208484,-0.116531044,0.33537397,-0.33399862,0.20676681,-0.52404344,0.047341075,-0.575013,0.2673681,-0.51273584,0.30394864,-0.6978395,0.26453692,-0.54622877,0.2501609,-0.4396812,0.13366686,-0.5398257,0.14320052,-0.71471024,0.1337323,-0.532394,0.13763328,-0.43924302,0.005979299,-0.5375547,-0.001579922,-0.70842147,0.028212396,-0.5257018,0.04326134,-0.39818928,-0.12810862,-0.52200705,-0.15753299,-0.72727156,-0.16050276,-0.85915554,-0.15944895,-1.0,I
0.0,0.0,0.21255596,-0.10503871,0.34181848,-0.33900395,0.2350566,-0.5401957,0.07572602,-0.6162227,0.28599906,-0.50681406,0.31858322,-0.69763386,0.28328925,-0.55425656,0.26780987,-0.45086604,0.14696561,-0.54137063,0.15786697,-0.7248428,0.14159817,-0.54972714,0.14803313,-0.46111,0.010861584,-0.5423733,0.012174943,-0.715883,0.0284492,-0.53094697,0.04255014,-0.38984993,-0.13490659,-0.5286135,-0.14157164,-0.73998517,-0.1392105,-0.8734645,-0.12986822,-1.0,I
0.0,0.0,0.21814965,-0.102920644,0.36112818,-0.30624226,0.25011364,-0.50269854,0.097821794,-0.5711539,0.29213926,-0.48741555,0.33146134,-0.67677224,0.29238528,-0.53450894,0.27442688,-0.4247027,0.15839425,-0.5214953,0.17047627,-0.6974803,0.16158369,-0.52609175,0.16468301,-0.43487284,0.03010358,-0.5269737,0.031839166,-0.70299566,0.055043563,-0.52181315,0.06392769,-0.3875038,-0.106817186,-0.5205629,-0.12558113,-0.72880197,-0.11900275,-0.86194587,-0.10821884,-1.0,I
0.0,0.0,0.21073599,-0.09873036,0.35360447,-0.31286234,0.2492657,-0.51252204,0.09366414,-0.5731369,0.28772444,-0.49812773,0.32759365,-0.6756374,0.28973094,-0.53814304,0.27634227,-0.44551426,0.15882449,-0.53117454,0.17850779,-0.70718193,0.16610454,-0.53379416,0.16257975,-0.44350407,0.033586282,-0.536047,0.0409453,-0.7106726,0.06809157,-0.53172344,0.076195955,-0.40629646,-0.099470586,-0.5289477,-0.110487476,-0.7336008,-0.10134572,-0.86309093,-0.09258863,-1.0,I
0.0,0.0,0.22855815,-0.09559651,0.3764174,-0.29918796,0.27433532,-0.5007196,0.117770635,-0.56827253,0.30649415,-0.49368382,0.34267244,-0.6718234,0.3044062,-0.53661406,0.287946,-0.4318259,0.16910893,-0.5270438,0.18421876,-0.70715237,0.17254049,-0.5300329,0.16823706,-0.41711223,0.03730934,-0.53435475,0.041196395,-0.7065871,0.073443495,-0.53435814,0.086766474,-0.40336564,-0.09975928,-0.5283393,-0.10856555,-0.7330599,-0.09979957,-0.8642642,-0.08983892,-1.0,I
0.0,0.0,0.22393478,-0.09397249,0.37332192,-0.29869574,0.26895204,-0.49828094,0.10375593,-0.5541331,0.30058277,-0.49035624,0.3412452,-0.6713979,0.29589632,-0.5368954,0.2738291,-0.4300721,0.1633448,-0.5205868,0.18148574,-0.7114516,0.15942235,-0.53808165,0.14930506,-0.4161195,0.030997368,-0.5271239,0.042865846,-0.7083019,0.06841354,-0.54295146,0.07944146,-0.4046296,-0.106707454,-0.5207348,-0.11234583,-0.72738016,-0.10466818,-0.86651224,-0.09415942,-1.0,I
0.0,0.0,0.23155211,-0.0904179,0.37611467,-0.30430904,0.26922542,-0.5061775,0.10736218,-0.5650074,0.30982196,-0.5005782,0.3410932,-0.6824587,0.30616668,-0.54628277,0.29049915,-0.44085532,0.17026967,-0.53124183,0.17860655,-0.7140475,0.16735002,-0.5343506,0.16584034,-0.4226789,0.034898136,-0.53503317,0.03890979,-0.7046923,0.07216067,-0.52894515,0.08766827,-0.39118657,-0.10588374,-0.52596694,-0.11763485,-0.7339357,-0.11197579,-0.8673723,-0.1024434,-1.0,I
0.0,0.0,0.21035166,-0.105239235,0.34479764,-0.31055486,0.24478677,-0.49997786,0.09660482,-0.5731791,0.27786118,-0.51307786,0.31200007,-0.6892614,0.277988,-0.5543365,0.26572448,-0.4431299,0.13952705,-0.53600603,0.15100503,-0.71716905,0.1423432,-0.5486369,0.14091803,-0.43044952,0.006328071,-0.53571707,0.011174201,-0.6992689,0.0424016,-0.5244912,0.058202352,-0.38657862,-0.12772906,-0.5247543,-0.14088099,-0.73185897,-0.13940461,-0.8676108,-0.13441828,-1.0,I
0.0,0.0,0.21477765,-0.09945385,0.35356945,-0.30062753,0.24474035,-0.4801663,0.08158358,-0.5355946,0.2877136,-0.5115281,0.3095992,-0.6897901,0.27890095,-0.56814575,0.27130258,-0.46113095,0.14934446,-0.5334641,0.15225033,-0.70958555,0.14212766,-0.544666,0.14305566,-0.42293775,0.016302846,-0.53373843,0.010188801,-0.6984663,0.038689643,-0.5334189,0.058367778,-0.39627168,-0.1212281,-0.524615,-0.133374,-0.73435384,-0.13917124,-0.8711132,-0.13876307,-1.0,I
0.0,0.0,0.2151307,-0.09750018,0.35150412,-0.30135715,0.25553137,-0.48949912,0.10002312,-0.54822296,0.28654242,-0.5124203,0.30786163,-0.6890467,0.28299055,-0.5692323,0.28144196,-0.45825067,0.14944324,-0.53651726,0.15753053,-0.71641695,0.14679687,-0.55005616,0.1406374,-0.42176715,0.0188533,-0.537614,0.019171024,-0.712261,0.040060252,-0.5497949,0.04959217,-0.4110347,-0.11435543,-0.5249637,-0.13779336,-0.7355654,-0.14107059,-0.8712244,-0.13727015,-1.0,I
0.0,0.0,0.22671613,-0.09593389,0.3653442,-0.31300998,0.25364125,-0.5070589,0.086669356,-0.5557618,0.30976498,-0.5058806,0.33197886,-0.6902289,0.28717297,-0.5545388,0.27087605,-0.44425362,0.17090575,-0.5312223,0.17151426,-0.7180313,0.15004489,-0.54659826,0.1440525,-0.42287847,0.035758335,-0.5325274,0.02848987,-0.7100252,0.050899606,-0.54920053,0.06536329,-0.4125405,-0.101952955,-0.5231928,-0.1237033,-0.73250544,-0.13099998,-0.86968344,-0.13191706,-1.0,I
0.0,0.0,0.12249133,-0.28035668,0.032547522,-0.5893817,-0.2622768,-0.70504147,-0.4620308,-0.61846226,-0.15009385,-0.7150748,-0.30459782,-0.8804964,-0.2271861,-0.7178865,-0.14609218,-0.6092435,-0.31059438,-0.6285697,-0.47407526,-0.7574325,-0.35248968,-0.587658,-0.2692766,-0.51997143,-0.4395271,-0.5209045,-0.59756434,-0.63262177,-0.4453227,-0.47528887,-0.31118682,-0.34706858,-0.5663696,-0.40234837,-0.7516898,-0.5925725,-0.8859339,-0.70623296,-1.0,-0.806697,J
0.0,0.0,0.12068314,-0.29103574,0.036637526,-0.6174771,-0.272977,-0.7279816,-0.4777358,-0.62138474,-0.1369685,-0.745675,-0.30241215,-0.9037912,-0.21996652,-0.7240295,-0.13451754,-0.61252326,-0.30039567,-0.64574736,-0.47193262,-0.77755755,-0.33881858,-0.58369166,-0.24005753,-0.47935563,-0.44111308,-0.5354726,-0.6121822,-0.64553523,-0.4515808,-0.47281447,-0.3201657,-0.3395166,-0.5811979,-0.42143294,-0.766239,-0.6016893,-0.88898593,-0.71950144,-1.0,-0.83989453,J
0.0,0.0,0.17426217,-0.22298807,0.11900093,-0.5244404,-0.16613576,-0.6541637,-0.37914872,-0.5333975,-0.1882227,-0.67647195,-0.36544582,-0.8290824,-0.2780638,-0.6799833,-0.17949943,-0.56136614,-0.3491209,-0.5511155,-0.52294886,-0.6667669,-0.34176624,-0.5057141,-0.20603698,-0.41613647,-0.4731773,-0.4082363,-0.6266881,-0.49595532,-0.40987793,-0.35606965,-0.25008884,-0.25396785,-0.5769204,-0.2490347,-0.7712641,-0.39390725,-0.8839756,-0.4773378,-1.0,-0.5620518,J
0.0,0.0,-0.0062613715,-0.16256659,-0.13842437,-0.3769326,-0.2811672,-0.5585929,-0.37026086,-0.6875569,-0.33471978,-0.6338546,-0.3372015,-0.8512705,-0.26237953,-0.8748619,-0.23239727,-0.8881031,-0.37264755,-0.6253719,-0.3148231,-0.8605857,-0.19370617,-0.80740803,-0.12411148,-0.7640684,-0.39774707,-0.5978056,-0.35497838,-0.8258029,-0.2403053,-0.7571151,-0.15154332,-0.6620501,-0.40765592,-0.5661054,-0.5462069,-0.77524513,-0.66262454,-0.9021646,-0.74947965,-1.0,J
0.0,0.0,0.14998911,-0.37982446,0.07639304,-0.7598651,-0.23983021,-0.8782019,-0.45846406,-0.77120256,-0.25924304,-0.7772974,-0.36157468,-0.97125703,-0.3501802,-0.98616993,-0.32756183,-0.9750255,-0.46412235,-0.63222975,-0.5808269,-0.8242127,-0.4435105,-0.6982927,-0.30599767,-0.5325527,-0.60622954,-0.4838447,-0.7610241,-0.65258837,-0.6041568,-0.5462467,-0.44333288,-0.40118736,-0.69873947,-0.3235076,-0.9273851,-0.4971982,-0.97986716,-0.53897816,-1.0,-0.5389504,J
0.0,0.0,0.14820352,-0.24946737,0.06502423,-0.5502828,-0.20755965,-0.6297829,-0.383883,-0.51369154,-0.20676424,-0.6135125,-0.33642343,-0.7371021,-0.23537414,-0.6056141,-0.14558601,-0.5047083,-0.36283386,-0.511566,-0.49566332,-0.63095444,-0.33783603,-0.46160093,-0.21255368,-0.34068322,-0.48193976,-0.4012228,-0.6017895,-0.5135166,-0.45934358,-0.3782341,-0.3281469,-0.24979062,-0.5796718,-0.2782424,-0.7832038,-0.44175035,-0.9087132,-0.5285409,-1.0,-0.5923571,J
0.0,0.0,0.10586669,-0.23486955,0.0388789,-0.51428545,-0.2081544,-0.59305114,-0.38107777,-0.4935222,-0.20045328,-0.6079366,-0.32110238,-0.7303125,-0.22142522,-0.58885586,-0.13802652,-0.47813606,-0.34249413,-0.5192405,-0.47799617,-0.62778294,-0.3317565,-0.46967015,-0.22831483,-0.37382153,-0.45092458,-0.4100875,-0.57633466,-0.5096936,-0.42508614,-0.3753849,-0.2949434,-0.25107142,-0.5424702,-0.2829424,-0.74520636,-0.44198248,-0.88514477,-0.5318586,-1.0,-0.6006506,J
0.0,0.0,0.09918086,-0.24424456,0.022724668,-0.5328774,-0.22755246,-0.612796,-0.40421295,-0.50722885,-0.1923722,-0.6389883,-0.32722992,-0.7771464,-0.24108641,-0.63543564,-0.16074577,-0.5373242,-0.33351433,-0.547527,-0.48307607,-0.66092545,-0.35732153,-0.507627,-0.26170844,-0.4214345,-0.44802728,-0.43099183,-0.59468234,-0.53994876,-0.44525722,-0.4014057,-0.308383,-0.27792683,-0.55176866,-0.30037856,-0.7423388,-0.45888275,-0.8819853,-0.5554343,-1.0,-0.636523,J
0.0,0.0,0.06937669,-0.24858513,0.0017709478,-0.51913524,-0.23084222,-0.6143315,-0.4108705,-0.5379972,-0.21065222,-0.6495098,-0.33872736,-0.7770936,-0.25289622,-0.6279206,-0.16758585,-0.51968735,-0.353353,-0.5589313,-0.48529232,-0.6645926,-0.34888652,-0.4957271,-0.26167348,-0.4203841,-0.4615899,-0.44457886,-0.59164417,-0.5440139,-0.43321323,-0.3962604,-0.30366752,-0.27446803,-0.5508472,-0.31162342,-0.7546146,-0.47032768,-0.88714105,-0.5621487,-1.0,-0.6452895,J
0.0,0.0,0.066341795,-0.24941804,-0.0051386137,-0.5369479,-0.23574227,-0.64409566,-0.41660166,-0.5901351,-0.19999678,-0.68019915,-0.32906735,-0.8208594,-0.2359119,-0.6617261,-0.14229617,-0.5532192,-0.34948274,-0.5963944,-0.48535973,-0.7166782,-0.33845755,-0.5236602,-0.2626804,-0.48164845,-0.4609287,-0.48365495,-0.59747046,-0.5927372,-0.43742868,-0.42986298,-0.30989647,-0.31078374,-0.5527295,-0.3443793,-0.7590584,-0.51431286,-0.8869771,-0.6055941,-1.0,-0.69397527,J
0.0,0.0,0.07126957,-0.26397455,-0.004392926,-0.5398865,-0.22962582,-0.6484097,-0.40819475,-0.58544123,-0.1951862,-0.71438706,-0.34430093,-0.84423757,-0.25706467,-0.6907883,-0.1675944,-0.59195024,-0.34723887,-0.61455923,-0.49261233,-0.73028433,-0.35446733,-0.54303354,-0.26606572,-0.47524956,-0.46260875,-0.49235615,-0.60104823,-0.5993735,-0.4487205,-0.4443323,-0.32275033,-0.32632184,-0.55545485,-0.35435572,-0.75575316,-0.5224745,-0.8857188,-0.6174065,-1.0,-0.70838195,J
0.0,0.0,0.08576046,-0.25908566,0.005271609,-0.5419248,-0.2303081,-0.6374188,-0.40858185,-0.5768957,-0.20168641,-0.70057887,-0.3380608,-0.8411923,-0.2520543,-0.6876955,-0.15756072,-0.5817354,-0.35028684,-0.60323155,-0.4977816,-0.7305157,-0.3651741,-0.55365556,-0.2664023,-0.4559426,-0.46495187,-0.48488382,-0.6136021,-0.60340816,-0.45903128,-0.4497311,-0.33186173,-0.33109868,-0.5583254,-0.35760403,-0.7536707,-0.5239456,-0.8807913,-0.62047046,-1.0,-0.71989214,J
0.0,0.0,0.09535532,-0.25825745,0.018652892,-0.53490806,-0.21430784,-0.6408113,-0.4038333,-0.593757,-0.19410703,-0.70278883,-0.338307,-0.8444545,-0.2507297,-0.6921717,-0.15380532,-0.5817197,-0.3480255,-0.60057706,-0.48985702,-0.7155556,-0.35300115,-0.54063356,-0.2493822,-0.43344292,-0.4693391,-0.47807923,-0.6193836,-0.6025104,-0.46067035,-0.4554691,-0.32519218,-0.3323465,-0.5686857,-0.34832793,-0.7536471,-0.5218214,-0.88183886,-0.62976784,-1.0,-0.7353586,J
0.0,0.0,0.29786524,-0.19890079,0.24833097,-0.419452,-0.17457928,-0.47878686,-0.5389966,-0.27952248,-0.24067266,-0.7550489,-0.5733027,-0.81708246,-0.46038598,-0.48781332,-0.2600613,-0.22716175,-0.4864421,-0.6118041,-0.8228769,-0.6324719,-0.6301672,-0.23983501,-0.41678658,0.004265053,-0.66781294,-0.4493324,-0.9551293,-0.41453478,-0.7379619,-0.10088615,-0.5096834,0.0996591,-0.7737215,-0.28461903,-1.0,-0.2684069,-0.8539167,-0.07130849,-0.6920043,0.062823206,J
0.0,0.0,0.10291692,-0.26040417,0.027069237,-0.57170177,-0.23640732,-0.6566372,-0.43149465,-0.5678679,-0.18174636,-0.7053151,-0.32940185,-0.85173297,-0.2317941,-0.7021423,-0.14258133,-0.60737497,-0.33888155,-0.6106531,-0.4899551,-0.72428566,-0.351716,-0.5559637,-0.26739052,-0.49385113,-0.45530695,-0.48884133,-0.6092126,-0.59679884,-0.44436517,-0.43276212,-0.30406722,-0.3055548,-0.55722815,-0.35043675,-0.7638217,-0.5276278,-0.8909311,-0.62767816,-1.0,-0.72064775,J
0.0,0.0,0.06623229,-0.246175,0.006107163,-0.53537095,-0.23108643,-0.6462261,-0.42376477,-0.59357464,-0.20576724,-0.6786762,-0.3577998,-0.8443379,-0.25901645,-0.69994843,-0.16157658,-0.59600437,-0.35441133,-0.59075475,-0.5045384,-0.7096364,-0.35660893,-0.5316789,-0.2699534,-0.47590122,-0.4667635,-0.47939497,-0.62290496,-0.59107804,-0.45838413,-0.4355326,-0.3242972,-0.3207457,-0.56289977,-0.3481407,-0.7594046,-0.517782,-0.8894511,-0.6156758,-1.0,-0.7051798,J
0.0,0.0,0.073000476,-0.25509962,0.0031232932,-0.5311199,-0.22647253,-0.62360597,-0.40669858,-0.559273,-0.20953031,-0.68761426,-0.36501274,-0.8183116,-0.25755367,-0.6594417,-0.15880956,-0.56412053,-0.35005447,-0.5885508,-0.5069885,-0.6978691,-0.35288078,-0.5121515,-0.25711775,-0.43736997,-0.4623337,-0.46789744,-0.6197579,-0.5624799,-0.4512372,-0.41106552,-0.31043705,-0.30076572,-0.55804896,-0.3355664,-0.75642467,-0.49440005,-0.88791335,-0.5843,-1.0,-0.66607714,J
0.0,0.0,0.06634208,-0.24543127,-0.010368962,-0.524451,-0.24146071,-0.6274615,-0.42179856,-0.5751577,-0.21460019,-0.66140556,-0.37177327,-0.8167942,-0.26446524,-0.6632667,-0.16647404,-0.56201845,-0.35546032,-0.57503444,-0.5118711,-0.70404446,-0.351315,-0.5122928,-0.27862334,-0.4740038,-0.46623576,-0.46293497,-0.62935835,-0.57902753,-0.4582015,-0.42129073,-0.3259787,-0.30693784,-0.5592172,-0.32938474,-0.765829,-0.48965985,-0.8889201,-0.5812179,-1.0,-0.6692663,J
0.0,0.0,0.05210623,-0.24636552,-0.026353288,-0.5196421,-0.24721394,-0.6121794,-0.42008954,-0.5604432,-0.23394655,-0.6463664,-0.37962696,-0.78351796,-0.26754758,-0.6354056,-0.17998642,-0.5490815,-0.366513,-0.5611509,-0.5143509,-0.6662204,-0.35512254,-0.48969093,-0.28379962,-0.4546012,-0.46942613,-0.447812,-0.62421453,-0.54294175,-0.4542329,-0.39803144,-0.3295545,-0.30240548,-0.5590881,-0.3155465,-0.7576494,-0.4715907,-0.88174206,-0.5545293,-1.0,-0.63975,J
0.0,0.0,0.08155612,-0.26429233,0.0132401325,-0.54027784,-0.22302255,-0.60759044,-0.39179623,-0.5435805,-0.2178983,-0.6679249,-0.37022215,-0.77136344,-0.26221985,-0.6271732,-0.16294846,-0.53417504,-0.35525233,-0.56706613,-0.5097489,-0.64994335,-0.34920293,-0.47902057,-0.24007185,-0.39488816,-0.4643043,-0.44693044,-0.61878407,-0.52518046,-0.4497988,-0.3868409,-0.310371,-0.2875698,-0.5613053,-0.31270614,-0.7542967,-0.46663052,-0.88360125,-0.5475673,-1.0,-0.6257267,J
0.0,0.0,0.06692044,-0.24816862,-0.014857747,-0.5142435,-0.25031683,-0.5852474,-0.41368678,-0.50891846,-0.2280182,-0.6306529,-0.38854623,-0.74974465,-0.29100809,-0.59809697,-0.19971035,-0.50780624,-0.35497397,-0.54169863,-0.51736337,-0.64109814,-0.36591682,-0.46280915,-0.26933345,-0.39102256,-0.4542378,-0.42957053,-0.6131037,-0.5131177,-0.45707247,-0.38210237,-0.32448965,-0.2824996,-0.5419737,-0.30179623,-0.744103,-0.45345575,-0.88060987,-0.5376682,-1.0,-0.60985696,J
0.0,0.0,0.05181978,-0.25435266,-0.012938337,-0.5091276,-0.24563543,-0.59016055,-0.4118523,-0.5338073,-0.22795539,-0.65037465,-0.37598354,-0.7614512,-0.27191573,-0.61565924,-0.17671986,-0.5205256,-0.36150566,-0.55164075,-0.5139364,-0.6390752,-0.3517154,-0.4666023,-0.24828374,-0.3882733,-0.46174213,-0.4358375,-0.6006651,-0.5032855,-0.4316005,-0.37157694,-0.29933244,-0.27567032,-0.54807276,-0.3045906,-0.748967,-0.45090523,-0.8810306,-0.52524704,-1.0,-0.59240496,J
0.0,0.0,0.0634966,-0.24839552,-0.01548117,-0.5135357,-0.26187456,-0.5765342,-0.42871016,-0.5070276,-0.22625898,-0.6273108,-0.39092582,-0.7459897,-0.28613046,-0.60450906,-0.18168594,-0.51276165,-0.35746178,-0.5274648,-0.5187353,-0.61826587,-0.357859,-0.4557695,-0.2557679,-0.3926781,-0.45658588,-0.41006467,-0.6147651,-0.48682588,-0.44041273,-0.35918757,-0.3006575,-0.26559702,-0.54287004,-0.28006336,-0.7422703,-0.42633018,-0.8754579,-0.5031645,-1.0,-0.57349426,J
0.0,0.0,0.11779218,-0.2279292,0.08109594,-0.47261488,-0.15492794,-0.5683284,-0.34790382,-0.47941023,-0.18952124,-0.61706847,-0.3192275,-0.7444796,-0.21025069,-0.6039356,-0.11334879,-0.49907246,-0.3319713,-0.5016605,-0.46103913,-0.600136,-0.2805822,-0.4428269,-0.16483459,-0.36718765,-0.44176632,-0.36810288,-0.53644186,-0.4520657,-0.32358292,-0.31824327,-0.17531261,-0.21285258,-0.53868854,-0.22336279,-0.74885595,-0.3512481,-0.8754458,-0.43205455,-1.0,-0.51808476,J
0.0,0.0,0.002880762,-0.30038396,-0.09109412,-0.55100584,-0.3372214,-0.6281785,-0.49769595,-0.56930083,-0.2952706,-0.6087343,-0.41800106,-0.7293907,-0.33545488,-0.64060324,-0.2647328,-0.57343036,-0.4197828,-0.51728076,-0.55108017,-0.63529605,-0.4183312,-0.52733964,-0.33095774,-0.45038503,-0.50984997,-0.42698342,-0.6535317,-0.53958523,-0.5128128,-0.4535862,-0.3948496,-0.3557575,-0.58052737,-0.32149124,-0.7792139,-0.46200877,-0.8970157,-0.5452024,-1.0,-0.6111286,J
0.0,0.0,0.029271998,-0.2388982,-0.060749225,-0.4789516,-0.28788224,-0.5492715,-0.45594752,-0.4913731,-0.25363237,-0.580571,-0.405503,-0.71091324,-0.30453128,-0.57815546,-0.20737329,-0.48836225,-0.3795022,-0.49500063,-0.5337111,-0.6001195,-0.37216935,-0.4305591,-0.29551703,-0.38634214,-0.47295064,-0.39242133,-0.62435424,-0.47486532,-0.46378693,-0.34735075,-0.32867238,-0.2490626,-0.5492149,-0.27160344,-0.754695,-0.4095393,-0.889212,-0.48235837,-1.0,-0.5428449,J
0.0,0.0,0.050556142,-0.24520323,-0.03398992,-0.49576274,-0.25657472,-0.560525,-0.42020434,-0.49100667,-0.24518509,-0.60619086,-0.3978627,-0.71531296,-0.2870231,-0.575536,-0.18717244,-0.49724242,-0.37132582,-0.5117846,-0.525181,-0.59055257,-0.36545193,-0.43098986,-0.2673403,-0.37786707,-0.46538416,-0.39751732,-0.616638,-0.4684264,-0.45082566,-0.34080973,-0.3157743,-0.25666338,-0.5480335,-0.27133328,-0.74019736,-0.4122361,-0.8775146,-0.48161742,-1.0,-0.54715455,J
0.0,0.0,0.053729743,-0.2517036,-0.024686193,-0.5065748,-0.256293,-0.5569681,-0.4147005,-0.4756119,-0.24060845,-0.6276825,-0.40451595,-0.70587283,-0.29427722,-0.5596336,-0.19148475,-0.487564,-0.3662849,-0.52178067,-0.5276451,-0.58133614,-0.36665037,-0.4197774,-0.25537276,-0.35899296,-0.46229303,-0.40230918,-0.6206843,-0.45102516,-0.458064,-0.3295721,-0.31934202,-0.2528882,-0.5451307,-0.27497497,-0.74233145,-0.40863383,-0.87991685,-0.47536322,-1.0,-0.5368829,J
0.0,0.0,0.054721653,-0.24766034,-0.023481762,-0.49103558,-0.24643444,-0.5422934,-0.4024079,-0.4752025,-0.24123111,-0.62035686,-0.39268714,-0.70405215,-0.27776366,-0.5638075,-0.1738551,-0.4905887,-0.36574885,-0.5115349,-0.5067371,-0.5819246,-0.34801155,-0.4238026,-0.24486208,-0.35809258,-0.46337572,-0.38964823,-0.6008291,-0.44531527,-0.43643042,-0.3245524,-0.303274,-0.24506661,-0.54805756,-0.2609601,-0.74324816,-0.39212,-0.8788176,-0.45745945,-1.0,-0.5191685,J
0.0,0.0,0.05740837,-0.24033286,-0.026255233,-0.48429236,-0.25524563,-0.52409846,-0.41340336,-0.4488447,-0.23998605,-0.6026832,-0.4032125,-0.6806254,-0.29750216,-0.5521264,-0.17517045,-0.46781424,-0.36031774,-0.48856628,-0.51875097,-0.5444705,-0.37330505,-0.39991668,-0.2510017,-0.31890452,-0.45527312,-0.3663381,-0.60214484,-0.40088075,-0.44983694,-0.29392135,-0.30998427,-0.21964686,-0.54180413,-0.24055305,-0.7375571,-0.36771232,-0.8800234,-0.43599936,-1.0,-0.49721926,J
0.0,0.0,0.048302032,-0.22616898,-0.04838901,-0.45735553,-0.27562347,-0.48906076,-0.4323351,-0.41399673,-0.25868124,-0.56691605,-0.41377744,-0.65473944,-0.3096578,-0.532701,-0.19681741,-0.45108387,-0.38005304,-0.45649037,-0.5286993,-0.52362204,-0.38687196,-0.38509825,-0.27303272,-0.30271477,-0.47143367,-0.33884,-0.620947,-0.40084615,-0.4750884,-0.29489547,-0.34269342,-0.21182333,-0.5465331,-0.21776007,-0.7407219,-0.33672753,-0.88034016,-0.40247062,-1.0,-0.46060202,J
0.0,0.0,0.043006375,-0.22377221,-0.060730904,-0.45458725,-0.28812748,-0.47878215,-0.4452078,-0.40593445,-0.27030328,-0.5593868,-0.42547274,-0.641455,-0.31628314,-0.52222794,-0.20247166,-0.44725093,-0.38727325,-0.4464494,-0.537479,-0.513037,-0.3947208,-0.37918624,-0.2817783,-0.3048365,-0.47381967,-0.32575002,-0.6249257,-0.3856551,-0.48283756,-0.28530732,-0.35610053,-0.21343118,-0.5433386,-0.1998232,-0.73890936,-0.31006554,-0.8779348,-0.37002558,-1.0,-0.42800424,J
0.0,0.0,0.03502041,-0.22632639,-0.07969413,-0.44126096,-0.3113168,-0.4469012,-0.45489037,-0.36225528,-0.27995384,-0.5460818,-0.4468535,-0.6094517,-0.33040214,-0.4914163,-0.22391105,-0.43493044,-0.39079064,-0.43342185,-0.54696316,-0.47858697,-0.39375192,-0.35034505,-0.2931872,-0.30623168,-0.47193047,-0.31139934,-0.6247455,-0.35154542,-0.4658857,-0.25249323,-0.33328897,-0.19321871,-0.5365613,-0.18365738,-0.7382283,-0.28189343,-0.8769344,-0.3283088,-1.0,-0.37592006,J
0.0,0.0,0.019050127,-0.22554564,-0.09257916,-0.42536837,-0.32043114,-0.4259076,-0.46590877,-0.3474568,-0.30443758,-0.52358013,-0.46127877,-0.5885825,-0.33485502,-0.49134356,-0.22401167,-0.44120356,-0.40705147,-0.40955827,-0.55479085,-0.45731974,-0.39245903,-0.34593335,-0.28890342,-0.3029285,-0.48097983,-0.2870224,-0.62473077,-0.33081007,-0.46195304,-0.24687019,-0.32937035,-0.18953228,-0.5378803,-0.15866256,-0.7367884,-0.24539323,-0.874257,-0.2900023,-1.0,-0.33392313,J
0.0,0.0,0.04135122,-0.24429782,-0.04699757,-0.5113943,-0.28249332,-0.6158255,-0.45542577,-0.5218677,-0.26146662,-0.5787615,-0.3834272,-0.7230868,-0.31074312,-0.60336053,-0.23661098,-0.50075346,-0.3783545,-0.4869035,-0.52765125,-0.607019,-0.38571545,-0.48285595,-0.31899583,-0.4511034,-0.46441963,-0.3856654,-0.6046867,-0.49504817,-0.4292827,-0.39216623,-0.2908033,-0.29080698,-0.54548997,-0.26397887,-0.75371367,-0.39234197,-0.884183,-0.48526546,-1.0,-0.5717023,J
0.0,0.0,0.014948933,-0.21764016,-0.09225994,-0.4151963,-0.32480267,-0.42150095,-0.48147655,-0.343384,-0.28966334,-0.53897583,-0.4576284,-0.59913003,-0.3254635,-0.47835377,-0.2214075,-0.42453223,-0.40252092,-0.42628103,-0.56317925,-0.4764358,-0.39196864,-0.3449998,-0.2966948,-0.3085386,-0.48830152,-0.30575064,-0.64211726,-0.3503254,-0.4716618,-0.2535156,-0.3376712,-0.1911979,-0.5514821,-0.1803852,-0.75198483,-0.26366726,-0.8795369,-0.30434224,-1.0,-0.34672922,J
0.0,0.0,0.012945393,-0.21464537,-0.09002951,-0.415084,-0.31774125,-0.41879347,-0.47183156,-0.34267914,-0.30744857,-0.53111506,-0.4669853,-0.5842361,-0.32770687,-0.47850552,-0.2184907,-0.43421316,-0.41444895,-0.41959667,-0.5545903,-0.4541597,-0.3801334,-0.33863273,-0.29695058,-0.32209912,-0.49050072,-0.3010417,-0.6237681,-0.33099008,-0.44391462,-0.23466057,-0.31498778,-0.18023805,-0.5484994,-0.17645165,-0.74698937,-0.25949794,-0.8760928,-0.30386233,-1.0,-0.35372904,J
0.0,0.0,0.024408996,-0.21918656,-0.089348264,-0.42975223,-0.31991386,-0.43466303,-0.47136894,-0.35305434,-0.30035043,-0.53174907,-0.4522504,-0.60083556,-0.32389697,-0.5056961,-0.22457206,-0.46347383,-0.40795398,-0.42425355,-0.5498928,-0.48274675,-0.39086097,-0.3726531,-0.30163324,-0.34135446,-0.483583,-0.309985,-0.6234974,-0.3640735,-0.4657353,-0.269382,-0.3447143,-0.20725791,-0.544141,-0.18900168,-0.7445049,-0.29179025,-0.8776856,-0.34156016,-1.0,-0.39109564,J
0.0,0.0,0.030765789,-0.23515898,-0.06429722,-0.44685563,-0.2939751,-0.45391846,-0.44844887,-0.36953035,-0.28542918,-0.5493352,-0.43226397,-0.6171986,-0.31313425,-0.5198893,-0.20957153,-0.4680093,-0.39686456,-0.43869567,-0.5426898,-0.48837647,-0.38961884,-0.37860906,-0.2834548,-0.32516086,-0.4770067,-0.31900823,-0.61328167,-0.35853246,-0.4557113,-0.26578358,-0.32660884,-0.19760203,-0.5412258,-0.19422023,-0.7384751,-0.29839084,-0.87610984,-0.3541248,-1.0,-0.4066191,J
0.0,0.0,0.039678168,-0.22845298,-0.043393776,-0.45299536,-0.26901963,-0.46624276,-0.42708778,-0.3837516,-0.27748477,-0.55562246,-0.41502059,-0.6299801,-0.29586998,-0.52256167,-0.19016354,-0.46154433,-0.39384347,-0.44692847,-0.52963364,-0.5011452,-0.37210613,-0.38053778,-0.262831,-0.32105723,-0.48002875,-0.32923874,-0.60599,-0.36945304,-0.44745135,-0.26823986,-0.32234284,-0.198831,-0.5523127,-0.20362398,-0.74275774,-0.3160726,-0.8762487,-0.37342638,-1.0,-0.42991072,J
0.0,0.0,0.051632438,-0.23458675,-0.021673858,-0.46893466,-0.24389601,-0.49903488,-0.4004013,-0.4077608,-0.2714475,-0.565137,-0.38416773,-0.6616436,-0.26477063,-0.54405683,-0.16595884,-0.46539077,-0.39653555,-0.4653806,-0.51532435,-0.5435311,-0.3500887,-0.40707666,-0.24411549,-0.3381189,-0.48496464,-0.35225737,-0.5830898,-0.40588218,-0.42727423,-0.3074758,-0.31066477,-0.23058169,-0.5549778,-0.22445674,-0.7550132,-0.34280768,-0.8823989,-0.40503752,-1.0,-0.46557236,J
0.0,0.0,0.06369576,-0.23119657,0.0063264053,-0.46722886,-0.20416337,-0.489863,-0.35863858,-0.40213385,-0.2602606,-0.5674049,-0.36614993,-0.6697886,-0.25355688,-0.54249334,-0.16098931,-0.46660337,-0.38305792,-0.46350682,-0.502951,-0.5495328,-0.35009918,-0.40628695,-0.24183062,-0.3314925,-0.47550985,-0.34286252,-0.5784077,-0.40296498,-0.4272928,-0.29342204,-0.30649427,-0.21416466,-0.551192,-0.21299075,-0.7498792,-0.34467837,-0.884364,-0.4139158,-1.0,-0.47795796,J
0.0,0.0,0.06359372,-0.2275745,-0.0029864328,-0.462231,-0.21519798,-0.48294395,-0.36413947,-0.38183838,-0.25785866,-0.55039567,-0.355078,-0.66564906,-0.24986365,-0.5380975,-0.16638649,-0.4555403,-0.38168824,-0.4562145,-0.49728948,-0.55548894,-0.35378963,-0.41949993,-0.25278193,-0.34533665,-0.47525272,-0.3414862,-0.56897247,-0.41432709,-0.42449176,-0.3084663,-0.31038508,-0.22079125,-0.5518151,-0.2146033,-0.7522684,-0.34597716,-0.8841398,-0.41904214,-1.0,-0.48492187,J
0.0,0.0,0.06558482,-0.22215667,0.0028339173,-0.45866254,-0.21147715,-0.49428907,-0.37806594,-0.41873878,-0.2521647,-0.55025727,-0.36440128,-0.67074955,-0.26565132,-0.56051147,-0.16658205,-0.46751818,-0.37453693,-0.4511274,-0.49351892,-0.54829115,-0.3469957,-0.425025,-0.23920664,-0.3503072,-0.4692991,-0.3344049,-0.57416385,-0.42148536,-0.41046283,-0.30725646,-0.27899194,-0.20796765,-0.5468522,-0.20542179,-0.74648106,-0.34152594,-0.8801258,-0.41870397,-1.0,-0.49132296,J
0.0,0.0,0.06380919,-0.23754728,0.009804769,-0.47746345,-0.2091035,-0.511034,-0.376651,-0.4298817,-0.24519233,-0.56526846,-0.3587998,-0.68055445,-0.2550449,-0.5496128,-0.15728588,-0.44743884,-0.36789635,-0.46462023,-0.4911511,-0.558207,-0.33979657,-0.42741638,-0.2321006,-0.3471228,-0.46238562,-0.3463263,-0.5726731,-0.429121,-0.4012681,-0.3215835,-0.264515,-0.22498262,-0.5398644,-0.21312013,-0.7473895,-0.3390857,-0.87973595,-0.41758075,-1.0,-0.49238065,J
0.0,0.0,0.10542411,-0.28222877,-0.012870627,-0.59622914,-0.31240296,-0.71113175,-0.5224039,-0.6043031,-0.28123346,-0.705716,-0.47414175,-0.83025384,-0.37487912,-0.6932522,-0.2677877,-0.58796334,-0.42790338,-0.5789069,-0.60927093,-0.689217,-0.43741977,-0.5479066,-0.3455313,-0.5027177,-0.5293653,-0.44148642,-0.6916163,-0.53483146,-0.4895966,-0.40914455,-0.3418597,-0.30558228,-0.6091897,-0.2825418,-0.8139443,-0.4379003,-0.91075486,-0.51256716,-1.0,-0.57037765,J
0.0,0.0,0.031434204,-0.25154638,-0.028471544,-0.4775912,-0.22987802,-0.5567269,-0.40086412,-0.50007343,-0.25104517,-0.5679302,-0.37133598,-0.6905383,-0.26836914,-0.5655466,-0.18492502,-0.4787303,-0.3687587,-0.47856605,-0.4961976,-0.58698285,-0.3255781,-0.43374974,-0.251101,-0.3970092,-0.4603552,-0.37489605,-0.5822111,-0.4675006,-0.40123048,-0.36151177,-0.2633185,-0.2672431,-0.53176373,-0.25044778,-0.74675596,-0.37411326,-0.8781265,-0.44595513,-1.0,-0.5138391,J
0.0,0.0,0.051587943,-0.24416302,0.0035285288,-0.48789603,-0.20268452,-0.55103505,-0.36727569,-0.4595278,-0.2666947,-0.5574888,-0.367774,-0.6847252,-0.26069865,-0.5566161,-0.17982449,-0.46114826,-0.38011178,-0.46580842,-0.49773392,-0.582297,-0.33390868,-0.4387222,-0.2449798,-0.37557146,-0.46650344,-0.3549904,-0.564524,-0.45408887,-0.3849378,-0.33940735,-0.256657,-0.23710825,-0.53721416,-0.22687414,-0.75246656,-0.35047263,-0.88066393,-0.42655563,-1.0,-0.49761754,J
0.0,0.0,0.05221645,-0.24738781,0.002209872,-0.4864816,-0.21548922,-0.5345793,-0.3779586,-0.4442385,-0.26078218,-0.5541392,-0.3644862,-0.6670088,-0.25782344,-0.5487918,-0.16183722,-0.4461803,-0.37768987,-0.46008733,-0.4902965,-0.5564753,-0.32751015,-0.43100932,-0.22126453,-0.3546258,-0.46700558,-0.3475982,-0.56941706,-0.43042892,-0.3841568,-0.33132258,-0.24524333,-0.23403358,-0.54215616,-0.21633598,-0.7579319,-0.33492434,-0.8842039,-0.40743393,-1.0,-0.47550857,J
0.0,0.0,0.06356458,-0.23472774,0.005598895,-0.4807904,-0.20617461,-0.538762,-0.37146196,-0.45991492,-0.25892752,-0.5598698,-0.37091786,-0.665645,-0.2724003,-0.5550911,-0.17623816,-0.46515167,-0.37256947,-0.46277246,-0.49825847,-0.5559006,-0.35364452,-0.43981674,-0.24609485,-0.36306906,-0.46099493,-0.34479576,-0.5654438,-0.4254216,-0.3872817,-0.32465264,-0.24369505,-0.23053414,-0.53744644,-0.20897788,-0.7442231,-0.32532254,-0.87956125,-0.39794612,-1.0,-0.4649049,J
0.0,0.0,0.080105454,-0.23859796,0.01513072,-0.49338853,-0.20427957,-0.53574824,-0.35845327,-0.42362267,-0.26008824,-0.55323553,-0.36075333,-0.6569297,-0.24071373,-0.5442058,-0.15412779,-0.45999452,-0.37125316,-0.45803437,-0.49133334,-0.55315405,-0.32472244,-0.4304139,-0.21872924,-0.36179748,-0.45780236,-0.3422465,-0.5520064,-0.42106345,-0.37869638,-0.3243806,-0.25265098,-0.2341463,-0.5339247,-0.20782885,-0.7451047,-0.32358754,-0.877465,-0.39174378,-1.0,-0.4533508,J
0.0,0.0,0.0614766,-0.2360566,-0.0115688685,-0.47816646,-0.21493284,-0.5333061,-0.36442694,-0.4378142,-0.26551697,-0.553997,-0.37177914,-0.6611481,-0.2626795,-0.54565006,-0.17407513,-0.46158642,-0.37530294,-0.45882455,-0.49466938,-0.55659336,-0.3371795,-0.42990547,-0.23821574,-0.36631113,-0.46021676,-0.3424142,-0.56300193,-0.42343485,-0.39222968,-0.3272023,-0.2591994,-0.24062179,-0.53140265,-0.20877686,-0.74324524,-0.31911188,-0.87924606,-0.3849547,-1.0,-0.44447732,J
0.0,0.0,0.059672233,-0.24003032,-0.010761638,-0.49244466,-0.23989214,-0.52526736,-0.39920956,-0.42507797,-0.2740247,-0.5597413,-0.40156627,-0.671842,-0.27709338,-0.55243754,-0.17970628,-0.47267118,-0.3883239,-0.4577571,-0.5227545,-0.5597874,-0.35613155,-0.4350782,-0.25561905,-0.37580222,-0.47370353,-0.33697733,-0.5929098,-0.4160726,-0.41386944,-0.32002845,-0.2834311,-0.24447775,-0.5480354,-0.19833891,-0.75103056,-0.30758876,-0.8788179,-0.368289,-1.0,-0.4268698,J
0.0,0.0,0.055700626,-0.24638481,-0.005819573,-0.4993,-0.2221312,-0.55601466,-0.3862828,-0.46762463,-0.28984988,-0.5774566,-0.40539208,-0.6838812,-0.290923,-0.5544823,-0.186096,-0.45508355,-0.40700492,-0.46557108,-0.5382046,-0.57171494,-0.36983997,-0.4344204,-0.24617048,-0.3411903,-0.49452,-0.33874673,-0.6166252,-0.4223085,-0.43333307,-0.32689443,-0.28673878,-0.24108212,-0.56222963,-0.19353005,-0.76515186,-0.30122215,-0.8878959,-0.363211,-1.0,-0.41992277,J
0.0,0.0,0.059494816,-0.25133675,-0.024038218,-0.51160395,-0.25259337,-0.5544378,-0.41631654,-0.4485023,-0.30636305,-0.5921831,-0.4366136,-0.6929119,-0.31349802,-0.56502223,-0.21366632,-0.48071855,-0.42331064,-0.47182974,-0.5704356,-0.5708883,-0.39767686,-0.44369116,-0.28136018,-0.37059715,-0.5067595,-0.33839306,-0.6342221,-0.41051918,-0.43841192,-0.32175454,-0.28771967,-0.24778135,-0.57006854,-0.19222665,-0.77065885,-0.3024701,-0.89007396,-0.36724442,-1.0,-0.42921773,J
0.0,0.0,0.047297727,-0.25173324,-0.026180083,-0.5050011,-0.25816417,-0.54647315,-0.42495286,-0.45893294,-0.3000214,-0.5704437,-0.4384165,-0.68131316,-0.3205684,-0.5526018,-0.21444142,-0.45971236,-0.4190258,-0.4570035,-0.5679298,-0.55942154,-0.3910305,-0.42285872,-0.27114967,-0.34269497,-0.50297916,-0.33235377,-0.6442141,-0.41632554,-0.45504677,-0.3170686,-0.30735508,-0.23282564,-0.5671903,-0.18887538,-0.7724418,-0.2934672,-0.8903928,-0.35599095,-1.0,-0.41481853,J
0.0,0.0,0.09329189,-0.22184654,0.023272375,-0.49029836,-0.21945724,-0.59231085,-0.4009341,-0.5122063,-0.23040977,-0.59747064,-0.3642664,-0.7352311,-0.26984507,-0.60525423,-0.18258952,-0.4993027,-0.35799512,-0.49595234,-0.49862495,-0.6026339,-0.33906585,-0.46799687,-0.23911974,-0.3994542,-0.45271134,-0.38245603,-0.58940524,-0.49026442,-0.39927354,-0.3732464,-0.25265095,-0.2687552,-0.5389153,-0.25324383,-0.7498938,-0.38664412,-0.87957555,-0.47480333,-1.0,-0.5600769,J
0.0,0.0,0.01675571,-0.2871367,-0.05696091,-0.5300709,-0.28083897,-0.5784888,-0.45337296,-0.5094992,-0.31582996,-0.61546534,-0.44868442,-0.7141772,-0.33114123,-0.59542257,-0.22747673,-0.50980306,-0.43724886,-0.49508125,-0.5701505,-0.5946021,-0.38929114,-0.46205458,-0.27517173,-0.39785394,-0.5219165,-0.3727022,-0.63661164,-0.45849058,-0.44823954,-0.3642304,-0.30525193,-0.28264645,-0.5794221,-0.23186736,-0.7706888,-0.33691734,-0.8868965,-0.39640543,-1.0,-0.45540133,J
0.0,0.0,0.03270814,-0.24728109,-0.03192455,-0.48193726,-0.2503756,-0.52673143,-0.4170189,-0.4540959,-0.3014121,-0.57029444,-0.4375242,-0.6656498,-0.31483188,-0.54670316,-0.20346192,-0.45589438,-0.41247475,-0.4572519,-0.5514829,-0.5382623,-0.37677407,-0.4153916,-0.2566681,-0.3407494,-0.49304152,-0.33377764,-0.6233188,-0.40065596,-0.43641415,-0.3091936,-0.29137957,-0.23096235,-0.5526165,-0.19489573,-0.7559546,-0.29954427,-0.8808067,-0.35690063,-1.0,-0.41005245,J
0.0,0.0,0.040551636,-0.24628167,-0.038517382,-0.4804728,-0.2672343,-0.5073524,-0.4266752,-0.4284546,-0.291008,-0.56129885,-0.43722224,-0.6524432,-0.31555557,-0.54165554,-0.20274743,-0.46187067,-0.40370804,-0.44531658,-0.54277325,-0.52355325,-0.37688166,-0.40780708,-0.26360577,-0.33713055,-0.4861003,-0.3222002,-0.61531717,-0.39039463,-0.43717438,-0.2970298,-0.29940912,-0.21716346,-0.5504346,-0.18832731,-0.75016475,-0.2939564,-0.8779179,-0.35604697,-1.0,-0.41321155,J
0.0,0.0,0.03892314,-0.24005276,-0.020606028,-0.46421692,-0.22639038,-0.49997473,-0.38524526,-0.42696813,-0.2850293,-0.55710375,-0.41702193,-0.6442705,-0.29508707,-0.5301878,-0.18938355,-0.45421702,-0.3915591,-0.44424963,-0.5235701,-0.5248797,-0.36138248,-0.40963,-0.25215256,-0.3446501,-0.47115833,-0.32120708,-0.59409475,-0.38669282,-0.4184627,-0.29956394,-0.28099427,-0.22765566,-0.5329976,-0.188672,-0.7401855,-0.29390538,-0.8751259,-0.35676825,-1.0,-0.4148286,J
0.0,0.0,0.03016894,-0.23918052,-0.04231682,-0.46363682,-0.2587916,-0.50151604,-0.41671845,-0.4237786,-0.2757585,-0.54831856,-0.41481316,-0.65345275,-0.29387504,-0.53567535,-0.19094056,-0.45658082,-0.3861562,-0.44436446,-0.5207057,-0.5307733,-0.3555773,-0.41188887,-0.2760294,-0.3848601,-0.46669674,-0.32929116,-0.59564066,-0.40281478,-0.41387844,-0.31078637,-0.27772036,-0.23656833,-0.52844286,-0.19928245,-0.738811,-0.30174145,-0.8724245,-0.36130416,-1.0,-0.41876677,J
0.0,0.0,0.031053683,-0.23825605,-0.037494656,-0.4667134,-0.24581712,-0.5139303,-0.40189353,-0.43879962,-0.2701071,-0.54571307,-0.40235114,-0.6557703,-0.28481045,-0.53891224,-0.18483722,-0.45796654,-0.3804505,-0.45071036,-0.51164705,-0.54514766,-0.3468785,-0.41233116,-0.28077433,-0.394381,-0.4614146,-0.34178957,-0.592165,-0.42276058,-0.420715,-0.31885815,-0.29078797,-0.23531394,-0.5209347,-0.21128494,-0.7406968,-0.31677687,-0.87398094,-0.37561798,-1.0,-0.4322235,J
0.0,0.0,0.035332337,-0.23442465,-0.02503859,-0.4636399,-0.23489532,-0.5139392,-0.39102235,-0.43782133,-0.27676445,-0.55442184,-0.4128445,-0.65441906,-0.29502264,-0.5445158,-0.18616691,-0.46247697,-0.38422912,-0.44844383,-0.51543754,-0.5310265,-0.34968388,-0.4130235,-0.24966995,-0.35995,-0.46417585,-0.33311164,-0.5897441,-0.40676722,-0.41319835,-0.31833875,-0.27546608,-0.24088804,-0.5265949,-0.2044521,-0.73942626,-0.30822468,-0.8740933,-0.3685019,-1.0,-0.42683497,J
0.0,0.0,0.0318737,-0.23988736,-0.037979897,-0.462223,-0.25408328,-0.5019279,-0.40859628,-0.42266524,-0.2713102,-0.5380462,-0.40195572,-0.645023,-0.28402025,-0.52774745,-0.18447375,-0.44934088,-0.3830665,-0.43955994,-0.51146406,-0.5286604,-0.34749305,-0.40423065,-0.27356106,-0.3812568,-0.46459588,-0.33022803,-0.58838105,-0.40501451,-0.41399786,-0.3070197,-0.28425094,-0.22758019,-0.527037,-0.20507526,-0.73941576,-0.30852574,-0.8733374,-0.36682242,-1.0,-0.42122352,J
0.0,0.0,0.02133791,-0.22999835,-0.048741043,-0.45561245,-0.25340632,-0.51423657,-0.41088378,-0.4455374,-0.2768279,-0.5373436,-0.41097906,-0.64853406,-0.2909391,-0.5368729,-0.18631788,-0.45454076,-0.38689423,-0.44304794,-0.51588535,-0.5373784,-0.34385896,-0.40550265,-0.27246755,-0.3835914,-0.46955532,-0.33830714,-0.59814876,-0.42310956,-0.4243344,-0.33055776,-0.2919452,-0.25436476,-0.52973795,-0.2140721,-0.7475876,-0.32358047,-0.87940556,-0.38442603,-1.0,-0.44289362,J
0.0,0.0,0.017226208,-0.23037119,-0.05380542,-0.45267317,-0.25337684,-0.511189,-0.40914214,-0.45117497,-0.2813057,-0.5268956,-0.4091233,-0.64367664,-0.28712693,-0.5356253,-0.18149857,-0.44897386,-0.38998893,-0.4353472,-0.5205223,-0.5446805,-0.34006742,-0.4044068,-0.27499712,-0.3867826,-0.47199288,-0.33212858,-0.60705364,-0.42851642,-0.43378076,-0.32941663,-0.30870697,-0.24983303,-0.5278836,-0.20303302,-0.7473706,-0.31422183,-0.87443334,-0.37672675,-1.0,-0.44029877,J
0.0,0.0,0.048742607,-0.23478842,-0.035491277,-0.5096672,-0.26517037,-0.61947495,-0.44090095,-0.5327143,-0.2630967,-0.5799056,-0.38886967,-0.72476184,-0.29265258,-0.6071965,-0.20075981,-0.5062693,-0.38124058,-0.48863727,-0.52394575,-0.60633165,-0.36561352,-0.47858092,-0.2937593,-0.44573048,-0.4693934,-0.38809973,-0.60128963,-0.49413717,-0.4187224,-0.38886926,-0.28332308,-0.28838113,-0.55322945,-0.26592055,-0.75642157,-0.39509603,-0.88433945,-0.488223,-1.0,-0.5725749,J
0.0,0.0,0.026375273,-0.2390995,-0.043515913,-0.46409115,-0.25605366,-0.5137966,-0.41590747,-0.43953675,-0.28374538,-0.53151166,-0.4151961,-0.64182,-0.3000856,-0.522096,-0.19890633,-0.43305174,-0.38982707,-0.43316504,-0.52212536,-0.5345228,-0.34197184,-0.3887191,-0.25762644,-0.35227454,-0.4686983,-0.32375196,-0.59246755,-0.40785918,-0.40290293,-0.3095192,-0.26190364,-0.22475956,-0.5254032,-0.19572243,-0.74304664,-0.3020478,-0.87369555,-0.3663191,-1.0,-0.42861056,J
0.0,0.0,0.022760302,-0.23553719,-0.05206153,-0.4644037,-0.25827414,-0.5195169,-0.4105885,-0.43791544,-0.2854857,-0.53748816,-0.4144932,-0.6523354,-0.2938161,-0.5489727,-0.19144154,-0.4664298,-0.39569074,-0.44291088,-0.52014977,-0.5393701,-0.3486391,-0.40941927,-0.29762563,-0.40806362,-0.47564608,-0.33748686,-0.60267836,-0.42525128,-0.43075597,-0.3267841,-0.30594006,-0.24649689,-0.5358568,-0.20725383,-0.74902004,-0.3157677,-0.8788269,-0.37785074,-1.0,-0.43594325,J
0.0,0.0,0.028625743,-0.22916363,-0.04122123,-0.4675256,-0.24748051,-0.5215854,-0.4091973,-0.44302446,-0.27712053,-0.548561,-0.40414372,-0.6692906,-0.28698364,-0.5475358,-0.19056827,-0.46345353,-0.39053717,-0.45089686,-0.51546156,-0.55483556,-0.34988484,-0.41965064,-0.28292385,-0.39748517,-0.475029,-0.3401496,-0.6002514,-0.43235138,-0.42417708,-0.3258217,-0.29330343,-0.24313605,-0.53898084,-0.21139011,-0.7463568,-0.32250822,-0.87595236,-0.3851759,-1.0,-0.44795918,J
0.0,0.0,0.029774914,-0.23641029,-0.039279558,-0.4666186,-0.2462327,-0.52902704,-0.40450165,-0.4570978,-0.27301863,-0.55053693,-0.4079562,-0.6698279,-0.2920871,-0.5590495,-0.18902916,-0.47292084,-0.38812804,-0.45474172,-0.5188203,-0.5568426,-0.3480677,-0.41692576,-0.2879505,-0.40529007,-0.47281703,-0.34621957,-0.6013316,-0.4375497,-0.42967248,-0.32931632,-0.30124468,-0.24296615,-0.5327969,-0.21596585,-0.74532664,-0.33016032,-0.87576646,-0.39214924,-1.0,-0.45084846,J
0.0,0.0,0.036512133,-0.23603278,-0.037613414,-0.47009322,-0.25098193,-0.524336,-0.40772378,-0.44953674,-0.27127698,-0.54996663,-0.40391573,-0.6653492,-0.28645444,-0.5462488,-0.18573172,-0.45984012,-0.38241923,-0.45388636,-0.51900166,-0.54942405,-0.34993514,-0.41859666,-0.27175206,-0.3886559,-0.46556416,-0.34246507,-0.60225725,-0.42718995,-0.4238407,-0.3276908,-0.28723946,-0.2453816,-0.5299254,-0.21228586,-0.7428061,-0.32430667,-0.8745457,-0.3866303,-1.0,-0.44479755,J
0.0,0.0,0.044057667,-0.2345939,-0.032588992,-0.47083536,-0.25057936,-0.52014464,-0.410568,-0.4466383,-0.2699687,-0.5476972,-0.40433156,-0.6619388,-0.2932936,-0.5443834,-0.1903843,-0.45232883,-0.38341454,-0.44958186,-0.5182894,-0.5441843,-0.35218406,-0.41904712,-0.25810936,-0.36437505,-0.46767223,-0.33847103,-0.6035565,-0.4237901,-0.424701,-0.32910308,-0.2894025,-0.24578764,-0.53411883,-0.2098202,-0.74278194,-0.32067826,-0.872982,-0.38950056,-1.0,-0.45652932,J
0.0,0.0,0.0425729,-0.22829777,-0.031142863,-0.45713353,-0.24250634,-0.51094043,-0.4034014,-0.45493048,-0.28212997,-0.5493362,-0.40900862,-0.65636325,-0.30133343,-0.53781223,-0.2005547,-0.44348237,-0.39612103,-0.44670513,-0.5225822,-0.5403063,-0.35884386,-0.41032547,-0.26092535,-0.34837052,-0.4797615,-0.3335008,-0.6028819,-0.4200261,-0.42732114,-0.32002398,-0.29378492,-0.23511198,-0.5429426,-0.20378168,-0.7475238,-0.316258,-0.87669384,-0.38086137,-1.0,-0.4459664,J
0.0,0.0,0.03241367,-0.2328143,-0.03794998,-0.46710938,-0.24701107,-0.5340142,-0.41282892,-0.47528812,-0.27132216,-0.55255103,-0.40111756,-0.670688,-0.2892376,-0.5550339,-0.18953659,-0.4603868,-0.391953,-0.45581555,-0.5217078,-0.5659612,-0.34362686,-0.42128405,-0.26389802,-0.3816792,-0.47784352,-0.34781778,-0.59737337,-0.44643265,-0.42348382,-0.3398361,-0.2959963,-0.25114876,-0.5386172,-0.21694997,-0.7558237,-0.34105563,-0.8820654,-0.40897492,-1.0,-0.4743431,J
0.0,0.0,0.04488063,-0.22965805,-0.030154308,-0.46288535,-0.23711003,-0.5241282,-0.39794552,-0.4465731,-0.27592084,-0.54216814,-0.39940742,-0.660798,-0.29441682,-0.53466016,-0.19668095,-0.43953535,-0.38980535,-0.4473836,-0.5171113,-0.5547665,-0.35751763,-0.4146799,-0.26941067,-0.3666857,-0.47438464,-0.33753413,-0.59330046,-0.43404415,-0.4202041,-0.3285671,-0.28303236,-0.23730356,-0.53873795,-0.21005395,-0.75015986,-0.33553493,-0.881358,-0.40483734,-1.0,-0.4691312,J
0.0,0.0,0.054541897,-0.23210067,-0.021634605,-0.4820217,-0.2371791,-0.5497768,-0.40379596,-0.47425452,-0.2628007,-0.5630016,-0.39422286,-0.69345075,-0.28778422,-0.56783074,-0.19208549,-0.4746649,-0.38119742,-0.4677412,-0.51305914,-0.5789281,-0.35050192,-0.43674353,-0.27741918,-0.40513077,-0.46945694,-0.35715565,-0.59402734,-0.45776427,-0.41669318,-0.34590024,-0.28158435,-0.25484195,-0.540597,-0.2262745,-0.75118035,-0.35448208,-0.88033503,-0.42687756,-1.0,-0.49711758,J
0.0,0.0,0.046134718,-0.2463653,-0.045197528,-0.5302274,-0.27796525,-0.6474275,-0.45282733,-0.552362,-0.2664943,-0.58773136,-0.40023887,-0.75916576,-0.3186548,-0.6301453,-0.23864783,-0.5294549,-0.38467076,-0.50142974,-0.53336704,-0.64412993,-0.39151213,-0.50260305,-0.33193707,-0.48662436,-0.46972385,-0.4005281,-0.6107453,-0.5272922,-0.4406154,-0.41363555,-0.306759,-0.30750534,-0.55027115,-0.27693287,-0.7560915,-0.40311885,-0.88243055,-0.49160877,-1.0,-0.5755278,J
0.0,0.0,0.11584281,-0.15326308,0.13731112,-0.37110543,0.01423646,-0.5272632,-0.0948673,-0.64660543,0.12499862,-0.5053502,0.16790472,-0.7236988,0.18475565,-0.8520937,0.1889887,-0.9731112,-0.011400338,-0.50727963,-0.05464598,-0.7493387,-0.0810681,-0.88446057,-0.10044458,-1.0,-0.12383649,-0.44950417,-0.1526525,-0.58140993,-0.08357626,-0.4304771,-0.04565409,-0.31582475,-0.2192905,-0.3688689,-0.23370083,-0.4777664,-0.17324242,-0.35964087,-0.14981084,-0.25358596,K
0.0,0.0,0.13111623,-0.1477802,0.15891996,-0.35444376,0.031032436,-0.5132586,-0.07979179,-0.6367126,0.1407275,-0.5403692,0.19731711,-0.7382709,0.22772022,-0.86594605,0.25254396,-0.97337323,0.0070686433,-0.52081794,-0.050746102,-0.7475252,-0.09483482,-0.88966984,-0.13625808,-1.0,-0.10354553,-0.45097366,-0.13809687,-0.5489357,-0.060930572,-0.3958649,-0.018595899,-0.28962603,-0.19809698,-0.35536224,-0.19950482,-0.4501041,-0.13822517,-0.33126956,-0.10716794,-0.23928173,K
0.0,0.0,0.1376073,-0.22635485,0.15891376,-0.43998262,0.03687243,-0.5998862,-0.10713512,-0.68834895,0.10987335,-0.56306785,0.14916444,-0.75501853,0.1615985,-0.8789293,0.17339459,-1.0,-0.013901928,-0.5468491,-0.080447376,-0.7410112,-0.116207235,-0.8608918,-0.14118072,-0.9566881,-0.113548204,-0.48516092,-0.13659593,-0.59431726,-0.07658985,-0.46969226,-0.04657028,-0.37728602,-0.19676384,-0.39667282,-0.20595816,-0.49107778,-0.14887623,-0.39549303,-0.12296173,-0.31771475,K
0.0,0.0,0.12905866,-0.16545148,0.14675935,-0.37549207,0.030814543,-0.5465425,-0.08316132,-0.64205545,0.1280905,-0.51688594,0.17485605,-0.74336356,0.181676,-0.87809026,0.19482838,-1.0,0.003287358,-0.5014649,-0.040174548,-0.7443556,-0.07563279,-0.88449126,-0.09803598,-0.9925386,-0.10003773,-0.43799594,-0.11999147,-0.5576022,-0.054199144,-0.4187522,-0.011642034,-0.31238648,-0.1957406,-0.34704328,-0.19846699,-0.46251422,-0.13388436,-0.35061574,-0.09694842,-0.2590602,K
0.0,0.0,0.10904396,-0.1493331,0.13693911,-0.3488553,0.05610786,-0.5203329,-0.0404243,-0.64041007,0.15649031,-0.5046602,0.18595088,-0.72632146,0.19811125,-0.85239416,0.20968248,-0.9682871,0.032354172,-0.49339616,-0.018699054,-0.7462536,-0.04092129,-0.8863228,-0.056955606,-1.0,-0.075691916,-0.4338828,-0.11272869,-0.57315105,-0.05549495,-0.420978,-0.02473156,-0.31500447,-0.15829754,-0.34968603,-0.17002515,-0.45491356,-0.12632427,-0.33531,-0.11171978,-0.24500021,K
0.0,0.0,0.10722588,-0.13674787,0.14595756,-0.33262634,0.06616636,-0.49432343,-0.028834194,-0.6071365,0.16309556,-0.51120603,0.20781554,-0.73126185,0.21878977,-0.8633774,0.22563332,-0.9748546,0.033234432,-0.4945545,-0.0025746925,-0.73551947,-0.024626123,-0.8784459,-0.041062653,-1.0,-0.07962086,-0.42685112,-0.10879677,-0.55125225,-0.052663848,-0.397053,-0.018956188,-0.29199347,-0.16785716,-0.3303404,-0.17322631,-0.420572,-0.12640505,-0.3025631,-0.104144275,-0.21713382,K
0.0,0.0,0.1094797,-0.13587874,0.1486492,-0.33474645,0.06096145,-0.50083476,-0.033045944,-0.6198345,0.16362828,-0.5027381,0.2061005,-0.7228097,0.21688215,-0.85734487,0.22371753,-0.9723755,0.036262255,-0.4860198,0.000892009,-0.7297994,-0.020784233,-0.8756506,-0.039212674,-1.0,-0.07552683,-0.41983655,-0.1096615,-0.55107754,-0.053711146,-0.39485776,-0.021254685,-0.29022837,-0.16630998,-0.3253356,-0.17263724,-0.41835296,-0.12627764,-0.2993051,-0.104680754,-0.2136514,K
0.0,0.0,0.109324545,-0.13916515,0.14470217,-0.33633295,0.054268695,-0.501128,-0.039904237,-0.6166156,0.15799369,-0.49839136,0.19578092,-0.72272813,0.20429465,-0.85833406,0.21023124,-0.9754644,0.030862913,-0.48014987,-0.009748359,-0.72783077,-0.031647727,-0.8746173,-0.048436683,-1.0,-0.07930286,-0.4147736,-0.11238739,-0.5493682,-0.05724383,-0.39480147,-0.024790013,-0.28988343,-0.16827282,-0.3217464,-0.17472717,-0.41830373,-0.12995622,-0.29712093,-0.1099964,-0.20900266,K
0.0,0.0,0.10992804,-0.13559793,0.15006156,-0.33655375,0.056270763,-0.5015765,-0.036787152,-0.6174088,0.16511743,-0.49388698,0.19799459,-0.7220879,0.20351136,-0.8611099,0.2074485,-0.97922724,0.03678724,-0.47637093,-0.00025762813,-0.72366637,-0.026673479,-0.8734978,-0.047695518,-1.0,-0.073993124,-0.41367957,-0.11125579,-0.5497998,-0.05632172,-0.39428106,-0.021894075,-0.2896559,-0.16563168,-0.32296982,-0.17403601,-0.4191483,-0.12768547,-0.29898188,-0.10377955,-0.21371049,K
0.0,0.0,0.110835925,-0.1327277,0.14830413,-0.33564594,0.05244086,-0.5006226,-0.041427836,-0.62073404,0.16248357,-0.49801737,0.19281158,-0.7245352,0.19886374,-0.86228305,0.20305756,-0.9800919,0.03322314,-0.47954682,-0.0066204923,-0.7253427,-0.02972506,-0.87354624,-0.04826197,-1.0,-0.07845061,-0.41489112,-0.1137218,-0.54705447,-0.054889813,-0.38943955,-0.018925102,-0.28487375,-0.17039344,-0.32277983,-0.1774054,-0.4189442,-0.12947053,-0.29630625,-0.105453536,-0.21023703,K
0.0,0.0,0.113632865,-0.13188696,0.15874438,-0.3302939,0.060053553,-0.49729678,-0.037549634,-0.61652035,0.16381887,-0.49471325,0.19622944,-0.72440743,0.20118666,-0.86373574,0.20478533,-0.9829052,0.032951605,-0.47542942,-0.006469793,-0.7228224,-0.030607566,-0.8729051,-0.050263274,-1.0,-0.078119196,-0.4114153,-0.11242206,-0.5454123,-0.05196521,-0.39177516,-0.016250579,-0.28642967,-0.16845834,-0.31973255,-0.17258321,-0.41650927,-0.12288854,-0.2961316,-0.099415325,-0.20872582,K
0.0,0.0,0.115743995,-0.13129213,0.15556084,-0.33276948,0.058122456,-0.50070626,-0.036005933,-0.62071854,0.16574171,-0.49159998,0.19637536,-0.7209279,0.20296325,-0.858915,0.20829517,-0.9777202,0.036058392,-0.4739596,-0.0010007554,-0.7189521,-0.026654255,-0.87055117,-0.047316466,-1.0,-0.07568277,-0.4103166,-0.10862712,-0.545482,-0.04833548,-0.386305,-0.010892559,-0.2785262,-0.16713886,-0.31809902,-0.1706826,-0.42075798,-0.12109127,-0.29695383,-0.09659505,-0.20625578,K
0.0,0.0,0.11509034,-0.13087858,0.16245046,-0.329979,0.065361835,-0.49699873,-0.033355873,-0.614267,0.16411419,-0.5004925,0.2005855,-0.72368264,0.20745581,-0.8615355,0.21374021,-0.97896343,0.032724798,-0.48050123,-0.009050565,-0.7236198,-0.033926886,-0.87370676,-0.052342467,-1.0,-0.07713645,-0.41346952,-0.11378793,-0.54296845,-0.052346446,-0.38720772,-0.013939312,-0.2806723,-0.16790575,-0.3172938,-0.17609707,-0.4112772,-0.124520525,-0.29005012,-0.09710581,-0.20437966,K
0.0,0.0,0.13428652,-0.21125293,0.14946283,-0.42170703,0.019319713,-0.58696395,-0.11554954,-0.6834009,0.09612401,-0.543004,0.14202206,-0.7374753,0.15779522,-0.87271035,0.17575471,-1.0,-0.030448288,-0.5291035,-0.09187427,-0.7417658,-0.11803953,-0.88347775,-0.13234526,-0.99805915,-0.13423304,-0.4680135,-0.15719266,-0.5945722,-0.07915671,-0.45301223,-0.038224813,-0.34357625,-0.22646536,-0.37106434,-0.22225082,-0.48335513,-0.14690879,-0.3753566,-0.10982491,-0.28196228,K
0.0,0.0,0.11853316,-0.12192504,0.14990811,-0.32635158,0.061791204,-0.5034903,-0.044800516,-0.62500674,0.16212867,-0.511275,0.1934322,-0.7462133,0.20170066,-0.8771799,0.20853695,-0.9952504,0.033745706,-0.49916705,-0.013578772,-0.752666,-0.040890157,-0.8882835,-0.06115721,-1.0,-0.08024741,-0.4306773,-0.121982485,-0.56232035,-0.059596986,-0.4023454,-0.0209291,-0.29303437,-0.17045663,-0.33379522,-0.18754946,-0.43067995,-0.135607,-0.3107485,-0.109420806,-0.22086333,K
0.0,0.0,0.11226844,-0.13599196,0.14930767,-0.3322226,0.06005606,-0.49756768,-0.034440063,-0.61194694,0.16222134,-0.49858266,0.19707103,-0.71903515,0.200402,-0.85685885,0.2030727,-0.9767144,0.031023119,-0.48251116,-0.0067612682,-0.7215441,-0.030429274,-0.87200135,-0.04548106,-1.0,-0.079739556,-0.41758657,-0.11168483,-0.5476213,-0.05176652,-0.39716503,-0.0115139745,-0.29250616,-0.16853538,-0.32300574,-0.17289095,-0.41666135,-0.121107765,-0.30365542,-0.09013234,-0.22239819,K
0.0,0.0,0.12177237,-0.13682468,0.16831256,-0.33630106,0.06955361,-0.49939406,-0.028197043,-0.6169841,0.17101105,-0.49714813,0.20520495,-0.72116023,0.20930055,-0.8592446,0.2114367,-0.97734195,0.041023515,-0.48234054,0.00023209496,-0.7243768,-0.028431924,-0.8731893,-0.051635753,-1.0,-0.069590084,-0.41878384,-0.10690471,-0.54699636,-0.04622431,-0.3900808,-0.008185384,-0.28845108,-0.16330567,-0.32530728,-0.17018582,-0.41787294,-0.118628204,-0.29615992,-0.09200764,-0.21424231,K
0.0,0.0,0.12519698,-0.1335626,0.17242475,-0.33412257,0.06957634,-0.50221884,-0.02875652,-0.62259424,0.16977224,-0.49328995,0.20339479,-0.71550965,0.2071146,-0.8563161,0.20995769,-0.97639406,0.038844764,-0.4756265,0.0006578995,-0.7204661,-0.026664881,-0.8724907,-0.048337605,-1.0,-0.07197567,-0.4092696,-0.103288144,-0.5471639,-0.044054456,-0.38969576,-0.008133841,-0.28414118,-0.1663298,-0.3139695,-0.16982919,-0.41535062,-0.11779555,-0.29226843,-0.091908865,-0.20541829,K
0.0,0.0,0.124297254,-0.13226537,0.16987893,-0.332147,0.072281905,-0.49672264,-0.0265298,-0.6124343,0.16790624,-0.4921451,0.2047654,-0.7150477,0.20957245,-0.8558322,0.21312532,-0.9767439,0.037671044,-0.47438487,-0.002811404,-0.71950305,-0.029538315,-0.8714207,-0.051287763,-1.0,-0.07260661,-0.40851036,-0.1059303,-0.54066575,-0.044129547,-0.38679448,-0.005712121,-0.2819098,-0.16605966,-0.3126923,-0.171387,-0.4093317,-0.11980064,-0.29040307,-0.0929678,-0.2055938,K
0.0,0.0,0.118173614,-0.13714953,0.15944159,-0.32925624,0.06766159,-0.49152935,-0.02885533,-0.61024797,0.17058553,-0.4950634,0.20910197,-0.7144687,0.21720761,-0.85240376,0.22511005,-0.97081715,0.039650172,-0.47983176,4.0117826e-05,-0.7214721,-0.027983757,-0.8716944,-0.049327474,-1.0,-0.07289274,-0.4144878,-0.104197815,-0.54247725,-0.04757866,-0.391087,-0.013964781,-0.28621307,-0.16612022,-0.3185672,-0.16997239,-0.41598153,-0.12082236,-0.2999337,-0.09810908,-0.21596037,K
0.0,0.0,0.12236867,-0.1383464,0.16498016,-0.33453515,0.07251835,-0.4968622,-0.021564579,-0.6167675,0.17933792,-0.49440688,0.22026883,-0.7145388,0.22950748,-0.8544553,0.2377651,-0.97494453,0.047372088,-0.48065472,0.0063155796,-0.7244404,-0.024158375,-0.87431955,-0.046978727,-1.0,-0.064770766,-0.4157675,-0.09845115,-0.5403736,-0.04119322,-0.38780513,-0.0032885903,-0.28706086,-0.16197716,-0.32047907,-0.1673169,-0.40965644,-0.11600922,-0.2905305,-0.08807882,-0.21225876,K
0.0,0.0,0.12103436,-0.13511707,0.16177946,-0.33001572,0.06251361,-0.48893836,-0.036381755,-0.5986333,0.169591,-0.49639496,0.21603371,-0.7115294,0.2265867,-0.8489668,0.23423876,-0.96463084,0.037231002,-0.47893035,-0.002997088,-0.72271734,-0.030267267,-0.8738735,-0.051789194,-1.0,-0.07379754,-0.40978852,-0.10036229,-0.5390317,-0.043261416,-0.38957864,-0.00980414,-0.2885606,-0.16843334,-0.31077594,-0.1688712,-0.41124418,-0.11838355,-0.2977892,-0.09317574,-0.21797463,K
0.0,0.0,0.12436046,-0.13484515,0.16599505,-0.32944605,0.062807575,-0.4893665,-0.0368303,-0.602055,0.16388857,-0.49312258,0.21376358,-0.70519555,0.22611317,-0.84186476,0.23343624,-0.959141,0.033468824,-0.47594172,-0.007904908,-0.72095305,-0.03526042,-0.87249273,-0.058105834,-1.0,-0.07535829,-0.4070388,-0.100513734,-0.53294003,-0.036906794,-0.3779695,0.00047309799,-0.277656,-0.16927621,-0.3105208,-0.16794647,-0.4066104,-0.11115176,-0.2872217,-0.08401604,-0.20834412,K
0.0,0.0,0.12607361,-0.13679771,0.16952434,-0.32970518,0.07140923,-0.4907578,-0.024717512,-0.60541916,0.17017202,-0.49480972,0.2227048,-0.7041432,0.23627149,-0.8392359,0.24646425,-0.9560924,0.03993422,-0.48046032,0.0020231337,-0.72228485,-0.026130347,-0.8719387,-0.048471842,-1.0,-0.069453105,-0.41307852,-0.09513445,-0.53957576,-0.03569485,-0.3849031,-0.00030079842,-0.28249,-0.1642011,-0.31415513,-0.16354685,-0.41150862,-0.108287916,-0.2943012,-0.081780575,-0.21401437,K
0.0,0.0,0.12601422,-0.16068183,0.144715,-0.36091223,0.022197558,-0.51358473,-0.10310414,-0.60896355,0.09291333,-0.5151822,0.13747366,-0.71991587,0.14769705,-0.8537186,0.1575223,-0.97226113,-0.0358581,-0.49545413,-0.09940458,-0.7322267,-0.1379329,-0.88202405,-0.16810144,-1.0,-0.13634968,-0.4237059,-0.15330133,-0.5332506,-0.079773575,-0.40035594,-0.03721194,-0.29926535,-0.21860899,-0.32048073,-0.21261957,-0.41585577,-0.14129819,-0.30949837,-0.10547496,-0.22308688,K
0.0,0.0,0.10837252,-0.13794386,0.13529459,-0.33958802,0.05006379,-0.5102053,-0.056575783,-0.6247761,0.15796943,-0.5127417,0.20410651,-0.7296568,0.21651292,-0.86061573,0.22496842,-0.978663,0.03000042,-0.49722216,-0.019611187,-0.74534273,-0.049884517,-0.88130736,-0.07320304,-1.0,-0.08248145,-0.42377603,-0.11693969,-0.5462032,-0.05108467,-0.3896153,-0.010702452,-0.2848911,-0.17314288,-0.32435936,-0.18201242,-0.41148865,-0.12195135,-0.29870215,-0.090782896,-0.2196255,K
0.0,0.0,0.107954025,-0.13943559,0.14161928,-0.33477482,0.05109871,-0.491284,-0.050577752,-0.5991003,0.15258466,-0.50658756,0.20652848,-0.7159632,0.2213124,-0.84740144,0.23029274,-0.96035177,0.023859428,-0.48689267,-0.020346943,-0.72992134,-0.044924222,-0.87618583,-0.06582338,-1.0,-0.08554491,-0.41577318,-0.11079984,-0.5379784,-0.044293176,-0.39004496,-0.005790299,-0.2903277,-0.17453898,-0.31764987,-0.17393053,-0.41131946,-0.116698004,-0.2985423,-0.08956126,-0.22073852,K
0.0,0.0,0.116287746,-0.1381051,0.15692922,-0.334606,0.057392642,-0.49446,-0.045278553,-0.60342026,0.15676914,-0.5070271,0.21244256,-0.7142379,0.22932619,-0.84680104,0.24199988,-0.9609452,0.028138677,-0.48768604,-0.012528125,-0.7275493,-0.040917713,-0.8750218,-0.06297985,-1.0,-0.0803413,-0.41701266,-0.104063556,-0.5404946,-0.041450232,-0.39413682,-0.0043938383,-0.29408666,-0.17072701,-0.317336,-0.16757415,-0.40712553,-0.11102763,-0.2957924,-0.08229565,-0.21887495,K
0.0,0.0,0.11592822,-0.14492318,0.15292555,-0.3366622,0.05786332,-0.49321,-0.041101314,-0.5941857,0.15594104,-0.49469456,0.21533446,-0.69998056,0.23322608,-0.8324945,0.24660051,-0.94717664,0.028332254,-0.47953293,-0.008683818,-0.72058016,-0.03614344,-0.8710183,-0.05548548,-1.0,-0.07957155,-0.4120033,-0.10294751,-0.53389823,-0.04557703,-0.3904423,-0.008819737,-0.28902707,-0.16925758,-0.31340194,-0.16992933,-0.40039068,-0.11797653,-0.29345515,-0.089696035,-0.21646315,K
0.0,0.0,0.11169574,-0.14488105,0.14823042,-0.34076777,0.052337427,-0.4966519,-0.051186405,-0.5988095,0.15462095,-0.5064799,0.2133257,-0.7088673,0.23378158,-0.8401781,0.24840336,-0.9534019,0.027420115,-0.4879588,-0.011972129,-0.72557867,-0.038166106,-0.8732261,-0.059100773,-1.0,-0.0816416,-0.41750032,-0.104629375,-0.5339936,-0.04255418,-0.39043918,-0.0066589583,-0.29344738,-0.17234215,-0.31827688,-0.16686507,-0.40219647,-0.11114333,-0.2917285,-0.08480642,-0.2162472,K
0.0,0.0,0.12272755,-0.14721857,0.1595977,-0.34445134,0.058874026,-0.5009594,-0.04709752,-0.6007953,0.14927942,-0.49694952,0.2111132,-0.7048862,0.23141913,-0.8392991,0.24649177,-0.9559641,0.024779337,-0.47885424,-0.01704287,-0.7203219,-0.045349926,-0.87109476,-0.06824134,-1.0,-0.081480436,-0.40983573,-0.10478969,-0.536338,-0.038493227,-0.39008164,-0.0002509805,-0.28803092,-0.17333393,-0.3111057,-0.16717094,-0.4025756,-0.107077904,-0.29480726,-0.07960846,-0.21766272,K
0.0,0.0,0.11967308,-0.1351776,0.15369971,-0.33994576,0.049623013,-0.49791646,-0.05912537,-0.59908307,0.14866115,-0.50433856,0.20945871,-0.7084557,0.22808537,-0.8409063,0.24114221,-0.9550121,0.019120608,-0.48669085,-0.02745122,-0.72764146,-0.057503305,-0.8745558,-0.08200522,-1.0,-0.09036382,-0.41632193,-0.11267755,-0.5401714,-0.044656288,-0.38877085,-0.006455468,-0.28558204,-0.18301533,-0.3159815,-0.17411718,-0.40635115,-0.11419134,-0.290723,-0.08778648,-0.20860183,K
0.0,0.0,0.11919285,-0.1431948,0.15433766,-0.34221753,0.053445518,-0.497911,-0.052080236,-0.59935075,0.14526242,-0.5098826,0.20702869,-0.7138408,0.22577249,-0.8439414,0.23795614,-0.957351,0.018580157,-0.49027532,-0.024812656,-0.7293717,-0.05463714,-0.8742935,-0.08004825,-1.0,-0.08835551,-0.41818,-0.109179914,-0.5451036,-0.04003387,-0.39542753,-0.0013390214,-0.29294622,-0.17858665,-0.31440488,-0.16787842,-0.40657684,-0.104585685,-0.29563037,-0.07410656,-0.21590717,K
0.0,0.0,0.11319786,-0.1505496,0.14250626,-0.34420106,0.045480814,-0.4903773,-0.056814406,-0.5891692,0.12820198,-0.5072314,0.19246402,-0.70822734,0.21227136,-0.8363786,0.22365725,-0.9478389,0.0029899268,-0.48735678,-0.043244395,-0.730781,-0.069636196,-0.87546724,-0.09412243,-1.0,-0.102018505,-0.412222,-0.116863236,-0.5325478,-0.043355886,-0.38937548,-0.004206184,-0.29263973,-0.18738055,-0.30693555,-0.17401443,-0.39520356,-0.1083079,-0.29163897,-0.078738004,-0.21977974,K
0.0,0.0,0.117012,-0.16124204,0.14211409,-0.3527694,0.045675408,-0.5002158,-0.05687103,-0.5965315,0.12549977,-0.51018,0.18660186,-0.7128769,0.20399965,-0.8394603,0.21677542,-0.9528334,0.0011246229,-0.4898739,-0.044660743,-0.73162025,-0.074407294,-0.8748324,-0.09808843,-1.0,-0.10391768,-0.4160101,-0.121028945,-0.5448171,-0.047846105,-0.40030035,-0.0055666147,-0.29719287,-0.18986525,-0.30966604,-0.1773927,-0.39988446,-0.10960115,-0.29644644,-0.07644803,-0.22003984,K
0.0,0.0,0.13506386,-0.16397221,0.15312257,-0.37477598,0.021975566,-0.5326232,-0.11797294,-0.6323162,0.10357361,-0.5307953,0.14800231,-0.74587274,0.16421358,-0.87928057,0.1755555,-1.0,-0.03291925,-0.5088306,-0.0991884,-0.73927796,-0.13502346,-0.8790973,-0.16819485,-0.9872339,-0.13902035,-0.43236727,-0.15221305,-0.55442244,-0.07137172,-0.40943873,-0.031466085,-0.3070373,-0.22594985,-0.32459155,-0.21410742,-0.43254504,-0.14133489,-0.31726524,-0.11368765,-0.22882238,K
0.0,0.0,0.113816045,-0.15861678,0.12137046,-0.36762202,0.024041394,-0.5262255,-0.08333658,-0.63317996,0.114515066,-0.5237745,0.17434053,-0.7386287,0.19299465,-0.8652998,0.20331353,-0.9750918,-0.0043592826,-0.5015161,-0.057124868,-0.75371397,-0.08822117,-0.8889078,-0.12007998,-1.0,-0.11220769,-0.42821962,-0.11807988,-0.55182403,-0.036676742,-0.41169,0.0012850774,-0.31165102,-0.20164192,-0.32858002,-0.17696902,-0.4283054,-0.10687913,-0.32678533,-0.082863584,-0.24479139,K
0.0,0.0,0.114460014,-0.16409394,0.13744949,-0.35572812,0.047629833,-0.50020325,-0.054398317,-0.5975742,0.11248974,-0.51512253,0.16746378,-0.721067,0.18223763,-0.84880126,0.19215311,-0.96060145,-0.0077027357,-0.49465975,-0.057861272,-0.736309,-0.08951665,-0.87972,-0.114665836,-1.0,-0.112146735,-0.4213006,-0.1226207,-0.5481644,-0.05023274,-0.4118155,-0.0120331505,-0.3109568,-0.1985999,-0.317821,-0.17620938,-0.41201425,-0.10871202,-0.31594667,-0.07870848,-0.23877434,K
0.0,0.0,0.115246385,-0.16125314,0.14022608,-0.35659212,0.038873285,-0.497893,-0.06790436,-0.58914423,0.107799664,-0.5071821,0.16166303,-0.7133984,0.17612225,-0.8412408,0.18438436,-0.9555041,-0.013378974,-0.48703814,-0.06536257,-0.7338734,-0.09384794,-0.87639,-0.11972636,-1.0,-0.11545184,-0.4141026,-0.12473412,-0.5460633,-0.0478715,-0.40651956,-0.01068699,-0.3069571,-0.19876942,-0.31041807,-0.17549439,-0.40923882,-0.10876384,-0.3109676,-0.08484909,-0.23408124,K
0.0,0.0,0.11485693,-0.15927178,0.1401108,-0.3507192,0.04219955,-0.49553725,-0.06474939,-0.5925519,0.115678355,-0.5160043,0.16740511,-0.7225897,0.17846516,-0.853288,0.18362604,-0.96654,-0.0072942167,-0.49335974,-0.056554377,-0.7356528,-0.08957301,-0.8790222,-0.11805807,-1.0,-0.113190114,-0.4180143,-0.1257062,-0.5439886,-0.052455425,-0.40613154,-0.015133677,-0.3074428,-0.20104708,-0.31136382,-0.17959791,-0.406022,-0.10824284,-0.3061182,-0.07719957,-0.2273065,K
0.0,0.0,0.109176986,-0.15797104,0.13404194,-0.3563229,0.035081856,-0.49873742,-0.06577844,-0.5945412,0.108225025,-0.51497054,0.16236298,-0.7249548,0.1761178,-0.8586797,0.1810983,-0.9722694,-0.014242386,-0.49058262,-0.06670345,-0.7343716,-0.09626746,-0.879079,-0.1231392,-1.0,-0.11918648,-0.4178077,-0.12356551,-0.5418935,-0.049415056,-0.4037117,-0.015253689,-0.30567074,-0.20641162,-0.3183853,-0.1785364,-0.4108836,-0.11746998,-0.30791655,-0.09844073,-0.22881225,K
0.0,0.0,0.11474169,-0.15307705,0.14561203,-0.34530276,0.047604583,-0.48846063,-0.054447096,-0.5841021,0.11624714,-0.51495713,0.17135511,-0.7216842,0.18648976,-0.8533438,0.19316365,-0.96716154,-0.0058414033,-0.49334487,-0.053617634,-0.737138,-0.080708005,-0.87979305,-0.104714006,-1.0,-0.11030913,-0.41946384,-0.11706318,-0.5410822,-0.044596545,-0.40566236,-0.007970602,-0.30591664,-0.19683497,-0.31504893,-0.17156248,-0.3998477,-0.1052894,-0.29964772,-0.07714839,-0.21916199,K
0.0,0.0,0.11733356,-0.16985157,0.13671044,-0.36130768,0.051233836,-0.5064943,-0.045577444,-0.5983932,0.119196944,-0.5119714,0.1726963,-0.7177018,0.18691576,-0.8500895,0.19504343,-0.96610785,0.00050577655,-0.494749,-0.044077065,-0.73114645,-0.072647415,-0.87565666,-0.09506832,-1.0,-0.10365039,-0.4265786,-0.11215956,-0.5490252,-0.04647028,-0.41652575,-0.011877608,-0.3141194,-0.19140185,-0.32613137,-0.16935764,-0.41862923,-0.107745655,-0.3256458,-0.081302345,-0.24486047,K
0.0,0.0,0.111694306,-0.16154368,0.13563184,-0.35561675,0.04798894,-0.4971792,-0.05266083,-0.5861711,0.1154323,-0.5074521,0.17467077,-0.7150516,0.19337524,-0.8481313,0.20334211,-0.95953274,-0.003580499,-0.48874384,-0.050083138,-0.73513114,-0.07360562,-0.8806713,-0.094518304,-1.0,-0.10844002,-0.41918248,-0.11274373,-0.54335827,-0.04192492,-0.4101039,-0.00859776,-0.3098804,-0.19606261,-0.32060817,-0.1652823,-0.41345298,-0.1035008,-0.32030028,-0.08263415,-0.24210049,K
0.0,0.0,0.11560541,-0.15939642,0.14339092,-0.34863704,0.062069587,-0.48534137,-0.03322586,-0.5735986,0.12427954,-0.5121998,0.18176308,-0.71600056,0.19725937,-0.8460593,0.20476295,-0.95829743,0.0038288194,-0.49374545,-0.040202443,-0.7348466,-0.06370918,-0.8779669,-0.08414326,-1.0,-0.103580125,-0.42423496,-0.104759835,-0.5413433,-0.03530599,-0.40682065,-0.00258204,-0.3072722,-0.19362195,-0.3251703,-0.15961649,-0.41208902,-0.10004647,-0.31396362,-0.080780976,-0.23315057,K
0.0,0.0,0.11455581,-0.15794545,0.13923447,-0.35044193,0.058954865,-0.49260694,-0.037922546,-0.5808395,0.11936894,-0.5069755,0.17314051,-0.7132483,0.18897726,-0.84428996,0.19763598,-0.9582381,-0.00047639414,-0.48968798,-0.0467166,-0.7320268,-0.07190807,-0.8757522,-0.094214596,-1.0,-0.10731417,-0.42175213,-0.11167517,-0.54805356,-0.044691455,-0.41474864,-0.013082408,-0.3156873,-0.19678824,-0.3236456,-0.16603415,-0.4110053,-0.10511979,-0.31539422,-0.08240316,-0.2364781,K
0.0,0.0,0.16856487,-0.143569,0.1822503,-0.37572902,0.020327872,-0.5496268,-0.13286026,-0.6483214,0.13484797,-0.51075643,0.16372259,-0.725281,0.173741,-0.8669066,0.18461649,-1.0,-0.016171632,-0.48439726,-0.08873738,-0.71254426,-0.12983122,-0.8287327,-0.16239856,-0.91091245,-0.12512463,-0.41451573,-0.16698165,-0.5552957,-0.09823865,-0.40925795,-0.05909981,-0.30414087,-0.213071,-0.31516725,-0.24167965,-0.4286802,-0.1752129,-0.30966914,-0.141419,-0.21854097,K
0.0,0.0,0.10571781,-0.16823944,0.13018042,-0.36588797,0.06797676,-0.5243265,-0.024992362,-0.6223952,0.12769227,-0.5208129,0.19424151,-0.729055,0.21659014,-0.85576004,0.22841236,-0.96821135,0.01240006,-0.50588167,-0.01681236,-0.75444895,-0.039115284,-0.8910183,-0.063627645,-1.0,-0.09526355,-0.43885708,-0.07595552,-0.54044163,0.0010671514,-0.4096012,0.039572112,-0.3153052,-0.18840237,-0.3441791,-0.14826886,-0.4300746,-0.07594646,-0.3263375,-0.047691826,-0.24335328,K
0.0,0.0,0.11121894,-0.1543534,0.13688985,-0.3471802,0.06318876,-0.49951038,-0.033489447,-0.60608757,0.121249355,-0.51965135,0.179151,-0.7259223,0.19955093,-0.8569095,0.21288979,-0.97141594,0.0011693791,-0.50086594,-0.036490403,-0.7436031,-0.056833964,-0.8841001,-0.07369782,-1.0,-0.10696657,-0.4343424,-0.09908785,-0.5445375,-0.03138042,-0.41410753,0.0027403564,-0.31955504,-0.19690496,-0.3395221,-0.15661527,-0.41055354,-0.09469144,-0.31213027,-0.07048171,-0.23548976,K
0.0,0.0,0.11919523,-0.16183877,0.1461491,-0.35798118,0.061819147,-0.50699776,-0.03953889,-0.60613906,0.13425757,-0.5083166,0.18968874,-0.7122027,0.2074245,-0.83995086,0.22074094,-0.9539508,0.013573949,-0.49138996,-0.026924876,-0.731988,-0.048405584,-0.8743472,-0.06578445,-1.0,-0.09473386,-0.42326984,-0.09579335,-0.5430858,-0.024730332,-0.40409252,0.008837472,-0.3055751,-0.18694882,-0.32339743,-0.15307322,-0.4090885,-0.08895776,-0.3090448,-0.06828583,-0.23300791,K
0.0,0.0,0.113404945,-0.15071203,0.14151366,-0.3402577,0.05764762,-0.49177375,-0.040595457,-0.6012779,0.13752149,-0.5088942,0.19235039,-0.71099293,0.21212074,-0.8377812,0.22385737,-0.9505038,0.015963929,-0.49160472,-0.02187302,-0.73176,-0.041663844,-0.8735233,-0.061408874,-1.0,-0.09318863,-0.42237455,-0.09266635,-0.5349899,-0.022635559,-0.39855888,0.010290825,-0.30879077,-0.18428889,-0.32296747,-0.14938086,-0.39923742,-0.08650605,-0.29404983,-0.06420103,-0.22224104,K
0.0,0.0,0.116201855,-0.16508935,0.13465291,-0.35392502,0.052793402,-0.50045156,-0.043901354,-0.60191923,0.12452368,-0.5058005,0.18172435,-0.71133965,0.20186989,-0.8416174,0.21437095,-0.95737565,0.008089167,-0.48925167,-0.033290625,-0.73119694,-0.053314537,-0.8740008,-0.072229974,-1.0,-0.098572925,-0.42061365,-0.09715263,-0.54206306,-0.028739367,-0.40687224,0.0019047265,-0.31057832,-0.1908468,-0.31944266,-0.15705803,-0.40510517,-0.094587855,-0.30558372,-0.07501237,-0.22925857,K
0.0,0.0,0.103711665,-0.15216114,0.12599623,-0.34227145,0.053403918,-0.491995,-0.04171156,-0.5967753,0.11360436,-0.5026662,0.16388269,-0.7085084,0.18413274,-0.83603436,0.19785088,-0.9507834,-0.0007712918,-0.48773614,-0.043994818,-0.7282178,-0.06414254,-0.8706275,-0.08510248,-1.0,-0.10351975,-0.41945082,-0.11100689,-0.5419739,-0.03951981,-0.4075415,-0.007546607,-0.31433335,-0.18921348,-0.3180606,-0.166891,-0.4130197,-0.103967436,-0.31851,-0.08501485,-0.2471996,K
0.0,0.0,0.11429736,-0.16399923,0.13554247,-0.3463452,0.058722828,-0.48341945,-0.036366478,-0.5796028,0.12201615,-0.51111186,0.17535001,-0.71456355,0.19313166,-0.8432665,0.20250483,-0.957722,0.0034235243,-0.49195117,-0.040548272,-0.7309734,-0.06612056,-0.8732765,-0.08978844,-1.0,-0.10280342,-0.4195714,-0.10738606,-0.53305626,-0.037532672,-0.39776018,-0.0028750051,-0.30510423,-0.1920186,-0.31566504,-0.1686944,-0.40030652,-0.10298306,-0.304379,-0.07802091,-0.23484431,K
0.0,0.0,0.11172772,-0.1626494,0.12998383,-0.3553097,0.03905221,-0.50411177,-0.06459076,-0.603254,0.11592812,-0.50559723,0.16901429,-0.71272314,0.18510164,-0.8441633,0.19459337,-0.9602163,-0.003393663,-0.486529,-0.050741836,-0.7296696,-0.07543736,-0.8740636,-0.09717861,-1.0,-0.10861867,-0.41631916,-0.11443621,-0.54031396,-0.041638546,-0.40777686,-0.0063198665,-0.3113621,-0.19839522,-0.31511727,-0.17103867,-0.4073444,-0.104091756,-0.31031477,-0.0791336,-0.23281255,K
0.0,0.0,0.10587604,-0.17606461,0.11882832,-0.36736408,0.0354274,-0.50656986,-0.064563125,-0.59770256,0.106997475,-0.5163131,0.16145192,-0.7212805,0.17875491,-0.85352933,0.18899794,-0.97015655,-0.013251585,-0.49356252,-0.060410123,-0.72917366,-0.0860543,-0.8732272,-0.108814985,-1.0,-0.119873956,-0.4195007,-0.12624766,-0.5327751,-0.052409723,-0.39910933,-0.016854404,-0.30444562,-0.20654994,-0.31459492,-0.18067475,-0.40121102,-0.11490392,-0.30845308,-0.09174621,-0.23811348,K
0.0,0.0,0.11827106,-0.1690139,0.13756931,-0.3551685,0.0545754,-0.49153435,-0.04331882,-0.5783376,0.10767098,-0.50749236,0.16516058,-0.71360147,0.17985252,-0.8484102,0.18737853,-0.9659305,-0.012411999,-0.4888648,-0.0562129,-0.7223648,-0.08362768,-0.86935914,-0.1073561,-1.0,-0.1192848,-0.41780278,-0.12726437,-0.53814846,-0.054336924,-0.4042753,-0.016489077,-0.3041507,-0.20886944,-0.3144921,-0.18347096,-0.4050456,-0.11723264,-0.31519085,-0.09103869,-0.24059562,K
0.0,0.0,0.19411103,-0.1562137,0.18826136,-0.44107133,0.014879945,-0.65743893,-0.15194178,-0.7560613,0.15803249,-0.51242036,0.12547301,-0.717159,0.11155103,-0.8697104,0.102001995,-1.0,0.0037142495,-0.47186854,-0.08426505,-0.6880159,-0.04725697,-0.57955545,-0.006315503,-0.47024456,-0.11264213,-0.41135034,-0.19743642,-0.60925525,-0.14548825,-0.4777541,-0.10681622,-0.36373663,-0.22147131,-0.33830097,-0.29160884,-0.48988932,-0.25308076,-0.39340404,-0.2193898,-0.30658215,K
0.0,0.0,0.1113506,-0.16739205,0.12228318,-0.36852875,0.045842603,-0.5204234,-0.04271638,-0.6130935,0.10907497,-0.50964326,0.17107919,-0.72130233,0.18923655,-0.854818,0.20526183,-0.9735098,-0.0063081495,-0.4952575,-0.04296328,-0.74634546,-0.06513862,-0.88915837,-0.08343428,-1.0,-0.11109319,-0.42923504,-0.10009641,-0.5441523,-0.02104602,-0.41338778,0.020883415,-0.3140353,-0.19945188,-0.3326686,-0.16180517,-0.42559236,-0.08383731,-0.32625198,-0.049718447,-0.24372645,K
0.0,0.0,0.10689835,-0.16996899,0.120036945,-0.359525,0.03768253,-0.4906077,-0.06191286,-0.56832135,0.09620232,-0.5114107,0.14845064,-0.7219343,0.16250508,-0.85636306,0.17065325,-0.9745007,-0.022157207,-0.49049297,-0.06688671,-0.72704005,-0.093787,-0.87290823,-0.118362166,-1.0,-0.12706785,-0.41977596,-0.13336311,-0.5487489,-0.063112974,-0.41864708,-0.029635226,-0.317754,-0.21315183,-0.31722376,-0.18562764,-0.41008413,-0.12076503,-0.32284775,-0.09433683,-0.2445597,K
0.0,0.0,0.10542515,-0.16567737,0.11802272,-0.35754934,0.03873543,-0.5031988,-0.06642503,-0.5913879,0.10827832,-0.51824266,0.15552086,-0.72655874,0.1666002,-0.8594967,0.1726885,-0.9752211,-0.01370833,-0.49482244,-0.06895931,-0.7303349,-0.09798978,-0.8743787,-0.12125823,-1.0,-0.12009439,-0.4203933,-0.13253187,-0.536345,-0.056410566,-0.40057266,-0.013976018,-0.3023662,-0.20688143,-0.31444615,-0.18494293,-0.3926123,-0.11676417,-0.29445034,-0.085249685,-0.21939093,K
0.0,0.0,0.108285554,-0.15643236,0.12764932,-0.34680313,0.028663373,-0.49090236,-0.07369578,-0.59031266,0.10210658,-0.51036865,0.1442959,-0.71326584,0.15908214,-0.8442717,0.16822381,-0.9615138,-0.02123053,-0.48667464,-0.07408757,-0.7284484,-0.10058885,-0.8725123,-0.12472477,-1.0,-0.12619174,-0.41128612,-0.13244353,-0.5296189,-0.05496384,-0.39564568,-0.01649772,-0.30388534,-0.21228948,-0.30535477,-0.18367346,-0.38588548,-0.11518462,-0.28730282,-0.0889658,-0.21774445,K
0.0,0.0,0.11534217,-0.16842864,0.124597065,-0.35932133,0.03025199,-0.50126266,-0.07702433,-0.58690655,0.103722826,-0.5109199,0.14739206,-0.7270893,0.15625153,-0.8665641,0.16071051,-0.9872448,-0.018258825,-0.48722968,-0.07273976,-0.7239453,-0.105144545,-0.87139773,-0.13262801,-1.0,-0.12553892,-0.41221413,-0.14312774,-0.5416515,-0.066944286,-0.4140852,-0.02541429,-0.31476447,-0.21314158,-0.30511314,-0.19113964,-0.39856228,-0.120226435,-0.3110865,-0.08733585,-0.23293938,K
0.0,0.0,0.103838295,-0.1627586,0.1134772,-0.35530317,0.021503218,-0.49746883,-0.08224437,-0.5893946,0.08742801,-0.51548564,0.13417569,-0.7283286,0.14708033,-0.86453795,0.15322782,-0.9815106,-0.03367146,-0.48787415,-0.085736975,-0.725488,-0.11494606,-0.8733896,-0.14186527,-1.0,-0.13844526,-0.40913475,-0.14875744,-0.529235,-0.06996049,-0.39966175,-0.029644093,-0.30402473,-0.22484031,-0.2993241,-0.19868128,-0.39518207,-0.1279964,-0.30138898,-0.09973318,-0.22451064,K
0.0,0.0,0.10280524,-0.16254023,0.117453486,-0.35280323,0.032617457,-0.48732868,-0.06896428,-0.5742741,0.09571229,-0.5216499,0.14030811,-0.72964686,0.15316403,-0.8658862,0.157545,-0.9802255,-0.024328548,-0.4969254,-0.07842983,-0.73306674,-0.10794229,-0.8782632,-0.13506046,-1.0,-0.1299032,-0.42318723,-0.135375,-0.52353024,-0.058636747,-0.3964683,-0.021108583,-0.30411407,-0.21732202,-0.32141262,-0.18958244,-0.3936805,-0.12663534,-0.3021746,-0.10340252,-0.23039287,K
0.0,0.0,0.107748605,-0.1596788,0.12921602,-0.35051638,0.042989127,-0.4914561,-0.06093672,-0.5726579,0.10319573,-0.5204051,0.14918348,-0.7217973,0.15962064,-0.8527474,0.16340001,-0.96659064,-0.018604072,-0.49846312,-0.06946027,-0.7334767,-0.0997968,-0.876577,-0.12646307,-1.0,-0.12564854,-0.42366976,-0.13227081,-0.53314453,-0.060419578,-0.40127045,-0.023932206,-0.30421025,-0.2165086,-0.31759122,-0.18657862,-0.3962858,-0.12097805,-0.30094633,-0.09424517,-0.22436851,K
0.0,0.0,0.114799485,-0.1720806,0.12979582,-0.36026403,0.043127023,-0.49899283,-0.05502806,-0.5890712,0.10472376,-0.51571506,0.14990477,-0.72063076,0.16355993,-0.8554896,0.17093888,-0.97107697,-0.014085748,-0.49494278,-0.064076915,-0.73056024,-0.09114112,-0.8768468,-0.113791786,-1.0,-0.11937018,-0.42400455,-0.12668298,-0.53993875,-0.05719679,-0.41300708,-0.022626825,-0.31701812,-0.20820068,-0.32228956,-0.18210495,-0.4063845,-0.12030336,-0.31652814,-0.09731909,-0.24181926,K
0.0,0.0,0.1023094,-0.16329071,0.12434321,-0.3481964,0.05586693,-0.48360178,-0.039242644,-0.56494266,0.10677295,-0.51486784,0.1587679,-0.7198729,0.17691503,-0.8531392,0.1865061,-0.96734965,-0.011688983,-0.4961216,-0.053819757,-0.73207104,-0.07826364,-0.8757023,-0.10331353,-1.0,-0.1188843,-0.42629686,-0.123402245,-0.5387082,-0.05334015,-0.4078586,-0.020134073,-0.31023213,-0.20869534,-0.32363203,-0.17629884,-0.39092126,-0.11191431,-0.2979578,-0.08780227,-0.22313632,K
0.0,0.0,0.08964504,-0.17471555,0.049884375,-0.4452186,-0.067839995,-0.64681065,-0.2056077,-0.75319356,0.12074785,-0.46377873,0.023723956,-0.7213181,-0.054902878,-0.8754383,-0.11613393,-1.0,0.051742274,-0.43287998,-0.05808517,-0.66479427,-0.16089845,-0.7672387,-0.23490219,-0.84289753,-0.0035677024,-0.3898465,-0.117738895,-0.6119543,-0.22922307,-0.6986363,-0.30359817,-0.7550741,-0.043714296,-0.34202132,-0.13516566,-0.51078635,-0.20638601,-0.5859007,-0.2512921,-0.62942654,K
0.0,0.0,0.114836425,-0.16451094,0.1462531,-0.3692204,0.049441677,-0.5153988,-0.05289671,-0.6012299,0.12028059,-0.5262995,0.17924304,-0.72484595,0.19629176,-0.8541473,0.21241309,-0.9671714,-0.0069403714,-0.50542986,-0.039714497,-0.7434123,-0.056568373,-0.88415617,-0.07289357,-1.0,-0.115637615,-0.4307315,-0.108423404,-0.54778737,-0.033127774,-0.4144245,0.0054136016,-0.31708682,-0.20684366,-0.3225484,-0.17225204,-0.40997884,-0.104140125,-0.30678803,-0.07388528,-0.2284071,K
0.0,0.0,0.113055624,-0.16307108,0.13177504,-0.35591972,0.04940969,-0.4979005,-0.0457508,-0.58778626,0.116039634,-0.5079989,0.16687937,-0.7137146,0.18146764,-0.8462056,0.19058459,-0.9625402,-0.004486725,-0.49262023,-0.043735616,-0.7288719,-0.06767104,-0.8737907,-0.08891699,-1.0,-0.11306903,-0.4259112,-0.123653464,-0.5506683,-0.05599793,-0.41732353,-0.021818664,-0.31684414,-0.20534617,-0.3246142,-0.18083389,-0.40946555,-0.11694191,-0.3161841,-0.09100543,-0.23882835,K
0.0,0.0,0.117742226,-0.16961761,0.14441714,-0.35895765,0.05586712,-0.50507385,-0.04239554,-0.60126394,0.12169401,-0.51104873,0.17571318,-0.71257496,0.19468321,-0.84352845,0.20805737,-0.95678365,0.001983726,-0.49505684,-0.0362324,-0.7301954,-0.060317032,-0.8753671,-0.07935349,-1.0,-0.10465887,-0.4267826,-0.115872175,-0.54521316,-0.053151276,-0.41150278,-0.020873321,-0.31128332,-0.19712643,-0.32455304,-0.17793953,-0.4108236,-0.12185727,-0.31808463,-0.10290569,-0.24369171,K
0.0,0.0,0.11876176,-0.16275638,0.14938702,-0.35553092,0.05546357,-0.5035836,-0.045692958,-0.5977412,0.13629031,-0.50590616,0.190558,-0.7120957,0.2072232,-0.8445417,0.21871237,-0.96114856,0.013186146,-0.4900473,-0.026538827,-0.72721034,-0.05277254,-0.87175834,-0.07275351,-1.0,-0.09584498,-0.42469993,-0.10875133,-0.5473449,-0.044483103,-0.4104003,-0.009243318,-0.31083718,-0.18921976,-0.32749546,-0.17005979,-0.40850258,-0.11392946,-0.31212154,-0.091349475,-0.23911695,K
0.0,0.0,0.122329056,-0.16667397,0.14669412,-0.35967627,0.04861259,-0.5113184,-0.052996043,-0.6042943,0.13390681,-0.5001136,0.19078028,-0.70432866,0.20639841,-0.8369815,0.2164167,-0.9549431,0.008691725,-0.48798117,-0.027338313,-0.7257474,-0.053022698,-0.87030095,-0.073585175,-1.0,-0.101318926,-0.42426276,-0.11391836,-0.55721265,-0.05364135,-0.41782326,-0.020960443,-0.31565353,-0.19646788,-0.3246744,-0.174726,-0.406203,-0.115591966,-0.30645305,-0.08954338,-0.2297781,K
0.0,0.0,0.116759285,-0.1743593,0.13983427,-0.36668935,0.054282106,-0.51574945,-0.044887748,-0.6099786,0.13393271,-0.5064511,0.18901435,-0.70929146,0.20375407,-0.84014827,0.21509202,-0.9546904,0.012779057,-0.49362049,-0.020123513,-0.7245268,-0.044846985,-0.8708225,-0.06427949,-1.0,-0.09706597,-0.42954397,-0.117239125,-0.5542532,-0.059276048,-0.42284495,-0.027039701,-0.32242113,-0.1909841,-0.330553,-0.17864233,-0.41967744,-0.12619627,-0.3276938,-0.10462752,-0.25145835,K
0.0,0.0,0.11260326,-0.1710855,0.133418,-0.36030605,0.0504057,-0.5127343,-0.054391425,-0.6081125,0.14292173,-0.50924677,0.19233665,-0.7124204,0.20983712,-0.8421298,0.22168404,-0.95717585,0.020499896,-0.49664366,-0.023548232,-0.7317332,-0.05081724,-0.87316185,-0.07328254,-1.0,-0.089442186,-0.43099937,-0.111712545,-0.5453863,-0.05267735,-0.41120294,-0.018659772,-0.31938687,-0.18281245,-0.33195934,-0.17430747,-0.40816662,-0.12012069,-0.31267995,-0.09539946,-0.24609154,K
0.0,0.0,0.12123182,-0.18758868,0.13967636,-0.3741528,0.050037608,-0.51743805,-0.052409463,-0.604644,0.1427204,-0.51147795,0.19648331,-0.71498835,0.21235606,-0.85080194,0.22061977,-0.96717566,0.020016817,-0.49248582,-0.02186789,-0.72889143,-0.05187846,-0.8757685,-0.07573268,-1.0,-0.08858668,-0.4207619,-0.117181174,-0.5392752,-0.05974842,-0.40878734,-0.022220176,-0.30975795,-0.18137391,-0.31581044,-0.17978261,-0.40505016,-0.12687868,-0.31143346,-0.09615718,-0.23479699,K
0.0,0.0,0.11736697,-0.18178828,0.13234438,-0.3729352,0.03752834,-0.5234056,-0.06284875,-0.61300516,0.13375339,-0.50692904,0.18293722,-0.7146495,0.20164855,-0.85267764,0.211903,-0.9715542,0.010762279,-0.4917849,-0.035994876,-0.7261322,-0.068113945,-0.87277204,-0.095984526,-1.0,-0.09563045,-0.42658365,-0.12315176,-0.5461227,-0.06264158,-0.42124212,-0.025629703,-0.32633013,-0.18622802,-0.32860124,-0.18198615,-0.42147502,-0.1342234,-0.3320546,-0.10983066,-0.25685674,K
0.0,0.0,0.11420029,-0.16820437,0.12621759,-0.3657305,0.029020874,-0.5142597,-0.074795224,-0.6036396,0.11855811,-0.5020307,0.16607995,-0.71305764,0.18172665,-0.849871,0.18843812,-0.96629715,-0.005839968,-0.48540822,-0.053481255,-0.72640514,-0.08923306,-0.87478524,-0.12065566,-1.0,-0.11206574,-0.4162178,-0.14541343,-0.5440558,-0.08398487,-0.4163446,-0.04341027,-0.3167715,-0.20030059,-0.31496635,-0.20152366,-0.4066172,-0.15105034,-0.314234,-0.12243228,-0.23584192,K
0.0,0.0,0.12866722,-0.18210153,0.11383874,-0.46736005,-0.0072302446,-0.6882786,-0.14487073,-0.8229625,0.13400699,-0.47597235,-0.03363404,-0.74363977,-0.18868087,-0.8897863,-0.32602283,-1.0,0.01074199,-0.41739702,-0.13810734,-0.67085636,-0.28162614,-0.8263756,-0.4025899,-0.92700523,-0.09600532,-0.36460292,-0.2148845,-0.5907416,-0.33843923,-0.71826595,-0.43612564,-0.79794586,-0.18922886,-0.3141084,-0.2862275,-0.4934678,-0.3585499,-0.5956678,-0.41801816,-0.66118807,K
0.0,0.0,0.24827538,0.06898245,0.48500487,-0.031019801,0.67646337,-0.15277013,0.83872163,-0.24678333,0.4213283,-0.41382664,0.45964533,-0.6819282,0.43947244,-0.8500544,0.41175675,-1.0,0.24670053,-0.47999617,0.20824462,-0.65694624,0.12689392,-0.43585524,0.10653764,-0.24924047,0.07071296,-0.4902926,0.0020358872,-0.61668754,-0.049227417,-0.38886634,-0.0441884,-0.21592557,-0.08612534,-0.4652223,-0.16343464,-0.5616484,-0.18198007,-0.38964623,-0.16257228,-0.24025078,L
0.0,0.0,0.29030567,-0.04780885,0.5574212,-0.13777389,0.7741695,-0.26213738,0.9527494,-0.32557535,0.46754834,-0.4805665,0.526884,-0.70357025,0.53479,-0.861141,0.54854006,-1.0,0.3146629,-0.52844775,0.31827536,-0.70920527,0.2397751,-0.5194424,0.20359798,-0.35519367,0.15246485,-0.5360609,0.14875467,-0.6777643,0.08258509,-0.47033936,0.06410116,-0.3174093,-0.0087133385,-0.51264507,-0.0015577271,-0.6410218,-0.03350511,-0.47860536,-0.03302814,-0.35098165,L
0.0,0.0,0.22143209,0.034763314,0.4563708,-0.042340696,0.6335889,-0.110110216,0.7717497,-0.12945405,0.4129628,-0.391806,0.47837394,-0.68317354,0.4762662,-0.8603546,0.46472418,-1.0,0.25168723,-0.4282114,0.25622612,-0.5455348,0.19499877,-0.33789074,0.1565481,-0.16540699,0.09751943,-0.4255454,0.09798853,-0.52668214,0.051062904,-0.30647898,0.021682454,-0.14131515,-0.05456851,-0.40286565,-0.05473834,-0.47102967,-0.081170134,-0.2997642,-0.08829043,-0.16996619,L
0.0,0.0,0.23356985,0.020961605,0.4867373,-0.07057575,0.6675712,-0.19478287,0.81826407,-0.2941853,0.36053643,-0.4014695,0.3866702,-0.6717724,0.39010334,-0.8555565,0.38838306,-1.0,0.21072644,-0.43377015,0.2221856,-0.59179693,0.16986245,-0.40624776,0.1327922,-0.24649599,0.06450149,-0.4262354,0.06979586,-0.5526399,0.029248646,-0.35123146,0.020371232,-0.21334222,-0.07649453,-0.39895925,-0.07101123,-0.5036045,-0.07897392,-0.34899002,-0.06466089,-0.2369202,L
0.0,0.0,-0.0050170505,-0.21937574,0.03242017,-0.41788092,0.09378633,-0.53527576,0.17302056,-0.6073411,0.14157829,-0.5791657,0.26826695,-0.8028569,0.3172632,-0.91167605,0.32204014,-1.0,0.16713019,-0.5535138,0.30513704,-0.7569789,0.3169167,-0.6466201,0.293744,-0.5423997,0.2060551,-0.4962831,0.33209166,-0.67568064,0.33789995,-0.5831721,0.322485,-0.5045702,0.24836399,-0.4108762,0.41362083,-0.4979464,0.52948713,-0.5174201,0.62059116,-0.5403908,L
0.0,0.0,0.23627976,-0.1361714,0.42089397,-0.26777276,0.594832,-0.37823412,0.72277206,-0.4567708,0.30820101,-0.5463423,0.3265579,-0.76905155,0.3108476,-0.8938006,0.27723148,-1.0,0.18151598,-0.5489886,0.20017593,-0.70096976,0.20888475,-0.5183725,0.20067105,-0.3855254,0.05722207,-0.52365994,0.06330373,-0.6547759,0.088621095,-0.4834001,0.08997651,-0.3635165,-0.068008296,-0.47346234,-0.056404203,-0.5879805,-0.018850503,-0.4748372,-0.0075253183,-0.3804948,L
0.0,0.0,0.240616,-0.06349656,0.46487954,-0.18223909,0.6258797,-0.30236718,0.7407923,-0.37595108,0.3117061,-0.4980311,0.31909075,-0.7357667,0.30893973,-0.88131934,0.28826946,-1.0,0.17139547,-0.50745195,0.17692035,-0.6582858,0.17458624,-0.45999873,0.16677369,-0.32469094,0.03543238,-0.48084247,0.039087202,-0.6030391,0.05570692,-0.40899968,0.062053602,-0.29448593,-0.10288965,-0.42998767,-0.08734665,-0.5395958,-0.057954814,-0.3926156,-0.045598347,-0.2957598,L
0.0,0.0,0.24432284,-0.031158047,0.48321837,-0.1513173,0.64194906,-0.28009823,0.76166564,-0.37011513,0.32413965,-0.48926902,0.33024284,-0.7332134,0.31428346,-0.88005316,0.2974221,-1.0,0.184465,-0.50300103,0.19671643,-0.6494908,0.18600024,-0.45435217,0.179331,-0.30989802,0.046167675,-0.4790152,0.052574676,-0.6160636,0.055485107,-0.4140836,0.058594625,-0.28020453,-0.093353815,-0.4298193,-0.07610169,-0.5389452,-0.054870512,-0.38277873,-0.04438663,-0.26922533,L
0.0,0.0,0.2422803,-0.031669483,0.47343603,-0.15678826,0.6304471,-0.28505304,0.75573194,-0.37268505,0.30552688,-0.4848921,0.31975,-0.7297197,0.30996963,-0.87885344,0.29766658,-1.0,0.16680278,-0.49721476,0.1829244,-0.64543295,0.17401353,-0.45477748,0.16912673,-0.31345487,0.027552474,-0.46999225,0.044701163,-0.6124284,0.045123227,-0.41988802,0.04322734,-0.29021764,-0.11377208,-0.41895595,-0.08703041,-0.52971584,-0.065920085,-0.3826686,-0.06298354,-0.27282536,L
0.0,0.0,0.2453686,-0.027599437,0.47968823,-0.14589527,0.64002144,-0.27367583,0.77018213,-0.3573142,0.31923088,-0.47852838,0.3270411,-0.72716033,0.31242275,-0.87860227,0.30107135,-1.0,0.17801686,-0.49266028,0.1821095,-0.6426653,0.1663672,-0.45559257,0.16077203,-0.3045474,0.037911996,-0.46829832,0.04570419,-0.61205333,0.03963314,-0.41965201,0.038996186,-0.27884728,-0.10269161,-0.42019597,-0.084068805,-0.5347501,-0.068382986,-0.3898486,-0.062285922,-0.27331084,L
0.0,0.0,0.24887677,-0.0241411,0.4831591,-0.1421503,0.64238554,-0.2744453,0.77229893,-0.35986346,0.32105002,-0.4757581,0.32856074,-0.7235675,0.3126465,-0.87685555,0.2987358,-1.0,0.17739396,-0.48817322,0.17867893,-0.6420211,0.16583967,-0.45368356,0.16461061,-0.3067725,0.03502064,-0.46101743,0.040119413,-0.6072632,0.03839419,-0.41496372,0.041570175,-0.28027457,-0.10773871,-0.4089341,-0.09024962,-0.51948977,-0.07057964,-0.3724499,-0.061166696,-0.26010805,L
0.0,0.0,0.24264078,-0.019950885,0.47792688,-0.13728522,0.64572686,-0.26299715,0.78340125,-0.34705114,0.3266081,-0.47012073,0.33827004,-0.71943563,0.32422855,-0.8744299,0.3114806,-1.0,0.18403238,-0.4860417,0.1916309,-0.6326543,0.17705959,-0.4425497,0.1742004,-0.2986482,0.039150216,-0.46186802,0.048198633,-0.6062609,0.04577614,-0.40951824,0.049164522,-0.27446845,-0.10810596,-0.4122544,-0.08893864,-0.5205249,-0.06408256,-0.3724579,-0.051055063,-0.2618795,L
0.0,0.0,0.24775662,-0.013628684,0.48256683,-0.12876129,0.6477273,-0.25647798,0.78453016,-0.3333779,0.32425502,-0.47259927,0.33732334,-0.7246894,0.32420057,-0.87870353,0.31397513,-1.0,0.18004087,-0.48827228,0.19157958,-0.6352688,0.17474376,-0.44447944,0.17072953,-0.29731828,0.035317376,-0.46547836,0.046500754,-0.6080763,0.04015893,-0.41135,0.040018607,-0.27502096,-0.11042151,-0.4183115,-0.090342894,-0.5278353,-0.072547436,-0.37630406,-0.06502097,-0.26230824,L
0.0,0.0,0.1669547,0.01319211,0.3098015,-0.07159882,0.44178593,-0.17613544,0.580389,-0.2484675,0.14080736,-0.37811658,0.15861401,-0.6511299,0.15663245,-0.84554183,0.13718764,-1.0,0.062571526,-0.3891259,0.0058142175,-0.52505845,-0.05098581,-0.4312883,-0.106352195,-0.34116474,0.014904791,-0.37116,-0.04822747,-0.4770341,-0.10924919,-0.37499276,-0.12866096,-0.307226,-0.007406168,-0.3548002,-0.05363868,-0.44417515,-0.094109185,-0.36984283,-0.09953537,-0.293711,L
0.0,0.0,0.23884775,-0.05721981,0.4616737,-0.17035939,0.626722,-0.28636187,0.76105314,-0.35546222,0.3183951,-0.50511605,0.33356562,-0.7377354,0.32268128,-0.87967056,0.3120527,-1.0,0.17625885,-0.5172978,0.18861353,-0.6576236,0.17415583,-0.4759543,0.16459729,-0.34070826,0.03579175,-0.4911118,0.049265508,-0.61527306,0.04855096,-0.42886946,0.04638923,-0.3065137,-0.101793244,-0.44267663,-0.08055866,-0.55537724,-0.06067724,-0.4229633,-0.054854948,-0.32507747,L
0.0,0.0,0.24489126,-0.03087633,0.47829208,-0.13698389,0.64301366,-0.2570024,0.7792565,-0.3322841,0.33068073,-0.4847728,0.34996602,-0.72675824,0.34198102,-0.87560874,0.3342298,-1.0,0.18969366,-0.49934077,0.1987736,-0.65435344,0.17854042,-0.455863,0.17119867,-0.30727005,0.047958244,-0.4769463,0.058292378,-0.6186534,0.053420175,-0.41813338,0.054838404,-0.28569698,-0.09449009,-0.43095973,-0.069263585,-0.5465233,-0.056149855,-0.3960398,-0.05188899,-0.28600743,L
0.0,0.0,0.24415408,-0.012274404,0.48563802,-0.11200525,0.6549631,-0.22963233,0.7905261,-0.31047624,0.34176105,-0.46670896,0.36708686,-0.71820825,0.36313775,-0.872973,0.35700187,-1.0,0.19884269,-0.48561516,0.20731208,-0.64518154,0.17832533,-0.44768214,0.1666811,-0.29544583,0.055028353,-0.4687975,0.062134705,-0.6090082,0.047232866,-0.40966323,0.044309396,-0.27458438,-0.08975041,-0.4307493,-0.06764424,-0.54911107,-0.062795736,-0.39739487,-0.063416965,-0.28389946,L
0.0,0.0,0.25189415,-0.014881293,0.48565763,-0.10554836,0.65034556,-0.22230907,0.78901917,-0.2968173,0.35205248,-0.4699425,0.38427338,-0.71456164,0.38408163,-0.86961687,0.3775576,-1.0,0.2108667,-0.49231872,0.22589956,-0.6393482,0.19789852,-0.44322753,0.18162599,-0.2895619,0.06764192,-0.4744825,0.08574471,-0.61656016,0.07041584,-0.41728857,0.061865117,-0.27888256,-0.07921103,-0.43141901,-0.047125023,-0.5466136,-0.04057001,-0.39505658,-0.04187852,-0.27896515,L
0.0,0.0,0.24905553,-0.0058209957,0.49495327,-0.096610546,0.66814196,-0.20785546,0.8093394,-0.28167507,0.3636385,-0.46192992,0.3949057,-0.71423304,0.39745876,-0.8708501,0.39591855,-1.0,0.22087234,-0.48598236,0.24932383,-0.6460307,0.21836263,-0.44496027,0.1968369,-0.291179,0.07506282,-0.4724168,0.10242614,-0.62190235,0.08409002,-0.41648728,0.07117873,-0.27766746,-0.075187005,-0.4357502,-0.03034435,-0.55583024,-0.027439455,-0.4018573,-0.037751704,-0.286513,L
0.0,0.0,0.24682425,-0.0040581855,0.49542394,-0.09554015,0.67374176,-0.20112333,0.8123418,-0.26384145,0.3715867,-0.46451542,0.40992168,-0.71448153,0.4165577,-0.8702393,0.42131302,-1.0,0.23168744,-0.4907978,0.26098895,-0.6447022,0.22772405,-0.44671574,0.205931,-0.2922506,0.08646574,-0.48174074,0.113830306,-0.6308115,0.09206379,-0.42672,0.07842527,-0.2832222,-0.06261106,-0.4489381,-0.021285078,-0.57158345,-0.019971138,-0.41830555,-0.028591646,-0.29878023,L
0.0,0.0,0.25906175,0.0002699628,0.50421333,-0.08508305,0.6879346,-0.1939852,0.83279735,-0.2579949,0.38177916,-0.45818326,0.42335224,-0.711286,0.42871314,-0.8676157,0.43087843,-1.0,0.2393053,-0.49122825,0.26696718,-0.6515325,0.23263632,-0.45480326,0.21023408,-0.29843348,0.09216771,-0.4831131,0.121957034,-0.637386,0.101373896,-0.4349638,0.088099614,-0.28977057,-0.058426093,-0.44776168,-0.017743792,-0.5693935,-0.014119548,-0.41515696,-0.01958676,-0.29219916,L
0.0,0.0,0.24916269,0.011696834,0.501243,-0.07531161,0.6858891,-0.18337792,0.8352383,-0.24947073,0.38063976,-0.4557386,0.42647904,-0.7105413,0.43326852,-0.86994565,0.43993175,-1.0,0.23601422,-0.48879328,0.26400205,-0.6423211,0.22519498,-0.44636273,0.20259339,-0.2871767,0.086900026,-0.48208585,0.11506695,-0.6203401,0.09024739,-0.4198296,0.07739167,-0.27446243,-0.06501678,-0.44984102,-0.028627748,-0.56205946,-0.024399307,-0.4090077,-0.02644234,-0.28836936,L
0.0,0.0,0.26189604,0.008583074,0.5130967,-0.07378634,0.69987875,-0.17848028,0.8478448,-0.2422342,0.3898112,-0.44929802,0.43556154,-0.7079652,0.4433095,-0.86752933,0.44828483,-1.0,0.2468662,-0.48481283,0.27486432,-0.6453787,0.22680269,-0.44994268,0.1950803,-0.292529,0.097833656,-0.4816834,0.12192246,-0.6238023,0.08976957,-0.4238586,0.07219785,-0.28114906,-0.054803926,-0.45411065,-0.019595556,-0.5736511,-0.021896867,-0.41722435,-0.028530866,-0.29435387,L
0.0,0.0,0.25327408,0.016728753,0.50661737,-0.06365941,0.6884574,-0.16973077,0.8341686,-0.24107431,0.38113913,-0.4514889,0.43533352,-0.70649576,0.4503944,-0.8685826,0.4618777,-1.0,0.23575139,-0.48656005,0.2755451,-0.6389946,0.22712691,-0.4509782,0.19115616,-0.29276666,0.084538154,-0.48196667,0.12436673,-0.617813,0.08683391,-0.42392662,0.062367454,-0.28084838,-0.071332656,-0.4537347,-0.02826858,-0.56441987,-0.03321063,-0.4119999,-0.04358755,-0.29054773,L
0.0,0.0,0.19939107,0.051135667,0.4196092,-0.0307384,0.5924156,-0.14900786,0.7445265,-0.22944821,0.2752544,-0.3770908,0.3045977,-0.6538118,0.31265062,-0.8476209,0.30645502,-1.0,0.15636031,-0.3904621,0.109136514,-0.5344967,0.049791005,-0.38985732,0.003899402,-0.2511912,0.06383703,-0.37507242,0.019546023,-0.47894368,-0.03713474,-0.32980776,-0.047535464,-0.21053603,-0.007296065,-0.35526574,-0.03171698,-0.45452827,-0.07688555,-0.34419352,-0.0818096,-0.23863523,L
0.0,0.0,0.24300045,-0.03342754,0.4763323,-0.12235203,0.6415425,-0.21701853,0.77965856,-0.2776863,0.35058913,-0.4901892,0.40205088,-0.73125225,0.41495505,-0.8751701,0.41897058,-1.0,0.20763852,-0.515456,0.25420982,-0.6607867,0.2188899,-0.46610114,0.17994268,-0.3251288,0.06286886,-0.50128996,0.10073375,-0.6281801,0.08650703,-0.43844965,0.063676424,-0.31430504,-0.087489076,-0.46409827,-0.050590575,-0.57535267,-0.03289408,-0.432411,-0.03712568,-0.32888076,L
0.0,0.0,0.24936548,-0.0040097926,0.4929571,-0.09835304,0.6630982,-0.20942637,0.8048836,-0.27334708,0.35674143,-0.47867715,0.40975833,-0.7237016,0.42709073,-0.8756035,0.43817782,-1.0,0.21103248,-0.50338304,0.24459,-0.6436894,0.20979652,-0.44789195,0.17864493,-0.29155892,0.06437975,-0.48860317,0.0935313,-0.6125785,0.077958375,-0.41316673,0.06434778,-0.27152348,-0.08354389,-0.45110297,-0.043017566,-0.5606202,-0.033575583,-0.4102048,-0.03618646,-0.29235294,L
0.0,0.0,0.25515044,-0.025219286,0.49152032,-0.10616539,0.6603475,-0.21712118,0.7999357,-0.28296196,0.3523833,-0.49019444,0.41226527,-0.7248581,0.43138248,-0.87348586,0.44112098,-1.0,0.20670035,-0.5175917,0.23712277,-0.6585291,0.20482323,-0.46707404,0.17863674,-0.3114402,0.063775726,-0.49949926,0.08983427,-0.6138288,0.068410106,-0.42630398,0.04901208,-0.2960747,-0.08115813,-0.45932233,-0.04674184,-0.56604934,-0.04008715,-0.42306745,-0.042634778,-0.3119503,L
0.0,0.0,0.25786588,-0.025795508,0.4946078,-0.10519007,0.6676996,-0.2194546,0.8085056,-0.287254,0.35422966,-0.48586297,0.4113145,-0.7264557,0.4320999,-0.87306964,0.44433317,-1.0,0.2087533,-0.5130343,0.23589283,-0.64347106,0.20159185,-0.44675106,0.1742515,-0.29300246,0.064579405,-0.49412683,0.09002833,-0.60806626,0.06961896,-0.41501284,0.05155734,-0.2839922,-0.08033335,-0.45152503,-0.04425229,-0.5596005,-0.038426798,-0.4110337,-0.039963935,-0.29885367,L
0.0,0.0,0.24555549,-0.020669047,0.48209897,-0.11396774,0.64943874,-0.23226523,0.7908095,-0.30005872,0.33591798,-0.49434024,0.39032197,-0.7253355,0.40707195,-0.87480044,0.41603374,-1.0,0.18424845,-0.51694053,0.20562911,-0.6541983,0.17910656,-0.45979315,0.15644307,-0.3022101,0.039444774,-0.49452886,0.060206447,-0.609466,0.049605142,-0.4215902,0.03793194,-0.28885505,-0.10481374,-0.45042387,-0.07318274,-0.5548758,-0.060786385,-0.41157454,-0.05897949,-0.2993445,L
0.0,0.0,0.23988648,-0.020187058,0.47398192,-0.11557562,0.6358419,-0.22815609,0.7723694,-0.30181065,0.32774317,-0.48947236,0.37560815,-0.7284998,0.3916349,-0.876108,0.40214732,-1.0,0.18485032,-0.512222,0.22111264,-0.64293915,0.18813318,-0.44715062,0.15758769,-0.29410252,0.041401375,-0.49229586,0.068754666,-0.60786057,0.052567158,-0.4144388,0.035691828,-0.28004283,-0.102183916,-0.44841397,-0.061632875,-0.5570279,-0.05005961,-0.4094973,-0.055463497,-0.293603,L
0.0,0.0,0.24211647,-0.013392284,0.48150155,-0.11288281,0.64185405,-0.23142488,0.776843,-0.30957243,0.32782626,-0.48527214,0.3710454,-0.7257631,0.38681436,-0.8744108,0.39886194,-1.0,0.18418138,-0.5071965,0.2344719,-0.64026463,0.20859766,-0.44378486,0.17714456,-0.28585142,0.039464433,-0.48939326,0.08073781,-0.6123846,0.06616753,-0.41590622,0.045989193,-0.27500293,-0.108473554,-0.450647,-0.05869436,-0.5616663,-0.048562247,-0.4140123,-0.058504846,-0.29636243,L
0.0,0.0,0.24854703,-0.032629136,0.47478598,-0.1278238,0.64174527,-0.2441763,0.7819956,-0.3096007,0.33171117,-0.48506746,0.37257352,-0.7246563,0.38758662,-0.87158453,0.39478526,-1.0,0.19505505,-0.5082451,0.23138408,-0.6442643,0.20878792,-0.44403958,0.18433274,-0.29457358,0.052449364,-0.48878223,0.08433017,-0.61754835,0.07534298,-0.41432983,0.060636,-0.28229368,-0.09710477,-0.44613487,-0.055982992,-0.5606425,-0.038802452,-0.4117535,-0.040430922,-0.30188176,L
0.0,0.0,0.24532466,-0.016962973,0.48091358,-0.11649972,0.64527977,-0.23539908,0.7754537,-0.31425744,0.34039363,-0.48174924,0.3831558,-0.7233943,0.3948136,-0.8724546,0.4003672,-1.0,0.19608584,-0.5047382,0.22761306,-0.64730585,0.1980651,-0.44791114,0.17379385,-0.29765886,0.050645374,-0.48696467,0.075431824,-0.6099922,0.061098035,-0.41011342,0.04958039,-0.2809051,-0.09580295,-0.4455447,-0.05886455,-0.55317813,-0.04787713,-0.3984672,-0.04843318,-0.2880309,L
0.0,0.0,0.24146059,-0.014136132,0.48027095,-0.12499545,0.6480102,-0.24353278,0.77977866,-0.3230266,0.3389633,-0.48422027,0.38196674,-0.72532314,0.3964495,-0.8752937,0.4072796,-1.0,0.19602504,-0.5072013,0.22922747,-0.64655054,0.19492908,-0.45069197,0.1648907,-0.29366612,0.05289311,-0.4922383,0.07978733,-0.6184001,0.05764754,-0.42044234,0.0413055,-0.28161013,-0.09059775,-0.45425966,-0.05397368,-0.57074636,-0.054744907,-0.4197955,-0.06279731,-0.30222592,L
0.0,0.0,0.2505095,0.05627462,0.5195822,-0.060618073,0.728885,-0.17834646,0.8895401,-0.2517454,0.42666993,-0.3844125,0.46742767,-0.6543935,0.47510672,-0.84505725,0.46867767,-1.0,0.26997897,-0.42239296,0.27012718,-0.57264173,0.20055191,-0.377337,0.15473787,-0.21176276,0.112683274,-0.42555544,0.11186279,-0.5381094,0.05702334,-0.32976702,0.03078999,-0.18041879,-0.04234951,-0.40414542,-0.034379553,-0.5128991,-0.059385017,-0.3457731,-0.063153066,-0.22074378,L
0.0,0.0,0.25673544,-0.06533703,0.47874323,-0.1639474,0.6358913,-0.27368158,0.76256275,-0.3436913,0.32942146,-0.5078891,0.36717066,-0.7439078,0.37409958,-0.87811995,0.3705214,-1.0,0.17713319,-0.52265817,0.20818691,-0.65895426,0.18539473,-0.45646033,0.16460383,-0.32359195,0.037825376,-0.50164247,0.059365243,-0.6195686,0.05485443,-0.4257406,0.042503476,-0.30316907,-0.1032952,-0.460404,-0.07821174,-0.5637794,-0.05684055,-0.42629674,-0.051278792,-0.32790256,L
0.0,0.0,0.2351509,-0.05154253,0.45540705,-0.15075332,0.62244534,-0.26852494,0.7489208,-0.34577557,0.31967,-0.49298513,0.35824662,-0.7305471,0.367468,-0.8731157,0.37123865,-1.0,0.17588879,-0.515759,0.19529314,-0.65233684,0.1766721,-0.45947024,0.16100179,-0.31056365,0.034730792,-0.49560457,0.051708348,-0.6180307,0.04334525,-0.4268543,0.03616945,-0.29849795,-0.10314819,-0.4514412,-0.07854115,-0.5627152,-0.06482583,-0.42044285,-0.061011422,-0.3138854,L
0.0,0.0,0.23861581,-0.028233951,0.46784565,-0.14304443,0.63698184,-0.26486042,0.7726134,-0.34485453,0.34138072,-0.4947014,0.371571,-0.72843426,0.37522835,-0.87320036,0.3766629,-1.0,0.20023777,-0.51788735,0.22562799,-0.65981615,0.2013498,-0.4594748,0.18318842,-0.3116205,0.05560035,-0.50127447,0.07325113,-0.63071555,0.06387535,-0.42486936,0.059261337,-0.29408392,-0.0888214,-0.4575584,-0.06406683,-0.5683315,-0.04938175,-0.410532,-0.042747617,-0.29979348,L
0.0,0.0,0.24146378,-0.02306783,0.47331834,-0.13201581,0.64669335,-0.25534838,0.78100294,-0.34476832,0.35125446,-0.47791234,0.38557708,-0.72236997,0.38654596,-0.87138176,0.38357684,-1.0,0.20805685,-0.5022854,0.22633223,-0.65277904,0.19930996,-0.45204055,0.18425906,-0.30280817,0.062572226,-0.48574167,0.078174025,-0.62294185,0.062037032,-0.41636562,0.056352694,-0.28555474,-0.08387706,-0.44224206,-0.05861298,-0.5618616,-0.05456062,-0.40362528,-0.052749537,-0.29284245,L
0.0,0.0,0.24052183,-0.025787886,0.47235373,-0.12885608,0.64714557,-0.25024548,0.78681767,-0.33480433,0.3545688,-0.4773848,0.38788763,-0.7206728,0.38440213,-0.87127,0.37868443,-1.0,0.21062136,-0.4994837,0.22763607,-0.6489734,0.20150255,-0.44778386,0.19046144,-0.29850966,0.06404348,-0.4826815,0.07987765,-0.6185231,0.06703046,-0.4080842,0.066454746,-0.27453107,-0.08369163,-0.4388026,-0.05975293,-0.55656374,-0.048008036,-0.39715675,-0.039116237,-0.28703088,L
0.0,0.0,0.24323681,-0.016420271,0.4811081,-0.12137662,0.64934206,-0.24138056,0.78089064,-0.32459697,0.35431632,-0.47186148,0.38610214,-0.72057056,0.37925342,-0.8734332,0.37190804,-1.0,0.20754904,-0.49309018,0.2098954,-0.6347487,0.18050782,-0.43842992,0.17073518,-0.2845969,0.06166737,-0.47823536,0.065248795,-0.6021492,0.047406405,-0.40044215,0.04731152,-0.26415494,-0.083025336,-0.43796235,-0.07293558,-0.548614,-0.07117376,-0.3898451,-0.0636522,-0.2740569,L
0.0,0.0,0.2420885,-0.036206324,0.47019255,-0.13517989,0.6451521,-0.255367,0.7769562,-0.34216854,0.34882778,-0.48251528,0.3800862,-0.7278809,0.37209135,-0.872777,0.35963988,-1.0,0.2080907,-0.5029145,0.20522411,-0.6332718,0.18285172,-0.43601587,0.1815311,-0.29845828,0.06594619,-0.48340458,0.068922736,-0.60885525,0.05518509,-0.40674964,0.05870006,-0.2854661,-0.07339695,-0.43531173,-0.066702284,-0.53826046,-0.05648183,-0.38055527,-0.04002725,-0.27764112,L
0.0,0.0,0.24244313,-0.06756632,0.4533423,-0.15916012,0.6218065,-0.27619871,0.74623567,-0.3679955,0.32946703,-0.49351916,0.35555345,-0.7364576,0.34167776,-0.8758264,0.32283312,-1.0,0.19045305,-0.50781643,0.1867014,-0.6379819,0.17292772,-0.4460918,0.17783068,-0.317694,0.050828975,-0.4843987,0.055985954,-0.6138051,0.04681445,-0.41617608,0.05138335,-0.29827774,-0.08546898,-0.43162555,-0.074424624,-0.5467316,-0.05715423,-0.39572108,-0.042977765,-0.29506907,L
0.0,0.0,0.23598863,-0.051503584,0.45810977,-0.15603727,0.61991024,-0.28038165,0.7444571,-0.36942214,0.32096148,-0.48780522,0.3375813,-0.73503417,0.31926167,-0.8773127,0.29807484,-1.0,0.17978872,-0.5014479,0.17419946,-0.6340425,0.16071975,-0.43689764,0.16483684,-0.30456206,0.040688273,-0.47724846,0.037076615,-0.60367537,0.031903997,-0.4026769,0.03851398,-0.28315315,-0.09738803,-0.42608568,-0.09002255,-0.53481674,-0.075037815,-0.38245675,-0.059258115,-0.2797981,L
0.0,0.0,0.23684931,-0.064339876,0.44445455,-0.17164244,0.6033568,-0.2989792,0.72547466,-0.38850442,0.3018358,-0.49686602,0.3123312,-0.74244773,0.29259923,-0.88083315,0.26663852,-1.0,0.16215503,-0.5039529,0.16325957,-0.6362351,0.15866666,-0.43817174,0.16551454,-0.30859306,0.024953015,-0.47314137,0.03136321,-0.6042498,0.035077285,-0.40292773,0.044284724,-0.28350657,-0.110604376,-0.4141509,-0.0950457,-0.5287618,-0.06857285,-0.38177475,-0.049866907,-0.2833204,L
0.0,0.0,0.22957318,0.054860346,0.4879826,-0.04384631,0.6617018,-0.15818231,0.7929366,-0.23815943,0.416386,-0.3806602,0.45698422,-0.65136856,0.45164856,-0.8470245,0.43696496,-1.0,0.2680179,-0.4152171,0.26355922,-0.5713769,0.19410737,-0.38371357,0.14945567,-0.21442258,0.12032726,-0.41945645,0.113990806,-0.5459819,0.0580583,-0.33911675,0.025965637,-0.17848395,-0.029010922,-0.4042795,-0.034254007,-0.5123044,-0.063119076,-0.33895835,-0.06941978,-0.20489612,L
0.0,0.0,0.24503991,-0.081781514,0.442755,-0.19404787,0.60407645,-0.31922367,0.7241145,-0.39619887,0.32033497,-0.50257367,0.31230283,-0.74820834,0.28678864,-0.87935615,0.2512343,-1.0,0.17389247,-0.5016424,0.1718408,-0.64491755,0.17272606,-0.45511886,0.17789643,-0.3363413,0.035892986,-0.46997654,0.032226667,-0.59065074,0.04845711,-0.40573063,0.05344556,-0.29845393,-0.09964947,-0.42054603,-0.08500909,-0.53091335,-0.053051442,-0.3904698,-0.034274634,-0.29823542,L
0.0,0.0,0.22279766,-0.05947599,0.42916173,-0.17966552,0.5776012,-0.30389163,0.70229334,-0.39323148,0.27946523,-0.49392644,0.28541237,-0.7409764,0.26140997,-0.88514143,0.23896232,-1.0,0.13843127,-0.4960016,0.1316638,-0.63101745,0.12823263,-0.4458505,0.13550915,-0.30978617,0.0006407666,-0.46444905,0.002414566,-0.5896291,0.013501629,-0.40678188,0.025877573,-0.28217208,-0.13689421,-0.41036358,-0.11991044,-0.5168756,-0.0914546,-0.38247263,-0.07335847,-0.28192216,L
0.0,0.0,0.21870972,-0.065743506,0.4226383,-0.18600827,0.58150697,-0.30466217,0.7017709,-0.39168647,0.27736115,-0.4982054,0.27713913,-0.7397895,0.25311342,-0.88123685,0.2267819,-1.0,0.14079653,-0.50110555,0.12723738,-0.62872404,0.12526445,-0.43660176,0.13437079,-0.30640677,0.0049905293,-0.46516335,-0.0009003229,-0.5873202,0.01105598,-0.39441323,0.024597999,-0.2790897,-0.12924418,-0.40370455,-0.12360659,-0.50917655,-0.096051775,-0.36503282,-0.07620377,-0.2686663,L
0.0,0.0,0.22378296,-0.06958261,0.4263684,-0.1906464,0.5827035,-0.31763756,0.7061852,-0.4002963,0.2807811,-0.50133055,0.27879974,-0.7421498,0.25039378,-0.88212097,0.22303942,-1.0,0.1436883,-0.50674325,0.13364492,-0.6428761,0.12917328,-0.4490156,0.13792787,-0.3137937,0.008771274,-0.47430217,0.00044271018,-0.60154116,0.0074047903,-0.40299776,0.021176694,-0.2827924,-0.123937815,-0.41514584,-0.119947255,-0.5245418,-0.09767554,-0.37733603,-0.077484354,-0.27883032,L
0.0,0.0,0.22216375,-0.06600145,0.4249981,-0.18609653,0.5752994,-0.31434253,0.6975287,-0.4002929,0.27576503,-0.49926135,0.27517718,-0.7417956,0.24588244,-0.8834079,0.21805586,-1.0,0.13736732,-0.50430787,0.1223954,-0.645669,0.118574195,-0.45857975,0.12842938,-0.32113343,0.0023531162,-0.47316396,-0.008277743,-0.60201144,-0.000597667,-0.41180667,0.01290752,-0.28993222,-0.12891012,-0.41678005,-0.12416791,-0.53096557,-0.10111765,-0.3895951,-0.082407676,-0.28769782,L
0.0,0.0,0.22111419,-0.064294636,0.42215085,-0.19102655,0.5694228,-0.31731385,0.689518,-0.3995852,0.2773772,-0.49839038,0.27063298,-0.7392921,0.24182282,-0.8821426,0.21414083,-1.0,0.13959795,-0.502341,0.119267024,-0.6453754,0.11819045,-0.45841673,0.12904063,-0.32016897,0.0057481085,-0.47152105,-0.00894664,-0.6076673,0.0010068226,-0.41557175,0.015524309,-0.29137573,-0.12503822,-0.4148299,-0.12252359,-0.53192484,-0.100209065,-0.38756266,-0.08194642,-0.28342015,L
0.0,0.0,0.23029155,-0.05349994,0.44162163,-0.18094933,0.59251094,-0.3093177,0.7169466,-0.39359272,0.28904718,-0.4896783,0.287748,-0.733845,0.2588681,-0.8816029,0.23519251,-1.0,0.14746039,-0.49171653,0.14117107,-0.6445753,0.1340305,-0.45653924,0.13648263,-0.31164086,0.0071314885,-0.45811263,0.0032991664,-0.6025507,0.014003732,-0.4095673,0.025203545,-0.27768725,-0.13265121,-0.4002495,-0.11863904,-0.5229976,-0.0898006,-0.38232768,-0.07407557,-0.27457568,L
0.0,0.0,0.23998483,-0.06799205,0.4446441,-0.17572665,0.6085949,-0.30996633,0.7308965,-0.40300384,0.30368507,-0.49370742,0.30362538,-0.7358644,0.27565277,-0.8782336,0.24746917,-1.0,0.1631559,-0.5020323,0.14399283,-0.64632845,0.13890035,-0.45928642,0.15035222,-0.32096294,0.025277758,-0.4713166,0.014567944,-0.6092166,0.020936934,-0.4148915,0.03802146,-0.29100943,-0.107747786,-0.41012794,-0.10464315,-0.5272419,-0.07743234,-0.38361079,-0.05226799,-0.2819034,L
0.0,0.0,0.2372685,-0.08287471,0.4351038,-0.18275133,0.6088927,-0.3132356,0.7296518,-0.4060577,0.30946314,-0.49296656,0.3126423,-0.7361161,0.288965,-0.87717193,0.2615737,-1.0,0.1733219,-0.50362533,0.16244584,-0.63583946,0.15371723,-0.44521862,0.16234136,-0.32158917,0.035267305,-0.47795504,0.031899393,-0.6098925,0.037046187,-0.41314295,0.05478782,-0.29873282,-0.090709835,-0.41528416,-0.08815348,-0.5279203,-0.055913653,-0.3809181,-0.0334859,-0.28725606,L
0.0,0.0,0.23400381,-0.07023466,0.44057024,-0.1848609,0.600254,-0.31389362,0.7248892,-0.40111107,0.29189193,-0.50126606,0.29176164,-0.7409857,0.2671604,-0.8815474,0.24322683,-1.0,0.15254892,-0.5055834,0.14115573,-0.6485326,0.13874505,-0.45786655,0.14909707,-0.3232518,0.016365377,-0.47244412,0.008923693,-0.6032713,0.023817746,-0.41233763,0.040529087,-0.2933332,-0.11953964,-0.41329864,-0.11180428,-0.52909476,-0.07775702,-0.38804296,-0.05249467,-0.29039758,L
0.0,0.0,0.16056919,0.037240535,0.29452088,-0.008542975,0.34831828,-0.028286926,0.3764108,-0.017282685,0.32299146,-0.35337812,0.37058944,-0.6612418,0.3656364,-0.8459395,0.3496492,-1.0,0.15800728,-0.38291216,0.14696178,-0.5055941,0.08767029,-0.30621174,0.051407658,-0.12766302,0.0084147435,-0.37664247,-0.010325634,-0.4819102,-0.05180726,-0.26826727,-0.07830125,-0.0953139,-0.13156904,-0.35328135,-0.15964447,-0.43428093,-0.18166721,-0.2691729,-0.1842864,-0.13598803,L
0.0,0.0,0.26521885,-0.12089796,0.46150538,-0.21524434,0.63251984,-0.34775373,0.7561206,-0.43061477,0.32461274,-0.5224298,0.3248924,-0.7480378,0.30228144,-0.87658495,0.2694382,-1.0,0.1861614,-0.5274932,0.1850417,-0.6617709,0.17450382,-0.46931085,0.1738919,-0.3553461,0.04750615,-0.49151364,0.052117933,-0.6146214,0.053340077,-0.43265867,0.05898564,-0.32513234,-0.08699025,-0.42350549,-0.08238167,-0.5381584,-0.046410955,-0.40747157,-0.019193146,-0.32605875,L
0.0,0.0,0.23425293,-0.066342525,0.44577348,-0.17790727,0.60324055,-0.30882427,0.7361841,-0.39361697,0.2916671,-0.50233847,0.29590705,-0.7427198,0.27409488,-0.8839755,0.25394708,-1.0,0.14571753,-0.5106905,0.14518344,-0.66124034,0.13653418,-0.46125308,0.13880105,-0.32170868,0.005272141,-0.4793818,0.0040407376,-0.61863226,0.015733637,-0.42138046,0.028922247,-0.29613623,-0.13519378,-0.4205556,-0.12778467,-0.53136563,-0.09352954,-0.39049527,-0.06885631,-0.2925031,L
0.0,0.0,0.23755042,-0.054751113,0.4509328,-0.17728686,0.6095024,-0.30897823,0.7365558,-0.3976338,0.29525125,-0.49771222,0.29415724,-0.7326915,0.27082893,-0.8778549,0.25072533,-1.0,0.15431572,-0.5057661,0.14611463,-0.65497494,0.14057036,-0.46286783,0.14432828,-0.32140493,0.015868012,-0.47518292,0.008023644,-0.611726,0.016928516,-0.4127305,0.028623715,-0.2857562,-0.12269472,-0.4178007,-0.116694145,-0.5332638,-0.09200245,-0.39047146,-0.074302375,-0.2886397,L
0.0,0.0,0.24126107,-0.060146865,0.4538405,-0.1715207,0.6216727,-0.30635837,0.7526637,-0.39407468,0.3094068,-0.49116862,0.30682522,-0.729362,0.28422838,-0.872792,0.2628802,-1.0,0.16971451,-0.50352114,0.15976048,-0.6482459,0.15269804,-0.4563229,0.15853386,-0.31725255,0.030261,-0.47646224,0.025143746,-0.61800295,0.028435558,-0.41672462,0.040223397,-0.28645626,-0.1076176,-0.42039803,-0.09788246,-0.54120266,-0.07894533,-0.3953615,-0.06059591,-0.28931704,L
0.0,0.0,0.2402046,-0.050868966,0.4580561,-0.17105791,0.6188128,-0.30636388,0.74694705,-0.3953982,0.30044436,-0.4927555,0.30164677,-0.7324781,0.27737418,-0.87648565,0.25547287,-1.0,0.1607806,-0.50342697,0.13631855,-0.64817554,0.12567005,-0.45546356,0.14087427,-0.31895563,0.025155552,-0.47683108,0.0019890184,-0.6073209,0.004266238,-0.4111182,0.02272431,-0.29162267,-0.10900013,-0.423572,-0.116189,-0.53499585,-0.097438425,-0.38356513,-0.073298946,-0.28062594,L
0.0,0.0,0.23960325,-0.06220375,0.4471554,-0.17313088,0.6115725,-0.30926815,0.736441,-0.40574077,0.293806,-0.49308077,0.29235607,-0.7315045,0.268586,-0.8746572,0.24443893,-1.0,0.15483621,-0.50489,0.14172667,-0.6501138,0.13120787,-0.4581659,0.13790143,-0.32120514,0.017067777,-0.4774536,0.0048948764,-0.6176616,0.0049715945,-0.41881016,0.018498702,-0.29515046,-0.11664816,-0.42067486,-0.11660558,-0.5368843,-0.09629812,-0.38805917,-0.07544331,-0.28650475,L
0.0,0.0,0.24273086,-0.05543631,0.4533679,-0.16600147,0.61576426,-0.3033471,0.7423381,-0.40023065,0.2954316,-0.4913539,0.29467723,-0.73225826,0.2718889,-0.8753701,0.24971409,-1.0,0.15332225,-0.503255,0.13895051,-0.64281327,0.13294993,-0.44994467,0.14287746,-0.30946913,0.015047246,-0.47413296,0.006475291,-0.6120971,0.009326041,-0.40935364,0.022638947,-0.28191048,-0.1208841,-0.41873956,-0.116616525,-0.53613216,-0.09582237,-0.38425115,-0.07571755,-0.2794845,L
0.0,0.0,0.23158504,-0.057341143,0.44391236,-0.17729174,0.6115229,-0.3125249,0.7368953,-0.4078211,0.28888404,-0.4957583,0.28463647,-0.7336834,0.25939775,-0.877074,0.23373091,-1.0,0.14824167,-0.50763893,0.1324044,-0.6504052,0.12712282,-0.4545985,0.13929948,-0.3178292,0.011103132,-0.48108605,-0.0038033864,-0.620162,0.00014992281,-0.414783,0.014979936,-0.2910441,-0.12373944,-0.42760247,-0.12774792,-0.5402358,-0.10812717,-0.3838937,-0.087350726,-0.27928746,L
0.0,0.0,0.2405232,-0.05923421,0.44825816,-0.17901325,0.6055867,-0.31763676,0.73350865,-0.40947458,0.27452642,-0.49693927,0.2623921,-0.739575,0.23434968,-0.8815852,0.20965423,-1.0,0.13292128,-0.5002661,0.117072,-0.6451713,0.12068129,-0.45291242,0.13655542,-0.31136245,-0.0039300807,-0.4664885,-0.014969305,-0.60402256,0.00029947568,-0.40498376,0.018865833,-0.27796924,-0.1387831,-0.4072841,-0.13273984,-0.52614796,-0.10548956,-0.37817782,-0.08519396,-0.27330568,L
0.0,0.0,0.2424856,-0.064556316,0.45348433,-0.18460028,0.6120157,-0.33016336,0.745141,-0.42558283,0.27230734,-0.5031529,0.25843742,-0.7374598,0.22800857,-0.8787502,0.20166567,-1.0,0.13172852,-0.5068837,0.11787709,-0.6498284,0.121699885,-0.4598411,0.1361155,-0.32381132,-0.0059446865,-0.47023627,-0.019059677,-0.60974115,-0.0049773296,-0.4122015,0.013179508,-0.28972578,-0.14171305,-0.40702772,-0.14350457,-0.5210122,-0.11224257,-0.37829828,-0.085515484,-0.28091377,L
0.0,0.0,0.1864774,0.031030733,0.3241082,-0.009583906,0.36425173,-0.018809542,0.36534384,-0.029708367,0.35633224,-0.2940289,0.41040334,-0.64232004,0.4041723,-0.82993674,0.38313758,-1.0,0.15988716,-0.33909515,0.11225004,-0.36976242,0.026148897,-0.08761602,-0.018873798,0.12290118,-0.024266277,-0.332755,-0.10004362,-0.3470725,-0.16757864,-0.0630142,-0.19898412,0.13540553,-0.18380758,-0.30431622,-0.2739731,-0.29772913,-0.32228628,-0.07447353,-0.32251954,0.082572475,L
0.0,0.0,0.25802827,-0.11845923,0.46169868,-0.21565868,0.62408584,-0.35033634,0.7538832,-0.43572873,0.27863035,-0.51707906,0.25559798,-0.74373245,0.22862339,-0.87559634,0.20624568,-1.0,0.14076257,-0.515697,0.12444712,-0.6581432,0.13471976,-0.47455576,0.15286595,-0.35235783,0.0032813475,-0.4797791,-0.0006921094,-0.6140854,0.0118625015,-0.43618026,0.028383074,-0.31830868,-0.12327305,-0.41642764,-0.13128673,-0.5293646,-0.08996377,-0.39902177,-0.051320627,-0.30735254,L
0.0,0.0,0.23605111,-0.059420064,0.461702,-0.17791995,0.61620617,-0.32142186,0.7504923,-0.42041746,0.25097454,-0.5105559,0.24035425,-0.7448127,0.21148662,-0.8867188,0.18864335,-1.0,0.101380505,-0.50653136,0.09936488,-0.6463647,0.10309497,-0.4580221,0.11131351,-0.31550196,-0.040459413,-0.46601653,-0.04610489,-0.5977288,-0.027701838,-0.4127961,-0.013061591,-0.28496462,-0.17713341,-0.4035485,-0.17064206,-0.51556575,-0.13739882,-0.37833595,-0.11720783,-0.27478382,L
0.0,0.0,0.2385141,-0.04724011,0.46312276,-0.1821082,0.6209444,-0.31778604,0.74853706,-0.41401637,0.26537308,-0.5086994,0.24814795,-0.74242777,0.21977518,-0.884875,0.20561787,-1.0,0.11996156,-0.5091721,0.13301167,-0.65254694,0.1273044,-0.46626344,0.1295356,-0.31608143,-0.02286645,-0.47218296,-0.020206839,-0.6072074,-0.015094009,-0.421396,-0.007288339,-0.28864482,-0.16122803,-0.4139583,-0.15387872,-0.52074486,-0.12734239,-0.38043904,-0.11027612,-0.27276766,L
0.0,0.0,0.23844218,-0.06293565,0.44979957,-0.18510343,0.61000735,-0.3192311,0.7326304,-0.41704115,0.25491384,-0.50509334,0.24280812,-0.73949677,0.22312863,-0.8798431,0.20562305,-1.0,0.11300528,-0.5108679,0.11975217,-0.65274984,0.12351596,-0.46355787,0.12808578,-0.32374746,-0.02567452,-0.4747732,-0.017927183,-0.6131259,-0.008765666,-0.42168924,-0.0048309523,-0.2976721,-0.16024983,-0.41485816,-0.14518319,-0.5330557,-0.11864142,-0.3913063,-0.107747726,-0.2885066,L
0.0,0.0,0.24117231,-0.045807146,0.46471715,-0.17446545,0.62296385,-0.30247584,0.7493359,-0.3922862,0.2551513,-0.503973,0.24587913,-0.73146254,0.22645624,-0.8781631,0.21525714,-1.0,0.10852557,-0.5079917,0.11923063,-0.6554629,0.118981816,-0.46674663,0.119906805,-0.31591117,-0.034281157,-0.47384688,-0.023413293,-0.6072863,-0.014264371,-0.42082125,-0.010515611,-0.2882354,-0.17388271,-0.41921887,-0.15409638,-0.53116876,-0.12798092,-0.39381048,-0.119868465,-0.28615528,L
0.0,0.0,0.23349705,-0.03711321,0.45994496,-0.15498815,0.6241298,-0.27754763,0.74894434,-0.37010399,0.2611262,-0.49529046,0.25242192,-0.7314648,0.22797121,-0.87866443,0.20945413,-1.0,0.113244474,-0.5000407,0.13294259,-0.6363194,0.12960084,-0.44157678,0.12449405,-0.29659134,-0.03221208,-0.46439683,-0.01842151,-0.59807765,-0.0092552565,-0.40730712,-0.01028425,-0.27818862,-0.17406009,-0.40680635,-0.15199585,-0.5195232,-0.12224603,-0.37581703,-0.11532962,-0.26716518,L
0.0,0.0,0.23641883,-0.037261717,0.46387574,-0.14635228,0.62094504,-0.26866698,0.74446195,-0.36310178,0.2615943,-0.4841727,0.2507623,-0.7277507,0.23024759,-0.87516856,0.2202312,-1.0,0.11906614,-0.49216655,0.14950863,-0.6436806,0.14294463,-0.4490065,0.13538162,-0.2978202,-0.024047703,-0.462353,-0.003274005,-0.61411864,-0.0013474956,-0.42499545,-0.004834635,-0.28843498,-0.16687857,-0.41242167,-0.13971354,-0.5378099,-0.11554955,-0.40288603,-0.112323016,-0.29192832,L
0.0,0.0,0.24008583,-0.03534831,0.46942654,-0.14766258,0.62697244,-0.27045128,0.75045127,-0.36094236,0.26524803,-0.48746365,0.2611455,-0.72593623,0.24521868,-0.8743419,0.23821656,-1.0,0.1223897,-0.49679068,0.14797832,-0.6507875,0.14074822,-0.45688462,0.13419978,-0.30397952,-0.01966195,-0.46844998,0.0020422079,-0.6156077,0.0035447632,-0.42729396,-4.421914e-05,-0.29170913,-0.16123869,-0.4195941,-0.12946571,-0.5487304,-0.10931302,-0.41148892,-0.1092033,-0.29909882,L
0.0,0.0,0.24210414,-0.0275882,0.47551358,-0.13659443,0.63860244,-0.25910872,0.7625244,-0.3535,0.2806207,-0.4930257,0.2801152,-0.72855735,0.26679462,-0.87530184,0.26326227,-1.0,0.13636214,-0.507054,0.15764801,-0.6593373,0.14544325,-0.4614645,0.13444594,-0.3027702,-0.005810588,-0.48189324,0.012892711,-0.6187967,0.0115409065,-0.42312804,0.006551578,-0.28419268,-0.14453027,-0.435212,-0.11693788,-0.5574099,-0.09951673,-0.4113575,-0.099637136,-0.2946586,L
0.0,0.0,0.23599057,-0.0418374,0.46175763,-0.14537758,0.62437963,-0.26084962,0.750875,-0.34922224,0.2757334,-0.49114767,0.27663365,-0.72686243,0.26422745,-0.8739276,0.25513643,-1.0,0.13580821,-0.50455713,0.16099496,-0.6556607,0.15140642,-0.4600776,0.14257345,-0.31364882,-0.003910911,-0.47875452,0.020883333,-0.6191757,0.020814912,-0.4259679,0.015067025,-0.29806048,-0.1429497,-0.43159196,-0.10423541,-0.55944896,-0.08620612,-0.41750968,-0.09016193,-0.3092552,L
0.0,0.0,0.3247803,0.13595109,0.54486054,0.28709686,0.5823212,0.40887225,0.50655466,0.49149206,0.47374803,-0.130273,0.44382384,0.26246905,0.37487903,0.5582234,0.3017877,0.7877073,0.21460824,-0.15045129,0.19356127,0.32551146,0.16339317,0.67905986,0.15042283,0.93202937,-0.043195106,-0.09730996,-0.020071689,0.3770807,-0.0013127051,0.73481494,0.02803827,1.0,-0.2630046,0.002646975,-0.21153927,0.4073129,-0.15784076,0.6949336,-0.107477866,0.9168056,M
0.0,0.0,0.21890466,0.114547655,0.331615,0.2895736,0.330108,0.4678042,0.256836,0.5933576,0.26006034,-0.0093193585,0.16346411,0.45069483,0.10956167,0.75578725,0.09432893,0.94120866,0.029438393,-0.047104713,-0.035074756,0.43580246,-0.039605357,0.7856769,-0.022950701,1.0,-0.16200949,-0.022227116,-0.20150112,0.46724817,-0.16715595,0.7870572,-0.13165215,0.98303956,-0.3099531,0.057482142,-0.32305974,0.46339822,-0.28185335,0.7122575,-0.2430501,0.875886,M
0.0,0.0,0.21600808,0.12381614,0.32597438,0.29805315,0.32311523,0.46413815,0.2483179,0.58914334,0.29392615,-0.03382614,0.15902121,0.45665538,0.096904166,0.7741965,0.08959747,0.9596533,0.060646202,-0.08678733,-0.032150075,0.42150384,-0.053830646,0.7848616,-0.04631572,1.0,-0.1354342,-0.0668961,-0.20248312,0.43782634,-0.17315534,0.7595798,-0.13832487,0.94856775,-0.28915897,0.014574707,-0.31848148,0.4113702,-0.27543935,0.65061927,-0.22767933,0.7997195,M
0.0,0.0,0.17440373,0.08360859,0.25528073,0.2477465,0.24603224,0.41960287,0.21027516,0.5655122,0.23783949,-0.003137983,0.12620778,0.4317357,0.073754594,0.746037,0.07131292,0.9367637,0.037684977,-0.05014002,-0.05450256,0.4475924,-0.06575873,0.7967205,-0.052675754,1.0,-0.13538657,-0.03216592,-0.1860567,0.4605315,-0.16014421,0.7710273,-0.1258511,0.9498654,-0.27110127,0.04950354,-0.2830729,0.4323759,-0.24769694,0.65642583,-0.20737098,0.79023457,M
0.0,0.0,0.3199259,0.10507611,0.49099714,0.24741967,0.5197464,0.4146878,0.45419595,0.5620727,0.5694723,-0.1322009,0.4831499,0.341391,0.3822302,0.6737952,0.33234924,0.84458804,0.27484405,-0.20101395,0.18242943,0.37384254,0.14387207,0.78016233,0.15029301,1.0,-0.008027238,-0.17711677,-0.0719427,0.41400108,-0.044214632,0.7797864,-0.008950284,0.97887105,-0.23900716,-0.07636216,-0.25683194,0.35991383,-0.23334047,0.6089775,-0.19889475,0.74784994,M
0.0,0.0,-0.103530176,0.12243415,-0.16236626,0.3006359,-0.14327438,0.4987554,-0.053806257,0.64888257,-0.15454467,0.06726225,-0.20935465,0.5022488,-0.22394942,0.7924068,-0.1975846,0.96615565,-0.06035434,0.022017922,-0.12199197,0.48698893,-0.14746185,0.81753767,-0.13969378,1.0,0.049519297,0.045757025,0.0037630147,0.5027084,-0.04012417,0.80456907,-0.056822527,0.97071993,0.16153783,0.12517491,0.15337071,0.48868594,0.11502135,0.7098264,0.10037397,0.8452594,M
0.0,0.0,-0.31869417,0.13691507,-0.4673034,0.31108147,-0.40685326,0.52243406,-0.31912786,0.7155292,-0.33639607,-0.35930797,-0.39765134,0.24255705,-0.403864,0.6639591,-0.39986724,0.9798615,-0.023783527,-0.45975044,-0.11531251,0.21924956,-0.13710947,0.6998689,-0.16335277,1.0,0.2527261,-0.39459437,0.19314186,0.25663707,0.11441582,0.6799977,0.021695878,0.9192303,0.48700663,-0.23586084,0.5262082,0.25715175,0.43710035,0.48494706,0.3200209,0.5735668,M
0.0,0.0,0.28902388,0.051101085,0.55178565,0.16297922,0.6094552,0.3040284,0.51247025,0.45587754,0.44941652,-0.46265987,0.4045063,0.1443185,0.31003052,0.5710726,0.22888988,0.8996572,0.099586785,-0.5492979,0.075478695,0.19728723,0.041118607,0.6610634,0.0066966973,1.0,-0.21936193,-0.5013466,-0.1656633,0.24798493,-0.15387408,0.6740499,-0.16477732,0.982714,-0.47895023,-0.3549525,-0.39532265,0.2166214,-0.33964485,0.6045016,-0.32618508,0.8778251,M
0.0,0.0,0.29303962,0.013489389,0.56611717,0.09554113,0.69107485,0.23756514,0.5724033,0.3866311,0.4233464,-0.42133316,0.36952922,0.16197616,0.3189096,0.60299295,0.3012142,0.9131539,0.078647174,-0.43372768,0.10106441,0.2982566,0.0910115,0.71667016,0.084632665,1.0,-0.22203662,-0.35512495,-0.121826716,0.3307171,-0.10071159,0.7250502,-0.0827965,0.9891983,-0.45673832,-0.2179985,-0.35761717,0.29017588,-0.30953512,0.63133043,-0.2762462,0.8532546,M
0.0,0.0,0.19116798,0.036220018,0.330941,0.14946854,0.3714487,0.2944663,0.33047998,0.4480326,0.19999464,-0.37884027,0.069979176,0.302661,-0.0011080528,0.7316061,-0.03654872,1.0,0.028299805,-0.41532317,-0.0062402245,0.3043859,-0.020692615,0.71538776,-0.04003057,0.970632,-0.10627134,-0.34645146,-0.03998236,0.34359095,-0.0339659,0.7123459,-0.04693923,0.9383386,-0.19887546,-0.19801144,-0.07839008,0.30598792,-0.05486821,0.6129623,-0.058320478,0.7999496,M
0.0,0.0,0.26474392,0.10330591,0.3009211,0.24940646,0.2020729,0.4898188,0.07432334,0.7063446,0.21515338,-0.34362417,0.28295228,0.1642594,0.255628,0.560297,0.20872018,0.8416033,-0.07036893,-0.38206238,-0.04728375,0.20463358,-0.042906936,0.67699474,-0.023749001,1.0,-0.33668032,-0.2876376,-0.31969494,0.27750254,-0.23270826,0.6989231,-0.16900983,0.9766444,-0.549459,-0.121694244,-0.50385094,0.35227266,-0.39110678,0.65165305,-0.3213644,0.8454599,M
0.0,0.0,0.33655,0.18406637,0.5108299,0.41979203,0.5038396,0.6612612,0.43553782,0.87416524,0.47895926,-0.14191416,0.5460362,0.26868528,0.5272575,0.58655345,0.5019506,0.82402223,0.21281089,-0.16116746,0.21715428,0.30830005,0.22601885,0.6895891,0.2594712,0.96186614,-0.05020368,-0.08041741,-0.029126361,0.37272117,0.021617282,0.7369258,0.073896706,1.0,-0.27945995,0.04693619,-0.22137424,0.4086508,-0.11907143,0.6502417,-0.032714352,0.834472,M
0.0,0.0,0.34317896,0.011494206,0.501776,0.122493215,0.43395972,0.4033817,0.29445776,0.68814665,0.2991239,-0.6703406,0.37592807,-0.13000423,0.3263597,0.38469458,0.2651321,0.8042789,-0.1117382,-0.7044701,-0.042383883,-0.030308148,-0.055964045,0.5581745,-0.046733413,1.0,-0.47537896,-0.56926435,-0.41543642,0.090563335,-0.3402665,0.590915,-0.27058798,0.9623365,-0.769115,-0.31923157,-0.6612835,0.22743674,-0.5125133,0.5618261,-0.40308028,0.7866524,M
0.0,0.0,0.3656174,0.15577526,0.5818377,0.37655622,0.6009129,0.5865772,0.53342736,0.7385549,0.49230215,-0.14994621,0.5827017,0.26245987,0.57154787,0.58613896,0.55436146,0.8288151,0.2147987,-0.15673532,0.2532548,0.30783886,0.27236798,0.68304205,0.31018317,0.95282924,-0.040815316,-0.06853386,-0.013432487,0.37521523,0.038094535,0.7336416,0.089793496,1.0,-0.25684202,0.07208402,-0.2005642,0.44057924,-0.09823652,0.68560624,-0.014743826,0.8736239,M
0.0,0.0,-0.307341,0.069352336,-0.5409239,0.2498204,-0.54158926,0.43738636,-0.3921335,0.59633386,-0.41394344,-0.40115947,-0.3798207,0.23738582,-0.33836555,0.67185646,-0.3044353,0.9786592,-0.09523838,-0.4956292,-0.10249941,0.20143716,-0.094928786,0.68102217,-0.105434485,1.0,0.19916521,-0.4342217,0.19203797,0.192563,0.14181256,0.6405002,0.09076832,0.9272171,0.448849,-0.27162942,0.4477749,0.19596402,0.3697412,0.4281934,0.2955219,0.54912,M
0.0,0.0,-0.31549144,0.07574177,-0.56855994,0.15721259,-0.65264857,0.30649137,-0.6340252,0.49523744,-0.5663217,-0.5895667,-0.5416361,0.08886135,-0.5244123,0.5731228,-0.52537555,0.90780216,-0.21316661,-0.6712614,-0.16737574,0.112723656,-0.21790819,0.6332951,-0.2692533,1.0,0.13677843,-0.6144572,0.18252185,0.10881571,0.10477112,0.5798643,0.026488727,0.9108881,0.46028826,-0.4770823,0.50627095,0.009549374,0.40980268,0.3697071,0.3017695,0.62612104,M
0.0,0.0,-0.24385202,0.022388585,-0.46278355,0.1266695,-0.5522932,0.31319505,-0.5974031,0.48271754,-0.60249966,-0.43730032,-0.5645991,0.1689902,-0.5167749,0.59122163,-0.49793383,0.88876843,-0.29456174,-0.5282704,-0.2507153,0.18344006,-0.25102082,0.6629206,-0.2759144,1.0,0.024452139,-0.50476366,0.047134876,0.2081532,-0.0070227818,0.63675153,-0.069721915,0.9346697,0.32396472,-0.4016374,0.309391,0.14696553,0.22332695,0.48741585,0.13151276,0.7297869,M
0.0,0.0,-0.25590628,0.06871898,-0.47049257,0.1914618,-0.56736773,0.3870143,-0.62114114,0.58162653,-0.6911654,-0.36114424,-0.6402489,0.21963026,-0.577288,0.6115514,-0.56039304,0.8842751,-0.39564106,-0.48566544,-0.31716272,0.22112711,-0.31608462,0.67580104,-0.34325293,1.0,-0.081592895,-0.49560037,-0.020058729,0.22415863,-0.069752924,0.6342819,-0.12010949,0.9190356,0.21006027,-0.42912203,0.23432925,0.110674016,0.15078145,0.43001267,0.06647687,0.66139245,M
0.0,0.0,0.25185016,0.08058115,0.39358962,0.20286457,0.38470924,0.3890587,0.3168811,0.57224244,0.26809302,-0.120081246,0.25441816,0.38733348,0.20135766,0.71005845,0.13768712,0.92793626,0.031564355,-0.12422642,0.023835838,0.40375775,0.0011572838,0.7546704,-0.023287352,1.0,-0.18345608,-0.07435776,-0.16107269,0.42668685,-0.13699116,0.72870445,-0.1244682,0.9458093,-0.3592538,0.022455638,-0.32968113,0.3907958,-0.27017224,0.6443167,-0.22443686,0.8294688,M
0.0,0.0,0.45259506,0.14695995,0.75666153,0.2786236,0.80121094,0.39599273,0.5486357,0.46288472,0.5298739,-0.4178417,0.36456218,0.26706582,0.23907317,0.68171203,0.14890778,0.9074328,0.1146623,-0.47690335,0.059112396,0.3278509,0.05530043,0.7508804,0.038546618,1.0,-0.22439276,-0.41251025,-0.21102637,0.3915109,-0.13616939,0.6639311,-0.079548545,0.7724865,-0.4754969,-0.27773577,-0.45300508,0.26649964,-0.35644355,0.40486565,-0.27238917,0.4212641,N
0.0,0.0,0.29286286,-0.06360647,0.5605033,-0.051488586,0.72760963,0.041402534,0.75377446,0.14038347,0.51874936,-0.45278925,0.48600155,0.25067765,0.47026595,0.713913,0.5048303,1.0,0.13413055,-0.447357,0.18296224,0.41879934,0.26046067,0.80084735,0.32443172,0.9927023,-0.20221916,-0.36973685,-0.098586425,0.39700046,-0.03393894,0.5255453,-0.011437804,0.50771576,-0.47731718,-0.24839261,-0.35688016,0.31808156,-0.24919339,0.4115645,-0.18662272,0.3604677,N
0.0,0.0,0.28887984,0.0034447445,0.5616153,0.010904112,0.6620184,0.081304654,0.5470228,0.14511447,0.41214037,-0.3041019,0.39044037,0.34105012,0.36312732,0.7341937,0.37554902,0.9962039,0.0569804,-0.30900753,0.08406345,0.4326957,0.16406442,0.78407955,0.23249565,1.0,-0.23510738,-0.2457095,-0.14291078,0.4161614,-0.071155004,0.5123338,-0.03387483,0.48423183,-0.4547769,-0.14231579,-0.3352368,0.3272081,-0.23008214,0.3555156,-0.18531147,0.27874407,N
0.0,0.0,0.2645825,0.004230931,0.47968662,0.044284876,0.5587051,0.18239328,0.46013597,0.3138895,0.32707405,-0.13987505,0.328036,0.39646316,0.31030548,0.74199283,0.3204684,0.9940506,0.014698614,-0.1409445,0.06604382,0.47677422,0.14193101,0.7847108,0.1960752,1.0,-0.22721553,-0.08911942,-0.11833843,0.4504127,-0.03550427,0.50660557,0.015914477,0.47771248,-0.40010294,-0.004710367,-0.27198693,0.39947703,-0.17450638,0.42027897,-0.13436338,0.36456552,N
0.0,0.0,0.24776746,0.021237012,0.45737457,0.070421584,0.54410964,0.18802445,0.47678402,0.28589627,0.30671412,-0.114105,0.30957124,0.40619847,0.28902254,0.7429625,0.29289508,0.99219775,-0.0026812784,-0.12144026,0.050266568,0.49250278,0.12103335,0.7874579,0.16796039,1.0,-0.24142306,-0.07935889,-0.13078234,0.44526744,-0.034606237,0.49760976,0.02807483,0.4759982,-0.4117724,-0.00217144,-0.29281932,0.39070272,-0.18720952,0.40813488,-0.13487251,0.35442707,N
0.0,0.0,0.26482615,-0.00097502186,0.5028807,0.0024819686,0.6055131,0.0876823,0.5190397,0.16790223,0.31691045,-0.21444646,0.3372707,0.338995,0.32874322,0.7009102,0.33917728,0.9643243,-0.005591937,-0.21080248,0.06776753,0.46033588,0.14608034,0.78116727,0.20217605,1.0,-0.2565904,-0.15494354,-0.13057794,0.43782562,-0.04271897,0.51415294,0.019467827,0.49264622,-0.44287074,-0.0683694,-0.3136025,0.3433899,-0.2184184,0.36996365,-0.17234193,0.3122994,N
0.0,0.0,0.26752612,0.0018771143,0.5256059,-0.011864736,0.6697986,0.033639953,0.6067901,0.06462491,0.3465435,-0.21958908,0.3827589,0.30960536,0.3680797,0.69296336,0.37694353,0.977791,0.022475224,-0.22805847,0.102146275,0.45771796,0.17120367,0.7740427,0.22580317,1.0,-0.22929782,-0.17133574,-0.10540014,0.40764076,-0.027237693,0.45891315,0.02202423,0.43299988,-0.41953984,-0.078030095,-0.28783455,0.31973988,-0.20142461,0.33437952,-0.16693272,0.27550295,N
0.0,0.0,0.27490678,0.000818728,0.52641225,0.013842934,0.64662164,0.077328265,0.5608871,0.14016819,0.38556004,-0.20527366,0.38523522,0.3386075,0.37193128,0.7089634,0.37551853,0.9842262,0.05525488,-0.22774751,0.113536246,0.44638157,0.17108318,0.7692557,0.20436051,1.0,-0.20530933,-0.18595907,-0.08799355,0.43124303,-0.009794457,0.543133,0.041796654,0.5643676,-0.40315378,-0.1069454,-0.27599764,0.31414413,-0.1835393,0.34853685,-0.13789482,0.30415374,N
0.0,0.0,0.27168348,0.035135318,0.51516366,0.0828475,0.6239295,0.16499092,0.5238624,0.19367836,0.38042554,-0.15532608,0.36465046,0.39618418,0.34091336,0.7326453,0.35549578,0.9740327,0.06565587,-0.16919644,0.106249176,0.51795256,0.18427882,0.7998566,0.23763588,1.0,-0.19088829,-0.13210829,-0.08870941,0.46287385,-0.0062587243,0.4733933,0.035677847,0.41832453,-0.38143817,-0.053535152,-0.26069486,0.3883004,-0.15848248,0.3719193,-0.11256627,0.2835842,N
0.0,0.0,0.26664895,0.027529497,0.4611378,0.11241401,0.5175951,0.24108005,0.3984043,0.3299396,0.3118336,-0.11838478,0.29792288,0.4277013,0.28359258,0.7505685,0.28755096,0.9759898,0.022032749,-0.12131169,0.0367491,0.5060099,0.10796735,0.80547816,0.14856172,1.0,-0.21757582,-0.08077355,-0.15409584,0.483625,-0.09449631,0.56918776,-0.07196184,0.5707166,-0.39313728,-0.0049518896,-0.31524038,0.40763155,-0.22504556,0.44836915,-0.18715365,0.4128689,N
0.0,0.0,0.44994488,-0.0047959797,0.8206979,0.013687518,0.9244096,0.10648411,0.7015858,0.20780346,0.3999968,-0.61487263,0.41625383,-0.00069397164,0.41283447,0.46875805,0.38682362,0.8003955,-0.034250006,-0.5914517,0.0247706,0.16320775,0.12983039,0.65842015,0.18066505,1.0,-0.35526732,-0.45539948,-0.22267643,0.2790866,-0.07007841,0.58448064,0.028438995,0.7562279,-0.57108974,-0.28264982,-0.45783788,0.22122245,-0.32474622,0.39715436,-0.23114277,0.47501814,N
0.0,0.0,0.31868827,-0.02942796,0.5593702,-0.044422373,0.6976428,0.038791772,0.6958989,0.14530405,0.44382325,-0.4108218,0.44213668,0.28379002,0.3879649,0.7126399,0.382504,0.9976307,0.05811422,-0.4388969,0.10203187,0.3449784,0.12657692,0.74168986,0.17487562,1.0,-0.25658968,-0.3611741,-0.14661963,0.27599567,-0.08800731,0.3411863,-0.0470049,0.28861192,-0.50791603,-0.21432965,-0.3798281,0.22242992,-0.28795648,0.265856,-0.24866618,0.19322704,N
0.0,0.0,0.2919436,-0.0044601797,0.5543984,0.029125046,0.68912977,0.09511552,0.59881496,0.15012987,0.40822288,-0.31543854,0.3857386,0.2861676,0.3571635,0.67985743,0.3551,0.96389157,0.054211408,-0.32480153,0.1004056,0.38957295,0.14789094,0.7483399,0.18335679,1.0,-0.2356039,-0.26018223,-0.12537867,0.38452974,-0.060528696,0.5692021,-0.015887685,0.652561,-0.4629831,-0.15529016,-0.3485348,0.28188384,-0.25596538,0.35868573,-0.20677577,0.349197,N
0.0,0.0,0.28371814,0.0034225802,0.5342839,0.042699076,0.686023,0.12479071,0.63154346,0.1832168,0.40426722,-0.2534472,0.4244125,0.3025872,0.4045616,0.6703647,0.39885452,0.93735754,0.06259688,-0.2597721,0.12943739,0.41537833,0.19439448,0.75817096,0.23230694,1.0,-0.2130907,-0.19765803,-0.08384119,0.42183164,-0.012406159,0.5679358,0.032667164,0.61598855,-0.4194752,-0.09797321,-0.30009624,0.34922355,-0.20434655,0.42036352,-0.15095958,0.4028911,N
0.0,0.0,0.3215702,0.0043368074,0.62640166,0.010564699,0.8134312,0.038362205,0.74283355,0.045780756,0.4732383,-0.39811754,0.53635263,0.20835613,0.5346886,0.6252179,0.53472215,0.9203874,0.09144234,-0.39318174,0.18625024,0.33098027,0.28597307,0.72718126,0.349556,1.0,-0.21592137,-0.31177655,-0.05796858,0.380812,0.039274987,0.62767625,0.0900964,0.75943446,-0.447592,-0.18745062,-0.29369137,0.29872712,-0.17324778,0.41162872,-0.11392411,0.43085027,N
0.0,0.0,0.38226327,-0.017535271,0.7316997,-0.05840641,0.934238,-0.08083563,0.8367788,-0.10672819,0.51766926,-0.5071842,0.623106,0.13091025,0.6307819,0.56592417,0.63026786,0.88061726,0.094434336,-0.47931442,0.2332799,0.3042967,0.37008816,0.71196187,0.4595349,1.0,-0.2392009,-0.36192328,-0.026641563,0.38670054,0.09195563,0.59944826,0.14931624,0.695103,-0.47882038,-0.19538285,-0.27574527,0.31222445,-0.14362645,0.36494583,-0.090982966,0.3203104,N
0.0,0.0,0.36668095,-0.029895514,0.6971421,-0.055725124,0.8911595,-0.061372247,0.7933646,-0.07945485,0.4823591,-0.5370857,0.56427395,0.10177855,0.5869108,0.5551522,0.5937383,0.8835179,0.058915567,-0.50140136,0.18019275,0.28592563,0.31829545,0.70827246,0.40737674,1.0,-0.27395824,-0.37473765,-0.06802787,0.39250273,0.05965521,0.62957156,0.12260084,0.73535585,-0.51407504,-0.19774266,-0.3143293,0.33639076,-0.17736189,0.4181806,-0.12005946,0.3902278,N
0.0,0.0,0.38842413,-0.025590332,0.7506611,-0.1158415,0.9721118,-0.1924734,0.8832945,-0.2612683,0.52080643,-0.66115445,0.6160598,0.037499372,0.6175723,0.50450855,0.6132371,0.8555688,0.06756215,-0.6359099,0.20674896,0.23183347,0.35491905,0.6768217,0.44867504,1.0,-0.29380247,-0.5029727,-0.07152387,0.32345328,0.0700019,0.53617287,0.1480791,0.6203518,-0.5673762,-0.30810004,-0.3541095,0.26414153,-0.1872036,0.35061607,-0.09875587,0.32441851,N
0.0,0.0,0.42916685,-0.026739275,0.81522983,-0.10652124,1.0,-0.17712751,0.84121305,-0.24404155,0.50535715,-0.7616929,0.6074454,-0.03159074,0.63088256,0.46622294,0.63729,0.83506644,0.014675974,-0.73993564,0.17868862,0.18011169,0.34457165,0.65828145,0.4510227,0.9966641,-0.3732909,-0.5906922,-0.11386566,0.29064316,0.04000424,0.5393116,0.12528367,0.6373489,-0.66065335,-0.37136889,-0.41918892,0.231092,-0.25580254,0.32826722,-0.18003528,0.29613543,N
0.0,0.0,0.37580544,-0.033980805,0.709333,-0.08606551,0.88427925,-0.13725302,0.80060923,-0.17406185,0.4474593,-0.6759357,0.57177985,0.026286082,0.6054165,0.4911314,0.6224814,0.8359215,0.0026544533,-0.62698436,0.18613379,0.21982326,0.33826914,0.6716849,0.43727836,1.0,-0.34190974,-0.46303928,-0.06375862,0.34371907,0.07342846,0.58143383,0.14486319,0.69234365,-0.59806097,-0.24303408,-0.35302353,0.29403588,-0.20607813,0.38848796,-0.14463803,0.37158158,N
0.0,0.0,0.3500928,-0.035484552,0.6780186,-0.103254676,0.86843157,-0.13866708,0.7837728,-0.12883508,0.41364595,-0.5680585,0.5180709,0.10549059,0.55103105,0.5582927,0.57495505,0.8877617,-0.017396195,-0.5294952,0.17079587,0.2921361,0.32555386,0.70713556,0.4283053,1.0,-0.3523986,-0.390468,-0.09097909,0.36651358,0.05227051,0.59615904,0.13515927,0.70832795,-0.6059749,-0.2016958,-0.37823555,0.2984112,-0.22350214,0.41114122,-0.14383619,0.4277665,N
0.0,0.0,0.46006048,-0.014410538,0.8611599,-0.039584417,0.93957,-0.05782802,0.6732364,0.009400705,0.32533255,-0.84170705,0.31349912,-0.04113212,0.27354476,0.5229202,0.21892564,0.95933187,-0.17872758,-0.8141474,-0.10673795,0.061918132,-0.039401855,0.5845961,0.003682185,1.0,-0.55233175,-0.6473971,-0.4031109,0.17141554,-0.27979493,0.5150317,-0.18170369,0.7577187,-0.82176614,-0.41228563,-0.69508773,0.1333651,-0.53641343,0.3724995,-0.41412425,0.5147875,N
0.0,0.0,0.3654276,-0.0402693,0.6731751,-0.079719596,0.816463,-0.0522236,0.75558585,0.0069992556,0.37477294,-0.64709264,0.5196537,0.11757933,0.5664743,0.6056352,0.6232452,0.94675076,-0.08746116,-0.58259875,0.15727843,0.30229712,0.30810767,0.7232622,0.41904742,1.0,-0.4333529,-0.40271747,-0.11593765,0.3819665,0.047797736,0.5848461,0.14102918,0.6473275,-0.6873508,-0.16647094,-0.41709313,0.33136296,-0.26580152,0.41227424,-0.21128935,0.37314653,N
0.0,0.0,0.40085444,-0.08620675,0.7390299,-0.17158744,0.9088431,-0.1525598,0.80203205,-0.08148096,0.38473648,-0.76300114,0.5016219,-0.005752211,0.5582724,0.51366466,0.61879647,0.8919887,-0.086359926,-0.69646823,0.16391855,0.21871887,0.3291374,0.6781302,0.44891277,1.0,-0.45195284,-0.50710225,-0.12657176,0.3376397,0.02408324,0.59156984,0.11145693,0.70498914,-0.72605217,-0.25785613,-0.44872573,0.2768781,-0.2927791,0.37475038,-0.22209924,0.35651153,N
0.0,0.0,0.37505126,-0.061724488,0.6969799,-0.12752466,0.8349184,-0.15864651,0.6978129,-0.15323529,0.34096968,-0.7382093,0.47745723,-0.0114861075,0.5264924,0.47965807,0.56927997,0.84011173,-0.10087994,-0.6646987,0.1601691,0.1887843,0.3120115,0.65364033,0.41705894,1.0,-0.43808773,-0.47791708,-0.11739275,0.30246955,0.039948143,0.58868706,0.13937943,0.7557272,-0.6883646,-0.23758867,-0.43267405,0.25728518,-0.28681764,0.37122738,-0.2218747,0.38966194,N
0.0,0.0,0.34827128,-0.058226243,0.65487766,-0.1375497,0.8484712,-0.15636824,0.77990216,-0.15595211,0.3630564,-0.66453177,0.51441884,0.041509688,0.5695275,0.5109211,0.64163107,0.8528384,-0.06919247,-0.59517884,0.18291573,0.28454635,0.32801834,0.7048669,0.44968984,1.0,-0.39945868,-0.40564865,-0.10407342,0.34566605,-0.039727367,0.46949637,-0.01361405,0.4800753,-0.6467053,-0.16165565,-0.3921403,0.32633176,-0.3037876,0.35809207,-0.29531977,0.29232004,N
0.0,0.0,0.3335523,-0.09145764,0.6320741,-0.24722937,0.8569309,-0.3299444,0.89157844,-0.39293158,0.35880324,-0.5944375,0.5287449,0.09197796,0.5903982,0.5624149,0.64416087,0.8993834,-0.055968724,-0.5121364,0.21731165,0.31470296,0.38288432,0.7207264,0.49389642,1.0,-0.36625463,-0.3432701,-0.0389948,0.36941636,0.07896259,0.5120778,0.12905098,0.54017353,-0.59630054,-0.13247408,-0.3151416,0.3370174,-0.19364561,0.38163844,-0.16059375,0.3328534,N
0.0,0.0,0.32513118,-0.07632413,0.62706953,-0.21703377,0.84532475,-0.34708682,0.9421424,-0.49968535,0.34890777,-0.52126986,0.515061,0.1351156,0.55170256,0.56586075,0.5756224,0.8809455,-0.045195166,-0.45026785,0.2087931,0.34535173,0.36152017,0.721355,0.4642113,1.0,-0.33504993,-0.3061069,-0.052192494,0.3774567,0.073712446,0.5111125,0.13973713,0.55663043,-0.55447346,-0.11893465,-0.31764233,0.33488733,-0.19282556,0.39140323,-0.14693102,0.37466678,N
0.0,0.0,0.3384644,-0.040468797,0.63667446,-0.047368262,0.76051944,-0.044504397,0.6248451,-0.01607484,0.3451055,-0.51848835,0.48530793,0.13583384,0.5275788,0.5509612,0.5597725,0.84995,-0.037460286,-0.45820504,0.20129448,0.31963587,0.3419428,0.7087615,0.43374875,1.0,-0.32682496,-0.30968544,-0.044173058,0.3832797,0.09904535,0.59674865,0.18838258,0.7142846,-0.53900605,-0.119131364,-0.32023063,0.32284504,-0.21193708,0.3915334,-0.16979608,0.38526726,N
0.0,0.0,0.34809068,-0.06712819,0.6666002,-0.16504638,0.8664378,-0.2273712,0.8093334,-0.2658037,0.4070234,-0.7079388,0.5760071,0.029252652,0.6214267,0.5154045,0.66511685,0.86101246,-0.031462256,-0.6489305,0.2373994,0.25771815,0.39615244,0.69633275,0.49922523,1.0,-0.37163994,-0.4768371,-0.053243008,0.33073243,0.07621559,0.53329784,0.13837697,0.60205597,-0.6265749,-0.24751589,-0.36138645,0.28021064,-0.240898,0.3480467,-0.21136086,0.30435953,N
0.0,0.0,0.34269938,-0.07222545,0.6367745,-0.19388291,0.8083707,-0.24847293,0.7236264,-0.25956538,0.3849556,-0.6434621,0.5226591,0.068608895,0.5868631,0.5492466,0.6486085,0.895611,-0.060218975,-0.5926584,0.18865259,0.27711806,0.36675662,0.70380205,0.48794082,1.0,-0.40307668,-0.43926412,-0.09437125,0.33826786,0.028938014,0.5046816,0.09483414,0.5513515,-0.66028696,-0.23257868,-0.39118224,0.27878132,-0.2542144,0.3425732,-0.19793323,0.29923043,N
0.0,0.0,0.32949045,-0.07146269,0.6054328,-0.18200515,0.796112,-0.22776422,0.778282,-0.253883,0.38331628,-0.57297146,0.5339331,0.14164735,0.5828496,0.61501247,0.63629067,0.9612271,-0.03449387,-0.511288,0.21868993,0.3367325,0.37262732,0.728348,0.47991434,1.0,-0.35325357,-0.35669369,-0.06059797,0.35442865,0.02879956,0.43387514,0.057184085,0.40037665,-0.5957413,-0.15027362,-0.3396647,0.3369967,-0.22932355,0.36136428,-0.20668612,0.2827077,N
0.0,0.0,0.4674011,-0.005401099,0.8915228,-0.052139465,0.97750145,-0.09165292,0.6910872,-0.029782599,0.3273779,-0.8902825,0.31096256,-0.03905372,0.26543123,0.55243677,0.2148774,1.0,-0.17742945,-0.8642629,-0.09644346,0.071208864,-0.015117435,0.590299,0.04912969,0.99278194,-0.55697525,-0.6979439,-0.40473866,0.16090053,-0.28401795,0.5117198,-0.18142892,0.75310975,-0.84193,-0.46309373,-0.7130592,0.09751687,-0.5633469,0.34203848,-0.44826862,0.4781593,N
0.0,0.0,0.36452383,-0.09555742,0.6327259,-0.14769605,0.7703685,-0.08060142,0.7077243,0.042793825,0.39143765,-0.67236435,0.55042773,0.109806746,0.6036025,0.62284434,0.67810386,0.9503104,-0.058328636,-0.60511553,0.19413081,0.2974668,0.34263426,0.73295826,0.4624771,1.0,-0.40189812,-0.4185257,-0.120856084,0.30037063,0.008409911,0.37570208,0.06713618,0.31028613,-0.6481414,-0.1698343,-0.40199313,0.33292943,-0.270678,0.37317085,-0.23285702,0.28601214,N
0.0,0.0,0.3804411,-0.096400276,0.69234264,-0.15538615,0.863555,-0.13276736,0.80804074,-0.08916195,0.45794266,-0.75065655,0.60703814,0.05676931,0.6713488,0.59088475,0.75049543,0.9504586,-0.009758415,-0.65647465,0.23706272,0.2630722,0.4134185,0.71597475,0.54403687,1.0,-0.377809,-0.44739327,-0.05817736,0.31965277,0.079417735,0.41146895,0.13072743,0.36109594,-0.64550024,-0.18141197,-0.35792834,0.34216008,-0.21141712,0.34540504,-0.16622077,0.22008513,N
0.0,0.0,0.34972823,-0.059029076,0.64531904,-0.12772745,0.8348826,-0.11063075,0.78575987,-0.07510225,0.44120586,-0.5984536,0.58097154,0.1669007,0.6273353,0.6571468,0.69351125,0.985492,0.008499208,-0.5221445,0.23373859,0.3391158,0.3936711,0.7460323,0.5145144,1.0,-0.33079913,-0.34946752,-0.044748515,0.35324416,0.053209275,0.39813563,0.0803715,0.31632397,-0.5791935,-0.12427583,-0.3252642,0.36689594,-0.19744316,0.35558194,-0.16204564,0.23483372,N
0.0,0.0,0.34811783,-0.06079622,0.655061,-0.13615873,0.81544966,-0.15189925,0.6850757,-0.1492617,0.42263308,-0.5977211,0.5687718,0.0951098,0.61792696,0.58908373,0.67368907,0.9353745,-0.0065426137,-0.53154683,0.22975777,0.3103444,0.39439613,0.7248231,0.5097201,1.0,-0.34097514,-0.37177834,-0.039151203,0.3437279,0.06819829,0.4400522,0.10852896,0.42077,-0.5856307,-0.1638814,-0.31957904,0.32618836,-0.1967344,0.34722495,-0.1602878,0.27023268,N
0.0,0.0,0.35109276,-0.082122065,0.64160067,-0.15089948,0.78368765,-0.13056064,0.65069157,-0.09079196,0.39549574,-0.6059678,0.5489806,0.114226975,0.61420476,0.60453665,0.687029,0.94358003,-0.024551474,-0.5271412,0.22908352,0.33959234,0.4015448,0.7368828,0.5202478,1.0,-0.34993368,-0.3519653,-0.030403493,0.37896785,0.06658579,0.4223556,0.091645524,0.3590078,-0.58594173,-0.12786718,-0.30420467,0.38710934,-0.17769846,0.37237462,-0.14539102,0.25670025,N
0.0,0.0,0.32844964,-0.081894316,0.62997454,-0.1620816,0.82683873,-0.16382028,0.76728815,-0.14744832,0.42173272,-0.542064,0.5807113,0.16344945,0.65710807,0.6413825,0.7356759,0.9717952,0.0113978395,-0.4637817,0.2615144,0.3823661,0.43873167,0.7545814,0.55870837,1.0,-0.3083653,-0.30386207,-0.00723363,0.40865353,0.06852702,0.46994886,0.0772795,0.42870197,-0.5456287,-0.09728379,-0.2835228,0.3825337,-0.18073602,0.3895362,-0.16880506,0.31133255,N
0.0,0.0,0.36160555,-0.1132818,0.6628313,-0.22401692,0.8230024,-0.23411117,0.74070704,-0.18711767,0.4639797,-0.6655673,0.64675486,0.053543277,0.72291094,0.558627,0.80341965,0.91344315,0.036422696,-0.591441,0.30820143,0.30366677,0.49137777,0.7204991,0.6247191,1.0,-0.31420982,-0.42799285,0.0048894137,0.3464321,0.07730266,0.45843798,0.093880944,0.46811396,-0.577036,-0.2193576,-0.2845818,0.30142602,-0.15453903,0.3217749,-0.11074999,0.2553802,N
0.0,0.0,0.4145063,-0.13417602,0.7403816,-0.26023683,0.9554813,-0.23954956,0.96690834,-0.16040649,0.6064368,-0.9170835,0.77437353,-0.13736378,0.82022476,0.46371892,0.88542664,0.88130194,0.118997455,-0.84846544,0.38316512,0.18187383,0.57833016,0.6821664,0.72142184,1.0,-0.2929735,-0.65481126,0.021318613,0.21829699,0.12082353,0.32795706,0.14757293,0.3063373,-0.61155033,-0.3998161,-0.3274415,0.17414449,-0.17437775,0.1895156,-0.10648498,0.084423736,N
0.0,0.0,0.39233565,-0.11420244,0.6710526,-0.16268055,0.8409097,-0.07742694,0.84899354,0.059891593,0.572046,-0.72872406,0.7455,0.059541646,0.7935357,0.5803179,0.85584366,0.932469,0.117936835,-0.6442393,0.33074462,0.31512883,0.5223796,0.7437617,0.6534958,1.0,-0.27184057,-0.4554229,-0.010850588,0.34926504,0.07938175,0.3991199,0.08582883,0.3250857,-0.5661858,-0.21980816,-0.33538425,0.31912324,-0.21506348,0.29657435,-0.19090675,0.16452426,N
0.0,0.0,0.39770222,-0.12777081,0.67006963,-0.16439526,0.7763474,-0.038717724,0.7757429,0.19130845,0.61154306,-0.7532176,0.80793744,0.07472721,0.8447024,0.5770467,0.9125787,0.9079814,0.15061787,-0.687241,0.3591801,0.2890476,0.53979033,0.73667145,0.6739675,1.0,-0.24635102,-0.4893061,0.016750947,0.34116614,0.1052977,0.37860602,0.118530765,0.27749112,-0.55042535,-0.23902586,-0.28361687,0.3184474,-0.16767253,0.2742966,-0.1551661,0.113840744,N
0.0,0.0,0.4154133,0.0020232713,0.7306527,0.019060938,0.7790003,0.14246275,0.51774186,0.30930474,0.30894253,-0.53162277,0.30644593,0.07249427,0.29220742,0.54184306,0.26005536,0.86489624,-0.08469437,-0.47712514,-0.03134313,0.23560016,0.059434444,0.69582474,0.09460849,1.0,-0.37848318,-0.32517815,-0.24624741,0.3697971,-0.10855328,0.6965457,-0.022622064,0.8907016,-0.5719784,-0.14213505,-0.45210165,0.33522674,-0.32735348,0.5714242,-0.23554525,0.7176467,N
0.0,0.0,0.3359992,-0.11829144,0.59557456,-0.17729974,0.70435613,-0.06346728,0.7534055,0.057953324,0.55595845,-0.83595514,0.78409535,-0.4292753,0.89420784,-0.055760577,1.0,0.21362019,0.15185368,-0.7773653,0.46109277,0.08899924,0.55923593,0.44403568,0.61030924,0.62799007,-0.19294882,-0.5638504,0.12601143,0.21171153,0.1398431,0.14755163,0.0943155,-0.041358992,-0.48492053,-0.30647257,-0.17010954,0.25316733,-0.09974243,0.23263355,-0.1160842,0.049153835,N
0.0,0.0,0.36746314,-0.043043394,0.61199516,1.9110796e-05,0.6988754,0.18238708,0.7204482,0.41432065,0.6013658,-0.52216613,0.7446075,0.23243618,0.7794733,0.684988,0.8574407,0.97670203,0.18665166,-0.4757624,0.37695742,0.44794467,0.4975625,0.8204382,0.5819209,1.0,-0.18698327,-0.31060222,0.023545584,0.48139352,0.075257845,0.47174776,0.069207385,0.3146458,-0.48912045,-0.10882422,-0.28414008,0.48614213,-0.16986851,0.46548203,-0.13489375,0.29895467,N
0.0,0.0,0.338869,-0.06449336,0.59690094,-0.08101681,0.7321904,0.01969349,0.7643614,0.18677166,0.5828081,-0.54286593,0.687546,0.18510401,0.68924814,0.63620114,0.7282284,0.94635993,0.20804726,-0.51660156,0.3416928,0.3278816,0.45155603,0.7369238,0.54089403,1.0,-0.13272406,-0.3764719,0.03704939,0.34553686,0.08609926,0.37379557,0.08274693,0.30304182,-0.40959355,-0.17971508,-0.22404239,0.3256868,-0.12651236,0.2976272,-0.110344484,0.17652835,N
0.0,0.0,0.37568796,-0.092402846,0.65098816,-0.12066542,0.79683506,-0.016071035,0.8135442,0.13796696,0.5599107,-0.59935313,0.68067265,0.15135166,0.6997742,0.61374587,0.7503385,0.93638295,0.17131026,-0.5555783,0.30789876,0.33750346,0.43888497,0.74600834,0.5491281,1.0,-0.1673023,-0.39616475,0.022371737,0.35828644,0.07341885,0.36223042,0.06657823,0.26151508,-0.43473879,-0.18272333,-0.22529253,0.36268565,-0.121892996,0.32525623,-0.10795952,0.18856528,N
0.0,0.0,0.3918737,-0.08341454,0.6932819,-0.12492314,0.87682575,-0.036002286,0.9410547,0.095790185,0.5823844,-0.68579495,0.6950737,0.12247026,0.71942186,0.62431616,0.7633388,0.97353464,0.1413861,-0.61771446,0.28281233,0.33737558,0.42693985,0.7559529,0.5347777,1.0,-0.23740345,-0.43344784,-0.028313491,0.3537023,0.030174077,0.36730048,0.02465765,0.26128447,-0.52764994,-0.19654408,-0.30507883,0.35714847,-0.18192701,0.31155917,-0.14829898,0.15585129,N
0.0,0.0,0.3420567,-0.07215914,0.6328003,-0.11973919,0.86961144,-0.019767711,1.0,0.1187914,0.551157,-0.6341283,0.66673446,0.055834163,0.6867846,0.51144564,0.7222112,0.836089,0.16261785,-0.57250947,0.29031804,0.2788354,0.42551652,0.6672725,0.51760244,0.9097427,-0.18258993,-0.40932867,0.00045591473,0.28740793,0.06508428,0.32766137,0.05999421,0.25518504,-0.45540223,-0.19799036,-0.26991215,0.2826449,-0.15810348,0.24324031,-0.12778081,0.101694316,N
0.0,0.0,0.35726374,-0.059311114,0.6671303,-0.0903916,0.89519,0.017091824,1.0,0.15437232,0.54384464,-0.6434469,0.67889917,0.048749603,0.71334094,0.5067207,0.74782944,0.83875126,0.14184646,-0.5898085,0.3063393,0.25966623,0.44401544,0.6550523,0.5284753,0.9084651,-0.19847625,-0.42759573,0.023777304,0.2963538,0.082510985,0.35624656,0.06524583,0.3027968,-0.46042597,-0.2149146,-0.24028672,0.28269532,-0.1239253,0.2500902,-0.09553557,0.117608726,N
0.0,0.0,0.36481234,-0.060443968,0.6911577,-0.12388947,0.9376381,-0.054703098,1.0,0.040339313,0.5332631,-0.7311505,0.65266967,0.0053029926,0.69424653,0.5245919,0.73508,0.89448357,0.10416338,-0.68707824,0.26721805,0.25109893,0.4218982,0.693033,0.5184398,0.97715795,-0.26151225,-0.53159004,-0.03500904,0.27442765,0.023348507,0.36180896,0.0078053866,0.31943768,-0.5438721,-0.31883544,-0.3280229,0.23806569,-0.22157402,0.24613483,-0.20284528,0.13994373,N
0.0,0.0,0.36402464,-0.071621105,0.683838,-0.1386038,0.90122545,-0.08329249,0.8330022,0.012565142,0.4766818,-0.6832937,0.61561126,-0.0018756712,0.6552211,0.49982068,0.6844322,0.8690607,0.06307761,-0.6318311,0.2581448,0.26924407,0.41221344,0.698858,0.5011657,1.0,-0.2876575,-0.48272794,-0.023121808,0.29337952,0.050130304,0.3794048,0.050510317,0.35720286,-0.55261326,-0.2782656,-0.29981232,0.27837923,-0.17491367,0.30871302,-0.13783208,0.2291728,N
0.0,0.0,0.3638985,-0.070146956,0.6988377,-0.15861382,0.9090966,-0.14256573,0.7444059,-0.07502709,0.47814295,-0.73863965,0.58724856,-0.204184,0.62626547,0.26747665,0.6518784,0.6286554,0.039388098,-0.7023663,0.21991591,0.1758381,0.35791263,0.65608245,0.43690062,1.0,-0.32938606,-0.55225885,-0.07690188,0.24492593,0.028507132,0.47209612,0.077626094,0.5781231,-0.6076105,-0.34727886,-0.37435824,0.19883968,-0.23432574,0.32579005,-0.15700768,0.34510076,N
0.0,0.0,0.4447833,-0.028145896,0.8637655,-0.05292406,0.9439619,-0.060596604,0.68065006,0.024635462,0.33578163,-0.8032204,0.31295192,-0.0209659,0.29124373,0.53422374,0.24963269,0.9716325,-0.14475478,-0.79462385,-0.06382212,0.08208616,0.022226542,0.58743525,0.06526169,1.0,-0.48749015,-0.65203243,-0.35398075,0.17594485,-0.22196929,0.5421182,-0.11382945,0.8160831,-0.72966,-0.44719,-0.6304967,0.092821136,-0.4925193,0.3321402,-0.3702665,0.48547262,N
0.0,0.0,0.48932847,-0.05263538,0.85567385,-0.013616032,1.0,0.16469665,0.80440813,0.36511928,0.55675715,-0.7565149,0.6870195,0.16759342,0.67054904,0.62156516,0.6926376,0.9357697,-0.029130615,-0.68241256,0.20435461,0.39180213,0.3034023,0.7330932,0.36076152,0.9333074,-0.5005609,-0.46731025,-0.19024566,0.46426612,-0.07172287,0.471596,-0.03984809,0.3159959,-0.83996516,-0.17918094,-0.5253714,0.46146432,-0.38546428,0.44594783,-0.35074198,0.25984117,N
0.0,0.0,0.32642075,-0.043424364,0.6154612,-0.019924343,0.7910073,0.07417521,0.7196049,0.14665061,0.41007873,-0.49114504,0.46067983,0.2546589,0.43584883,0.6934657,0.4389555,1.0,-0.020782366,-0.423572,0.11571502,0.40994278,0.22216873,0.7569377,0.2812191,0.9922786,-0.3540478,-0.28064215,-0.13202378,0.43227127,-0.018896922,0.48676622,0.02194091,0.42135644,-0.5888395,-0.09170563,-0.35954735,0.41863516,-0.233351,0.4387418,-0.18222408,0.3381147,N
0.0,0.0,0.3070866,-0.025137218,0.573148,-0.0060280506,0.7083071,0.07378315,0.60377836,0.1712198,0.32527944,-0.39356998,0.3717349,0.2696464,0.3506734,0.67973566,0.3437596,0.98200953,-0.056718707,-0.33690986,0.09584203,0.4030247,0.19430335,0.7481561,0.26056907,1.0,-0.34306213,-0.22323886,-0.10859992,0.43902597,0.014923643,0.58689165,0.08443453,0.62774354,-0.5475837,-0.068818375,-0.32943654,0.38424286,-0.19560574,0.45364246,-0.12656754,0.42774987,N
0.0,0.0,0.2734604,-0.037137493,0.5354298,-0.16366261,0.7876759,-0.29985708,1.0,-0.4663846,0.27869973,-0.3741065,0.31197497,0.18850584,0.30920404,0.5344335,0.29864454,0.79416376,-0.06058952,-0.33157423,0.055288505,0.3143938,0.15386023,0.6101528,0.21182282,0.8154332,-0.30035746,-0.23194118,-0.12710536,0.34524924,-0.020147912,0.4642795,0.039222974,0.48885766,-0.47021583,-0.09041758,-0.31162596,0.28333056,-0.20180137,0.34750843,-0.14841488,0.3270495,N
0.0,0.0,0.2919558,-0.026455265,0.5580573,-0.15443009,0.8063691,-0.30636236,1.0,-0.4909476,0.22400495,-0.32094538,0.20418228,0.18279785,0.19243361,0.5292185,0.1829943,0.7895266,-0.096084915,-0.2856796,-0.0043498445,0.3212076,0.12014598,0.58548355,0.212735,0.7792055,-0.31468403,-0.20931496,-0.1953297,0.29388863,-0.083691575,0.32860428,-0.0077721947,0.30917007,-0.47122777,-0.09562532,-0.35562626,0.25859183,-0.2384085,0.29945374,-0.16192813,0.28439942,N
0.0,0.0,0.31093594,-0.027230972,0.5528618,-0.2004163,0.7933385,-0.36869958,1.0,-0.5615509,0.21373184,-0.42292416,0.20828284,-0.06660308,0.23584867,0.17565516,0.26772884,0.39986062,-0.10308614,-0.43228766,-0.014588903,0.21620597,0.051380288,0.5070781,0.10664551,0.74951357,-0.3254106,-0.35001248,-0.2253549,0.2145725,-0.13093342,0.26343846,-0.04437339,0.26360533,-0.49031258,-0.21246614,-0.39782202,0.18510266,-0.2692902,0.25068113,-0.15741485,0.24230133,N
0.0,0.0,0.28479886,-0.018335171,0.5378891,-0.15299648,0.788476,-0.30169323,1.0,-0.4734087,0.21744795,-0.34287938,0.21975602,0.0031229907,0.24383292,0.15496871,0.267076,0.30821636,-0.07325627,-0.3454435,0.005343344,0.24030998,0.030864997,0.53156054,0.051170565,0.79769105,-0.2814187,-0.2794289,-0.18699908,0.26915482,-0.11876108,0.43497777,-0.045783963,0.5563325,-0.4391585,-0.16153148,-0.3738651,0.21659046,-0.28641444,0.3676843,-0.20677339,0.470477,N
0.0,0.0,0.27949342,-0.0054452936,0.5506515,-0.14550166,0.8049961,-0.29753634,1.0,-0.47165415,0.25793466,-0.3355856,0.28011385,-0.02684909,0.31750646,0.0915593,0.34979913,0.19358388,-0.030579545,-0.36386403,0.023520583,0.20607392,0.01893678,0.52818435,0.012848921,0.77702326,-0.25042036,-0.31040427,-0.21018347,0.20949495,-0.21639748,0.38868868,-0.20726825,0.48480627,-0.41982916,-0.20116927,-0.4012271,0.17812471,-0.36992666,0.35380575,-0.33781847,0.4484579,N
0.0,0.0,0.25199443,0.086134955,0.5227052,0.12325059,0.7564248,0.073861524,0.9305684,-0.037082367,0.26312438,0.0810962,0.27796474,0.3147999,0.30843663,0.40204912,0.30942765,0.5097338,0.024105003,0.081219025,0.046704456,0.5478217,0.03661413,0.8016855,-0.0022264784,1.0,-0.16085397,0.10341389,-0.11599461,0.56898785,-0.09439982,0.7645814,-0.082196295,0.8979947,-0.298261,0.14626066,-0.26837838,0.48351815,-0.24411507,0.66308,-0.23016392,0.78346735,N
0.0,0.0,0.17493589,0.07508529,0.39540157,0.19040032,0.5886873,0.24369697,0.72075665,0.27145857,0.26824462,0.28324345,0.32190087,0.50564915,0.3277357,0.59484035,0.310674,0.63642806,0.09223123,0.31477028,0.11680098,0.6363874,0.10953009,0.84127295,0.086282834,1.0,-0.06677096,0.32742342,-0.07631794,0.6228789,-0.09315155,0.8213788,-0.1124281,0.98057413,-0.20001312,0.3286359,-0.23834984,0.55170155,-0.2631569,0.70689046,-0.27819186,0.8400835,N
0.0,0.0,0.27171266,0.1841173,0.46233875,0.3956718,0.47844908,0.60274917,0.32715243,0.67740905,0.261253,0.23369391,0.2312368,0.5426999,0.19848506,0.7647993,0.17044593,0.9483001,0.04522271,0.21646723,0.06142799,0.5663475,0.07051132,0.82400286,0.0848697,1.0,-0.12178066,0.24314974,-0.10244206,0.60304475,-0.020543125,0.7478089,0.04974828,0.77161664,-0.2512165,0.30506614,-0.21075654,0.58343124,-0.119937986,0.6815735,-0.036115143,0.68184143,N
0.0,0.0,0.20247848,0.13335434,0.34084603,0.32858267,0.3228052,0.50428665,0.19898045,0.61817724,0.31460804,0.1403379,0.28218657,0.4652817,0.23301242,0.66500276,0.17831215,0.8205229,0.12165546,0.07328906,0.06830436,0.5011234,0.011828292,0.7726721,-0.039613146,0.9596977,-0.06563757,0.07410362,-0.11166463,0.5256034,-0.14596644,0.8162531,-0.17583668,1.0,-0.21714301,0.12551288,-0.1991069,0.4743599,-0.18545076,0.69617695,-0.17879042,0.85543644,N
0.0,0.0,0.22328705,0.13659967,0.35897732,0.32978553,0.32007366,0.46641454,0.16340953,0.54409045,0.23837392,0.12263471,0.1943361,0.47338456,0.16356234,0.7326141,0.111712754,0.9367457,0.012046324,0.07346743,-0.011004006,0.48169407,-0.025298988,0.7819205,-0.0431074,1.0,-0.17025757,0.07446557,-0.19191605,0.49078858,-0.16172189,0.75262696,-0.15197949,0.91206205,-0.3085358,0.105732515,-0.29650638,0.43912047,-0.26778755,0.5889881,-0.25475135,0.6616384,N
0.0,0.0,0.18369387,0.105069354,0.35365492,0.27183592,0.38973778,0.4369286,0.30445316,0.5617293,0.26813224,0.16371433,0.28060102,0.48481494,0.25180793,0.72220397,0.2034761,0.90232736,0.07724819,0.16252066,0.082620986,0.52996534,0.05652384,0.79056436,0.01916261,1.0,-0.09509895,0.16854969,-0.11416124,0.50920373,-0.13149582,0.7359351,-0.14222221,0.89137423,-0.2328398,0.18749867,-0.23479094,0.45349547,-0.24229196,0.62092173,-0.23852457,0.73626274,N
0.0,0.0,0.13464913,0.12184822,0.22529484,0.317089,0.24718286,0.5040298,0.19882278,0.65368575,0.21873483,0.30522645,0.25314838,0.5832258,0.24258097,0.78803045,0.21720439,0.9472155,0.085969105,0.30516183,0.09060289,0.5995002,0.07823169,0.8212383,0.058205195,1.0,-0.05881886,0.29831493,-0.0709625,0.5840459,-0.07279357,0.7885163,-0.07711808,0.9396189,-0.19802414,0.28989413,-0.2161595,0.5153673,-0.22387977,0.6711399,-0.23113176,0.7867595,N
0.0,0.0,0.3218962,-0.1432358,0.5147678,-0.30559513,0.6506234,-0.4579633,0.69633895,-0.65412563,0.14327309,-0.6963729,0.31721616,-0.9282181,0.5295756,-0.8723852,0.66365373,-0.76522523,0.058409497,-0.71721804,0.27913618,-1.0,0.5330359,-0.9203868,0.6728305,-0.7649688,-0.003611359,-0.72119343,0.23143333,-0.99235296,0.49840295,-0.9125824,0.6456848,-0.7653133,-0.038046986,-0.6964081,0.18191946,-0.89709246,0.39571142,-0.8667437,0.5365309,-0.7758425,O
0.0,0.0,0.20943761,-0.34412205,0.25288025,-0.55492914,0.29087886,-0.73218435,0.2658035,-0.8958027,-0.20311248,-0.65836895,-0.12345148,-0.90828925,0.049537838,-0.9662161,0.1765245,-0.96058375,-0.26952392,-0.65394586,-0.15867276,-0.9517381,0.032182667,-1.0,0.17547311,-0.965544,-0.27440315,-0.6465462,-0.1632385,-0.9447294,0.034511197,-0.99607706,0.17549673,-0.9649172,-0.22291243,-0.63369745,-0.14214742,-0.8886485,0.008671032,-0.9625456,0.1402957,-0.9652702,O
0.0,0.0,0.26552394,-0.16362223,0.43633458,-0.3628266,0.5322153,-0.5635253,0.5594906,-0.77961487,0.11142115,-0.56418866,0.23729624,-0.7413315,0.3968945,-0.8097957,0.52003646,-0.84610367,0.03457137,-0.6181697,0.18338276,-0.83011615,0.3520581,-0.89354104,0.504955,-0.89384806,-0.059175495,-0.6688297,0.08634484,-0.90183157,0.2653164,-0.9559405,0.41908118,-0.93181,-0.16183215,-0.7051921,-0.06358546,-0.9385364,0.09875122,-1.0,0.25611764,-0.97750944,O
0.0,0.0,0.27779713,-0.15319353,0.45701486,-0.34747973,0.5381957,-0.550283,0.5724604,-0.7719512,0.094614,-0.5432744,0.22724046,-0.72147053,0.3830164,-0.7935791,0.49432194,-0.8146154,0.018882658,-0.59949446,0.17762235,-0.8192194,0.354033,-0.8815031,0.5051085,-0.8671949,-0.07329639,-0.6513271,0.08845149,-0.8873363,0.28553686,-0.9379343,0.4435004,-0.89752626,-0.17461157,-0.6955076,-0.08595872,-0.9320558,0.08098128,-1.0,0.24763617,-0.97968805,O
0.0,0.0,0.26827672,-0.16222046,0.44884127,-0.35895988,0.51846844,-0.5655815,0.5619073,-0.78680354,0.072630525,-0.5287726,0.20342961,-0.71796244,0.36741465,-0.7917917,0.49041903,-0.810903,0.0021177144,-0.5830064,0.15961394,-0.8127818,0.33937934,-0.87656426,0.49557862,-0.8605121,-0.08814715,-0.6382229,0.06999365,-0.8885887,0.26870057,-0.9394594,0.4309581,-0.89738846,-0.19378811,-0.6881146,-0.08955144,-0.9316652,0.08848271,-1.0,0.26023036,-0.978821,O
0.0,0.0,0.24984099,-0.1679966,0.42226437,-0.3865463,0.49368334,-0.58845526,0.53674597,-0.7986535,0.07240977,-0.5630516,0.1998981,-0.73828554,0.35434544,-0.8050475,0.46659148,-0.8248991,-0.0031537928,-0.6102343,0.1427979,-0.8184399,0.30944145,-0.8745397,0.45584372,-0.8645207,-0.09573574,-0.6528473,0.039453246,-0.89456904,0.22004788,-0.949045,0.37397194,-0.9189621,-0.19825937,-0.68351454,-0.114800036,-0.9263385,0.04656576,-1.0,0.21027529,-0.9873511,O
0.0,0.0,0.27040768,-0.16163109,0.45452738,-0.3652236,0.52255386,-0.5737467,0.55810726,-0.7975526,0.095036864,-0.56699836,0.21602824,-0.75262976,0.37139082,-0.8207092,0.48473307,-0.8388326,0.018132571,-0.6117282,0.15379329,-0.8411391,0.32120836,-0.90185416,0.4684096,-0.8871856,-0.074986435,-0.65286124,0.050580714,-0.9065449,0.23537429,-0.95908314,0.3879164,-0.9243245,-0.17708762,-0.68262297,-0.093879625,-0.93485045,0.069448076,-1.0,0.22750957,-0.97923946,O
0.0,0.0,0.26780325,-0.18100141,0.4425932,-0.38450316,0.5044569,-0.5872774,0.5356013,-0.809367,0.08103322,-0.5647557,0.19867255,-0.74817395,0.34909287,-0.8208883,0.46043238,-0.8484793,0.0031887786,-0.6102088,0.1342864,-0.8437513,0.30380458,-0.9043267,0.45200795,-0.88895553,-0.08875003,-0.6499726,0.037099056,-0.9088888,0.22930585,-0.9628699,0.38662156,-0.9263257,-0.186914,-0.67640793,-0.09930872,-0.934745,0.06904001,-1.0,0.22993362,-0.9743599,O
0.0,0.0,0.25288036,-0.1676356,0.43340415,-0.3805992,0.4983053,-0.58634394,0.5178043,-0.8077579,0.064970605,-0.5634663,0.19181246,-0.75332123,0.34850064,-0.823849,0.46044114,-0.8481064,-0.012533834,-0.6071098,0.12398239,-0.8424735,0.29531562,-0.91160476,0.44755936,-0.90757173,-0.102218606,-0.6464909,0.02448838,-0.90590805,0.21276279,-0.96887857,0.37031794,-0.9472764,-0.19421177,-0.67476404,-0.10449772,-0.93097955,0.05922648,-1.0,0.21894787,-0.98458296,O
0.0,0.0,0.2628966,-0.16455315,0.45338565,-0.379296,0.5235396,-0.5827446,0.54473895,-0.8041368,0.107445925,-0.5912224,0.22985946,-0.78792447,0.3830764,-0.8492314,0.4954926,-0.85533744,0.026343863,-0.6337974,0.1692788,-0.8663537,0.33234173,-0.916009,0.47159916,-0.8907972,-0.07271826,-0.67027116,0.07132162,-0.92086846,0.25435397,-0.9632292,0.40103507,-0.9191169,-0.1849746,-0.69335407,-0.100478634,-0.94145584,0.061792273,-1.0,0.22025704,-0.97013336,O
0.0,0.0,0.26051503,-0.16015331,0.4439429,-0.37197068,0.499142,-0.5889111,0.52419823,-0.81386197,0.097741015,-0.60409445,0.21657883,-0.785307,0.3620358,-0.8517881,0.46886876,-0.8746831,0.0072597046,-0.6493453,0.13661802,-0.8757569,0.30084112,-0.9362869,0.44139764,-0.9205036,-0.09906346,-0.685438,0.021131376,-0.9387029,0.20468716,-0.99419034,0.35611302,-0.9631921,-0.21489282,-0.70058614,-0.13436455,-0.9409522,0.033318933,-1.0,0.19505389,-0.9723577,O
0.0,0.0,0.2558552,-0.15912549,0.4283329,-0.37163222,0.48077157,-0.58540994,0.50632304,-0.80090064,0.08370445,-0.59816,0.17206095,-0.78801954,0.32426018,-0.8571068,0.4492132,-0.8753081,-0.008788971,-0.64146924,0.08879133,-0.8914063,0.26207075,-0.9529087,0.4147139,-0.92390025,-0.10850775,-0.67529374,-0.039108254,-0.9467197,0.14945692,-1.0,0.32019365,-0.9634824,-0.21717688,-0.6756944,-0.17152242,-0.9211014,-0.010121969,-0.99431217,0.15768316,-0.9840128,O
0.0,0.0,0.24182084,-0.17732374,0.4193846,-0.38638204,0.46690297,-0.6002855,0.4691569,-0.82086515,0.06896616,-0.5918543,0.15655033,-0.77944285,0.29789308,-0.85773677,0.41246706,-0.881007,-0.030057855,-0.6339856,0.05103741,-0.8894512,0.22052008,-0.9501848,0.37273514,-0.90831715,-0.13842216,-0.66127986,-0.09421259,-0.9355386,0.09750234,-1.0,0.27168545,-0.95746374,-0.2491037,-0.6547659,-0.22229417,-0.90221775,-0.05827052,-0.97661483,0.114337884,-0.9490058,O
0.0,0.0,0.23166116,-0.15930627,0.40782145,-0.36951047,0.46436754,-0.5866202,0.47818047,-0.80887073,0.07059389,-0.57082474,0.14996321,-0.7507143,0.28960603,-0.8409104,0.4034996,-0.8828619,-0.028134998,-0.61740696,0.030846544,-0.87560093,0.20265688,-0.94992375,0.3586491,-0.92451197,-0.13830197,-0.64535105,-0.11920282,-0.9280231,0.07258769,-1.0,0.24721524,-0.96422714,-0.2498606,-0.6397961,-0.22278784,-0.8923601,-0.061597094,-0.97010225,0.100485556,-0.9471944,O
0.0,0.0,0.2336413,-0.15959124,0.4138765,-0.36572698,0.4785685,-0.5857161,0.48930982,-0.8089179,0.064967304,-0.5957138,0.15313004,-0.7754174,0.2848026,-0.85896546,0.38992786,-0.9001537,-0.04984692,-0.6390378,0.0048979837,-0.8956686,0.1670491,-0.9519587,0.31248623,-0.9139851,-0.1713963,-0.6632338,-0.16349268,-0.9483992,0.010811392,-1.0,0.17084527,-0.94632936,-0.29114452,-0.65368694,-0.26770163,-0.8976472,-0.12363079,-0.968931,0.021233423,-0.9450194,O
0.0,0.0,0.22690977,-0.164964,0.406132,-0.3807879,0.47262716,-0.60505766,0.47584838,-0.8274465,0.05605838,-0.62796,0.13999745,-0.81307817,0.26429328,-0.8847771,0.36350393,-0.9151234,-0.07073579,-0.6620054,-0.042462494,-0.9191544,0.09863736,-0.9878412,0.23777504,-0.9607901,-0.19361874,-0.6689237,-0.20212452,-0.94091433,-0.043728266,-1.0,0.11155405,-0.95891345,-0.30513316,-0.63942814,-0.29472286,-0.87095165,-0.16752252,-0.9518614,-0.028387776,-0.9444693,O
0.0,0.0,0.22451267,-0.16235892,0.41093192,-0.3774462,0.4765655,-0.6099554,0.481679,-0.83814543,0.067672096,-0.6096516,0.16517262,-0.7969007,0.29015514,-0.8758264,0.3869698,-0.9144029,-0.069056764,-0.6507117,-0.00681889,-0.90442026,0.14785437,-0.95328265,0.28673333,-0.9077076,-0.20457616,-0.6729532,-0.18845527,-0.9495769,-0.031009186,-1.0,0.11655924,-0.94539875,-0.33302242,-0.65718573,-0.31487477,-0.8937872,-0.18833894,-0.97963434,-0.05198656,-0.9739277,O
0.0,0.0,0.22328672,-0.14677425,0.40689412,-0.3558257,0.4723262,-0.5847001,0.4700976,-0.8134303,0.08318515,-0.5970919,0.18828286,-0.78733444,0.3153141,-0.86321414,0.40774974,-0.90221614,-0.035778932,-0.6486777,0.053104784,-0.92323065,0.2119425,-0.9586891,0.34070185,-0.8945791,-0.16165236,-0.6790796,-0.116016686,-0.9721901,0.05451225,-1.0,0.19410172,-0.91447616,-0.28732517,-0.67069656,-0.24067417,-0.92421,-0.098037876,-0.9880166,0.034120508,-0.94595015,O
0.0,0.0,0.22052932,-0.16152036,0.40310797,-0.37007573,0.47570917,-0.5979923,0.48215714,-0.8248234,0.061306834,-0.59046847,0.16489814,-0.77274173,0.29477578,-0.8544575,0.39129168,-0.90312403,-0.066232875,-0.6386999,0.011877222,-0.8944406,0.17246157,-0.9542823,0.31175336,-0.92763644,-0.19930068,-0.6680638,-0.16870926,-0.948854,5.929974e-05,-1.0,0.15173866,-0.949143,-0.32948443,-0.6643935,-0.30914035,-0.9112416,-0.17367439,-0.99153763,-0.03489087,-0.97756594,O
0.0,0.0,0.23408684,-0.16637771,0.41246295,-0.37248078,0.47808507,-0.59439224,0.49240434,-0.8252528,0.07305987,-0.60100734,0.18839477,-0.79419774,0.32457086,-0.86697966,0.42640013,-0.9014266,-0.03773373,-0.6444211,0.060342055,-0.90556633,0.22916137,-0.9502629,0.370733,-0.897338,-0.15356892,-0.669661,-0.10451515,-0.95780593,0.07505066,-1.0,0.22859368,-0.9284794,-0.26615742,-0.6599263,-0.21555388,-0.91327363,-0.0648207,-0.9797195,0.075822994,-0.9418079,O
0.0,0.0,0.2325704,-0.15181774,0.40624672,-0.3574102,0.4695592,-0.5792508,0.49341744,-0.80688214,0.084283866,-0.59714395,0.20963424,-0.81111884,0.36630398,-0.88089776,0.48871705,-0.9012466,-0.026381731,-0.6441822,0.099120624,-0.91757995,0.283754,-0.9655952,0.440107,-0.9075321,-0.14619267,-0.6738496,-0.060921066,-0.9600834,0.13230443,-1.0,0.29466853,-0.92698747,-0.27202687,-0.67091155,-0.21553859,-0.9191841,-0.054586563,-0.9896722,0.10272553,-0.9548183,O
0.0,0.0,0.28990757,-0.11066502,0.49143428,-0.34450305,0.5470044,-0.5900794,0.56772697,-0.8011276,0.2668722,-0.49114582,0.35059348,-0.6927012,0.44611004,-0.8209536,0.5119253,-0.9051742,0.110732265,-0.5409036,0.20445305,-0.7631615,0.3080491,-0.8881891,0.39983812,-0.969597,-0.023787262,-0.58111095,0.063071,-0.80181366,0.17881179,-0.9160067,0.2690381,-0.9871952,-0.16114222,-0.6009756,-0.09987624,-0.81865907,-0.014436656,-0.9289297,0.06257454,-1.0,O
0.0,0.0,0.22387603,-0.1191234,0.39749727,-0.34675038,0.45927855,-0.56766194,0.48871312,-0.7666258,0.075312614,-0.53464544,0.1489113,-0.7085718,0.2722169,-0.82244307,0.3833568,-0.8857141,-0.041701462,-0.56457573,0.034601077,-0.76883173,0.16081293,-0.8948387,0.29207185,-0.9644565,-0.15093161,-0.5818748,-0.11664991,-0.8002596,0.012970452,-0.9312525,0.14562245,-1.0,-0.26878813,-0.5686816,-0.2645064,-0.78055686,-0.17946635,-0.9172249,-0.07591834,-0.99841344,O
0.0,0.0,0.25371993,-0.13667579,0.42497015,-0.3561445,0.48584127,-0.56852996,0.51635265,-0.79699117,0.06527964,-0.5668912,0.16060326,-0.7494617,0.31143042,-0.8387049,0.43935406,-0.8614526,-0.024557749,-0.6136926,0.09406274,-0.8366383,0.26607168,-0.9066039,0.42341882,-0.88261694,-0.13556105,-0.6503234,-0.02567366,-0.893823,0.17254105,-0.9503867,0.3431226,-0.91752803,-0.25440502,-0.6577286,-0.1930249,-0.9051764,-0.027110958,-0.99802285,0.15219982,-1.0,O
0.0,0.0,0.2796366,-0.17478462,0.43142092,-0.38444877,0.49977332,-0.5900396,0.53200895,-0.825672,0.06876111,-0.57536227,0.19107513,-0.75941646,0.35531577,-0.8497961,0.48224497,-0.8854806,-0.018004568,-0.62353224,0.12307422,-0.8468347,0.30111507,-0.93383074,0.46514678,-0.91034895,-0.12558764,-0.6620995,0.005889463,-0.9020541,0.21087548,-0.9627944,0.3845532,-0.922424,-0.22968622,-0.6744071,-0.157067,-0.919242,0.007481235,-1.0,0.181063,-0.9887912,O
0.0,0.0,0.2587424,-0.18422948,0.40157342,-0.389831,0.47412208,-0.5953884,0.49654955,-0.8235485,0.029510202,-0.5685192,0.14626071,-0.76300967,0.31041813,-0.8394348,0.44088942,-0.85397047,-0.05162439,-0.6106626,0.087761395,-0.8491387,0.26332113,-0.9189504,0.42405862,-0.89008003,-0.15318406,-0.64414144,-0.018731164,-0.906205,0.18295352,-0.959815,0.35109988,-0.9126503,-0.2573313,-0.65894896,-0.17846106,-0.92039144,-0.008289851,-1.0,0.16498439,-0.9869036,O
0.0,0.0,0.25371757,-0.19336307,0.40077633,-0.38849846,0.4751632,-0.58954537,0.5042042,-0.82026184,0.027113,-0.5722962,0.14078736,-0.76782113,0.30267245,-0.84706366,0.4287923,-0.8713739,-0.04943219,-0.61931527,0.08674014,-0.8557275,0.26157582,-0.9241255,0.4172328,-0.8931361,-0.14748743,-0.6553377,-0.01347413,-0.91885936,0.18883094,-0.9666371,0.35189542,-0.91302013,-0.24244535,-0.6678502,-0.14848234,-0.9334514,0.026710793,-1.0,0.19520013,-0.9707457,O
0.0,0.0,0.24773593,-0.20086856,0.3990296,-0.40634066,0.47982714,-0.6092824,0.5083697,-0.8391763,0.03421836,-0.5744914,0.14625147,-0.7680513,0.3107515,-0.8501571,0.44059175,-0.88333404,-0.040186435,-0.6159429,0.093325526,-0.84509426,0.26974884,-0.91674215,0.4310001,-0.89881915,-0.13720548,-0.6486606,-0.009143372,-0.9124663,0.19138612,-0.9686674,0.3580844,-0.9283215,-0.23542187,-0.66247636,-0.15084152,-0.93061143,0.022367533,-1.0,0.19046724,-0.97400093,O
0.0,0.0,0.24182647,-0.2015035,0.38551334,-0.4082113,0.46706718,-0.60365283,0.5014629,-0.83155113,0.019078545,-0.6000686,0.12995248,-0.7977719,0.299091,-0.8713056,0.43754536,-0.8875633,-0.05322085,-0.6355617,0.083592296,-0.8751966,0.2674482,-0.9322919,0.428648,-0.89495313,-0.14647272,-0.6628057,-0.009751057,-0.92768174,0.19994837,-0.96924615,0.36878383,-0.90841496,-0.24052873,-0.6699551,-0.15026504,-0.9354198,0.031926364,-1.0,0.20885545,-0.9648784,O
0.0,0.0,0.24877271,-0.21267621,0.39504454,-0.41469026,0.47561133,-0.6064646,0.51334566,-0.83581793,0.035258763,-0.6090314,0.13902888,-0.818171,0.3064945,-0.8839985,0.43977368,-0.88825995,-0.039451607,-0.64282423,0.08619133,-0.8885636,0.27119377,-0.9418834,0.42943528,-0.89256823,-0.13272706,-0.6660649,-0.010655119,-0.93424124,0.19894975,-0.9745092,0.3652608,-0.9079597,-0.2254866,-0.6671072,-0.14538318,-0.9370005,0.026910963,-1.0,0.19117753,-0.9597187,O
0.0,0.0,0.25643593,-0.1997605,0.39762214,-0.41812643,0.4688513,-0.61083513,0.4993537,-0.8343698,0.0076696896,-0.6300077,0.1195256,-0.8018566,0.2891245,-0.86504674,0.4248953,-0.88776433,-0.06353655,-0.66179264,0.07519174,-0.88843215,0.26939145,-0.93335795,0.43396363,-0.89364046,-0.15112048,-0.6891926,-0.005791832,-0.9418498,0.21148127,-0.976605,0.3848575,-0.9286562,-0.24362856,-0.68814874,-0.14639527,-0.9427289,0.0363287,-1.0,0.20996748,-0.972615,O
0.0,0.0,0.24830973,-0.22712177,0.38929924,-0.42751685,0.46913654,-0.6132281,0.5013929,-0.8364218,0.013868882,-0.606129,0.12303753,-0.8074956,0.28576842,-0.87934244,0.41202563,-0.8967194,-0.058079384,-0.63921046,0.07260711,-0.88615656,0.25633204,-0.94573134,0.41481364,-0.9060366,-0.1468698,-0.66274875,-0.016768215,-0.9342718,0.19456887,-0.9782555,0.36028296,-0.92200696,-0.22902581,-0.6631653,-0.13875274,-0.93538696,0.035264146,-1.0,0.19826539,-0.9710663,O
0.0,0.0,0.24715637,-0.2258266,0.38594848,-0.43000072,0.45883778,-0.615389,0.49552503,-0.8375658,0.014112593,-0.614287,0.12924503,-0.8242795,0.30107614,-0.8890384,0.43811822,-0.8870082,-0.061399166,-0.6433782,0.07428638,-0.9037397,0.26367307,-0.95871097,0.4247932,-0.9046616,-0.15210935,-0.66493535,-0.021644399,-0.9458613,0.19688058,-0.98496157,0.36558855,-0.91483504,-0.23767166,-0.6655884,-0.1461226,-0.93936175,0.034367148,-1.0,0.19988136,-0.9582945,O
0.0,0.0,0.24608375,-0.22984503,0.38666087,-0.4316821,0.46728352,-0.61592025,0.50725603,-0.8387991,0.012842998,-0.62217623,0.1163216,-0.8333987,0.27907833,-0.89189136,0.39991122,-0.8874553,-0.061174855,-0.6526741,0.055667415,-0.9113851,0.23987505,-0.9577917,0.3884539,-0.8934072,-0.15089445,-0.6742668,-0.038970824,-0.9571957,0.17325552,-0.99189556,0.33222416,-0.91658,-0.23141192,-0.6722494,-0.14687142,-0.9493033,0.027395295,-1.0,0.17977108,-0.9457221,O
0.0,0.0,0.23153728,-0.23362426,0.37298837,-0.4331988,0.45083132,-0.61453575,0.4942596,-0.8324774,-0.00029917088,-0.6222159,0.114280276,-0.8208347,0.27779764,-0.876682,0.40066782,-0.87582994,-0.074723296,-0.65286946,0.056789804,-0.894689,0.23879544,-0.9389251,0.39024532,-0.8843087,-0.1638359,-0.6737676,-0.038040202,-0.94655085,0.16841182,-0.9823315,0.32990584,-0.9170653,-0.2441345,-0.67095727,-0.15904634,-0.9380416,0.0132647315,-1.0,0.1741082,-0.96660966,O
0.0,0.0,0.21890849,-0.21837685,0.36121583,-0.4218284,0.4472297,-0.60993886,0.48423007,-0.82844305,-0.007710816,-0.6184444,0.11561765,-0.82503897,0.28521466,-0.8791928,0.4113577,-0.8740721,-0.077057034,-0.64938396,0.057169884,-0.89652795,0.24712761,-0.94037974,0.40367028,-0.88762975,-0.15829542,-0.6694455,-0.031983472,-0.94283736,0.17784044,-0.9811998,0.34035534,-0.91628575,-0.23276575,-0.66877276,-0.15424715,-0.93955404,0.018250633,-1.0,0.18047531,-0.9586748,O
0.0,0.0,0.22325765,-0.22867124,0.353872,-0.43821105,0.43595096,-0.6180742,0.48045984,-0.8313224,-0.024973057,-0.60291123,0.10292318,-0.81257653,0.27779585,-0.8742204,0.40978274,-0.87772214,-0.092418455,-0.63172215,0.047558993,-0.88674194,0.24411,-0.9339036,0.40568718,-0.8880619,-0.16967186,-0.65328264,-0.034948345,-0.9332583,0.17962706,-0.9714716,0.34397066,-0.91213405,-0.23933539,-0.6615216,-0.15801291,-0.9379541,0.0134406425,-1.0,0.17246737,-0.96532875,O
0.0,0.0,0.23256004,-0.23014145,0.36562794,-0.4307317,0.44610694,-0.6131669,0.4927519,-0.82429844,-0.0016918185,-0.6125269,0.10261578,-0.82098794,0.26510215,-0.87827736,0.38829994,-0.8817257,-0.06853111,-0.64556164,0.040093,-0.8915513,0.23255722,-0.9339317,0.3934173,-0.8808923,-0.14671971,-0.66733676,-0.043203406,-0.9360391,0.17112376,-0.96728164,0.33709195,-0.90118057,-0.214669,-0.67226315,-0.15002179,-0.9492917,0.021394597,-1.0,0.18162788,-0.9490276,O
0.0,0.0,0.22543417,-0.23420012,0.36291373,-0.4313809,0.44688478,-0.6092653,0.4904584,-0.82067776,-0.003829475,-0.62079096,0.107627675,-0.8308344,0.273041,-0.8836314,0.39676076,-0.8824474,-0.07214303,-0.648973,0.049199462,-0.89920026,0.23367095,-0.93939906,0.38611674,-0.8862974,-0.14877781,-0.66869164,-0.040270463,-0.941714,0.16219673,-0.9771465,0.3204528,-0.91511726,-0.21426259,-0.67058975,-0.14532849,-0.9425948,0.019749768,-1.0,0.17321263,-0.9587023,O
0.0,0.0,0.229047,-0.23056246,0.3630215,-0.4308934,0.44210386,-0.6151603,0.4858283,-0.82705367,-0.0025686976,-0.6335232,0.09770959,-0.85081124,0.2591953,-0.89577305,0.38324937,-0.87372947,-0.07663013,-0.66137373,0.03623307,-0.9215765,0.22201432,-0.95455617,0.3721578,-0.88957405,-0.15487418,-0.6770128,-0.052743465,-0.95463115,0.15312383,-0.9842718,0.31183004,-0.91092175,-0.22241497,-0.67371505,-0.15481429,-0.94531345,0.01521589,-1.0,0.17283718,-0.9543371,O
0.0,0.0,0.15917686,-0.28507352,0.20156749,-0.47562534,0.24475966,-0.6557855,0.26889193,-0.8406613,-0.262104,-0.60776377,-0.08973227,-0.92184186,0.11710124,-0.9597193,0.25456306,-0.90904146,-0.31455,-0.6009445,-0.1073597,-0.9801407,0.13754088,-1.0,0.2924741,-0.92145306,-0.30575618,-0.5913437,-0.12741749,-0.9703061,0.10244924,-0.97402495,0.23861729,-0.8749968,-0.24643695,-0.5805,-0.13416366,-0.89995193,0.041994266,-0.9421777,0.17156695,-0.8916868,O
0.0,0.0,0.17006935,-0.2695726,0.2611483,-0.50831753,0.33402547,-0.69725186,0.36118653,-0.8896852,-0.03714312,-0.63638884,0.05578693,-0.8508288,0.19352417,-0.9325443,0.314216,-0.95141786,-0.11710141,-0.6595689,-0.014735758,-0.89416856,0.128108,-0.96637505,0.26666725,-0.96945095,-0.1986269,-0.6642813,-0.0959201,-0.8983529,0.06808878,-0.9688707,0.22023942,-0.9669923,-0.2777292,-0.65648,-0.23129967,-0.87648296,-0.12923165,-0.9686875,-0.010174714,-1.0,O
0.0,0.0,0.2275318,-0.22189887,0.36585733,-0.4286622,0.44746092,-0.6071033,0.49959776,-0.80613625,0.026779655,-0.6350464,0.1414742,-0.8527099,0.3013056,-0.8932907,0.43128183,-0.87317777,-0.0433283,-0.6582646,0.08502066,-0.91321146,0.26831803,-0.94820106,0.42200726,-0.88789356,-0.12644368,-0.6670219,0.002549883,-0.9385648,0.20847905,-0.971607,0.37008312,-0.9056818,-0.21057625,-0.65787363,-0.13918374,-0.9341722,0.021461902,-1.0,0.18012922,-0.9653927,O
0.0,0.0,0.22737384,-0.21475598,0.37248436,-0.4128986,0.46598858,-0.5989856,0.5048406,-0.8191226,0.014946518,-0.6161798,0.1322305,-0.82683563,0.2994351,-0.8739109,0.42251015,-0.8541629,-0.056894615,-0.64940625,0.078055404,-0.90932363,0.26413366,-0.94234884,0.40811163,-0.87022156,-0.13796122,-0.6734724,-0.010377055,-0.9553671,0.1914295,-0.98112196,0.33732334,-0.8949086,-0.21231195,-0.6802881,-0.122950576,-0.9491038,0.04638613,-1.0,0.19382615,-0.9440455,O
0.0,0.0,0.22483815,-0.21951151,0.370654,-0.41186026,0.46913388,-0.60040367,0.5079442,-0.82336503,0.012747386,-0.6196375,0.12717901,-0.8383643,0.29162514,-0.8883821,0.41606748,-0.8748369,-0.057487495,-0.6522642,0.07194362,-0.90658456,0.25675932,-0.94774425,0.41125616,-0.89043796,-0.13545513,-0.67708987,-0.012805664,-0.94999206,0.18954238,-0.98503304,0.35045975,-0.9140528,-0.20527147,-0.6856885,-0.11406959,-0.94294506,0.056972865,-1.0,0.21615013,-0.95923746,O
0.0,0.0,0.23601966,-0.21757671,0.38034928,-0.4031958,0.46939826,-0.5870465,0.50472325,-0.80717444,0.025591249,-0.6021485,0.12779132,-0.8207699,0.28651884,-0.8722988,0.40930176,-0.8558912,-0.04384271,-0.6403905,0.0783895,-0.8994068,0.25960207,-0.94084007,0.40968493,-0.878998,-0.12287991,-0.6704809,0.00093877886,-0.94930345,0.2049008,-0.9808133,0.36189994,-0.89991426,-0.19440183,-0.6876096,-0.10315225,-0.9502861,0.065604866,-1.0,0.21792977,-0.9446356,O
0.0,0.0,0.22914726,-0.21538037,0.37537834,-0.41044414,0.47550562,-0.5895027,0.5140612,-0.8066606,0.010231993,-0.60396975,0.13052922,-0.80936384,0.29794616,-0.85305476,0.42274547,-0.8396238,-0.055629,-0.64441526,0.08286062,-0.8911423,0.2711178,-0.92645335,0.4223775,-0.8676863,-0.13008143,-0.6759374,0.0072926725,-0.94872695,0.21546176,-0.9752407,0.37537158,-0.89661366,-0.19484636,-0.69278574,-0.09504573,-0.9519877,0.07871117,-1.0,0.23561856,-0.9466605,O
0.0,0.0,0.23672317,-0.21739787,0.37706307,-0.41037288,0.47057816,-0.5885126,0.5137603,-0.80011636,0.024312682,-0.60290664,0.13340688,-0.81072044,0.29449147,-0.85456383,0.4159432,-0.8413222,-0.04239127,-0.64401037,0.08501733,-0.89120835,0.26904595,-0.9254062,0.41703337,-0.8622404,-0.118000105,-0.677484,0.014593063,-0.94953704,0.2224308,-0.97171086,0.3808321,-0.88892937,-0.18289134,-0.6961581,-0.08521421,-0.95399296,0.08807542,-1.0,0.24524653,-0.9449281,O
0.0,0.0,0.24289736,-0.21548343,0.38759685,-0.4116055,0.48527807,-0.590563,0.52399874,-0.8075762,0.046257153,-0.61363894,0.15940139,-0.82660127,0.3232115,-0.87014997,0.44272336,-0.8531072,-0.022737121,-0.65341806,0.113234125,-0.9065979,0.29706815,-0.93258315,0.43692726,-0.85521966,-0.10248428,-0.681324,0.032662433,-0.95991033,0.24291977,-0.9725014,0.39636818,-0.87797517,-0.17176667,-0.6899689,-0.06859138,-0.9540374,0.10618642,-1.0,0.25956956,-0.94212526,O
0.0,0.0,0.2442961,-0.21828175,0.38888612,-0.41019428,0.48560467,-0.5863377,0.5144246,-0.80067027,0.030866753,-0.6196859,0.14564747,-0.8339882,0.312788,-0.8709227,0.4326626,-0.8492173,-0.03649324,-0.65368986,0.09685472,-0.9119286,0.28446642,-0.93686444,0.42439455,-0.8610393,-0.112121075,-0.67781264,0.021313604,-0.95922136,0.23863035,-0.9756679,0.3918582,-0.8876345,-0.17330743,-0.68274295,-0.07573912,-0.95537966,0.10610334,-1.0,0.2618805,-0.9427188,O
0.0,0.0,0.23976856,-0.21308814,0.3851676,-0.40524545,0.47903472,-0.5828209,0.52183187,-0.8007849,0.049735587,-0.612294,0.15868631,-0.82510984,0.32371837,-0.8634231,0.4445201,-0.83829755,-0.017200353,-0.6506478,0.11294353,-0.9031191,0.2920333,-0.9237661,0.42781025,-0.84614056,-0.0986574,-0.6759827,0.033288874,-0.9534177,0.2384118,-0.965111,0.38868552,-0.87239397,-0.17570275,-0.68051857,-0.07928998,-0.94668096,0.09493816,-1.0,0.25027633,-0.9512436,O
0.0,0.0,0.20313793,-0.23666081,0.29601273,-0.45163992,0.34787247,-0.66089296,0.3051792,-0.84691036,-0.20599456,-0.60350573,-0.092789225,-0.9276154,0.120104566,-0.9659949,0.27311385,-0.9202599,-0.27647546,-0.61181366,-0.12958631,-0.9666087,0.10032277,-1.0,0.25921315,-0.93060285,-0.2862937,-0.6121276,-0.15226926,-0.9395807,0.060321625,-0.97140425,0.20188405,-0.89701456,-0.25804403,-0.6100344,-0.16899538,-0.88417166,-0.006410475,-0.9435496,0.12470503,-0.9090726,O
0.0,0.0,0.22339977,-0.24353181,0.35645223,-0.4397098,0.4563158,-0.62022287,0.49094746,-0.81120574,0.030018736,-0.6106634,0.13202445,-0.8137276,0.2740153,-0.8750969,0.40219632,-0.8734756,-0.04307894,-0.6527316,0.07542898,-0.8829577,0.23773928,-0.9366717,0.3855374,-0.9054478,-0.12269064,-0.6801638,0.0021016218,-0.9319425,0.19502373,-0.9822904,0.35325146,-0.93490404,-0.19866844,-0.6969476,-0.11485972,-0.9471101,0.046388216,-1.0,0.20109813,-0.96713203,O
0.0,0.0,0.2560286,-0.2186548,0.41280353,-0.4034991,0.50891167,-0.58718264,0.54860604,-0.80982494,0.06030084,-0.6059948,0.18861403,-0.81932825,0.35366595,-0.8665698,0.47208357,-0.857749,-0.0040949658,-0.6459769,0.13492076,-0.902932,0.32133898,-0.9370172,0.46699873,-0.8671363,-0.08358478,-0.6770274,0.04836411,-0.95465547,0.26619154,-0.98112,0.43110397,-0.89836794,-0.15819083,-0.6927675,-0.05131648,-0.95094395,0.12894621,-1.0,0.28654277,-0.947381,O
0.0,0.0,0.24591273,-0.19577427,0.4067095,-0.37146145,0.5084996,-0.5609539,0.5296225,-0.78781915,0.056116056,-0.6074259,0.18358117,-0.81889784,0.34388074,-0.85233486,0.45391166,-0.8190039,-0.0121636465,-0.6497022,0.13072723,-0.9009248,0.3104745,-0.9214402,0.4426354,-0.8405181,-0.09552827,-0.68246657,0.045861308,-0.9584365,0.252081,-0.9678426,0.3977305,-0.8666853,-0.17438217,-0.69521636,-0.06724951,-0.95731705,0.1102217,-1.0,0.26246926,-0.93593717,O
0.0,0.0,0.25876313,-0.19796103,0.40695152,-0.38830143,0.50655913,-0.5719722,0.5343752,-0.7932947,0.048756786,-0.594306,0.16497727,-0.7993311,0.33256012,-0.84494495,0.44952255,-0.8352509,-0.018468354,-0.6333361,0.107190266,-0.8844598,0.29652372,-0.9135441,0.4373843,-0.8440026,-0.09778864,-0.6614069,0.017923396,-0.9462538,0.23673175,-0.9629633,0.3954147,-0.87023896,-0.16876973,-0.670842,-0.07097316,-0.9484754,0.112764046,-1.0,0.27174696,-0.94249916,O
0.0,0.0,0.25068304,-0.19815472,0.40529904,-0.3885081,0.508365,-0.5765837,0.5307878,-0.7939334,0.042907942,-0.5953527,0.16616109,-0.7975105,0.32808322,-0.84449995,0.44127712,-0.8353315,-0.023183905,-0.6405403,0.116280764,-0.8843188,0.30177552,-0.9122307,0.43848172,-0.841063,-0.10176483,-0.6769077,0.035042997,-0.95027524,0.24511343,-0.9656146,0.39504004,-0.87126464,-0.1722335,-0.6963253,-0.061758883,-0.958065,0.11365344,-1.0,0.26352507,-0.93539083,O
0.0,0.0,0.24424295,-0.19954816,0.39410722,-0.39389813,0.48986214,-0.5828519,0.5223592,-0.80397445,0.044313114,-0.5934172,0.14611237,-0.8019745,0.30537224,-0.85491496,0.42214584,-0.85233,-0.023754595,-0.6364245,0.09054449,-0.8936902,0.27786893,-0.9220804,0.4226173,-0.85492235,-0.10538909,-0.67101187,0.010700281,-0.95577306,0.22607745,-0.970602,0.3854271,-0.8788101,-0.17983752,-0.6899285,-0.08036104,-0.9578775,0.10165099,-1.0,0.26042762,-0.9369868,O
0.0,0.0,0.24469641,-0.19019021,0.4008785,-0.3876855,0.49643922,-0.57922614,0.53032416,-0.7966031,0.050923266,-0.59682333,0.16204886,-0.80193627,0.32223868,-0.8476361,0.43941796,-0.839016,-0.0152821755,-0.640728,0.107010186,-0.8809216,0.29052636,-0.90507656,0.43523994,-0.8416926,-0.09540318,-0.674557,0.025656633,-0.94065887,0.23773453,-0.95297277,0.39907208,-0.8668723,-0.1690093,-0.69137895,-0.06710317,-0.95282143,0.11483118,-1.0,0.27944022,-0.9450912,O
0.0,0.0,0.23228948,-0.19595519,0.38217986,-0.37832558,0.47909528,-0.5594323,0.52561873,-0.77849555,0.026010033,-0.59663,0.1513328,-0.8018035,0.3162319,-0.842757,0.43364692,-0.82670206,-0.03881599,-0.6389251,0.09820179,-0.88837326,0.28645054,-0.90785724,0.4282631,-0.8373074,-0.110295914,-0.6703914,0.016645899,-0.94724596,0.22530815,-0.961819,0.3797157,-0.8727099,-0.17145455,-0.6811611,-0.079471275,-0.9479409,0.09809258,-1.0,0.2560774,-0.9437748,O
0.0,0.0,0.24227057,-0.21108173,0.38689724,-0.40287843,0.47511235,-0.58180374,0.5185016,-0.7937936,0.022105288,-0.5993584,0.12650356,-0.7943958,0.2875478,-0.84863645,0.40960273,-0.84345865,-0.041232478,-0.6383941,0.08362005,-0.8760648,0.2666403,-0.9099796,0.41340125,-0.8512286,-0.11354264,-0.67213595,0.016207071,-0.93422985,0.2221965,-0.95433146,0.37994468,-0.8711877,-0.1729254,-0.69144076,-0.06634545,-0.9476759,0.10800005,-1.0,0.2649123,-0.94888735,O
0.0,0.0,0.24019703,-0.19911556,0.39647463,-0.39076895,0.49013224,-0.5769627,0.5337998,-0.78999424,0.04093007,-0.59545547,0.15758014,-0.7934945,0.32185942,-0.8533977,0.44721237,-0.86113656,-0.027680302,-0.6383781,0.103416726,-0.8799356,0.2918692,-0.9197654,0.44731215,-0.87251097,-0.10677998,-0.6713343,0.024587605,-0.9387093,0.23553151,-0.961532,0.40174136,-0.88493705,-0.17489745,-0.6887984,-0.06765597,-0.94637233,0.114463955,-1.0,0.28181368,-0.9520649,O
0.0,0.0,0.2161904,-0.23956531,0.31570646,-0.4632319,0.3596394,-0.66453266,0.30258152,-0.8342277,-0.09629931,-0.6472568,-0.048845563,-0.91669524,0.12804358,-0.96199244,0.2638654,-0.9263716,-0.16634671,-0.64544576,-0.107828595,-0.9636426,0.09305471,-1.0,0.24083792,-0.9275809,-0.23183134,-0.6384852,-0.16850936,-0.959255,0.041355822,-0.99992824,0.18543974,-0.9255726,-0.28280327,-0.6240523,-0.23079033,-0.9152995,-0.06663698,-0.9800665,0.07605685,-0.94347674,O
0.0,0.0,0.2419808,-0.19995813,0.39782965,-0.39261216,0.49077395,-0.5659353,0.54195386,-0.7572469,0.04530132,-0.60230833,0.17503291,-0.8062511,0.33966258,-0.85097337,0.47855675,-0.8293828,-0.01953247,-0.6420747,0.12823327,-0.87707245,0.31337276,-0.91154075,0.46500704,-0.8542506,-0.084969476,-0.6685881,0.06275154,-0.9188764,0.27136263,-0.9374857,0.4281135,-0.8664035,-0.14455047,-0.68459356,-0.035054144,-0.9454554,0.13641936,-1.0,0.2880507,-0.962103,O
0.0,0.0,0.2431698,-0.20627573,0.39849335,-0.38932234,0.49208272,-0.56884956,0.5333179,-0.7837141,0.033420235,-0.5902884,0.1569702,-0.78433675,0.32167262,-0.8431464,0.44136754,-0.84970635,-0.027889421,-0.6383942,0.109118275,-0.8755788,0.29523093,-0.90911573,0.4394078,-0.8525907,-0.09949697,-0.67934746,0.04200635,-0.9374321,0.24755134,-0.950256,0.398192,-0.86426014,-0.15847608,-0.70514286,-0.047535613,-0.9580785,0.13201247,-1.0,0.28930384,-0.9404399,O
0.0,0.0,0.24050519,-0.21171243,0.39231685,-0.39872232,0.48818728,-0.578399,0.5365048,-0.7952294,0.031472158,-0.59160215,0.1613907,-0.7888689,0.32371977,-0.8459582,0.44310173,-0.85081273,-0.03197042,-0.63569933,0.117739804,-0.880464,0.30270708,-0.9123795,0.45007023,-0.85508066,-0.10286035,-0.67363197,0.04804929,-0.9397077,0.25460392,-0.957659,0.4121517,-0.8795356,-0.16027056,-0.69686997,-0.047766823,-0.949559,0.12861693,-1.0,0.28788522,-0.9558961,O
0.0,0.0,0.25040227,-0.2075522,0.39371338,-0.40299323,0.48555362,-0.5815181,0.53495944,-0.7922727,0.03403756,-0.59902996,0.1527453,-0.7977887,0.321102,-0.8529518,0.4509245,-0.85066295,-0.026510503,-0.64248854,0.11625496,-0.88809794,0.30943376,-0.9206899,0.462847,-0.8584751,-0.09781641,-0.6781073,0.05253941,-0.9398992,0.26691878,-0.9486773,0.42434677,-0.85959804,-0.15909177,-0.7009796,-0.043007515,-0.9593199,0.13803127,-1.0,0.29626706,-0.9418587,O
0.0,0.0,0.23531324,-0.19769312,0.37470302,-0.38727912,0.4680446,-0.5686596,0.5179369,-0.7855628,0.014254277,-0.58512694,0.13437626,-0.77317065,0.30052224,-0.8263813,0.42878336,-0.83164555,-0.043635745,-0.630222,0.09588075,-0.85853285,0.28415963,-0.8916827,0.4429701,-0.8431619,-0.11383001,-0.6676661,0.03360044,-0.9236066,0.24515195,-0.9392177,0.4117896,-0.86490506,-0.17479001,-0.6916645,-0.0663772,-0.94979024,0.10761762,-1.0,0.2673682,-0.9535797,O
0.0,0.0,0.23668513,-0.20428547,0.38463023,-0.38850936,0.4786861,-0.5668808,0.5349727,-0.7830729,0.027373642,-0.5829093,0.15749379,-0.76841426,0.31985986,-0.8276114,0.4424596,-0.8434961,-0.033461627,-0.6298485,0.10325812,-0.86124724,0.28766894,-0.899999,0.44449854,-0.85752434,-0.10433254,-0.66918373,0.034004387,-0.92829543,0.24057765,-0.95062953,0.40677753,-0.8824805,-0.16502652,-0.69577193,-0.058492582,-0.95147336,0.11823673,-1.0,0.28144518,-0.95229197,O
0.0,0.0,0.24131568,-0.20012133,0.39151928,-0.38440555,0.48691046,-0.565388,0.5452056,-0.78107554,0.02015709,-0.58181345,0.15224174,-0.7853482,0.31956732,-0.8472048,0.44951552,-0.85720205,-0.045110527,-0.62590253,0.10475023,-0.873642,0.29453927,-0.9168385,0.45843273,-0.87435424,-0.11230042,-0.6628882,0.03984041,-0.93045384,0.25360602,-0.9580607,0.42890647,-0.8945669,-0.16672339,-0.68810433,-0.046930764,-0.9422461,0.12859285,-1.0,0.29215324,-0.96587086,O
0.0,0.0,0.2445413,-0.20079659,0.3889314,-0.3866251,0.4804926,-0.56589246,0.5463471,-0.77938616,0.023421073,-0.58599824,0.16156605,-0.77871424,0.33133656,-0.83712244,0.4602961,-0.84565353,-0.03559238,-0.6338072,0.119940944,-0.86766094,0.3102212,-0.90599036,0.46837345,-0.8582828,-0.099303186,-0.6724798,0.05117133,-0.9281493,0.26120505,-0.9497624,0.4267225,-0.8823892,-0.15092616,-0.69672173,-0.043913685,-0.9502627,0.13011642,-1.0,0.29010928,-0.9567248,O
0.0,0.0,0.24389754,-0.20089881,0.39337164,-0.38461536,0.49185705,-0.56615937,0.55897784,-0.77996874,0.013445321,-0.5806593,0.14876659,-0.77855873,0.3219351,-0.8398637,0.45446646,-0.8512568,-0.0444335,-0.62822664,0.102351025,-0.87216014,0.29965484,-0.91771245,0.46723098,-0.8746702,-0.10536811,-0.6671927,0.042254638,-0.93315756,0.25806293,-0.960499,0.43135068,-0.89667785,-0.15085457,-0.6954619,-0.032090735,-0.9517822,0.14371707,-1.0,0.3012875,-0.9526836,O
0.0,0.0,0.24492471,-0.19860083,0.3954923,-0.38727596,0.4961775,-0.5707897,0.5717259,-0.78698444,0.020278072,-0.58364516,0.15819246,-0.78221434,0.32976973,-0.8425246,0.45990354,-0.8549288,-0.037718438,-0.63019294,0.11080914,-0.8764348,0.3051908,-0.9201184,0.47073498,-0.87752885,-0.10122335,-0.6692368,0.04630635,-0.9369983,0.26458746,-0.9598652,0.44080484,-0.89381826,-0.15258573,-0.6965166,-0.035288867,-0.95589626,0.1434048,-1.0,0.305092,-0.9468174,O
0.0,0.0,0.18354224,-0.21312279,0.29060835,-0.44459477,0.3360043,-0.6496744,0.29343012,-0.82668173,-0.11747801,-0.6349313,-0.055929083,-0.9030733,0.112973556,-0.9483729,0.23842178,-0.91089875,-0.20138432,-0.62871057,-0.13148831,-0.9442063,0.05417481,-0.99636394,0.20133981,-0.9484847,-0.26963067,-0.6211163,-0.19759993,-0.93732274,-0.0031671897,-1.0,0.14993167,-0.95135933,-0.3190179,-0.60464394,-0.25844032,-0.8826677,-0.09812003,-0.96463495,0.053974845,-0.95277846,O
0.0,0.0,-0.07259994,-0.01736224,-0.23193416,-0.012822765,-0.42883644,0.08793533,-0.59934956,0.17659363,-0.39045706,-0.38428703,-0.72032017,-0.343177,-0.90631866,-0.2769859,-1.0,-0.21411693,-0.42867595,-0.37825915,-0.71031165,-0.23874594,-0.7166769,-0.06745367,-0.6499222,0.06270951,-0.4584095,-0.32714692,-0.71372116,-0.2028507,-0.699426,-0.049182948,-0.63019675,0.03323873,-0.4766963,-0.2659114,-0.6545896,-0.14415167,-0.64166856,-0.036299266,-0.5805802,0.038637966,P
0.0,0.0,-0.121367894,0.038198724,-0.3117136,0.064723134,-0.49351996,0.13921389,-0.63542145,0.21580462,-0.45217413,-0.26385176,-0.7210442,-0.19770925,-0.7432825,-0.0203091,-0.71795064,0.12281772,-0.48604855,-0.2671634,-0.7494014,-0.29028827,-0.8991234,-0.29902083,-1.0,-0.31016445,-0.49669427,-0.22359109,-0.6912079,-0.16580449,-0.7119303,-0.03350852,-0.687226,0.07547904,-0.4951823,-0.16930796,-0.62642866,-0.112141736,-0.6509226,-0.030785432,-0.6363773,0.04843014,P
0.0,0.0,-0.048682053,0.094443955,-0.20358823,0.19212829,-0.35034183,0.2862312,-0.5215657,0.33600608,-0.40373483,-0.17604683,-0.68417877,-0.18795218,-0.858069,-0.19403525,-1.0,-0.19553971,-0.43467113,-0.16740674,-0.67056096,-0.0033622137,-0.6081412,0.1801373,-0.48586684,0.25807503,-0.45837855,-0.11273574,-0.6565013,0.029890867,-0.5763441,0.17429882,-0.46575814,0.22225614,-0.48229572,-0.06573785,-0.6098993,0.04296216,-0.5849436,0.13327283,-0.5118368,0.17545053,P
0.0,0.0,-0.2359245,-0.08893018,-0.49662873,-0.0790628,-0.6948672,0.012200603,-0.86196494,0.08113752,-0.4956363,-0.35805362,-0.7154389,-0.38576424,-0.87373155,-0.36409724,-1.0,-0.31982762,-0.4869441,-0.27244034,-0.6987144,-0.31542385,-0.8689233,-0.29244894,-0.9896107,-0.24171633,-0.4699601,-0.16702543,-0.67723244,-0.17469972,-0.8401878,-0.14566666,-0.9649565,-0.09775396,-0.44743866,-0.047164634,-0.6375908,0.0011618088,-0.77095085,0.039021034,-0.87353206,0.07057109,P
0.0,0.0,-0.1530513,0.004774917,-0.3700121,0.036526717,-0.56956714,0.12984464,-0.73976976,0.17689233,-0.48243698,-0.35103112,-0.7089363,-0.3974569,-0.8643847,-0.4198705,-1.0,-0.42872527,-0.5232901,-0.31528506,-0.7905245,-0.2474678,-0.81446075,-0.08805877,-0.7622702,0.025947006,-0.5382685,-0.26883,-0.7777031,-0.21855406,-0.8042672,-0.07026899,-0.7701385,0.030528925,-0.52836746,-0.23414397,-0.74699706,-0.31224558,-0.86763084,-0.32808748,-0.93604565,-0.34472898,P
0.0,0.0,-0.10205609,-0.0065980265,-0.2846162,0.029062115,-0.4657244,0.12732834,-0.6282026,0.17877351,-0.43459633,-0.33058178,-0.70246184,-0.37765005,-0.8666583,-0.40234122,-1.0,-0.42416742,-0.47173944,-0.2644944,-0.73206407,-0.1992327,-0.74880624,-0.0489653,-0.686309,0.05881381,-0.48391804,-0.18394299,-0.7036363,-0.13776965,-0.705975,0.003966995,-0.6554961,0.10227152,-0.46986166,-0.12088785,-0.6257449,-0.07199667,-0.6582923,0.016057441,-0.63723826,0.09312003,P
0.0,0.0,-0.12102641,-0.019554256,-0.31783992,0.004718831,-0.49616936,0.098977715,-0.65164673,0.14573173,-0.44758254,-0.32927284,-0.7155265,-0.37889338,-0.87161463,-0.41256574,-1.0,-0.43670154,-0.47051722,-0.27148187,-0.73184615,-0.21814375,-0.7440752,-0.076953426,-0.688163,0.032702412,-0.47296655,-0.20516275,-0.6931224,-0.16636342,-0.69150174,-0.030864963,-0.6465559,0.06525897,-0.44961315,-0.15604116,-0.62099755,-0.1426305,-0.6793065,-0.08349453,-0.69154423,-0.021635259,P
0.0,0.0,-0.11627215,-0.019547416,-0.31212035,3.900049e-05,-0.49034566,0.08685947,-0.6499909,0.122107096,-0.42678076,-0.3441548,-0.70873517,-0.3892274,-0.8700251,-0.42571744,-1.0,-0.45430768,-0.45239794,-0.28695372,-0.7238602,-0.22121476,-0.73971343,-0.075756826,-0.68207496,0.039886635,-0.4571561,-0.21883331,-0.67773783,-0.16829346,-0.67839575,-0.03573935,-0.6319316,0.06294623,-0.43612376,-0.16729115,-0.590466,-0.1146684,-0.61858064,-0.03527088,-0.5988528,0.040004287,P
0.0,0.0,-0.11413989,-0.022514995,-0.31373745,-0.0088716,-0.49840808,0.07570269,-0.66116494,0.10447953,-0.42579314,-0.3572437,-0.70476764,-0.4177801,-0.86323845,-0.44955617,-1.0,-0.46847814,-0.4607468,-0.29249808,-0.72605354,-0.2495094,-0.7436578,-0.10765565,-0.6954492,0.0055297534,-0.4737578,-0.21860363,-0.6971865,-0.19218545,-0.69965506,-0.060236234,-0.6527028,0.040700123,-0.45869318,-0.15935965,-0.6191891,-0.117598,-0.6536614,-0.042930685,-0.63606787,0.028717961,P
0.0,0.0,-0.09908009,-0.011360792,-0.28785005,0.012567852,-0.4730952,0.09907639,-0.6310589,0.13644007,-0.4166249,-0.32652462,-0.69091606,-0.3941015,-0.8585558,-0.44551834,-1.0,-0.476009,-0.45163444,-0.28019392,-0.7142818,-0.22540566,-0.7123528,-0.07611321,-0.65626585,0.0281358,-0.46768737,-0.22294608,-0.6889666,-0.18479484,-0.6808845,-0.042639773,-0.6332533,0.044454042,-0.46585804,-0.178449,-0.659211,-0.24553138,-0.77063733,-0.25698772,-0.8456557,-0.2667759,P
0.0,0.0,-0.103217624,-0.016056035,-0.2907735,0.0019785853,-0.47342566,0.084486105,-0.63710403,0.120523505,-0.41056183,-0.35086477,-0.6965143,-0.40819886,-0.86344016,-0.4465457,-1.0,-0.474698,-0.44473103,-0.30300233,-0.71786255,-0.24810567,-0.73423445,-0.095359825,-0.68163466,0.024456874,-0.45841873,-0.23901846,-0.6844986,-0.19977653,-0.6810982,-0.05737719,-0.6353815,0.04537183,-0.44434446,-0.18646722,-0.60591984,-0.14895737,-0.6407973,-0.06816177,-0.62975377,0.011958394,P
0.0,0.0,-0.08514776,-0.020352144,-0.26589024,-0.0029426245,-0.45596054,0.08604066,-0.62397945,0.119440444,-0.4060294,-0.3461394,-0.6826464,-0.42862293,-0.857178,-0.48076138,-1.0,-0.50814277,-0.4460123,-0.2954501,-0.70705897,-0.2485056,-0.70304805,-0.10010203,-0.6449414,0.0069144103,-0.46524158,-0.2375545,-0.68603456,-0.2078385,-0.67230165,-0.06930506,-0.62021667,0.013744498,-0.46583542,-0.19292179,-0.6694838,-0.27803418,-0.79611087,-0.30130318,-0.88523126,-0.32145452,P
0.0,0.0,0.011621914,0.03444286,-0.0062665828,0.1219355,-0.09129151,0.283501,-0.1383789,0.4338462,-0.2382162,-0.12335252,-0.2735476,0.087589934,-0.21406871,0.3210343,-0.1454041,0.4958518,-0.3130579,-0.08343707,-0.41153753,0.26362666,-0.38230857,0.55659837,-0.30578202,0.7258401,-0.40303937,-0.0369712,-0.512136,0.25796998,-0.49372178,0.501058,-0.43403444,0.63494575,-0.48507097,-0.0096387835,-0.7215389,0.045817543,-0.8867483,0.05373017,-1.0,0.05525822,P
0.0,0.0,-0.035838325,0.10111328,-0.2333777,0.17778409,-0.42218813,0.24499355,-0.57176083,0.28103724,-0.36770055,-0.24555485,-0.6097966,-0.2912923,-0.74054885,-0.25203267,-0.8193243,-0.21580039,-0.4361835,-0.26987353,-0.68270737,-0.19968162,-0.7162347,-0.011335259,-0.6643315,0.11611473,-0.47442654,-0.28469616,-0.7063655,-0.22679247,-0.73169136,-0.029775625,-0.6906388,0.09391319,-0.48357934,-0.29669318,-0.7322741,-0.4055753,-0.8976248,-0.43214157,-1.0,-0.4565689,P
0.0,0.0,-0.06315616,0.0069261864,-0.23303081,0.033148404,-0.4128667,0.12657617,-0.5840813,0.16792998,-0.38137132,-0.32362115,-0.64779276,-0.41687715,-0.8431222,-0.47336093,-1.0,-0.50432175,-0.42788607,-0.26100555,-0.67972076,-0.21758343,-0.7005466,-0.07073509,-0.64835536,0.03520087,-0.45024648,-0.18845072,-0.67237,-0.16219215,-0.67296076,-0.019306619,-0.6218693,0.073467754,-0.4510355,-0.13413264,-0.63869065,-0.15931143,-0.684584,-0.11177702,-0.6690537,-0.06377749,P
0.0,0.0,-0.07322838,0.025745332,-0.24785951,0.053908672,-0.4369001,0.1304282,-0.6151285,0.1624799,-0.38643688,-0.33873022,-0.6730327,-0.42533585,-0.8565846,-0.47571695,-1.0,-0.50551844,-0.4378013,-0.30717087,-0.6907259,-0.23759809,-0.70097315,-0.0736768,-0.64322925,0.036403116,-0.46704227,-0.26238847,-0.6863527,-0.2082944,-0.68276936,-0.051527005,-0.63201714,0.034989778,-0.48508582,-0.23217022,-0.69350976,-0.3383595,-0.8340413,-0.36348513,-0.9256134,-0.38422114,P
0.0,0.0,-0.06956374,0.0037176267,-0.24737443,0.01753042,-0.4397158,0.09471497,-0.6153869,0.12243189,-0.38199338,-0.36429876,-0.6574091,-0.45165342,-0.8475564,-0.5068561,-1.0,-0.53799933,-0.43952876,-0.32782882,-0.6950682,-0.26579738,-0.70521194,-0.09976024,-0.6529239,0.012522325,-0.475604,-0.27922437,-0.6951093,-0.22290435,-0.68786114,-0.057014413,-0.6355512,0.037421335,-0.49818593,-0.24242744,-0.70904297,-0.36826319,-0.8547964,-0.40936244,-0.9571583,-0.44173035,P
0.0,0.0,-0.06046978,-0.02017316,-0.23004584,-0.014163472,-0.41865027,0.06690211,-0.5960972,0.09397926,-0.3874297,-0.37457308,-0.6599863,-0.46972233,-0.8465896,-0.518721,-1.0,-0.5492348,-0.43737954,-0.30106145,-0.69153047,-0.2635526,-0.7088694,-0.11247602,-0.653721,-0.0010530145,-0.46383518,-0.22055508,-0.6815841,-0.1938965,-0.67515767,-0.051495783,-0.61986727,0.040764403,-0.46279848,-0.15676382,-0.6409766,-0.16513091,-0.6806733,-0.11073275,-0.6637874,-0.05490969,P
0.0,0.0,-0.08465126,-0.014288997,-0.26164645,-0.0020105739,-0.45365167,0.07559754,-0.63011855,0.10662389,-0.39322606,-0.37448606,-0.6823356,-0.45358557,-0.85479665,-0.5035314,-1.0,-0.54462177,-0.4371995,-0.3143555,-0.705631,-0.27001402,-0.72752756,-0.12522593,-0.6778461,-0.0146555845,-0.46175593,-0.24114542,-0.68579423,-0.20824108,-0.6854992,-0.06939673,-0.63718957,0.026462577,-0.46211693,-0.18082564,-0.6343804,-0.15638106,-0.66680044,-0.08587194,-0.6444681,-0.016203275,P
0.0,0.0,-0.08959523,-0.026745167,-0.27023757,-0.024580887,-0.46444544,0.05554724,-0.6369349,0.09271449,-0.39819318,-0.3831082,-0.68421423,-0.47159702,-0.8560776,-0.52609897,-1.0,-0.57312965,-0.4389403,-0.3175973,-0.7100952,-0.28760064,-0.7359881,-0.13994595,-0.687314,-0.029481381,-0.45870644,-0.23944718,-0.68758506,-0.22084163,-0.6944729,-0.08429163,-0.64695495,0.010226755,-0.4504084,-0.17440751,-0.62278074,-0.14042689,-0.65114516,-0.06824636,-0.62110704,-0.0024121557,P
0.0,0.0,-0.09019105,-0.024629844,-0.27947935,-0.021740997,-0.47342315,0.053109698,-0.64618087,0.07558197,-0.4031898,-0.38147056,-0.68703496,-0.48119655,-0.8563606,-0.5412853,-1.0,-0.5884064,-0.4429485,-0.32095984,-0.7181225,-0.29622206,-0.7389692,-0.14556487,-0.68680674,-0.032239895,-0.46368077,-0.24963513,-0.69604176,-0.23670061,-0.696694,-0.094196886,-0.6452566,0.0020435,-0.45872253,-0.19125342,-0.63827556,-0.16772859,-0.6697579,-0.09101683,-0.6422161,-0.020036196,P
0.0,0.0,-0.092586234,-0.020992354,-0.28089878,-0.014488678,-0.47754118,0.054099828,-0.6482663,0.07537107,-0.3980808,-0.37504598,-0.69018835,-0.4655845,-0.8587865,-0.5216768,-1.0,-0.5636025,-0.44293222,-0.3197191,-0.7172265,-0.28711906,-0.73599386,-0.13345265,-0.68489075,-0.018137896,-0.46727413,-0.24889801,-0.70116246,-0.22687882,-0.6982477,-0.08465834,-0.64933383,0.013534483,-0.46209118,-0.18631646,-0.6393451,-0.1658545,-0.67021793,-0.09503412,-0.64876103,-0.024022602,P
0.0,0.0,-0.018731846,0.060444415,-0.19005708,0.12557808,-0.3847744,0.19487537,-0.5703713,0.23734559,-0.30612808,-0.32135236,-0.6083617,-0.45225668,-0.8352414,-0.5219462,-1.0,-0.5565681,-0.3849196,-0.28100884,-0.6756992,-0.24902722,-0.72343004,-0.041306447,-0.66138023,0.1089191,-0.432784,-0.22139007,-0.6930824,-0.18763074,-0.70171,0.005451014,-0.6422711,0.1267513,-0.4547116,-0.17706761,-0.6543937,-0.15479177,-0.69516546,-0.041192774,-0.65167147,0.05479025,P
0.0,0.0,-0.0452118,0.032977257,-0.21401949,0.060667552,-0.42389673,0.1514891,-0.63043106,0.18814313,-0.3340234,-0.39146057,-0.56899333,-0.49052557,-0.6725826,-0.45353577,-0.7117089,-0.40078372,-0.4383661,-0.34368268,-0.7109236,-0.28069082,-0.73328906,-0.06948256,-0.67285234,0.06637176,-0.496845,-0.28588453,-0.7382438,-0.23041524,-0.74548644,-0.026970299,-0.6814206,0.09346828,-0.52994394,-0.23956588,-0.75215757,-0.38306037,-0.90761834,-0.4254747,-1.0,-0.46375486,P
0.0,0.0,-0.040778667,0.023862122,-0.20044985,0.051518153,-0.38780445,0.13581282,-0.5711822,0.15616757,-0.36957106,-0.32795244,-0.6393783,-0.44048014,-0.83821183,-0.5087228,-1.0,-0.55143946,-0.42736402,-0.28324685,-0.69200367,-0.2131676,-0.69874686,-0.043422636,-0.6295959,0.06412016,-0.4679485,-0.22225037,-0.7014882,-0.16647603,-0.69094706,-0.005225158,-0.6197282,0.083539285,-0.48860413,-0.18319556,-0.6978795,-0.2853482,-0.80359936,-0.31311205,-0.85012084,-0.3324868,P
0.0,0.0,-0.05488678,-0.011165712,-0.21783748,0.008970149,-0.40206274,0.09731066,-0.57899463,0.12880926,-0.3691667,-0.36161745,-0.65366936,-0.45281535,-0.8450613,-0.5078301,-1.0,-0.53994614,-0.42501134,-0.28680083,-0.6907847,-0.24101633,-0.7017532,-0.0736762,-0.6379322,0.04264809,-0.45779854,-0.20099606,-0.6882387,-0.1651401,-0.67267793,-0.014004933,-0.59823,0.080836356,-0.4592512,-0.13573642,-0.6492238,-0.14313354,-0.6877448,-0.0939321,-0.6587949,-0.044381544,P
0.0,0.0,-0.049640723,-0.0022621874,-0.22043444,0.016500225,-0.42021137,0.097956605,-0.5979306,0.12328954,-0.3859608,-0.3614353,-0.6637292,-0.45429623,-0.8491073,-0.5136732,-1.0,-0.5476367,-0.44649446,-0.31705907,-0.7008459,-0.24976052,-0.6991449,-0.08570945,-0.63099563,0.021709718,-0.48422495,-0.2591978,-0.70839876,-0.20117061,-0.68317854,-0.044108618,-0.612563,0.04143976,-0.5024355,-0.2187976,-0.7109967,-0.33084863,-0.8310837,-0.37040392,-0.9088455,-0.404818,P
0.0,0.0,-0.038767856,0.021681044,-0.2000958,0.053063843,-0.39078674,0.13454111,-0.5726346,0.15764849,-0.36391485,-0.3350321,-0.6555533,-0.41508904,-0.8470747,-0.47047925,-1.0,-0.50324774,-0.4240287,-0.3014408,-0.6923143,-0.21690898,-0.68539506,-0.045770153,-0.6157508,0.059277833,-0.46294948,-0.24923229,-0.694397,-0.176384,-0.67178065,-0.013029891,-0.60509056,0.07136893,-0.48770475,-0.21423393,-0.6954912,-0.32084158,-0.8240624,-0.3548415,-0.91216236,-0.38515407,P
0.0,0.0,-0.05112481,0.004698848,-0.2147541,0.037770174,-0.40323883,0.12790784,-0.58083725,0.16014329,-0.36618328,-0.35011664,-0.65637034,-0.42911452,-0.8476182,-0.48088083,-1.0,-0.5095923,-0.42209902,-0.30310473,-0.6998666,-0.22774301,-0.7012421,-0.0559805,-0.633078,0.054445714,-0.45953673,-0.23697121,-0.69988596,-0.17919669,-0.6849254,-0.023919556,-0.6172268,0.06785178,-0.47845766,-0.18661352,-0.6785825,-0.23584068,-0.7503315,-0.21677522,-0.7686205,-0.19650312,P
0.0,0.0,-0.057831302,0.040434904,-0.23994377,0.08465075,-0.44028947,0.16832559,-0.62415594,0.18944475,-0.36793047,-0.3310413,-0.67413855,-0.37827182,-0.8591594,-0.40712225,-1.0,-0.42434335,-0.42608833,-0.31702068,-0.72156787,-0.20830205,-0.7176863,-0.03025621,-0.64458096,0.078362286,-0.46744707,-0.27390537,-0.7196265,-0.17963709,-0.7000033,-0.0126065295,-0.6313986,0.075264096,-0.50328743,-0.24042307,-0.7193072,-0.33632314,-0.8557524,-0.35866827,-0.9500572,-0.37873527,P
0.0,0.0,-0.053390943,0.02119699,-0.2399347,0.066736184,-0.45754606,0.15103695,-0.644822,0.16722696,-0.34828478,-0.3599655,-0.6414774,-0.45281345,-0.839315,-0.5137316,-1.0,-0.5466228,-0.43474424,-0.33689597,-0.7360147,-0.25022182,-0.75314206,-0.060485307,-0.6926801,0.06604444,-0.4966539,-0.2845706,-0.7615175,-0.21203324,-0.7525746,-0.04715652,-0.68341666,0.05030942,-0.53774613,-0.23722346,-0.7615527,-0.34555742,-0.88405776,-0.37976786,-0.9581082,-0.41053113,P
0.0,0.0,-0.05424068,0.0046780314,-0.21952458,0.036953896,-0.412023,0.12394216,-0.59063673,0.14454284,-0.3502217,-0.35787517,-0.6307736,-0.44670123,-0.83444333,-0.49660522,-1.0,-0.5222202,-0.41043094,-0.30348143,-0.6905276,-0.24637452,-0.70544887,-0.07129969,-0.645296,0.05098274,-0.44939202,-0.23190902,-0.6954979,-0.18543915,-0.6803343,-0.025844872,-0.6088479,0.074859686,-0.46195257,-0.16886479,-0.6504363,-0.14544433,-0.6784313,-0.058370456,-0.6449952,0.012022279,P
0.0,0.0,-0.007740014,0.066650786,-0.16261819,0.14396758,-0.35299578,0.21873473,-0.5261893,0.26648596,-0.34036377,-0.26183084,-0.64065117,-0.36329374,-0.84751713,-0.4151815,-1.0,-0.44828463,-0.40704626,-0.2331561,-0.650668,-0.18681827,-0.66361576,0.020641536,-0.5987978,0.15832756,-0.44380635,-0.18084106,-0.65842384,-0.12660488,-0.6407765,0.062389337,-0.5826384,0.17603838,-0.45619258,-0.14321944,-0.6284868,-0.10179995,-0.65302944,0.006333188,-0.61558264,0.085422896,P
0.0,0.0,-0.023918243,-0.0014075723,-0.17196372,0.029697321,-0.36398268,0.12875092,-0.54712147,0.1676249,-0.3360541,-0.35974717,-0.6346862,-0.45923325,-0.83830416,-0.50887483,-1.0,-0.53382957,-0.41593716,-0.28807902,-0.69580615,-0.24804713,-0.6935702,-0.061978687,-0.61653984,0.06462932,-0.46847573,-0.20193475,-0.711385,-0.1670834,-0.6804704,0.0012388197,-0.59059834,0.10627304,-0.48912066,-0.13291776,-0.68243945,-0.10659822,-0.6877679,-0.005675405,-0.61932355,0.07590607,P
0.0,0.0,-0.034964096,0.006180935,-0.18715192,0.040460385,-0.3847689,0.128976,-0.5712786,0.15964696,-0.35085997,-0.3604002,-0.6378699,-0.4546198,-0.83698857,-0.49740177,-1.0,-0.5167761,-0.42823312,-0.29554144,-0.70247555,-0.24388406,-0.7014872,-0.06390823,-0.62638324,0.055179898,-0.479091,-0.21309651,-0.72205067,-0.1796279,-0.69377476,-0.01702353,-0.606767,0.08521028,-0.49716792,-0.1472958,-0.69682974,-0.15291148,-0.71871257,-0.08177611,-0.67445874,-0.017590169,P
0.0,0.0,-0.04210665,0.009196096,-0.18877566,0.03652737,-0.37606812,0.1214408,-0.5491022,0.15902063,-0.35773447,-0.35755596,-0.64438957,-0.44728264,-0.8414848,-0.4822017,-1.0,-0.49381742,-0.43056235,-0.29059306,-0.6926498,-0.23973386,-0.6962542,-0.05827326,-0.6277153,0.0657288,-0.47783026,-0.2075401,-0.7069718,-0.16585273,-0.6850251,-0.0021337068,-0.6075893,0.102088794,-0.48957428,-0.13917004,-0.6735869,-0.104661256,-0.67691094,-0.005146348,-0.61829555,0.073817626,P
0.0,0.0,-0.034218036,-0.0018421353,-0.17745587,0.017442012,-0.37034178,0.09970453,-0.5510289,0.13137177,-0.3644512,-0.37135732,-0.64177924,-0.46256045,-0.8390736,-0.5008673,-1.0,-0.51661104,-0.4429918,-0.2996974,-0.68903154,-0.24064025,-0.67843,-0.06544322,-0.6004784,0.046827022,-0.4937606,-0.2122735,-0.708492,-0.16177683,-0.6681378,-0.008312306,-0.5771858,0.08452352,-0.50343424,-0.14100584,-0.67410225,-0.09849275,-0.6624067,-0.004960212,-0.5914164,0.06670934,P
0.0,0.0,-0.02996236,-0.00872446,-0.17734784,0.01582072,-0.37496802,0.10085631,-0.5646242,0.12691925,-0.34181052,-0.38952938,-0.64015156,-0.48465794,-0.8382122,-0.52504563,-1.0,-0.5427438,-0.4190251,-0.31223595,-0.6993891,-0.27855307,-0.70039564,-0.09358525,-0.6297132,0.031996176,-0.47275606,-0.21743993,-0.715451,-0.1957697,-0.6899714,-0.034668043,-0.60509706,0.07054147,-0.49071103,-0.13603878,-0.68085396,-0.122195914,-0.68423736,-0.0387914,-0.6203801,0.032093078,P
0.0,0.0,-0.03616122,0.0034945132,-0.18436109,0.03201791,-0.38169414,0.12263656,-0.5638086,0.15850393,-0.34152767,-0.3506439,-0.62692714,-0.4479706,-0.82990444,-0.49008712,-1.0,-0.5097431,-0.41721657,-0.28487736,-0.698473,-0.24300748,-0.70086485,-0.062503174,-0.62867075,0.05906805,-0.46756563,-0.20133235,-0.7158431,-0.17516889,-0.69140494,-0.012994012,-0.60417277,0.09315669,-0.48397192,-0.13119718,-0.6820681,-0.118151404,-0.69358146,-0.02902525,-0.634237,0.04713414,P
0.0,0.0,-0.040355448,-0.0051372526,-0.19409892,0.0117352065,-0.38807783,0.09622428,-0.56686467,0.13107389,-0.34222755,-0.3717835,-0.63646793,-0.45730647,-0.8363945,-0.49823767,-1.0,-0.52056247,-0.41160092,-0.29537958,-0.6862521,-0.2722049,-0.69873726,-0.10080851,-0.6342117,0.022853643,-0.45925972,-0.20680174,-0.69853806,-0.1947358,-0.68660575,-0.03984058,-0.6123044,0.064861394,-0.47378284,-0.1348214,-0.6630614,-0.123512715,-0.6803025,-0.038103335,-0.629325,0.035825912,P
0.0,0.0,-0.038997814,-0.0041669686,-0.19213058,0.019954465,-0.3899813,0.11091854,-0.5700459,0.13388513,-0.34318733,-0.3744434,-0.64478713,-0.46491805,-0.84181774,-0.50723577,-1.0,-0.52956235,-0.4158494,-0.30248794,-0.6901551,-0.26645845,-0.6919807,-0.09301908,-0.6196312,0.026646009,-0.46754298,-0.2174745,-0.7077422,-0.19252488,-0.68592906,-0.038365863,-0.6038055,0.0638525,-0.48407182,-0.14827904,-0.6749586,-0.12782209,-0.6809983,-0.040758733,-0.6203813,0.033700895,P
0.0,0.0,-0.03657922,-0.014017064,-0.18818676,0.01089322,-0.3864413,0.108278744,-0.56943285,0.13816766,-0.35202894,-0.37439027,-0.6366666,-0.47314945,-0.83496165,-0.51666623,-1.0,-0.53649926,-0.42663473,-0.30149618,-0.7056149,-0.2620899,-0.7005077,-0.08413747,-0.6251799,0.034387078,-0.47351566,-0.21348114,-0.7168595,-0.18991314,-0.68599427,-0.031963926,-0.5978935,0.0707816,-0.482478,-0.14346322,-0.6775813,-0.13477696,-0.6884254,-0.051290333,-0.6320396,0.022451395,P
0.0,0.0,0.020401701,0.07189473,-0.1133078,0.16362137,-0.30890787,0.24699104,-0.49509344,0.30317742,-0.33806655,-0.2384513,-0.6323437,-0.3716385,-0.8459325,-0.42750776,-1.0,-0.45307463,-0.4337807,-0.19235472,-0.662313,-0.13564254,-0.6686401,0.07314303,-0.60003716,0.2089838,-0.48071373,-0.12666532,-0.68607587,-0.052041303,-0.6584231,0.12914267,-0.59381026,0.23748046,-0.49841213,-0.07747981,-0.6578588,-0.021818783,-0.6575408,0.08259351,-0.5937931,0.15282324,P
0.0,0.0,-0.012647187,-0.0023893304,-0.14283277,0.032697756,-0.30909413,0.126823,-0.48353568,0.1739367,-0.3567524,-0.37224993,-0.6343113,-0.46501833,-0.8371179,-0.5122258,-1.0,-0.5256826,-0.43613368,-0.29686618,-0.683277,-0.2260357,-0.6691321,-0.030113302,-0.5839805,0.10628426,-0.489105,-0.21036333,-0.70394886,-0.14312619,-0.6579964,0.03581063,-0.56437546,0.14118052,-0.5153177,-0.14643769,-0.6807253,-0.10444078,-0.66212034,0.006990348,-0.5820982,0.08969441,P
0.0,0.0,-0.035552237,-0.0051114284,-0.18461762,0.02444108,-0.36333323,0.12181089,-0.5323101,0.17406648,-0.3675791,-0.36387008,-0.6432547,-0.45454773,-0.8404764,-0.49910605,-1.0,-0.51187575,-0.44537315,-0.30186486,-0.72100127,-0.22871965,-0.7207032,-0.03409255,-0.6467109,0.10466344,-0.49623206,-0.22406301,-0.7307397,-0.17359692,-0.7071323,0.0013459767,-0.6292029,0.11737358,-0.5118501,-0.16248508,-0.6902893,-0.1283343,-0.6943349,-0.030026034,-0.64112663,0.052558634,P
0.0,0.0,-0.023998465,-0.0056710164,-0.15192871,0.03389489,-0.32592663,0.13778938,-0.49352616,0.18276496,-0.36129984,-0.31742066,-0.64265686,-0.39250636,-0.8403935,-0.43179762,-1.0,-0.45345324,-0.4330785,-0.25765562,-0.6966974,-0.17417501,-0.68176895,0.0036954498,-0.6036312,0.111922756,-0.47529918,-0.1770397,-0.6990901,-0.11640781,-0.66585356,0.04248539,-0.58235806,0.1386372,-0.4795845,-0.115608856,-0.65865266,-0.09083073,-0.6664681,-0.017092787,-0.61544925,0.043556497,P
0.0,0.0,-0.02626973,-0.0076794336,-0.16764103,0.030906374,-0.34611326,0.13220376,-0.51796085,0.17174444,-0.3625622,-0.33025223,-0.6520145,-0.3916104,-0.8444181,-0.4209316,-1.0,-0.43769893,-0.43314812,-0.26518917,-0.6958157,-0.19644624,-0.6794757,-0.019435113,-0.59900653,0.09325744,-0.48113772,-0.18032584,-0.71110845,-0.13002753,-0.6748817,0.024939843,-0.58594584,0.12288133,-0.49890107,-0.10990101,-0.6793038,-0.07727351,-0.68012977,0.011442364,-0.6186343,0.084081344,P
0.0,0.0,-0.03553199,-0.0057819085,-0.18047933,0.029701058,-0.36053473,0.13214102,-0.53218037,0.17613168,-0.3650371,-0.32703257,-0.65554184,-0.39143193,-0.84616053,-0.42173985,-1.0,-0.43860435,-0.43018112,-0.26454294,-0.698058,-0.19662288,-0.6932504,-0.023406293,-0.6184477,0.09227305,-0.4733079,-0.18015361,-0.70810026,-0.124794975,-0.67991275,0.026490113,-0.5952922,0.12344147,-0.48606116,-0.11079586,-0.66929567,-0.072984986,-0.6750183,0.013871508,-0.615935,0.08750465,P
0.0,0.0,-0.034816682,0.0012160044,-0.17299479,0.052316662,-0.34480372,0.16069649,-0.5142197,0.2041198,-0.35921282,-0.3172419,-0.6541406,-0.3696599,-0.8457194,-0.39475313,-1.0,-0.40822652,-0.42242745,-0.2557574,-0.6934692,-0.1766022,-0.6870703,0.0044358694,-0.61534053,0.12089442,-0.4663061,-0.17109028,-0.70334566,-0.10538796,-0.67250407,0.04846301,-0.5862305,0.14578186,-0.4805275,-0.09903882,-0.67165756,-0.05937478,-0.6767631,0.025296075,-0.614909,0.09667483,P
0.0,0.0,-0.026351226,-0.0012007718,-0.1638866,0.0412194,-0.33858696,0.14951105,-0.5103855,0.19899413,-0.3605054,-0.31883526,-0.65686285,-0.3651995,-0.8458331,-0.38673535,-1.0,-0.40395528,-0.42384896,-0.25210184,-0.69714105,-0.1728302,-0.6766935,0.0061303545,-0.59388363,0.110734224,-0.4683687,-0.16375954,-0.7057285,-0.10723012,-0.667232,0.05090312,-0.57470405,0.14440666,-0.48353133,-0.09068775,-0.6642263,-0.050051674,-0.66359645,0.035307907,-0.59659714,0.10322682,P
0.0,0.0,-0.026541714,-0.015038822,-0.16334836,0.017347658,-0.3418106,0.13654388,-0.5083483,0.1913414,-0.37844846,-0.32043913,-0.65533143,-0.38469553,-0.8452485,-0.40293425,-1.0,-0.40878975,-0.44370428,-0.24301231,-0.6954474,-0.18421014,-0.67595345,-0.008487716,-0.59652627,0.1062958,-0.48752302,-0.1520843,-0.7077013,-0.111088045,-0.66846913,0.044757687,-0.5793612,0.14421538,-0.49860713,-0.08037742,-0.67587477,-0.036443803,-0.67004174,0.054834664,-0.5992308,0.12776673,P
0.0,0.0,-0.015486291,0.0007192527,-0.13925703,0.052067146,-0.30964884,0.17688565,-0.4836738,0.23668496,-0.36799362,-0.28455856,-0.6509053,-0.33309746,-0.8429111,-0.34780645,-1.0,-0.35173467,-0.43676683,-0.21399824,-0.701194,-0.1280621,-0.673228,0.055953745,-0.5859648,0.16429208,-0.48140162,-0.12616841,-0.71159136,-0.058155376,-0.66420066,0.09916744,-0.56536764,0.18753184,-0.49806267,-0.05555974,-0.6845647,-0.02341663,-0.68180275,0.052034028,-0.61290175,0.10504833,P
0.0,0.0,-0.062918805,0.1594572,-0.21714264,0.23366871,-0.3609683,0.29659644,-0.526801,0.36241123,-0.39437574,-0.074858226,-0.6511929,-0.08940082,-0.8465068,-0.078090936,-1.0,-0.0606493,-0.41785443,-0.12314005,-0.6590632,0.0021824755,-0.69017017,0.20135552,-0.6527707,0.33809626,-0.44146043,-0.11896098,-0.6600926,0.0056364858,-0.66909456,0.1750498,-0.6394646,0.26836464,-0.46244285,-0.10060204,-0.5986245,0.0043800618,-0.62832016,0.117764,-0.608279,0.19789241,P
0.0,0.0,-0.041325584,0.006321709,-0.1828529,0.05775412,-0.34440333,0.17117724,-0.49246278,0.24217115,-0.38024104,-0.2825881,-0.6799251,-0.3138215,-0.8578718,-0.32336816,-1.0,-0.33248666,-0.44259453,-0.21182527,-0.70769376,-0.14747386,-0.6857209,0.027937436,-0.5902785,0.14129807,-0.48558515,-0.12400154,-0.7106765,-0.06225531,-0.66509926,0.086247586,-0.5634155,0.17339283,-0.50533646,-0.051804926,-0.6818423,-0.0027378865,-0.67856175,0.08200612,-0.6075621,0.14383943,P
0.0,0.0,-0.026023485,0.010450104,-0.15430191,0.059682388,-0.3296552,0.1791013,-0.49778813,0.2520093,-0.3723584,-0.28022143,-0.6603126,-0.31032032,-0.84782654,-0.3198532,-1.0,-0.32386798,-0.43957114,-0.21360266,-0.6935665,-0.12685902,-0.6655614,0.049839437,-0.5800874,0.16195776,-0.48298895,-0.12694883,-0.7079607,-0.05764314,-0.66032606,0.098041266,-0.5662609,0.193415,-0.5012196,-0.055272784,-0.67951715,0.0012336944,-0.66836864,0.09615298,-0.5954629,0.16795062,P
0.0,0.0,-0.025117343,0.01690405,-0.15435101,0.082262255,-0.31757542,0.20406456,-0.4837838,0.26931122,-0.36886254,-0.2509612,-0.66073495,-0.27946374,-0.8488823,-0.28907627,-1.0,-0.29246137,-0.43256676,-0.19530869,-0.6882113,-0.10051139,-0.66495293,0.07679686,-0.58172417,0.18611467,-0.47217935,-0.11399417,-0.69874114,-0.03396568,-0.6508159,0.12045446,-0.557159,0.21091008,-0.48617873,-0.04736167,-0.66396374,0.009624634,-0.6597048,0.099213965,-0.5955239,0.16456333,P
0.0,0.0,-0.015351583,0.022610394,-0.13747728,0.08720443,-0.3051847,0.21348628,-0.47130257,0.2854351,-0.3543349,-0.2467109,-0.6508319,-0.27662757,-0.8454065,-0.2814782,-1.0,-0.2789909,-0.42940274,-0.18164717,-0.68566287,-0.08690326,-0.65382797,0.089615636,-0.56438905,0.19402736,-0.47444707,-0.09723526,-0.70312315,-0.01973198,-0.65015095,0.13408564,-0.5522903,0.22214985,-0.49187246,-0.031263232,-0.6715776,0.025818916,-0.6603077,0.120657235,-0.59121174,0.18456034,P
0.0,0.0,-0.019334773,0.027466787,-0.14557911,0.10652197,-0.31319273,0.23355189,-0.47972652,0.3069385,-0.347276,-0.24960482,-0.641633,-0.28126517,-0.8386111,-0.2817641,-1.0,-0.27367967,-0.42340145,-0.18655984,-0.6794233,-0.08176384,-0.64251006,0.10475116,-0.5513416,0.21170472,-0.47011727,-0.10058236,-0.6997686,-0.012237282,-0.64129055,0.14590624,-0.5405811,0.23155107,-0.4894122,-0.028909618,-0.66531056,0.037400853,-0.6546044,0.12955296,-0.58668137,0.18676001,P
0.0,0.0,-0.009476528,0.023607712,-0.13394211,0.10332839,-0.3065156,0.23658063,-0.47769237,0.31094947,-0.3332066,-0.25955358,-0.6331526,-0.2909281,-0.8352373,-0.28528944,-1.0,-0.27068895,-0.41947195,-0.19401942,-0.671386,-0.087168306,-0.640412,0.10570163,-0.55471474,0.21911496,-0.47483087,-0.10578268,-0.70475566,-0.018543353,-0.6503389,0.14572892,-0.55281407,0.23630676,-0.5022904,-0.034250382,-0.6787037,0.036460117,-0.6677283,0.14143309,-0.59859544,0.206735,P
0.0,0.0,-0.009574591,0.011055958,-0.13496667,0.08518691,-0.3058472,0.21602981,-0.4725136,0.3004936,-0.3227466,-0.28417656,-0.618588,-0.3190803,-0.82954806,-0.3148242,-1.0,-0.30133778,-0.4069877,-0.21993496,-0.6709833,-0.1158317,-0.6411603,0.080759324,-0.5545524,0.18970597,-0.4604551,-0.1269663,-0.6984492,-0.038184296,-0.64232945,0.13236189,-0.53839713,0.22127087,-0.4873112,-0.044973325,-0.66305536,0.02882603,-0.65586627,0.13427635,-0.58769333,0.19538549,P
0.0,0.0,-0.009235675,0.013936239,-0.12996008,0.092006765,-0.29885045,0.23279622,-0.47125462,0.30593893,-0.33057097,-0.27023074,-0.62749267,-0.29629537,-0.83566606,-0.2916645,-1.0,-0.27874333,-0.40984964,-0.20001511,-0.6753728,-0.09113439,-0.6441779,0.09717723,-0.55363685,0.20036824,-0.46208996,-0.104379654,-0.6980489,-0.009819207,-0.6437816,0.15166643,-0.5386204,0.23701799,-0.4864361,-0.020779239,-0.6610575,0.057639647,-0.65218896,0.1555031,-0.5809855,0.2137396,P
0.0,0.0,-0.0016094754,0.024898587,-0.120812215,0.1018552,-0.28441867,0.23516515,-0.4587878,0.30123574,-0.32894725,-0.26324302,-0.63114095,-0.29028952,-0.8368606,-0.28582907,-1.0,-0.2692736,-0.40628386,-0.1973731,-0.66229856,-0.086680785,-0.633304,0.10497642,-0.5466517,0.21300791,-0.45619312,-0.10667438,-0.68833214,-0.01647431,-0.63450104,0.15055859,-0.5311966,0.23830648,-0.4831571,-0.030404026,-0.6518702,0.038447786,-0.6459363,0.13721964,-0.58029205,0.19400665,P
0.0,0.0,-0.01626035,0.014831757,-0.140963,0.09289558,-0.3054852,0.22411583,-0.47281045,0.29392177,-0.33702126,-0.2632455,-0.63976794,-0.2806753,-0.84149754,-0.27039957,-1.0,-0.25263348,-0.41025668,-0.19842048,-0.6678954,-0.07959043,-0.64052474,0.10325705,-0.55583626,0.20761523,-0.45636237,-0.109070994,-0.6895707,-0.008723457,-0.64096105,0.1464964,-0.5419341,0.23271646,-0.4773179,-0.03391773,-0.64599586,0.045801554,-0.64012533,0.13663197,-0.57547706,0.19054541,P
0.0,0.0,-0.041795515,0.13056521,-0.20293106,0.2097027,-0.36610872,0.28744844,-0.5544,0.374362,-0.3789915,-0.14954922,-0.63410753,-0.16509359,-0.83468014,-0.15934643,-1.0,-0.14147995,-0.41942635,-0.1747751,-0.68728906,-0.048759762,-0.698859,0.16774017,-0.63171816,0.3121765,-0.46613184,-0.140204,-0.6966844,-0.032180347,-0.6783481,0.15696092,-0.6136605,0.26247814,-0.50159365,-0.09901046,-0.64399415,-0.0018063512,-0.66039366,0.11987283,-0.62322205,0.20744836,P
0.0,0.0,-0.028347487,0.025789466,-0.15874732,0.109522484,-0.3253702,0.24093111,-0.49089652,0.3212559,-0.36282802,-0.2243606,-0.667173,-0.22927907,-0.8528385,-0.22390541,-1.0,-0.21030559,-0.42973664,-0.17041054,-0.70020205,-0.046851277,-0.6715572,0.12605844,-0.5795737,0.23080008,-0.46669617,-0.09383212,-0.70774806,0.010441038,-0.65526056,0.15439504,-0.5573944,0.23529692,-0.482263,-0.03191985,-0.66928643,0.034731958,-0.668934,0.11539223,-0.6100617,0.16657673,P
0.0,0.0,-0.016289942,-0.0016421283,-0.14636154,0.06634142,-0.31354746,0.21384346,-0.47426328,0.30032986,-0.34561074,-0.24810107,-0.643562,-0.26702672,-0.84260505,-0.26175842,-1.0,-0.24474345,-0.41181743,-0.16687907,-0.6724871,-0.06592862,-0.6461176,0.10442774,-0.5556783,0.20765175,-0.45021084,-0.07582267,-0.68626547,0.007818371,-0.6449463,0.1476664,-0.5518911,0.22378744,-0.47016734,-0.0031240263,-0.657518,0.030506175,-0.6841117,0.07812109,-0.651651,0.10093012,P
0.0,0.0,-0.011441232,0.034455087,-0.13307612,0.11896778,-0.29589453,0.24602354,-0.46455878,0.3179182,-0.34939176,-0.2361935,-0.65122145,-0.24351896,-0.8460393,-0.23327015,-1.0,-0.21774061,-0.4203276,-0.17692746,-0.67032164,-0.059046537,-0.6418972,0.12506337,-0.55372024,0.23317163,-0.46245062,-0.092179865,-0.68667775,0.004148123,-0.6387591,0.16479549,-0.54747295,0.25345376,-0.48146933,-0.02512477,-0.6433448,0.055474,-0.6362883,0.15195379,-0.5758995,0.21152732,P
0.0,0.0,-0.015229314,0.029319635,-0.14379929,0.10649375,-0.30359346,0.22565497,-0.46626285,0.30189002,-0.35953176,-0.24680808,-0.6484463,-0.25131375,-0.8427075,-0.23800668,-1.0,-0.22339366,-0.42165166,-0.18615167,-0.6711585,-0.070357025,-0.6376591,0.11082612,-0.5457277,0.2072594,-0.4600279,-0.10045329,-0.6848781,-0.0041823657,-0.6280104,0.15316586,-0.52750504,0.22934516,-0.4724807,-0.02997327,-0.6386934,0.05129897,-0.6316296,0.14353904,-0.56639236,0.19669229,P
0.0,0.0,-0.01131091,0.020686911,-0.13314195,0.09451985,-0.29630163,0.21324302,-0.4607684,0.28483,-0.35206148,-0.2480733,-0.65145785,-0.26170343,-0.84672713,-0.25080562,-1.0,-0.23453753,-0.4214532,-0.18431154,-0.6678714,-0.07031763,-0.63546485,0.10833487,-0.54570866,0.208105,-0.4648226,-0.10093944,-0.69021404,-0.008566657,-0.6389191,0.1415424,-0.5402616,0.22074413,-0.4820997,-0.032854747,-0.6514435,0.03511386,-0.6473265,0.11942442,-0.58423287,0.16912384,P
0.0,0.0,-0.012421095,0.021886755,-0.13441175,0.099273816,-0.29792795,0.2201588,-0.46100694,0.29655695,-0.34906718,-0.24858022,-0.6429683,-0.25923583,-0.8430565,-0.24766473,-1.0,-0.22960092,-0.42119053,-0.18666433,-0.670806,-0.06953711,-0.63760155,0.1129768,-0.5442291,0.21626958,-0.46427527,-0.09890871,-0.68981206,-0.0010342614,-0.63644046,0.1525851,-0.536796,0.23271799,-0.4806497,-0.024547994,-0.6494452,0.04250691,-0.6439926,0.12618251,-0.58223486,0.17451249,P
0.0,0.0,-0.022129014,0.026852703,-0.15022305,0.10179411,-0.3063371,0.22353794,-0.46595365,0.2971087,-0.3649811,-0.2405446,-0.6594083,-0.24275482,-0.8510742,-0.23230483,-1.0,-0.22022118,-0.42091343,-0.17963052,-0.6728852,-0.065305956,-0.6456958,0.110565804,-0.55909264,0.20706779,-0.4563149,-0.096354716,-0.68203765,-0.006036689,-0.63885206,0.14781526,-0.5466487,0.22895384,-0.47265983,-0.024273867,-0.64268017,0.042449106,-0.6474421,0.12597424,-0.59292555,0.17682672,P
0.0,0.0,-0.019942202,0.021447202,-0.14996287,0.09785454,-0.31060535,0.22502735,-0.47206956,0.2983506,-0.36633754,-0.2248757,-0.66038084,-0.23304506,-0.850847,-0.22166194,-1.0,-0.20464544,-0.426511,-0.16271207,-0.6762234,-0.05409756,-0.64619035,0.116723455,-0.5540342,0.21696147,-0.46076092,-0.081243746,-0.6879959,0.0051947148,-0.644007,0.14838175,-0.55037355,0.2270848,-0.47372478,-0.015405906,-0.6515477,0.02726228,-0.6666485,0.09048311,-0.62243354,0.13159908,P
0.0,0.0,-0.023604922,0.014371176,-0.15120713,0.085104525,-0.30613643,0.21380454,-0.46394035,0.2958962,-0.3744306,-0.23007,-0.6650573,-0.23723526,-0.8518808,-0.2276056,-1.0,-0.21605085,-0.42972234,-0.15677448,-0.6734089,-0.050445013,-0.6362275,0.12152348,-0.5381656,0.21592757,-0.45834756,-0.069780104,-0.67657465,0.011478039,-0.6256412,0.15506805,-0.52889556,0.2255865,-0.4680912,-0.005750087,-0.63666016,0.0525616,-0.63797635,0.12501666,-0.5819559,0.16140549,P
0.0,0.0,-0.023299372,0.02387003,-0.14887969,0.09529444,-0.30685338,0.2168789,-0.46030834,0.29373294,-0.3552452,-0.23570591,-0.6593583,-0.23511052,-0.8503238,-0.22705516,-1.0,-0.21828364,-0.41512477,-0.16972226,-0.6663595,-0.06293472,-0.6398775,0.10970256,-0.54923856,0.20940323,-0.44841796,-0.08723717,-0.66979116,0.0015304128,-0.6277576,0.1499376,-0.5386714,0.22918797,-0.4577584,-0.02439036,-0.6276997,0.044163216,-0.62783486,0.12859675,-0.5687658,0.1816101,P
0.0,0.0,-0.046930138,0.14460266,-0.20010346,0.22852363,-0.359544,0.29967687,-0.54255474,0.38948283,-0.37504518,-0.12823372,-0.65734833,-0.14040689,-0.85560143,-0.14437228,-1.0,-0.14002302,-0.40353477,-0.1575862,-0.663786,-0.012426339,-0.675055,0.19337188,-0.6087993,0.31405938,-0.4415098,-0.1367946,-0.66454303,-0.013979751,-0.6506928,0.16198339,-0.59341776,0.26005077,-0.47516596,-0.11224631,-0.617252,-0.016455086,-0.64011675,0.093675755,-0.6085079,0.1749223,P
0.0,0.0,-0.0218506,0.193397,-0.14201143,0.3573996,-0.27479595,0.528785,-0.43692067,0.6649773,-0.41292858,0.004241816,-0.683257,0.0706743,-0.8727469,0.17869966,-1.0,0.28990632,-0.49789575,-0.05701273,-0.78506625,0.07652463,-0.89211345,0.2593124,-0.9286617,0.38737687,-0.5475271,-0.06480866,-0.7904008,0.04596833,-0.746868,0.14069277,-0.6752043,0.17495075,-0.5801025,-0.051167727,-0.7353188,0.06392639,-0.7161741,0.14382234,-0.67021704,0.17019519,Q
0.0,0.0,-0.022615848,0.1782591,-0.13973232,0.34095636,-0.25141203,0.51794416,-0.39999467,0.6682272,-0.4423066,-0.015545629,-0.7234944,0.14461437,-0.8979039,0.30378413,-1.0,0.42859337,-0.49033713,-0.055988446,-0.7775984,0.10681589,-0.67927575,0.23948525,-0.55151975,0.2821657,-0.5267584,-0.047111604,-0.7580224,0.101591334,-0.64040244,0.19972402,-0.5288744,0.21727669,-0.5657096,-0.0203975,-0.7120596,0.10010153,-0.6532597,0.18964592,-0.5707484,0.21589704,Q
0.0,0.0,0.02617636,0.19756524,-0.08648174,0.381018,-0.2185183,0.5652316,-0.39854577,0.7292235,-0.38691026,-0.0007935168,-0.7148364,0.22061801,-0.8968618,0.4201366,-1.0,0.5587238,-0.4769448,-0.06335963,-0.7615193,0.2035419,-0.6291186,0.33161953,-0.4910019,0.33173555,-0.55127794,-0.059885703,-0.80004865,0.168469,-0.64106,0.26196963,-0.50995106,0.26073286,-0.6214868,-0.03203695,-0.80363923,0.13011515,-0.74600077,0.22161838,-0.6561793,0.24993524,Q
0.0,0.0,-0.06345223,0.14948693,-0.22663689,0.28518155,-0.39094985,0.42418736,-0.51644254,0.55206203,-0.45519024,-0.14888473,-0.7885498,0.026290432,-0.90689653,0.1515401,-1.0,0.24316506,-0.5295937,-0.24040392,-0.8829946,-0.07008302,-0.8919633,0.09202058,-0.8423076,0.18921503,-0.56745595,-0.25782967,-0.86939406,-0.09027804,-0.8622501,0.071451895,-0.8345339,0.17109963,-0.5888837,-0.23459196,-0.8288432,-0.101478465,-0.8437026,0.02485037,-0.8221183,0.11357037,Q
0.0,0.0,-0.18872565,0.10033028,-0.41257507,0.21038875,-0.6148023,0.31324127,-0.77797115,0.38575125,-0.39815778,-0.2256169,-0.6202535,-0.36833343,-0.8315898,-0.3668155,-1.0,-0.32960206,-0.39226052,-0.2963779,-0.63169986,-0.4179674,-0.8580897,-0.38523963,-0.9989054,-0.32209307,-0.404806,-0.3235239,-0.6402439,-0.40586945,-0.83121586,-0.37304074,-0.9514011,-0.31764448,-0.42116708,-0.31910944,-0.634244,-0.36766857,-0.79157794,-0.3577637,-0.9051955,-0.32386172,Q
0.0,0.0,-0.082887724,0.07243925,-0.25334206,0.17318526,-0.43970737,0.29650474,-0.59977126,0.38452315,-0.3074653,-0.29379985,-0.57793343,-0.29740328,-0.7828888,-0.25008613,-0.9473915,-0.18807247,-0.36310908,-0.31757194,-0.6353971,-0.2854347,-0.851916,-0.19637144,-1.0,-0.09929742,-0.40763283,-0.30446208,-0.651812,-0.27739528,-0.81261766,-0.19626266,-0.9292111,-0.11716693,-0.43718877,-0.27372003,-0.5964559,-0.24803115,-0.7039806,-0.18821222,-0.782012,-0.1269013,Q
0.0,0.0,-0.096115924,0.13045903,-0.2821047,0.24517009,-0.48232436,0.37652054,-0.6586058,0.4689558,-0.35616994,-0.30201268,-0.68079084,-0.31307265,-0.86465394,-0.22687516,-1.0,-0.11950745,-0.41808027,-0.35222155,-0.771638,-0.30926186,-0.9116959,-0.16634166,-0.97096074,-0.015568835,-0.47232306,-0.3337738,-0.80163485,-0.28252754,-0.8941564,-0.16381992,-0.93573594,-0.058249082,-0.5209879,-0.29127714,-0.7337234,-0.23899135,-0.7570668,-0.13950196,-0.7324882,-0.055785045,Q
0.0,0.0,-0.096956745,0.11580412,-0.2660489,0.21598437,-0.44684434,0.33679098,-0.6065383,0.42669278,-0.37328264,-0.255081,-0.70368266,-0.21565281,-0.8816814,-0.11948607,-1.0,-0.01857856,-0.41094702,-0.31550202,-0.73356366,-0.2462337,-0.74058473,-0.10160685,-0.6732896,0.01431151,-0.44554913,-0.31196085,-0.7410268,-0.26267317,-0.71223074,-0.13203421,-0.63490117,-0.036929596,-0.48256016,-0.28660733,-0.684083,-0.23485447,-0.6688031,-0.1306606,-0.6010926,-0.055228826,Q
0.0,0.0,-0.09614987,0.10789705,-0.27558017,0.20302719,-0.45427427,0.32166916,-0.6083446,0.41226584,-0.3830765,-0.25751588,-0.70102006,-0.210474,-0.87311506,-0.12396207,-1.0,-0.032047857,-0.4251338,-0.30828372,-0.73604053,-0.26568815,-0.74338704,-0.12642047,-0.682401,-0.0071965894,-0.45842397,-0.29886377,-0.7416561,-0.27151763,-0.7125241,-0.14143607,-0.6408518,-0.04784269,-0.49068248,-0.2690737,-0.6893782,-0.2381756,-0.68305445,-0.13649674,-0.62478423,-0.056774367,Q
0.0,0.0,-0.11111693,0.11453809,-0.2897453,0.21412978,-0.46053383,0.32894295,-0.60962814,0.41127717,-0.406541,-0.2398068,-0.7272136,-0.1811274,-0.88982016,-0.08040795,-1.0,0.013705116,-0.42994356,-0.30569404,-0.74066144,-0.24208131,-0.72837836,-0.097427,-0.6489624,0.005803188,-0.45289686,-0.30218428,-0.737145,-0.25601965,-0.70722574,-0.12279895,-0.63438463,-0.036525957,-0.4812827,-0.2788266,-0.6858283,-0.24241287,-0.6825301,-0.1372586,-0.6319242,-0.059784476,Q
0.0,0.0,-0.111297846,0.09204084,-0.2964531,0.18370776,-0.47081706,0.30622843,-0.6234317,0.38521525,-0.4116702,-0.2575423,-0.7295211,-0.1941209,-0.8893563,-0.094778374,-1.0,6.1742096e-05,-0.43811494,-0.31520784,-0.73685235,-0.23630124,-0.70334417,-0.1035313,-0.61238563,-0.012114709,-0.4638254,-0.3085285,-0.7371143,-0.25152326,-0.6873293,-0.13215123,-0.6026557,-0.053965066,-0.49269524,-0.28228477,-0.69258916,-0.24249603,-0.66884774,-0.14416155,-0.6018626,-0.071109876,Q
0.0,0.0,-0.11418617,0.09294755,-0.29728732,0.18368459,-0.4714316,0.30188787,-0.62475353,0.37891135,-0.40968636,-0.26735905,-0.73496723,-0.2056288,-0.89362395,-0.104664356,-1.0,-0.012846643,-0.4356649,-0.32663915,-0.74232864,-0.25785565,-0.73522705,-0.10952133,-0.6645888,-0.00062439434,-0.45898983,-0.32103038,-0.74159527,-0.27958775,-0.7186513,-0.14257519,-0.6531469,-0.04591501,-0.48310742,-0.29632553,-0.6855207,-0.25715926,-0.6854874,-0.15234742,-0.6390448,-0.07148454,Q
0.0,0.0,-0.112427056,0.094549015,-0.2902023,0.18364006,-0.46443886,0.29782665,-0.6224106,0.37554348,-0.4107346,-0.26845178,-0.73111105,-0.20423248,-0.8907546,-0.10508731,-1.0,-0.012134622,-0.4355332,-0.32256716,-0.74825776,-0.26548898,-0.7307366,-0.13123792,-0.6463887,-0.027448695,-0.458037,-0.31517148,-0.7400341,-0.27728745,-0.7082982,-0.15023932,-0.63258195,-0.06031196,-0.48500112,-0.29021904,-0.6854771,-0.25705206,-0.6782951,-0.15635398,-0.6221671,-0.07792596,Q
0.0,0.0,-0.012790845,0.19049336,-0.13089778,0.363063,-0.27332184,0.5413798,-0.44745767,0.678791,-0.43764746,-0.039353076,-0.7623222,0.16172335,-0.90770626,0.31231987,-1.0,0.4268312,-0.5063016,-0.10639979,-0.8251967,0.14854522,-0.85000527,0.31554362,-0.8693501,0.40166593,-0.5552082,-0.12490798,-0.7840517,0.12856087,-0.6507412,0.207242,-0.5404087,0.20804253,-0.6105034,-0.10867357,-0.7875223,0.07129637,-0.7577043,0.16134964,-0.7082885,0.18233712,Q
0.0,0.0,-0.11659852,0.11836291,-0.30234304,0.21482795,-0.46895483,0.3129184,-0.6079153,0.38228685,-0.3998196,-0.24865678,-0.7247315,-0.17956086,-0.88543624,-0.079995446,-1.0,0.017979,-0.4319908,-0.30333367,-0.7500726,-0.25944188,-0.7754313,-0.12889276,-0.726735,-0.029779127,-0.45356965,-0.29451787,-0.7328742,-0.24263456,-0.72416234,-0.12680249,-0.66813904,-0.053384576,-0.4800643,-0.2580753,-0.6749626,-0.22383782,-0.6955839,-0.13461615,-0.66329354,-0.07010907,Q
0.0,0.0,-0.122605115,0.098250516,-0.31121787,0.18740967,-0.4839403,0.30245566,-0.63182956,0.37507105,-0.412507,-0.2578337,-0.7361493,-0.20272364,-0.89335245,-0.10466328,-1.0,-0.00660715,-0.43021116,-0.30961046,-0.7458559,-0.24832113,-0.7639705,-0.108480364,-0.7118297,0.007526253,-0.44802216,-0.3030967,-0.7300978,-0.26322582,-0.718715,-0.1350943,-0.66091824,-0.040567707,-0.47372565,-0.2801357,-0.67460865,-0.24272531,-0.68084013,-0.14175113,-0.6371055,-0.06082269,Q
0.0,0.0,-0.116188094,0.10010536,-0.30901408,0.18954006,-0.48498657,0.30120075,-0.63886726,0.37531728,-0.4236821,-0.25223747,-0.7410132,-0.19172539,-0.8967668,-0.09221695,-1.0,0.0031123734,-0.44659945,-0.29867366,-0.7479872,-0.25687066,-0.74270546,-0.11860733,-0.67177945,-0.0076545933,-0.4678008,-0.28953034,-0.7362693,-0.25860515,-0.7097169,-0.1291146,-0.64023525,-0.03854471,-0.49483883,-0.26692337,-0.687299,-0.23441966,-0.68740034,-0.1316578,-0.6377462,-0.0513025,Q
0.0,0.0,-0.10961147,0.09558879,-0.30256626,0.19062172,-0.48345023,0.30931416,-0.63536,0.39220864,-0.43596753,-0.23439942,-0.74981517,-0.17761774,-0.90268385,-0.08019371,-1.0,0.016325375,-0.46204948,-0.28686213,-0.7671096,-0.24165826,-0.7682618,-0.10318637,-0.6990296,0.015056817,-0.48172298,-0.2797299,-0.7548471,-0.24037868,-0.72855496,-0.11450556,-0.66229975,-0.020215517,-0.50150424,-0.2593698,-0.69701827,-0.22473945,-0.6967689,-0.123990394,-0.65192413,-0.037772674,Q
0.0,0.0,-0.121386744,0.09870972,-0.30626583,0.19444098,-0.4805233,0.30823725,-0.62745357,0.3977637,-0.45333165,-0.24215204,-0.7703567,-0.16906123,-0.9121604,-0.06075096,-1.0,0.039160747,-0.47221652,-0.30398673,-0.7773436,-0.22417681,-0.7839039,-0.084401116,-0.7227443,0.022058541,-0.48489678,-0.30025133,-0.7596187,-0.23604664,-0.747214,-0.107928865,-0.68885356,-0.016393224,-0.5035911,-0.27814302,-0.70136184,-0.22272038,-0.7135935,-0.12140954,-0.6791861,-0.04275928,Q
0.0,0.0,-0.117503785,0.103694744,-0.30501735,0.2007672,-0.48009932,0.31345534,-0.6213301,0.39559448,-0.4477968,-0.21651073,-0.7662845,-0.15508349,-0.9127275,-0.04672682,-1.0,0.04956694,-0.465203,-0.28245208,-0.77198106,-0.21724917,-0.7768298,-0.07414573,-0.71316856,0.02661797,-0.47653472,-0.28202352,-0.7594501,-0.23368084,-0.7409289,-0.10392246,-0.6737203,-0.017377863,-0.4923749,-0.26082578,-0.70185375,-0.21771069,-0.7086636,-0.11825679,-0.6639041,-0.0432813,Q
0.0,0.0,-0.108534,0.11090118,-0.29127604,0.21818261,-0.45977795,0.3317944,-0.60670155,0.40006566,-0.44767585,-0.204911,-0.7643094,-0.12683256,-0.91051954,-0.014958723,-1.0,0.07887199,-0.46885452,-0.27145043,-0.78635967,-0.203277,-0.79544336,-0.053989418,-0.73223317,0.04995773,-0.48272088,-0.27120748,-0.77259016,-0.21967296,-0.7596246,-0.08294025,-0.6957255,0.0040926454,-0.49952665,-0.24876416,-0.71331,-0.19193397,-0.72224903,-0.08764862,-0.67735475,-0.014800528,Q
0.0,0.0,-0.109679066,0.12064302,-0.2867218,0.22935593,-0.4461808,0.33860216,-0.5864918,0.39232066,-0.45588204,-0.19898339,-0.78333694,-0.121747,-0.92137253,-0.005517515,-1.0,0.09867461,-0.48058295,-0.26612103,-0.79665387,-0.17437366,-0.7820058,-0.03062997,-0.7092388,0.060398646,-0.49595407,-0.26691374,-0.78396004,-0.19019823,-0.7524402,-0.057284474,-0.67839015,0.022677436,-0.51002896,-0.24175538,-0.7177128,-0.17228447,-0.7108394,-0.069968216,-0.6536691,-0.0021907263,Q
0.0,0.0,-0.1129438,0.1107013,-0.28651115,0.21844466,-0.4368878,0.33398172,-0.5685321,0.39545357,-0.4561188,-0.20225911,-0.76069903,-0.110800855,-0.90406746,-0.0052961516,-1.0,0.09508188,-0.47596195,-0.26007876,-0.7686818,-0.1435258,-0.76850516,-0.010900829,-0.71088755,0.082451515,-0.48734388,-0.25488254,-0.758491,-0.16523321,-0.73699266,-0.044340312,-0.6753842,0.03493573,-0.50218403,-0.225028,-0.70108396,-0.15203622,-0.7066405,-0.057521064,-0.6662745,0.01143723,Q
0.0,0.0,-0.105253786,0.11533074,-0.27762496,0.2196967,-0.42748192,0.3345722,-0.56154096,0.40533704,-0.4398272,-0.18835038,-0.7484233,-0.103601776,-0.8959716,-0.00042571846,-1.0,0.089070834,-0.4606599,-0.24192964,-0.7596052,-0.16726969,-0.7364854,-0.03221273,-0.6546226,0.065914184,-0.47625077,-0.23703685,-0.7435932,-0.1812948,-0.7053006,-0.05617838,-0.6329602,0.025347698,-0.49727002,-0.2137876,-0.6866767,-0.16504116,-0.6803506,-0.071574636,-0.6290818,-0.0022774055,Q
0.0,0.0,0.017472835,0.21229514,-0.08390909,0.3642709,-0.22687353,0.53277314,-0.39403254,0.66675687,-0.38014618,-0.079147406,-0.728206,0.123821534,-0.89338875,0.30388272,-1.0,0.42807657,-0.48097008,-0.13895279,-0.7766848,0.12920697,-0.642852,0.26364556,-0.52632904,0.2637061,-0.56334966,-0.14062147,-0.78474903,0.10971577,-0.6050638,0.17919771,-0.47658467,0.12960173,-0.64161485,-0.12322593,-0.78164274,0.051720362,-0.695174,0.1260395,-0.6083915,0.11501295,Q
0.0,0.0,-0.09709141,0.1212306,-0.2691834,0.22715169,-0.41094637,0.33272934,-0.53834534,0.3943994,-0.42586234,-0.17844659,-0.74303484,-0.08182243,-0.8942336,0.015576869,-1.0,0.101008065,-0.44990566,-0.24625465,-0.7635654,-0.15717895,-0.78376704,-0.023141438,-0.7337237,0.07603847,-0.4643334,-0.24688806,-0.73158365,-0.17196625,-0.72231495,-0.05605557,-0.6716234,0.018223412,-0.48192492,-0.21698402,-0.6712763,-0.164002,-0.699284,-0.07775212,-0.6835547,-0.014395234,Q
0.0,0.0,-0.09981247,0.10590584,-0.27554923,0.20820065,-0.4341403,0.32442144,-0.5787626,0.3897945,-0.43700674,-0.20921417,-0.7552169,-0.12633754,-0.9022669,-0.014612303,-1.0,0.083893284,-0.46262088,-0.25758713,-0.7644333,-0.17310825,-0.7218857,-0.046387337,-0.6250421,0.036322203,-0.48129854,-0.24816822,-0.7488628,-0.17459767,-0.68896055,-0.059904493,-0.5989855,0.0071365912,-0.503154,-0.22071165,-0.68971986,-0.15472136,-0.6580261,-0.061934065,-0.58429974,-0.0017164145,Q
0.0,0.0,-0.10515177,0.10674926,-0.27752653,0.20649895,-0.43157667,0.31591025,-0.57229424,0.3777076,-0.43479097,-0.2178689,-0.7457833,-0.13355039,-0.8967602,-0.026559038,-1.0,0.067096256,-0.46106857,-0.25965464,-0.76308775,-0.17246705,-0.7341711,-0.047510043,-0.64450127,0.035948306,-0.4804508,-0.2474932,-0.746427,-0.17577142,-0.70093644,-0.060361825,-0.6173297,0.010850052,-0.50235444,-0.21909937,-0.68784684,-0.16317329,-0.6755467,-0.07181499,-0.61663413,-0.007158927,Q
0.0,0.0,-0.11391242,0.10766662,-0.29171634,0.19927832,-0.44917226,0.29822224,-0.5905221,0.36236873,-0.43956342,-0.22928621,-0.75738156,-0.14290865,-0.90353733,-0.041618023,-1.0,0.046395537,-0.4499999,-0.28199238,-0.7442063,-0.1893002,-0.714999,-0.06205456,-0.6308061,0.022925168,-0.46047992,-0.27622914,-0.72513556,-0.20496811,-0.68254644,-0.08817848,-0.6039025,-0.015777308,-0.48076555,-0.25176376,-0.6738298,-0.1885,-0.6678363,-0.099926226,-0.61760014,-0.039528284,Q
0.0,0.0,-0.10198396,0.10327715,-0.27310747,0.19180588,-0.4334665,0.2983622,-0.5773829,0.38330367,-0.42975423,-0.22938392,-0.7450919,-0.1480514,-0.8974297,-0.046658505,-1.0,0.038360294,-0.45457825,-0.2637197,-0.748195,-0.18329267,-0.7180595,-0.053814046,-0.62746274,0.036495313,-0.47246355,-0.2484675,-0.73298585,-0.18750745,-0.6889242,-0.06839576,-0.6024494,0.0068553924,-0.49691162,-0.22120099,-0.6805103,-0.16876006,-0.6632518,-0.07577765,-0.5954676,-0.012466696,Q
0.0,0.0,-0.10667104,0.09192746,-0.28099513,0.18031113,-0.45289838,0.28704023,-0.5982814,0.37359938,-0.41376394,-0.2569484,-0.73047084,-0.17878483,-0.8903249,-0.076278955,-1.0,0.01338688,-0.445224,-0.30148253,-0.7463789,-0.20789792,-0.7105986,-0.07914852,-0.6152856,0.006860345,-0.47144675,-0.28552684,-0.7361071,-0.2123741,-0.6804962,-0.10039921,-0.59146184,-0.025587274,-0.49821866,-0.2533981,-0.67863077,-0.19222204,-0.6595848,-0.10479375,-0.59932995,-0.03694018,Q
0.0,0.0,-0.10636913,0.09172711,-0.27685437,0.17423053,-0.43889618,0.2828313,-0.58304197,0.36949334,-0.41641125,-0.26653576,-0.73207533,-0.18672316,-0.89130324,-0.09077765,-1.0,-0.007021838,-0.44057035,-0.29915023,-0.7358304,-0.21263467,-0.72239643,-0.08242708,-0.644474,0.016127406,-0.46174392,-0.28140387,-0.73679465,-0.22775874,-0.7095064,-0.107215814,-0.6319283,-0.020163324,-0.49117434,-0.25351655,-0.6859757,-0.20246813,-0.68546075,-0.11285748,-0.6294979,-0.045088384,Q
0.0,0.0,-0.105929084,0.09826287,-0.28608873,0.1866163,-0.45748913,0.29482594,-0.6116173,0.3755592,-0.4065887,-0.26253456,-0.71777517,-0.2020224,-0.883749,-0.10523421,-1.0,-0.010246689,-0.43882027,-0.2978241,-0.73906946,-0.2259134,-0.7627422,-0.091520116,-0.72021836,0.024448864,-0.46541986,-0.2804033,-0.72930545,-0.22866763,-0.704448,-0.10951273,-0.6394044,-0.016027713,-0.49564168,-0.24783869,-0.67517006,-0.19712791,-0.668772,-0.105910465,-0.6177575,-0.030714897,Q
0.0,0.0,-0.111765206,0.08253967,-0.29477173,0.17092521,-0.47017938,0.2898118,-0.62125957,0.37690988,-0.40529516,-0.27958602,-0.7196817,-0.21448523,-0.8835268,-0.11979248,-1.0,-0.023332098,-0.43396354,-0.3198686,-0.7350265,-0.24765176,-0.77314335,-0.11443163,-0.7427527,0.008538648,-0.45939973,-0.30646944,-0.7160047,-0.2527407,-0.6961862,-0.1320413,-0.63869935,-0.033843048,-0.48989794,-0.2750862,-0.66298,-0.22531667,-0.6659904,-0.13882662,-0.6301097,-0.0653447,Q
0.0,0.0,-0.115047865,0.09509545,-0.29633597,0.18148935,-0.4713742,0.29405642,-0.6269766,0.37627628,-0.40919718,-0.281115,-0.72562116,-0.21694107,-0.8873603,-0.118087605,-1.0,-0.020761834,-0.4345856,-0.31387416,-0.74437034,-0.23817332,-0.77668506,-0.10848767,-0.7433003,0.010251656,-0.45806032,-0.2959337,-0.72326845,-0.23506917,-0.70543915,-0.12059316,-0.65035534,-0.02615078,-0.4884715,-0.2648082,-0.6753393,-0.20863986,-0.6746076,-0.12360287,-0.63152224,-0.05276432,Q
0.0,0.0,-0.01138311,0.2152177,-0.12310042,0.3712288,-0.25698608,0.536756,-0.42001653,0.66232747,-0.40746772,-0.037419356,-0.7373943,0.17165263,-0.89699185,0.3439418,-1.0,0.46016693,-0.47331703,-0.11880048,-0.7420822,0.16108967,-0.59195143,0.2751175,-0.4759583,0.2606535,-0.5318032,-0.14748636,-0.72914827,0.12828481,-0.56794,0.1966956,-0.46714273,0.1557743,-0.5954513,-0.15208837,-0.75951254,0.04829367,-0.7459247,0.13172062,-0.72798395,0.1470495,Q
0.0,0.0,-0.11306393,0.11278705,-0.3019823,0.2080053,-0.47512984,0.31972095,-0.6213206,0.39187044,-0.3997115,-0.26290452,-0.73173666,-0.1846463,-0.8888001,-0.08381855,-1.0,0.014682278,-0.43668213,-0.31022063,-0.75568575,-0.24982423,-0.772285,-0.12402067,-0.7203081,-0.026623307,-0.46339437,-0.2987553,-0.7383787,-0.24439488,-0.71853435,-0.13532908,-0.65701556,-0.06017076,-0.49352664,-0.26399523,-0.67257595,-0.22311662,-0.67901653,-0.13834879,-0.6380741,-0.07381266,Q
0.0,0.0,-0.10922089,0.08878936,-0.29404998,0.1802773,-0.47223112,0.30140275,-0.6273556,0.3860026,-0.39690515,-0.27265564,-0.7137064,-0.21385854,-0.87953746,-0.11683051,-1.0,-0.013879418,-0.43331262,-0.31433743,-0.7458909,-0.25566384,-0.78225106,-0.115759134,-0.7511113,0.013230793,-0.4628907,-0.300193,-0.7235325,-0.24990596,-0.6952058,-0.124573,-0.6312492,-0.026900183,-0.49369353,-0.2659589,-0.6692383,-0.21353562,-0.65949446,-0.11766804,-0.6091692,-0.040292848,Q
0.0,0.0,-0.11691253,0.09459173,-0.30392665,0.18934506,-0.47978854,0.3066464,-0.6289595,0.39285767,-0.40948075,-0.25712687,-0.72104675,-0.19888146,-0.88331187,-0.103495054,-1.0,-0.001745882,-0.43740642,-0.31631792,-0.7422549,-0.24810602,-0.7596259,-0.10331628,-0.7101766,0.022008562,-0.4610057,-0.30939874,-0.7284605,-0.259317,-0.70713806,-0.12696218,-0.64841574,-0.025001546,-0.48493063,-0.27997273,-0.667636,-0.23275933,-0.6672463,-0.13291402,-0.62826943,-0.05146881,Q
0.0,0.0,-0.11167038,0.09498874,-0.29483196,0.190814,-0.47222194,0.30991697,-0.629776,0.38722217,-0.40341178,-0.26499456,-0.72267014,-0.1979685,-0.88431305,-0.09817206,-1.0,0.00032158216,-0.43389824,-0.3210379,-0.7459892,-0.26315826,-0.74540484,-0.12074244,-0.6745891,-0.0043247365,-0.46039802,-0.31268013,-0.73506874,-0.27696735,-0.7068335,-0.14713655,-0.6374382,-0.050359853,-0.48658526,-0.28378633,-0.6740147,-0.24862179,-0.6695141,-0.14955798,-0.62331396,-0.06932771,Q
0.0,0.0,-0.120811366,0.108158246,-0.30505636,0.20409179,-0.4788915,0.31386948,-0.63341326,0.3870994,-0.41792428,-0.24702871,-0.73757297,-0.18813273,-0.8942741,-0.08480911,-1.0,0.01766389,-0.44080958,-0.314858,-0.7458924,-0.23767173,-0.7243578,-0.090901375,-0.6380319,0.013340345,-0.46277353,-0.31534588,-0.73231226,-0.26088825,-0.6897321,-0.12536441,-0.6072951,-0.03716808,-0.48811358,-0.29187647,-0.6758783,-0.23814522,-0.6571481,-0.13292137,-0.59488076,-0.0605967,Q
0.0,0.0,-0.1272991,0.0950779,-0.31823114,0.18702452,-0.4954726,0.29638168,-0.6423226,0.3700606,-0.42351976,-0.26687655,-0.7410675,-0.20879282,-0.89363307,-0.107902475,-1.0,-0.009061337,-0.43800423,-0.33247212,-0.74043375,-0.25831974,-0.73363644,-0.112963565,-0.65916485,0.0033007718,-0.45323646,-0.3293612,-0.710599,-0.27369472,-0.68290967,-0.13942365,-0.6130158,-0.038897566,-0.4733593,-0.3046521,-0.65085995,-0.25206417,-0.6539974,-0.1485269,-0.61699665,-0.06388646,Q
0.0,0.0,-0.13528888,0.116312034,-0.33750606,0.20819424,-0.5178784,0.31278184,-0.66839176,0.3861672,-0.43720564,-0.23501804,-0.747558,-0.1922917,-0.89896613,-0.09382537,-1.0,-0.0014973129,-0.43903247,-0.31415448,-0.74110514,-0.25429642,-0.74316144,-0.101036035,-0.6744082,0.0061057964,-0.44660112,-0.3215944,-0.72203004,-0.28008866,-0.7117281,-0.13505161,-0.6513084,-0.039038654,-0.46245396,-0.30493104,-0.67285746,-0.2693632,-0.6895191,-0.16351789,-0.6537027,-0.08133178,Q
0.0,0.0,-0.13570248,0.117017105,-0.3471826,0.20813219,-0.53657466,0.31032237,-0.69271,0.38565624,-0.444121,-0.23738071,-0.75706357,-0.19948156,-0.9050478,-0.10283066,-1.0,-0.009227175,-0.4499337,-0.311526,-0.76318866,-0.2660095,-0.78164965,-0.1169208,-0.72554404,-0.006085081,-0.45830983,-0.3184505,-0.73343045,-0.28258684,-0.73204637,-0.14328107,-0.68190926,-0.049466364,-0.47093946,-0.30320606,-0.6716145,-0.2644415,-0.6899418,-0.16235958,-0.66018707,-0.083919235,Q
0.0,0.0,-0.14325483,0.1139792,-0.3595183,0.19869727,-0.55458605,0.29697263,-0.7152622,0.3747362,-0.45234,-0.24280155,-0.7701095,-0.2044401,-0.9102791,-0.10909522,-1.0,-0.021122113,-0.45254117,-0.31690955,-0.76474035,-0.2653902,-0.7814566,-0.11371433,-0.7264772,-0.0056994683,-0.45571822,-0.320571,-0.7208116,-0.27807137,-0.7117811,-0.1385778,-0.656492,-0.046860408,-0.4648087,-0.30273172,-0.656449,-0.2623523,-0.66256183,-0.16137174,-0.6249453,-0.086593695,Q
0.0,0.0,-0.1541561,0.103826605,-0.37178335,0.18241598,-0.56425655,0.28145656,-0.7190163,0.3593428,-0.452072,-0.2486003,-0.7664399,-0.21199544,-0.90735465,-0.11552413,-1.0,-0.02077436,-0.44890943,-0.31688577,-0.7604034,-0.27794617,-0.78386176,-0.13074437,-0.73907346,-0.017285412,-0.44937766,-0.31604725,-0.7084068,-0.27496114,-0.6984422,-0.14087316,-0.6474109,-0.046442226,-0.4538605,-0.29223433,-0.63959783,-0.25240186,-0.64497244,-0.1531838,-0.60921854,-0.07092048,Q
0.0,0.0,-0.032155845,0.2043973,-0.14609292,0.36101452,-0.28593644,0.51537305,-0.45270017,0.64373106,-0.44416374,-0.011378788,-0.7413012,0.18302168,-0.9064654,0.34170437,-1.0,0.46072036,-0.5032552,-0.07799588,-0.81284505,0.15380089,-0.8489552,0.3526241,-0.8668721,0.4601286,-0.53887326,-0.09856457,-0.76579696,0.11835188,-0.62878036,0.21980582,-0.52239543,0.21838653,-0.57630336,-0.094186656,-0.7195231,0.08826631,-0.6485745,0.17049672,-0.56752837,0.18190645,Q
0.0,0.0,-0.1513264,0.115697496,-0.3801301,0.21309079,-0.55876917,0.32076815,-0.70238066,0.40137267,-0.46890283,-0.23733889,-0.7957604,-0.17262089,-0.9161391,-0.07851382,-1.0,0.0015524414,-0.47410935,-0.31269234,-0.77103657,-0.24975863,-0.73242694,-0.11932693,-0.6442163,-0.03717174,-0.47377807,-0.3120424,-0.74561834,-0.26265046,-0.6929091,-0.14656311,-0.60486734,-0.077458195,-0.49133903,-0.28528187,-0.7006709,-0.2593939,-0.68372726,-0.1781807,-0.61096805,-0.116820306,Q
0.0,0.0,-0.14728495,0.09880032,-0.35484713,0.18248,-0.53533846,0.28527007,-0.680478,0.3501355,-0.42794192,-0.2574491,-0.74727815,-0.22248277,-0.9031715,-0.13212705,-1.0,-0.04007748,-0.4324484,-0.31574103,-0.7564646,-0.28637493,-0.7874485,-0.14793222,-0.74120885,-0.03256964,-0.44147462,-0.31094754,-0.7217688,-0.28674307,-0.721601,-0.15928045,-0.6716678,-0.06197373,-0.45586154,-0.28296313,-0.66927797,-0.2558523,-0.6842655,-0.1635102,-0.64884627,-0.082282476,Q
0.0,0.0,-0.1412497,0.1011844,-0.34862646,0.18323772,-0.53603613,0.28585982,-0.68651587,0.35085008,-0.43894607,-0.25053233,-0.7552051,-0.21155444,-0.90737224,-0.122790046,-1.0,-0.035664886,-0.44373533,-0.3110102,-0.76067424,-0.27374074,-0.79508036,-0.13969156,-0.7589603,-0.026793193,-0.45284113,-0.3065149,-0.7276212,-0.2733704,-0.73803556,-0.15258951,-0.7023034,-0.059651338,-0.46827963,-0.2786245,-0.67415494,-0.24156249,-0.6960094,-0.15323687,-0.6739642,-0.079556815,Q
0.0,0.0,-0.14115672,0.11680325,-0.34883514,0.2057477,-0.5412315,0.30954695,-0.69609255,0.38423175,-0.44285986,-0.2341393,-0.76343066,-0.20700024,-0.91258186,-0.11195773,-1.0,-0.016105162,-0.44063318,-0.3049109,-0.76842433,-0.27660775,-0.8004122,-0.13489284,-0.7637285,-0.021402996,-0.4458019,-0.3091327,-0.71962315,-0.26987863,-0.72222805,-0.14078155,-0.6818553,-0.046022404,-0.45838928,-0.2881054,-0.6645513,-0.24746321,-0.6780054,-0.15027177,-0.6500616,-0.06899989,Q
0.0,0.0,-0.12988202,0.11749144,-0.3310674,0.19785954,-0.51874566,0.29331154,-0.6734196,0.35880655,-0.4316304,-0.24028991,-0.7449228,-0.211519,-0.9035272,-0.119965404,-1.0,-0.031294126,-0.43680078,-0.30790186,-0.7586566,-0.2898213,-0.8200843,-0.15128466,-0.80532193,-0.033654038,-0.44255874,-0.30746445,-0.72795385,-0.28793895,-0.7667124,-0.15969428,-0.7587745,-0.0654445,-0.45132595,-0.27658278,-0.67259276,-0.2564521,-0.7202287,-0.16378482,-0.7209929,-0.08449507,Q
0.0,0.0,-0.12821317,0.11705393,-0.327025,0.19777867,-0.51166904,0.2883457,-0.6679273,0.34899655,-0.4121488,-0.24814549,-0.74071264,-0.22174944,-0.90112305,-0.13043226,-1.0,-0.040051606,-0.41313574,-0.32680088,-0.74001646,-0.29788515,-0.7577197,-0.14909446,-0.70882326,-0.036758333,-0.42199376,-0.3338044,-0.70589525,-0.30248755,-0.6972274,-0.16758221,-0.6479756,-0.07830826,-0.43683034,-0.31151906,-0.6519502,-0.2835259,-0.65870667,-0.1851147,-0.6193279,-0.10896803,Q
0.0,0.0,-0.13102047,0.120817125,-0.330871,0.2004308,-0.51891184,0.2870791,-0.67713785,0.35043007,-0.4383342,-0.25840515,-0.7573722,-0.23505881,-0.90869397,-0.14159493,-1.0,-0.04602701,-0.4292272,-0.3296885,-0.7463058,-0.28479257,-0.76345664,-0.13622408,-0.7190546,-0.029601308,-0.43036327,-0.33288482,-0.7084607,-0.2941012,-0.7061235,-0.15559165,-0.66126454,-0.063465446,-0.44207022,-0.31025347,-0.6589631,-0.27819198,-0.6730676,-0.17659876,-0.6399167,-0.09722005,Q
0.0,0.0,-0.12049053,0.113632545,-0.32833445,0.19856986,-0.5185812,0.29213816,-0.6791926,0.35122168,-0.40263435,-0.25696552,-0.7178192,-0.23865202,-0.88776517,-0.154344,-1.0,-0.060676217,-0.414197,-0.3365596,-0.73533446,-0.30389845,-0.74303734,-0.14804566,-0.6831013,-0.034074575,-0.4336718,-0.34789887,-0.7273998,-0.3133649,-0.70594853,-0.16785552,-0.6428222,-0.07592972,-0.45707172,-0.3244122,-0.6831452,-0.2956338,-0.68761516,-0.18815246,-0.64069754,-0.10502227,Q
0.0,0.0,-0.12158813,0.118078806,-0.31963181,0.19749331,-0.502256,0.28647602,-0.66194135,0.3479578,-0.4102986,-0.24922094,-0.7345504,-0.2168512,-0.8965925,-0.12331962,-1.0,-0.032541215,-0.40775666,-0.32204786,-0.7273275,-0.27676827,-0.7086186,-0.12241575,-0.6318162,-0.02663908,-0.4165533,-0.32822573,-0.716433,-0.28870916,-0.6874955,-0.14409779,-0.6124896,-0.06731572,-0.44363296,-0.30591413,-0.6893283,-0.26858455,-0.6911903,-0.1646181,-0.6284443,-0.1009772,Q
0.0,0.0,-0.12439871,0.11239035,-0.32698995,0.19587247,-0.5219493,0.29233444,-0.6786823,0.36114344,-0.408034,-0.2490825,-0.73976475,-0.22833931,-0.90186036,-0.13227049,-1.0,-0.03834246,-0.4179083,-0.33160627,-0.73803765,-0.26773226,-0.7183201,-0.11720006,-0.6419033,-0.033659756,-0.43706033,-0.34450036,-0.73432255,-0.28426445,-0.6940999,-0.14869282,-0.6141033,-0.076348774,-0.46489874,-0.32405612,-0.69280297,-0.27955297,-0.6807389,-0.17439373,-0.6165656,-0.10666176,Q
0.0,0.0,-0.15974009,0.06291155,-0.45033538,0.15605418,-0.69501895,0.26858532,-0.86796224,0.3787835,-0.65772885,-0.057347,-0.8279382,0.19015175,-0.8992134,0.32358748,-1.0,0.4187592,-0.6347415,-0.03553436,-0.66063964,0.25156853,-0.5216423,0.2364396,-0.47969148,0.18770128,-0.5754314,0.00672092,-0.59029275,0.2925345,-0.45128888,0.2608219,-0.40829667,0.2047518,-0.50713706,0.049823005,-0.56397885,0.28757876,-0.4821267,0.29754594,-0.44494498,0.2767812,Q
0.0,0.0,0.10566419,0.16103932,0.10002065,0.33044726,0.08303833,0.4700242,0.029652629,0.5876153,-0.2608451,-0.022779629,-0.4553529,0.08419825,-0.66352814,0.1662487,-0.8610568,0.25269705,-0.40695748,-0.024773471,-0.6241653,0.17659307,-0.79837847,0.31641516,-1.0,0.41870102,-0.50110793,0.0022127198,-0.6098673,0.23502155,-0.5413156,0.27907577,-0.50550604,0.25929886,-0.5559573,0.050130054,-0.7093559,0.19677116,-0.7844676,0.2833086,-0.8611486,0.3237776,Q
0.0,0.0,0.05476542,0.117563955,0.021585163,0.26774555,-0.03213935,0.3838509,-0.08476535,0.48007643,-0.25806114,-0.062061336,-0.5104978,0.007722259,-0.7000389,0.09846289,-0.86350054,0.18751524,-0.3725098,-0.05497585,-0.65388596,0.08771156,-0.8332988,0.23234338,-1.0,0.35573563,-0.44526014,-0.029755503,-0.61164063,0.17907614,-0.4809518,0.2059305,-0.37379357,0.18447317,-0.4802643,0.003672904,-0.5518656,0.17278554,-0.46366107,0.20007543,-0.39015636,0.17161122,Q
0.0,0.0,0.0060112034,0.10848919,-0.06841948,0.2188387,-0.15802348,0.2944908,-0.24173144,0.35171664,-0.27722228,-0.06659836,-0.54019105,-0.001685204,-0.7412011,0.077265866,-0.89999986,0.15480031,-0.34110662,-0.095687285,-0.59993863,0.017131962,-0.8152785,0.15309033,-1.0,0.26739293,-0.38950956,-0.09547888,-0.6011863,0.031342395,-0.6833974,0.13295098,-0.73912936,0.20256336,-0.4266647,-0.0709604,-0.56431913,0.027106788,-0.60545623,0.09224123,-0.6251614,0.12634462,Q
0.0,0.0,-0.04233301,0.010306839,-0.19499268,0.014215824,-0.35658866,0.011971323,-0.4851685,0.03077697,-0.28310615,-0.25535142,-0.5795154,-0.19087736,-0.8124142,-0.09699436,-1.0,-0.005836022,-0.3517333,-0.22669812,-0.65388024,-0.107963145,-0.82698536,0.02173328,-0.97512454,0.097066045,-0.41431555,-0.17436133,-0.65600276,-0.030858366,-0.59381443,0.037260104,-0.5054098,0.027506093,-0.4698509,-0.109153375,-0.6235205,-0.008253558,-0.58958477,0.041458834,-0.53459114,0.029798973,Q
0.0,0.0,-0.018261237,-0.034030024,-0.20356882,-0.066925205,-0.41779533,-0.07203112,-0.59732676,-0.067292005,-0.21995752,-0.23065929,-0.5381356,-0.19462267,-0.8054063,-0.11433652,-1.0,-0.026144829,-0.29189277,-0.18843529,-0.57361495,-0.13081731,-0.81296194,-0.050827637,-0.98693466,0.0029899029,-0.37131664,-0.14418736,-0.60660887,-0.078569956,-0.75507337,-0.015181196,-0.8369711,0.0057390216,-0.44477016,-0.09406387,-0.6397275,-0.06047918,-0.77176106,-0.018135758,-0.85093665,0.0061359857,Q
0.0,0.0,-0.060055997,-0.072619475,-0.2852969,-0.14744663,-0.52069545,-0.16315831,-0.7123713,-0.1665531,-0.20464736,-0.30320716,-0.5017176,-0.29041857,-0.76250523,-0.2394674,-0.95854825,-0.16802481,-0.26625288,-0.23314847,-0.53627163,-0.18291765,-0.7961866,-0.11307793,-1.0,-0.061735127,-0.33081695,-0.16456568,-0.5706825,-0.1071407,-0.76543504,-0.05248127,-0.89817315,-0.033326175,-0.3896198,-0.092229314,-0.59800464,-0.059815094,-0.7541554,-0.02975483,-0.8609325,-0.021453043,Q
0.0,0.0,-0.12865034,-0.10441518,-0.35110122,-0.13842098,-0.5611939,-0.08795997,-0.71390676,-0.030949999,-0.28497458,-0.25685772,-0.5935318,-0.21253972,-0.82271796,-0.14637153,-0.9950447,-0.06886787,-0.29597068,-0.22387068,-0.57709825,-0.16512612,-0.819378,-0.09716155,-1.0,-0.028343387,-0.31319338,-0.18118471,-0.56807894,-0.13256772,-0.8033978,-0.07569092,-0.96742135,-0.019460497,-0.33974877,-0.12389164,-0.5466034,-0.08886552,-0.72195137,-0.05515611,-0.8425841,-0.014421964,Q
0.0,0.0,-0.055401754,0.20479523,-0.25130373,0.34121156,-0.44897005,0.434438,-0.6202898,0.50917935,-0.3535024,-0.152872,-0.6338693,-0.12884845,-0.83371836,-0.05956039,-0.98278785,0.017311502,-0.42150426,-0.20855129,-0.6917764,-0.14901412,-0.87403595,-0.0023767164,-1.0,0.11625423,-0.46444166,-0.21797928,-0.7009925,-0.12628445,-0.7341264,-0.018115832,-0.7185041,0.049486067,-0.5015106,-0.19340052,-0.6963791,-0.1291106,-0.7899405,-0.02226004,-0.82138056,0.06405414,Q
0.0,0.0,-0.10131218,-0.14467871,-0.33262298,-0.20150693,-0.5664478,-0.17994547,-0.7410399,-0.11371513,-0.41518268,-0.15602942,-0.6840204,-0.123127505,-0.86668366,-0.041991904,-1.0,0.045130033,-0.39953458,0.0038440519,-0.6217802,0.056636225,-0.7609854,0.18050426,-0.8778884,0.30549726,-0.3543509,0.13617463,-0.5466999,0.20982277,-0.63145655,0.29953918,-0.6890645,0.38681936,-0.3105929,0.25357932,-0.45205012,0.3384198,-0.5262129,0.41051212,-0.58995634,0.47436032,Q
0.0,0.0,-0.059277885,0.19775154,-0.24412937,0.3218313,-0.43560514,0.4065038,-0.60307163,0.48323187,-0.32352245,-0.16711737,-0.60856456,-0.17100339,-0.83349967,-0.097773075,-1.0,-0.01249699,-0.39141706,-0.23092167,-0.6989418,-0.18867467,-0.847661,-0.0422482,-0.9347648,0.05836905,-0.4313873,-0.24554145,-0.7033626,-0.13552247,-0.65824336,-0.018826801,-0.57320505,0.01833903,-0.47471565,-0.22766231,-0.6539163,-0.13506913,-0.6487552,-0.03777288,-0.59376705,-0.0061858557,Q
0.0,0.0,-0.090002105,0.11808581,-0.2613396,0.21148975,-0.43624744,0.32762852,-0.6004508,0.41221526,-0.3722804,-0.2716766,-0.6808429,-0.22538161,-0.87323946,-0.12812929,-1.0,-0.025720596,-0.40982565,-0.3157337,-0.715653,-0.25565496,-0.74839556,-0.11567448,-0.7066966,-0.0058277617,-0.44486758,-0.3044483,-0.7327862,-0.24613452,-0.68287885,-0.1279661,-0.5927609,-0.05452974,-0.48398897,-0.26681143,-0.7001826,-0.22609779,-0.6947675,-0.14186546,-0.63079804,-0.07929662,Q
0.0,0.0,-0.09270565,0.12599744,-0.26548028,0.22918329,-0.45332527,0.34446427,-0.615552,0.42608884,-0.37501705,-0.26089185,-0.7135893,-0.19531125,-0.8893178,-0.08288488,-1.0,0.026811613,-0.4094539,-0.3289239,-0.718585,-0.20878267,-0.6704601,-0.074062556,-0.56455266,0.008224081,-0.4471048,-0.32996017,-0.72579694,-0.22493102,-0.655756,-0.10669103,-0.55968463,-0.04173538,-0.48813444,-0.30493307,-0.6861583,-0.22756499,-0.6446945,-0.13071871,-0.5656275,-0.07334568,Q
0.0,0.0,-0.09513911,0.12601428,-0.26465547,0.22349766,-0.44592553,0.3341937,-0.6096954,0.4152795,-0.3795988,-0.26976252,-0.70917743,-0.21371943,-0.88607675,-0.101391554,-1.0,0.0073263687,-0.40980428,-0.32780007,-0.71893877,-0.23994154,-0.6822005,-0.09380158,-0.5802646,0.003065383,-0.44183818,-0.32390475,-0.7266025,-0.25871697,-0.66500795,-0.12502515,-0.56655496,-0.04363207,-0.47825575,-0.30161384,-0.6820164,-0.24782468,-0.64772177,-0.14525275,-0.563594,-0.079483666,Q
0.0,0.0,-0.09963243,0.13811089,-0.27609864,0.24266885,-0.45903936,0.34744152,-0.62352973,0.42494226,-0.38656577,-0.24150977,-0.7213884,-0.19825865,-0.89345604,-0.088204734,-1.0,0.018096007,-0.4076826,-0.30947155,-0.7247096,-0.2288915,-0.69300693,-0.0752211,-0.5976399,0.020286193,-0.4371835,-0.3109089,-0.7326471,-0.24024722,-0.6730703,-0.10405666,-0.5800364,-0.032828245,-0.47189575,-0.2904256,-0.68855524,-0.23230149,-0.6561434,-0.12920693,-0.5748523,-0.06681384,Q
0.0,0.0,-0.08473216,0.11493518,-0.27013013,0.21540694,-0.46562037,0.33755347,-0.6375731,0.42601734,-0.36738744,-0.26289177,-0.6960648,-0.21727884,-0.87988716,-0.10988283,-1.0,-0.0017343955,-0.4090529,-0.31188616,-0.7161757,-0.24837066,-0.67279786,-0.11644862,-0.5662199,-0.036285672,-0.45144877,-0.3027607,-0.7270338,-0.24137728,-0.65607727,-0.1224269,-0.5592263,-0.06263328,-0.4921664,-0.27244857,-0.6905557,-0.2291497,-0.65851986,-0.13372806,-0.58084774,-0.06982371,Q
0.0,0.0,-0.10090188,0.13286981,-0.2742658,0.23127198,-0.45777917,0.33939895,-0.62007296,0.4225429,-0.3977909,-0.25777,-0.72578746,-0.1903838,-0.89335704,-0.08155339,-1.0,0.011529626,-0.41869473,-0.3250994,-0.72599804,-0.21786751,-0.6738891,-0.07791096,-0.56230974,-0.0018614676,-0.44405872,-0.3240695,-0.72346866,-0.23052141,-0.6516299,-0.10550566,-0.54961944,-0.04419437,-0.4772876,-0.30216056,-0.6820729,-0.23007141,-0.6415171,-0.13001506,-0.5578566,-0.07685091,Q
0.0,0.0,-0.09201448,0.11797491,-0.2663368,0.21937594,-0.45138246,0.34273693,-0.61247116,0.42711473,-0.37697604,-0.25137156,-0.7172502,-0.18764625,-0.8883359,-0.07700497,-1.0,0.025726454,-0.41684207,-0.30750078,-0.7232288,-0.20918085,-0.6740756,-0.08186836,-0.5700209,-0.006495896,-0.45592707,-0.30040765,-0.73193324,-0.21555674,-0.6581857,-0.10384895,-0.5613848,-0.047001265,-0.49581048,-0.27326748,-0.6890399,-0.21045154,-0.6456737,-0.117822826,-0.56531554,-0.0657523,Q
0.0,0.0,-0.08797835,0.12204932,-0.26105317,0.22977099,-0.4439169,0.3504312,-0.6066122,0.41937357,-0.36709192,-0.25579193,-0.7090245,-0.19241023,-0.8843028,-0.08271581,-1.0,0.014284641,-0.4087161,-0.30690247,-0.71542066,-0.20565361,-0.64621043,-0.078423664,-0.5275871,-0.019666454,-0.45014057,-0.29889727,-0.72137386,-0.2121884,-0.6352533,-0.10494201,-0.5334647,-0.061790682,-0.48981917,-0.2700349,-0.67825246,-0.21267101,-0.62559927,-0.124835595,-0.53852874,-0.08034777,Q
0.0,0.0,0.14408594,-0.08586414,0.17466725,-0.31295174,0.03865203,-0.4520872,-0.10643887,-0.5036178,0.21198116,-0.49658224,0.18065752,-0.7097463,0.13438167,-0.8539053,0.08756454,-0.9747705,0.10145644,-0.4951757,0.12762722,-0.7443987,0.14450458,-0.8851341,0.15208505,-1.0,-0.016147967,-0.45204717,-0.06489711,-0.6056107,-0.029005865,-0.43455353,-0.002520334,-0.33770937,-0.12526233,-0.37769824,-0.1335087,-0.4920373,-0.08667061,-0.37303758,-0.07620682,-0.2840325,R
0.0,0.0,0.13849929,-0.11738564,0.1879256,-0.29925904,0.064977944,-0.42594543,-0.0662147,-0.50824106,0.14147982,-0.5018087,0.11930272,-0.71129566,0.08390762,-0.8408083,0.04897555,-0.9536668,0.03292183,-0.5015031,0.04505108,-0.74866253,0.05724635,-0.89104325,0.06127292,-1.0,-0.06512051,-0.4525385,-0.08987991,-0.5890235,-0.045086734,-0.45839924,-0.01853252,-0.35513538,-0.1543748,-0.37103644,-0.15565296,-0.478244,-0.09800968,-0.39580008,-0.062092494,-0.31720605,R
0.0,0.0,0.07168196,-0.16830552,0.05815031,-0.35931334,-0.08521481,-0.4943895,-0.23259063,-0.56848407,0.055651713,-0.5345789,-0.10144029,-0.75892466,-0.18476741,-0.8899195,-0.25867888,-1.0,-0.03619705,-0.50927466,-0.12557703,-0.7248379,-0.19007792,-0.83649904,-0.2509145,-0.930086,-0.11564972,-0.4479499,-0.21336645,-0.53642786,-0.19761495,-0.46040577,-0.17448948,-0.40460974,-0.18066965,-0.36403558,-0.25093308,-0.44272518,-0.24020386,-0.39528146,-0.22705044,-0.35141522,R
0.0,0.0,0.07597728,-0.14271684,0.08278774,-0.33807626,-0.057137966,-0.46341714,-0.1896212,-0.53688174,0.055245135,-0.55344415,-0.0436759,-0.75814396,-0.13007355,-0.89048505,-0.1983159,-1.0,-0.058112174,-0.508831,-0.13482085,-0.68687266,-0.15036882,-0.755613,-0.152231,-0.82697797,-0.14966483,-0.43356442,-0.23578511,-0.4967579,-0.16454072,-0.38706037,-0.09272863,-0.31566375,-0.2209265,-0.34246886,-0.27258718,-0.3889634,-0.21169995,-0.3011906,-0.15810907,-0.2358568,R
0.0,0.0,0.093285166,-0.12694575,0.09793167,-0.31056952,-0.04359677,-0.42667407,-0.17115529,-0.5128458,0.07824842,-0.5283946,-0.014853129,-0.7264629,-0.0868866,-0.8542209,-0.15108608,-0.95869213,-0.03229319,-0.49882078,-0.07728846,-0.738992,-0.10815343,-0.8807288,-0.13253702,-1.0,-0.12575968,-0.42443582,-0.20265043,-0.5048233,-0.13666858,-0.3739766,-0.07616904,-0.28871152,-0.20654823,-0.32465756,-0.2396855,-0.3802424,-0.17109048,-0.27646008,-0.11645313,-0.20761839,R
0.0,0.0,0.09694745,-0.122235104,0.109268695,-0.31441426,-0.032960363,-0.43194833,-0.16717866,-0.50954175,0.085846104,-0.52854025,-0.0005209985,-0.72380865,-0.070522845,-0.85228366,-0.13807766,-0.9580445,-0.023970475,-0.49911496,-0.06617761,-0.7413411,-0.094775535,-0.8821878,-0.1242349,-1.0,-0.11783657,-0.4265569,-0.19108605,-0.50875,-0.124667145,-0.3792773,-0.071052074,-0.30045837,-0.20122467,-0.32820767,-0.22365658,-0.38091126,-0.15331611,-0.27935272,-0.10434115,-0.21292932,R
0.0,0.0,0.10183543,-0.124036975,0.12219236,-0.31402466,-0.018141633,-0.43359303,-0.15756178,-0.5106299,0.09661264,-0.5390242,0.01017213,-0.7289879,-0.06051633,-0.8556765,-0.13076493,-0.960046,-0.014755572,-0.50664824,-0.06089555,-0.75031984,-0.086727835,-0.888019,-0.11607118,-1.0,-0.1128568,-0.42676568,-0.17908497,-0.5379452,-0.11567045,-0.40210286,-0.07048831,-0.31377617,-0.20236118,-0.31760913,-0.21181297,-0.38760898,-0.14291954,-0.27960962,-0.10004655,-0.2049142,R
0.0,0.0,0.100786366,-0.124285646,0.11027561,-0.31588313,-0.02553554,-0.4402942,-0.1609265,-0.5122837,0.08790628,-0.52945113,0.003963931,-0.7235962,-0.0692141,-0.85007083,-0.14494124,-0.952924,-0.023769718,-0.5032442,-0.06514323,-0.74560654,-0.09235626,-0.8886546,-0.124144286,-1.0,-0.12311257,-0.4290157,-0.17348526,-0.54501903,-0.11797816,-0.42424867,-0.081028745,-0.33484724,-0.21262473,-0.32577154,-0.20991096,-0.38794726,-0.14457001,-0.29350865,-0.10489225,-0.22070307,R
0.0,0.0,0.09834321,-0.12918834,0.11178813,-0.3191933,-0.027267814,-0.44583187,-0.16283187,-0.5320199,0.09340209,-0.5347048,0.011397285,-0.7241682,-0.06199522,-0.8480776,-0.135262,-0.94814754,-0.017497921,-0.5027355,-0.06107427,-0.74963343,-0.08830529,-0.88934857,-0.11831811,-1.0,-0.11745199,-0.4223839,-0.16469179,-0.5387258,-0.102970645,-0.40544945,-0.0634167,-0.31928775,-0.21245483,-0.31104606,-0.21369345,-0.39941013,-0.14863618,-0.2944992,-0.11302555,-0.22017005,R
0.0,0.0,0.09960247,-0.12483518,0.11745806,-0.31685615,-0.024686739,-0.45155787,-0.1585012,-0.5421009,0.095613055,-0.5311543,0.011730374,-0.7233388,-0.06396554,-0.84797156,-0.13853683,-0.94940263,-0.01639721,-0.49884444,-0.05465786,-0.7498093,-0.07762059,-0.8887572,-0.10286786,-1.0,-0.11724995,-0.41998032,-0.16140798,-0.5420515,-0.0964954,-0.40580457,-0.053340983,-0.31582883,-0.2132015,-0.31021366,-0.21301284,-0.39522263,-0.14476043,-0.28774768,-0.10510864,-0.21307991,R
0.0,0.0,0.104417376,-0.12869732,0.122595705,-0.32639912,-0.01924992,-0.45718253,-0.1582458,-0.5441586,0.0890746,-0.5419472,0.0036123472,-0.73878485,-0.06565005,-0.8653457,-0.13153611,-0.9685472,-0.0216344,-0.5072894,-0.06844145,-0.7533683,-0.09026384,-0.8913318,-0.113746464,-1.0,-0.12234492,-0.42586023,-0.16250373,-0.54923993,-0.092703685,-0.4121435,-0.051122528,-0.3218139,-0.21753064,-0.3148524,-0.20885651,-0.40861422,-0.13848959,-0.29940045,-0.10408926,-0.2202423,R
0.0,0.0,0.11002215,-0.09955665,0.122776866,-0.29084146,-0.010756435,-0.40779462,-0.13856506,-0.4907031,0.10363059,-0.4958488,0.027589392,-0.6873413,-0.03648267,-0.8132873,-0.10310953,-0.91448396,-0.005966339,-0.47459632,-0.032163586,-0.7181652,-0.05835281,-0.8697347,-0.09334688,-1.0,-0.104194805,-0.40105757,-0.15591985,-0.5522411,-0.106861494,-0.42100573,-0.0769257,-0.32960165,-0.19419004,-0.2851663,-0.19468983,-0.37171113,-0.12736118,-0.26317114,-0.089170024,-0.18437542,R
0.0,0.0,0.106885016,-0.12027504,0.121560924,-0.3087736,-0.0066205766,-0.43525138,-0.13761857,-0.52438647,0.107250154,-0.5241044,0.036722247,-0.71622455,-0.031729206,-0.84421325,-0.10568788,-0.9476251,-0.004354777,-0.5008035,-0.036998414,-0.7441007,-0.061772518,-0.8881102,-0.09178059,-1.0,-0.10429418,-0.4239833,-0.14972533,-0.54342157,-0.09575269,-0.41190353,-0.059608143,-0.32367006,-0.19874449,-0.31392452,-0.2007535,-0.39003128,-0.1385547,-0.28364566,-0.09976852,-0.20939684,R
0.0,0.0,0.10753312,-0.11647672,0.12850511,-0.3081227,-0.0068365484,-0.43755248,-0.14879173,-0.5161719,0.10734861,-0.531713,0.028500907,-0.7316417,-0.04019239,-0.85887355,-0.11089486,-0.9651233,-0.0036940407,-0.5087833,-0.03240078,-0.751959,-0.057277456,-0.88923204,-0.085880145,-1.0,-0.10508735,-0.43954763,-0.16272974,-0.54466033,-0.109353215,-0.41538003,-0.06842474,-0.3315145,-0.1956741,-0.3424379,-0.20613118,-0.39783332,-0.14235438,-0.2926981,-0.098188825,-0.2206674,R
0.0,0.0,0.102736354,-0.11107843,0.12963675,-0.29712847,-0.0007175496,-0.42893022,-0.13880795,-0.5122175,0.11514197,-0.52641815,0.037560053,-0.7176308,-0.035085134,-0.8406642,-0.10963112,-0.9418409,0.00020146953,-0.50409204,-0.03329047,-0.7437642,-0.061442044,-0.8840461,-0.0900693,-1.0,-0.10474082,-0.4341691,-0.15471277,-0.54019284,-0.10472237,-0.4120001,-0.0662044,-0.32739815,-0.2030581,-0.33618224,-0.20980532,-0.39640236,-0.15071492,-0.29523727,-0.10935441,-0.22798124,R
0.0,0.0,0.1002597,-0.11221294,0.11935696,-0.29623303,-0.010790088,-0.43003553,-0.14476673,-0.51558465,0.11226728,-0.5165675,0.030021952,-0.71503246,-0.040870205,-0.8410871,-0.114904985,-0.94397086,0.001644945,-0.4963649,-0.034332197,-0.7410053,-0.06147252,-0.88432586,-0.091135606,-1.0,-0.10022398,-0.42737332,-0.15818876,-0.5221402,-0.104334004,-0.39489236,-0.061840232,-0.30930552,-0.19610895,-0.3309038,-0.20624992,-0.38686737,-0.1465747,-0.28635174,-0.105204076,-0.21628371,R
0.0,0.0,0.09942249,-0.11607627,0.115971394,-0.29735413,-0.011088348,-0.4185257,-0.14668632,-0.49666327,0.10106763,-0.5257813,0.027719613,-0.7170319,-0.03888855,-0.84244007,-0.107881755,-0.94580626,-0.01216616,-0.5048904,-0.038658828,-0.7414966,-0.061483853,-0.88436717,-0.08640748,-1.0,-0.11802229,-0.43356732,-0.17649479,-0.53699183,-0.118781,-0.40334213,-0.07105473,-0.3120538,-0.21745579,-0.33413094,-0.22691235,-0.39152032,-0.16409707,-0.28787652,-0.117406264,-0.21448995,R
0.0,0.0,0.09538309,-0.117690995,0.10745553,-0.30239478,-0.023907773,-0.42887396,-0.15803094,-0.50576097,0.1018657,-0.52565575,0.021427289,-0.7140721,-0.04823761,-0.83712626,-0.117656864,-0.9397758,-0.007209336,-0.50074524,-0.04212635,-0.74048734,-0.06837181,-0.88175815,-0.09602372,-1.0,-0.10769718,-0.42818958,-0.17862421,-0.53347886,-0.12409037,-0.4048168,-0.07946494,-0.3209429,-0.20085955,-0.32872653,-0.22353607,-0.3972937,-0.16405171,-0.29782936,-0.12191026,-0.22680224,R
0.0,0.0,0.10368261,-0.115146674,0.11799051,-0.30315247,-0.021765912,-0.42780888,-0.16268884,-0.50059336,0.101831265,-0.5359087,0.01996303,-0.7304297,-0.049580894,-0.8557787,-0.1132644,-0.9599925,-0.013858849,-0.50734454,-0.056072176,-0.7411023,-0.07879246,-0.8807537,-0.097097,-1.0,-0.11883846,-0.4328413,-0.18169445,-0.5376036,-0.122246735,-0.40209818,-0.07583173,-0.31309527,-0.21227495,-0.3308546,-0.23072448,-0.40023246,-0.16492292,-0.2955839,-0.12176881,-0.21572673,R
0.0,0.0,0.10638516,-0.09580197,0.1296099,-0.28326356,-0.0038499928,-0.4187196,-0.14307979,-0.5018231,0.111081585,-0.5282374,0.037196968,-0.7174984,-0.033552967,-0.84105545,-0.10379928,-0.9427432,-0.006003855,-0.50704515,-0.030202517,-0.7457148,-0.0540568,-0.8851529,-0.0777513,-1.0,-0.111785956,-0.43798396,-0.18415716,-0.52527285,-0.12430625,-0.38318932,-0.07115791,-0.289674,-0.20981011,-0.3428902,-0.23886919,-0.4064166,-0.17542312,-0.2922189,-0.12777618,-0.20916115,R
0.0,0.0,0.103497155,-0.113835596,0.12624587,-0.3003381,-0.007065013,-0.4367488,-0.13729583,-0.5165863,0.12669346,-0.5222582,0.053391393,-0.7218332,-0.017780578,-0.84865373,-0.08186667,-0.95361805,0.004738101,-0.5033272,-0.017821988,-0.7347678,-0.04179897,-0.88086575,-0.05681317,-1.0,-0.10359588,-0.4361275,-0.18264925,-0.51559687,-0.12958589,-0.3798448,-0.070436,-0.282244,-0.19923283,-0.344222,-0.24202223,-0.39923772,-0.19029474,-0.29115152,-0.14012146,-0.20779923,R
0.0,0.0,0.11194313,-0.10228528,0.12751791,-0.2817774,-0.0029307748,-0.3997507,-0.12866332,-0.48700956,0.15091687,-0.5045533,0.07384065,-0.70678264,0.004576199,-0.8385883,-0.059354868,-0.94985133,0.03244401,-0.48267695,0.0061864373,-0.72355044,-0.02234562,-0.86831295,-0.04519384,-1.0,-0.06680585,-0.4142901,-0.13835965,-0.4999163,-0.082569525,-0.36113304,-0.028936021,-0.27672505,-0.15122175,-0.3208636,-0.19060783,-0.37207124,-0.12912771,-0.26617712,-0.08126763,-0.19779739,R
0.0,0.0,0.10771195,-0.11095256,0.1380993,-0.2953434,-0.0020331887,-0.42496586,-0.13569643,-0.5023,0.14384575,-0.51047885,0.07127959,-0.7041622,0.0075618643,-0.8329105,-0.055692106,-0.9388907,0.028537668,-0.4929629,0.0037183608,-0.73520654,-0.018823845,-0.8799255,-0.04386978,-1.0,-0.07165561,-0.4287164,-0.14670622,-0.52203697,-0.09198058,-0.3795402,-0.04134979,-0.28456262,-0.15774459,-0.3360523,-0.18525663,-0.38985902,-0.12996681,-0.2777512,-0.084913634,-0.19998895,R
0.0,0.0,0.10566853,-0.111928314,0.13285445,-0.29137948,-0.008607087,-0.42522782,-0.14395098,-0.5020665,0.13284282,-0.5098809,0.061412428,-0.70808315,-0.0019374464,-0.8374461,-0.06315207,-0.94583493,0.020723814,-0.49307936,0.002041084,-0.73890775,-0.02019896,-0.8831502,-0.04378958,-1.0,-0.07909828,-0.43030864,-0.14215578,-0.54096305,-0.10352789,-0.41705164,-0.06838434,-0.32686958,-0.16639255,-0.34005603,-0.18431601,-0.40564388,-0.13768253,-0.3058819,-0.10462985,-0.22745346,R
0.0,0.0,0.11001431,-0.11438944,0.13665725,-0.30089515,0.00012471495,-0.43483794,-0.12639605,-0.5196332,0.1427533,-0.5094038,0.07495003,-0.7034748,0.01262908,-0.8302974,-0.053412095,-0.9382769,0.036556154,-0.49317554,0.021129822,-0.74533343,-0.0019035068,-0.88508445,-0.028782653,-1.0,-0.063573904,-0.4321799,-0.12872739,-0.54490614,-0.08125936,-0.40802678,-0.040554415,-0.3232372,-0.15670565,-0.34151116,-0.17858747,-0.41359314,-0.121114425,-0.30851963,-0.08492011,-0.23361543,R
0.0,0.0,0.11209448,-0.11818558,0.14431371,-0.3079933,0.0045646187,-0.44846776,-0.12879866,-0.5319634,0.15274633,-0.5153924,0.086568795,-0.71428573,0.024079144,-0.8409804,-0.043793168,-0.9494419,0.04131573,-0.5032029,0.020977875,-0.74772525,-0.004163065,-0.88511825,-0.033702847,-1.0,-0.0603016,-0.4488108,-0.12704563,-0.5394796,-0.07464651,-0.4010846,-0.029117107,-0.31462198,-0.14899285,-0.36761954,-0.16830547,-0.42183635,-0.10888922,-0.3163115,-0.06727036,-0.24162234,R
0.0,0.0,0.1063393,-0.116168074,0.1404843,-0.30460623,0.00403398,-0.44214168,-0.12739584,-0.52001387,0.14670697,-0.51900125,0.07836766,-0.720993,0.016585696,-0.85218775,-0.04670014,-0.9616765,0.03490757,-0.50599843,0.016828181,-0.75282943,-0.0061139897,-0.88690436,-0.030205516,-1.0,-0.06541286,-0.44969657,-0.137039,-0.5497091,-0.089005865,-0.4170334,-0.04223848,-0.33549,-0.15132058,-0.3635309,-0.17412023,-0.4230872,-0.12015436,-0.3222928,-0.0799471,-0.2516737,R
0.0,0.0,0.10377172,-0.12791365,0.13258535,-0.31073365,0.0077763307,-0.449302,-0.114855945,-0.5350805,0.15737866,-0.51675177,0.08705286,-0.72665995,0.02345254,-0.862982,-0.03160325,-0.9793028,0.04214447,-0.50922877,0.023287179,-0.74506193,0.0019196535,-0.8809608,-0.007254455,-1.0,-0.06224357,-0.4614307,-0.12822258,-0.55401045,-0.08825935,-0.4187403,-0.037620228,-0.32877195,-0.14648059,-0.3862865,-0.17518449,-0.43189704,-0.12930207,-0.33500803,-0.087846056,-0.26201633,R
0.0,0.0,0.10978863,-0.12681371,0.14537723,-0.31425405,0.010956546,-0.45068884,-0.11191082,-0.53315157,0.16019449,-0.5189836,0.092214644,-0.73819625,0.027798258,-0.8792822,-0.024186444,-1.0,0.04228643,-0.50575167,0.026707131,-0.7302622,0.011326635,-0.85789824,0.008888111,-0.971414,-0.06341584,-0.4571135,-0.12856008,-0.54888654,-0.08491722,-0.41318366,-0.030722473,-0.3275237,-0.1473125,-0.3801283,-0.1785096,-0.4362254,-0.1324887,-0.34122327,-0.09380505,-0.26802915,R
0.0,0.0,0.110684685,-0.12387265,0.14747593,-0.309956,0.012418854,-0.45295593,-0.109979495,-0.5410404,0.18255019,-0.51428187,0.112325884,-0.7367511,0.05278923,-0.878965,0.0053235483,-1.0,0.06354259,-0.5046326,0.04326735,-0.7293799,0.032888528,-0.8524183,0.03467848,-0.9609266,-0.043727346,-0.4575295,-0.11417376,-0.5519525,-0.07199926,-0.40820596,-0.019854778,-0.3151866,-0.13317479,-0.38523728,-0.16850528,-0.4428998,-0.12494914,-0.33699945,-0.08577575,-0.2591922,R
0.0,0.0,0.106546156,-0.11805415,0.15152653,-0.30232203,0.022296617,-0.4462049,-0.09891442,-0.536986,0.18930483,-0.5146137,0.121882394,-0.7361937,0.056796238,-0.8799781,0.0032814492,-1.0,0.06919138,-0.5014739,0.05914752,-0.7206566,0.054035198,-0.8359218,0.059735652,-0.94053924,-0.039723784,-0.45347634,-0.11290806,-0.55963016,-0.07340032,-0.41944042,-0.019774092,-0.3299507,-0.13194278,-0.37705112,-0.17033625,-0.43736178,-0.1256784,-0.32972267,-0.083626606,-0.25161415,R
0.0,0.0,0.121842824,-0.09340478,0.16824347,-0.28912926,0.029689474,-0.4363146,-0.09658308,-0.528329,0.20365857,-0.4883132,0.15419604,-0.706362,0.09776376,-0.86265045,0.04568489,-0.9869349,0.079725474,-0.48030868,0.07805828,-0.72438127,0.06779219,-0.8749828,0.06238526,-1.0,-0.032262187,-0.4287482,-0.10147336,-0.5288158,-0.06740014,-0.37368062,-0.025509259,-0.2723524,-0.1294593,-0.34668308,-0.16045849,-0.4223041,-0.11704837,-0.29877678,-0.082218885,-0.20408888,R
0.0,0.0,0.1186026,-0.1158441,0.1571265,-0.3055077,0.020454584,-0.44947255,-0.10248265,-0.53728014,0.1924154,-0.49681374,0.13282719,-0.71151316,0.07601638,-0.8594192,0.022994015,-0.9799693,0.077332325,-0.4872087,0.073128745,-0.73543644,0.062510364,-0.8808758,0.054160085,-1.0,-0.027752861,-0.436003,-0.10323739,-0.5486135,-0.065265805,-0.40353256,-0.021145165,-0.3105379,-0.120101646,-0.35099736,-0.15626544,-0.43137112,-0.106700845,-0.31550533,-0.068989985,-0.22593313,R
0.0,0.0,0.11017728,-0.11435886,0.15210323,-0.29731452,0.018441942,-0.43683538,-0.1021097,-0.52852046,0.18098897,-0.5140486,0.119276464,-0.7319999,0.060474083,-0.8799568,0.007925496,-1.0,0.06199355,-0.4959411,0.048932917,-0.722298,0.043750253,-0.81498784,0.042818956,-0.8908284,-0.044972595,-0.4411451,-0.11649723,-0.5551348,-0.07368899,-0.4136789,-0.024453491,-0.3171001,-0.13555,-0.35791224,-0.17177731,-0.43060353,-0.12424103,-0.31881097,-0.08387457,-0.23234631,R
0.0,0.0,0.11905703,-0.13132456,0.15841445,-0.32067052,0.029366849,-0.46537402,-0.09202014,-0.5550003,0.18950456,-0.50911325,0.13555607,-0.7257037,0.08227783,-0.8709684,0.036314543,-0.9917808,0.07326978,-0.5016469,0.062157597,-0.7455011,0.045262653,-0.8844689,0.038382336,-1.0,-0.031244488,-0.45562473,-0.10335759,-0.55711585,-0.06773303,-0.411833,-0.019895775,-0.31496996,-0.11715461,-0.38060385,-0.15593658,-0.45083517,-0.1104588,-0.34175944,-0.07229052,-0.25225866,R
0.0,0.0,0.11278954,-0.123386785,0.15213722,-0.30551118,0.03785764,-0.45361376,-0.07514363,-0.54622364,0.18239184,-0.5075364,0.1209878,-0.71893966,0.0606445,-0.8594866,0.00875923,-0.9764816,0.0664423,-0.49568284,0.05657882,-0.7386068,0.043370966,-0.8836948,0.038678177,-1.0,-0.036331248,-0.44539443,-0.10732934,-0.556186,-0.07163313,-0.41597685,-0.024798224,-0.31571794,-0.123578176,-0.36429036,-0.15898244,-0.43900815,-0.113305114,-0.3290691,-0.07099809,-0.23882817,R
0.0,0.0,0.11980087,-0.12982072,0.15615079,-0.31212866,0.040029515,-0.45113364,-0.071783565,-0.5391397,0.1800211,-0.5142627,0.1210282,-0.71567065,0.06908819,-0.85449,0.017447077,-0.96880674,0.07301612,-0.50867724,0.06554357,-0.7441048,0.046225347,-0.8882937,0.026012998,-1.0,-0.025606139,-0.4576166,-0.10303766,-0.54651487,-0.06765503,-0.40742865,-0.024426375,-0.30879948,-0.11364423,-0.37472284,-0.15020186,-0.43788677,-0.10498871,-0.3266745,-0.06208123,-0.23898762,R
0.0,0.0,0.113320656,-0.13516228,0.14779612,-0.32304108,0.024307681,-0.4698182,-0.09379967,-0.5568138,0.17567457,-0.51675755,0.11447727,-0.7210616,0.0569607,-0.85668635,0.0029901678,-0.9698795,0.05994221,-0.5029389,0.04593988,-0.7450241,0.032923754,-0.8843326,0.022132395,-1.0,-0.045277525,-0.44798145,-0.1085397,-0.5492454,-0.058261845,-0.4096591,-0.008264666,-0.3175973,-0.13360009,-0.36214727,-0.1606564,-0.43880898,-0.10784333,-0.3315483,-0.06764926,-0.24640025,R
0.0,0.0,0.11596543,-0.13521253,0.14541118,-0.3239368,0.018776663,-0.47087064,-0.09776155,-0.5558962,0.16856076,-0.51032275,0.111930914,-0.71195453,0.05927542,-0.8469184,0.0065295734,-0.9597734,0.05620677,-0.49732083,0.049420197,-0.7398575,0.033000734,-0.88356584,0.013099687,-1.0,-0.046090428,-0.4400835,-0.11283049,-0.549348,-0.069699764,-0.41598123,-0.026745828,-0.31850356,-0.13909559,-0.35215694,-0.16305552,-0.433776,-0.11450761,-0.32899436,-0.07475956,-0.24425647,R
0.0,0.0,0.1184994,-0.13795199,0.15122533,-0.32659715,0.025597828,-0.46826857,-0.09440496,-0.55273235,0.17116575,-0.5237303,0.117878065,-0.7258974,0.06470639,-0.8629204,0.013532315,-0.9762225,0.055522475,-0.5087032,0.04450498,-0.7429218,0.029920436,-0.8830852,0.015503913,-1.0,-0.04907646,-0.4502084,-0.110556684,-0.55318815,-0.06398709,-0.42108637,-0.018947683,-0.32656315,-0.14012265,-0.36104673,-0.16107242,-0.43828523,-0.109287746,-0.33756748,-0.06756872,-0.25518787,R
0.0,0.0,0.11678809,-0.14345962,0.14462453,-0.32939768,0.028434228,-0.47569218,-0.0853087,-0.566356,0.17325045,-0.5185218,0.11631273,-0.7194721,0.06526945,-0.8554733,0.01807341,-0.966824,0.061062776,-0.5054455,0.049677994,-0.7395829,0.032259814,-0.88377714,0.0176443,-1.0,-0.04150626,-0.4489361,-0.10486203,-0.5606374,-0.06736571,-0.43036452,-0.026431395,-0.332177,-0.13329567,-0.35985973,-0.15877269,-0.44516975,-0.11129706,-0.3419414,-0.06936923,-0.25443363,R
0.0,0.0,0.12049528,-0.11909976,0.15433468,-0.309507,0.028655255,-0.46112144,-0.09276169,-0.55281717,0.18776397,-0.4976806,0.13100512,-0.7053114,0.073311985,-0.8539161,0.012841992,-0.97416425,0.0746737,-0.4904197,0.07137777,-0.7342726,0.0578113,-0.8789916,0.039229278,-1.0,-0.03404746,-0.435413,-0.09017571,-0.55941105,-0.055281963,-0.41047454,-0.021577233,-0.3100529,-0.13787082,-0.34574053,-0.15295601,-0.43888372,-0.10932553,-0.3196503,-0.07661036,-0.22744139,R
0.0,0.0,0.11718775,-0.13354987,0.1536944,-0.31906623,0.028749608,-0.46338028,-0.088199064,-0.5538544,0.18036656,-0.49862397,0.12410971,-0.7094311,0.071640596,-0.854063,0.021284586,-0.9710334,0.065621674,-0.4854091,0.055493522,-0.73263866,0.043796744,-0.88021713,0.030924033,-1.0,-0.03794558,-0.42997545,-0.098933116,-0.5535208,-0.06013212,-0.41818723,-0.02314459,-0.3206862,-0.13303725,-0.34224334,-0.15148383,-0.43404183,-0.10651773,-0.32535347,-0.07372663,-0.23724824,R
0.0,0.0,0.11630594,-0.13886623,0.1518733,-0.3335962,0.025820132,-0.48095253,-0.094148286,-0.5631677,0.17298505,-0.5251804,0.11616033,-0.73715866,0.06570694,-0.88069195,0.01970272,-1.0,0.054925773,-0.5093439,0.03795411,-0.74370235,0.029563686,-0.8785443,0.02358222,-0.9904455,-0.048579115,-0.4517467,-0.11063191,-0.5489166,-0.062267825,-0.40909645,-0.015225339,-0.31066018,-0.13810019,-0.36359626,-0.16309725,-0.43477032,-0.111423604,-0.324851,-0.06964164,-0.23905584,R
0.0,0.0,0.11738072,-0.1363193,0.15588881,-0.33105993,0.03042365,-0.48047727,-0.09045757,-0.5635054,0.18201838,-0.5138629,0.12109323,-0.73423845,0.06707175,-0.8793148,0.023693165,-1.0,0.0644351,-0.49372256,0.054678056,-0.7159012,0.055107232,-0.8269264,0.061969344,-0.9216803,-0.0424338,-0.43826514,-0.09593813,-0.55223274,-0.051369444,-0.41874033,-0.008952796,-0.32738623,-0.13239291,-0.3511256,-0.15172966,-0.4414714,-0.09773962,-0.3392365,-0.06281725,-0.25261393,R
0.0,0.0,0.11790527,-0.14102371,0.15379922,-0.33899578,0.028992454,-0.48395762,-0.08789458,-0.56979126,0.18250383,-0.5196809,0.13505462,-0.7381936,0.08865198,-0.8813089,0.04689473,-1.0,0.0688484,-0.5021069,0.06019493,-0.7443494,0.050781492,-0.88469493,0.04317907,-0.9992962,-0.03446555,-0.4473307,-0.099026166,-0.5466085,-0.053145315,-0.40801385,-0.006982087,-0.3185529,-0.12329365,-0.36486894,-0.15511289,-0.444383,-0.10380549,-0.34065333,-0.063986264,-0.2604978,R
0.0,0.0,0.1292857,-0.1436845,0.1677151,-0.3329482,0.045326084,-0.48351145,-0.062223192,-0.5820341,0.19634573,-0.5109963,0.14289318,-0.7304539,0.09620388,-0.8751272,0.053111386,-0.9954398,0.081893235,-0.5027693,0.08182579,-0.7437247,0.071690135,-0.8866326,0.060022257,-1.0,-0.020883162,-0.45245394,-0.09337015,-0.55543846,-0.053833246,-0.4156186,-0.008831668,-0.31295514,-0.113242075,-0.3746033,-0.14572544,-0.46239385,-0.10184601,-0.3531281,-0.059225183,-0.26425856,R
0.0,0.0,0.13664669,-0.14376435,0.18674432,-0.33930182,0.054931507,-0.48347908,-0.07473482,-0.56062317,0.19485831,-0.52950984,0.14418563,-0.74049085,0.09952319,-0.8812865,0.056242637,-0.99690026,0.07932584,-0.51421374,0.07707264,-0.74519837,0.06904132,-0.883343,0.056748424,-1.0,-0.027680056,-0.45649227,-0.08155842,-0.5533118,-0.037038885,-0.4145415,0.0014298751,-0.31844914,-0.12660322,-0.36808538,-0.1407357,-0.4516085,-0.09752374,-0.34478977,-0.06728212,-0.2603179,R
0.0,0.0,0.12610273,-0.14174794,0.16596933,-0.33578885,0.04115692,-0.4870305,-0.07591509,-0.57599235,0.19163473,-0.51355493,0.14455274,-0.7239267,0.10024134,-0.8626755,0.054450694,-0.9769966,0.079262376,-0.4981525,0.078323334,-0.7391528,0.06603945,-0.88239324,0.04931408,-1.0,-0.025503045,-0.44218126,-0.08636709,-0.55124575,-0.04448493,-0.41222462,-0.0049936646,-0.31888106,-0.122330815,-0.35482207,-0.14463533,-0.4434973,-0.09939585,-0.33422154,-0.066606686,-0.24900374,R
0.0,0.0,0.13219126,-0.13886304,0.17541194,-0.33209977,0.051572453,-0.4888632,-0.060174208,-0.59323525,0.22076157,-0.5014536,0.17321767,-0.7073456,0.11913968,-0.85022646,0.0644366,-0.9700668,0.10372129,-0.49950653,0.106961675,-0.7408389,0.09262161,-0.88000023,0.07364405,-1.0,-0.008133172,-0.45463103,-0.0682536,-0.57210284,-0.03459619,-0.42774388,-0.0030827317,-0.3295229,-0.11838198,-0.3770099,-0.13201293,-0.47247857,-0.09330106,-0.3580313,-0.06688362,-0.27038467,R
0.0,0.0,0.14069669,-0.14608541,0.18532376,-0.3427604,0.055080246,-0.49397513,-0.06247162,-0.58544564,0.20903715,-0.49799454,0.16375214,-0.7141561,0.11488743,-0.86123276,0.0631506,-0.98332757,0.09427303,-0.48880532,0.09969185,-0.73374337,0.092865676,-0.87803805,0.080871604,-1.0,-0.013108544,-0.44202304,-0.068405665,-0.5603374,-0.024253601,-0.4165621,0.015117474,-0.32005048,-0.11247428,-0.36446172,-0.12560664,-0.45964393,-0.082906105,-0.3514027,-0.056910656,-0.26623732,R
0.0,0.0,0.13529167,-0.13540898,0.17166938,-0.32934216,0.03911006,-0.48507586,-0.07887176,-0.5712949,0.22507548,-0.4658931,0.17988099,-0.6804919,0.121829644,-0.8329696,0.061435092,-0.9591988,0.10811142,-0.47278327,0.12613958,-0.7256727,0.116494685,-0.87611264,0.099496596,-1.0,-0.0074473466,-0.43089846,-0.07047234,-0.57742244,-0.052931305,-0.43950766,-0.028822407,-0.3380892,-0.12156642,-0.34856895,-0.13850586,-0.4635082,-0.10647752,-0.35129145,-0.07994915,-0.25300178,R
0.0,0.0,0.1321944,-0.13988104,0.17578016,-0.3286103,0.05174979,-0.48455012,-0.057920646,-0.5808617,0.22801301,-0.4794854,0.17710906,-0.7006248,0.1266245,-0.8532763,0.072675176,-0.9768622,0.1123344,-0.4758553,0.11918502,-0.7282011,0.10958159,-0.8763872,0.095565885,-1.0,0.0025389341,-0.43230686,-0.064895086,-0.55082834,-0.028408563,-0.4121597,0.012463364,-0.32160196,-0.10274973,-0.35529488,-0.127748,-0.44937766,-0.08745476,-0.34081888,-0.05826113,-0.25672793,R
0.0,0.0,0.14091471,-0.13768578,0.18634516,-0.32787883,0.061607376,-0.48697212,-0.05277728,-0.5892062,0.22562861,-0.48773798,0.17973222,-0.6989022,0.13059011,-0.8480182,0.080170795,-0.9714631,0.10781112,-0.48409405,0.1170072,-0.7358936,0.11146079,-0.8812001,0.09749873,-1.0,-0.0042513353,-0.43597907,-0.06024836,-0.582435,-0.027342392,-0.4410159,0.001118976,-0.3364656,-0.115635976,-0.35290095,-0.12316786,-0.4683175,-0.08494101,-0.35488993,-0.06291587,-0.26000866,R
0.0,0.0,0.13668504,-0.14048353,0.17298864,-0.33353332,0.057897992,-0.4869724,-0.05253028,-0.57904226,0.21492589,-0.4923355,0.1689883,-0.71746194,0.1293804,-0.86756784,0.08606024,-0.9902417,0.106345855,-0.4859596,0.11950176,-0.734054,0.11413748,-0.88228536,0.10147797,-1.0,0.0011035121,-0.43953916,-0.07121512,-0.5621767,-0.040932212,-0.4285644,-0.004685859,-0.3298591,-0.09830885,-0.36280996,-0.124049634,-0.4607306,-0.08961384,-0.35095426,-0.062260542,-0.25946552,R
0.0,0.0,0.13549615,-0.138852,0.18451971,-0.32947716,0.06883069,-0.4863714,-0.043678276,-0.584659,0.22899483,-0.49261627,0.18502179,-0.7107774,0.1421714,-0.85960156,0.09681563,-0.9817663,0.11706229,-0.48965675,0.12827799,-0.73495936,0.12076626,-0.8815369,0.10824931,-1.0,0.010375658,-0.4450627,-0.05247924,-0.56594694,-0.024610585,-0.4312546,0.007535885,-0.33468443,-0.09187627,-0.36932093,-0.11304809,-0.46528623,-0.07687565,-0.3579882,-0.04833673,-0.27023482,R
0.0,0.0,0.1322386,-0.13993922,0.17798479,-0.3360097,0.0685601,-0.49218243,-0.041671216,-0.58821,0.23943059,-0.48554638,0.20229386,-0.6964828,0.153277,-0.8465952,0.09550573,-0.9694057,0.123645924,-0.487262,0.14008294,-0.73626155,0.12844042,-0.8821189,0.104271166,-1.0,0.012967237,-0.44182873,-0.05649974,-0.5781981,-0.028379876,-0.44092885,0.0051043807,-0.33905026,-0.09445904,-0.3633842,-0.115885384,-0.4582396,-0.07943814,-0.3506016,-0.04585831,-0.26342216,R
0.0,0.0,0.14584003,-0.13897637,0.19883375,-0.33245528,0.08000453,-0.48745078,-0.043618947,-0.5828702,0.26417476,-0.4903294,0.22050615,-0.69718623,0.16679008,-0.8499902,0.10820768,-0.97467625,0.1445138,-0.49381724,0.14738895,-0.7318474,0.131351,-0.8779838,0.10432191,-1.0,0.024711967,-0.4502258,-0.036278043,-0.58977586,-0.0099019045,-0.45088953,0.011620152,-0.35326576,-0.09576071,-0.3688271,-0.1048678,-0.47096226,-0.06779115,-0.36210468,-0.04540439,-0.27215877,R
0.0,0.0,0.1512432,-0.14221697,0.20145068,-0.33537894,0.07876319,-0.49362144,-0.04003841,-0.58971643,0.2750914,-0.47268918,0.21830949,-0.6885735,0.1588109,-0.8434981,0.09908456,-0.968203,0.15710711,-0.47353348,0.1520245,-0.7281713,0.13547198,-0.8791024,0.114705086,-1.0,0.040112272,-0.43195093,-0.037468117,-0.5746736,-0.013735963,-0.43658075,0.017302236,-0.34223932,-0.07863926,-0.35606888,-0.10029856,-0.45828024,-0.06790925,-0.34936276,-0.042069584,-0.26168838,R
0.0,0.0,0.14073308,-0.12732762,0.19711332,-0.31387925,0.08113723,-0.47431517,-0.036753517,-0.56654173,0.29063275,-0.4593925,0.24884766,-0.69916856,0.1952917,-0.86329573,0.13771383,-0.99424845,0.16828957,-0.46870542,0.17279945,-0.7171428,0.14912005,-0.8714309,0.1227403,-1.0,0.048906427,-0.43723413,-0.027686223,-0.54654676,-0.0077960095,-0.4089048,0.02641004,-0.3116987,-0.06364162,-0.3783748,-0.08904701,-0.45410925,-0.06301195,-0.34911925,-0.03513503,-0.2637047,R
0.0,0.0,0.1278902,-0.12991856,0.17754377,-0.32306385,0.07017637,-0.4801959,-0.040489957,-0.5684138,0.2399945,-0.4732212,0.18782225,-0.7049521,0.13567731,-0.8658207,0.0816774,-0.9932016,0.13124035,-0.47231555,0.13060445,-0.725727,0.1204924,-0.8771634,0.10350813,-1.0,0.02215224,-0.43011475,-0.04483242,-0.53300923,-0.014337703,-0.3960112,0.024260016,-0.30282342,-0.08006365,-0.36063173,-0.09654977,-0.43820664,-0.06707205,-0.33497927,-0.044974282,-0.25244096,R
0.0,0.0,0.1217584,-0.109362856,0.16353321,-0.30668887,0.044507086,-0.4587112,-0.07112712,-0.55180866,0.19700034,-0.4860948,0.1502169,-0.71448797,0.10134606,-0.8737732,0.056238305,-1.0,0.08559888,-0.47786275,0.08615889,-0.72562605,0.07827805,-0.87307024,0.06793509,-0.99513644,-0.024896689,-0.4265074,-0.072824284,-0.5600087,-0.042053595,-0.42033798,-0.011350893,-0.32321388,-0.13062772,-0.33963388,-0.13864757,-0.44160208,-0.102204934,-0.32465118,-0.08058008,-0.22878036,R
0.0,0.0,0.12520462,-0.12108498,0.1651219,-0.31433234,0.05142828,-0.46653053,-0.067319356,-0.55903006,0.19204418,-0.48756355,0.14334758,-0.7160279,0.09232568,-0.87085503,0.040928874,-0.9954374,0.07926612,-0.4771672,0.07947023,-0.7251846,0.0740075,-0.87680787,0.068546735,-1.0,-0.02844145,-0.42489243,-0.07464591,-0.54271847,-0.039711695,-0.40679732,-0.0033583995,-0.31156966,-0.12485861,-0.34207267,-0.13311216,-0.4277579,-0.09094041,-0.3235431,-0.060583863,-0.23950234,R
0.0,0.0,0.118605025,-0.12774938,0.16128653,-0.31651422,0.051665664,-0.46130183,-0.067702204,-0.55093974,0.18806289,-0.49793822,0.13482608,-0.7219022,0.0802853,-0.87072945,0.02067351,-0.9923784,0.07782199,-0.48973528,0.076004475,-0.7358607,0.066417195,-0.8816358,0.052800685,-1.0,-0.02890443,-0.43519753,-0.08469813,-0.5434784,-0.04789133,-0.40431184,-0.0101107955,-0.30913985,-0.12622675,-0.34727725,-0.14001197,-0.42187637,-0.09528929,-0.3133226,-0.059825964,-0.23146492,R
0.0,0.0,0.11719038,-0.11659551,0.15337877,-0.30995342,0.042171173,-0.4556006,-0.07739761,-0.547909,0.17033681,-0.50692344,0.113272905,-0.7246312,0.06182167,-0.86750233,0.010480121,-0.983079,0.059948858,-0.4935263,0.052277237,-0.74121094,0.04535745,-0.8862434,0.036532335,-1.0,-0.045622304,-0.43231332,-0.09422796,-0.54293144,-0.054687556,-0.41248843,-0.016683588,-0.32051337,-0.14353241,-0.34156913,-0.15270579,-0.42141485,-0.11000754,-0.31618053,-0.07866139,-0.23391502,R
0.0,0.0,0.11334854,-0.13179444,0.14826058,-0.3143305,0.03769932,-0.45319936,-0.07247951,-0.5460536,0.18146601,-0.49867535,0.123893484,-0.70389634,0.065551355,-0.8454139,0.0051364824,-0.96384126,0.07325277,-0.49555692,0.07033068,-0.7440735,0.058187123,-0.8872602,0.046892557,-1.0,-0.028666053,-0.4444065,-0.097973004,-0.5427127,-0.06237679,-0.3997638,-0.016240245,-0.30807152,-0.11885577,-0.36206695,-0.15253189,-0.42790198,-0.112420395,-0.3214016,-0.0700684,-0.24610221,R
0.0,0.0,0.10588677,-0.12595132,0.1400988,-0.31691587,0.024729608,-0.46292484,-0.092700146,-0.5489582,0.17049888,-0.5016287,0.107610084,-0.7279559,0.04198857,-0.8764307,-0.011060213,-1.0,0.052539345,-0.48087326,0.0060675004,-0.69140184,0.0075134584,-0.7485606,0.023088764,-0.7976848,-0.048998673,-0.42905822,-0.12371471,-0.52456325,-0.07297998,-0.39010453,-0.015263327,-0.30424744,-0.12777874,-0.3529173,-0.17200463,-0.42316762,-0.12840901,-0.32479113,-0.09100713,-0.24483205,R
0.0,0.0,0.0983994,-0.11839172,0.12427749,-0.30638614,0.006726422,-0.45502326,-0.10989517,-0.5524373,0.16924632,-0.5031562,0.09694093,-0.73143876,0.031401414,-0.8773407,-0.034569215,-1.0,0.0542779,-0.49282467,0.047225516,-0.74429864,0.042088125,-0.8756711,0.038713705,-0.98364526,-0.050143305,-0.43989152,-0.11700967,-0.5316652,-0.081820846,-0.38940006,-0.03552647,-0.3015201,-0.1361413,-0.36007732,-0.17340703,-0.41827533,-0.13301952,-0.31113198,-0.09187364,-0.23712681,R
0.0,0.0,0.10402879,-0.11716337,0.13042746,-0.30832496,-0.0012975282,-0.45241475,-0.1257293,-0.5389899,0.16390888,-0.5139072,0.09432498,-0.72999,0.030015325,-0.87398255,-0.030706275,-0.99366313,0.05196541,-0.5027138,0.039680727,-0.73925614,0.019974608,-0.8824288,0.005485188,-1.0,-0.050287254,-0.45071048,-0.1165874,-0.5525078,-0.08053727,-0.4160452,-0.03790626,-0.3246816,-0.13443774,-0.36981693,-0.17007889,-0.44267276,-0.12585881,-0.33960554,-0.08619912,-0.25654602,R
0.0,0.0,0.09520129,-0.10699134,0.12480596,-0.29252693,-0.010233846,-0.42923585,-0.13658908,-0.51193535,0.155621,-0.5124438,0.07212443,-0.7413929,0.0017515394,-0.8840784,-0.05474931,-1.0,0.036106177,-0.47948948,-0.03178702,-0.63355696,-0.0012107351,-0.5900604,0.044366855,-0.5612527,-0.06834279,-0.4205364,-0.15441732,-0.4947792,-0.093612686,-0.35641685,-0.032548394,-0.2827855,-0.1483755,-0.33817622,-0.19209449,-0.39876628,-0.1354793,-0.29377615,-0.090735756,-0.22107606,R
0.0,0.0,0.09958868,-0.116284795,0.12184032,-0.29951292,-0.016894242,-0.445139,-0.13159253,-0.5426796,0.18220058,-0.49899122,0.11324473,-0.70545447,0.04533341,-0.8468721,-0.021002065,-0.96597487,0.071054436,-0.49610695,0.05626803,-0.74176836,0.034796566,-0.8836627,0.02038472,-1.0,-0.028806342,-0.44925597,-0.117300265,-0.5488296,-0.08711574,-0.3981969,-0.041041534,-0.3002279,-0.11207053,-0.37607095,-0.169228,-0.448608,-0.13017133,-0.33748156,-0.08514178,-0.25244132,R
0.0,0.0,0.1286625,-0.09963668,0.1794529,-0.26558957,0.1393193,-0.39087367,0.037903156,-0.4551716,0.14577766,-0.48909783,0.14517061,-0.70988023,0.099191785,-0.8285355,0.032930516,-0.93083686,0.05071171,-0.47607937,0.09417282,-0.73162884,0.11484415,-0.88562715,0.11526481,-1.0,-0.04008703,-0.4130274,-0.012335243,-0.52781975,0.057416167,-0.38971594,0.09842905,-0.2818583,-0.11017766,-0.31400755,-0.06010404,-0.39672405,0.012059541,-0.28731427,0.05400507,-0.19107482,R
0.0,0.0,0.29642498,-0.20594722,0.44142333,-0.5306032,0.19432986,-0.7818442,-0.07707099,-0.75128007,0.32545516,-0.7353989,0.28090933,-1.0,0.2906324,-0.73597527,0.32431012,-0.6242601,0.12036536,-0.6991473,0.06083886,-0.9531494,0.12365504,-0.6438897,0.14602576,-0.5457886,-0.075040914,-0.6278172,-0.13531724,-0.82905096,-0.03371383,-0.53527164,-0.009011327,-0.43852168,-0.2809999,-0.5224473,-0.283748,-0.6790457,-0.20002009,-0.487965,-0.19993407,-0.396117,S
0.0,0.0,0.32476902,-0.1649198,0.5195991,-0.47306135,0.32367435,-0.75897676,0.053529754,-0.75528526,0.41885853,-0.70268786,0.3842769,-1.0,0.3525071,-0.73854434,0.37632415,-0.6067925,0.19461918,-0.68784463,0.16948338,-0.9699932,0.18024813,-0.6497633,0.18894981,-0.5254686,-0.013073218,-0.6429684,-0.05587949,-0.8806668,0.0010801235,-0.5660621,0.025467362,-0.43341795,-0.23109838,-0.5729406,-0.22916614,-0.74359584,-0.17074497,-0.5290809,-0.16009103,-0.41495126,S
0.0,0.0,0.21623929,-0.22022079,0.35321176,-0.47873327,0.23094723,-0.68885124,0.037400983,-0.72606415,0.22688998,-0.7686244,0.23083861,-1.0,0.22333768,-0.78187656,0.22866702,-0.6495041,0.040400334,-0.71955955,0.037200812,-0.94638544,0.08653281,-0.68753034,0.11914544,-0.57118654,-0.1261843,-0.6449426,-0.14167021,-0.79532725,-0.036848597,-0.54856914,0.019071063,-0.4231371,-0.2803652,-0.5466377,-0.26703915,-0.6740604,-0.16973467,-0.51269853,-0.12544645,-0.4080642,S
0.0,0.0,0.22819339,-0.22387551,0.37322372,-0.48382187,0.222854,-0.6722664,0.014264905,-0.7311714,0.21401465,-0.7601236,0.20700327,-1.0,0.20659341,-0.79941535,0.225232,-0.6647995,0.024882663,-0.71626127,-0.005873504,-0.97570974,0.032425042,-0.7596052,0.07006684,-0.6199441,-0.14772621,-0.6400325,-0.1836045,-0.80516374,-0.092545755,-0.5577996,-0.040063113,-0.41039687,-0.31856322,-0.5346224,-0.33159992,-0.66625243,-0.23968115,-0.49895215,-0.1895457,-0.38622215,S
0.0,0.0,0.2326738,-0.20831348,0.38250217,-0.46802372,0.23181725,-0.6570253,0.025391012,-0.6996718,0.20792666,-0.7439008,0.1938838,-1.0,0.19665101,-0.8009445,0.2132217,-0.6653588,0.020864623,-0.6982141,-0.0074810497,-0.9566967,0.035659824,-0.7197871,0.07292914,-0.5762138,-0.15122022,-0.61450154,-0.18037789,-0.79618174,-0.095688865,-0.5440516,-0.048793726,-0.39861807,-0.32512116,-0.4983172,-0.33537593,-0.64532447,-0.24585904,-0.47336316,-0.20002633,-0.35527313,S
0.0,0.0,0.22671005,-0.19086091,0.38287103,-0.45413,0.23570958,-0.6395075,0.024628252,-0.6876374,0.19708237,-0.74269706,0.18493147,-1.0,0.20961986,-0.79412585,0.22925049,-0.6605677,0.014216352,-0.6962245,-0.002950139,-0.94778883,0.054238115,-0.7033321,0.08347044,-0.57014567,-0.15575233,-0.6134961,-0.17533462,-0.7990973,-0.08267837,-0.5395094,-0.04438337,-0.4006063,-0.3291348,-0.50076044,-0.3299418,-0.6539093,-0.23710684,-0.4799416,-0.2037794,-0.36591136,S
0.0,0.0,0.23304571,-0.18572539,0.39533305,-0.4399836,0.27079803,-0.62504447,0.06448667,-0.6564619,0.20348229,-0.74180186,0.2077071,-1.0,0.22333197,-0.8036148,0.2315268,-0.66055703,0.021039762,-0.6973625,0.007936032,-0.95399046,0.058043145,-0.71647346,0.08880671,-0.56418234,-0.15157184,-0.6147907,-0.16229908,-0.80145055,-0.07297478,-0.5489208,-0.030595563,-0.39395866,-0.32745746,-0.5008073,-0.319786,-0.65442693,-0.22492687,-0.48704574,-0.18204609,-0.36137435,S
0.0,0.0,0.23446965,-0.18055011,0.391849,-0.44422796,0.25157344,-0.6339382,0.04415829,-0.68201905,0.20902105,-0.7507318,0.20087472,-1.0,0.21143945,-0.8026416,0.22643542,-0.666429,0.025147649,-0.70978606,0.012057004,-0.9499662,0.056049827,-0.7190994,0.0863692,-0.58755964,-0.14769015,-0.62782794,-0.16251102,-0.7942102,-0.075785965,-0.5412865,-0.033119027,-0.40257233,-0.32215893,-0.5132316,-0.3142533,-0.64431405,-0.21844065,-0.46727255,-0.1741438,-0.35060507,S
0.0,0.0,0.249513,-0.18783472,0.40921447,-0.44920608,0.27042055,-0.6400106,0.057774615,-0.6754957,0.22211145,-0.74793106,0.22768286,-1.0,0.22378214,-0.8007833,0.22741267,-0.66049415,0.03634366,-0.7073134,0.027135534,-0.97014093,0.06154881,-0.7464679,0.08879576,-0.6001273,-0.1382958,-0.62372583,-0.14397137,-0.7898983,-0.062030405,-0.5359602,-0.021119406,-0.3833143,-0.31404504,-0.506775,-0.30121547,-0.6492295,-0.21036851,-0.47604474,-0.16763099,-0.35172376,S
0.0,0.0,0.24869607,-0.17912565,0.41814867,-0.44437242,0.28919747,-0.64826375,0.07678983,-0.68863493,0.24006331,-0.7501292,0.2341437,-1.0,0.23593321,-0.784278,0.24315356,-0.65437186,0.05352783,-0.7066732,0.031023074,-0.9495474,0.07532529,-0.7060813,0.10376402,-0.5731674,-0.121173404,-0.6246185,-0.14292942,-0.7917806,-0.05580887,-0.5245903,-0.015586782,-0.3799586,-0.2973576,-0.5112921,-0.2959518,-0.65408343,-0.20349292,-0.47281933,-0.15879707,-0.35152143,S
0.0,0.0,0.24685726,-0.17848454,0.41279802,-0.43917537,0.28606027,-0.6453156,0.082920186,-0.70852506,0.2364446,-0.7520107,0.23887168,-1.0,0.23673593,-0.80449194,0.23649171,-0.66399324,0.05517756,-0.7123409,0.040444575,-0.9575562,0.0750625,-0.7368773,0.09517697,-0.59262055,-0.117046915,-0.6302426,-0.1261508,-0.803592,-0.049495175,-0.54751796,-0.017766327,-0.38784316,-0.29388103,-0.5123505,-0.283205,-0.6647569,-0.19556785,-0.488498,-0.15477233,-0.3547652,S
0.0,0.0,0.25187126,-0.16672581,0.42975867,-0.4404309,0.30930814,-0.65541893,0.091030315,-0.69153357,0.23727018,-0.7300901,0.25141805,-1.0,0.27755007,-0.7934323,0.2799539,-0.65895516,0.046248484,-0.6941916,0.054700203,-0.9570426,0.114701085,-0.7149958,0.13192801,-0.57019293,-0.13234079,-0.61405635,-0.12132015,-0.80484694,-0.022849036,-0.5448107,0.0052179024,-0.3901911,-0.31368577,-0.501036,-0.2813706,-0.6603107,-0.18287364,-0.4870917,-0.15438996,-0.3568671,S
0.0,0.0,0.24963547,-0.17627448,0.4172784,-0.45039627,0.28720558,-0.6519766,0.0765949,-0.70095223,0.25305852,-0.75026435,0.26024267,-1.0,0.2634204,-0.78851247,0.25550205,-0.66124326,0.066823356,-0.7075236,0.05242623,-0.9516919,0.0962434,-0.7032278,0.109296344,-0.5672811,-0.10848664,-0.62591726,-0.121942215,-0.8102239,-0.036585055,-0.5398083,-0.010524433,-0.38922313,-0.28935078,-0.5136516,-0.2784234,-0.66827786,-0.18933614,-0.48771822,-0.15695772,-0.3622175,S
0.0,0.0,0.25093982,-0.18247429,0.41170964,-0.4550858,0.27210194,-0.6627124,0.061172184,-0.7168469,0.2444483,-0.7488091,0.25247455,-1.0,0.24929067,-0.79707617,0.24471384,-0.6542143,0.057484113,-0.7106155,0.04370497,-0.96201617,0.08071218,-0.73020077,0.098342426,-0.57420754,-0.122053094,-0.6316834,-0.12693948,-0.81975186,-0.047696874,-0.56268424,-0.019959984,-0.39169672,-0.30727422,-0.52020985,-0.2886818,-0.68434674,-0.2035312,-0.51297736,-0.17034237,-0.37304422,S
0.0,0.0,0.2592399,-0.1736777,0.44112062,-0.440013,0.3044576,-0.65131325,0.08448561,-0.70830065,0.26495624,-0.7423908,0.2826655,-1.0,0.2713146,-0.7985228,0.2573355,-0.65422994,0.074296914,-0.7109907,0.06847336,-0.96880454,0.10301096,-0.73240614,0.12118938,-0.5746305,-0.10777919,-0.63801205,-0.10461002,-0.81689304,-0.025935,-0.5523551,0.001995751,-0.38094997,-0.29533863,-0.5320748,-0.26698098,-0.6846208,-0.17610037,-0.50524354,-0.14010708,-0.3637504,S
0.0,0.0,0.25880456,-0.17922346,0.43642774,-0.44481573,0.2906071,-0.6490432,0.0772492,-0.7102674,0.25326642,-0.75610095,0.2623116,-1.0,0.26071748,-0.7848883,0.2525554,-0.6469914,0.0603909,-0.71630037,0.05894085,-0.9693383,0.09607099,-0.7191342,0.10192386,-0.5676999,-0.12338352,-0.63712174,-0.11419426,-0.8229232,-0.029617343,-0.55112195,-0.009607569,-0.38780984,-0.31183207,-0.52495855,-0.2727835,-0.6786116,-0.18024662,-0.49741358,-0.15510325,-0.36505863,S
0.0,0.0,0.2507512,-0.18537028,0.41355923,-0.4617923,0.27778837,-0.6668404,0.06819779,-0.6986879,0.2421283,-0.7573808,0.25753137,-1.0,0.24923566,-0.8091502,0.2379022,-0.6790995,0.055185083,-0.72228414,0.053022306,-0.9710164,0.08282531,-0.7610482,0.09279731,-0.6173651,-0.124018855,-0.6458386,-0.12348786,-0.8214552,-0.04588641,-0.5676654,-0.019774603,-0.39847013,-0.30480778,-0.53555435,-0.28470844,-0.68750805,-0.19854586,-0.5124353,-0.16612701,-0.37189662,S
0.0,0.0,0.2543364,-0.19249646,0.42948535,-0.47066164,0.28538102,-0.68038607,0.063195206,-0.73259723,0.25416353,-0.7697983,0.27076903,-1.0,0.27422577,-0.8149143,0.27100116,-0.68650895,0.06511767,-0.73353547,0.06230811,-0.97594523,0.10641152,-0.7487727,0.1252453,-0.6030614,-0.11682476,-0.6534105,-0.10788918,-0.8198598,-0.02276555,-0.5621944,-0.0005839279,-0.40751043,-0.30597273,-0.5363613,-0.27109778,-0.6862101,-0.18294077,-0.5095824,-0.15991007,-0.3813894,S
0.0,0.0,0.24153827,-0.18644975,0.412825,-0.45870802,0.2740503,-0.66615206,0.062329315,-0.72609043,0.24785219,-0.74999654,0.27032977,-1.0,0.26630622,-0.80363125,0.25285438,-0.66634345,0.059245702,-0.7176335,0.06073144,-0.97268283,0.09771012,-0.75108415,0.110742025,-0.6080496,-0.122022405,-0.6439257,-0.11076154,-0.81363755,-0.031935476,-0.552811,-0.011258717,-0.39097098,-0.30843362,-0.53711545,-0.2818298,-0.6926596,-0.20101833,-0.5147528,-0.17909367,-0.37761423,S
0.0,0.0,0.26341078,-0.19857474,0.43865165,-0.46667963,0.30299985,-0.6751937,0.089381576,-0.74401283,0.28428245,-0.7639177,0.31232175,-1.0,0.28865093,-0.810979,0.27133498,-0.66383135,0.08612674,-0.7364144,0.09299204,-0.982373,0.11007466,-0.75130004,0.122453175,-0.581676,-0.101966135,-0.66800773,-0.0891116,-0.8483604,-0.024180092,-0.5866972,-0.00032255045,-0.4041998,-0.29335436,-0.56449485,-0.26123348,-0.719434,-0.18168578,-0.5391848,-0.14940682,-0.39096403,S
0.0,0.0,0.26008248,-0.17481428,0.43998984,-0.44359612,0.31573662,-0.6568984,0.11041478,-0.7056831,0.2838901,-0.74697804,0.3142138,-1.0,0.30115536,-0.7993349,0.28356132,-0.6589644,0.09289868,-0.72531545,0.10510133,-0.9818666,0.1267453,-0.7434203,0.1309706,-0.5790452,-0.092003666,-0.66033757,-0.07100169,-0.83187604,-0.007588709,-0.5668892,0.007901593,-0.39425346,-0.28250578,-0.56192315,-0.24182425,-0.710682,-0.16370334,-0.5249105,-0.13875093,-0.37905288,S
0.0,0.0,0.277753,-0.14250012,0.46247444,-0.42392027,0.35707504,-0.6625189,0.13932912,-0.718878,0.28473553,-0.7539331,0.29910508,-1.0,0.30165008,-0.7881309,0.31095302,-0.6399143,0.08591847,-0.7277177,0.09353835,-0.98230636,0.13302287,-0.71270305,0.1441234,-0.54568,-0.10528702,-0.6534694,-0.10510018,-0.8463528,-0.011227752,-0.55875134,0.019928047,-0.38209745,-0.30184984,-0.5450251,-0.26756832,-0.70289224,-0.17612304,-0.5099106,-0.15234046,-0.37043583,S
0.0,0.0,0.26232025,-0.16879252,0.4523495,-0.44042817,0.32198116,-0.66508615,0.105984956,-0.7357651,0.29086372,-0.7545582,0.30246073,-1.0,0.29750672,-0.79009795,0.2885541,-0.6657685,0.09490878,-0.7322941,0.094636865,-0.97430325,0.13104373,-0.7127499,0.13258919,-0.5698091,-0.09273709,-0.66429293,-0.0938232,-0.85247743,-0.0052181403,-0.5635211,0.0153041,-0.40256324,-0.28900307,-0.5576132,-0.25969163,-0.7078871,-0.16414745,-0.50474465,-0.13951325,-0.3682834,S
0.0,0.0,0.26901534,-0.18933652,0.45026442,-0.4499541,0.3407237,-0.6709768,0.13109554,-0.74925566,0.28203002,-0.76660794,0.3010653,-1.0,0.2859128,-0.8629508,0.27036384,-0.7281858,0.08931843,-0.7495201,0.08923735,-0.9921856,0.11179077,-0.8235931,0.11767667,-0.6821222,-0.101287775,-0.6816579,-0.0942434,-0.8504599,-0.023508048,-0.593644,0.0014626747,-0.40966767,-0.29906988,-0.5705057,-0.26079726,-0.72133154,-0.18008623,-0.529086,-0.15296808,-0.37491092,S
0.0,0.0,0.26083478,-0.1753435,0.4530222,-0.42337,0.3536835,-0.6416461,0.1437205,-0.7068716,0.28279433,-0.7387547,0.31532013,-1.0,0.30888557,-0.8476944,0.29978707,-0.71215075,0.09001011,-0.71376854,0.10333436,-0.9891998,0.12793005,-0.77561307,0.1376909,-0.6137208,-0.09890699,-0.63928884,-0.08817358,-0.83400226,-0.01725241,-0.58640254,0.007830957,-0.41794333,-0.297469,-0.526494,-0.2709712,-0.6902386,-0.18866582,-0.5124775,-0.16169102,-0.3701592,S
0.0,0.0,0.263204,-0.19921274,0.4476028,-0.46251196,0.34527013,-0.6832389,0.13713665,-0.73453146,0.28259882,-0.75065,0.31894267,-0.9960209,0.3151711,-0.84623027,0.3136628,-0.7208853,0.09348716,-0.73727405,0.104112774,-1.0,0.1326465,-0.7902705,0.15000968,-0.63457227,-0.09192184,-0.6771333,-0.090130895,-0.86738515,-0.017915364,-0.62093544,0.012320679,-0.45296046,-0.2890304,-0.5766078,-0.2644801,-0.73455805,-0.184428,-0.5545008,-0.15578786,-0.4108723,S
0.0,0.0,0.25708356,-0.19519694,0.44575903,-0.45244166,0.3531578,-0.66839546,0.15091683,-0.71594965,0.28946212,-0.7560211,0.32142618,-0.9990959,0.31919873,-0.83516127,0.31605715,-0.6966491,0.093609944,-0.73978144,0.11732191,-1.0,0.14268643,-0.7693831,0.15473363,-0.6053264,-0.097655945,-0.67873925,-0.090137996,-0.8738619,-0.024997786,-0.6229972,0.002234204,-0.45987585,-0.2979717,-0.5808186,-0.26809672,-0.74093866,-0.18998662,-0.5584404,-0.16018952,-0.42030972,S
0.0,0.0,0.27471733,-0.19810824,0.4607359,-0.4536336,0.3446219,-0.68056,0.13481073,-0.7541455,0.30264783,-0.75285393,0.33328462,-0.9921333,0.3202553,-0.8297945,0.31560248,-0.70112514,0.11022109,-0.7429486,0.12696531,-1.0,0.14153293,-0.78645307,0.15089537,-0.63360846,-0.0777493,-0.68760306,-0.078133486,-0.8651715,-0.025045387,-0.61641085,-0.00054977305,-0.4509853,-0.2750763,-0.5960089,-0.25685897,-0.7539013,-0.19081277,-0.5729344,-0.16515961,-0.42820594,S
0.0,0.0,0.2782722,-0.1931467,0.4837862,-0.443321,0.36851776,-0.6652611,0.14161909,-0.715748,0.33749592,-0.7364685,0.3853999,-0.98405945,0.35548404,-0.7905064,0.33788565,-0.64935434,0.1413934,-0.7332286,0.17381386,-1.0,0.17471561,-0.760111,0.1822449,-0.5935125,-0.046271928,-0.68182,-0.046727605,-0.8632242,-0.0007061073,-0.6040953,0.026395118,-0.44320074,-0.2396864,-0.59194547,-0.23170556,-0.7253764,-0.16524628,-0.5361099,-0.12967142,-0.4020842,S
0.0,0.0,0.27664527,-0.19430548,0.45305017,-0.46244892,0.32956672,-0.6946213,0.118423454,-0.7641913,0.3327787,-0.73626924,0.35968152,-0.9826386,0.34084514,-0.8122347,0.3347602,-0.6693337,0.13905469,-0.7318828,0.14010847,-1.0,0.15156975,-0.7963359,0.16978653,-0.6411897,-0.05036247,-0.68069017,-0.06340685,-0.83511794,-0.009967979,-0.58432543,0.024225885,-0.42095765,-0.24664237,-0.594993,-0.24309814,-0.7219343,-0.17466483,-0.5383147,-0.13830951,-0.4061454,S
0.0,0.0,0.2778535,-0.18093424,0.47014996,-0.4244587,0.3651995,-0.64858514,0.16006592,-0.72874534,0.35770726,-0.726329,0.38237432,-0.98585624,0.34318924,-0.80218124,0.333905,-0.6544374,0.16064641,-0.7271302,0.16818348,-1.0,0.1560902,-0.76394486,0.1667972,-0.5941724,-0.029360464,-0.6788546,-0.05967878,-0.8563184,-0.019989878,-0.5969894,0.016795872,-0.43177846,-0.22027001,-0.59450394,-0.24021818,-0.7255705,-0.18302748,-0.5421032,-0.14184123,-0.4103416,S
0.0,0.0,0.28133026,-0.1800797,0.47207165,-0.43375662,0.36405665,-0.6683877,0.1577663,-0.76061326,0.36139417,-0.72228765,0.38509116,-1.0,0.34395552,-0.8040146,0.3441409,-0.654266,0.15902868,-0.71707135,0.16109426,-0.9968256,0.16062136,-0.7618462,0.1856982,-0.5969976,-0.034916546,-0.6673073,-0.061558444,-0.86297935,-0.010654333,-0.59986985,0.029336216,-0.42614394,-0.22824886,-0.5861749,-0.24118845,-0.7307641,-0.17677423,-0.5477634,-0.13670473,-0.4093611,S
0.0,0.0,0.27903298,-0.17778246,0.46204624,-0.42713705,0.33627245,-0.65893877,0.12706347,-0.7366573,0.36460268,-0.72279614,0.37466615,-0.99034214,0.33165744,-0.7993736,0.32956177,-0.6554184,0.16183886,-0.7168452,0.16366334,-1.0,0.15265356,-0.76159674,0.16467187,-0.58958155,-0.031404328,-0.66536933,-0.053499714,-0.86238974,-0.012850585,-0.59222513,0.017558277,-0.41559532,-0.2241748,-0.5768945,-0.22349042,-0.7225125,-0.16644372,-0.52602154,-0.13637258,-0.38073885,S
0.0,0.0,0.28815064,-0.17376752,0.4737843,-0.41629145,0.34083107,-0.6467084,0.12818876,-0.7336055,0.38261512,-0.7272416,0.39813384,-0.9768629,0.3411934,-0.7904363,0.32876858,-0.64874786,0.18141122,-0.7245543,0.19825225,-1.0,0.17230913,-0.7760396,0.17383498,-0.60140985,-0.011108014,-0.67492366,-0.033139188,-0.8595098,-0.00039287747,-0.60296214,0.027718544,-0.42371663,-0.20387028,-0.58622384,-0.20301518,-0.72362846,-0.14872447,-0.5386559,-0.11497579,-0.39313605,S
0.0,0.0,0.30009055,-0.17283712,0.49319303,-0.4150988,0.36935446,-0.64728785,0.15475696,-0.7226932,0.39178208,-0.7312717,0.42067638,-0.9987484,0.35828245,-0.8155892,0.33769432,-0.65999156,0.18497139,-0.7325085,0.19010548,-1.0,0.15912145,-0.77081746,0.16136304,-0.5868786,-0.01283132,-0.6848226,-0.03658761,-0.88877475,-0.009814648,-0.63879126,0.018915744,-0.45203775,-0.21034457,-0.59628755,-0.21563244,-0.7435142,-0.16524951,-0.5619433,-0.1283123,-0.41167423,S
0.0,0.0,0.307023,-0.18966293,0.5232773,-0.4296106,0.4112077,-0.6749511,0.18389225,-0.76258737,0.41694146,-0.7468521,0.45672402,-1.0,0.3764698,-0.8304405,0.34280312,-0.6757792,0.2128258,-0.7585055,0.20487592,-0.9709251,0.16411595,-0.73493075,0.16952541,-0.55088043,0.022768153,-0.72859234,-0.010370015,-0.8688721,0.0025216916,-0.63118577,0.031536452,-0.44921738,-0.17108104,-0.66513693,-0.1828284,-0.7860022,-0.15280868,-0.6122051,-0.119320095,-0.46263075,S
0.0,0.0,0.3197336,-0.17547488,0.5337581,-0.41620532,0.4220489,-0.66344404,0.20048574,-0.7450311,0.43274915,-0.72627336,0.46957996,-0.99594045,0.39918226,-0.8033847,0.37328887,-0.63764906,0.22882545,-0.7375153,0.2419575,-1.0,0.20608874,-0.7587712,0.2078496,-0.56898016,0.02981092,-0.70484304,0.016964901,-0.88802576,0.031668104,-0.62654024,0.053100064,-0.43704677,-0.17657456,-0.6357496,-0.17195904,-0.77920324,-0.13503467,-0.5901914,-0.10903425,-0.436435,S
0.0,0.0,0.31549883,-0.18622582,0.5359466,-0.42027146,0.42855418,-0.6648669,0.2212051,-0.7644532,0.43190995,-0.7190251,0.47612342,-0.9963532,0.40586397,-0.81919813,0.37932417,-0.6603988,0.22523107,-0.7332481,0.23945455,-1.0,0.2028557,-0.7740109,0.20183252,-0.59531474,0.029254146,-0.7020293,0.020227607,-0.8769969,0.0316313,-0.63567525,0.050413985,-0.457525,-0.17067577,-0.6377823,-0.16647762,-0.78592974,-0.1328304,-0.6120544,-0.10672134,-0.46326637,S
0.0,0.0,0.32468653,-0.19395396,0.54153067,-0.42772466,0.4295948,-0.67553836,0.21245082,-0.76642686,0.4333524,-0.7271581,0.48876005,-0.99048984,0.43206653,-0.80614215,0.4005383,-0.6494101,0.22751082,-0.74088293,0.24799018,-1.0,0.22453667,-0.76572174,0.21944723,-0.57911104,0.027555637,-0.7082426,0.031183116,-0.88059485,0.051725294,-0.6342629,0.06128032,-0.44902265,-0.1825523,-0.6399514,-0.16217951,-0.78887445,-0.12068296,-0.6101991,-0.10294943,-0.4551969,S
0.0,0.0,0.3111291,-0.17786051,0.51217395,-0.4165736,0.39877775,-0.67183405,0.1937722,-0.78213197,0.41549206,-0.7032255,0.44784197,-0.98741776,0.39205423,-0.8101048,0.36475867,-0.6482514,0.21208161,-0.71765715,0.2263004,-1.0,0.20819455,-0.7962991,0.2023437,-0.61896676,0.0144764045,-0.6848687,0.009738089,-0.8730733,0.0322488,-0.63180655,0.04084944,-0.43950793,-0.18778174,-0.6149368,-0.17246929,-0.76814985,-0.12844643,-0.60124934,-0.11299602,-0.44856745,S
0.0,0.0,0.32254252,-0.1910037,0.5285468,-0.43040597,0.41020432,-0.68574345,0.20653252,-0.80672354,0.4372351,-0.72511655,0.46694702,-1.0,0.40331993,-0.8256966,0.3756488,-0.6571722,0.22750762,-0.73395973,0.22743939,-0.9949007,0.20136912,-0.7639041,0.19974315,-0.57139075,0.027491907,-0.69947886,0.017598681,-0.90369743,0.03885739,-0.651096,0.05251674,-0.44641533,-0.18114647,-0.62845916,-0.1667851,-0.78898025,-0.12214122,-0.6150487,-0.09888519,-0.45325738,S
0.0,0.0,0.31848788,-0.133472,0.5506137,-0.39632267,0.4409973,-0.6650149,0.2198543,-0.76446754,0.4093686,-0.72726655,0.45561245,-1.0,0.4072671,-0.78598684,0.38590357,-0.612658,0.19412409,-0.7306535,0.21118383,-0.9843351,0.19923018,-0.7058636,0.20349345,-0.5092764,-0.012176801,-0.6861206,-0.005396166,-0.89370465,0.030148298,-0.6053047,0.04815225,-0.4061971,-0.22978204,-0.6082245,-0.20007502,-0.758833,-0.14089054,-0.5555644,-0.115486294,-0.39787164,S
0.0,0.0,0.31319776,-0.15492474,0.5392605,-0.4107535,0.41056442,-0.6692817,0.1871634,-0.7903023,0.4340591,-0.72811437,0.44492334,-1.0,0.38800037,-0.8068652,0.37108904,-0.6357216,0.21503551,-0.7312966,0.2016658,-0.98398995,0.18964325,-0.724293,0.1937755,-0.52852434,0.008687256,-0.6892856,-0.010950675,-0.8921535,0.029692369,-0.6091454,0.049472906,-0.40672392,-0.20406793,-0.6109256,-0.19792174,-0.7643971,-0.14355926,-0.5557851,-0.11825812,-0.3883151,S
0.0,0.0,0.31571555,-0.19166115,0.520622,-0.43216196,0.40751508,-0.67422557,0.19679117,-0.78067684,0.40632334,-0.72963566,0.4237121,-1.0,0.36846328,-0.8302086,0.34207255,-0.66398746,0.20092414,-0.73393875,0.19475283,-0.99218595,0.17710052,-0.7624507,0.17337218,-0.56878436,0.0033729202,-0.6910649,-0.016335657,-0.91225386,0.01688405,-0.6574146,0.033861723,-0.4516013,-0.20459014,-0.6077746,-0.20508838,-0.76183015,-0.14656024,-0.58060163,-0.111864105,-0.41754487,S
0.0,0.0,0.3093553,-0.17547135,0.501618,-0.42288515,0.37202224,-0.6865696,0.16521077,-0.809093,0.39673328,-0.7161523,0.4153266,-1.0,0.3639975,-0.8278119,0.3470011,-0.66656417,0.18721771,-0.711756,0.17641528,-0.98417443,0.16766189,-0.7513007,0.16984767,-0.56507397,-0.011138503,-0.6599836,-0.025106676,-0.8990598,0.012958823,-0.63344586,0.026570443,-0.42689544,-0.21769468,-0.56855303,-0.2034371,-0.74007535,-0.1444567,-0.5533073,-0.1207476,-0.388851,S
0.0,0.0,0.30398548,-0.19242884,0.49005452,-0.44813105,0.37617853,-0.6965214,0.16276243,-0.7765021,0.37214798,-0.7354335,0.3879098,-1.0,0.34384772,-0.81962043,0.32754692,-0.6644689,0.17285953,-0.7278098,0.16472529,-0.982911,0.16567126,-0.75012094,0.16758345,-0.5656684,-0.019243034,-0.6784917,-0.038506668,-0.9030712,0.010797167,-0.6472622,0.024760583,-0.44341898,-0.2210741,-0.59181106,-0.21341015,-0.77341276,-0.14628309,-0.5982989,-0.12081242,-0.43349895,S
0.0,0.0,0.29971078,-0.20192462,0.4781176,-0.4603715,0.33779272,-0.70913464,0.12096864,-0.80080897,0.35497394,-0.7308845,0.3694399,-1.0,0.34200653,-0.8135556,0.3414485,-0.66505754,0.15226103,-0.7180169,0.14903402,-0.9904727,0.15989725,-0.74826384,0.16266617,-0.56504107,-0.04165512,-0.6655494,-0.055592343,-0.91611826,0.0022054524,-0.6485273,0.016705764,-0.44503328,-0.24565189,-0.5765705,-0.2297319,-0.77355367,-0.15895118,-0.5868629,-0.13770168,-0.41854984,S
0.0,0.0,0.29522216,-0.20144333,0.48209113,-0.44492075,0.36499068,-0.67921346,0.14943407,-0.7643365,0.3656225,-0.74427795,0.36903885,-1.0,0.33829,-0.8297285,0.324357,-0.66989166,0.16859242,-0.7373547,0.16085735,-0.999445,0.1666525,-0.7792175,0.16602863,-0.58803475,-0.02017036,-0.6816119,-0.042294353,-0.8958965,0.004428539,-0.64942306,0.017530829,-0.4472027,-0.21875834,-0.58438706,-0.23114066,-0.7594663,-0.1640226,-0.5843603,-0.13191527,-0.4177163,S
0.0,0.0,0.2896337,-0.18448623,0.46751255,-0.44621077,0.3403977,-0.6879339,0.12907441,-0.7725566,0.36273232,-0.7398929,0.36795786,-0.9989614,0.33655733,-0.8064179,0.33343017,-0.6524338,0.1597902,-0.73023784,0.15372856,-1.0,0.15792742,-0.7661775,0.16301729,-0.59021384,-0.03492116,-0.6745117,-0.054403186,-0.89219856,-0.002589786,-0.63197446,0.015760394,-0.44162932,-0.23348667,-0.58041465,-0.22700626,-0.7536734,-0.15882419,-0.56818986,-0.13121432,-0.41082957,S
0.0,0.0,0.28805873,-0.19750372,0.46291277,-0.44831765,0.32960063,-0.6835328,0.12420138,-0.7890106,0.34007397,-0.7544115,0.3253562,-0.98968226,0.30603766,-0.8214163,0.30683383,-0.6635854,0.13903788,-0.7407905,0.11555483,-1.0,0.1348485,-0.7935161,0.14507425,-0.61128646,-0.05199948,-0.6790682,-0.08479395,-0.87763757,-0.02368111,-0.6264256,0.0020602832,-0.43063325,-0.25067225,-0.57744145,-0.2554573,-0.7442611,-0.1848183,-0.56141263,-0.15058818,-0.40278372,S
0.0,0.0,0.27979392,-0.19746287,0.45876288,-0.45239183,0.3189491,-0.6810045,0.1122391,-0.7853247,0.32220304,-0.76415443,0.30131066,-1.0,0.2824883,-0.8091605,0.2872634,-0.6452714,0.12031468,-0.74216825,0.09073691,-0.9728022,0.11050706,-0.7268665,0.12760952,-0.5346422,-0.06430838,-0.6748546,-0.09843124,-0.8873785,-0.039257858,-0.6315349,-0.013539585,-0.43325686,-0.25506872,-0.5679356,-0.26100358,-0.74336785,-0.19072041,-0.5588823,-0.15632118,-0.39506412,S
0.0,0.0,0.27992284,-0.15991943,0.45924604,-0.43669233,0.3312036,-0.6763974,0.11563258,-0.76287866,0.31699723,-0.76167464,0.31103876,-0.9847996,0.28117687,-0.80242264,0.28202224,-0.6369127,0.1067219,-0.74922824,0.08797817,-1.0,0.11164678,-0.8042718,0.13347352,-0.6309571,-0.08915691,-0.68159616,-0.11475649,-0.87362796,-0.051149987,-0.6081513,-0.019701818,-0.40655875,-0.28106144,-0.56759727,-0.2798097,-0.73378974,-0.21112913,-0.5429101,-0.17890647,-0.3800131,S
0.0,0.0,0.27790827,-0.18351935,0.47028357,-0.44298887,0.33920103,-0.6819723,0.112265274,-0.771991,0.35399288,-0.7527974,0.34241548,-0.98481077,0.30732903,-0.78970814,0.30094036,-0.63368785,0.14746009,-0.7458984,0.12611549,-1.0,0.13826011,-0.763583,0.15392202,-0.58328754,-0.04378859,-0.6844753,-0.07842774,-0.8894155,-0.023557931,-0.6142193,0.0020902676,-0.42112264,-0.23898043,-0.5767444,-0.24785839,-0.73538107,-0.17932092,-0.53537107,-0.14645354,-0.37732464,S
0.0,0.0,0.2863804,-0.19883913,0.4704092,-0.45315257,0.32799345,-0.685812,0.106547974,-0.77660006,0.33535603,-0.7592343,0.31880423,-1.0,0.30355313,-0.8008404,0.31467304,-0.66012937,0.13196445,-0.74470806,0.109068505,-0.99282056,0.13916522,-0.7512337,0.15711933,-0.5878896,-0.058672152,-0.6815547,-0.08931253,-0.88197017,-0.01378735,-0.6118149,0.014977985,-0.42959958,-0.25707087,-0.5779349,-0.25623286,-0.7434785,-0.17281003,-0.55216694,-0.13734232,-0.40131283,S
0.0,0.0,0.28502023,-0.18689232,0.45798457,-0.45317316,0.3040585,-0.67832226,0.084172316,-0.7675454,0.33294153,-0.75831234,0.29944795,-1.0,0.27965602,-0.80083907,0.2917099,-0.6435643,0.12886588,-0.73648864,0.10179574,-0.98723274,0.12725322,-0.75085163,0.14976695,-0.578625,-0.05915932,-0.6685662,-0.09565572,-0.86298394,-0.02553647,-0.5948192,0.008781179,-0.4129956,-0.25019065,-0.5614411,-0.24953607,-0.71766466,-0.17207497,-0.52104205,-0.13300909,-0.3717892,S
0.0,0.0,0.281489,-0.18525468,0.4593378,-0.44778457,0.32395834,-0.67236406,0.11727543,-0.7555129,0.34794584,-0.7476267,0.33299628,-1.0,0.30025285,-0.7925442,0.31054944,-0.6387996,0.14197339,-0.72839195,0.12904324,-0.9877849,0.14228894,-0.7443726,0.16157462,-0.57280195,-0.046366908,-0.6669115,-0.080748,-0.8689731,-0.021145847,-0.5992908,0.01259367,-0.41635206,-0.2358387,-0.5683182,-0.24493112,-0.7324711,-0.17485134,-0.54333305,-0.13703877,-0.39461026,S
0.0,0.0,0.27865884,-0.1793119,0.44722015,-0.44462097,0.2982184,-0.67233896,0.09012655,-0.77277386,0.32814562,-0.76119447,0.30653292,-0.9834802,0.28625205,-0.784711,0.30244467,-0.63622534,0.12149425,-0.7418116,0.10304584,-1.0,0.13180111,-0.7804572,0.1515639,-0.6253454,-0.06585509,-0.6726304,-0.09222583,-0.8624602,-0.017715365,-0.58664656,0.013643804,-0.40479666,-0.25273055,-0.5589371,-0.23883557,-0.7136401,-0.16345584,-0.51542354,-0.1337878,-0.3717193,S
0.0,0.0,0.29261428,-0.1862295,0.47405416,-0.447881,0.3217144,-0.66988206,0.107763365,-0.75198513,0.36001837,-0.7520642,0.33718506,-1.0,0.29814428,-0.79500073,0.30528808,-0.63066477,0.15396453,-0.7348147,0.1318789,-0.9910054,0.13938133,-0.75706786,0.15836057,-0.5755005,-0.03348207,-0.67493635,-0.07336243,-0.8782417,-0.020315094,-0.6149648,0.014028413,-0.4211519,-0.21937665,-0.57867897,-0.22384456,-0.736101,-0.16657312,-0.5486893,-0.13350588,-0.39711225,S
0.0,0.0,0.2951843,-0.18349959,0.48829672,-0.44103575,0.35831535,-0.667021,0.15935345,-0.75155914,0.3723465,-0.74443823,0.36029613,-1.0,0.3214901,-0.78832954,0.33126494,-0.6283737,0.16359365,-0.72598916,0.13930526,-0.98013955,0.13828713,-0.72180235,0.16025788,-0.5374394,-0.02606449,-0.669416,-0.06628206,-0.88804275,-0.018232731,-0.6272271,0.018888352,-0.44125846,-0.21609576,-0.5789708,-0.22802694,-0.74676377,-0.16801183,-0.56597203,-0.1275753,-0.41850814,S
0.0,0.0,0.29587212,-0.17681149,0.47767454,-0.44275352,0.3299776,-0.680517,0.12653677,-0.7673609,0.37090772,-0.7498686,0.352521,-1.0,0.30945927,-0.8005479,0.3167165,-0.6329698,0.16327953,-0.732525,0.13593364,-0.98578775,0.1366323,-0.74973243,0.15526903,-0.56477743,-0.026398888,-0.6718598,-0.078069456,-0.8729054,-0.02678632,-0.60693985,0.0110832825,-0.41239122,-0.21459009,-0.57515347,-0.23034868,-0.72986794,-0.17208429,-0.5425303,-0.13336836,-0.3909986,S
0.0,0.0,0.29693797,-0.16719502,0.49538103,-0.42260894,0.3519895,-0.6564316,0.14142689,-0.75175357,0.38771236,-0.7295473,0.37693036,-1.0,0.33330986,-0.78618586,0.34465584,-0.61998034,0.17428257,-0.71784776,0.15152952,-0.98668545,0.14793503,-0.73476976,0.17051028,-0.5536193,-0.01959849,-0.66517866,-0.067425355,-0.8776467,-0.024069013,-0.60786617,0.011674142,-0.42137063,-0.2096586,-0.57813084,-0.22763929,-0.7427234,-0.17463635,-0.5545239,-0.13935179,-0.40575185,S
0.0,0.0,0.28777277,-0.15487176,0.47450233,-0.4286649,0.35700896,-0.6748425,0.14605434,-0.7675654,0.36251852,-0.74203587,0.35901257,-0.9912818,0.3210023,-0.8025182,0.32781234,-0.6225538,0.15222989,-0.73929423,0.13312346,-1.0,0.13289614,-0.79099315,0.15869421,-0.6039286,-0.043325517,-0.6828339,-0.07709248,-0.85524684,-0.03602243,-0.6079742,0.002306437,-0.41552714,-0.23039313,-0.58973247,-0.24543613,-0.74217117,-0.20398566,-0.5624814,-0.17438728,-0.4041458,S
0.0,0.0,0.30625957,-0.17113578,0.4975719,-0.44272685,0.35650384,-0.68352926,0.15240416,-0.7827417,0.3984699,-0.73309976,0.39105064,-0.99124926,0.34053966,-0.8281303,0.3281174,-0.6441424,0.18441525,-0.7259241,0.1599727,-1.0,0.155977,-0.78548235,0.16696872,-0.57841635,-0.012299084,-0.67324346,-0.054576185,-0.8695678,-0.012219505,-0.61326134,0.016710198,-0.41166458,-0.21047285,-0.5807378,-0.22092915,-0.74338645,-0.1730454,-0.5534883,-0.14656883,-0.394825,S
0.0,0.0,0.3115962,-0.17321052,0.49823987,-0.43123847,0.35812664,-0.6759482,0.15570241,-0.76473695,0.3930693,-0.7190369,0.39698032,-0.97880435,0.3321162,-0.806373,0.3177048,-0.62244326,0.186458,-0.71719146,0.1739922,-1.0,0.15048964,-0.8056429,0.15829574,-0.60998166,-0.0055935085,-0.67201215,-0.05212357,-0.86315763,-0.025523555,-0.6188663,0.007792745,-0.41771957,-0.19672753,-0.5915735,-0.21743573,-0.745405,-0.17894243,-0.56584835,-0.14413837,-0.40696192,S
0.0,0.0,0.29541185,-0.17844366,0.4810937,-0.4386783,0.34342265,-0.68374705,0.1383174,-0.7779539,0.3660327,-0.74155104,0.37213498,-1.0,0.3311228,-0.8232956,0.33150822,-0.6442612,0.1583486,-0.7320458,0.15676914,-0.99709404,0.15342075,-0.78141946,0.1689073,-0.5856196,-0.033792302,-0.6763793,-0.063304916,-0.8706746,-0.02285633,-0.62209064,0.008664659,-0.4231685,-0.22665042,-0.5826949,-0.23227863,-0.74515593,-0.1827337,-0.5650655,-0.15258309,-0.4069683,S
0.0,0.0,0.30347568,-0.15234606,0.49888965,-0.4284466,0.36006796,-0.67210704,0.15263,-0.7469247,0.38565895,-0.75216925,0.38454232,-1.0,0.34273198,-0.8100236,0.3444088,-0.6294354,0.17241482,-0.73630756,0.15593712,-0.98804337,0.15153614,-0.7470252,0.17266037,-0.54589236,-0.02323769,-0.67744935,-0.059849966,-0.8641755,-0.015236646,-0.6041566,0.023842143,-0.40860507,-0.21854158,-0.5838592,-0.22257702,-0.74798554,-0.17157845,-0.56474686,-0.13836297,-0.4110046,S
0.0,0.0,0.30156887,-0.16177775,0.49696973,-0.42406294,0.3473919,-0.66018206,0.13128057,-0.7263341,0.38899252,-0.73180753,0.38535732,-1.0,0.33664483,-0.799758,0.33962002,-0.62223274,0.17563964,-0.72000086,0.1482549,-0.98712885,0.13798097,-0.74251556,0.16360193,-0.5477027,-0.018740658,-0.6666808,-0.067939624,-0.8563762,-0.030204674,-0.59944636,0.009617578,-0.410134,-0.21064681,-0.58102626,-0.23091796,-0.7439971,-0.18431932,-0.55899924,-0.14794305,-0.4043765,S
0.0,0.0,0.2835729,-0.15627182,0.48652896,-0.41029933,0.35569814,-0.6525331,0.15311667,-0.75862354,0.38255313,-0.74904794,0.37618768,-1.0,0.3261242,-0.8038001,0.32811058,-0.6208259,0.16515982,-0.7401695,0.14276856,-0.98970926,0.12637447,-0.7415471,0.14584894,-0.5555545,-0.03160411,-0.68359613,-0.06921097,-0.8397059,-0.036175404,-0.5734691,-0.00073149323,-0.39580244,-0.22592007,-0.5891894,-0.2337393,-0.73819184,-0.18839212,-0.54483277,-0.15608498,-0.4026426,S
0.0,0.0,0.29094392,-0.17408839,0.4894327,-0.42907944,0.34941816,-0.66686636,0.15222394,-0.7712534,0.39028558,-0.74039346,0.39188287,-0.99831325,0.34472924,-0.8095995,0.34053835,-0.62170947,0.16810438,-0.7377236,0.15484923,-1.0,0.14068668,-0.75220215,0.1578056,-0.55460525,-0.03030971,-0.6917372,-0.05746015,-0.8592015,-0.02550218,-0.6008236,0.0069928514,-0.4172751,-0.22672582,-0.6107087,-0.22561716,-0.7647576,-0.18361963,-0.57599413,-0.15559489,-0.42897314,S
0.0,0.0,0.28611907,-0.17533578,0.48217553,-0.42428336,0.34277976,-0.6653334,0.1299426,-0.7571277,0.38895985,-0.738801,0.39946103,-0.9753767,0.31950364,-0.8022684,0.29513854,-0.6384106,0.17647249,-0.7445759,0.17378116,-1.0,0.14535086,-0.81090087,0.15075977,-0.64333504,-0.01843893,-0.70002615,-0.05250963,-0.83203024,-0.020230725,-0.5854018,0.015212778,-0.40374157,-0.21119402,-0.6175618,-0.21649712,-0.746331,-0.17569269,-0.56393063,-0.14519201,-0.42029938,S
0.0,0.0,0.28491482,-0.17879167,0.48609328,-0.4330812,0.35499644,-0.6783137,0.14796665,-0.7699397,0.3958094,-0.75195056,0.3812089,-1.0,0.3156065,-0.8004283,0.3097066,-0.6257834,0.18079394,-0.7481385,0.15636313,-0.99523646,0.12680277,-0.73640877,0.1432542,-0.54248655,-0.018471336,-0.70281416,-0.057617184,-0.8533683,-0.037407115,-0.5848041,-0.0024902807,-0.40028736,-0.21962866,-0.62653744,-0.2347673,-0.7624213,-0.20012578,-0.5713408,-0.16875264,-0.4246568,S
0.0,0.0,0.3361131,-0.055357818,0.65267825,-0.19155976,0.8762992,-0.41363868,0.9869185,-0.63137764,0.4606115,-0.65153074,0.47620916,-0.91732943,0.4573723,-1.0,0.42057508,-0.99187154,0.25860173,-0.67988354,0.29488575,-0.8953989,0.2581911,-0.63966066,0.27347627,-0.5666883,0.06282744,-0.6651085,0.09636301,-0.8267794,0.08254805,-0.5956868,0.08654559,-0.5480957,-0.15028019,-0.62009007,-0.10846034,-0.7522136,-0.09104454,-0.58182836,-0.08825268,-0.5239862,T
0.0,0.0,0.3387658,-0.050277367,0.6680647,-0.18099292,0.88277656,-0.3623154,0.96013874,-0.5747098,0.45363328,-0.6533705,0.48155862,-0.8789945,0.5428854,-0.9715187,0.5988899,-1.0,0.27641478,-0.68784946,0.3850517,-0.89967436,0.33392027,-0.6244698,0.30379215,-0.54038,0.09440752,-0.68536544,0.20501089,-0.84868354,0.1657739,-0.5777573,0.116070494,-0.52822447,-0.1250797,-0.65260965,-0.0055501247,-0.7795146,-0.001019652,-0.58172214,-0.050829813,-0.52790666,T
0.0,0.0,0.32276905,-0.015198149,0.62995607,-0.11886498,0.8205564,-0.32367668,0.9056213,-0.5419438,0.4552649,-0.5214607,0.49765193,-0.7647354,0.4528773,-0.90834135,0.39862698,-1.0,0.30396438,-0.57313615,0.2857799,-0.816867,0.25017983,-0.647933,0.27239615,-0.5307374,0.15831468,-0.58054215,0.14269057,-0.7878712,0.09596816,-0.6288212,0.115844265,-0.53483796,0.036909223,-0.553383,0.010464332,-0.7143263,-0.026195256,-0.58836263,-0.014410361,-0.49735472,T
0.0,0.0,0.36327988,-0.028110925,0.71016216,-0.16672847,0.9046785,-0.43155724,0.96179664,-0.68354326,0.54901636,-0.61791813,0.5901111,-0.86812,0.5906596,-0.98728484,0.55386835,-1.0,0.33749437,-0.682734,0.39966217,-0.9158658,0.32578832,-0.62708837,0.3239925,-0.48448277,0.12710497,-0.6944056,0.17944822,-0.88388556,0.13074571,-0.601042,0.12427223,-0.48530772,-0.106481835,-0.6603422,-0.044592705,-0.8258405,-0.055408217,-0.60489416,-0.057171613,-0.49418983,T
0.0,0.0,0.32268074,-0.16780038,0.57404083,-0.36263677,0.7269219,-0.56026906,0.76880133,-0.75862294,0.43308026,-0.7647669,0.46118656,-1.0,0.4397696,-0.8253183,0.3960659,-0.67594343,0.25757316,-0.7670469,0.29438338,-0.9165409,0.28612292,-0.63123477,0.27152315,-0.46026358,0.07150274,-0.7360401,0.10050812,-0.83844393,0.10759077,-0.5828772,0.09817141,-0.4378774,-0.13286299,-0.6876978,-0.0928702,-0.77341926,-0.058794882,-0.592138,-0.05328355,-0.4783399,T
0.0,0.0,0.32762393,-0.15187614,0.6224248,-0.37624058,0.74882764,-0.61698574,0.8084575,-0.83085966,0.41644725,-0.75195986,0.4551452,-1.0,0.43464157,-0.95796007,0.4026454,-0.86990994,0.22317508,-0.77413166,0.26123345,-0.95585054,0.23842384,-0.6723657,0.22157957,-0.46726248,0.030544132,-0.7590676,0.07099213,-0.9268914,0.05903536,-0.6555748,0.044667378,-0.47858605,-0.18519036,-0.70722467,-0.1170547,-0.85831076,-0.09807531,-0.66358685,-0.10407609,-0.5252573,T
0.0,0.0,0.35278752,-0.12614587,0.65428627,-0.3452869,0.77147585,-0.5965597,0.84755456,-0.8233847,0.4256955,-0.7106231,0.46386847,-0.9561508,0.44433433,-1.0,0.41010198,-0.96421397,0.22082965,-0.74393696,0.2631317,-0.93953115,0.22337584,-0.6635982,0.19976838,-0.44136143,0.015580331,-0.73135567,0.05724852,-0.90419,0.036292095,-0.6204781,0.023021296,-0.4184005,-0.21170914,-0.6775453,-0.15316242,-0.83294415,-0.13091639,-0.6284724,-0.12585875,-0.46800473,T
0.0,0.0,0.33530405,-0.08850917,0.64439857,-0.3077891,0.7552532,-0.57267344,0.81745803,-0.8175336,0.3935904,-0.70945704,0.42261842,-0.97144884,0.4060772,-1.0,0.37433025,-0.9154605,0.1742524,-0.7328992,0.23033087,-0.9396198,0.19223902,-0.63964295,0.17260021,-0.40730318,-0.040472493,-0.71026206,0.011462889,-0.8888023,-0.006248491,-0.58149004,-0.017123064,-0.374187,-0.2757517,-0.6483455,-0.20889021,-0.80832833,-0.18052989,-0.58771443,-0.1726934,-0.4232262,T
0.0,0.0,0.34729025,-0.089500114,0.6623425,-0.32976332,0.7748451,-0.5910746,0.8359031,-0.8295692,0.39638948,-0.71999186,0.43139935,-0.97198665,0.40704903,-1.0,0.3727455,-0.9369706,0.17463885,-0.7438291,0.2414946,-0.9449653,0.19694574,-0.6340776,0.16772872,-0.40533623,-0.045417633,-0.7208094,0.015491608,-0.9023182,-0.008490625,-0.5827164,-0.024336362,-0.37654844,-0.28268868,-0.6577467,-0.20681682,-0.8177293,-0.18284327,-0.5856051,-0.18075718,-0.41920432,T
0.0,0.0,0.351226,-0.086821176,0.6713387,-0.32263172,0.78909236,-0.58350766,0.84623224,-0.8293082,0.40086588,-0.7157896,0.4341008,-0.93893933,0.4251493,-1.0,0.40458125,-0.96381205,0.17841479,-0.7435276,0.24911544,-0.94810194,0.20189734,-0.64546895,0.16713712,-0.41353726,-0.042787064,-0.72254306,0.01965225,-0.9034237,-0.009020962,-0.5855865,-0.030259008,-0.37667748,-0.28448525,-0.65964365,-0.20513636,-0.8225583,-0.18113822,-0.59838295,-0.18146034,-0.4325329,T
0.0,0.0,0.34664184,-0.08656981,0.66721475,-0.3228304,0.7887241,-0.5903272,0.84574014,-0.84301823,0.402606,-0.73325974,0.43351868,-0.97709507,0.41650692,-1.0,0.38703355,-0.91809076,0.17456351,-0.75433004,0.2365497,-0.95724434,0.19669317,-0.6483335,0.1681486,-0.4061579,-0.052065626,-0.72414976,0.0027773306,-0.9060404,-0.012275096,-0.5927094,-0.024607273,-0.37999445,-0.29689452,-0.64893395,-0.22439764,-0.81829846,-0.19177994,-0.59638834,-0.18451068,-0.4282772,T
0.0,0.0,0.3513972,-0.094408095,0.6562568,-0.33142734,0.77116865,-0.5893321,0.82687175,-0.8328336,0.3918406,-0.71760464,0.4218381,-0.9517074,0.40936267,-1.0,0.38811684,-0.9433633,0.1630196,-0.7446858,0.23109573,-0.94501716,0.19308443,-0.6406657,0.16681898,-0.39888823,-0.061438557,-0.72048944,-0.00075412105,-0.8988073,-0.019869523,-0.58339345,-0.034102045,-0.36894098,-0.29921085,-0.65185314,-0.22712402,-0.81405,-0.19898413,-0.58673304,-0.19406535,-0.41474202,T
0.0,0.0,0.35071763,-0.097433686,0.65370464,-0.3463595,0.76698923,-0.60254073,0.82259095,-0.84179723,0.37699595,-0.7296321,0.40621385,-0.94917905,0.40872526,-1.0,0.40470305,-0.9472359,0.15515377,-0.7518973,0.23562476,-0.952376,0.20190826,-0.6502835,0.17398949,-0.41079217,-0.063758165,-0.72681403,0.0076791896,-0.8998104,-0.0055552367,-0.58821607,-0.02023098,-0.37801835,-0.29960167,-0.6589593,-0.21531048,-0.81892854,-0.18093647,-0.5956105,-0.17688999,-0.42675862,T
0.0,0.0,0.34885132,-0.11781666,0.65026224,-0.34244463,0.7735785,-0.5965005,0.8368418,-0.8356116,0.3833864,-0.7238026,0.41819215,-1.0,0.40699905,-0.97274625,0.3914815,-0.8472643,0.16428883,-0.74649674,0.22712275,-0.9430759,0.19826661,-0.6446693,0.1821109,-0.40783396,-0.05086764,-0.71955425,0.015474104,-0.89731264,0.0067039253,-0.59374344,-0.0014983978,-0.3865626,-0.28308532,-0.6519077,-0.19967769,-0.80798835,-0.17340143,-0.596198,-0.16990502,-0.4374378,T
0.0,0.0,0.34363517,-0.103308134,0.6497322,-0.34346545,0.75796306,-0.5960144,0.81428266,-0.82717353,0.37746942,-0.72196066,0.40672106,-0.9558238,0.40549237,-1.0,0.40043,-0.94474775,0.15860274,-0.74261355,0.23316845,-0.9413716,0.2015435,-0.64622486,0.17799348,-0.41132492,-0.05727029,-0.71728265,0.014333948,-0.8879115,0.0062043713,-0.5829841,-0.004761827,-0.37157688,-0.2929938,-0.6512025,-0.19945394,-0.8035096,-0.15909956,-0.5837037,-0.1526048,-0.41442868,T
0.0,0.0,0.3324192,-0.093370974,0.62537664,-0.33080813,0.75385535,-0.57937986,0.8074962,-0.81436014,0.36502424,-0.7255309,0.40405837,-0.9719435,0.40392703,-1.0,0.38496226,-0.9052667,0.14885464,-0.7437664,0.22147101,-0.9373374,0.19705649,-0.63810074,0.17224629,-0.40691757,-0.06755034,-0.7165502,0.0062982365,-0.8899394,-0.0040425896,-0.5821581,-0.023818424,-0.37324837,-0.30167687,-0.6488237,-0.21415062,-0.79732037,-0.1785042,-0.57652533,-0.17743427,-0.41141298,T
0.0,0.0,0.34664956,-0.09435321,0.64510596,-0.33617544,0.7743251,-0.58897954,0.8311371,-0.8264769,0.3653968,-0.7255687,0.4112289,-0.96899635,0.4120523,-1.0,0.399029,-0.9295124,0.15177235,-0.7481944,0.23493725,-0.94600147,0.20935707,-0.6430538,0.18118405,-0.40901026,-0.06534608,-0.72223604,0.014327016,-0.89980626,0.008408435,-0.58940524,-0.008878035,-0.3800314,-0.30001962,-0.65492404,-0.2103311,-0.80685914,-0.16803938,-0.586951,-0.16398884,-0.421517,T
0.0,0.0,0.33634377,-0.106286235,0.62937486,-0.34435225,0.75238335,-0.5959383,0.8072232,-0.8345011,0.34586564,-0.73141754,0.3838882,-0.97776186,0.38707706,-1.0,0.38272855,-0.91699636,0.13378407,-0.7510098,0.21059202,-0.95400983,0.1850078,-0.65358174,0.16255078,-0.41724354,-0.0816452,-0.7240399,-0.0025835107,-0.898175,-0.012350964,-0.5916548,-0.029382855,-0.3831997,-0.31604826,-0.6583844,-0.22565407,-0.8088466,-0.18791345,-0.5889154,-0.18608049,-0.4239732,T
0.0,0.0,0.33969235,-0.10730723,0.63609713,-0.35172018,0.763599,-0.5961982,0.81417984,-0.83044654,0.3576668,-0.71800053,0.39206916,-0.94083667,0.40044308,-1.0,0.4010768,-0.9549495,0.14354491,-0.7402545,0.2225515,-0.94324255,0.20079973,-0.64387965,0.17659456,-0.40947986,-0.07204319,-0.71586925,0.010886389,-0.89842147,0.0048697363,-0.58774924,-0.011402382,-0.3750792,-0.30499053,-0.6490248,-0.20858628,-0.80297786,-0.17163114,-0.5840661,-0.1721352,-0.41596353,T
0.0,0.0,0.34049287,-0.085371725,0.6399365,-0.32968098,0.76438445,-0.5856432,0.83066076,-0.8211525,0.36934915,-0.72415334,0.41049558,-0.9666626,0.41327852,-1.0,0.4030928,-0.9159301,0.1499922,-0.74477744,0.22987282,-0.9370812,0.20449144,-0.6358661,0.17714705,-0.40050676,-0.06868981,-0.71653795,0.016470823,-0.8944456,0.005226008,-0.58351713,-0.016043339,-0.37136742,-0.3025369,-0.6459794,-0.20603673,-0.7905264,-0.17036933,-0.57144475,-0.17100574,-0.40615985,T
0.0,0.0,0.34160742,-0.10115569,0.6405757,-0.34118807,0.76642257,-0.59527206,0.8235113,-0.83690995,0.35772565,-0.71961576,0.39487714,-0.9747277,0.40386254,-1.0,0.4026193,-0.91034657,0.14358988,-0.7376957,0.22527699,-0.9409735,0.20228206,-0.64783835,0.17779933,-0.41262233,-0.07269355,-0.71233755,0.01589951,-0.9013785,0.008364916,-0.59483945,-0.009467245,-0.37407655,-0.3064054,-0.6496107,-0.20663136,-0.80701804,-0.16939685,-0.59321827,-0.17082912,-0.41998842,T
0.0,0.0,0.34133086,-0.10205745,0.63863635,-0.34938323,0.75586975,-0.60251874,0.81679416,-0.83633035,0.35122883,-0.719948,0.39286757,-0.9629062,0.40091366,-1.0,0.39639342,-0.93398196,0.13449647,-0.7393372,0.21971212,-0.94597894,0.20086923,-0.64651716,0.17450227,-0.41523227,-0.08045105,-0.7131352,0.0061465586,-0.90295964,0.0044054664,-0.5969611,-0.013782203,-0.38756558,-0.3102018,-0.6468428,-0.21154952,-0.8050299,-0.17128901,-0.5885997,-0.17374998,-0.42101437,T
0.0,0.0,0.33647096,-0.10292933,0.6350183,-0.34866327,0.7573581,-0.5969943,0.8164498,-0.8328121,0.3514651,-0.7277117,0.38783145,-0.947013,0.394319,-1.0,0.39494938,-0.955193,0.13756405,-0.7501134,0.2261965,-0.94509524,0.19747928,-0.64509755,0.16937192,-0.41169798,-0.07848778,-0.7261988,0.006992408,-0.9010162,-0.0041765897,-0.5929632,-0.021630606,-0.3819165,-0.31104344,-0.66155756,-0.2179141,-0.8099185,-0.18187171,-0.58777547,-0.18098888,-0.41729927,T
0.0,0.0,0.32757136,-0.1310538,0.62201977,-0.3578542,0.75917107,-0.59793097,0.82807064,-0.8313135,0.35382557,-0.7426679,0.39636284,-1.0,0.413344,-0.99375355,0.41328487,-0.876769,0.14210363,-0.75804,0.21953869,-0.9395622,0.20780948,-0.64721656,0.18764235,-0.41317937,-0.0666057,-0.7286768,0.018324837,-0.86472076,0.021541607,-0.57456666,0.009477204,-0.37836942,-0.28885108,-0.66348255,-0.18663616,-0.7970691,-0.1527883,-0.59003747,-0.15498625,-0.44108868,T
0.0,0.0,0.33418468,-0.09829164,0.6354472,-0.34482637,0.75961554,-0.5945435,0.81840664,-0.82759273,0.36460105,-0.72680116,0.4010151,-0.96438247,0.40619037,-1.0,0.40317842,-0.94402844,0.15335414,-0.74746066,0.23870619,-0.93757147,0.21030422,-0.6409215,0.17693776,-0.4139249,-0.06068608,-0.7212273,0.021031963,-0.88743955,0.011397795,-0.58310246,-0.00859927,-0.37946293,-0.29300615,-0.6562262,-0.19948632,-0.7997757,-0.15859337,-0.5794923,-0.15687852,-0.4148942,T
0.0,0.0,0.3308929,-0.0927308,0.63983953,-0.3296418,0.76743156,-0.58183295,0.8227948,-0.8222006,0.374224,-0.7162978,0.3971361,-0.9299752,0.39745945,-1.0,0.39638746,-0.9726267,0.15937269,-0.73837537,0.23031639,-0.9411293,0.1985517,-0.64338076,0.17564689,-0.41282868,-0.054649897,-0.7149604,0.008699281,-0.8813274,0.0003926699,-0.5739286,-0.008727514,-0.36962873,-0.28744963,-0.651405,-0.20326161,-0.7966569,-0.16297291,-0.5725822,-0.15443315,-0.40739295,T
0.0,0.0,0.3448331,-0.08604469,0.652772,-0.33561876,0.7650907,-0.60063255,0.8293213,-0.84455484,0.37982756,-0.72293925,0.41651016,-0.9673265,0.41789284,-1.0,0.40188918,-0.9176955,0.16046093,-0.7414781,0.2334648,-0.93269044,0.21111642,-0.6320206,0.18472958,-0.39937907,-0.056628257,-0.71302164,0.014495656,-0.8968838,0.012260604,-0.5895355,-0.0034296722,-0.37758854,-0.29416293,-0.6444471,-0.21041122,-0.79095554,-0.16485396,-0.5725137,-0.15569693,-0.40721518,T
0.0,0.0,0.34588435,-0.09657232,0.6547622,-0.34747413,0.7762866,-0.5992088,0.8358844,-0.8286388,0.36912802,-0.72372097,0.41150174,-0.94468945,0.4173076,-1.0,0.41389874,-0.9630566,0.15500017,-0.7449353,0.23676309,-0.93790233,0.21097098,-0.6418028,0.186286,-0.41057608,-0.05977055,-0.71957946,0.023572892,-0.893286,0.015366273,-0.58047545,-0.00069888105,-0.36945924,-0.29233253,-0.6521514,-0.19496624,-0.79524577,-0.15878296,-0.5753909,-0.15805212,-0.4125236,T
0.0,0.0,0.33621553,-0.099738576,0.63497496,-0.35290244,0.7601607,-0.6065897,0.82708824,-0.8419912,0.34549958,-0.73218966,0.3715712,-0.9539784,0.38852265,-1.0,0.4015118,-0.9475565,0.13498722,-0.74604934,0.21590996,-0.94496673,0.20399812,-0.65802085,0.18028611,-0.4200364,-0.078568265,-0.713461,0.007638792,-0.89728415,0.005972578,-0.5925827,-0.015033114,-0.37588522,-0.30975294,-0.6424112,-0.20425709,-0.79762447,-0.16607319,-0.59060776,-0.17417234,-0.424272,T
0.0,0.0,0.33162427,-0.0927981,0.62825006,-0.33456004,0.74622566,-0.58935004,0.8059949,-0.8228339,0.3668228,-0.71225846,0.40157834,-0.94176066,0.40459594,-1.0,0.40299317,-0.9567947,0.15487751,-0.7330317,0.22881351,-0.9252765,0.20789087,-0.6379934,0.18552315,-0.4082808,-0.058934316,-0.7049348,0.01999216,-0.8770821,0.011827132,-0.57888,-0.0056586135,-0.37464175,-0.28736207,-0.6370969,-0.19769165,-0.78973675,-0.1648381,-0.57997054,-0.16587156,-0.41985637,T
0.0,0.0,0.32939157,-0.08796638,0.62358946,-0.33248192,0.75111043,-0.5800038,0.8268006,-0.8036719,0.35748544,-0.713013,0.3975681,-0.9497142,0.40045136,-1.0,0.3923039,-0.94070995,0.14476727,-0.733106,0.21946017,-0.92582864,0.20108241,-0.6435718,0.17903493,-0.4085997,-0.07197432,-0.704491,0.009582929,-0.88204825,0.006323061,-0.58052695,-0.008606199,-0.36437777,-0.3046654,-0.63840985,-0.20904747,-0.7927707,-0.17288369,-0.57820034,-0.1733028,-0.40608308,T
0.0,0.0,0.33518586,-0.097567216,0.6301554,-0.3339482,0.75434124,-0.5829087,0.82840645,-0.8168766,0.3587414,-0.71568847,0.40062645,-0.93047285,0.41244468,-1.0,0.42165163,-0.9960255,0.1490907,-0.7442619,0.23538949,-0.93964154,0.21197838,-0.66010404,0.18055226,-0.42895257,-0.067393176,-0.7244906,0.027503354,-0.9079282,0.01666269,-0.61119735,-0.0052696816,-0.3960876,-0.29692677,-0.6632535,-0.19326203,-0.8195406,-0.16206849,-0.6089455,-0.17008317,-0.43663216,T
0.0,0.0,0.34107396,-0.08759787,0.6606056,-0.33329782,0.7871117,-0.58753604,0.8614352,-0.8202297,0.38079873,-0.7248507,0.42762056,-0.94503903,0.43567145,-1.0,0.4396172,-0.9845312,0.1687144,-0.75321674,0.25905824,-0.957896,0.23191676,-0.6673746,0.20196939,-0.43885925,-0.04742465,-0.7333328,0.047714066,-0.92117816,0.031105027,-0.6160091,0.0069030467,-0.40595108,-0.27984214,-0.6721891,-0.17594704,-0.833837,-0.14467524,-0.61642146,-0.14964275,-0.44770205,T
0.0,0.0,0.34405902,-0.11351601,0.6518969,-0.33219028,0.7818117,-0.57427454,0.8553416,-0.8014303,0.39023256,-0.7255545,0.43442374,-0.9953556,0.44829643,-1.0,0.45000532,-0.8963485,0.18076456,-0.74860334,0.2661484,-0.9388762,0.24223186,-0.649972,0.21535009,-0.41288796,-0.028212156,-0.7249037,0.06672552,-0.8843906,0.052306816,-0.5877934,0.02890942,-0.3793566,-0.25899372,-0.66216046,-0.14199196,-0.8101722,-0.11429381,-0.5978121,-0.11993282,-0.43192112,T
0.0,0.0,0.33654064,-0.0848565,0.6487237,-0.3063694,0.78756934,-0.5530976,0.8525925,-0.78663397,0.408872,-0.7130603,0.44320166,-0.9812255,0.44723907,-1.0,0.4408293,-0.91840124,0.19813073,-0.7380393,0.27798307,-0.9429994,0.24583007,-0.65015197,0.21591735,-0.42623848,-0.01656913,-0.7191691,0.064894326,-0.8977066,0.047883306,-0.59551775,0.02412107,-0.38835293,-0.249008,-0.66447276,-0.15114236,-0.82222193,-0.12102889,-0.60351425,-0.12977658,-0.43325946,T
0.0,0.0,0.34705943,-0.071919926,0.67590576,-0.29880556,0.81432724,-0.5603502,0.88298476,-0.8053132,0.42923698,-0.7005122,0.47260615,-0.95036644,0.47335517,-1.0,0.45636353,-0.9608497,0.21402796,-0.73462677,0.29584798,-0.94343853,0.25918528,-0.65894043,0.21983615,-0.4379176,-0.0027326762,-0.72217387,0.079959124,-0.9058059,0.060917493,-0.6073805,0.032092344,-0.40211433,-0.23904683,-0.67075604,-0.14313298,-0.82398343,-0.11138532,-0.6042668,-0.11598633,-0.4346388,T
0.0,0.0,0.33990544,-0.06536664,0.6684057,-0.28873503,0.8114371,-0.54674864,0.8867471,-0.79156166,0.4283166,-0.7049683,0.45805553,-0.9665668,0.442783,-1.0,0.41540414,-0.92789096,0.20981063,-0.7324061,0.2801308,-0.93855405,0.23716941,-0.65429157,0.20493409,-0.422593,-0.009207661,-0.714317,0.062828824,-0.8907134,0.03862412,-0.5943675,0.016999613,-0.38316986,-0.24672203,-0.65772027,-0.16423683,-0.8078777,-0.13665135,-0.5888272,-0.13478447,-0.4169035,T
0.0,0.0,0.33019927,-0.07531258,0.6357923,-0.29981536,0.7645292,-0.54738146,0.837747,-0.77595353,0.38686612,-0.6965765,0.3910675,-0.94406503,0.36854884,-1.0,0.33457786,-0.9572761,0.17298147,-0.71379334,0.2227939,-0.91205275,0.19506639,-0.6272975,0.17727222,-0.40781793,-0.037154734,-0.6887214,0.014873023,-0.8665301,0.0071733827,-0.5765404,-0.0028947885,-0.37761572,-0.2637494,-0.62754935,-0.19819582,-0.7875851,-0.16333169,-0.57992053,-0.1539918,-0.42124125,T
0.0,0.0,0.3398952,-0.07334159,0.6514954,-0.28698704,0.78158414,-0.52680516,0.83365095,-0.7589738,0.4135713,-0.69542086,0.38724688,-0.9308896,0.34249547,-1.0,0.29224458,-0.9704574,0.18984896,-0.7117345,0.20763557,-0.9189451,0.17299828,-0.6290622,0.15678556,-0.3959147,-0.025450692,-0.6815141,-0.0060068257,-0.8661331,-0.015395723,-0.5700437,-0.020276688,-0.36442596,-0.25164947,-0.6099011,-0.21762663,-0.77985483,-0.18616979,-0.5652829,-0.17014422,-0.4024926,T
0.0,0.0,0.3345754,-0.05345464,0.66845226,-0.25202745,0.807051,-0.49454793,0.8613372,-0.73541135,0.4760408,-0.69382524,0.45079303,-0.9048575,0.36681288,-0.9855395,0.27664918,-1.0,0.2452149,-0.72716796,0.22702573,-0.9118932,0.17334232,-0.6069862,0.16146795,-0.37697816,0.02168219,-0.7052494,0.0012082127,-0.8692899,-0.018087767,-0.55566806,-0.010759656,-0.35131276,-0.20538938,-0.6389146,-0.20089132,-0.7932289,-0.18455839,-0.5613101,-0.16104625,-0.40155134,T
0.0,0.0,0.33787492,-0.05820938,0.6579031,-0.2516887,0.8029072,-0.49964637,0.84403986,-0.74720424,0.46154597,-0.69220793,0.44946355,-0.936282,0.339268,-1.0,0.22311006,-0.98922664,0.23097768,-0.72057366,0.20607032,-0.91596144,0.14681111,-0.623708,0.13422517,-0.39145258,0.0039634616,-0.69676447,-0.019269971,-0.8638618,-0.03778693,-0.5639375,-0.032470014,-0.35705784,-0.22563878,-0.6334725,-0.2260604,-0.78481346,-0.20594576,-0.5650676,-0.18300754,-0.40507185,T
0.0,0.0,0.34131023,-0.05067558,0.6678934,-0.24246795,0.824758,-0.48674682,0.877714,-0.7302505,0.4706285,-0.6743757,0.45232317,-0.9247132,0.35378823,-0.9989659,0.24453025,-1.0,0.24294075,-0.7026466,0.21207473,-0.88912225,0.1616649,-0.59881586,0.15140027,-0.37154925,0.021041337,-0.681068,-0.0063079335,-0.8596272,-0.023536816,-0.5588337,-0.015199547,-0.34974074,-0.20236798,-0.6182093,-0.20729552,-0.7847504,-0.1928952,-0.5671207,-0.16962175,-0.40438867,T
0.0,0.0,0.3246157,-0.06915377,0.635486,-0.26872447,0.7815392,-0.51478446,0.83193284,-0.757258,0.43959358,-0.67138106,0.4278821,-0.92269915,0.34236032,-1.0,0.24522787,-0.99457514,0.2206209,-0.7007917,0.21462049,-0.8975205,0.16536824,-0.61088,0.15188152,-0.38772634,0.006956454,-0.6826966,-0.0061047873,-0.87650746,-0.021868283,-0.5805429,-0.015882332,-0.3747951,-0.21357696,-0.6240053,-0.20172355,-0.79326636,-0.1821478,-0.5816242,-0.16273548,-0.42263794,T
0.0,0.0,0.33981013,-0.09678821,0.65191853,-0.28886262,0.79279345,-0.52430487,0.8443692,-0.76567614,0.41379854,-0.7132163,0.39146474,-0.99043447,0.3232378,-1.0,0.25234893,-0.914112,0.18999067,-0.7299073,0.18702939,-0.9234434,0.14734212,-0.62163496,0.13832563,-0.39801344,-0.023025502,-0.6976639,-0.03249009,-0.86985755,-0.041533824,-0.5742086,-0.03474329,-0.37672302,-0.24176681,-0.62760496,-0.23995146,-0.78548276,-0.2145344,-0.5690691,-0.192873,-0.41389546,T
0.0,0.0,0.33964872,-0.068426766,0.6506514,-0.2641262,0.79247886,-0.5077501,0.85238576,-0.7474817,0.4574927,-0.6687065,0.44995657,-0.8922748,0.37458956,-0.9851608,0.2854171,-1.0,0.2317411,-0.70824933,0.23229633,-0.9121289,0.18500558,-0.6298131,0.16462697,-0.39725104,0.010478415,-0.6926734,0.0038224035,-0.8777571,-0.009126944,-0.57917076,-0.00424328,-0.36688927,-0.21259077,-0.6311002,-0.20353533,-0.79766935,-0.17775884,-0.5755475,-0.15547846,-0.40249735,T
0.0,0.0,0.3400206,-0.08357737,0.6436163,-0.2868181,0.7787316,-0.5404501,0.84321225,-0.78340906,0.4396507,-0.6865077,0.4359617,-0.9118952,0.36058775,-0.9940353,0.27220884,-1.0,0.21499181,-0.71785706,0.20298624,-0.91154796,0.15124626,-0.6334631,0.1373231,-0.40980175,-0.002723584,-0.69636196,-0.012984403,-0.88192296,-0.028088052,-0.59265697,-0.02171247,-0.38326582,-0.22400692,-0.6304986,-0.21727675,-0.80761987,-0.1962923,-0.5967188,-0.17450844,-0.42725825,T
0.0,0.0,0.32634884,-0.055312816,0.6365564,-0.26725638,0.7678528,-0.5114003,0.83916396,-0.74661964,0.40576518,-0.714646,0.37962067,-0.9562173,0.30277342,-1.0,0.22712074,-0.9509727,0.17259234,-0.7259471,0.17099735,-0.9162291,0.12764522,-0.62269765,0.12262445,-0.3895427,-0.048219547,-0.686392,-0.04750949,-0.86218894,-0.057819977,-0.5693363,-0.050612297,-0.36575955,-0.27086204,-0.6100941,-0.25157183,-0.77511,-0.22357902,-0.5555113,-0.19964312,-0.39218444,T
0.0,0.0,0.32310185,-0.0625195,0.61376816,-0.26810345,0.75644124,-0.5057923,0.8195996,-0.7409834,0.4064543,-0.6729054,0.39643377,-0.9037333,0.32707244,-0.98898554,0.2468142,-1.0,0.19385779,-0.6998197,0.196171,-0.9014382,0.15346192,-0.62348837,0.1380266,-0.40428087,-0.017815229,-0.6755963,-0.020360148,-0.8703651,-0.032463416,-0.58111036,-0.03017772,-0.37661836,-0.22931385,-0.615514,-0.22522551,-0.7819584,-0.19708319,-0.5704419,-0.17416638,-0.4049786,T
0.0,0.0,0.34444773,-0.07788473,0.6631044,-0.28266004,0.8051529,-0.52747107,0.8628069,-0.7693167,0.42901978,-0.6966038,0.41701862,-0.9308895,0.3471766,-1.0,0.27034402,-0.99306476,0.2031734,-0.72088087,0.202896,-0.91893786,0.16448042,-0.6395352,0.15628976,-0.41115105,-0.018570414,-0.6923007,-0.014701494,-0.877365,-0.020694032,-0.5849046,-0.013671151,-0.37400803,-0.24674748,-0.62143075,-0.22571889,-0.7803458,-0.19175138,-0.5594816,-0.16380443,-0.38940433,T
0.0,0.0,0.33821803,-0.07619397,0.6423469,-0.29224992,0.76169485,-0.5364216,0.80684704,-0.76534206,0.40316242,-0.6792707,0.36325368,-0.9256066,0.3018454,-1.0,0.239435,-0.973016,0.18080285,-0.69171804,0.17678857,-0.8912093,0.14649753,-0.61267245,0.14685501,-0.3856812,-0.027432568,-0.657697,-0.035761844,-0.8374624,-0.039701365,-0.54615986,-0.026057212,-0.34488136,-0.24141635,-0.58510125,-0.22990006,-0.7491516,-0.20034559,-0.5386862,-0.1713619,-0.3820783,T
0.0,0.0,0.32837772,-0.07637783,0.62939316,-0.29702353,0.7512751,-0.55283964,0.79742587,-0.79443616,0.38633004,-0.6813984,0.35486767,-0.9154575,0.28655893,-1.0,0.21688136,-0.99697644,0.16572902,-0.6963836,0.16323476,-0.9124577,0.13486563,-0.6286565,0.1382448,-0.40451404,-0.04349373,-0.65905154,-0.06354985,-0.8539353,-0.05270103,-0.55250186,-0.02734242,-0.34771788,-0.2589691,-0.5774282,-0.256638,-0.7334428,-0.21200703,-0.5118323,-0.1722228,-0.34868947,T
0.0,0.0,0.31624317,-0.080071546,0.616476,-0.31304634,0.7478242,-0.5714541,0.77914906,-0.81891334,0.38435087,-0.6827974,0.36679244,-0.9094713,0.29069558,-0.9934258,0.2067081,-1.0,0.16077562,-0.69429386,0.1584959,-0.9050435,0.14044651,-0.63063085,0.14444013,-0.40849626,-0.05210581,-0.6557125,-0.066237874,-0.85839957,-0.05053686,-0.5661372,-0.028404118,-0.3550944,-0.26558402,-0.5761174,-0.25815818,-0.74616057,-0.2137975,-0.5372299,-0.18078475,-0.3694859,T
0.0,0.0,0.3178181,-0.08238181,0.6148212,-0.31079262,0.73677254,-0.5718782,0.76712114,-0.8133835,0.38053006,-0.6885362,0.3563423,-0.9181332,0.27493575,-0.9973383,0.18401861,-1.0,0.15849689,-0.6992781,0.13640359,-0.89754134,0.12757987,-0.61181706,0.14302643,-0.39376447,-0.047844186,-0.6623804,-0.07508757,-0.84239864,-0.051149145,-0.5420645,-0.020366149,-0.34049535,-0.25521418,-0.58349305,-0.25105938,-0.74106854,-0.2022076,-0.5242848,-0.16166021,-0.3671094,T
0.0,0.0,0.33814058,-0.09990198,0.64397687,-0.32340816,0.7523526,-0.58565664,0.79635143,-0.8295029,0.38602352,-0.70980555,0.3563471,-0.9576572,0.28269675,-1.0,0.20438355,-0.9727034,0.15631358,-0.71357334,0.14417906,-0.92139333,0.13618761,-0.6313712,0.14312494,-0.4044835,-0.05388461,-0.6627631,-0.06627265,-0.8448073,-0.04385178,-0.55269706,-0.022699881,-0.35175368,-0.2695178,-0.5690504,-0.26366827,-0.73100305,-0.21348628,-0.5262537,-0.17891851,-0.3710086,T
0.0,0.0,0.32459915,-0.07258841,0.63003135,-0.30133832,0.7542352,-0.56733,0.78303266,-0.8187165,0.39598295,-0.688983,0.36041263,-0.91925704,0.27241468,-0.9965858,0.1835057,-1.0,0.17133546,-0.70050293,0.14307688,-0.90030265,0.12967718,-0.6164877,0.14479278,-0.39262238,-0.038644426,-0.66220194,-0.07369411,-0.8390455,-0.05358249,-0.5391609,-0.01972615,-0.3325631,-0.24978009,-0.5825436,-0.25702,-0.7255734,-0.20797856,-0.5063137,-0.16013302,-0.3457676,T
0.0,0.0,0.31805363,-0.07879011,0.6129228,-0.30789196,0.7215256,-0.5725451,0.76066613,-0.81716824,0.37569773,-0.7000493,0.35337216,-0.92878187,0.258317,-1.0,0.15020116,-0.99739355,0.15375671,-0.70817745,0.12588395,-0.8854112,0.1234194,-0.6047542,0.14045973,-0.39106122,-0.056911945,-0.66533864,-0.08365809,-0.84827393,-0.053984236,-0.5553334,-0.0241222,-0.3513388,-0.26557803,-0.58018106,-0.26326996,-0.7336687,-0.21064006,-0.5222612,-0.17101729,-0.36376318,T
0.0,0.0,0.31694353,-0.086556815,0.5955724,-0.3115136,0.7123287,-0.5630771,0.7358902,-0.8008645,0.35308522,-0.70556825,0.31161675,-0.9426978,0.22235288,-1.0,0.13242549,-0.9774213,0.13215606,-0.7086947,0.10299317,-0.89208734,0.08833564,-0.61430347,0.100662276,-0.3922822,-0.07828892,-0.6619192,-0.10532858,-0.83740216,-0.08578749,-0.5532629,-0.056940295,-0.34936702,-0.28333122,-0.57646483,-0.29083377,-0.72831076,-0.24852505,-0.5221176,-0.21074414,-0.36226484,T
0.0,0.0,0.3244578,-0.09497819,0.6179562,-0.31548584,0.7201951,-0.57510704,0.7485618,-0.8128046,0.36517295,-0.70646995,0.31862763,-0.9248041,0.22289842,-0.9970944,0.12475821,-1.0,0.14036788,-0.7133579,0.10838254,-0.8923857,0.09169808,-0.61975205,0.09660674,-0.39541447,-0.06746686,-0.6693995,-0.105557285,-0.8396228,-0.08473297,-0.5556356,-0.05508499,-0.34518144,-0.2727658,-0.5834279,-0.28918973,-0.7353786,-0.24432254,-0.52537966,-0.20245251,-0.3577528,T
0.0,0.0,0.31457207,-0.08800845,0.60332525,-0.30579457,0.7090534,-0.5556321,0.7339798,-0.7957556,0.32784572,-0.70546895,0.25331417,-0.9453406,0.19753498,-1.0,0.15007837,-0.9547297,0.11065267,-0.70181006,0.0980927,-0.8884727,0.08855366,-0.60547304,0.093609065,-0.3730966,-0.08895659,-0.6485829,-0.10790499,-0.81310517,-0.08620882,-0.5305322,-0.061336428,-0.3271537,-0.29070398,-0.5562065,-0.2928653,-0.7123684,-0.24245985,-0.50544554,-0.20414563,-0.34335726,T
0.0,0.0,0.32610077,-0.100644134,0.6098523,-0.3115375,0.7244218,-0.56295687,0.7439295,-0.8042467,0.34111786,-0.6857669,0.30811104,-0.9315641,0.22344613,-1.0,0.13561824,-0.99277526,0.12352692,-0.6867286,0.103314824,-0.87813234,0.09045423,-0.60219395,0.09953828,-0.38950026,-0.08130317,-0.63947225,-0.106837235,-0.8191182,-0.08792822,-0.5415824,-0.06463737,-0.34499624,-0.28517494,-0.5552285,-0.28960922,-0.72051424,-0.24447119,-0.5179579,-0.21170233,-0.3586109,T
0.0,0.0,0.3317766,-0.09751877,0.64598966,-0.31322178,0.7605235,-0.56958777,0.77711123,-0.8155666,0.36443987,-0.70610535,0.3348099,-0.9282179,0.2633489,-1.0,0.194655,-0.9979182,0.14214197,-0.71216667,0.13109308,-0.90327066,0.10363459,-0.62956595,0.10481872,-0.39420325,-0.06598745,-0.66950387,-0.08142422,-0.8348669,-0.070942685,-0.5545844,-0.049306523,-0.3381663,-0.27582645,-0.590236,-0.27462536,-0.7423993,-0.2297183,-0.54024875,-0.19160514,-0.37223652,T
0.0,0.0,0.32364088,-0.1078202,0.6126646,-0.3215116,0.7119639,-0.5756752,0.73676914,-0.80525887,0.33948594,-0.6810451,0.31762108,-0.90589404,0.2445635,-0.98928237,0.1624016,-1.0,0.12478113,-0.68789196,0.10649576,-0.863626,0.091464706,-0.5963708,0.101835,-0.3853182,-0.07472209,-0.64366037,-0.10547682,-0.81576395,-0.08491937,-0.54427505,-0.054835655,-0.35112426,-0.27724275,-0.55878764,-0.29024607,-0.71452713,-0.23951524,-0.5126788,-0.1919074,-0.35718784,T
0.0,0.0,0.30574122,-0.098798186,0.5931157,-0.31390947,0.7000616,-0.55175626,0.73318285,-0.77930677,0.3163515,-0.68045515,0.2943426,-0.89796495,0.2433614,-0.9906826,0.18800636,-1.0,0.11317835,-0.6807584,0.10047354,-0.8575102,0.08868255,-0.6092187,0.09395993,-0.39648542,-0.07928587,-0.6323707,-0.101091936,-0.80335015,-0.08053939,-0.5497729,-0.05603047,-0.35672376,-0.27375403,-0.5462937,-0.2799265,-0.7024397,-0.23363984,-0.5216312,-0.19727072,-0.37189475,T
0.0,0.0,0.3231355,-0.1046832,0.6092834,-0.3155151,0.71463776,-0.5639343,0.7483645,-0.7888868,0.33120853,-0.6465514,0.32093737,-0.87817377,0.27522618,-0.9653009,0.22464919,-1.0,0.13471049,-0.6530772,0.13258713,-0.8384876,0.12443406,-0.5940503,0.13460273,-0.40075818,-0.052175727,-0.61730474,-0.06125825,-0.800258,-0.045756355,-0.5376874,-0.025686301,-0.34895992,-0.24704671,-0.54908353,-0.24530758,-0.7010156,-0.20320624,-0.51144356,-0.16972859,-0.36026347,T
0.0,0.0,0.32306078,-0.09275781,0.6122878,-0.30698436,0.7153483,-0.55701864,0.7530977,-0.78343505,0.35196117,-0.66415596,0.33604708,-0.8792514,0.28861484,-0.9771154,0.24072728,-1.0,0.13945988,-0.67777866,0.1389364,-0.86824626,0.12480142,-0.61308235,0.13384068,-0.39276198,-0.059136987,-0.64171076,-0.057894543,-0.8158502,-0.053093504,-0.54615706,-0.035992384,-0.34094325,-0.25908074,-0.5673763,-0.2471567,-0.71456057,-0.20744704,-0.5147836,-0.17238306,-0.3494331,T
0.0,0.0,0.3098498,-0.104579605,0.58925694,-0.3171768,0.6875424,-0.55654806,0.7120819,-0.7738004,0.33344683,-0.6507918,0.32505727,-0.85618395,0.27411258,-0.9565573,0.22019109,-1.0,0.13175717,-0.6597581,0.13136588,-0.8610593,0.11344905,-0.6112246,0.11700223,-0.4007391,-0.05800232,-0.622181,-0.061150726,-0.81019723,-0.05644413,-0.54811937,-0.041299034,-0.35579887,-0.25222528,-0.54544973,-0.23958932,-0.7130582,-0.20539007,-0.5200574,-0.17772365,-0.36242852,T
0.0,0.0,0.329422,-0.080374226,0.6145005,-0.30599973,0.72271866,-0.56165344,0.7556487,-0.79648787,0.362185,-0.68322986,0.33138263,-0.9332583,0.27787766,-1.0,0.2218055,-0.9727835,0.14310135,-0.6886479,0.13306099,-0.87915784,0.11751658,-0.62118185,0.12366296,-0.4050663,-0.061012182,-0.6480269,-0.06880937,-0.8255407,-0.0598422,-0.5556129,-0.040816173,-0.3533953,-0.2631985,-0.570116,-0.2540832,-0.7266183,-0.21884581,-0.52744913,-0.18870565,-0.36302114,T
0.0,0.0,0.3108181,-0.105378255,0.5843941,-0.33244267,0.6746162,-0.58930105,0.71300125,-0.81417865,0.33261454,-0.6600881,0.32045427,-0.86244327,0.26312822,-0.96068263,0.20461667,-1.0,0.13023968,-0.67505,0.12976158,-0.8786155,0.11212696,-0.62534344,0.10939379,-0.40885282,-0.061277516,-0.64428335,-0.0658011,-0.83068436,-0.057692908,-0.5575823,-0.045120824,-0.35588798,-0.25984246,-0.5721709,-0.24216484,-0.74018633,-0.20488103,-0.5439409,-0.18070994,-0.38075924,T
0.0,0.0,0.32361922,-0.089641355,0.6027493,-0.3032103,0.6997609,-0.5530337,0.74141246,-0.78561103,0.3500057,-0.65409225,0.33329946,-0.86687773,0.2665908,-0.97191155,0.18910442,-1.0,0.13685001,-0.66733044,0.12603185,-0.8399762,0.11410957,-0.5855056,0.118154,-0.37154004,-0.064583085,-0.62501556,-0.073291115,-0.8000364,-0.060228977,-0.53082764,-0.039378673,-0.3298236,-0.26334724,-0.5402154,-0.2569467,-0.6939281,-0.21699321,-0.4978759,-0.18430582,-0.33352846,T
0.0,0.0,0.32581738,-0.103363276,0.61263305,-0.33092025,0.71144015,-0.58978754,0.7345557,-0.8235222,0.34492326,-0.68811566,0.32248574,-0.91148925,0.26547742,-0.99394995,0.20311329,-1.0,0.13108361,-0.69718504,0.11944645,-0.8938863,0.104333915,-0.6288867,0.109424666,-0.40089038,-0.06504475,-0.6571828,-0.082527384,-0.8437457,-0.07196519,-0.56331444,-0.05014875,-0.35357347,-0.26093656,-0.5725682,-0.2605021,-0.73539656,-0.22543031,-0.52968657,-0.19172278,-0.35950446,T
0.0,0.0,0.31785032,-0.08986582,0.59049314,-0.33615652,0.68695647,-0.594336,0.7228924,-0.8161188,0.3331739,-0.6819887,0.30929232,-0.92358565,0.2447647,-1.0,0.16636114,-0.98322767,0.12524049,-0.67831606,0.1103945,-0.86729497,0.104532786,-0.60306144,0.115371466,-0.3877293,-0.066405594,-0.6313298,-0.0808045,-0.82366586,-0.06385766,-0.5544833,-0.042377412,-0.35585174,-0.25896433,-0.5503643,-0.25356817,-0.713845,-0.21432866,-0.51721925,-0.1838779,-0.35801056,T
0.0,0.0,0.32722214,-0.120441124,0.6016056,-0.35862944,0.6802684,-0.6103267,0.7132348,-0.8233137,0.32856205,-0.6791364,0.30536184,-0.89902663,0.23889366,-0.98349166,0.1683675,-1.0,0.12348615,-0.68171644,0.11684016,-0.8741937,0.10466986,-0.62549436,0.10529881,-0.40736988,-0.06507843,-0.64034724,-0.08025026,-0.82917094,-0.06331066,-0.5653909,-0.04286545,-0.36168522,-0.25809494,-0.55640846,-0.2583349,-0.7219176,-0.21488,-0.5338478,-0.18067385,-0.37273407,T
0.0,0.0,0.33590898,-0.11316014,0.6247786,-0.35801768,0.7173382,-0.61056036,0.7395097,-0.8389067,0.3326218,-0.70378476,0.27534118,-0.9181323,0.23903328,-1.0,0.2200677,-0.984163,0.11972571,-0.7045554,0.120683365,-0.90113485,0.10525181,-0.63896203,0.11436344,-0.41226035,-0.075471476,-0.6638782,-0.08473086,-0.8384416,-0.07406513,-0.5690887,-0.050137527,-0.37378842,-0.27509865,-0.58195925,-0.27607727,-0.73029166,-0.23582698,-0.526768,-0.19681074,-0.37036473,T
0.0,0.0,0.14401503,-0.11474387,0.170088,-0.3151158,0.04542468,-0.44849998,-0.0934918,-0.49780828,0.10566877,-0.46032465,0.09858534,-0.6902092,0.084063806,-0.8303666,0.060807448,-0.94415516,-0.0027631652,-0.44788644,-0.032586455,-0.7092269,-0.03377711,-0.873474,-0.049676653,-1.0,-0.1012906,-0.39077273,-0.106762685,-0.51150674,-0.030570664,-0.39983112,0.0011437018,-0.30620876,-0.19220524,-0.3093651,-0.15105058,-0.41164023,-0.07040879,-0.3359332,-0.038147863,-0.25599584,U
0.0,0.0,0.11580866,-0.12705354,0.13196905,-0.33497545,-0.008064285,-0.45173752,-0.14516567,-0.48996893,0.10409192,-0.50312114,0.10472279,-0.72070605,0.09092308,-0.86021185,0.06986527,-0.9684065,-0.016033975,-0.48086032,-0.021120958,-0.72327715,-0.021625452,-0.8767141,-0.03358684,-1.0,-0.1250531,-0.4118176,-0.13973276,-0.53217334,-0.08143007,-0.40653116,-0.052978326,-0.3073445,-0.23046336,-0.31117725,-0.20931965,-0.4195577,-0.14751141,-0.32036605,-0.12372374,-0.22565363,U
0.0,0.0,0.12649335,-0.13748771,0.14444871,-0.34061515,0.0010608591,-0.4511359,-0.13361792,-0.4871761,0.118505314,-0.5201043,0.12058653,-0.7268004,0.1079112,-0.8598501,0.08630033,-0.96512747,-5.8497953e-05,-0.50165445,-0.0006421134,-0.737273,-0.0066092196,-0.88232803,-0.024455318,-1.0,-0.11239262,-0.4335692,-0.13568206,-0.5497048,-0.0772418,-0.41882867,-0.04817784,-0.32417342,-0.21986495,-0.33151436,-0.20268601,-0.43497723,-0.13931823,-0.33392456,-0.11541594,-0.24601375,U
0.0,0.0,0.12862015,-0.13646986,0.15848224,-0.34205443,0.014827048,-0.4559737,-0.121958554,-0.49060574,0.12702864,-0.52883846,0.12957984,-0.73827624,0.11613771,-0.87252426,0.09147088,-0.9774762,0.0060376297,-0.5078814,0.012339556,-0.7451081,0.00581914,-0.8878309,-0.013501028,-1.0,-0.106424674,-0.44063562,-0.12330236,-0.5488035,-0.06748711,-0.4195855,-0.037027035,-0.32424083,-0.2140503,-0.34273624,-0.19863555,-0.4413658,-0.13674895,-0.34013432,-0.10863171,-0.251448,U
0.0,0.0,0.1289906,-0.13967776,0.15846442,-0.34302035,0.01719314,-0.45909432,-0.11414504,-0.4974049,0.1323727,-0.52409065,0.13866536,-0.72448456,0.12905796,-0.85403997,0.11019477,-0.95621866,0.010823366,-0.5057926,0.011380222,-0.7409966,0.004056091,-0.88582367,-0.012709925,-1.0,-0.10127926,-0.44064838,-0.11914731,-0.5485699,-0.06278503,-0.42430446,-0.031682517,-0.33250603,-0.20689766,-0.34567255,-0.18469472,-0.44021034,-0.12584,-0.34009993,-0.100974604,-0.25561598,U
0.0,0.0,0.12816475,-0.13524926,0.15854962,-0.34696734,0.01230866,-0.46259576,-0.12442239,-0.49496037,0.13079728,-0.5292375,0.13686594,-0.73620176,0.12969583,-0.86490685,0.10980134,-0.9641977,0.008963026,-0.5091826,0.010784141,-0.7471428,0.007640193,-0.8881404,-0.012204403,-1.0,-0.10189005,-0.44291997,-0.120652184,-0.5462656,-0.059093494,-0.4218291,-0.028343586,-0.33366024,-0.20761596,-0.3483213,-0.18568973,-0.43728292,-0.12412471,-0.3380526,-0.100631766,-0.25752607,U
0.0,0.0,0.13521747,-0.14179698,0.16502295,-0.34844962,0.018100277,-0.4595964,-0.11917783,-0.49522802,0.13406602,-0.5190165,0.14696649,-0.7231635,0.14009939,-0.85066813,0.12305361,-0.9514487,0.011406658,-0.50319016,0.012856078,-0.7437278,0.011950803,-0.88673925,0.0005011686,-1.0,-0.100621454,-0.4422311,-0.115589045,-0.54993373,-0.054497458,-0.42743668,-0.023595529,-0.33772996,-0.20564707,-0.35304978,-0.183111,-0.4406586,-0.121091366,-0.34411627,-0.09591908,-0.2615613,U
0.0,0.0,0.12649043,-0.13368942,0.15634955,-0.33734366,0.01414894,-0.45482126,-0.11962904,-0.4947296,0.12977351,-0.529319,0.13966884,-0.7278942,0.13196377,-0.8545513,0.11521223,-0.955307,0.0072666258,-0.51137555,0.0053838473,-0.7479832,0.0036384272,-0.8863778,-0.008404111,-1.0,-0.10455974,-0.44557086,-0.11297912,-0.5527655,-0.057994448,-0.43142432,-0.03346379,-0.34577134,-0.21109629,-0.34928307,-0.17818111,-0.43589777,-0.11770357,-0.33441383,-0.09642829,-0.2532417,U
0.0,0.0,0.14114542,-0.13729568,0.1715387,-0.34624496,0.02759158,-0.46467835,-0.109693915,-0.4962643,0.14120503,-0.5286615,0.15303412,-0.7304894,0.14366023,-0.8574133,0.1261977,-0.958949,0.018502528,-0.5085471,0.022112515,-0.7414584,0.01869236,-0.88378435,0.004517855,-1.0,-0.093802854,-0.4433794,-0.10972432,-0.54932815,-0.052921653,-0.42440015,-0.024383739,-0.3329684,-0.2006803,-0.34960997,-0.1734776,-0.4400984,-0.11480404,-0.33898085,-0.09130773,-0.25440818,U
0.0,0.0,0.13361298,-0.1348448,0.1435832,-0.3463192,-0.0005927339,-0.46994284,-0.14014135,-0.49914175,0.12285907,-0.5110927,0.13162944,-0.72810996,0.123589665,-0.860871,0.108245894,-0.96619797,0.0022974652,-0.4910181,0.0032170885,-0.72872084,0.007026587,-0.88046527,-0.00054222293,-1.0,-0.10982881,-0.4234213,-0.1329739,-0.5329706,-0.07029134,-0.4174503,-0.034476347,-0.31752893,-0.21973968,-0.32591927,-0.19982012,-0.437405,-0.13194558,-0.3449307,-0.09835085,-0.2470608,U
0.0,0.0,0.1329741,-0.13343093,0.16208725,-0.33791193,0.022348322,-0.45015955,-0.11707501,-0.48825037,0.13472305,-0.5197801,0.14300956,-0.72199833,0.13534096,-0.8538662,0.119131364,-0.95777065,0.012028251,-0.5029301,0.013249266,-0.74272823,0.013498894,-0.8856724,0.002657525,-1.0,-0.10098708,-0.43665168,-0.1200438,-0.54529506,-0.062007204,-0.41217253,-0.033154596,-0.31794193,-0.2091987,-0.33765408,-0.1914433,-0.4373362,-0.12761004,-0.33188826,-0.102279775,-0.24188645,U
0.0,0.0,0.12899451,-0.13117982,0.16061188,-0.33254036,0.020120174,-0.4462154,-0.11345945,-0.48778325,0.13825808,-0.5281278,0.14510621,-0.724661,0.13681136,-0.85149825,0.1189491,-0.95340025,0.017563233,-0.5127844,0.019869559,-0.7452026,0.015310493,-0.8840284,-0.0021677397,-1.0,-0.09404868,-0.44723558,-0.11321359,-0.5497874,-0.061320215,-0.41941318,-0.03761435,-0.33055592,-0.20027994,-0.3489681,-0.17982222,-0.4349668,-0.12413781,-0.3313999,-0.10640215,-0.25021398,U
0.0,0.0,0.13309687,-0.13640156,0.16016835,-0.3417712,0.01530763,-0.45874003,-0.11929847,-0.49713764,0.13646196,-0.5226002,0.14732319,-0.7224162,0.13900292,-0.8489769,0.12150756,-0.9522972,0.01406464,-0.50661165,0.013877694,-0.7411428,0.013555292,-0.8828912,0.0026639218,-1.0,-0.098473325,-0.44386306,-0.11511,-0.5535302,-0.057234984,-0.4277112,-0.029488603,-0.3366368,-0.20433928,-0.351788,-0.1770826,-0.44070303,-0.11881429,-0.34073067,-0.09849841,-0.25825754,U
0.0,0.0,0.12674247,-0.14255212,0.15443999,-0.34585226,0.010525407,-0.46066475,-0.122375034,-0.5030183,0.12417248,-0.5218821,0.13857472,-0.7258466,0.13285422,-0.8554309,0.11731353,-0.9602323,0.0019657977,-0.5069091,0.010514858,-0.74028116,0.006628319,-0.88405085,-0.008248241,-1.0,-0.11049162,-0.44613734,-0.1253667,-0.5504979,-0.06484954,-0.4269657,-0.029992927,-0.33286935,-0.21688049,-0.35624975,-0.19648081,-0.45053118,-0.130866,-0.3554018,-0.09788533,-0.26986352,U
0.0,0.0,0.13196509,-0.14049058,0.15894808,-0.3375636,0.016541563,-0.45322195,-0.1148905,-0.5005364,0.1271536,-0.510751,0.13948244,-0.71697104,0.13216038,-0.8492974,0.11696331,-0.9553948,0.0057932176,-0.4941411,0.0076374905,-0.7365228,0.0026275308,-0.883511,-0.012171324,-1.0,-0.10624228,-0.43159,-0.12341642,-0.5520824,-0.062206138,-0.4220262,-0.029525466,-0.32083103,-0.21388033,-0.33888772,-0.19728054,-0.4551315,-0.13294156,-0.35585284,-0.10425875,-0.26158416,U
0.0,0.0,0.12947421,-0.13426125,0.16242962,-0.33533633,0.020116592,-0.44782108,-0.11144299,-0.48913434,0.12751316,-0.5217043,0.13648929,-0.71801,0.12619692,-0.84438556,0.10746549,-0.9453064,0.003985829,-0.50540096,0.002710366,-0.7391683,-0.0026544065,-0.88380057,-0.01744325,-1.0,-0.10734329,-0.44205257,-0.11707582,-0.53502053,-0.060529783,-0.40961182,-0.031605728,-0.3193969,-0.21212463,-0.3499918,-0.18334188,-0.43338463,-0.12321255,-0.33359426,-0.09885903,-0.25264403,U
0.0,0.0,0.13158357,-0.13921909,0.1630966,-0.34426314,0.0215669,-0.4595326,-0.11280516,-0.49885532,0.12220088,-0.53912055,0.13106853,-0.73429364,0.12117163,-0.8619689,0.104562856,-0.96565986,0.0021157772,-0.52001196,-0.0021806317,-0.7475218,-0.0034466314,-0.8865664,-0.012709756,-1.0,-0.10642833,-0.45137805,-0.11443111,-0.5506877,-0.057006568,-0.42422706,-0.029941685,-0.33410215,-0.20954119,-0.35177848,-0.18330385,-0.43892562,-0.120863356,-0.33827773,-0.096172445,-0.25466383,U
0.0,0.0,0.13377325,-0.14370294,0.16189249,-0.3498536,0.010045352,-0.4631763,-0.122770995,-0.49274266,0.12359387,-0.53328145,0.12805009,-0.7309843,0.11492921,-0.85777307,0.09256972,-0.96121144,0.0027216421,-0.5141733,0.007198642,-0.7397502,0.0002048132,-0.8824947,-0.018357417,-1.0,-0.10611491,-0.44961193,-0.12434857,-0.5501603,-0.066436596,-0.42212227,-0.0332677,-0.32978708,-0.20968743,-0.3563601,-0.18997824,-0.44523674,-0.12924613,-0.34610596,-0.10016026,-0.26305115,U
0.0,0.0,0.12918966,-0.14226414,0.15233701,-0.34535354,0.010476199,-0.45687905,-0.12158742,-0.485551,0.120456405,-0.52768177,0.1287369,-0.7221502,0.11909715,-0.8478011,0.09923924,-0.9479441,0.0005506945,-0.5084277,-0.0004535163,-0.73957026,-0.007635207,-0.8838829,-0.026768252,-1.0,-0.106842875,-0.44154555,-0.13135213,-0.5369773,-0.06984577,-0.41327193,-0.03342806,-0.32078478,-0.20667468,-0.3470079,-0.1912898,-0.4357352,-0.13040075,-0.33958656,-0.09980989,-0.2570755,U
0.0,0.0,0.13453192,-0.13585536,0.15448415,-0.3425358,0.006307685,-0.45888016,-0.1347462,-0.49583548,0.12100623,-0.506404,0.12294766,-0.7178985,0.10970317,-0.8546419,0.09007301,-0.96422136,-0.0028625962,-0.4895042,-0.0092174215,-0.7267683,-0.015196772,-0.87983173,-0.02949243,-1.0,-0.11260024,-0.42646328,-0.1404819,-0.53314584,-0.076595545,-0.41303834,-0.038984682,-0.31255817,-0.21687679,-0.33133385,-0.19959413,-0.43399224,-0.13353805,-0.3362376,-0.100756034,-0.23940396,U
0.0,0.0,0.12805755,-0.14808878,0.14901038,-0.34865308,0.006184642,-0.45795244,-0.12930423,-0.48909676,0.1212486,-0.5141608,0.12709515,-0.71638006,0.11481406,-0.8494724,0.096339,-0.95581853,-0.00022576061,-0.49711436,-0.005982515,-0.73252827,-0.016470179,-0.8813555,-0.033961,-1.0,-0.11097098,-0.43391025,-0.143703,-0.54095477,-0.08242903,-0.41407114,-0.043796316,-0.3154474,-0.21467991,-0.3413176,-0.20982012,-0.44335052,-0.14778416,-0.34641612,-0.11516726,-0.25680125,U
0.0,0.0,0.12841359,-0.15380074,0.14968896,-0.35127422,0.008475188,-0.46088505,-0.12807022,-0.5034418,0.11942132,-0.5268693,0.12237524,-0.72837895,0.1108348,-0.8559875,0.09039619,-0.9581805,-0.0021525945,-0.50664437,-0.008848002,-0.742887,-0.016805371,-0.8863806,-0.03534065,-1.0,-0.1114482,-0.43843383,-0.13351348,-0.5311561,-0.072697386,-0.41205305,-0.03924295,-0.32236966,-0.21209998,-0.34188643,-0.19301747,-0.42756096,-0.1303233,-0.33359823,-0.10160884,-0.25069118,U
0.0,0.0,0.1279178,-0.16469072,0.14702904,-0.36720884,0.0011727816,-0.48433816,-0.13618706,-0.5214781,0.11848442,-0.5219289,0.1209915,-0.7277814,0.10441558,-0.85286593,0.081829354,-0.9562615,-0.0011258565,-0.49985364,-0.012810481,-0.7369753,-0.022282505,-0.8813136,-0.041061714,-1.0,-0.1091047,-0.4316798,-0.13772616,-0.5380916,-0.072519936,-0.42275676,-0.036700442,-0.33268705,-0.20884605,-0.33534724,-0.19412903,-0.4343606,-0.13142644,-0.34978613,-0.10556154,-0.26850006,U
0.0,0.0,0.12641491,-0.16459781,0.14391273,-0.36400676,-0.005432701,-0.47718003,-0.14189154,-0.5120551,0.110142455,-0.5220144,0.11198961,-0.7250355,0.09783936,-0.85026294,0.07550901,-0.95246595,-0.010282889,-0.49603245,-0.023995416,-0.7345233,-0.035717156,-0.8797572,-0.05872407,-1.0,-0.118659735,-0.42470405,-0.14199561,-0.53280604,-0.0721487,-0.41508773,-0.034932867,-0.32388037,-0.22118475,-0.3239969,-0.2066907,-0.43316388,-0.14084135,-0.34917212,-0.11270411,-0.267584,U
0.0,0.0,0.1251616,-0.17342909,0.14363134,-0.37765476,-0.0029238195,-0.49150765,-0.13902418,-0.519308,0.10957857,-0.53487986,0.11188201,-0.7376059,0.097888984,-0.8618731,0.07493566,-0.96388936,-0.011309456,-0.5088225,-0.026178595,-0.74124974,-0.03613183,-0.8815927,-0.05762233,-1.0,-0.1212391,-0.43724132,-0.13597335,-0.5410258,-0.0696978,-0.42281303,-0.037650395,-0.33481935,-0.2230156,-0.33686164,-0.1975862,-0.43569008,-0.13495226,-0.34857917,-0.11403833,-0.26924446,U
0.0,0.0,0.13548766,-0.16186503,0.15728047,-0.3688132,0.00024291486,-0.4838334,-0.14171481,-0.5125186,0.10923278,-0.52255833,0.10939668,-0.729699,0.09523773,-0.8558002,0.07424982,-0.9595139,-0.011846743,-0.49842232,-0.03175035,-0.7406756,-0.0399603,-0.8843284,-0.059163895,-1.0,-0.118853755,-0.4289073,-0.13638394,-0.54396856,-0.063957624,-0.42311245,-0.028614499,-0.32816046,-0.21751027,-0.3306638,-0.19572952,-0.43973017,-0.12747242,-0.3518767,-0.1023104,-0.2662029,U
0.0,0.0,0.12282497,-0.16613147,0.13062632,-0.3725193,-0.018908232,-0.49154174,-0.15242337,-0.5271288,0.08930335,-0.51247245,0.09069493,-0.71669483,0.07548893,-0.84304816,0.050147105,-0.9467711,-0.026512543,-0.48537102,-0.048491694,-0.7305459,-0.058538046,-0.87650853,-0.08183972,-1.0,-0.13267279,-0.4132421,-0.14233083,-0.53418875,-0.067828484,-0.41746044,-0.035644393,-0.327699,-0.23332614,-0.3123562,-0.2009003,-0.4263997,-0.13276076,-0.3454998,-0.11367192,-0.2669725,U
0.0,0.0,0.12716357,-0.17334065,0.1394268,-0.37915978,-0.008869346,-0.4962387,-0.14667146,-0.51763517,0.08491389,-0.5140689,0.07991127,-0.72154737,0.062384322,-0.8496588,0.037848234,-0.9539113,-0.031223038,-0.4888138,-0.057832103,-0.73604554,-0.07065166,-0.8835623,-0.091993876,-1.0,-0.13657914,-0.4173662,-0.15253454,-0.53902316,-0.08037419,-0.42546818,-0.04374514,-0.33017877,-0.2362473,-0.31618723,-0.21962102,-0.43641618,-0.15075938,-0.35755846,-0.12356276,-0.27236545,U
0.0,0.0,0.12469566,-0.1769362,0.14186494,-0.38160166,-0.005914086,-0.49566567,-0.14763744,-0.5219497,0.07960539,-0.54501766,0.07134569,-0.74855673,0.04919413,-0.87398684,0.018662006,-0.9760116,-0.035499707,-0.5135928,-0.055636607,-0.746383,-0.06512801,-0.8849366,-0.086616546,-1.0,-0.14024052,-0.43586308,-0.14857785,-0.54505056,-0.074556254,-0.430158,-0.03899529,-0.33870044,-0.24104366,-0.32727855,-0.21433051,-0.4358167,-0.14371888,-0.34931707,-0.11768057,-0.26371166,U
0.0,0.0,0.1286893,-0.16627343,0.1452674,-0.38042152,-0.010820878,-0.49527904,-0.15898724,-0.5178866,0.08292304,-0.51706237,0.06963495,-0.7365894,0.04353745,-0.87222487,0.010777652,-0.9800957,-0.033994377,-0.49089032,-0.05869132,-0.73467207,-0.064100094,-0.88136804,-0.081781514,-1.0,-0.1408253,-0.42020324,-0.1587618,-0.5560445,-0.08192686,-0.43952206,-0.04453747,-0.33778003,-0.24195917,-0.3185479,-0.22105312,-0.43905318,-0.1426354,-0.35547504,-0.107638486,-0.26171193,U
0.0,0.0,0.12703119,-0.1664897,0.14912827,-0.37580383,0.0031105953,-0.48750985,-0.13711527,-0.51819795,0.07728293,-0.53830284,0.07496873,-0.7452341,0.05710516,-0.87514645,0.026931787,-0.9777618,-0.0390844,-0.5067526,-0.055480033,-0.74452597,-0.0641823,-0.8879883,-0.08693834,-1.0,-0.14487793,-0.42928985,-0.15349147,-0.5429906,-0.077819936,-0.4278485,-0.041696403,-0.33089164,-0.24385554,-0.32244498,-0.21995923,-0.44204882,-0.14445001,-0.3586523,-0.11278681,-0.26892817,U
0.0,0.0,0.12814432,-0.16591118,0.15417655,-0.37761396,0.010727217,-0.4947014,-0.13230243,-0.5183679,0.085827716,-0.5364173,0.08336871,-0.7370729,0.068344414,-0.8612867,0.043987274,-0.9627321,-0.03213099,-0.5131193,-0.052170523,-0.748246,-0.058035873,-0.88951975,-0.07472073,-1.0,-0.13987124,-0.44123954,-0.14359981,-0.54822564,-0.07235869,-0.43353397,-0.039201654,-0.3400424,-0.24023174,-0.34083405,-0.20841753,-0.44316173,-0.13829544,-0.36031613,-0.112620875,-0.27700073,U
0.0,0.0,0.12993585,-0.18210976,0.14983946,-0.38975555,0.010711112,-0.5029843,-0.12454273,-0.5221875,0.08328959,-0.52337116,0.08089345,-0.73029745,0.06255016,-0.8581937,0.03753581,-0.96211755,-0.031674013,-0.49801263,-0.054023545,-0.73755354,-0.059878573,-0.8841322,-0.074492596,-1.0,-0.13961968,-0.42823288,-0.14268728,-0.54756045,-0.06516501,-0.43377486,-0.027817324,-0.3367883,-0.2411103,-0.32981905,-0.20957913,-0.44508293,-0.1348052,-0.36962605,-0.10551196,-0.28552645,U
0.0,0.0,0.14657612,-0.16204162,0.1800072,-0.36935642,0.029232137,-0.49004728,-0.1098315,-0.51733834,0.094275035,-0.52217346,0.09354707,-0.72862905,0.07792668,-0.8583531,0.055969927,-0.9629645,-0.024146538,-0.49627104,-0.04057221,-0.7453212,-0.045673743,-0.890813,-0.059795424,-1.0,-0.13001783,-0.4247542,-0.13362104,-0.54208624,-0.059755787,-0.42882305,-0.021839343,-0.32883358,-0.23130658,-0.3247347,-0.20111676,-0.44348472,-0.12779878,-0.36031884,-0.09619298,-0.26917967,U
0.0,0.0,0.1401283,-0.15948686,0.17382257,-0.36667186,0.02790199,-0.4807394,-0.11480692,-0.5047556,0.09714241,-0.5342624,0.09690091,-0.73444974,0.08349549,-0.8618917,0.061540484,-0.96258706,-0.02221287,-0.50884557,-0.04049599,-0.7445812,-0.045543198,-0.888591,-0.060227863,-1.0,-0.13009751,-0.43615118,-0.12559737,-0.54397684,-0.054421462,-0.42908123,-0.020677725,-0.33219418,-0.23388746,-0.33447388,-0.19574079,-0.44016916,-0.124034025,-0.3542357,-0.09562226,-0.26505727,U
0.0,0.0,0.1356742,-0.16211334,0.16438979,-0.37067628,0.019651394,-0.48873827,-0.12200184,-0.51103485,0.09049259,-0.52791405,0.09161725,-0.73240966,0.07620196,-0.86131567,0.05301511,-0.9653506,-0.028327974,-0.5016367,-0.050279036,-0.73954093,-0.05783213,-0.88430685,-0.07431378,-1.0,-0.13799441,-0.4294026,-0.12798832,-0.54435885,-0.05801029,-0.42751575,-0.02956441,-0.33102447,-0.24165165,-0.32771415,-0.19605348,-0.44204295,-0.12533142,-0.35508335,-0.10326943,-0.26471975,U
0.0,0.0,0.13837543,-0.16575551,0.16530345,-0.37381986,0.025542518,-0.48822582,-0.11408609,-0.5071058,0.09182331,-0.53400105,0.090531126,-0.7383794,0.07528891,-0.8691128,0.050952323,-0.9710809,-0.02555024,-0.5092315,-0.043476555,-0.74829817,-0.052492525,-0.8926764,-0.07112167,-1.0,-0.1332849,-0.43823993,-0.1352784,-0.5537255,-0.06694881,-0.4411978,-0.03392005,-0.3416018,-0.23533842,-0.33835986,-0.20302597,-0.4540749,-0.12949878,-0.36910933,-0.09730629,-0.27498174,U
0.0,0.0,0.12895055,-0.15570334,0.15792578,-0.36471632,0.0114660915,-0.48046118,-0.13405941,-0.5078442,0.08189748,-0.5348165,0.08620625,-0.73149353,0.07443365,-0.8546382,0.051081117,-0.95385885,-0.03743199,-0.5108911,-0.05659958,-0.7485639,-0.06308619,-0.8883547,-0.08294032,-1.0,-0.14132151,-0.43885657,-0.13794732,-0.53276867,-0.06742426,-0.4142636,-0.037343305,-0.32270095,-0.23838434,-0.3377714,-0.20291936,-0.43234453,-0.1314747,-0.34522745,-0.10401801,-0.26271746,U
0.0,0.0,0.13116069,-0.17070995,0.14885397,-0.37951094,0.006482793,-0.4974546,-0.1341293,-0.5160083,0.07974512,-0.5171128,0.07974461,-0.72797513,0.06329486,-0.8570695,0.03838659,-0.9596875,-0.033377316,-0.49550936,-0.05560884,-0.7443343,-0.059939686,-0.88961303,-0.07308996,-1.0,-0.13674995,-0.42968413,-0.13739862,-0.5507336,-0.07054027,-0.44434875,-0.040601555,-0.34933978,-0.23283881,-0.3351833,-0.20188482,-0.4516016,-0.13079877,-0.36984688,-0.10160008,-0.27855873,U
0.0,0.0,0.12587705,-0.1534026,0.14660129,-0.36398703,0.0055138543,-0.48781645,-0.1321927,-0.5052755,0.07584145,-0.522057,0.07274384,-0.7300218,0.05342094,-0.8592321,0.02748798,-0.9600445,-0.04169223,-0.49652192,-0.06459002,-0.7398021,-0.072608225,-0.89026827,-0.08841672,-1.0,-0.14590251,-0.42465788,-0.15432142,-0.53349704,-0.077922314,-0.44915763,-0.03469679,-0.36115947,-0.2447296,-0.32471955,-0.21720903,-0.4206907,-0.13961044,-0.3489446,-0.09746946,-0.26137,U
0.0,0.0,0.1307553,-0.16220476,0.1462271,-0.37036374,-0.0029778834,-0.4819384,-0.14678101,-0.49548352,0.07809232,-0.5353028,0.07496671,-0.7357303,0.058629386,-0.8605784,0.033863064,-0.9625087,-0.038663633,-0.5093528,-0.05664347,-0.7448344,-0.06487917,-0.8863491,-0.085688636,-1.0,-0.14357148,-0.4344395,-0.14929429,-0.5430941,-0.07685558,-0.42443904,-0.043410886,-0.32748944,-0.2409075,-0.3274981,-0.2164748,-0.4403106,-0.1435221,-0.35405257,-0.11368037,-0.26445252,U
0.0,0.0,0.122161604,-0.15695147,0.1415523,-0.35967386,0.006327137,-0.46719307,-0.13015953,-0.48865205,0.07333446,-0.5362636,0.0696601,-0.7381553,0.053855002,-0.8640033,0.026476488,-0.96200806,-0.04063216,-0.50696486,-0.056582566,-0.7430045,-0.06904753,-0.88756824,-0.09544211,-1.0,-0.14294837,-0.4310103,-0.15083772,-0.52980834,-0.08068358,-0.4147734,-0.044668447,-0.3208573,-0.23819393,-0.3256274,-0.21265674,-0.4256939,-0.1427117,-0.34113705,-0.11259126,-0.256393,U
0.0,0.0,0.12733467,-0.16195096,0.14654063,-0.3691188,0.0028770138,-0.482997,-0.13106285,-0.50993764,0.07752134,-0.53404546,0.06662523,-0.73980004,0.045330856,-0.86802405,0.015820812,-0.9702616,-0.036533434,-0.5077753,-0.06181346,-0.7428466,-0.073288366,-0.88771564,-0.09243728,-1.0,-0.14049894,-0.43479484,-0.14304513,-0.5377024,-0.07236666,-0.42321843,-0.037077155,-0.3307109,-0.23723356,-0.33222678,-0.20431101,-0.4348619,-0.1370597,-0.34822196,-0.112470254,-0.26303676,U
0.0,0.0,0.12448986,-0.16070864,0.13678092,-0.36423856,-0.0026111007,-0.47674593,-0.13784252,-0.5062663,0.0806182,-0.5145178,0.076962404,-0.7254407,0.05838277,-0.8531015,0.030470109,-0.955606,-0.032920893,-0.49200574,-0.05720948,-0.73881024,-0.06864609,-0.8858051,-0.09106596,-1.0,-0.13809505,-0.42489734,-0.14686239,-0.54788375,-0.07547442,-0.4332405,-0.042917106,-0.3373871,-0.23543127,-0.32969606,-0.2083185,-0.4466584,-0.13768452,-0.36326066,-0.1105924,-0.27454308,U
0.0,0.0,0.12089757,-0.16792825,0.13650559,-0.3678274,-0.00546691,-0.47486025,-0.14091308,-0.5045041,0.08098995,-0.5300832,0.07091866,-0.7415287,0.052822344,-0.8714063,0.02607613,-0.97285783,-0.034090273,-0.49950334,-0.061737005,-0.7429058,-0.07607496,-0.88872325,-0.09880643,-1.0,-0.13750331,-0.42571104,-0.14559291,-0.53419214,-0.079219304,-0.42801777,-0.047078885,-0.3368889,-0.23407169,-0.3264318,-0.20986497,-0.44049755,-0.14325032,-0.36103013,-0.115107864,-0.27464074,U
0.0,0.0,0.12475884,-0.15956753,0.1413768,-0.35826823,0.0049050916,-0.46923873,-0.13004224,-0.5068125,0.08393302,-0.53329915,0.075255804,-0.73453516,0.05630583,-0.8594905,0.028185956,-0.96071655,-0.030646091,-0.5090516,-0.05938885,-0.7476587,-0.07438207,-0.888922,-0.09729155,-1.0,-0.13430874,-0.43524548,-0.14337984,-0.53115463,-0.078516535,-0.41235965,-0.046225816,-0.31916004,-0.2298417,-0.3316879,-0.20652209,-0.42482457,-0.14217895,-0.3366333,-0.117383406,-0.2539047,U
0.0,0.0,0.12495568,-0.16443819,0.13473706,-0.37204087,-0.02145668,-0.4804149,-0.16201341,-0.5081428,0.08332968,-0.5335552,0.07224297,-0.7421861,0.048416086,-0.8687662,0.019225992,-0.9726749,-0.034715813,-0.50077903,-0.06677181,-0.7433259,-0.07845451,-0.88585526,-0.0974884,-1.0,-0.1378701,-0.42427215,-0.15163817,-0.5338479,-0.07879921,-0.42305455,-0.04455612,-0.33495566,-0.22977294,-0.32166904,-0.20301013,-0.42900833,-0.13602151,-0.34248853,-0.11415883,-0.25755057,U
0.0,0.0,0.12485725,-0.1658705,0.13841592,-0.36181864,-0.007669815,-0.46791992,-0.14164758,-0.5030057,0.086452134,-0.5178366,0.07463068,-0.7279497,0.054957323,-0.8590775,0.027914518,-0.9635075,-0.029680723,-0.4895356,-0.055391885,-0.73342997,-0.07026926,-0.88354075,-0.090746254,-1.0,-0.13410135,-0.41633365,-0.1477312,-0.518282,-0.07968897,-0.4076187,-0.041295253,-0.3144214,-0.2303182,-0.31628245,-0.20493147,-0.42004374,-0.13599037,-0.33876416,-0.10484704,-0.2542409,U
0.0,0.0,0.12059829,-0.1567697,0.13298191,-0.35960868,-0.013998738,-0.46993604,-0.15235364,-0.4971312,0.08316653,-0.52558064,0.0684535,-0.7390406,0.04877835,-0.8676021,0.020210188,-0.96971583,-0.0336048,-0.49822256,-0.06727596,-0.7441378,-0.08077893,-0.88926065,-0.10228655,-1.0,-0.13672501,-0.42504647,-0.14767888,-0.5224111,-0.07894153,-0.40846816,-0.044146236,-0.31959566,-0.22863694,-0.32516217,-0.2056319,-0.42459127,-0.14112356,-0.33838284,-0.11781537,-0.25607073,U
0.0,0.0,0.12746401,-0.14728075,0.14358436,-0.3428546,-0.0010359575,-0.44901463,-0.1399837,-0.47921684,0.08884204,-0.5232953,0.07616991,-0.73635125,0.05138825,-0.8681435,0.023031179,-0.9715676,-0.030396195,-0.49741164,-0.055363365,-0.7344558,-0.07370054,-0.8850536,-0.09757794,-1.0,-0.13714993,-0.42387477,-0.14752127,-0.5158649,-0.07881659,-0.40629536,-0.03977812,-0.3124737,-0.23499376,-0.32233298,-0.2070434,-0.40802297,-0.13828783,-0.3231132,-0.10486216,-0.23518416,U
0.0,0.0,0.12422144,-0.15893228,0.12854703,-0.3618758,-0.01687983,-0.46795875,-0.15004073,-0.49403313,0.08820611,-0.52877545,0.07299131,-0.7441255,0.050659895,-0.8775436,0.01773242,-0.98194534,-0.02480256,-0.4954878,-0.052194342,-0.7395082,-0.07127047,-0.8866799,-0.101511054,-1.0,-0.1291153,-0.41498262,-0.1519868,-0.5204407,-0.07856452,-0.41175118,-0.037871614,-0.32207814,-0.22624837,-0.30724415,-0.21109372,-0.41153002,-0.14092909,-0.32835558,-0.10939995,-0.24275963,U
0.0,0.0,0.12145803,-0.1563353,0.13126798,-0.35516942,-0.015325741,-0.46054962,-0.15138732,-0.48630026,0.08905091,-0.53149575,0.073240094,-0.7374604,0.050010514,-0.8667309,0.020007754,-0.96869725,-0.02755911,-0.50169474,-0.05830638,-0.7444601,-0.07846395,-0.8888987,-0.105557956,-1.0,-0.13034977,-0.42343336,-0.15795796,-0.53001755,-0.090240955,-0.4205409,-0.050423812,-0.32906163,-0.2240523,-0.31579414,-0.21173997,-0.409448,-0.14482568,-0.3259254,-0.111633986,-0.24329452,U
0.0,0.0,0.120301746,-0.15774474,0.13297215,-0.35635933,-0.012678916,-0.46316782,-0.14819252,-0.48805928,0.08499857,-0.5358707,0.070093445,-0.7446822,0.047118865,-0.8762043,0.018606616,-0.9816553,-0.033083543,-0.50370115,-0.059329614,-0.73945445,-0.08037879,-0.8862899,-0.10712707,-1.0,-0.1358616,-0.424405,-0.15909624,-0.527063,-0.09268702,-0.42420414,-0.05163562,-0.33340538,-0.22777925,-0.31699222,-0.21352759,-0.41525173,-0.14620833,-0.33575228,-0.109351985,-0.25140187,U
0.0,0.0,0.12147911,-0.152907,0.14255466,-0.34665897,-0.002375302,-0.44651031,-0.13982035,-0.47595495,0.092798784,-0.52348036,0.07882249,-0.73695534,0.05585028,-0.8666385,0.02587308,-0.97182107,-0.025781803,-0.49664184,-0.04736587,-0.7369615,-0.0676047,-0.8846732,-0.094699495,-1.0,-0.13011903,-0.4230344,-0.15052715,-0.52090263,-0.08291699,-0.40532625,-0.0416982,-0.31367558,-0.2225111,-0.32176343,-0.20450896,-0.41108766,-0.14025906,-0.32499442,-0.10881894,-0.24420907,U
0.0,0.0,0.12346222,-0.14859243,0.14853358,-0.35280272,0.0006307819,-0.46387824,-0.14292127,-0.48808175,0.09387249,-0.5487855,0.07668917,-0.7577372,0.054746352,-0.8858089,0.025132947,-0.98713624,-0.024943346,-0.51893884,-0.04883617,-0.75368243,-0.06525978,-0.89488,-0.087050915,-1.0,-0.1277761,-0.44155702,-0.14660934,-0.52454275,-0.08235483,-0.42036647,-0.039939716,-0.32921168,-0.22230747,-0.3372276,-0.21008046,-0.41470107,-0.14235848,-0.32790878,-0.10065195,-0.23910622,U
0.0,0.0,0.1166164,-0.15096693,0.14402746,-0.35064742,-0.0006949721,-0.45914543,-0.14216836,-0.48046517,0.09083472,-0.53451747,0.07629167,-0.7473088,0.056117248,-0.8741734,0.030400036,-0.9766504,-0.024791619,-0.50495726,-0.048276436,-0.7480158,-0.06430243,-0.89339477,-0.08504912,-1.0,-0.124277435,-0.42988005,-0.14065298,-0.5151052,-0.07721934,-0.41016805,-0.03602272,-0.31994724,-0.21505637,-0.33032978,-0.20143867,-0.4114549,-0.1382298,-0.32823554,-0.10203534,-0.2435776,U
0.0,0.0,0.11414677,-0.16020927,0.12722833,-0.3585853,-0.014043507,-0.4627089,-0.1528775,-0.4867851,0.098540805,-0.5312949,0.08040592,-0.7389198,0.057049938,-0.86575687,0.029709276,-0.97113204,-0.016142929,-0.5058366,-0.041060336,-0.74327064,-0.05885795,-0.88671625,-0.07952472,-1.0,-0.11947663,-0.43482336,-0.14490995,-0.5221379,-0.07829255,-0.40632468,-0.03346222,-0.3136888,-0.21435143,-0.33856928,-0.2076898,-0.42322728,-0.1416724,-0.33747703,-0.103021495,-0.2532608,U
0.0,0.0,0.115011215,-0.14407147,0.14037667,-0.33876574,0.009952784,-0.45721588,-0.122719936,-0.49329206,0.10269476,-0.53007334,0.089318395,-0.7386392,0.06593416,-0.8682201,0.039748937,-0.9734393,-0.012282007,-0.5066629,-0.03912931,-0.7431309,-0.058423374,-0.88934344,-0.07627457,-1.0,-0.11454075,-0.43543968,-0.13137023,-0.52520674,-0.073442616,-0.41674113,-0.032992758,-0.32460073,-0.20871773,-0.33624503,-0.19463684,-0.41553554,-0.13517627,-0.32722995,-0.09919763,-0.24145307,U
0.0,0.0,0.1168401,-0.14366096,0.14087209,-0.34505886,-0.0034606524,-0.46096602,-0.14264618,-0.48541236,0.10416907,-0.5144385,0.087774776,-0.73433745,0.06430225,-0.866972,0.03814434,-0.97398007,-0.011449007,-0.4894432,-0.039947353,-0.73824567,-0.057141937,-0.88763064,-0.07461301,-1.0,-0.11378848,-0.42194152,-0.1288723,-0.53045934,-0.06726971,-0.41964957,-0.028151438,-0.327815,-0.20775896,-0.33101395,-0.1848686,-0.41979107,-0.123833254,-0.3345654,-0.09193365,-0.25240898,U
0.0,0.0,0.11251893,-0.1214068,0.13229543,-0.3143921,0.008337611,-0.41582397,-0.12566012,-0.43886533,0.08850945,-0.49891886,0.07472475,-0.71242255,0.05421406,-0.85196394,0.028558118,-0.9628205,-0.028041465,-0.4755114,-0.054778285,-0.71635723,-0.06911867,-0.8755596,-0.085506566,-1.0,-0.13355115,-0.40309033,-0.14367427,-0.50331545,-0.087088786,-0.38630354,-0.054983485,-0.29180557,-0.22934903,-0.30024388,-0.21074341,-0.3967265,-0.14630729,-0.30629992,-0.11533897,-0.21788901,U
0.0,0.0,0.11408469,-0.13534105,0.12860167,-0.33325484,-0.0038178975,-0.44039646,-0.13620989,-0.46139848,0.08172979,-0.51705194,0.06532523,-0.73062646,0.040065892,-0.8690204,0.012448536,-0.97807217,-0.032826003,-0.49058902,-0.05933849,-0.7225102,-0.077510186,-0.8800519,-0.093249574,-1.0,-0.13469566,-0.4187264,-0.14421983,-0.508835,-0.08482382,-0.3999596,-0.04439302,-0.30434263,-0.22874866,-0.31938058,-0.2120329,-0.40610096,-0.14964484,-0.31994048,-0.11286162,-0.23076367,U
0.0,0.0,0.11005426,-0.13932039,0.12234114,-0.34328306,-0.013683444,-0.45329374,-0.1499785,-0.47465405,0.08440276,-0.5061654,0.06850514,-0.7247505,0.043864284,-0.8615503,0.016282907,-0.97202355,-0.027919723,-0.4798421,-0.055438526,-0.72177094,-0.07491898,-0.87863064,-0.094098456,-1.0,-0.12587251,-0.41118792,-0.15008116,-0.522582,-0.090256535,-0.4130985,-0.051273387,-0.31664884,-0.21441081,-0.3164333,-0.21213573,-0.4152677,-0.14745829,-0.33545905,-0.108553745,-0.24829963,U
0.0,0.0,0.11011842,-0.15857983,0.119648196,-0.3459773,-0.011414772,-0.44406477,-0.13847813,-0.47404447,0.086214334,-0.5163536,0.06725301,-0.72285324,0.042370804,-0.8564396,0.012393667,-0.964027,-0.024743449,-0.4893969,-0.057543945,-0.7271711,-0.08180298,-0.8793191,-0.10553862,-1.0,-0.12341844,-0.41678748,-0.14603798,-0.51872635,-0.0885276,-0.4107178,-0.05157402,-0.3224322,-0.21084905,-0.31617418,-0.20364594,-0.4100026,-0.14197126,-0.3275576,-0.10627796,-0.2440569,U
0.0,0.0,0.11426692,-0.13925162,0.1388492,-0.33358946,0.0148633765,-0.44062293,-0.12058414,-0.46566683,0.09911278,-0.52438176,0.07999002,-0.7295989,0.053732548,-0.8601166,0.023670446,-0.9665054,-0.015439607,-0.5008659,-0.048278317,-0.7330192,-0.06943733,-0.8815211,-0.09012221,-1.0,-0.11593397,-0.4318001,-0.13545914,-0.52457535,-0.07857988,-0.41163278,-0.043177012,-0.32461298,-0.20575313,-0.3365625,-0.1973441,-0.4156071,-0.13749243,-0.32865888,-0.10208504,-0.24870232,U
0.0,0.0,0.11187834,-0.15283704,0.12094236,-0.34914303,-0.0197465,-0.4435003,-0.15269034,-0.46895576,0.0847367,-0.5175146,0.065647565,-0.72757304,0.03501967,-0.8604998,0.002974163,-0.97053766,-0.028015114,-0.48649752,-0.06328397,-0.7254167,-0.087210275,-0.87786824,-0.10868213,-1.0,-0.127417,-0.41450277,-0.15733789,-0.52472854,-0.09729188,-0.40768692,-0.060466465,-0.31520325,-0.2180096,-0.31727022,-0.22297628,-0.4197888,-0.1599362,-0.3333097,-0.12311556,-0.24635974,U
0.0,0.0,0.116246186,-0.13975753,0.13646196,-0.33310136,-0.0007903464,-0.4307466,-0.13364631,-0.46586704,0.099234,-0.5265505,0.081178226,-0.73180836,0.054034054,-0.86452025,0.021725602,-0.9716033,-0.017190913,-0.50041443,-0.04161349,-0.73659945,-0.062008515,-0.8835316,-0.083194934,-1.0,-0.11786361,-0.42723414,-0.14852703,-0.5226794,-0.0911832,-0.39681825,-0.05210815,-0.3056112,-0.20850189,-0.32648745,-0.2131378,-0.4170086,-0.15625072,-0.3207737,-0.12265181,-0.23736446,U
0.0,0.0,0.124637835,-0.14511083,0.15096192,-0.3376203,0.012274314,-0.4379492,-0.12267723,-0.46285772,0.10738737,-0.51092505,0.09778312,-0.72271264,0.07750092,-0.8555525,0.054659788,-0.9665502,-0.006824588,-0.49076444,-0.024927516,-0.72681963,-0.038790483,-0.88003844,-0.052210193,-1.0,-0.10504056,-0.42824078,-0.12920375,-0.51095474,-0.07681792,-0.39379022,-0.039406028,-0.3019553,-0.19429557,-0.34214753,-0.19809987,-0.4282211,-0.14296637,-0.34011933,-0.10639191,-0.25623208,U
0.0,0.0,0.12478459,-0.14878498,0.13989204,-0.339203,0.013271457,-0.44307852,-0.112082064,-0.46241733,0.11603406,-0.49794072,0.108854555,-0.71012264,0.091792256,-0.84521294,0.06909764,-0.9567276,0.0010050061,-0.4799036,-0.013353753,-0.71883094,-0.031580303,-0.8770377,-0.05155074,-1.0,-0.10361678,-0.41908717,-0.124512985,-0.508807,-0.07598593,-0.40617242,-0.04119697,-0.32127634,-0.1996655,-0.332223,-0.18911797,-0.42080697,-0.13950756,-0.33511966,-0.1100569,-0.25044972,U
0.0,0.0,0.122353755,-0.13991413,0.14835203,-0.32353154,0.016209513,-0.42670104,-0.111853704,-0.4634302,0.12846541,-0.49658597,0.12279177,-0.71180713,0.10692383,-0.8457266,0.08312955,-0.95604277,0.013235787,-0.47976643,0.00567723,-0.71729916,-0.0045144935,-0.8733866,-0.020650985,-1.0,-0.09006159,-0.41753468,-0.1103591,-0.49823353,-0.05714458,-0.38186723,-0.021199485,-0.29589826,-0.18280597,-0.32831445,-0.1752244,-0.40499,-0.12381753,-0.31819895,-0.09639935,-0.24080303,U
0.0,0.0,0.12879099,-0.120879844,0.1445516,-0.30413958,-0.021633843,-0.35566586,-0.15546463,-0.332649,0.09013253,-0.51689553,0.1156555,-0.7283036,0.117459245,-0.86474025,0.11811033,-0.97630376,-0.042821962,-0.49848425,-0.08500605,-0.728242,-0.1076262,-0.87602246,-0.12683499,-1.0,-0.14566481,-0.43169537,-0.18362866,-0.53645575,-0.1269853,-0.41775537,-0.09514285,-0.3328334,-0.22659267,-0.3329953,-0.24046855,-0.4123931,-0.18468978,-0.32884416,-0.15310015,-0.26124904,V
0.0,0.0,0.13033451,-0.101468995,0.17739528,-0.26993465,0.033040095,-0.33283564,-0.1024784,-0.32837644,0.13789739,-0.4838636,0.21648969,-0.6767038,0.25083953,-0.81115407,0.26991358,-0.9208273,0.008134086,-0.4842054,0.012295223,-0.711773,0.018214922,-0.8642824,0.019107787,-1.0,-0.101253524,-0.42636564,-0.080777235,-0.5193851,-0.043700606,-0.38969433,-0.037530433,-0.29795238,-0.19909593,-0.3375066,-0.17774265,-0.42033967,-0.13661939,-0.34334123,-0.1286092,-0.27911115,V
0.0,0.0,0.12563065,-0.111986145,0.1582712,-0.28127626,0.012907949,-0.34035966,-0.12244328,-0.33200336,0.1340915,-0.49527073,0.21442305,-0.68359977,0.24998972,-0.81328577,0.26922417,-0.9215227,0.0069061527,-0.4923394,0.0053510643,-0.7148768,0.012181083,-0.8650951,0.011124614,-1.0,-0.10465076,-0.43257263,-0.09010641,-0.5201748,-0.043883692,-0.39963335,-0.036038745,-0.31265196,-0.20155652,-0.34166715,-0.17315233,-0.41549027,-0.13031003,-0.3382874,-0.12571655,-0.27487215,V
0.0,0.0,0.12255587,-0.114572756,0.15516634,-0.28544334,0.017121913,-0.3441242,-0.1164151,-0.33882144,0.1397077,-0.50684637,0.22120737,-0.69187486,0.25750858,-0.8183023,0.2777832,-0.92433405,0.012843876,-0.5041702,0.014391015,-0.7219854,0.021317441,-0.868786,0.01981868,-1.0,-0.10004676,-0.44454944,-0.084846705,-0.5269438,-0.042890638,-0.40188164,-0.038124353,-0.31450284,-0.19726393,-0.3541794,-0.16578588,-0.42494404,-0.1257277,-0.3468042,-0.12296511,-0.2841847,V
0.0,0.0,0.12370277,-0.116561264,0.15801711,-0.2885657,0.018003775,-0.34726724,-0.118314184,-0.33241722,0.14613383,-0.5122999,0.2237732,-0.6985128,0.25793162,-0.82319915,0.27969792,-0.9258894,0.017410949,-0.508448,0.016010035,-0.72607064,0.021744985,-0.8725841,0.024231905,-1.0,-0.09554084,-0.44832528,-0.083087206,-0.53175414,-0.045894917,-0.41149297,-0.038809378,-0.3218943,-0.19156402,-0.35746047,-0.16575593,-0.42097902,-0.13007605,-0.341349,-0.12574445,-0.27469653,V
0.0,0.0,0.1249102,-0.11665212,0.15697265,-0.28392768,0.0126759745,-0.34075052,-0.12159708,-0.3320174,0.14628442,-0.5067235,0.22392201,-0.6937117,0.25794703,-0.8165093,0.27954128,-0.91639453,0.01755899,-0.5031601,0.014183163,-0.7230777,0.018749224,-0.8711788,0.01939499,-1.0,-0.095468685,-0.44152826,-0.09250142,-0.5341139,-0.04972876,-0.4231838,-0.037396226,-0.3380671,-0.19276659,-0.34919864,-0.17414103,-0.41660988,-0.1354189,-0.34514728,-0.12668128,-0.28359467,V
0.0,0.0,0.12569307,-0.11206461,0.15981215,-0.27963084,0.018531231,-0.3378358,-0.11613968,-0.32824633,0.14618449,-0.5035875,0.2226684,-0.70044684,0.25596064,-0.82872874,0.2771726,-0.9309001,0.014819757,-0.49982387,0.007731836,-0.7275704,0.011904008,-0.8759755,0.013759684,-1.0,-0.09929664,-0.4388507,-0.09040722,-0.5312472,-0.040736776,-0.4098811,-0.022957418,-0.31893367,-0.19816303,-0.34596923,-0.17702273,-0.42277566,-0.13269484,-0.3461092,-0.12027096,-0.27823344,V
0.0,0.0,0.12581815,-0.11927133,0.15403573,-0.2914059,0.009853598,-0.34571257,-0.12613799,-0.33349353,0.13824484,-0.50457954,0.21084636,-0.7018378,0.23530267,-0.83385205,0.24807505,-0.94020134,0.0063508917,-0.4988992,-0.008621591,-0.72186464,-0.011230709,-0.8724708,-0.015897634,-1.0,-0.10668708,-0.43636897,-0.0979956,-0.5235045,-0.042953443,-0.4042547,-0.023505982,-0.31750372,-0.20293358,-0.34390256,-0.17669488,-0.41606617,-0.12860763,-0.34465298,-0.114040956,-0.284205,V
0.0,0.0,0.12575488,-0.11613719,0.14918451,-0.28953075,0.0046837362,-0.3460381,-0.12996566,-0.3399625,0.1237221,-0.51149374,0.18550865,-0.7058067,0.20759428,-0.8376336,0.21832626,-0.94518507,-0.005246117,-0.5039526,-0.023423955,-0.72234315,-0.029728662,-0.87090737,-0.039408453,-1.0,-0.11516071,-0.43885642,-0.11784231,-0.5315355,-0.05818176,-0.410196,-0.033828,-0.31953707,-0.20916134,-0.341253,-0.1940743,-0.4170254,-0.13886851,-0.3405324,-0.11647987,-0.27386156,V
0.0,0.0,0.12135385,-0.11888198,0.14318092,-0.29312867,-0.00024379358,-0.3500851,-0.13160163,-0.34293234,0.11620972,-0.5125143,0.17891015,-0.71388096,0.20066497,-0.84837,0.21121104,-0.9565263,-0.01054691,-0.50198096,-0.02874626,-0.7222863,-0.038884476,-0.871048,-0.050213564,-1.0,-0.11860672,-0.43869847,-0.12085165,-0.53317064,-0.06639039,-0.4111393,-0.044135988,-0.32044658,-0.21002407,-0.34542665,-0.19574194,-0.41898283,-0.143214,-0.34088224,-0.1205314,-0.27540576,V
0.0,0.0,0.1560018,-0.12772498,0.1847346,-0.34421185,0.019741336,-0.44431955,-0.11094239,-0.4245821,0.18677443,-0.45628756,0.22322235,-0.6902214,0.24430844,-0.8287728,0.272498,-0.9392497,0.06962124,-0.4530855,0.06464211,-0.712983,0.065669015,-0.87419325,0.07579738,-1.0,-0.045918636,-0.41573742,-0.08762277,-0.5663278,-0.039197203,-0.42309052,-0.006406749,-0.31466466,-0.15693325,-0.3518944,-0.16958113,-0.4712854,-0.11388043,-0.3563567,-0.083585024,-0.25458962,V
0.0,0.0,0.11593688,-0.11707016,0.15167032,-0.28745645,0.009054201,-0.35678685,-0.13636078,-0.36305383,0.12202008,-0.53220165,0.167604,-0.73529816,0.18884182,-0.8614669,0.19877587,-0.9659783,-0.0055852216,-0.5252621,-0.033136208,-0.75305116,-0.04307549,-0.8907246,-0.05721201,-1.0,-0.11382897,-0.46397415,-0.11641857,-0.54935884,-0.07224226,-0.43821332,-0.0588124,-0.35416305,-0.2020193,-0.37176692,-0.18616994,-0.43167952,-0.14961109,-0.3638707,-0.13902777,-0.31018275,V
0.0,0.0,0.12119754,-0.13067214,0.14832142,-0.297271,0.0043585114,-0.3538616,-0.12628396,-0.35531428,0.11693063,-0.5130899,0.17406839,-0.70927954,0.19017528,-0.83295906,0.19209823,-0.9336732,-0.006208661,-0.5047883,-0.02194212,-0.7314917,-0.031908423,-0.8782162,-0.046529587,-1.0,-0.11026154,-0.44195798,-0.11859555,-0.5414016,-0.06847479,-0.43622205,-0.045077115,-0.3491837,-0.19732021,-0.34959924,-0.18179141,-0.40448812,-0.13222186,-0.34056863,-0.10655102,-0.28429887,V
0.0,0.0,0.12079696,-0.126722,0.14398402,-0.29754522,-0.007906718,-0.35462236,-0.14259157,-0.35079008,0.113345675,-0.5164679,0.167592,-0.71635777,0.18329911,-0.84385043,0.18713264,-0.9475847,-0.01332025,-0.5061126,-0.036151573,-0.73012275,-0.047670566,-0.87608546,-0.061220672,-1.0,-0.12031446,-0.44200554,-0.12505583,-0.5355222,-0.06840223,-0.42221802,-0.04276677,-0.33256137,-0.21194538,-0.34797212,-0.19286475,-0.4061533,-0.13723414,-0.3342421,-0.109538935,-0.27258033,V
0.0,0.0,0.118725784,-0.12615818,0.13872251,-0.29232463,-0.008546724,-0.34860653,-0.1391874,-0.34969226,0.107994646,-0.5102668,0.1616385,-0.7079384,0.17804974,-0.8382655,0.18361595,-0.94534814,-0.018751899,-0.4999198,-0.043311942,-0.7234443,-0.057594087,-0.87197804,-0.07171874,-1.0,-0.12569529,-0.43395615,-0.13230902,-0.5274504,-0.078468874,-0.4148066,-0.053165708,-0.32586813,-0.21878016,-0.33783296,-0.20595965,-0.40370575,-0.14986461,-0.33165717,-0.11992875,-0.269083,V
0.0,0.0,0.11705274,-0.12403707,0.13565023,-0.2920913,-0.0029672494,-0.3457132,-0.13271838,-0.34032318,0.107722946,-0.507066,0.16325505,-0.70451874,0.18215682,-0.83422565,0.18897438,-0.94149053,-0.0193844,-0.49846876,-0.04004035,-0.7169825,-0.0541536,-0.86737853,-0.07026324,-1.0,-0.12960328,-0.43322125,-0.1295697,-0.52704746,-0.07942465,-0.4069351,-0.059402782,-0.31346434,-0.22672923,-0.3370615,-0.2123148,-0.40102643,-0.15955946,-0.32869586,-0.13516991,-0.2664499,V
0.0,0.0,0.11863938,-0.12146853,0.1374685,-0.29040062,-0.0077695516,-0.34120223,-0.138,-0.331573,0.109953836,-0.510324,0.16558367,-0.70937926,0.18433575,-0.84074235,0.18836236,-0.9498614,-0.019052634,-0.4993436,-0.03950453,-0.7189031,-0.052590966,-0.8674627,-0.07145476,-1.0,-0.13041449,-0.43200988,-0.1324616,-0.5230936,-0.07961887,-0.40230978,-0.062541954,-0.3108219,-0.22800705,-0.33388224,-0.2106312,-0.40450257,-0.16106345,-0.32762903,-0.14515425,-0.26177147,V
0.0,0.0,0.1206161,-0.11882832,0.144818,-0.2870161,0.010283313,-0.33917361,-0.11689901,-0.3331011,0.11734312,-0.5112269,0.1725817,-0.7129322,0.1924376,-0.8468922,0.19869141,-0.9562531,-0.01246919,-0.50099796,-0.031568896,-0.7234843,-0.044683695,-0.8714386,-0.061911244,-1.0,-0.12344216,-0.43589312,-0.12206346,-0.52404565,-0.07086074,-0.40197337,-0.052422695,-0.3082951,-0.21972664,-0.33888063,-0.20388974,-0.4116128,-0.1531791,-0.33520585,-0.13342153,-0.26675585,V
0.0,0.0,0.12672742,-0.116672374,0.15442432,-0.28663042,0.010105964,-0.33937916,-0.123383574,-0.3268562,0.11876472,-0.5115321,0.17482913,-0.7134759,0.19415273,-0.8484791,0.20092587,-0.9586973,-0.011044391,-0.5017811,-0.027739335,-0.7221806,-0.038642853,-0.8708826,-0.052802403,-1.0,-0.12168724,-0.43872675,-0.12393204,-0.52523065,-0.071987055,-0.40606567,-0.05017717,-0.3122539,-0.21790577,-0.34462816,-0.20498365,-0.41928214,-0.15239616,-0.34613758,-0.12808071,-0.2784584,V
0.0,0.0,0.12857749,-0.11621829,0.15513745,-0.29094702,0.007606781,-0.3422225,-0.12623043,-0.33027363,0.12579338,-0.5207929,0.1798221,-0.72166383,0.19696032,-0.8559241,0.20182127,-0.9653332,-0.0056515355,-0.509385,-0.0212845,-0.72749335,-0.031040644,-0.8743475,-0.045337852,-1.0,-0.11767406,-0.44397044,-0.11656102,-0.53085595,-0.06287382,-0.41026902,-0.04244131,-0.316071,-0.21409404,-0.347237,-0.19330329,-0.41906914,-0.14189939,-0.34190366,-0.12208445,-0.27244174,V
0.0,0.0,0.12123046,-0.12377119,0.14263462,-0.3062157,0.0028188406,-0.36044827,-0.13186401,-0.3333622,0.11814675,-0.5226223,0.17134817,-0.72505116,0.18967265,-0.8601747,0.19493811,-0.9694456,-0.010830117,-0.5104674,-0.028872296,-0.7248768,-0.03935988,-0.8728674,-0.056351166,-1.0,-0.121940635,-0.44633043,-0.12376056,-0.5292016,-0.06936237,-0.4108358,-0.050755523,-0.32144395,-0.21810864,-0.35379234,-0.20201018,-0.43512353,-0.14971824,-0.36146888,-0.12888364,-0.2944077,V
0.0,0.0,-0.018720806,-0.11904196,-0.046500836,-0.3062155,-0.09941277,-0.418808,-0.113122866,-0.45425904,0.10914426,-0.42304772,0.11443581,-0.6208009,0.11940469,-0.69683266,0.14736031,-0.7607573,0.06389484,-0.45483556,0.10296642,-0.7189821,0.10725218,-0.8664658,0.1388815,-1.0,0.0049550086,-0.4438818,-0.042853825,-0.63330406,-0.04465147,-0.48717898,-0.01091956,-0.37676793,-0.060057327,-0.39961615,-0.10506202,-0.4981331,-0.095639296,-0.38495088,-0.06380399,-0.2874734,V
0.0,0.0,0.13103671,-0.11461317,0.16874741,-0.3018095,0.026716784,-0.37996483,-0.12528941,-0.36243686,0.13564378,-0.53551006,0.16579759,-0.7434174,0.18305123,-0.8693566,0.18900923,-0.97648865,0.008707387,-0.52732515,-0.025015708,-0.74680144,-0.03951681,-0.88351667,-0.06338643,-1.0,-0.103426844,-0.46533382,-0.10472785,-0.5455901,-0.060098693,-0.42296,-0.050353933,-0.34088886,-0.1992895,-0.3758005,-0.1778151,-0.43998408,-0.14334783,-0.3679353,-0.13791856,-0.31690332,V
0.0,0.0,0.11783814,-0.13252154,0.1427015,-0.31410834,-0.0049332515,-0.3716518,-0.14390874,-0.34794626,0.110688254,-0.5220747,0.16582324,-0.72159934,0.18318574,-0.85072374,0.18912569,-0.958625,-0.015700007,-0.50984687,-0.033972524,-0.72894853,-0.042713378,-0.8749509,-0.057540953,-1.0,-0.12480444,-0.44596198,-0.11971606,-0.5314386,-0.06791195,-0.41541782,-0.052456748,-0.32664546,-0.21840027,-0.3539094,-0.18762967,-0.41537973,-0.13616139,-0.3403038,-0.11912495,-0.2755638,V
0.0,0.0,0.11962017,-0.13128528,0.14371672,-0.30817476,-0.0006424357,-0.3668306,-0.13291514,-0.36215,0.121069245,-0.5228964,0.17361562,-0.7298062,0.19303831,-0.8604925,0.20021419,-0.96407795,-0.008794823,-0.5076269,-0.028228946,-0.734303,-0.040950682,-0.87824494,-0.05792773,-1.0,-0.11997626,-0.44337967,-0.12068994,-0.53714085,-0.0734305,-0.42175758,-0.058089733,-0.33198187,-0.21733832,-0.35229853,-0.20247483,-0.43218407,-0.15356177,-0.35656565,-0.13550329,-0.28765583,V
0.0,0.0,0.121439144,-0.13233654,0.1470235,-0.31509545,-0.0039859316,-0.37484553,-0.14115697,-0.3571553,0.12352245,-0.5156198,0.18035679,-0.7251624,0.20044866,-0.8582714,0.20739953,-0.96615946,-0.006984137,-0.5007363,-0.020901682,-0.7276214,-0.032030843,-0.87540585,-0.04910158,-1.0,-0.11702681,-0.43625802,-0.12287943,-0.542952,-0.06931435,-0.43239105,-0.046789564,-0.34114152,-0.20991352,-0.34480092,-0.20095868,-0.43132132,-0.1489728,-0.3611643,-0.124345824,-0.29145032,V
0.0,0.0,0.12676097,-0.12540445,0.15835118,-0.30120218,0.0032444827,-0.36302224,-0.13351934,-0.35759452,0.12801224,-0.5105445,0.18498637,-0.72109914,0.20539097,-0.8562427,0.21349089,-0.9636603,-0.0033449514,-0.49530917,-0.018634181,-0.7290719,-0.030571822,-0.877349,-0.046320383,-1.0,-0.11315144,-0.4322627,-0.117129505,-0.54106754,-0.07155311,-0.42606923,-0.053210102,-0.3314459,-0.20846869,-0.34300512,-0.20345685,-0.42988724,-0.15558556,-0.3616012,-0.13384648,-0.29497638,V
0.0,0.0,0.12497537,-0.12697342,0.15327774,-0.30902606,-0.0037892694,-0.37585086,-0.13977134,-0.3724754,0.12321299,-0.51062286,0.18060586,-0.71969175,0.20019986,-0.855037,0.207597,-0.96175456,-0.0094755115,-0.4952956,-0.026581079,-0.72665095,-0.03916137,-0.8757957,-0.053894315,-1.0,-0.11955214,-0.43057466,-0.12344341,-0.53303343,-0.074857466,-0.41899168,-0.053136397,-0.32496828,-0.2152155,-0.33897302,-0.21765688,-0.42356765,-0.1633781,-0.35364565,-0.13217545,-0.28392038,V
0.0,0.0,0.12996027,-0.12942208,0.15190412,-0.31389242,-0.00027728413,-0.38098356,-0.13454807,-0.37372607,0.13060814,-0.5093428,0.19076611,-0.71848655,0.21170877,-0.8532194,0.22130297,-0.9624521,-0.0012682203,-0.4954338,-0.016605726,-0.7266003,-0.02539608,-0.87510943,-0.036369245,-1.0,-0.113778,-0.43091655,-0.11941342,-0.5340586,-0.06882471,-0.41567308,-0.048020598,-0.3202794,-0.21138929,-0.3394995,-0.20776756,-0.42718357,-0.14969148,-0.35286254,-0.119746834,-0.28074697,V
0.0,0.0,0.12765771,-0.12441688,0.15336551,-0.30782047,0.0007843793,-0.37332928,-0.13431686,-0.3689265,0.12842587,-0.50540864,0.18940896,-0.708359,0.21296664,-0.8424632,0.22321266,-0.95046735,-0.0039244476,-0.49153888,-0.016285086,-0.7244112,-0.024492744,-0.87314814,-0.036744084,-1.0,-0.11653883,-0.42585155,-0.1130732,-0.52441585,-0.061177585,-0.40375075,-0.0419533,-0.31266817,-0.21422729,-0.33183494,-0.20385696,-0.42168784,-0.14715157,-0.33841565,-0.12158443,-0.26169154,V
0.0,0.0,0.12798043,-0.12590578,0.1522016,-0.3058767,0.00024332834,-0.37166741,-0.13557011,-0.35364115,0.13078101,-0.5097438,0.19244696,-0.7168467,0.21406116,-0.8533718,0.22561702,-0.96366394,0.00060324324,-0.4935549,-0.016216923,-0.71968013,-0.023866313,-0.8706631,-0.031083206,-1.0,-0.11039985,-0.42690897,-0.11127157,-0.5232233,-0.0553326,-0.40591994,-0.03050234,-0.31234267,-0.20751764,-0.3324367,-0.19896182,-0.42582417,-0.14195776,-0.34583846,-0.113499194,-0.2677011,V
0.0,0.0,0.12522979,-0.12858886,0.1469214,-0.30893585,-0.0067978716,-0.37798938,-0.14231682,-0.36874524,0.13026163,-0.51026267,0.18863861,-0.716885,0.20914274,-0.8528159,0.22067513,-0.9629026,-0.00078176224,-0.49527338,-0.019017253,-0.71743846,-0.029541334,-0.8684482,-0.0398433,-1.0,-0.11004596,-0.42913586,-0.11982698,-0.529437,-0.06499125,-0.41872197,-0.038028326,-0.32884437,-0.20375504,-0.33355677,-0.20185094,-0.41703102,-0.14224906,-0.34902564,-0.10655458,-0.28220728,V
0.0,0.0,0.12921044,-0.115570955,0.13766687,-0.30968267,-0.024211336,-0.424532,-0.12923156,-0.4092826,0.1738299,-0.4483588,0.20108178,-0.66756016,0.2214174,-0.8064304,0.24886526,-0.9110532,0.06461166,-0.44548568,0.07320784,-0.6984582,0.083378136,-0.8627969,0.107185654,-1.0,-0.049809374,-0.40283626,-0.08521934,-0.5706246,-0.05777637,-0.44792792,-0.024948226,-0.3504688,-0.17462878,-0.33333355,-0.17755766,-0.44263595,-0.12112882,-0.3356361,-0.08440673,-0.23608488,V
0.0,0.0,0.12455554,-0.13844366,0.1517047,-0.31853962,-0.0034967004,-0.39855188,-0.15364972,-0.41190645,0.13492239,-0.5402868,0.1687302,-0.74712497,0.18239428,-0.87227935,0.1888993,-0.97969556,0.006775633,-0.5259665,-0.02308504,-0.7488706,-0.041449837,-0.8852836,-0.06779113,-1.0,-0.10285719,-0.46177325,-0.120975226,-0.54942334,-0.07264161,-0.4387199,-0.056634426,-0.3570494,-0.19403172,-0.37253317,-0.18417434,-0.44379508,-0.14862052,-0.37296113,-0.14042108,-0.31515625,V
0.0,0.0,0.11901855,-0.1348619,0.14886473,-0.31771776,-0.009298519,-0.37819073,-0.14766316,-0.3664849,0.11563315,-0.5185673,0.164047,-0.72656626,0.17605393,-0.8580156,0.17631528,-0.9648372,-0.011033663,-0.4978966,-0.035568763,-0.7306234,-0.051712885,-0.8781301,-0.071104,-1.0,-0.117556706,-0.43003812,-0.12176044,-0.5383637,-0.072095245,-0.41849485,-0.05502325,-0.32499444,-0.20814963,-0.3382845,-0.19230144,-0.41808036,-0.1432433,-0.34132984,-0.124844365,-0.27116495,V
0.0,0.0,0.11901522,-0.13352609,0.14014526,-0.30900007,-0.016530463,-0.36634064,-0.15302867,-0.36090428,0.112993844,-0.5150974,0.16451767,-0.7223066,0.18039957,-0.8584395,0.18722789,-0.9721768,-0.0145769585,-0.49880674,-0.039964534,-0.72067416,-0.058335733,-0.8701967,-0.07544224,-1.0,-0.1236447,-0.43190017,-0.13536066,-0.5305385,-0.082966775,-0.4096133,-0.05746517,-0.3150573,-0.21733737,-0.33693558,-0.20884603,-0.40303192,-0.1539047,-0.32568446,-0.124582686,-0.25847065,V
0.0,0.0,0.12001772,-0.12932594,0.13752535,-0.30479285,-0.018910486,-0.36428893,-0.15423389,-0.35737902,0.11899348,-0.51391,0.16975981,-0.72569686,0.18736658,-0.86362433,0.19510105,-0.97421044,-0.0112539455,-0.49746007,-0.036826283,-0.72081685,-0.056772113,-0.87176764,-0.07570384,-1.0,-0.11990421,-0.42974883,-0.13590392,-0.52990407,-0.08724952,-0.42085677,-0.063520625,-0.3295208,-0.21345828,-0.3348921,-0.21994328,-0.41860506,-0.1668302,-0.3530354,-0.13535771,-0.28829592,V
0.0,0.0,0.12377577,-0.12312412,0.1445839,-0.30048278,-0.013071933,-0.36154762,-0.15197062,-0.36167124,0.11948218,-0.515003,0.1686271,-0.72764224,0.18559411,-0.86794704,0.19385564,-0.98100615,-0.012632048,-0.49647233,-0.035560153,-0.7173719,-0.054893777,-0.8690072,-0.074389935,-1.0,-0.12057482,-0.4279161,-0.13255648,-0.5247036,-0.08524484,-0.4123866,-0.06470468,-0.32205194,-0.21128365,-0.33192518,-0.20597889,-0.410071,-0.15259878,-0.33794484,-0.1252323,-0.27110428,V
0.0,0.0,0.119879104,-0.13625726,0.13532455,-0.31552705,-0.020153685,-0.37768415,-0.15634057,-0.37147477,0.11133149,-0.5192002,0.16480626,-0.7280461,0.18110585,-0.8656029,0.18868965,-0.9775647,-0.020675479,-0.49940434,-0.04379555,-0.7230837,-0.061991576,-0.87153393,-0.07985409,-1.0,-0.12939969,-0.43023685,-0.14594485,-0.53266484,-0.09232997,-0.41691893,-0.065165095,-0.32253566,-0.22202827,-0.33247644,-0.22515294,-0.41837922,-0.16673914,-0.34485275,-0.13050708,-0.2729227,V
0.0,0.0,0.11711752,-0.1289861,0.13852254,-0.31420806,-0.017558305,-0.37663138,-0.15395649,-0.3645472,0.11385762,-0.51348543,0.16165258,-0.7223502,0.17773262,-0.8586763,0.18554725,-0.9689155,-0.016883437,-0.4929914,-0.046207774,-0.7224084,-0.061762117,-0.87201184,-0.079449624,-1.0,-0.12537922,-0.42612684,-0.13308422,-0.5266706,-0.07799055,-0.40843695,-0.056785468,-0.31614387,-0.21864122,-0.3333627,-0.20739697,-0.42114314,-0.1526545,-0.34552047,-0.13085525,-0.2754106,V
0.0,0.0,0.119425066,-0.13825668,0.13637243,-0.32562646,-0.023051493,-0.384495,-0.16066109,-0.37151265,0.11198758,-0.51864225,0.1653387,-0.72714156,0.18380259,-0.8626542,0.19106235,-0.9703675,-0.019592706,-0.49666345,-0.044185784,-0.7261739,-0.06028929,-0.87453353,-0.07880095,-1.0,-0.12956393,-0.4255493,-0.14194325,-0.52333325,-0.08376649,-0.4088406,-0.056115475,-0.3180319,-0.2242678,-0.32727578,-0.22286566,-0.4151677,-0.16156755,-0.3426927,-0.12657055,-0.2731007,V
0.0,0.0,0.12060817,-0.13194002,0.14052159,-0.31818053,-0.02343354,-0.38035712,-0.16347662,-0.37248868,0.11986077,-0.51994413,0.16833635,-0.7270514,0.1841338,-0.86245334,0.19122416,-0.97182703,-0.012528066,-0.49947628,-0.04170098,-0.7290819,-0.059231482,-0.87556356,-0.07700495,-1.0,-0.12248702,-0.43038458,-0.13683844,-0.5323947,-0.083132565,-0.41358656,-0.05911662,-0.3189808,-0.2173578,-0.3354483,-0.2178809,-0.4269596,-0.16235946,-0.3481771,-0.13360344,-0.2734477,V
0.0,0.0,0.116454385,-0.13756399,0.12974922,-0.32867083,-0.025473572,-0.39320013,-0.16067617,-0.3805999,0.11558092,-0.5246593,0.16618668,-0.7307792,0.18480124,-0.8640394,0.19387937,-0.9716753,-0.016495105,-0.50301814,-0.042363383,-0.72967976,-0.062044196,-0.8757512,-0.08254149,-1.0,-0.12733135,-0.4328807,-0.14648765,-0.5296712,-0.090123326,-0.40787467,-0.062354125,-0.31403038,-0.22227308,-0.33443782,-0.22605495,-0.42446083,-0.16783482,-0.3381391,-0.13462612,-0.25716487,V
0.0,0.0,0.13049772,-0.10523874,0.1333703,-0.3031372,-0.021380696,-0.40884396,-0.14500082,-0.40931827,0.16208887,-0.4346844,0.18785793,-0.6405685,0.19783258,-0.76259035,0.21728055,-0.85324866,0.058676206,-0.443495,0.09765868,-0.70262295,0.1054384,-0.865258,0.12729862,-1.0,-0.048973545,-0.40958565,-0.068438426,-0.61079687,-0.05362687,-0.49875885,-0.024628658,-0.39645177,-0.16105501,-0.3415361,-0.16386168,-0.45898584,-0.121902615,-0.35095716,-0.08605362,-0.24284932,V
0.0,0.0,0.12145222,-0.14118958,0.15087289,-0.32473218,-0.0014478803,-0.40121058,-0.15763642,-0.39141756,0.13073015,-0.54516184,0.16776468,-0.7501632,0.1811925,-0.88232577,0.1889013,-0.99576706,0.0018859234,-0.5323447,-0.031397853,-0.7462266,-0.051764105,-0.88367134,-0.07652368,-1.0,-0.10477958,-0.47057605,-0.12226467,-0.54727733,-0.07153255,-0.43571246,-0.05242164,-0.35571393,-0.19149509,-0.38095576,-0.17293894,-0.4354591,-0.13515824,-0.36216736,-0.12724996,-0.30375734,V
0.0,0.0,0.11768192,-0.14648283,0.13588855,-0.33294517,-0.025564272,-0.39192417,-0.16658628,-0.37304318,0.11857625,-0.53095853,0.17377843,-0.73277944,0.18940878,-0.8597623,0.19621962,-0.96731216,-0.0078636315,-0.51031196,-0.032191303,-0.7323286,-0.04528272,-0.8751347,-0.060222786,-1.0,-0.115677774,-0.44379136,-0.12352912,-0.5323459,-0.0721182,-0.41881707,-0.05245142,-0.33322793,-0.2076727,-0.35353798,-0.19005316,-0.42812678,-0.14150205,-0.3487252,-0.12256331,-0.27747545,V
0.0,0.0,0.12523462,-0.13694498,0.15138811,-0.3217716,-0.0108229285,-0.38464758,-0.15595534,-0.37589365,0.12812188,-0.52481985,0.18401021,-0.7341064,0.20224282,-0.8705674,0.21143132,-0.982266,-0.0042142966,-0.5056485,-0.028314503,-0.7292399,-0.042052392,-0.8741721,-0.055336125,-1.0,-0.11635318,-0.44009954,-0.11795765,-0.5240633,-0.063994035,-0.40608713,-0.042031422,-0.31923884,-0.21356452,-0.34999907,-0.19571006,-0.42318004,-0.1399148,-0.34158504,-0.113807656,-0.27068895,V
0.0,0.0,0.12329679,-0.13187061,0.14078602,-0.32170328,-0.022644432,-0.39043695,-0.1654273,-0.38493183,0.13131529,-0.5164115,0.18984151,-0.73471445,0.2120629,-0.87544495,0.22400956,-0.98837286,-6.813748e-05,-0.4954589,-0.022995478,-0.72318715,-0.039858077,-0.8714488,-0.057486486,-1.0,-0.11189896,-0.43080887,-0.124616586,-0.52109087,-0.07149394,-0.39528447,-0.046875224,-0.30304512,-0.20871736,-0.34048012,-0.20532423,-0.4240898,-0.14884901,-0.33514774,-0.118736304,-0.25480637,V
0.0,0.0,0.11973777,-0.13561709,0.13673678,-0.32054624,-0.025247136,-0.38483924,-0.1658616,-0.37230954,0.13153508,-0.51668084,0.18630813,-0.725919,0.20618899,-0.8622879,0.21765961,-0.97409785,0.0023921917,-0.49708116,-0.023234079,-0.7184563,-0.040070146,-0.86804324,-0.055714477,-1.0,-0.106987864,-0.43291563,-0.121208414,-0.52446014,-0.07313866,-0.40231496,-0.051576097,-0.31117192,-0.20070268,-0.34459424,-0.19646132,-0.42293903,-0.14874686,-0.3413503,-0.12532789,-0.26913843,V
0.0,0.0,0.119888686,-0.13382472,0.1391723,-0.31620368,-0.017890656,-0.37766042,-0.15592623,-0.36170107,0.13566446,-0.51234776,0.18716528,-0.72459114,0.2065023,-0.86351126,0.21853,-0.97721756,0.006043358,-0.49540588,-0.02021576,-0.7201267,-0.039324075,-0.8692701,-0.0569837,-1.0,-0.10454749,-0.431103,-0.12789531,-0.5253648,-0.07548217,-0.40057155,-0.047902077,-0.3061951,-0.20057316,-0.33932966,-0.203535,-0.41593024,-0.14909883,-0.33558133,-0.117289186,-0.26487437,V
0.0,0.0,0.117420174,-0.13569568,0.12755612,-0.32469162,-0.030280149,-0.38724568,-0.16940823,-0.36412182,0.12676394,-0.5214622,0.17260425,-0.7281437,0.18829298,-0.8660322,0.19572769,-0.9787575,-0.0015590327,-0.50142485,-0.029343521,-0.7217942,-0.05103928,-0.8703832,-0.07181234,-1.0,-0.11232744,-0.4322651,-0.13761806,-0.5322672,-0.080990165,-0.40541944,-0.050934784,-0.31214693,-0.20854759,-0.33341542,-0.21453089,-0.41821715,-0.15830186,-0.33391857,-0.12596403,-0.25876004,V
0.0,0.0,0.12057639,-0.14008701,0.12865295,-0.33026293,-0.030417612,-0.391559,-0.16878007,-0.3720157,0.12834054,-0.5265729,0.1732189,-0.7354823,0.18785396,-0.872745,0.19423692,-0.9848505,-0.0009830348,-0.50199425,-0.029968249,-0.7250802,-0.050393,-0.8717574,-0.069833785,-1.0,-0.1119832,-0.43069533,-0.13664266,-0.52737546,-0.08150114,-0.39849246,-0.05353641,-0.30487636,-0.20821092,-0.33148593,-0.21382451,-0.42231628,-0.15909915,-0.33347425,-0.12846671,-0.25440153,V
0.0,0.0,0.12101701,-0.14209788,0.14171138,-0.3286781,-0.016683396,-0.38875043,-0.15208767,-0.37629274,0.13307106,-0.52526397,0.17780651,-0.73749846,0.1919868,-0.8766549,0.19874497,-0.98843074,0.00040741914,-0.50006366,-0.025198894,-0.7269154,-0.044765335,-0.87470883,-0.0641716,-1.0,-0.11217496,-0.42931068,-0.13437365,-0.5217138,-0.08032997,-0.39807558,-0.05262504,-0.30592242,-0.21031845,-0.33305663,-0.21228276,-0.41845778,-0.16214494,-0.33289787,-0.13519017,-0.25823942,V
0.0,0.0,0.123161905,-0.14328964,0.14413945,-0.3289292,-0.02017802,-0.3956552,-0.15511163,-0.3915434,0.13766082,-0.5156744,0.1778604,-0.72892886,0.18893704,-0.8664701,0.19394328,-0.9804339,0.0049797106,-0.49315435,-0.019123515,-0.72458696,-0.039089013,-0.8719641,-0.056869604,-1.0,-0.10790952,-0.42641667,-0.12994601,-0.51788723,-0.08321708,-0.39263535,-0.05945413,-0.30368146,-0.20736656,-0.334188,-0.20920213,-0.4207448,-0.1633817,-0.33294952,-0.14144279,-0.2597536,V
0.0,0.0,0.12075839,-0.10807145,0.116484866,-0.30437008,-0.04110528,-0.4131421,-0.16376136,-0.41463447,0.15034507,-0.44869453,0.17008053,-0.6501385,0.18014413,-0.7730153,0.19576786,-0.874569,0.040375855,-0.45349088,0.07973171,-0.7009224,0.089156136,-0.8553472,0.10759605,-1.0,-0.072183445,-0.41358894,-0.0936948,-0.5941623,-0.076160364,-0.46763185,-0.049644895,-0.3660777,-0.18646823,-0.33735132,-0.18781768,-0.45557225,-0.14016113,-0.34702492,-0.101473205,-0.24373089,V
0.0,0.0,0.121898405,-0.14812504,0.14334293,-0.33689374,-0.010852413,-0.41223282,-0.16049752,-0.40716627,0.1254898,-0.531012,0.1612263,-0.73509955,0.17056307,-0.8634267,0.1738716,-0.9722758,0.00048105017,-0.51860076,-0.0245938,-0.7363476,-0.038960163,-0.8804275,-0.056802772,-1.0,-0.10324238,-0.46198353,-0.12801811,-0.5399167,-0.08189286,-0.4302576,-0.058781426,-0.348883,-0.18683149,-0.38323638,-0.17533253,-0.43723243,-0.14338945,-0.3650529,-0.13372001,-0.30722335,V
0.0,0.0,0.1143003,-0.1431926,0.1351239,-0.33118203,-0.035783105,-0.38322312,-0.17838843,-0.36519188,0.115882926,-0.5234022,0.1620857,-0.73345935,0.17285764,-0.865493,0.17544465,-0.9761233,-0.013298712,-0.4987583,-0.03583278,-0.7276707,-0.046779554,-0.8744547,-0.061441705,-1.0,-0.12033365,-0.429744,-0.14235866,-0.5237022,-0.08963226,-0.41332114,-0.07063855,-0.32841665,-0.20908396,-0.33721864,-0.19751799,-0.42159852,-0.15432037,-0.3467535,-0.14532644,-0.2780915,V
0.0,0.0,0.11827039,-0.1442952,0.13974889,-0.3355725,-0.030801188,-0.39047852,-0.17410722,-0.36638027,0.113070466,-0.53074825,0.15707873,-0.73306924,0.17118432,-0.8625283,0.1794829,-0.9700196,-0.01343593,-0.50226396,-0.035430644,-0.72531945,-0.04861582,-0.87371653,-0.06460708,-1.0,-0.11772671,-0.4290956,-0.14552636,-0.5236966,-0.086041585,-0.404924,-0.056041773,-0.31278345,-0.20567596,-0.3299245,-0.20763706,-0.42115068,-0.15359643,-0.33755642,-0.1283648,-0.25961724,V
0.0,0.0,0.12069477,-0.14627126,0.14172898,-0.335749,-0.016414981,-0.391456,-0.15433241,-0.3748575,0.12563409,-0.5184445,0.16588931,-0.73349977,0.17481941,-0.8693384,0.17647234,-0.9802213,-0.0043947627,-0.49382043,-0.030182082,-0.72527367,-0.050451063,-0.87442225,-0.07062997,-1.0,-0.11344028,-0.42500138,-0.13893977,-0.51948553,-0.08547797,-0.40190604,-0.056432668,-0.31166235,-0.205697,-0.3307066,-0.21248293,-0.4104324,-0.16033858,-0.33396596,-0.13136223,-0.2626424,V
0.0,0.0,0.118605144,-0.14873204,0.13435107,-0.33881393,-0.023845378,-0.40312526,-0.15766709,-0.38670614,0.119192906,-0.52212536,0.157633,-0.7379937,0.1679676,-0.8722623,0.17110826,-0.9821215,-0.010773322,-0.4989423,-0.044141162,-0.73073506,-0.06666983,-0.87629235,-0.09092553,-1.0,-0.120353416,-0.42948675,-0.14795913,-0.5197424,-0.088334,-0.40393957,-0.056916077,-0.31764048,-0.21457285,-0.33380812,-0.21477148,-0.4154407,-0.16113512,-0.34130263,-0.13526241,-0.27392384,V
0.0,0.0,0.12284503,-0.14510186,0.14278029,-0.33000085,-0.01964182,-0.3939886,-0.15265964,-0.38126096,0.11845784,-0.512703,0.15946992,-0.73102325,0.16995102,-0.86717016,0.17267859,-0.9783498,-0.011724287,-0.4932038,-0.044205286,-0.7271146,-0.068876915,-0.87586856,-0.092502676,-1.0,-0.11899114,-0.42793837,-0.14725253,-0.5128257,-0.09236529,-0.39893737,-0.060579494,-0.31025353,-0.2108544,-0.3376328,-0.21627237,-0.41157344,-0.16189486,-0.33963516,-0.12923354,-0.27240965,V
0.0,0.0,0.114818975,-0.14221774,0.13289467,-0.33616486,-0.022756025,-0.40866742,-0.15585586,-0.3900579,0.10906081,-0.51780754,0.14952053,-0.7333496,0.1627277,-0.86598384,0.1656624,-0.9736436,-0.019211631,-0.49592936,-0.053494826,-0.73280615,-0.076576516,-0.88006103,-0.1045461,-1.0,-0.12706631,-0.4272848,-0.14417289,-0.52349544,-0.08291239,-0.41301048,-0.054423504,-0.32541406,-0.22027613,-0.33416185,-0.22106655,-0.4263015,-0.16350722,-0.35619894,-0.13456813,-0.28473112,V
0.0,0.0,0.12538677,-0.13795969,0.15143128,-0.33024597,-0.005104551,-0.3984048,-0.14112177,-0.38611138,0.11663933,-0.51449126,0.16790129,-0.7272019,0.18296991,-0.8566713,0.18867616,-0.9620866,-0.013537345,-0.49448687,-0.040839266,-0.73237073,-0.061888102,-0.8797011,-0.08525065,-1.0,-0.12024415,-0.42767316,-0.13116233,-0.52889127,-0.07442055,-0.41274375,-0.047442093,-0.32261178,-0.2090763,-0.33555463,-0.20680292,-0.41621894,-0.15007679,-0.3432682,-0.12063016,-0.2743587,V
0.0,0.0,0.12549378,-0.14041711,0.15466787,-0.33075023,-0.0008555966,-0.39741027,-0.13891773,-0.39240018,0.12325057,-0.51366216,0.17794295,-0.7252081,0.19467552,-0.85559064,0.20395909,-0.9632401,-0.0077222874,-0.49226835,-0.034108583,-0.72711235,-0.053889062,-0.87551564,-0.07652497,-1.0,-0.11791561,-0.4270522,-0.12522481,-0.5255359,-0.06717331,-0.4051171,-0.042765137,-0.31341147,-0.21018061,-0.3368138,-0.1989265,-0.41825286,-0.1458135,-0.3375353,-0.12537438,-0.263359,V
0.0,0.0,0.12813693,-0.13368684,0.15725027,-0.3261618,-0.0027548159,-0.39187416,-0.14725778,-0.3766573,0.11994594,-0.51096004,0.17742592,-0.71323824,0.19564284,-0.84291375,0.20622371,-0.95047235,-0.01317062,-0.48905793,-0.033056565,-0.7193573,-0.04803119,-0.87097466,-0.06651564,-1.0,-0.12279007,-0.42080572,-0.12653011,-0.5194942,-0.07082733,-0.3992163,-0.048169844,-0.31066406,-0.21161366,-0.32629016,-0.19318461,-0.4115335,-0.14130557,-0.32795116,-0.124232195,-0.25441793,V
0.0,0.0,0.18626116,-0.09107788,0.198708,-0.31403583,-0.018050056,-0.40238798,-0.18239222,-0.3709409,0.21578021,-0.42013457,0.25451565,-0.6706095,0.28297803,-0.8358738,0.31378138,-0.96461517,0.07950942,-0.419756,0.08749737,-0.68104863,0.0880683,-0.8588905,0.09861748,-1.0,-0.051066704,-0.38512012,-0.10621026,-0.5513512,-0.07768533,-0.40739015,-0.04948795,-0.29214278,-0.17763647,-0.31924865,-0.19164167,-0.42812845,-0.13235046,-0.31055266,-0.09396031,-0.2005739,V
0.0,0.0,0.12972407,-0.15641207,0.16341364,-0.33829802,0.03645931,-0.41466558,-0.107430205,-0.40884283,0.131133,-0.5380288,0.1855184,-0.7407459,0.20309114,-0.85869354,0.21838868,-0.9596231,0.0072250227,-0.51993823,-0.017599413,-0.74130315,-0.026922623,-0.88091385,-0.040029258,-1.0,-0.095592596,-0.45781878,-0.10586051,-0.53728485,-0.04567149,-0.4228803,-0.017449675,-0.33764574,-0.17735893,-0.3723939,-0.15726699,-0.44116578,-0.11251267,-0.3635183,-0.095878154,-0.29199448,V
0.0,0.0,0.12610838,-0.14370614,0.15849283,-0.33622655,-0.00046704095,-0.40143028,-0.14038439,-0.39730376,0.1288393,-0.5216503,0.18581046,-0.72553724,0.19990407,-0.8523708,0.20588158,-0.9592754,-0.0024931259,-0.50047207,-0.028800024,-0.7287035,-0.043287322,-0.87457055,-0.05923534,-1.0,-0.11200565,-0.43588305,-0.11468986,-0.52531,-0.05655209,-0.4078878,-0.03526069,-0.32180235,-0.2030673,-0.34824058,-0.18320265,-0.42832422,-0.12949304,-0.34538215,-0.10910097,-0.27076477,V
0.0,0.0,0.12399051,-0.14417118,0.15517724,-0.33512887,-0.007881522,-0.39856002,-0.14892393,-0.38070473,0.12347661,-0.52034426,0.18337505,-0.72588146,0.20212412,-0.85666573,0.21237172,-0.96266204,-0.009430425,-0.49752468,-0.034194622,-0.72606313,-0.047656517,-0.87422943,-0.06123655,-1.0,-0.119879946,-0.43077362,-0.12382456,-0.5224351,-0.06783367,-0.40436083,-0.0446101,-0.3147968,-0.21246044,-0.33976695,-0.20111637,-0.4236143,-0.14638206,-0.34591332,-0.12136293,-0.27350125,V
0.0,0.0,0.123308785,-0.13810058,0.14990176,-0.32759744,-0.010496714,-0.39212105,-0.15213685,-0.37658182,0.122557715,-0.5086661,0.17950697,-0.7132053,0.19769116,-0.84074676,0.20719579,-0.9475627,-0.011875367,-0.48631784,-0.036342748,-0.7224696,-0.051166296,-0.87284696,-0.06756256,-1.0,-0.12436017,-0.41620263,-0.12889789,-0.5229355,-0.07189509,-0.40219963,-0.048315644,-0.3065565,-0.2190037,-0.31945193,-0.2072895,-0.41337556,-0.15113696,-0.32948145,-0.12716563,-0.24807918,V
0.0,0.0,0.124825306,-0.13884397,0.14994475,-0.33295622,-0.008436283,-0.40681103,-0.14574447,-0.3966578,0.12235355,-0.50788206,0.17376836,-0.71708584,0.19093019,-0.84909195,0.20007294,-0.9569858,-0.009415928,-0.4845791,-0.034583084,-0.7208629,-0.053412266,-0.8724835,-0.07490691,-1.0,-0.12226275,-0.4150575,-0.12835786,-0.5253481,-0.071178034,-0.40103424,-0.047924094,-0.30553234,-0.21970014,-0.31901148,-0.20888713,-0.41822204,-0.15318878,-0.3340105,-0.13105586,-0.25398248,V
0.0,0.0,0.12488943,-0.13355958,0.1538329,-0.32333827,0.0025006796,-0.3903239,-0.1342809,-0.37407604,0.123627186,-0.5047412,0.17987834,-0.71512336,0.19768219,-0.84654945,0.20631671,-0.9541684,-0.0076673445,-0.48676443,-0.030019382,-0.7222112,-0.04461773,-0.8742548,-0.062142096,-1.0,-0.118561886,-0.42147434,-0.12272237,-0.5218809,-0.06633511,-0.4023747,-0.042155847,-0.30892143,-0.21185404,-0.329964,-0.19944543,-0.41484913,-0.14421414,-0.33668938,-0.12067613,-0.2622479,V
0.0,0.0,0.12878624,-0.13210115,0.15735997,-0.32972005,0.008520784,-0.4101925,-0.12628037,-0.38531694,0.1317063,-0.5132065,0.18495017,-0.7180453,0.20518441,-0.84662366,0.21442772,-0.9518619,0.0022460471,-0.49542385,-0.024637545,-0.73144835,-0.03494909,-0.8789238,-0.053835366,-1.0,-0.107488066,-0.42658347,-0.11902014,-0.5333201,-0.056920845,-0.4172889,-0.032275498,-0.32514656,-0.20404822,-0.33122438,-0.19823799,-0.43132824,-0.13927506,-0.358508,-0.11566984,-0.2843337,V
0.0,0.0,0.13245776,-0.13561366,0.1731867,-0.31629226,0.020173453,-0.39016083,-0.115265846,-0.39118576,0.1398724,-0.5061306,0.19511048,-0.71038413,0.21364243,-0.8390749,0.2230468,-0.94642866,0.010278552,-0.4903089,-0.009713335,-0.72811884,-0.024982149,-0.87651986,-0.04410639,-1.0,-0.10019396,-0.42466795,-0.112693846,-0.525058,-0.05817687,-0.40904817,-0.032759286,-0.31959772,-0.19540551,-0.33239403,-0.18374243,-0.40412548,-0.13491802,-0.32451954,-0.11621784,-0.25446355,V
0.0,0.0,0.1289721,-0.13374677,0.1641385,-0.31959826,0.0054210164,-0.3916731,-0.1310163,-0.3933234,0.13682728,-0.50100166,0.19667561,-0.7048309,0.21670577,-0.8339159,0.22683139,-0.94016314,0.0043991674,-0.48729464,-0.015584617,-0.7282625,-0.026647191,-0.8774577,-0.041808292,-1.0,-0.10965213,-0.42349347,-0.10820786,-0.53274196,-0.05368145,-0.41227746,-0.033379786,-0.3181354,-0.20712397,-0.33279344,-0.18196777,-0.4126702,-0.12894908,-0.3372866,-0.1109888,-0.2686614,V
0.0,0.0,0.12846243,-0.13924104,0.16081944,-0.32805863,0.012699206,-0.40124658,-0.12402267,-0.38940093,0.14805713,-0.49695322,0.208934,-0.70477456,0.22957782,-0.8365029,0.24319747,-0.9455238,0.019320078,-0.48398557,0.005964203,-0.7203827,-0.004008098,-0.87335306,-0.01713484,-1.0,-0.09377683,-0.4237907,-0.10265896,-0.5320605,-0.053327393,-0.41140065,-0.034026645,-0.31979278,-0.18960647,-0.33570877,-0.17556195,-0.4280364,-0.12784182,-0.34904584,-0.11466957,-0.2729012,V
0.0,0.0,0.20164567,-0.07605379,0.20583348,-0.3143061,0.020514412,-0.4497721,-0.1294208,-0.48435295,0.26661316,-0.426058,0.3197306,-0.67714536,0.35122192,-0.8473513,0.37796193,-0.99539953,0.1167926,-0.44254428,0.10748342,-0.68069863,0.09179859,-0.8582609,0.089603044,-1.0,-0.02690034,-0.422632,-0.07525769,-0.6110585,-0.06724197,-0.44503716,-0.052336793,-0.3213907,-0.15554264,-0.36700687,-0.17330347,-0.46621734,-0.12633263,-0.3425218,-0.092026904,-0.23229085,V
0.0,0.0,0.113225244,-0.02049137,0.15324396,-0.1279349,0.014070553,-0.22965334,-0.13249885,-0.3033873,0.21562126,-0.41937286,0.3145149,-0.62380844,0.36121672,-0.758766,0.39733464,-0.8871502,0.08298488,-0.4620578,0.10562073,-0.70534235,0.1083118,-0.86524785,0.11578121,-1.0,-0.03422657,-0.43034926,-0.075964294,-0.6305719,-0.104011744,-0.7706477,-0.11983155,-0.90089446,-0.13234034,-0.3400589,-0.13937622,-0.37070942,-0.11826054,-0.29731712,-0.106117986,-0.22497845,W
0.0,0.0,0.12845457,-0.050042756,0.17358163,-0.19737455,0.038679685,-0.29787746,-0.10366549,-0.35328847,0.23216486,-0.45226127,0.32093987,-0.6526493,0.35942623,-0.78552824,0.3839428,-0.90590215,0.103353314,-0.4845032,0.13150285,-0.72845817,0.13503857,-0.8798663,0.13605393,-1.0,-0.011031312,-0.451018,-0.04637889,-0.65923256,-0.06460208,-0.79647416,-0.082579724,-0.91884625,-0.10091865,-0.3663959,-0.09534815,-0.41957474,-0.06958487,-0.33530286,-0.05819081,-0.25395003,W
0.0,0.0,0.04810348,-0.12734433,0.069846794,-0.28306738,0.0058392207,-0.38326055,-0.08951252,-0.4537052,0.17960429,-0.5286026,0.23468374,-0.7229766,0.2543829,-0.8406237,0.26543143,-0.9461672,0.08116654,-0.5478086,0.09618766,-0.76353717,0.09780015,-0.88559145,0.10427109,-1.0,-0.008955977,-0.5173123,-0.050370634,-0.70483804,-0.07638923,-0.8348352,-0.081527725,-0.9596593,-0.08533217,-0.45654067,-0.14101219,-0.54900765,-0.14896613,-0.49963334,-0.13650198,-0.43431783,W
0.0,0.0,0.0066786073,-0.15302911,0.005029078,-0.33386338,-0.026093362,-0.46367797,-0.05759227,-0.55996597,0.10432953,-0.55831283,0.19876732,-0.7593413,0.23614958,-0.8713573,0.26303992,-0.9671564,0.038249142,-0.5797482,0.05118012,-0.8013094,0.04452025,-0.91084915,0.040863767,-1.0,-0.017275224,-0.5636451,-0.048764862,-0.72586244,-0.0660823,-0.7911765,-0.06804891,-0.8486993,-0.04646898,-0.5264167,-0.081845954,-0.6148192,-0.09040403,-0.6139687,-0.09098304,-0.60616064,W
0.0,0.0,0.13687451,-0.060481273,0.19940767,-0.211062,0.058756925,-0.31361154,-0.08321803,-0.37233683,0.22926484,-0.4574073,0.3149495,-0.66114205,0.36029974,-0.795586,0.38864973,-0.9147598,0.09546877,-0.49608386,0.11304098,-0.73304653,0.11319908,-0.8808257,0.11914527,-1.0,-0.016686372,-0.47221884,-0.04568137,-0.66782355,-0.06429059,-0.8073206,-0.07966311,-0.9300871,-0.105869606,-0.39467317,-0.0981124,-0.4330736,-0.07967332,-0.34048387,-0.071895614,-0.25275478,W
0.0,0.0,0.13028243,-0.07861532,0.1826173,-0.23197149,0.05396601,-0.33300507,-0.07787756,-0.3929764,0.21288738,-0.4735343,0.30427557,-0.66598064,0.3482314,-0.79080105,0.37171197,-0.903829,0.08520182,-0.5036127,0.111762166,-0.73720586,0.123051964,-0.8810146,0.12879159,-1.0,-0.024929278,-0.4727376,-0.056174114,-0.6716958,-0.06583384,-0.8160612,-0.079031445,-0.9414648,-0.11136978,-0.397076,-0.09020928,-0.43766958,-0.061851535,-0.34190205,-0.047872964,-0.24966733,W
0.0,0.0,0.12830414,-0.08711297,0.18259603,-0.23855762,0.0601504,-0.3338322,-0.06960211,-0.39250043,0.21044357,-0.48145285,0.3014926,-0.6720899,0.3435148,-0.79263735,0.36380473,-0.9040246,0.084278375,-0.5088941,0.11484881,-0.73883224,0.12604181,-0.8798285,0.12775557,-1.0,-0.02429176,-0.47556347,-0.053242084,-0.66827303,-0.061567623,-0.8135418,-0.07641532,-0.9404912,-0.10952176,-0.39829192,-0.084364034,-0.4379344,-0.052321795,-0.34339103,-0.036174588,-0.25081295,W
0.0,0.0,0.13184997,-0.08774171,0.18878162,-0.23902778,0.06292785,-0.33627355,-0.06447718,-0.39624742,0.2113961,-0.47558194,0.30110922,-0.6718845,0.34441155,-0.7937323,0.36673805,-0.9076911,0.08484866,-0.5016973,0.11635445,-0.7353188,0.12533848,-0.8784591,0.12431786,-1.0,-0.022969546,-0.46989393,-0.048566405,-0.6643288,-0.05767191,-0.80919003,-0.074662015,-0.9337487,-0.10795057,-0.39605883,-0.0860455,-0.44307587,-0.05561446,-0.35207215,-0.041106783,-0.26117247,W
0.0,0.0,0.12578283,-0.08653489,0.17951564,-0.23728396,0.057527058,-0.3314117,-0.06891561,-0.390155,0.20240699,-0.48077038,0.28776038,-0.6736611,0.3280722,-0.79429114,0.34744334,-0.90616006,0.07590263,-0.50451744,0.104309276,-0.7364665,0.11329006,-0.879487,0.112785034,-1.0,-0.032281537,-0.4693537,-0.059802353,-0.6625368,-0.068469726,-0.80674577,-0.085034035,-0.93070036,-0.11630818,-0.39110804,-0.095105425,-0.43199804,-0.06391749,-0.33813018,-0.049819723,-0.2451108,W
0.0,0.0,0.13019279,-0.09138764,0.18429334,-0.24429934,0.05987135,-0.33845603,-0.06827377,-0.39961797,0.20453851,-0.4753896,0.28826,-0.6687047,0.32805568,-0.7883579,0.3470661,-0.9009291,0.078022376,-0.49887586,0.103813626,-0.73345304,0.110778704,-0.8765302,0.10825161,-1.0,-0.029513044,-0.46366385,-0.062668316,-0.6555379,-0.07596451,-0.80102164,-0.0953266,-0.92779714,-0.1153324,-0.38683152,-0.0842204,-0.43025318,-0.049473394,-0.33407727,-0.030744689,-0.24167414,W
0.0,0.0,0.1276046,-0.0889464,0.1816997,-0.24044412,0.05447866,-0.33371493,-0.07423212,-0.38965344,0.20256387,-0.47930136,0.28705847,-0.675986,0.32676867,-0.7976788,0.34766024,-0.9103648,0.07562165,-0.50306016,0.099834785,-0.737011,0.107048936,-0.87907505,0.107480206,-1.0,-0.031118667,-0.46965483,-0.0646011,-0.6601613,-0.07719677,-0.806119,-0.09435602,-0.9328373,-0.11373613,-0.39353314,-0.09547196,-0.436527,-0.0662254,-0.34224975,-0.051694497,-0.24797796,W
0.0,0.0,0.12646851,-0.09141289,0.17677464,-0.2487119,0.050463274,-0.3417201,-0.080757745,-0.3977142,0.19828534,-0.4865427,0.2780962,-0.68085706,0.31693435,-0.80168724,0.3402517,-0.91572034,0.07242263,-0.5109861,0.09139564,-0.7407128,0.096754715,-0.88044685,0.09803125,-1.0,-0.034283098,-0.4776474,-0.07101795,-0.6698773,-0.08578162,-0.8132525,-0.10461374,-0.94045484,-0.115280986,-0.40025184,-0.10009824,-0.4474663,-0.07002689,-0.34952444,-0.054990225,-0.25191012,W
0.0,0.0,0.12735844,-0.09524355,0.17447442,-0.25144902,0.042908713,-0.34330904,-0.08660161,-0.40184063,0.1981511,-0.4875136,0.27943957,-0.6837709,0.3173877,-0.8061188,0.3360726,-0.92007446,0.07122595,-0.5097157,0.09231493,-0.74128556,0.09790178,-0.88091177,0.096392974,-1.0,-0.037399154,-0.47441557,-0.075139776,-0.6673494,-0.089164995,-0.8100562,-0.10939,-0.9343315,-0.1218478,-0.39749235,-0.09984163,-0.4413799,-0.063446715,-0.34626353,-0.043054484,-0.25273573,W
0.0,0.0,0.033973835,-0.094198294,0.049305916,-0.25094292,-0.029134504,-0.37936795,-0.13859132,-0.46100095,0.1801092,-0.51966745,0.23457314,-0.7215803,0.25537547,-0.8440842,0.2672621,-0.95462674,0.06759858,-0.5379838,0.07917119,-0.76010156,0.08192813,-0.8922469,0.089573726,-1.0,-0.036444183,-0.5030767,-0.07780618,-0.7043749,-0.10713054,-0.83420384,-0.115614675,-0.94770914,-0.11781016,-0.4299066,-0.17173289,-0.517441,-0.16996741,-0.45800003,-0.1557935,-0.37858254,W
0.0,0.0,0.12530835,-0.09260339,0.17878291,-0.2472854,0.059524406,-0.34997767,-0.071176134,-0.4143684,0.20376678,-0.48273414,0.27553505,-0.67727125,0.31413025,-0.8022647,0.3339844,-0.91915816,0.07702801,-0.5064652,0.094455965,-0.7373294,0.09749328,-0.87873846,0.095921375,-1.0,-0.030277135,-0.47357848,-0.06526542,-0.6601383,-0.08596167,-0.80362415,-0.109743886,-0.93105394,-0.114287734,-0.39884675,-0.0962882,-0.44291893,-0.06848475,-0.34846154,-0.05408916,-0.25891623,W
0.0,0.0,0.12608925,-0.08944721,0.17727251,-0.24536145,0.04922678,-0.3445188,-0.07949361,-0.40758115,0.20082405,-0.4853672,0.27874458,-0.68186355,0.31567407,-0.8039633,0.33317024,-0.9170388,0.07250148,-0.50861585,0.09388536,-0.7416792,0.09920559,-0.8812939,0.09780311,-1.0,-0.035436556,-0.4733716,-0.06990198,-0.67083275,-0.08536832,-0.8122858,-0.106946014,-0.9344882,-0.118334204,-0.39517596,-0.09925275,-0.449631,-0.066029176,-0.35844725,-0.04870586,-0.26647496,W
0.0,0.0,0.12706463,-0.096207574,0.17698692,-0.25651473,0.04758682,-0.35703236,-0.081652984,-0.42263028,0.2009031,-0.48914826,0.27811587,-0.687058,0.31344908,-0.8084312,0.32827216,-0.9209649,0.070797265,-0.5085495,0.091592185,-0.7430636,0.09709468,-0.88206667,0.093905926,-1.0,-0.038684156,-0.47126663,-0.076267004,-0.6661224,-0.09419782,-0.80906516,-0.11951977,-0.93073535,-0.122357726,-0.39322504,-0.099933386,-0.4387569,-0.06612167,-0.34582385,-0.049675763,-0.25382754,W
0.0,0.0,0.12972243,-0.09816096,0.17932345,-0.25555232,0.051072866,-0.35313106,-0.07647957,-0.41393775,0.203427,-0.48755065,0.27760607,-0.683388,0.3124234,-0.80351,0.3282409,-0.91533494,0.07324536,-0.5063791,0.09184293,-0.74050623,0.09673979,-0.8807413,0.094030395,-1.0,-0.03686896,-0.46803647,-0.07492228,-0.662424,-0.092024215,-0.80656606,-0.11440171,-0.9286639,-0.122719124,-0.38846922,-0.096643746,-0.4402441,-0.057585426,-0.35043114,-0.034806028,-0.2576949,W
0.0,0.0,0.13038924,-0.0936173,0.18232892,-0.2511851,0.05482199,-0.35348958,-0.07577829,-0.414633,0.2027186,-0.48492256,0.28132844,-0.68282735,0.31823373,-0.8020773,0.3345287,-0.9124106,0.07220686,-0.50469136,0.09587301,-0.7390084,0.104291566,-0.8797286,0.102623545,-1.0,-0.037386365,-0.46800265,-0.068546854,-0.66011053,-0.08125698,-0.80191743,-0.10233276,-0.9229943,-0.12090626,-0.39012152,-0.09878122,-0.4423046,-0.061717294,-0.35691026,-0.043243106,-0.2680276,W
0.0,0.0,0.13212329,-0.093253866,0.18851213,-0.25304434,0.057227254,-0.35848355,-0.07531694,-0.42049924,0.20651194,-0.4872966,0.28470078,-0.68464047,0.32226187,-0.8036216,0.3398633,-0.91282123,0.07554527,-0.50854367,0.09993187,-0.74014914,0.10984993,-0.8807371,0.10971525,-1.0,-0.034225527,-0.47282493,-0.06537345,-0.6640532,-0.07750147,-0.8079015,-0.099031165,-0.9279708,-0.11827117,-0.39744404,-0.09348749,-0.44225898,-0.0520218,-0.36099178,-0.031025682,-0.27624816,W
0.0,0.0,0.132086,-0.09181434,0.19510925,-0.24536216,0.065150015,-0.34580764,-0.06614895,-0.40322235,0.20824026,-0.4862844,0.28859916,-0.68065476,0.32714924,-0.79860413,0.34498322,-0.90627235,0.07505311,-0.50617784,0.09938838,-0.73915416,0.108608454,-0.88000906,0.108029224,-1.0,-0.034583833,-0.46853387,-0.06708463,-0.6598985,-0.07853721,-0.80846184,-0.097209774,-0.933668,-0.12082661,-0.3897203,-0.0881349,-0.43922472,-0.048718616,-0.34888372,-0.027888324,-0.25552562,W
0.0,0.0,0.12736069,-0.09108287,0.18659993,-0.25089625,0.06552624,-0.35730448,-0.07104302,-0.4159686,0.20139523,-0.49015233,0.2795371,-0.6862075,0.31912327,-0.8041062,0.33909777,-0.9098048,0.07063168,-0.5125085,0.09375403,-0.74244934,0.104541466,-0.8831469,0.104758136,-1.0,-0.038222764,-0.4767687,-0.06764295,-0.66801256,-0.07676171,-0.8182412,-0.096356474,-0.9423603,-0.12164069,-0.40096793,-0.08757791,-0.44257286,-0.044549093,-0.3567759,-0.024609983,-0.2672953,W
0.0,0.0,0.127569,-0.09166525,0.18897085,-0.25313106,0.0642561,-0.35689923,-0.074370265,-0.40887615,0.19867341,-0.48915055,0.27470198,-0.6840657,0.31029487,-0.8020067,0.3251264,-0.90803057,0.06808351,-0.51231676,0.09056776,-0.74219227,0.09939624,-0.88353014,0.09729086,-1.0,-0.039695207,-0.47508115,-0.06996549,-0.66857064,-0.080373295,-0.8180781,-0.1004249,-0.9418155,-0.12260249,-0.39566672,-0.09009023,-0.4365342,-0.048141647,-0.35155568,-0.028302314,-0.26326847,W
0.0,0.0,0.12894583,-0.097382486,0.188011,-0.26293197,0.06022354,-0.36271855,-0.07923242,-0.4070067,0.1974904,-0.48596758,0.2747031,-0.6808447,0.30963576,-0.79919827,0.32249042,-0.90302384,0.06790944,-0.5108146,0.08986495,-0.7450919,0.097489655,-0.886756,0.09261588,-1.0,-0.040644795,-0.4748082,-0.06913381,-0.67020196,-0.07989943,-0.8166678,-0.102046326,-0.9356895,-0.12591167,-0.3966263,-0.088062026,-0.43123066,-0.04227811,-0.34612364,-0.021410901,-0.25795445,W
0.0,0.0,0.04279875,-0.10147864,0.04499249,-0.26799482,-0.058404718,-0.39469826,-0.17243387,-0.4698037,0.18668257,-0.5000301,0.23559028,-0.7085064,0.25046203,-0.83323735,0.25624862,-0.9501403,0.078725524,-0.519013,0.09311609,-0.74524397,0.08243273,-0.8792955,0.07713632,-1.0,-0.021958392,-0.49022537,-0.06259992,-0.68894124,-0.09117215,-0.8149178,-0.10268634,-0.9401158,-0.09942021,-0.42220536,-0.1539718,-0.5128058,-0.15393625,-0.44806325,-0.14240931,-0.37310132,W
0.0,0.0,0.12597759,-0.09652417,0.18795767,-0.25686815,0.057271376,-0.3526712,-0.07924449,-0.3996388,0.20369934,-0.49353534,0.28101817,-0.685612,0.31287938,-0.8105626,0.3250535,-0.9193464,0.075454526,-0.51658255,0.095258854,-0.752473,0.103281364,-0.8908728,0.10681389,-1.0,-0.030868677,-0.48038277,-0.06881254,-0.6768736,-0.07524951,-0.81053585,-0.0850306,-0.92217624,-0.1137796,-0.40170142,-0.08706406,-0.44514722,-0.039570034,-0.36728844,-0.011507772,-0.28811905,W
0.0,0.0,0.13122919,-0.09080221,0.20272875,-0.25316724,0.07669104,-0.35710478,-0.06513212,-0.40784624,0.19728586,-0.49163687,0.2761511,-0.68702644,0.31304732,-0.8070375,0.32908905,-0.9125042,0.066570744,-0.51574206,0.09037697,-0.74769074,0.098534614,-0.88880104,0.09365858,-1.0,-0.039285786,-0.47858953,-0.065628,-0.6690865,-0.07341689,-0.8090893,-0.092447326,-0.922193,-0.12064896,-0.3992338,-0.08676902,-0.4305453,-0.039490107,-0.35025468,-0.015768688,-0.2670176,W
0.0,0.0,0.1310072,-0.09509083,0.19489177,-0.2610427,0.06830806,-0.35718235,-0.076525874,-0.4023175,0.1938417,-0.4960006,0.26604018,-0.69096744,0.30122545,-0.80797553,0.31664225,-0.9114377,0.062895685,-0.51919,0.08045044,-0.74598926,0.08792376,-0.8884466,0.08153978,-1.0,-0.04555099,-0.4808819,-0.07087607,-0.67119825,-0.07893938,-0.81715703,-0.10027787,-0.9361198,-0.12901458,-0.4004036,-0.07380428,-0.42527986,-0.024740128,-0.33463046,-0.0046971748,-0.24421583,W
0.0,0.0,0.12605442,-0.095453605,0.18771768,-0.26138043,0.05852575,-0.35344136,-0.08373601,-0.40049982,0.19466193,-0.50051254,0.2627379,-0.69077045,0.2969468,-0.80804276,0.3117163,-0.9126788,0.06278459,-0.5226763,0.07627388,-0.7485131,0.08164783,-0.888601,0.077345215,-1.0,-0.04621312,-0.48291293,-0.07107838,-0.67216134,-0.07833559,-0.8158962,-0.09689818,-0.93404955,-0.13186468,-0.39968264,-0.07880303,-0.42383415,-0.029891009,-0.32946393,-0.007877115,-0.23509733,W
0.0,0.0,0.1308082,-0.094332114,0.19231066,-0.25648063,0.06428216,-0.35417864,-0.07117628,-0.40539292,0.19608185,-0.5012764,0.26813352,-0.69925535,0.30440113,-0.8182535,0.31875396,-0.9245069,0.06672216,-0.52166015,0.0823661,-0.7479353,0.087652,-0.8873543,0.08179696,-1.0,-0.041000646,-0.48174977,-0.0671692,-0.6744122,-0.07246893,-0.8225057,-0.0912359,-0.9443301,-0.12708998,-0.40023234,-0.07636612,-0.43986252,-0.025936292,-0.349348,-0.00428262,-0.25418767,W
0.0,0.0,0.124512546,-0.09146315,0.18601832,-0.25620803,0.06662758,-0.36071673,-0.07096786,-0.4138823,0.18941462,-0.49403164,0.26071388,-0.69148254,0.29703185,-0.8112699,0.3124111,-0.9172729,0.060131375,-0.5157821,0.079734586,-0.7457015,0.085811794,-0.8877833,0.07975651,-1.0,-0.04739088,-0.4770164,-0.069733895,-0.6683346,-0.07550435,-0.8155558,-0.09438401,-0.9359284,-0.13200122,-0.39595702,-0.0823343,-0.43021888,-0.033388063,-0.34517446,-0.013043273,-0.25770336,W
0.0,0.0,0.12867603,-0.09377287,0.1895144,-0.26092896,0.05881768,-0.35899925,-0.07908206,-0.40936533,0.19311449,-0.50019646,0.26315624,-0.6993058,0.29881474,-0.81844574,0.31192592,-0.923804,0.06251187,-0.5203875,0.07956714,-0.75137097,0.08506009,-0.89027023,0.077043846,-1.0,-0.045556277,-0.4797643,-0.06997348,-0.6701894,-0.07642234,-0.81228244,-0.09722718,-0.9293058,-0.13056828,-0.39785108,-0.08110318,-0.43522772,-0.031309765,-0.34944955,-0.010676641,-0.26176623,W
0.0,0.0,0.12791798,-0.09128746,0.18964952,-0.25504482,0.064197056,-0.3523194,-0.07490824,-0.40324855,0.19380613,-0.5013785,0.2604531,-0.6984001,0.29433838,-0.8173973,0.30783954,-0.9228964,0.06348267,-0.520713,0.074391715,-0.75023663,0.078273565,-0.89008445,0.07154617,-1.0,-0.045764606,-0.47894594,-0.074293725,-0.6693088,-0.082641765,-0.8137148,-0.10463355,-0.93324965,-0.13451883,-0.39397025,-0.07696722,-0.4308409,-0.024667159,-0.33837464,-0.0044065183,-0.24372521,W
0.0,0.0,0.12806652,-0.09373659,0.18807197,-0.25601512,0.059685268,-0.3533034,-0.07442436,-0.40754142,0.192042,-0.50294536,0.26058936,-0.70171106,0.2962181,-0.8213965,0.31164512,-0.927539,0.060086038,-0.52114975,0.07473824,-0.7491634,0.07934541,-0.88932735,0.07353731,-1.0,-0.049735066,-0.47942728,-0.079835236,-0.6688362,-0.08672307,-0.8137756,-0.10494195,-0.93312526,-0.13693193,-0.3952245,-0.088596575,-0.4236923,-0.038892373,-0.32927874,-0.01618727,-0.23414595,W
0.0,0.0,0.13210486,-0.093611784,0.1923563,-0.2556326,0.06184142,-0.3554562,-0.070341945,-0.40954462,0.19597818,-0.50284386,0.26611143,-0.7014964,0.3013076,-0.82336855,0.31511185,-0.9299625,0.0629964,-0.5186827,0.07596516,-0.746383,0.080398746,-0.88831484,0.07517586,-1.0,-0.046820175,-0.4754455,-0.077109374,-0.6665568,-0.08432092,-0.81722564,-0.10323464,-0.94020337,-0.13436924,-0.3901095,-0.08131109,-0.42595473,-0.026860457,-0.33505785,-0.0012051801,-0.24014936,W
0.0,0.0,0.05311759,-0.09539473,0.05242604,-0.25978714,-0.047130793,-0.39360884,-0.16399845,-0.4815475,0.18031321,-0.50791776,0.20845447,-0.7170817,0.22252099,-0.84760386,0.23137172,-0.96619606,0.07216031,-0.52694786,0.06807362,-0.7541696,0.05524371,-0.888915,0.052701138,-1.0,-0.033080343,-0.49927586,-0.078074075,-0.706903,-0.10914032,-0.8399981,-0.12336791,-0.95819265,-0.11607285,-0.43235806,-0.17363922,-0.5164088,-0.17890596,-0.4614444,-0.17049122,-0.3922138,W
0.0,0.0,0.12241968,-0.09547081,0.19521792,-0.25948766,0.080466904,-0.36672774,-0.049052384,-0.41949016,0.19380611,-0.4987617,0.27663282,-0.6965343,0.3151822,-0.81571335,0.33045086,-0.9209524,0.071237266,-0.5205426,0.106378965,-0.7502444,0.118580244,-0.8880399,0.11544471,-1.0,-0.031327885,-0.4839686,-0.042138606,-0.6709683,-0.044195227,-0.809312,-0.060828257,-0.9271578,-0.11518923,-0.4064722,-0.057098314,-0.44542724,-0.010685661,-0.35253012,0.007864534,-0.26029572,W
0.0,0.0,0.12934977,-0.09833835,0.19399579,-0.26269552,0.06565793,-0.36101672,-0.07162359,-0.40739515,0.19869708,-0.5034647,0.26704672,-0.7008801,0.30205524,-0.81809264,0.31538764,-0.92350376,0.066323005,-0.52030295,0.0825938,-0.7487501,0.08774344,-0.88796884,0.08116072,-1.0,-0.042824913,-0.47688234,-0.072166465,-0.6631941,-0.08053706,-0.80987954,-0.10009389,-0.9320318,-0.12916358,-0.39136425,-0.085393146,-0.4186525,-0.03663258,-0.3262649,-0.014295182,-0.23205158,W
0.0,0.0,0.13252151,-0.09019295,0.1988706,-0.25516275,0.07281185,-0.36060587,-0.059996814,-0.4185346,0.19651206,-0.4999298,0.26079264,-0.69838417,0.29526466,-0.82034963,0.31001154,-0.92894423,0.0660267,-0.5206011,0.079460055,-0.7483369,0.08504606,-0.88983935,0.07924631,-1.0,-0.041820362,-0.48199546,-0.06583327,-0.6688032,-0.071234606,-0.81122935,-0.09029752,-0.92577463,-0.1273372,-0.4002777,-0.07622252,-0.42103416,-0.027195077,-0.32696784,-0.007270337,-0.23269548,W
0.0,0.0,0.1280976,-0.09468304,0.18598631,-0.26241708,0.061125968,-0.36283988,-0.07130486,-0.41106516,0.18664011,-0.49479926,0.25009242,-0.699591,0.28348407,-0.8226507,0.297497,-0.93250805,0.057616554,-0.5139316,0.07132513,-0.7461167,0.075944535,-0.88871664,0.07171885,-1.0,-0.05001284,-0.47683692,-0.07832951,-0.6703541,-0.08363091,-0.81857985,-0.099466376,-0.9400516,-0.13550544,-0.3983587,-0.09218861,-0.4343566,-0.047395207,-0.3431078,-0.027884481,-0.24824856,W
0.0,0.0,0.1355831,-0.09278615,0.19766165,-0.26173654,0.06907294,-0.36451417,-0.067053154,-0.4162541,0.18752742,-0.50286794,0.253086,-0.70267934,0.2880359,-0.8269702,0.30130494,-0.93573385,0.057257432,-0.51990885,0.066618495,-0.7487026,0.07161079,-0.8891672,0.065918885,-1.0,-0.051499195,-0.47874558,-0.0822556,-0.67074347,-0.0906826,-0.81920856,-0.11049333,-0.94282746,-0.13872835,-0.39538798,-0.08239915,-0.43492088,-0.029523736,-0.34448266,-0.0049286704,-0.253115,W
0.0,0.0,0.12935483,-0.0916007,0.1904967,-0.2540329,0.06715048,-0.35532382,-0.061250016,-0.40924233,0.19074483,-0.49229455,0.25726807,-0.69395685,0.29178154,-0.81774426,0.30712196,-0.9271165,0.06077499,-0.5137118,0.07225259,-0.7437737,0.07475896,-0.8864909,0.06961803,-1.0,-0.04551798,-0.47874644,-0.074911356,-0.6677832,-0.08339784,-0.81605154,-0.0992918,-0.9375503,-0.12830353,-0.4015819,-0.09123776,-0.43443197,-0.04896873,-0.34362867,-0.027346725,-0.24934639,W
0.0,0.0,0.13175105,-0.095617004,0.18737447,-0.26273397,0.056473915,-0.35979572,-0.08089388,-0.4014377,0.19027336,-0.49446154,0.25913727,-0.7009704,0.2927982,-0.8288026,0.30684674,-0.9410664,0.058691062,-0.5164023,0.07265221,-0.74875426,0.0772911,-0.89037734,0.07417041,-1.0,-0.05123687,-0.48004514,-0.08070694,-0.67587125,-0.0848227,-0.82305616,-0.099461265,-0.9419734,-0.13571323,-0.40195754,-0.10728757,-0.4357101,-0.062057562,-0.35489318,-0.040182374,-0.26685995,W
0.0,0.0,0.13499257,-0.09635786,0.19261567,-0.26354766,0.066459276,-0.35920882,-0.06607764,-0.40599772,0.19510587,-0.4976495,0.2620421,-0.70459527,0.2944334,-0.83109057,0.30760875,-0.9426933,0.06469861,-0.51895803,0.07631333,-0.74988586,0.07910505,-0.8901815,0.075677544,-1.0,-0.045949876,-0.48135695,-0.07670192,-0.6763356,-0.083204575,-0.8270046,-0.097785145,-0.95176405,-0.13187183,-0.4007041,-0.10315795,-0.43011642,-0.058474492,-0.34160706,-0.035804987,-0.24911691,W
0.0,0.0,0.13289997,-0.08950148,0.18921232,-0.25803623,0.062263314,-0.36051276,-0.07493439,-0.41063446,0.19472985,-0.49295637,0.26109424,-0.7006074,0.29214972,-0.8300668,0.3045378,-0.9419689,0.064198375,-0.5195735,0.07594245,-0.74987733,0.0801632,-0.89223206,0.07817205,-1.0,-0.046856,-0.48449555,-0.08207031,-0.68195367,-0.09099685,-0.83219445,-0.1080408,-0.95344496,-0.13248894,-0.40460467,-0.10542565,-0.4332962,-0.062017012,-0.34836552,-0.042852007,-0.25730306,W
0.0,0.0,0.13349505,-0.09019642,0.19027072,-0.25947675,0.06051218,-0.3595599,-0.07864561,-0.40617517,0.19330695,-0.49469998,0.25602093,-0.7027934,0.2852561,-0.8310143,0.29581687,-0.94526166,0.0631755,-0.519295,0.07598114,-0.7491899,0.07729881,-0.8897963,0.072372355,-1.0,-0.048721116,-0.4836685,-0.08262483,-0.68234694,-0.09315665,-0.83267856,-0.11182097,-0.95861983,-0.13612252,-0.40373284,-0.10568815,-0.4349861,-0.0626927,-0.3454854,-0.042649634,-0.25340536,W
0.0,0.0,0.032788243,-0.08691298,0.027109526,-0.24796204,-0.05838927,-0.38593614,-0.16448165,-0.48440927,0.18946843,-0.5088471,0.23605189,-0.71468866,0.2500244,-0.8414223,0.25926703,-0.9520579,0.07967471,-0.53073514,0.08046807,-0.75270426,0.06861459,-0.8900563,0.07043372,-1.0,-0.025022773,-0.50149757,-0.068233445,-0.7073963,-0.09648217,-0.83413696,-0.10208535,-0.9488907,-0.10378585,-0.43309465,-0.15570892,-0.5124839,-0.15681474,-0.45590556,-0.14427692,-0.38978377,W
0.0,0.0,0.1309587,-0.0936576,0.20566532,-0.25851166,0.078486994,-0.3699531,-0.06572161,-0.42425504,0.20134646,-0.49762866,0.27172124,-0.7067076,0.30271396,-0.8348994,0.32205915,-0.9445554,0.068664365,-0.5175449,0.08472274,-0.74855393,0.090395175,-0.88865006,0.089872,-1.0,-0.04053314,-0.47695917,-0.06995505,-0.68468744,-0.08124671,-0.82245594,-0.099465266,-0.93645144,-0.12127418,-0.39535543,-0.0956053,-0.45440546,-0.05428897,-0.38050666,-0.035457727,-0.2999236,W
0.0,0.0,0.1306821,-0.09335353,0.18960533,-0.26408583,0.058195315,-0.36092582,-0.08825606,-0.39819443,0.18969303,-0.49458155,0.25453803,-0.7031555,0.28502914,-0.83051586,0.29645112,-0.94295216,0.059258934,-0.51776415,0.07548066,-0.7493057,0.07833685,-0.8905706,0.07330058,-1.0,-0.05159795,-0.48071802,-0.086730786,-0.6743755,-0.09861955,-0.8219626,-0.11876425,-0.94428074,-0.1372174,-0.40036348,-0.110840455,-0.4341813,-0.06865616,-0.34847492,-0.04898941,-0.25798255,W
0.0,0.0,0.13600579,-0.090658456,0.19601947,-0.2566603,0.06667964,-0.3519689,-0.077272266,-0.39076918,0.19379154,-0.49865815,0.25927442,-0.70242494,0.29081,-0.8276034,0.30362597,-0.93977374,0.064035475,-0.5218991,0.07815308,-0.7473627,0.08123753,-0.8882232,0.07641342,-1.0,-0.04617825,-0.4825368,-0.08359393,-0.6700905,-0.09825374,-0.8184342,-0.12067995,-0.94300914,-0.13225105,-0.39801517,-0.09745223,-0.42666602,-0.05041096,-0.3363217,-0.028504984,-0.24390481,W
0.0,0.0,0.13111791,-0.09243598,0.1894212,-0.25797102,0.05945927,-0.35177752,-0.08690417,-0.40055826,0.19064763,-0.49690613,0.25833625,-0.7043608,0.29016018,-0.83058256,0.30401218,-0.9424945,0.05882104,-0.52060133,0.07579072,-0.74875814,0.08027916,-0.8900107,0.07649836,-1.0,-0.053949114,-0.48123676,-0.08846366,-0.6732695,-0.10000878,-0.82132334,-0.12026858,-0.94472355,-0.14035143,-0.39677024,-0.10990971,-0.4234278,-0.06472847,-0.33403215,-0.043193705,-0.24197286,W
0.0,0.0,0.13891429,-0.088705234,0.20185,-0.2557549,0.07159276,-0.3579429,-0.07333019,-0.39974928,0.19634497,-0.49114284,0.26654363,-0.6997135,0.29998067,-0.82760227,0.31360418,-0.94218993,0.065621294,-0.5156668,0.08114256,-0.74850476,0.08603873,-0.88878775,0.083016194,-1.0,-0.04529363,-0.4800015,-0.07986948,-0.6747776,-0.09173248,-0.8317364,-0.11151937,-0.965957,-0.13118456,-0.39921933,-0.090795316,-0.4402319,-0.047004655,-0.34855402,-0.028746106,-0.25210655,W
0.0,0.0,0.13713852,-0.0874441,0.20037954,-0.25341517,0.07185802,-0.35587382,-0.07177627,-0.40366966,0.1998563,-0.49437794,0.2696009,-0.69957167,0.30384415,-0.82619154,0.31855682,-0.9383732,0.06965633,-0.5221489,0.08719455,-0.7498997,0.09232568,-0.8899982,0.08949031,-1.0,-0.042245425,-0.48653483,-0.07574903,-0.68175477,-0.085831225,-0.8298645,-0.10450995,-0.95250815,-0.130931,-0.4047012,-0.10038162,-0.43426433,-0.05264834,-0.3500175,-0.028656777,-0.26154456,W
0.0,0.0,0.14023331,-0.08333044,0.20897403,-0.2517414,0.08085046,-0.36067334,-0.06227692,-0.41484967,0.20946324,-0.48971707,0.2831377,-0.6980977,0.3204056,-0.82630855,0.3375112,-0.93975365,0.077841744,-0.51812196,0.098213516,-0.7478228,0.103902936,-0.8886021,0.10169989,-1.0,-0.03412728,-0.48565376,-0.060676664,-0.68111956,-0.070886746,-0.8323351,-0.08941312,-0.961061,-0.12132652,-0.40780753,-0.08772482,-0.444159,-0.044632714,-0.35591927,-0.025691323,-0.2658502,W
0.0,0.0,0.14343445,-0.08349031,0.21781726,-0.250243,0.08306289,-0.36192447,-0.061568752,-0.41511235,0.21970214,-0.48485345,0.29984134,-0.69150645,0.3377643,-0.8187477,0.3547077,-0.92999166,0.09006619,-0.5127429,0.11737546,-0.7472349,0.1278843,-0.8887932,0.12883505,-1.0,-0.021304524,-0.47947875,-0.04724389,-0.681264,-0.0539832,-0.83083856,-0.06784944,-0.9564512,-0.11160101,-0.40201673,-0.080681436,-0.43598193,-0.038451355,-0.3453762,-0.016432624,-0.25456354,W
0.0,0.0,0.13803516,-0.081662305,0.20924816,-0.24678363,0.07472105,-0.35723197,-0.066508904,-0.41010386,0.2154344,-0.4785179,0.3017309,-0.679665,0.34199694,-0.80546105,0.35994068,-0.9146157,0.08584275,-0.5099483,0.11730102,-0.74483716,0.12761997,-0.8870131,0.12984596,-1.0,-0.027094617,-0.47944424,-0.05188552,-0.6825085,-0.05710115,-0.8318116,-0.06764588,-0.9594734,-0.119458966,-0.40267438,-0.09627285,-0.4337366,-0.06196363,-0.33459508,-0.04358281,-0.23906949,W
0.0,0.0,0.13285626,-0.07878961,0.20265374,-0.23834962,0.078552075,-0.34911746,-0.055050094,-0.4136069,0.21126081,-0.4705952,0.29757228,-0.6654847,0.33897638,-0.7875062,0.35835454,-0.89342314,0.084695034,-0.5079084,0.116650395,-0.7442064,0.13154815,-0.8884768,0.13830495,-1.0,-0.027800234,-0.48025814,-0.04649738,-0.68326,-0.047880266,-0.83098614,-0.054784015,-0.9526712,-0.12222065,-0.40432423,-0.10550995,-0.4309229,-0.0742783,-0.34447145,-0.05976389,-0.2587765,W
0.0,0.0,0.033597924,-0.10372327,0.032074697,-0.27393144,-0.056363888,-0.4087114,-0.1536329,-0.49415907,0.18692805,-0.5090401,0.23578818,-0.71385896,0.2527808,-0.8392094,0.26220334,-0.95256394,0.0837473,-0.5262513,0.084775,-0.74912065,0.07650248,-0.88254476,0.074556075,-1.0,-0.013918472,-0.4964487,-0.05570193,-0.7013871,-0.08188483,-0.8305596,-0.086433016,-0.9570759,-0.09400124,-0.43439767,-0.14241499,-0.53509164,-0.14210653,-0.4778036,-0.1291842,-0.40831047,W
0.0,0.0,0.13417295,-0.09211677,0.19317973,-0.25695905,0.07018177,-0.361332,-0.064826705,-0.42119446,0.2013084,-0.47525588,0.28341344,-0.67330045,0.32908037,-0.79929775,0.3549629,-0.91050816,0.07374095,-0.50597423,0.10460572,-0.742648,0.12024465,-0.88723904,0.12846418,-1.0,-0.03801864,-0.47693735,-0.058879137,-0.6786213,-0.061346587,-0.8263302,-0.06901772,-0.95021856,-0.12794934,-0.40281597,-0.10346548,-0.43836895,-0.0729098,-0.34351805,-0.05600241,-0.25220886,W
0.0,0.0,0.13372386,-0.08988719,0.2048494,-0.25022483,0.084593005,-0.3554666,-0.048618633,-0.41668713,0.20723681,-0.48022932,0.29189464,-0.68113685,0.33464453,-0.8049467,0.35441807,-0.9120867,0.07770985,-0.50854987,0.11191517,-0.74465185,0.12925139,-0.8869548,0.13554473,-1.0,-0.035221916,-0.47469547,-0.051839393,-0.67232454,-0.04996114,-0.81834954,-0.057192974,-0.9415544,-0.12787741,-0.39597777,-0.09437764,-0.43803468,-0.05657065,-0.35069272,-0.040603545,-0.26201728,W
0.0,0.0,0.13652268,-0.08594266,0.20737705,-0.24787377,0.08599511,-0.35556787,-0.047760762,-0.42071238,0.20974617,-0.48002052,0.29403278,-0.6792837,0.33348146,-0.8041277,0.3508108,-0.9158246,0.08073003,-0.51157695,0.11160616,-0.7452544,0.1254986,-0.88737136,0.1285072,-1.0,-0.031062149,-0.48147434,-0.045906126,-0.6781696,-0.042913936,-0.82336056,-0.051571943,-0.94456834,-0.120584704,-0.40654373,-0.08803326,-0.44674015,-0.050727464,-0.36052024,-0.038225267,-0.27107847,W
0.0,0.0,0.13533087,-0.086449854,0.20462628,-0.24475235,0.078613706,-0.34711254,-0.05564694,-0.4086978,0.20760956,-0.48221055,0.2901589,-0.6777083,0.33055243,-0.8018957,0.34791687,-0.9131036,0.079370454,-0.51381,0.10775057,-0.74604374,0.12007314,-0.8874565,0.12094542,-1.0,-0.030714024,-0.48243472,-0.051983044,-0.6763114,-0.054726455,-0.81848925,-0.06768114,-0.936659,-0.119713776,-0.40548873,-0.09050469,-0.44604057,-0.055046123,-0.36049885,-0.041419853,-0.2730541,W
0.0,0.0,0.13918586,-0.08834366,0.20745805,-0.24942285,0.07214714,-0.35334188,-0.066919856,-0.4079642,0.20927207,-0.48397875,0.28515127,-0.6840865,0.31924748,-0.811692,0.3314486,-0.9259522,0.07632605,-0.5085728,0.1046461,-0.74480176,0.11468322,-0.88623726,0.112078115,-1.0,-0.037464276,-0.47398275,-0.06226511,-0.67286175,-0.06680462,-0.81636935,-0.08339503,-0.936132,-0.13094084,-0.3964377,-0.09738037,-0.4391345,-0.056993715,-0.35037708,-0.039559808,-0.26177588,W
0.0,0.0,0.1337641,-0.09091946,0.18815948,-0.2566193,0.05298982,-0.35104224,-0.088830404,-0.39325285,0.19524595,-0.4882605,0.26658514,-0.6872493,0.30055967,-0.812891,0.31431127,-0.924791,0.06416912,-0.50917673,0.08499171,-0.743276,0.094849855,-0.8859071,0.09494016,-1.0,-0.049018122,-0.47185922,-0.08093261,-0.66689414,-0.087684676,-0.8098032,-0.10391661,-0.9290419,-0.13794497,-0.39461324,-0.10405961,-0.43173414,-0.065405,-0.34016907,-0.048845727,-0.25012517,W
0.0,0.0,0.13094193,-0.09166008,0.18362649,-0.25376984,0.049541123,-0.3508954,-0.088468194,-0.39505163,0.19202451,-0.48826456,0.2665044,-0.6830999,0.3018389,-0.8053318,0.31633258,-0.9163607,0.062310103,-0.5094253,0.0824513,-0.742619,0.08984537,-0.8840063,0.08626592,-1.0,-0.048077468,-0.47068736,-0.08207011,-0.6586935,-0.09044586,-0.79973406,-0.10948079,-0.91739976,-0.13489792,-0.39072382,-0.10486087,-0.42177373,-0.0634122,-0.33355272,-0.044180505,-0.24719003,W
0.0,0.0,0.13001804,-0.09215358,0.17989409,-0.25305244,0.041622017,-0.34687296,-0.100847885,-0.3886802,0.18693106,-0.488969,0.26251486,-0.68738294,0.29628223,-0.81052125,0.31033483,-0.9227816,0.05806145,-0.5094047,0.07734176,-0.7420697,0.08546603,-0.8823273,0.08296741,-1.0,-0.05060195,-0.4722006,-0.08410716,-0.6596735,-0.09217695,-0.8008022,-0.11331764,-0.9195079,-0.1326504,-0.3953275,-0.10801552,-0.44314596,-0.06991097,-0.36168873,-0.056707304,-0.27614433,W
0.0,0.0,0.122285634,-0.094169766,0.16858828,-0.24999304,0.038373508,-0.33955842,-0.095663466,-0.38697731,0.17662251,-0.48418146,0.25379393,-0.6820123,0.28937936,-0.8039915,0.30698064,-0.9148045,0.048458118,-0.50234544,0.06515759,-0.73509324,0.069570296,-0.8782331,0.06668111,-1.0,-0.05911651,-0.46350902,-0.09686225,-0.65379626,-0.10852238,-0.79889625,-0.12728883,-0.92443466,-0.14278302,-0.38365993,-0.12018407,-0.42894495,-0.08101317,-0.3404734,-0.060290225,-0.25247538,W
0.0,0.0,0.1212234,-0.09827555,0.16329294,-0.2548465,0.029285114,-0.34150276,-0.10666971,-0.38853294,0.173982,-0.49023056,0.24403599,-0.68878716,0.27863297,-0.8089613,0.29780474,-0.92058176,0.04588159,-0.50717086,0.061801404,-0.735206,0.06630477,-0.8770413,0.063934036,-1.0,-0.06177446,-0.46762383,-0.10074707,-0.6547115,-0.11588222,-0.7990538,-0.13761537,-0.9245455,-0.14405212,-0.38828465,-0.12217782,-0.42689002,-0.08452309,-0.33467978,-0.06440683,-0.24513736,W
0.0,0.0,-0.0113181975,-0.12931627,0.013302438,-0.2901622,-0.022585565,-0.41123536,-0.11546516,-0.48926538,0.16618699,-0.5480681,0.2191955,-0.7361646,0.23759547,-0.8619355,0.24937907,-0.9682168,0.08065028,-0.5572328,0.087746255,-0.76388884,0.080772534,-0.8881252,0.08561653,-1.0,-0.00093021826,-0.52239513,-0.033383526,-0.7095452,-0.0574248,-0.83932984,-0.05386401,-0.9573474,-0.07413428,-0.45744947,-0.13801445,-0.53712285,-0.14710547,-0.48272198,-0.12818903,-0.41241604,W
0.0,0.0,0.12172822,-0.08865673,0.16837408,-0.24527375,0.037382208,-0.34512517,-0.10038027,-0.4060825,0.17989317,-0.47155583,0.2388756,-0.6732306,0.27026892,-0.7973159,0.28711125,-0.9099085,0.051358197,-0.49076957,0.057663605,-0.7283008,0.05453963,-0.8775298,0.050977986,-1.0,-0.054562844,-0.4562099,-0.09569019,-0.650744,-0.11455521,-0.7876013,-0.13469222,-0.91017175,-0.13481006,-0.378036,-0.112565756,-0.41970524,-0.08059513,-0.33111766,-0.06472489,-0.24812694,W
0.0,0.0,0.12462753,-0.1028034,0.16942698,-0.26249284,0.038453814,-0.34787565,-0.09839745,-0.38871977,0.17883043,-0.48653793,0.24803922,-0.6839827,0.28144684,-0.80318403,0.29945758,-0.9124732,0.048966315,-0.5035637,0.06579663,-0.73295784,0.07306869,-0.8761271,0.07320152,-1.0,-0.060556937,-0.464981,-0.09325718,-0.65775263,-0.10536965,-0.7993521,-0.12545145,-0.92554396,-0.14202636,-0.38546968,-0.11681242,-0.43438828,-0.08059271,-0.3456477,-0.06393634,-0.25837803,W
0.0,0.0,0.1228468,-0.09911354,0.17149386,-0.2576844,0.04420513,-0.3437296,-0.095975436,-0.38773066,0.18393792,-0.48580292,0.25331065,-0.6853198,0.2860448,-0.80764264,0.3007207,-0.9187731,0.05290123,-0.50537837,0.0771408,-0.7374926,0.08668332,-0.8809447,0.08597101,-1.0,-0.05870679,-0.46519744,-0.08730906,-0.6620277,-0.09443278,-0.80290717,-0.11078758,-0.92333835,-0.14309336,-0.38388386,-0.11859664,-0.4268778,-0.08144539,-0.3395942,-0.06400892,-0.25210306,W
0.0,0.0,0.1286402,-0.096708745,0.1801307,-0.25541222,0.052651785,-0.3431116,-0.09003111,-0.3881501,0.18810523,-0.48037377,0.2623695,-0.67911285,0.29676542,-0.8022007,0.31345809,-0.91470975,0.058089208,-0.5041377,0.082921706,-0.73670727,0.09333335,-0.88134587,0.09251271,-1.0,-0.05328553,-0.4681354,-0.08096772,-0.6630292,-0.087717086,-0.80506784,-0.10507016,-0.9258707,-0.13843751,-0.39040574,-0.103937015,-0.42615294,-0.061880752,-0.3403159,-0.042784885,-0.25589162,W
0.0,0.0,0.1292669,-0.095246375,0.18309179,-0.25551614,0.049289778,-0.3451053,-0.09157715,-0.38977554,0.1919926,-0.48259392,0.2679851,-0.6790262,0.3043117,-0.8000581,0.32144377,-0.9117846,0.06159867,-0.5059536,0.09068578,-0.73705643,0.103324115,-0.88043267,0.10355685,-1.0,-0.050331708,-0.46973315,-0.07701574,-0.66193247,-0.08116599,-0.8013405,-0.09636715,-0.92101246,-0.13486953,-0.3915049,-0.10878531,-0.42730403,-0.07164741,-0.3376999,-0.055702735,-0.25172687,W
0.0,0.0,0.1297418,-0.08889042,0.1841609,-0.24703568,0.05080489,-0.34374446,-0.086432844,-0.39881927,0.19346501,-0.48076415,0.2703691,-0.6775304,0.3064297,-0.80092937,0.32211033,-0.91374236,0.063516416,-0.50344956,0.093619674,-0.7371016,0.106833935,-0.88020694,0.107242376,-1.0,-0.04803904,-0.4658981,-0.07123079,-0.657761,-0.07301541,-0.7966265,-0.08622284,-0.9164867,-0.13350765,-0.3854796,-0.10433937,-0.4263534,-0.0649382,-0.3407814,-0.04886044,-0.25787932,W
0.0,0.0,0.1322298,-0.08999693,0.19199272,-0.24998128,0.0628756,-0.34072566,-0.0753559,-0.38575998,0.19333787,-0.47594804,0.2730655,-0.6702152,0.31271088,-0.78895146,0.33016178,-0.9002917,0.06592621,-0.5012445,0.098261476,-0.7344235,0.11164505,-0.87805104,0.110814646,-1.0,-0.043917928,-0.46634287,-0.061063696,-0.6554315,-0.06261654,-0.80167985,-0.07558783,-0.92888117,-0.13078259,-0.38886613,-0.09118501,-0.42203256,-0.05260688,-0.32922348,-0.037047405,-0.2406943,W
0.0,0.0,0.13300242,-0.08937465,0.19702698,-0.24784201,0.07092367,-0.34486547,-0.0646184,-0.3974933,0.20491238,-0.48199227,0.28273487,-0.6762853,0.32027906,-0.79435253,0.33635882,-0.9041849,0.074834414,-0.50681186,0.10724318,-0.73783535,0.12253382,-0.87968767,0.12516516,-1.0,-0.03790099,-0.47219622,-0.0554098,-0.6645945,-0.055792015,-0.8094854,-0.067681745,-0.93587196,-0.12776482,-0.39479366,-0.09310223,-0.43609375,-0.056746695,-0.34344593,-0.04258178,-0.25257397,W
0.0,0.0,0.13445471,-0.087580144,0.20103614,-0.2468854,0.07464052,-0.34302634,-0.06404131,-0.3923076,0.2039083,-0.4828837,0.28595632,-0.6781853,0.3271165,-0.7965074,0.3459499,-0.9063538,0.07475176,-0.5087683,0.1084748,-0.73666865,0.12427939,-0.87869734,0.12588382,-1.0,-0.036296714,-0.47553328,-0.05260948,-0.661872,-0.05276106,-0.80775464,-0.06575481,-0.93685746,-0.12412937,-0.3988961,-0.082086116,-0.42862433,-0.043453295,-0.33265707,-0.029642347,-0.24294205,W
0.0,0.0,0.1379387,-0.08848999,0.20233499,-0.24885228,0.07386664,-0.34336466,-0.065107316,-0.3900706,0.20656893,-0.4839052,0.29011875,-0.67878824,0.33135307,-0.7959555,0.35088658,-0.9059986,0.07776473,-0.5081566,0.11092963,-0.7359711,0.12584339,-0.87851745,0.12758754,-1.0,-0.03371335,-0.47458807,-0.05034795,-0.6627702,-0.050258495,-0.80830187,-0.062336873,-0.93843514,-0.119976796,-0.39729756,-0.07755096,-0.43084878,-0.03988504,-0.33319288,-0.026727911,-0.24180956,W
0.0,0.0,-0.06333989,-0.15668565,-0.06907606,-0.32597393,-0.106290735,-0.42902818,-0.1764473,-0.50005984,0.11416364,-0.5664105,0.15246607,-0.7556359,0.16864768,-0.87391555,0.17596471,-0.9776851,0.058294762,-0.5598252,0.034773372,-0.7671435,0.013327735,-0.88766587,0.0015685713,-1.0,0.005078922,-0.5217843,-0.045115523,-0.7038298,-0.07901334,-0.84182477,-0.09390546,-0.97381204,-0.041034672,-0.4613993,-0.12698895,-0.54613763,-0.1724146,-0.50778484,-0.19331643,-0.45250246,W
0.0,0.0,0.22108778,-0.08681375,0.3755477,-0.294249,0.25571427,-0.4731139,0.047231678,-0.51094544,0.24118534,-0.5523948,0.23796712,-0.73920673,0.2394067,-0.88356405,0.24643278,-1.0,0.07648798,-0.53984064,0.12360769,-0.6974916,0.13402624,-0.49232706,0.12357845,-0.32339522,-0.07301885,-0.50731885,-0.032464307,-0.6189836,0.014106089,-0.39735377,0.01933404,-0.24248263,-0.22217153,-0.45990416,-0.16994745,-0.58275336,-0.11527786,-0.4275584,-0.11289775,-0.30325034,X
0.0,0.0,0.20442551,-0.08903356,0.37215728,-0.30135912,0.26202038,-0.48924205,0.05382777,-0.50946534,0.23128511,-0.5664104,0.2364031,-0.7551682,0.24201317,-0.8868964,0.25007814,-1.0,0.06869138,-0.5659068,0.10984114,-0.71205974,0.13772859,-0.50145364,0.13631493,-0.33839008,-0.07338111,-0.52966183,-0.04021401,-0.6329473,0.0147053385,-0.41589335,0.023664426,-0.25828457,-0.21540292,-0.46875888,-0.16890414,-0.5870242,-0.10785617,-0.43953827,-0.098809995,-0.30998728,X
0.0,0.0,0.21385132,-0.108354755,0.37323794,-0.27853543,0.22943357,-0.417435,0.015678182,-0.43052804,0.2342075,-0.6046693,0.23931403,-0.7928495,0.20792879,-0.91323555,0.16118622,-1.0,0.06707425,-0.5961622,0.042817,-0.7244327,0.07240411,-0.49035928,0.08645783,-0.34809908,-0.08464767,-0.54499114,-0.12725584,-0.63361645,-0.06176374,-0.40246704,-0.034120716,-0.27795845,-0.24341805,-0.4608854,-0.26000288,-0.5490002,-0.18372057,-0.39885193,-0.1506282,-0.30702296,X
0.0,0.0,0.2247777,-0.18128748,0.4049079,-0.37140036,0.39142966,-0.5909672,0.2612105,-0.7308599,0.3128516,-0.7287854,0.38459665,-1.0,0.38283417,-0.9216648,0.38000587,-0.81259143,0.15817043,-0.73220927,0.22108552,-0.8912865,0.23633543,-0.6720201,0.24880707,-0.5075158,0.0054316754,-0.7088986,0.070988856,-0.80511385,0.10122333,-0.58867717,0.113908805,-0.42712575,-0.16133587,-0.65968263,-0.07570943,-0.7671838,-0.028077269,-0.6113848,-0.014248176,-0.48321247,X
0.0,0.0,0.24383692,-0.26345488,0.38567692,-0.4985322,0.33569074,-0.65998614,0.20186645,-0.7279474,0.18993033,-0.81843984,0.23495358,-0.9839053,0.30777603,-1.0,0.37175816,-0.9628444,0.023115478,-0.8142514,0.106368564,-0.88378996,0.16623674,-0.712144,0.1762386,-0.57295555,-0.12152382,-0.755124,-0.016645212,-0.75993377,0.049308162,-0.58491534,0.06538207,-0.46405816,-0.2587671,-0.6517255,-0.14975204,-0.63872,-0.067364484,-0.5139061,-0.039218053,-0.42345366,X
0.0,0.0,0.24044158,-0.16472934,0.4203923,-0.3870119,0.29295754,-0.5224258,0.09647809,-0.5406979,0.20503592,-0.7764648,0.2559325,-0.97149694,0.32711118,-1.0,0.38563606,-0.9616891,0.0025402952,-0.7827887,0.11021998,-0.8679962,0.17539145,-0.67905205,0.17558825,-0.5634253,-0.16345862,-0.72288644,-0.008421751,-0.68839455,0.05642573,-0.46928015,0.03717418,-0.37482873,-0.30794743,-0.61583954,-0.1344656,-0.55850357,-0.06799937,-0.3953875,-0.0898224,-0.33017668,X
0.0,0.0,0.23356317,-0.14492105,0.4165617,-0.37325603,0.2960035,-0.519817,0.09600524,-0.54780346,0.20100279,-0.7785366,0.25467142,-0.94566745,0.32404387,-1.0,0.3872246,-0.9954552,-0.0031148167,-0.79446596,0.111522436,-0.874041,0.16756706,-0.6774718,0.16329898,-0.55185145,-0.17086676,-0.73237294,-0.012425407,-0.6875685,0.049758513,-0.4683801,0.03253668,-0.3715965,-0.3171388,-0.6150869,-0.14545996,-0.5426986,-0.08003242,-0.37708405,-0.09888886,-0.31140473,X
0.0,0.0,0.22936116,-0.13210382,0.41676494,-0.35024452,0.2983005,-0.5014153,0.09477705,-0.53482497,0.20092785,-0.76802415,0.25478664,-0.9084791,0.32229263,-0.9798836,0.38573533,-1.0,-0.004752085,-0.7878619,0.12713745,-0.85530937,0.17773214,-0.62876445,0.16259573,-0.5058323,-0.17225651,-0.72618496,-0.009141782,-0.6770622,0.050875682,-0.4496335,0.025871059,-0.36188337,-0.3216214,-0.60681057,-0.15271819,-0.5387609,-0.08131228,-0.37330544,-0.09984375,-0.31490567,X
0.0,0.0,0.22583014,-0.11773181,0.4173819,-0.34408715,0.28369525,-0.4976431,0.075112954,-0.51355916,0.18696266,-0.7634715,0.23801889,-0.9332746,0.30467805,-1.0,0.36787173,-0.9927805,-0.021559069,-0.77856493,0.093292326,-0.88499856,0.16768532,-0.6777462,0.1809688,-0.5324048,-0.19532615,-0.7109092,-0.03329159,-0.6817228,0.03541923,-0.44328263,0.022985814,-0.33360514,-0.3468683,-0.58646846,-0.17814827,-0.53364223,-0.10818245,-0.3575414,-0.12317212,-0.2840588,X
0.0,0.0,0.22374061,-0.12496524,0.41643646,-0.35075498,0.2897458,-0.49356624,0.08618938,-0.5191776,0.1818468,-0.7723313,0.241369,-0.9111868,0.30403623,-0.9822031,0.36062568,-1.0,-0.027057981,-0.7874046,0.09306737,-0.8593018,0.15223302,-0.6592937,0.14951676,-0.53105164,-0.19856292,-0.7177925,-0.03402039,-0.66254234,0.02950001,-0.44302666,0.012664526,-0.35632405,-0.34720334,-0.59014124,-0.18195917,-0.5253288,-0.11239087,-0.36324283,-0.12730691,-0.30630076,X
0.0,0.0,0.22267099,-0.108841546,0.41351703,-0.33272737,0.29598024,-0.4899738,0.09306301,-0.527727,0.1888615,-0.7596908,0.2362621,-0.90113926,0.29960454,-0.97519964,0.3660043,-1.0,-0.01704553,-0.77394354,0.10177628,-0.85082173,0.16832355,-0.6320875,0.17439193,-0.49441266,-0.1884629,-0.70073843,-0.034479465,-0.6650514,0.037072193,-0.43346903,0.027260264,-0.33115935,-0.3425709,-0.56981635,-0.18474662,-0.52200526,-0.10343336,-0.35687214,-0.10978138,-0.2918908,X
0.0,0.0,0.21862862,-0.13031042,0.39770254,-0.35245442,0.27004284,-0.4960074,0.06937745,-0.5240062,0.15848207,-0.7497154,0.20571479,-0.8871492,0.26928708,-0.9664499,0.33267578,-1.0,-0.041562997,-0.7631535,0.07087926,-0.8636051,0.14352107,-0.6594315,0.14812155,-0.53232366,-0.20875782,-0.6917473,-0.059649866,-0.6630361,0.009993198,-0.43384242,-0.010153759,-0.34522074,-0.35762402,-0.5595689,-0.20994349,-0.5220402,-0.1347495,-0.36078846,-0.15379626,-0.3049708,X
0.0,0.0,0.21412565,-0.10908664,0.4039338,-0.33574033,0.26934868,-0.49426448,0.059357505,-0.5278739,0.17804581,-0.7399541,0.21877313,-0.8892457,0.27129495,-0.9702117,0.32540917,-1.0,-0.029798541,-0.7585623,0.08283797,-0.857895,0.14842895,-0.6283783,0.14716995,-0.49676782,-0.20168011,-0.6925601,-0.05600735,-0.6653111,0.014429279,-0.42884582,-0.0038589588,-0.33390483,-0.36324704,-0.56655693,-0.21208848,-0.5221575,-0.12551016,-0.35209084,-0.1352416,-0.28752753,X
0.0,0.0,0.20740113,-0.11576451,0.39379242,-0.34550324,0.2628563,-0.49765757,0.057672527,-0.5329761,0.20012532,-0.75303555,0.23226333,-0.92628175,0.29026583,-1.0,0.33540663,-0.9991984,-0.009777128,-0.75158715,0.07119141,-0.88434136,0.1544676,-0.65485215,0.16626643,-0.5399061,-0.18289919,-0.6809932,-0.06328648,-0.68188596,0.038510524,-0.44062817,0.030848641,-0.3556248,-0.3422467,-0.5559111,-0.18551818,-0.5214307,-0.09285978,-0.35114974,-0.107467905,-0.2995057,X
0.0,0.0,0.21075287,-0.12630886,0.38338974,-0.35323438,0.223467,-0.49392012,0.0097446665,-0.52197975,0.18748349,-0.74262726,0.21335661,-0.89081335,0.26110956,-0.9742694,0.30683428,-1.0,-0.01912844,-0.7460721,0.060248848,-0.845751,0.13142627,-0.61998856,0.13884303,-0.500943,-0.18631269,-0.6746553,-0.08434499,-0.6771207,0.0030832675,-0.45325524,-0.0014515831,-0.36475947,-0.33871332,-0.5471124,-0.20817193,-0.51208234,-0.123227246,-0.3461262,-0.13165997,-0.2856656,X
0.0,0.0,0.20044297,-0.119751886,0.37813678,-0.34696558,0.23559673,-0.48142737,0.026097085,-0.50701296,0.18163016,-0.7445509,0.2170646,-0.9007196,0.2483226,-0.9809239,0.26845112,-1.0,-0.031252082,-0.75361335,0.038902715,-0.8477313,0.11340149,-0.61516,0.12211634,-0.488779,-0.20699584,-0.68383324,-0.10503493,-0.66930634,-0.010932776,-0.44084132,-0.008502942,-0.35861075,-0.36488083,-0.55618495,-0.2347581,-0.5117078,-0.14467174,-0.34917492,-0.14526607,-0.30236286,X
0.0,0.0,0.20006903,-0.120830335,0.3727392,-0.3433308,0.21789758,-0.4780966,0.009161716,-0.5203326,0.19774014,-0.73552716,0.21933381,-0.89813983,0.24808362,-0.9829225,0.27377924,-1.0,-0.017397283,-0.7487894,0.0477763,-0.84818375,0.11552143,-0.59965366,0.12665129,-0.46852106,-0.19418234,-0.6830946,-0.10419593,-0.6714343,-0.017970003,-0.42972603,-0.015557507,-0.34780404,-0.360303,-0.5594559,-0.2477043,-0.51679367,-0.15898705,-0.35216948,-0.15559042,-0.31473047,X
0.0,0.0,0.1970108,-0.11088685,0.36527568,-0.33115292,0.20990881,-0.4740356,0.006375578,-0.507232,0.20208915,-0.7052367,0.220522,-0.8579345,0.24555282,-0.94853795,0.26437467,-1.0,-0.0011092052,-0.7203555,0.05293261,-0.8289816,0.12051968,-0.6083213,0.13205105,-0.49780285,-0.17247698,-0.66068435,-0.091548495,-0.66427624,-0.005266373,-0.43744043,-0.0007792388,-0.34937292,-0.3371943,-0.54518384,-0.23253237,-0.52265817,-0.13840058,-0.36251733,-0.12735489,-0.30533454,X
0.0,0.0,0.20378543,-0.11314121,0.3703135,-0.32654837,0.21538298,-0.47186115,0.010882149,-0.51360834,0.22729175,-0.68592495,0.24513598,-0.84493864,0.25602403,-0.9437779,0.2606499,-1.0,0.020929871,-0.7013871,0.04977925,-0.84241396,0.11612444,-0.64207137,0.14276859,-0.53371435,-0.15733413,-0.64516187,-0.09096711,-0.66615695,-0.0020249754,-0.4326277,0.016472867,-0.33380353,-0.33004162,-0.5344109,-0.23728663,-0.5295758,-0.13809384,-0.36578128,-0.11268625,-0.29909354,X
0.0,0.0,0.20095979,-0.10886871,0.3647444,-0.3250415,0.20701179,-0.46052027,0.005610478,-0.50452065,0.23503616,-0.69330156,0.2552398,-0.8732002,0.26023647,-0.97348505,0.24941242,-1.0,0.028927337,-0.695066,0.04270301,-0.8502066,0.113024704,-0.62617075,0.14182852,-0.50047964,-0.14985877,-0.63501877,-0.118261285,-0.6843862,-0.021978091,-0.44226876,-0.0006780978,-0.33865392,-0.32978916,-0.522667,-0.25993103,-0.53761077,-0.15291913,-0.36879373,-0.12314961,-0.30267444,X
0.0,0.0,0.19801442,-0.12195565,0.35236546,-0.3419825,0.17690179,-0.4811736,-0.033724096,-0.5194252,0.2174781,-0.68424124,0.2224194,-0.87710005,0.23817681,-0.97303265,0.24674238,-1.0,0.016812665,-0.6779977,0.03141897,-0.8345821,0.09795362,-0.6043585,0.11914991,-0.4834488,-0.15422125,-0.61551476,-0.13083398,-0.68010795,-0.036360558,-0.4460787,-0.021701612,-0.35018778,-0.33013484,-0.50430876,-0.27072155,-0.5375214,-0.17515214,-0.37745628,-0.15977676,-0.3163012,X
0.0,0.0,0.20095924,-0.118301116,0.3659679,-0.33158246,0.20847942,-0.45514694,0.0026614233,-0.49042583,0.23773259,-0.70339817,0.25499973,-0.9023075,0.25609073,-0.9970634,0.24239197,-1.0,0.034664683,-0.7021074,0.035636432,-0.85404253,0.09786029,-0.63654345,0.1348745,-0.5130849,-0.14213665,-0.643251,-0.12489324,-0.6875082,-0.03420771,-0.4501567,-0.00087792624,-0.34791932,-0.32215145,-0.53504956,-0.2727416,-0.53846365,-0.17473915,-0.36560392,-0.13521837,-0.30093575,X
0.0,0.0,0.20228675,-0.12761392,0.36141023,-0.34443504,0.20463794,-0.48631427,-0.0002652902,-0.5222213,0.22624664,-0.699018,0.25367007,-0.8895846,0.2548911,-0.9780562,0.23617919,-1.0,0.031227633,-0.69040895,0.034929514,-0.8343689,0.10223526,-0.60952085,0.13499616,-0.49956673,-0.13730283,-0.6262488,-0.117774226,-0.6838755,-0.020920567,-0.44807878,0.004938864,-0.3480005,-0.3113669,-0.5164278,-0.25474343,-0.5424836,-0.15830989,-0.37229675,-0.13183758,-0.2998747,X
0.0,0.0,0.20210522,-0.115795575,0.35988402,-0.33632973,0.19960408,-0.4892323,-0.010777047,-0.53210217,0.22622797,-0.71424717,0.24325536,-0.91356194,0.2551194,-1.0,0.23985308,-0.9930688,0.028633725,-0.7030279,0.041060667,-0.85892093,0.101477556,-0.62308383,0.12535222,-0.5061972,-0.13987589,-0.6401565,-0.12206205,-0.7053821,-0.03204414,-0.4653723,-0.012800709,-0.37374094,-0.3160885,-0.5366298,-0.25919548,-0.56891906,-0.17031108,-0.38566574,-0.15127033,-0.31227204,X
0.0,0.0,0.20590618,-0.1142222,0.3785556,-0.3256834,0.21311778,-0.46404126,0.0071219928,-0.5203018,0.2464677,-0.71564597,0.2703839,-0.9177399,0.27725133,-1.0,0.26746002,-0.9872255,0.04151076,-0.7125933,0.059296772,-0.82886916,0.11758746,-0.5932177,0.1427458,-0.48741695,-0.13055423,-0.65176874,-0.10452456,-0.6676039,-0.014764772,-0.43590572,0.012097339,-0.3639147,-0.30539733,-0.54802495,-0.24395582,-0.54288614,-0.15021956,-0.37127194,-0.12125282,-0.32289222,X
0.0,0.0,0.20116095,-0.13002954,0.3660005,-0.34225327,0.20987,-0.48707417,0.0106258355,-0.543908,0.23247,-0.69151855,0.2492638,-0.8595549,0.260906,-0.9541182,0.26369092,-1.0,0.036904104,-0.69350165,0.05998,-0.823433,0.11783115,-0.5913939,0.13898647,-0.4923884,-0.12809497,-0.6371174,-0.10300212,-0.6741113,-0.017809786,-0.44648632,0.00094290334,-0.3763888,-0.29609612,-0.5342047,-0.24158564,-0.54343736,-0.15640756,-0.38449383,-0.14105387,-0.33926427,X
0.0,0.0,0.20532809,-0.118753485,0.3755687,-0.33025163,0.21762726,-0.464867,0.0137578165,-0.5083183,0.25211114,-0.68437296,0.2856083,-0.8588798,0.28856015,-0.95355,0.2729418,-1.0,0.053111076,-0.69113195,0.06392116,-0.8386656,0.12723921,-0.63250154,0.15665062,-0.5317615,-0.121737644,-0.63315177,-0.093676016,-0.67551345,-0.013261191,-0.44746387,0.00393111,-0.36921528,-0.29598072,-0.5264718,-0.24081883,-0.5373673,-0.15544148,-0.37886614,-0.13669673,-0.33175218,X
0.0,0.0,0.201056,-0.10790067,0.37678117,-0.33414483,0.21067508,-0.4823631,-0.0045068553,-0.5264579,0.24585448,-0.6965047,0.2968885,-0.8901553,0.308753,-0.97794694,0.2934694,-1.0,0.03981448,-0.69734204,0.06842362,-0.83762795,0.13919386,-0.6145662,0.16543733,-0.51256067,-0.13534632,-0.6329285,-0.10021803,-0.6837664,-0.008728077,-0.45357165,0.010529791,-0.37565717,-0.30946735,-0.5226654,-0.24497905,-0.5407296,-0.15359783,-0.37861508,-0.13620782,-0.32697234,X
0.0,0.0,0.20605938,-0.10288705,0.39050618,-0.34200206,0.21660529,-0.49014002,-0.017117884,-0.5118869,0.24410905,-0.7014278,0.28259176,-0.9023939,0.28920057,-0.9891846,0.2714568,-1.0,0.03771837,-0.68914974,0.06353662,-0.8369913,0.1437095,-0.6240209,0.17462878,-0.5210859,-0.13727342,-0.61513734,-0.10837565,-0.6885442,-0.012886454,-0.46414122,0.0052641863,-0.38342988,-0.31118792,-0.49692142,-0.24403766,-0.53687537,-0.15060683,-0.37592044,-0.1367648,-0.31981122,X
0.0,0.0,0.21148165,-0.100302145,0.40066218,-0.33339733,0.2381175,-0.49188277,0.0077921534,-0.5327735,0.26344967,-0.6991919,0.3039461,-0.9228206,0.3123391,-1.0,0.2991051,-0.9848119,0.048362408,-0.6929972,0.06759841,-0.8527683,0.14263803,-0.62864316,0.1728364,-0.5206557,-0.13075568,-0.6254609,-0.103337236,-0.69188476,-0.008284417,-0.46051288,0.010502297,-0.37974164,-0.3064752,-0.5145487,-0.24187227,-0.5467551,-0.1473664,-0.38118288,-0.13291198,-0.3254062,X
0.0,0.0,0.20887108,-0.10567724,0.38518023,-0.33599204,0.23327905,-0.5022655,0.012278993,-0.5489465,0.26291567,-0.6893169,0.29509774,-0.88303584,0.3086937,-0.9750373,0.30410483,-1.0,0.054003187,-0.6901431,0.08587646,-0.8285425,0.14786077,-0.60313565,0.16652517,-0.4912038,-0.12104201,-0.62788457,-0.089940086,-0.6825934,-0.003453648,-0.46091166,0.014400326,-0.37891012,-0.29430008,-0.5207534,-0.22969365,-0.53396326,-0.1382691,-0.37683848,-0.11856351,-0.32483265,X
0.0,0.0,0.2113268,-0.10270935,0.4022278,-0.33938596,0.2543249,-0.5038172,0.028898837,-0.53166056,0.2736785,-0.71895856,0.31322336,-0.9072226,0.32615694,-0.9862582,0.31455442,-1.0,0.062127527,-0.7253178,0.094229504,-0.8388359,0.16075,-0.6048009,0.1765873,-0.51992357,-0.116461806,-0.6604367,-0.07391199,-0.68657035,0.020014813,-0.45103633,0.02951899,-0.3864248,-0.29494575,-0.54887956,-0.21472237,-0.5499597,-0.12275984,-0.38186294,-0.117520235,-0.33917168,X
0.0,0.0,0.21522774,-0.1056876,0.41485682,-0.33060598,0.27527037,-0.48955917,0.046076108,-0.5258406,0.27756858,-0.70692337,0.3080861,-0.8825782,0.32793668,-0.9702676,0.33039087,-1.0,0.068546996,-0.716122,0.106126666,-0.8485269,0.16709772,-0.619806,0.18230656,-0.5274462,-0.109915026,-0.6546488,-0.060583297,-0.6891701,0.026284652,-0.4530299,0.03483023,-0.38273573,-0.28784835,-0.5454905,-0.20542255,-0.5505887,-0.1169599,-0.38240644,-0.110903464,-0.33561,X
0.0,0.0,0.15100455,-0.17892917,0.23852947,-0.5292014,0.08159412,-0.8616013,-0.17566442,-0.9166647,0.6505286,-0.51642823,0.26816824,-0.8633023,-0.07110329,-0.85709333,-0.32387182,-0.8133679,0.45284092,-0.6054248,0.131286,-0.9062284,0.016548064,-0.76270944,0.026201295,-0.5979349,0.23226307,-0.6969064,-0.059723187,-0.9960497,-0.13583253,-0.84967875,-0.08782797,-0.6804074,0.03716601,-0.776384,-0.13948037,-1.0,-0.19427772,-0.9146489,-0.17940478,-0.7758149,X
0.0,0.0,0.17894687,-0.1086824,0.30685747,-0.30646318,0.2447004,-0.46876162,0.11913704,-0.5622744,0.33825928,-0.5862977,0.37632415,-0.76804316,0.4248523,-0.9076168,0.45188183,-1.0,0.13708062,-0.616464,0.16068989,-0.83220494,0.18809436,-0.7707744,0.18964033,-0.6773685,-0.06657645,-0.5712687,-0.06993381,-0.7270905,-0.01695035,-0.5930057,0.011817065,-0.4831899,-0.27204382,-0.4650853,-0.22969466,-0.5415245,-0.1624441,-0.39037192,-0.11731797,-0.26462296,X
0.0,0.0,0.19815747,-0.050887775,0.4107307,-0.2537328,0.26346222,-0.43301827,0.036633022,-0.4951225,0.2759635,-0.59428686,0.30507994,-0.7686048,0.33582655,-0.8987212,0.34362447,-1.0,0.06581185,-0.6229594,0.105850525,-0.79499364,0.1537083,-0.5348676,0.15806179,-0.39458066,-0.12104815,-0.58002716,-0.08989556,-0.6855175,-0.018705105,-0.42844102,-0.016067253,-0.33214226,-0.32087177,-0.48751804,-0.24927521,-0.5252501,-0.156939,-0.33653748,-0.14119823,-0.26645008,X
0.0,0.0,0.21838062,-0.056662966,0.44407588,-0.26222673,0.28999385,-0.43712038,0.03922495,-0.4680871,0.30456185,-0.627244,0.34066066,-0.7988719,0.35789624,-0.919033,0.35791454,-1.0,0.07756614,-0.65785956,0.11468905,-0.8390852,0.17510204,-0.63219035,0.18420434,-0.50550604,-0.121448725,-0.6083176,-0.06757801,-0.670725,0.012138132,-0.42448828,0.0084612565,-0.3220089,-0.31534302,-0.5053341,-0.22265303,-0.52266324,-0.12647276,-0.35069847,-0.116355754,-0.28437123,X
0.0,0.0,0.22324766,-0.057527155,0.4526011,-0.282738,0.2807711,-0.46985406,0.025070976,-0.5185868,0.30618954,-0.66707313,0.34016854,-0.83420455,0.36562937,-0.93336093,0.37498185,-1.0,0.07586492,-0.70754665,0.1406755,-0.8276669,0.19173916,-0.53683746,0.19096312,-0.42429185,-0.11634885,-0.6656719,-0.04103539,-0.6688646,0.034678113,-0.39458632,0.028772037,-0.33246607,-0.3047182,-0.57082784,-0.18668924,-0.5132363,-0.10107747,-0.319779,-0.108210266,-0.2921608,X
0.0,0.0,0.21238478,-0.062471166,0.44605267,-0.28154844,0.31764024,-0.47645995,0.06900503,-0.5095105,0.3247747,-0.67607635,0.35627502,-0.84236604,0.39178506,-0.9437899,0.4095939,-1.0,0.0982427,-0.7182888,0.17172055,-0.8328105,0.21868575,-0.5604451,0.20726317,-0.45147556,-0.09108333,-0.67477787,-0.013370165,-0.675974,0.056052644,-0.4150441,0.03893041,-0.34625208,-0.27851212,-0.57685,-0.16569056,-0.5276287,-0.08681648,-0.34745848,-0.10040919,-0.3165918,X
0.0,0.0,0.21357176,-0.07072807,0.44197616,-0.30158433,0.30413276,-0.49049744,0.061358668,-0.52645814,0.3163291,-0.70322174,0.37235183,-0.8874148,0.39150447,-0.9798644,0.3778244,-1.0,0.088700674,-0.7320854,0.14188702,-0.8416905,0.19090588,-0.5838453,0.19233742,-0.47628778,-0.1040099,-0.68145937,-0.04398936,-0.68144387,0.028554326,-0.4368768,0.023493059,-0.3724742,-0.29655865,-0.5799699,-0.20179951,-0.54931056,-0.1200561,-0.37183282,-0.12229518,-0.33399084,X
0.0,0.0,0.21645527,-0.090976745,0.43970457,-0.32089803,0.29854044,-0.5038686,0.057199657,-0.5389474,0.3112567,-0.70023894,0.35857344,-0.86265963,0.37563205,-0.95003724,0.36908638,-1.0,0.09336123,-0.731497,0.14079975,-0.8332459,0.19852164,-0.5840319,0.20593293,-0.49336904,-0.09327194,-0.6802681,-0.03282882,-0.67738664,0.04537248,-0.4262603,0.04481078,-0.36585376,-0.2764947,-0.5775353,-0.17932382,-0.537941,-0.1021016,-0.36390662,-0.1088058,-0.33459443,X
0.0,0.0,0.22844793,-0.09038963,0.44270816,-0.319725,0.30726513,-0.5090728,0.06393807,-0.51624274,0.3148511,-0.67510754,0.36772928,-0.85666335,0.3847184,-0.9530037,0.37441227,-1.0,0.10186566,-0.69704956,0.1432089,-0.838406,0.19924216,-0.5955197,0.20436785,-0.47924095,-0.0796591,-0.65146834,-0.030020067,-0.70491207,0.049627285,-0.4600673,0.047902305,-0.36728203,-0.26038265,-0.5590653,-0.17432842,-0.5636473,-0.091384806,-0.39229044,-0.091107085,-0.33252037,X
0.0,0.0,0.22101428,-0.09949227,0.41808787,-0.32310668,0.26972783,-0.50011885,0.045133185,-0.5419984,0.29510775,-0.7093525,0.34670612,-0.8907,0.35899693,-0.9734381,0.34050778,-1.0,0.079227276,-0.7310556,0.11085237,-0.8436944,0.165662,-0.58499485,0.18775286,-0.4794843,-0.10639143,-0.68106866,-0.06610447,-0.6917141,0.017230103,-0.4383443,0.03717954,-0.3569873,-0.29199025,-0.5820469,-0.21865019,-0.56015027,-0.13243559,-0.38486624,-0.11441437,-0.33707923,X
0.0,0.0,0.21884581,-0.100546345,0.4216107,-0.32927245,0.26900852,-0.5004369,0.03413475,-0.52894104,0.29853642,-0.68168217,0.339985,-0.8545246,0.35764202,-0.94558024,0.35225928,-1.0,0.085088,-0.7065399,0.12697409,-0.8330377,0.1771967,-0.5929553,0.18108387,-0.5037433,-0.09825775,-0.65710616,-0.047858376,-0.6973567,0.025430208,-0.451491,0.02248049,-0.38577288,-0.28192437,-0.55886906,-0.19652377,-0.54497,-0.114814945,-0.37497455,-0.11607446,-0.33792722,X
0.0,0.0,0.35099417,-0.13877776,0.52231264,-0.46070084,0.35005125,-0.7522295,0.042708542,-0.8033801,0.6913657,-0.56622833,0.47136587,-0.80966586,0.24454741,-0.591888,0.064639546,-0.448674,0.3402391,-0.6191106,0.17161313,-0.9177925,0.15870851,-0.6438584,0.22439632,-0.4906876,-0.0130487485,-0.6797359,-0.16791947,-1.0,-0.14715958,-0.6924383,-0.06631045,-0.51849365,-0.32106864,-0.73076195,-0.39818323,-0.9113983,-0.3489059,-0.6986245,-0.28377098,-0.5331436,X
0.0,0.0,0.22305302,-0.13137768,0.4054981,-0.36433902,0.25643438,-0.55237544,0.02857725,-0.58170223,0.2984205,-0.7277827,0.35246935,-0.96573913,0.39117503,-1.0,0.37761393,-0.95506465,0.085163176,-0.72636193,0.11427687,-0.8886294,0.17015246,-0.6707355,0.19526957,-0.5718456,-0.09936764,-0.67373294,-0.06467966,-0.7506854,0.023649774,-0.5073883,0.053779528,-0.41854474,-0.28109267,-0.58214617,-0.19840655,-0.6192156,-0.11970352,-0.43796524,-0.10532871,-0.36498553,X
0.0,0.0,0.23148522,-0.11806673,0.41690838,-0.35249242,0.23954882,-0.52605885,0.010115599,-0.58459806,0.28986955,-0.7210911,0.34947708,-0.9261406,0.36713356,-1.0,0.34838328,-0.9978198,0.07445571,-0.72511816,0.11428572,-0.8675014,0.17216623,-0.61770004,0.18272051,-0.52543116,-0.10930273,-0.6689973,-0.06379941,-0.723471,0.022945624,-0.46998134,0.02854218,-0.39840603,-0.2960381,-0.5693344,-0.21220322,-0.58878094,-0.12322253,-0.41064155,-0.121884264,-0.36141586,X
0.0,0.0,0.2250583,-0.110780485,0.41976717,-0.33805615,0.27671978,-0.5133105,0.049074266,-0.5553803,0.29810384,-0.6975459,0.34667474,-0.88747656,0.35937536,-0.9731458,0.34366843,-1.0,0.08362112,-0.7101654,0.11446871,-0.8561644,0.17259221,-0.6189444,0.18793707,-0.5058291,-0.10111873,-0.6565598,-0.06371632,-0.7198653,0.020423861,-0.47808754,0.03321106,-0.3850025,-0.2887476,-0.5555459,-0.22076744,-0.5744124,-0.1295389,-0.41142252,-0.11139715,-0.35461527,X
0.0,0.0,0.22414632,-0.111503385,0.4194452,-0.32897174,0.27713257,-0.5064031,0.04482694,-0.53091013,0.2816582,-0.6901004,0.3302993,-0.86380917,0.3522409,-0.9596824,0.3444077,-1.0,0.067320816,-0.69639313,0.11252544,-0.85298336,0.17341314,-0.6141218,0.17857173,-0.5134763,-0.115743294,-0.6426812,-0.06390808,-0.7146476,0.025038179,-0.4715437,0.023229545,-0.3822583,-0.30247468,-0.54039216,-0.21776126,-0.5770281,-0.12138924,-0.40888235,-0.11664568,-0.34244135,X
0.0,0.0,0.22403829,-0.08536945,0.43035015,-0.29594395,0.2933222,-0.46427277,0.07689596,-0.535294,0.2986412,-0.6792721,0.35119045,-0.8684393,0.36650237,-0.97253937,0.35841194,-1.0,0.07538371,-0.7004459,0.11281851,-0.8579706,0.16830483,-0.62612045,0.17993785,-0.5040006,-0.12292993,-0.65289813,-0.05752433,-0.7041418,0.014613562,-0.4503332,0.0076067727,-0.35435382,-0.3232942,-0.55481374,-0.22274081,-0.5533632,-0.14365312,-0.3812031,-0.15169902,-0.33262205,X
0.0,0.0,0.22579373,-0.102824986,0.41892487,-0.31898892,0.264171,-0.4777243,0.043529477,-0.5152822,0.2789945,-0.66334707,0.32442316,-0.83845437,0.34543225,-0.9464121,0.3482938,-1.0,0.061281376,-0.6840849,0.10482273,-0.8615475,0.1578012,-0.63300973,0.16496305,-0.49771082,-0.13433315,-0.64255184,-0.072668694,-0.7311636,-0.0028450205,-0.47852588,-0.008575152,-0.3616557,-0.33307493,-0.550025,-0.24206474,-0.5827095,-0.15083838,-0.40013492,-0.14363785,-0.31892046,X
0.0,0.0,0.19326715,-0.09401349,0.38000536,-0.2997202,0.25045443,-0.45400047,0.056044754,-0.49745628,0.24534695,-0.65365356,0.297795,-0.8298503,0.32391796,-0.9363325,0.31900135,-1.0,0.04242663,-0.6615283,0.080539,-0.8266147,0.13733454,-0.6053286,0.13932903,-0.4917864,-0.14180249,-0.6101771,-0.098141044,-0.70756143,-0.011130817,-0.46820533,-0.0066578602,-0.3522567,-0.33471894,-0.51188666,-0.26280513,-0.5694534,-0.16087434,-0.38801548,-0.14438073,-0.29002655,X
0.0,0.0,0.19108029,-0.105541825,0.37448758,-0.3118409,0.24642366,-0.46409175,0.04360378,-0.5019816,0.24683885,-0.65713066,0.29639173,-0.83007693,0.32474738,-0.93455297,0.3330748,-1.0,0.042096347,-0.65745735,0.08748905,-0.85116965,0.14548989,-0.6450102,0.15271077,-0.531168,-0.14503834,-0.60239446,-0.09549593,-0.7195362,-0.012416079,-0.48979357,-0.008204825,-0.37447622,-0.3401331,-0.49960896,-0.26856536,-0.58738977,-0.16865754,-0.4236208,-0.1517701,-0.33067697,X
0.0,0.0,0.20227273,-0.10093728,0.39216745,-0.31234464,0.26083913,-0.46099883,0.056628745,-0.49355376,0.25008553,-0.6518374,0.3112911,-0.8362003,0.3390229,-0.92874753,0.337405,-1.0,0.045604434,-0.64598995,0.09914605,-0.83266217,0.15691513,-0.60533255,0.1539106,-0.49250448,-0.13940239,-0.5882552,-0.09141088,-0.7243346,-0.0063589234,-0.48523402,-0.00550545,-0.37003735,-0.33509868,-0.4883034,-0.2632225,-0.58749527,-0.15819655,-0.41768947,-0.13961746,-0.31979313,X
0.0,0.0,0.19897531,-0.095688835,0.39034218,-0.30281243,0.27434224,-0.46290112,0.08237048,-0.5052066,0.2369352,-0.6456561,0.29972908,-0.8174215,0.3431742,-0.91848457,0.3706609,-1.0,0.040234428,-0.64609367,0.104718335,-0.82677215,0.15684132,-0.59835416,0.15878867,-0.46340194,-0.13976277,-0.59119606,-0.07367004,-0.71166366,0.0033872998,-0.47296798,0.00506647,-0.34180644,-0.32899,-0.4906802,-0.24064688,-0.585564,-0.14482106,-0.41664365,-0.13392419,-0.3083683,X
0.0,0.0,0.19834521,-0.011329285,0.3297335,-0.16380233,0.22224358,-0.30149022,0.03388963,-0.329101,0.27757382,-0.4861082,0.29302442,-0.70357794,0.27205423,-0.87038124,0.24272592,-1.0,0.06157558,-0.48183078,0.035988923,-0.67150235,0.06328672,-0.43627524,0.08697301,-0.31232572,-0.13118348,-0.45753404,-0.16826215,-0.58991194,-0.10881927,-0.3148542,-0.08631578,-0.17903942,-0.3200599,-0.4156489,-0.31683734,-0.4871074,-0.24200463,-0.30352154,-0.21224853,-0.1938119,X
0.0,0.0,0.2156448,-0.1414378,0.37602788,-0.33254662,0.25578558,-0.4836021,0.08349016,-0.53919953,0.25023943,-0.64596266,0.31759277,-0.8080357,0.34745672,-0.9037373,0.36788118,-1.0,0.06996223,-0.6567401,0.13147847,-0.8185639,0.16232952,-0.61438555,0.1571381,-0.48308492,-0.09701454,-0.6143851,-0.040028475,-0.7100102,0.027719853,-0.49750626,0.03311201,-0.37085015,-0.26948783,-0.5253703,-0.18996279,-0.5915749,-0.10201773,-0.4345356,-0.08536314,-0.3278467,X
0.0,0.0,0.2149575,-0.121985614,0.39470404,-0.30927622,0.27892214,-0.47339875,0.096228026,-0.54519546,0.27059534,-0.6383034,0.3356843,-0.796503,0.36382258,-0.90053535,0.37988028,-1.0,0.08465331,-0.6593449,0.12336406,-0.8342415,0.16854994,-0.6244371,0.17792709,-0.4847906,-0.09068485,-0.6175185,-0.033828743,-0.6986691,0.039217025,-0.4643647,0.04940606,-0.33622426,-0.27387214,-0.5276411,-0.18312962,-0.58257973,-0.09768751,-0.41711324,-0.08434635,-0.32160664,X
0.0,0.0,0.21785545,-0.10634955,0.40453425,-0.29966417,0.2890309,-0.4631642,0.10326624,-0.523748,0.27865228,-0.62774473,0.33349502,-0.7800107,0.3744005,-0.8938241,0.4073106,-1.0,0.08390727,-0.65470797,0.137582,-0.7972435,0.17712198,-0.56167537,0.18026002,-0.4041952,-0.09730227,-0.6174088,-0.030447489,-0.68265784,0.033499822,-0.4379138,0.03755435,-0.30603445,-0.2818941,-0.5310465,-0.1775248,-0.57490385,-0.1016016,-0.39715418,-0.09578884,-0.30250436,X
0.0,0.0,0.22013687,-0.09071113,0.4156204,-0.28366703,0.30983207,-0.45667106,0.12300065,-0.51669186,0.29021105,-0.58994377,0.33970344,-0.75877017,0.38423494,-0.8832199,0.41905305,-1.0,0.100541614,-0.6220492,0.15434872,-0.74116254,0.1824403,-0.5062267,0.17768297,-0.3402566,-0.08035627,-0.5990948,-0.01805256,-0.6648717,0.03928287,-0.42416036,0.045853037,-0.28000635,-0.27038604,-0.53159773,-0.16897605,-0.5666405,-0.09625934,-0.38391936,-0.08411278,-0.27409288,X
0.0,0.0,0.21363358,-0.086268015,0.4108162,-0.28760827,0.30327645,-0.47592703,0.109564416,-0.53423524,0.28095797,-0.59489787,0.33434013,-0.7605802,0.3811174,-0.8812533,0.42018384,-1.0,0.094121456,-0.6215539,0.1457874,-0.7703516,0.17465614,-0.5258746,0.1664349,-0.36202854,-0.08243722,-0.5909265,-0.021639012,-0.6784039,0.032382365,-0.42647123,0.026786136,-0.28609824,-0.26879925,-0.5153911,-0.17395929,-0.5821048,-0.108505085,-0.39999977,-0.113069944,-0.293361,X
0.0,0.0,0.22072273,-0.09459232,0.42034557,-0.29226124,0.30861428,-0.4753574,0.110754736,-0.54046154,0.28047025,-0.6033496,0.34376758,-0.767158,0.3850139,-0.8852651,0.4196306,-1.0,0.09593765,-0.6294646,0.14706019,-0.8176569,0.16980782,-0.581228,0.16491139,-0.41829118,-0.08039642,-0.59665924,-0.025181746,-0.7039477,0.028652353,-0.4474786,0.02831403,-0.30297768,-0.26838863,-0.5150131,-0.18288846,-0.59045833,-0.10780822,-0.3977715,-0.09803904,-0.2783332,X
0.0,0.0,0.21885899,-0.09203391,0.41812167,-0.29197133,0.30532002,-0.4775507,0.115927555,-0.5462542,0.292999,-0.60391575,0.34884387,-0.7794127,0.39781862,-0.89550394,0.44794437,-1.0,0.11038757,-0.6253313,0.16269276,-0.8235987,0.18686405,-0.59773827,0.1891182,-0.43264374,-0.06543205,-0.5938352,-0.0025679665,-0.69705236,0.045857385,-0.4394088,0.04624656,-0.28829685,-0.2519493,-0.51967067,-0.16296707,-0.6016645,-0.09128056,-0.41274497,-0.08617556,-0.29169208,X
0.0,0.0,0.22490394,-0.08142596,0.4244189,-0.28034708,0.31115565,-0.47080824,0.11396351,-0.5500831,0.30325922,-0.6181712,0.3641584,-0.78796494,0.42360818,-0.904506,0.47307566,-1.0,0.11506945,-0.63941145,0.16267718,-0.818571,0.20113385,-0.5836234,0.20518103,-0.41655126,-0.063724376,-0.6026836,0.001017184,-0.7031561,0.06088764,-0.4370049,0.061331786,-0.28396446,-0.2516115,-0.5192006,-0.16061181,-0.58581126,-0.08267354,-0.38893268,-0.07609259,-0.2725471,X
0.0,0.0,0.20918372,-0.08936246,0.40139326,-0.28524438,0.29262787,-0.4674779,0.10463803,-0.5391669,0.29113296,-0.6236544,0.3514308,-0.7909225,0.39856026,-0.90448946,0.4317635,-1.0,0.099537626,-0.6423346,0.15232079,-0.8210565,0.18417901,-0.5742433,0.18195948,-0.4265584,-0.078222394,-0.6048248,-0.007332943,-0.69800675,0.043249626,-0.4321495,0.032450125,-0.30005017,-0.263297,-0.52269965,-0.16273889,-0.5818629,-0.09423851,-0.39706802,-0.10287004,-0.30507126,X
0.0,0.0,0.21311179,-0.09715266,0.40078744,-0.29102394,0.29055217,-0.48002642,0.095437504,-0.5639169,0.29741302,-0.6672356,0.35276622,-0.8349264,0.42353103,-0.9479645,0.48442873,-1.0,0.097323544,-0.6851744,0.1672251,-0.84125686,0.19724464,-0.5817978,0.1965729,-0.41790017,-0.085636206,-0.64679664,-0.0014515723,-0.7063314,0.05012389,-0.43767926,0.044680357,-0.29599166,-0.276815,-0.5591472,-0.17002176,-0.58633995,-0.092658736,-0.3906009,-0.084922366,-0.29147655,X
0.0,0.0,0.1744494,0.018569943,0.29084602,-0.07114757,0.22302517,-0.1328873,0.061445106,-0.17784333,0.29773834,-0.5712882,0.32363835,-0.89054525,0.24228187,-0.9959425,0.1301963,-1.0,0.016453901,-0.54416513,-0.0395156,-0.68907213,-0.01620002,-0.3376658,0.028829865,-0.1837005,-0.2273889,-0.45356557,-0.3004145,-0.5212619,-0.24171701,-0.15190199,-0.20007642,0.006673449,-0.44490096,-0.34386042,-0.5036662,-0.35721156,-0.43383977,-0.09074153,-0.38144696,0.026874451,X
0.0,0.0,0.2232558,-0.12895577,0.4173842,-0.32241005,0.3163359,-0.5040764,0.12128503,-0.57255596,0.2849502,-0.66493624,0.3454395,-0.816104,0.40383285,-0.92083734,0.45324492,-1.0,0.094546,-0.6880023,0.17477226,-0.82715315,0.19936697,-0.5910757,0.18931755,-0.43204212,-0.07578879,-0.6522122,0.013911751,-0.70793545,0.05948681,-0.46212533,0.052375954,-0.3266433,-0.25246087,-0.56701505,-0.14293379,-0.6131251,-0.07375385,-0.43218085,-0.07290964,-0.33065948,X
0.0,0.0,0.21761972,-0.10669514,0.4105887,-0.29953077,0.29918906,-0.47501642,0.11789544,-0.55188704,0.2906449,-0.6236638,0.34563333,-0.79205376,0.4112956,-0.90334314,0.47253367,-1.0,0.10766833,-0.64640427,0.17350288,-0.79173404,0.19560876,-0.531046,0.1872369,-0.3821112,-0.062428407,-0.61680484,0.008411845,-0.6927547,0.055909324,-0.4312639,0.04581567,-0.30577633,-0.24612871,-0.5426035,-0.14524347,-0.57599825,-0.07831794,-0.390678,-0.08343661,-0.30786112,X
0.0,0.0,0.22638614,-0.111484766,0.4198489,-0.3002302,0.3033801,-0.48791498,0.10779595,-0.56664157,0.30301198,-0.6349837,0.36575264,-0.79400176,0.4093326,-0.904478,0.4501072,-1.0,0.11486838,-0.66264325,0.17163785,-0.8296572,0.19467114,-0.596418,0.19545677,-0.44146836,-0.061404396,-0.6328472,0.013518735,-0.7036781,0.060299873,-0.4405246,0.05774238,-0.29596528,-0.24681465,-0.5559276,-0.14557219,-0.5929323,-0.07628162,-0.4058566,-0.070910655,-0.3010718,X
0.0,0.0,0.22894478,-0.1142651,0.41794434,-0.31099343,0.29724595,-0.49842957,0.1043039,-0.5831938,0.29537278,-0.6424796,0.35403162,-0.7895248,0.40251753,-0.8971518,0.44852364,-1.0,0.10495375,-0.6673706,0.16907518,-0.8295818,0.19765371,-0.58000696,0.19837613,-0.42918387,-0.07198318,-0.6322995,-0.0031677969,-0.7167254,0.049262352,-0.45005345,0.04532091,-0.3133716,-0.25972435,-0.5490769,-0.16975035,-0.61236995,-0.09856787,-0.42619196,-0.09551526,-0.32705006,X
0.0,0.0,0.23452504,-0.10324807,0.4359297,-0.31121463,0.31195566,-0.50108504,0.110633194,-0.580985,0.3120536,-0.6537552,0.36469865,-0.7983099,0.40677422,-0.90509015,0.44486132,-1.0,0.11900783,-0.689484,0.17213912,-0.8522292,0.1984264,-0.6042924,0.2033199,-0.44807678,-0.061974347,-0.66377264,0.0036442536,-0.7216655,0.0533707,-0.44845384,0.05500232,-0.31062126,-0.25235617,-0.5890791,-0.15438797,-0.6022377,-0.08292676,-0.40289932,-0.07235048,-0.30640575,X
0.0,0.0,0.2333154,-0.11437108,0.43525454,-0.3132684,0.3188494,-0.5082732,0.1156952,-0.5832659,0.31537783,-0.64748603,0.36402148,-0.79745966,0.40903467,-0.90623254,0.45030004,-1.0,0.12253566,-0.68363154,0.18107831,-0.8414695,0.20657517,-0.58262897,0.20506394,-0.42485833,-0.057236727,-0.6606025,0.008661648,-0.72902924,0.058662876,-0.45375016,0.05554305,-0.31547832,-0.25105482,-0.58808374,-0.15214092,-0.61237407,-0.07913097,-0.4189937,-0.071390465,-0.32773826,X
0.0,0.0,0.2311639,-0.10740161,0.4324268,-0.3156102,0.30696702,-0.50713515,0.10156589,-0.58438987,0.31001586,-0.67384917,0.36209875,-0.81283104,0.405522,-0.91638774,0.44248652,-1.0,0.11049476,-0.70486814,0.17300081,-0.86548215,0.21035635,-0.61370206,0.21221057,-0.45651558,-0.07383867,-0.67108774,-0.004208166,-0.7354023,0.058213063,-0.45895082,0.057918396,-0.31717318,-0.2663545,-0.5851434,-0.16576023,-0.61776555,-0.08582695,-0.42061037,-0.078578405,-0.31978178,X
0.0,0.0,0.23772494,-0.110052116,0.43702307,-0.3193137,0.30074102,-0.512265,0.09296427,-0.5840717,0.31159633,-0.663269,0.37052253,-0.8106802,0.40970773,-0.9157792,0.4418997,-1.0,0.11221168,-0.6980184,0.16991925,-0.8628633,0.20097145,-0.61217666,0.20412892,-0.4460905,-0.072408676,-0.6687441,-0.0004541777,-0.74234045,0.057184115,-0.46628377,0.061187625,-0.31587064,-0.26289532,-0.58699054,-0.15659043,-0.6061275,-0.084082514,-0.40564474,-0.07595526,-0.30026245,X
0.0,0.0,0.24342719,-0.11054786,0.44292098,-0.31198385,0.31234643,-0.5101446,0.10193336,-0.59166574,0.33479992,-0.6637289,0.38919312,-0.8100521,0.42924684,-0.9141019,0.46371058,-1.0,0.13309361,-0.6974909,0.19889723,-0.8437862,0.22221519,-0.56864154,0.21943389,-0.41054112,-0.050961766,-0.6716093,0.022823596,-0.74381095,0.06898299,-0.4635817,0.061043695,-0.3249995,-0.24595004,-0.5957524,-0.13819559,-0.61402315,-0.07403503,-0.4146512,-0.074439324,-0.32207334,X
0.0,0.0,0.24490254,-0.11529716,0.44236395,-0.3315535,0.30625755,-0.53705597,0.09602404,-0.6217196,0.3232831,-0.6574309,0.3804981,-0.80038565,0.42262042,-0.9063299,0.45814455,-1.0,0.12583156,-0.6950185,0.19109336,-0.8497477,0.22042806,-0.5944992,0.21932432,-0.43528756,-0.060157392,-0.66990626,0.011041625,-0.7398617,0.0622265,-0.46175176,0.05684669,-0.31846902,-0.2566967,-0.5956083,-0.1496335,-0.62066966,-0.08203277,-0.41932616,-0.08155788,-0.31827903,X
0.0,0.0,0.16833411,0.004704559,0.27604133,-0.08986554,0.18644296,-0.16322345,0.0008660568,-0.19690338,0.26442945,-0.53340036,0.27042872,-0.8011161,0.19899765,-0.93689054,0.10778546,-1.0,0.0036527312,-0.5164564,-0.060632978,-0.67769235,-0.038805164,-0.37497962,0.008918676,-0.22399391,-0.22181058,-0.44640929,-0.29020116,-0.5238216,-0.22983223,-0.19777773,-0.17452902,-0.046187412,-0.421482,-0.35774797,-0.46301398,-0.38273945,-0.39528367,-0.1524559,-0.33888507,-0.039569627,X
0.0,0.0,0.05729867,-0.21449785,0.07024799,-0.45646834,0.049295742,-0.65620005,0.06765359,-0.758945,0.049835388,-0.79042727,0.0013945302,-1.0,0.10444757,-0.8637554,0.20251961,-0.7403233,-0.09378948,-0.71709013,-0.1550857,-0.9092963,-0.0055389707,-0.69290704,0.12861687,-0.6018476,-0.23099113,-0.6167718,-0.2861297,-0.7704547,-0.118938155,-0.58357775,0.034483813,-0.46066007,-0.3676605,-0.49261102,-0.52653044,-0.68272525,-0.653077,-0.7978833,-0.7584517,-0.9334562,Y
0.0,0.0,0.18683739,-0.32026288,0.33650562,-0.59580934,0.39097536,-0.8324341,0.4435727,-1.0,0.009232124,-0.7649033,-0.14388478,-0.8800609,-0.05910789,-0.7206845,0.034180697,-0.61516166,-0.1675535,-0.67522174,-0.292995,-0.8121927,-0.17983739,-0.6222844,-0.088481076,-0.5309591,-0.30898908,-0.57458776,-0.40922195,-0.70454466,-0.30297846,-0.5533174,-0.19989932,-0.44126537,-0.41357428,-0.46106628,-0.60835314,-0.6446321,-0.73724693,-0.7511399,-0.84352994,-0.86579096,Y
0.0,0.0,-0.27710858,0.013355468,-0.5490507,0.007001996,-0.7477731,-0.047379464,-0.79849976,-0.12346017,-0.6230794,-0.4383415,-0.806685,-0.7421761,-0.8859095,-0.88346756,-0.9660097,-1.0,-0.48672998,-0.5786023,-0.51470375,-0.93082297,-0.31875703,-0.7129147,-0.19348976,-0.5339957,-0.32222804,-0.6749879,-0.29327312,-0.9100333,-0.1597654,-0.7292618,-0.09134227,-0.59989744,-0.16651015,-0.72256505,-0.119650684,-0.9093396,-0.07462629,-0.9157808,-0.08279849,-0.94015485,Y
0.0,0.0,0.26767647,-0.14530353,0.48006746,-0.35544747,0.5725299,-0.5559059,0.64668536,-0.70832723,0.11989184,-0.6432467,0.11634284,-0.84411985,0.119395435,-0.6437723,0.10830045,-0.49540693,-0.066608146,-0.64225745,-0.060886804,-0.86038166,-0.044259988,-0.5870588,-0.056399707,-0.42346844,-0.25110137,-0.5884347,-0.24450535,-0.7882908,-0.18937123,-0.5480157,-0.17984332,-0.38496557,-0.42561853,-0.49881202,-0.49437934,-0.7390045,-0.4959827,-0.8648185,-0.5004571,-1.0,Y
0.0,0.0,0.36044198,-0.06323308,0.6998137,-0.3464494,0.8752692,-0.63095427,0.9723896,-0.86470973,0.32661065,-0.72585416,0.27243498,-0.979546,0.20513894,-0.7208621,0.17685588,-0.47985795,0.09660767,-0.7370838,0.01997757,-1.0,-0.01972289,-0.6690776,0.0026623632,-0.41844133,-0.1007594,-0.70030373,-0.19624668,-0.9057642,-0.20395729,-0.6001316,-0.14600345,-0.3804603,-0.24538168,-0.6280511,-0.31703994,-0.7731029,-0.3248296,-0.58130103,-0.28823298,-0.43135902,Y
0.0,0.0,0.30227867,-0.08491031,0.60358816,-0.27381486,0.7576194,-0.48347557,0.80197763,-0.6799875,0.32905173,-0.58286417,0.2978108,-0.7510614,0.25588217,-0.56320065,0.24504071,-0.39623868,0.1359249,-0.58842075,0.12323628,-0.76885235,0.09615042,-0.5332997,0.097917944,-0.3528802,-0.044599917,-0.56103855,-0.076481245,-0.7097543,-0.07227535,-0.49211556,-0.039479636,-0.32127365,-0.20976259,-0.5117083,-0.28231812,-0.72883385,-0.3449469,-0.8655445,-0.3916589,-1.0,Y
0.0,0.0,0.3285405,-0.09293931,0.63071984,-0.25204608,0.79259235,-0.45932895,0.82376534,-0.6669468,0.35202223,-0.56622654,0.318774,-0.7366984,0.2719247,-0.54902005,0.26194787,-0.37723574,0.14084381,-0.5758198,0.12057289,-0.75987697,0.099024415,-0.5172915,0.111994825,-0.3255079,-0.049986668,-0.5561243,-0.100555725,-0.7093496,-0.08743833,-0.495716,-0.046538707,-0.32543668,-0.22595361,-0.5196292,-0.30767637,-0.72666794,-0.3760528,-0.86149263,-0.43119195,-1.0,Y
0.0,0.0,0.32672048,-0.095341526,0.6273978,-0.25746113,0.7827959,-0.46742764,0.82107306,-0.6710744,0.34809238,-0.5673366,0.32371002,-0.73268414,0.27324674,-0.54185396,0.2572304,-0.3764116,0.13759546,-0.5798644,0.121463016,-0.7574577,0.09911085,-0.5076964,0.11203404,-0.32249814,-0.050097235,-0.5628075,-0.1001551,-0.7096326,-0.08487767,-0.48621726,-0.04284194,-0.31810904,-0.22545813,-0.5264533,-0.30608433,-0.73160034,-0.37164754,-0.8608382,-0.42440432,-1.0,Y
0.0,0.0,0.32338288,-0.09978695,0.6190746,-0.2592902,0.76960766,-0.46290794,0.80725616,-0.66118973,0.3439052,-0.5811403,0.31635833,-0.74006605,0.28495517,-0.5503855,0.27875307,-0.38635972,0.13934287,-0.5889063,0.11500617,-0.7662067,0.103538774,-0.5182905,0.11841453,-0.33117893,-0.04512327,-0.56519026,-0.097185604,-0.7049571,-0.0737638,-0.4874598,-0.030592922,-0.3234506,-0.21698393,-0.5227204,-0.30224127,-0.72734,-0.36691752,-0.85977316,-0.42089215,-1.0,Y
0.0,0.0,0.3293911,-0.10329434,0.6221105,-0.25972155,0.77376866,-0.45896515,0.8165399,-0.65988594,0.3458552,-0.5808789,0.3312979,-0.7334658,0.2978773,-0.5612146,0.28129473,-0.386372,0.13997875,-0.5929528,0.12784898,-0.76933306,0.11169105,-0.53405946,0.119326204,-0.330981,-0.046925906,-0.57180053,-0.088732556,-0.7054497,-0.07271236,-0.4915929,-0.034583446,-0.3173442,-0.22076358,-0.52874064,-0.2983705,-0.73150057,-0.3614892,-0.86421084,-0.41460603,-1.0,Y
0.0,0.0,0.31526762,-0.10338778,0.6021245,-0.26038074,0.7540719,-0.45789182,0.79870135,-0.65275806,0.34160632,-0.56652135,0.3170203,-0.7274652,0.2775413,-0.55013865,0.26374978,-0.37966508,0.13782091,-0.5772602,0.11524153,-0.76037896,0.10178393,-0.52289575,0.11343979,-0.32694754,-0.045431264,-0.55780196,-0.0924287,-0.702922,-0.07110883,-0.49612367,-0.03049812,-0.32721674,-0.21204957,-0.51950204,-0.29602385,-0.72367,-0.35803542,-0.8606388,-0.40905353,-1.0,Y
0.0,0.0,0.31420168,-0.10892389,0.5978633,-0.27193144,0.74719924,-0.4675038,0.79394734,-0.6545066,0.3362017,-0.57318294,0.31785533,-0.7375102,0.27667594,-0.56412417,0.25564593,-0.3854771,0.13231917,-0.5827975,0.11041463,-0.7653837,0.0918,-0.52968353,0.09808217,-0.32711974,-0.049058463,-0.56241035,-0.09697575,-0.70603615,-0.079098895,-0.4989915,-0.03927008,-0.32767847,-0.2138977,-0.52169997,-0.28923437,-0.7277694,-0.35025993,-0.8628577,-0.40054494,-1.0,Y
0.0,0.0,0.3189912,-0.09513876,0.6130483,-0.25757155,0.76924574,-0.4612159,0.8136984,-0.6557808,0.34464616,-0.56805634,0.33488545,-0.74343884,0.2850747,-0.5529479,0.26420042,-0.38089007,0.14223853,-0.5819333,0.12473808,-0.76813465,0.105038635,-0.5193055,0.11773555,-0.32784006,-0.040720165,-0.5635201,-0.08584281,-0.7092638,-0.06917234,-0.49069706,-0.028144322,-0.32411057,-0.20880155,-0.5253501,-0.28238815,-0.73328143,-0.3420709,-0.8647284,-0.39101252,-1.0,Y
0.0,0.0,0.31159097,-0.07432559,0.62245184,-0.24399582,0.79442036,-0.46398643,0.8592395,-0.6758329,0.34978816,-0.58960646,0.3051229,-0.76405543,0.26472467,-0.54958,0.255713,-0.37274775,0.13620368,-0.5972942,0.13170731,-0.76832604,0.113961264,-0.50562555,0.120818265,-0.32261717,-0.055185135,-0.57228327,-0.07425506,-0.7123834,-0.055218186,-0.47064036,-0.016359176,-0.29356292,-0.22844279,-0.526249,-0.30719966,-0.7439963,-0.37723973,-0.86846143,-0.43106312,-1.0,Y
0.0,0.0,0.31586528,-0.09283576,0.60846347,-0.25690797,0.7572854,-0.45958796,0.8071382,-0.6506022,0.33660957,-0.5657543,0.31284013,-0.73401237,0.2728323,-0.5384508,0.2575147,-0.36711115,0.12983352,-0.5751652,0.10634092,-0.7593807,0.096027695,-0.50684196,0.1088719,-0.31936193,-0.05378457,-0.55626994,-0.10547396,-0.70027155,-0.080482736,-0.47803095,-0.039474323,-0.31570077,-0.22618745,-0.51938003,-0.30971208,-0.7317276,-0.367537,-0.86085373,-0.41727802,-1.0,Y
0.0,0.0,0.32493374,-0.10372674,0.62585104,-0.26417726,0.77792835,-0.46677962,0.8242982,-0.665291,0.34414127,-0.57600963,0.31772,-0.74822223,0.2752878,-0.5582685,0.25345165,-0.3785999,0.13253048,-0.57977253,0.11079117,-0.77077734,0.09299932,-0.52575153,0.100160345,-0.3231262,-0.05519386,-0.55642515,-0.105539225,-0.70266545,-0.09090575,-0.48604915,-0.05258904,-0.3133946,-0.2318614,-0.51445687,-0.31146267,-0.7264853,-0.37316966,-0.86170214,-0.42467573,-1.0,Y
0.0,0.0,0.32025412,-0.10801671,0.62448597,-0.2771582,0.77216965,-0.48464262,0.8206771,-0.6853059,0.339825,-0.5984694,0.31418082,-0.77619475,0.27401868,-0.5820114,0.2540105,-0.39950624,0.12538318,-0.5992695,0.10609693,-0.78134596,0.095558666,-0.5244853,0.10305832,-0.3179247,-0.06260365,-0.57230633,-0.10822113,-0.7245763,-0.083750255,-0.49673316,-0.04273274,-0.31661877,-0.23881564,-0.525208,-0.32418787,-0.7336472,-0.38608873,-0.8632695,-0.43931624,-1.0,Y
0.0,0.0,0.32287493,-0.10693328,0.6208172,-0.27514,0.76825464,-0.4802814,0.8136422,-0.6809834,0.3393716,-0.58583456,0.30875707,-0.76716363,0.2714207,-0.57266176,0.25458813,-0.3909713,0.1265906,-0.58593714,0.09626046,-0.7811438,0.08998845,-0.5318571,0.10350577,-0.32723096,-0.062299415,-0.5603496,-0.11712691,-0.7176823,-0.0913911,-0.49694687,-0.046927784,-0.3206114,-0.23763525,-0.51655734,-0.32582015,-0.726363,-0.38766846,-0.8609579,-0.43780681,-1.0,Y
0.0,0.0,0.32174498,-0.11421247,0.61545444,-0.27920166,0.7669158,-0.48173702,0.81356275,-0.68038964,0.3395312,-0.59103614,0.30918673,-0.76624614,0.2610316,-0.57941717,0.24071072,-0.4022662,0.12897484,-0.5931287,0.10137712,-0.782386,0.086444944,-0.5362958,0.09684001,-0.33484757,-0.056995504,-0.5671625,-0.1111991,-0.7187925,-0.08867387,-0.50366825,-0.045067545,-0.33023116,-0.22832596,-0.5226819,-0.3128531,-0.7292844,-0.37468803,-0.8620593,-0.42597365,-1.0,Y
0.0,0.0,0.31680945,-0.110898554,0.6044233,-0.27346033,0.7527935,-0.47391745,0.79477215,-0.6743869,0.32083854,-0.58701485,0.29866913,-0.7650219,0.26308623,-0.5846531,0.24037366,-0.4016114,0.113554604,-0.5876912,0.09476335,-0.7822047,0.08573747,-0.5431612,0.09234873,-0.33682704,-0.0727923,-0.5612961,-0.11441813,-0.7155716,-0.096594736,-0.50216556,-0.06276299,-0.32541668,-0.247948,-0.5165831,-0.33326846,-0.7265939,-0.38982856,-0.86161274,-0.43675062,-1.0,Y
0.0,0.0,0.31522197,-0.107489176,0.6000724,-0.2687256,0.74586666,-0.46795723,0.78763366,-0.66637903,0.31629595,-0.58824694,0.30322176,-0.75024176,0.2730674,-0.5798395,0.24909624,-0.3984667,0.1124394,-0.58974856,0.102114424,-0.77773786,0.094722934,-0.5498723,0.09534878,-0.33988282,-0.07273133,-0.5630857,-0.11054633,-0.7073108,-0.09306389,-0.50178427,-0.06372276,-0.32417494,-0.2478359,-0.5173103,-0.33691868,-0.72429127,-0.38859883,-0.86161447,-0.42948976,-1.0,Y
0.0,0.0,0.30820748,-0.11700489,0.5846474,-0.2753996,0.73878586,-0.4680501,0.7857549,-0.6623389,0.31562132,-0.60103804,0.30121422,-0.7467279,0.26547182,-0.57349104,0.23612723,-0.39317098,0.11265262,-0.606134,0.100008175,-0.777337,0.09262142,-0.5469212,0.090122916,-0.3374803,-0.07274946,-0.58083963,-0.110367395,-0.71989375,-0.091949105,-0.5071741,-0.065039426,-0.32560474,-0.2496464,-0.5352143,-0.33666116,-0.7391717,-0.3822895,-0.8676537,-0.41853648,-1.0,Y
0.0,0.0,0.31934568,-0.114249505,0.610848,-0.27488104,0.7610959,-0.47702804,0.7987254,-0.681364,0.32437664,-0.60624444,0.3014295,-0.76215494,0.26241708,-0.5807677,0.23678109,-0.3955156,0.11703824,-0.60922456,0.09847749,-0.78515387,0.08541985,-0.54552484,0.088450976,-0.33310154,-0.07224795,-0.58282995,-0.113233656,-0.729516,-0.09780353,-0.51284695,-0.06562762,-0.32750067,-0.25315195,-0.5357209,-0.34390676,-0.7365913,-0.39431727,-0.86585665,-0.4282578,-1.0,Y
0.0,0.0,0.3030241,-0.07541344,0.6142845,-0.24649256,0.7857788,-0.47151536,0.84743756,-0.6960704,0.34224463,-0.5804482,0.3177819,-0.7548438,0.2828789,-0.563373,0.27001122,-0.38689578,0.13473748,-0.5952872,0.11867265,-0.7584006,0.1181594,-0.51390564,0.12786838,-0.33394676,-0.057334993,-0.5760178,-0.08821582,-0.7271595,-0.059598606,-0.48552507,-0.018133095,-0.30092523,-0.23489499,-0.5266022,-0.3202402,-0.7442698,-0.37366685,-0.869402,-0.4078763,-1.0,Y
0.0,0.0,0.31794533,-0.10668592,0.60764825,-0.25978112,0.75103647,-0.46471277,0.8019845,-0.6720966,0.31843233,-0.5876716,0.3022583,-0.7433199,0.28068984,-0.56262165,0.257928,-0.37444752,0.10925086,-0.59545296,0.09461709,-0.775369,0.09615589,-0.54298925,0.091959745,-0.33780876,-0.080584206,-0.5708107,-0.12004311,-0.7284591,-0.09797675,-0.50711864,-0.07472441,-0.32566598,-0.26180777,-0.5208477,-0.35539392,-0.72576535,-0.40409085,-0.85716116,-0.44526526,-1.0,Y
0.0,0.0,0.31601316,-0.11792194,0.6113435,-0.2758042,0.76211774,-0.4777276,0.7996479,-0.68692726,0.32797357,-0.62104815,0.29568693,-0.7687899,0.2672652,-0.5882712,0.24658412,-0.39948726,0.120272055,-0.6196154,0.090140074,-0.79189265,0.08475102,-0.5550998,0.085357964,-0.34353653,-0.070178226,-0.58864385,-0.12080587,-0.72956765,-0.10441123,-0.5130537,-0.07735204,-0.3320009,-0.253295,-0.53451306,-0.34646928,-0.733435,-0.3967815,-0.86248684,-0.43683854,-1.0,Y
0.0,0.0,0.30890214,-0.12198525,0.59466493,-0.28178856,0.74053663,-0.48132908,0.7784741,-0.68897974,0.3218095,-0.6379571,0.29184878,-0.7725329,0.26495725,-0.5882331,0.24429207,-0.40391776,0.12022024,-0.6341972,0.09235808,-0.7892345,0.09044433,-0.5499905,0.08800077,-0.34683815,-0.06718047,-0.6016101,-0.11903055,-0.7414308,-0.09780198,-0.52049005,-0.07195729,-0.34092098,-0.24914664,-0.5454892,-0.3428494,-0.7427337,-0.395134,-0.8642489,-0.44122535,-1.0,Y
0.0,0.0,0.3104137,-0.12188428,0.6068285,-0.28750953,0.7585963,-0.4942145,0.79962546,-0.7060321,0.32876125,-0.6275979,0.307545,-0.79462904,0.27797264,-0.6048885,0.25882685,-0.41554633,0.1259084,-0.62561756,0.10383892,-0.80446017,0.097153656,-0.55851585,0.098698005,-0.35194245,-0.06286356,-0.5950582,-0.10990163,-0.7508652,-0.09382677,-0.52528393,-0.0662834,-0.34365445,-0.24665406,-0.5419862,-0.3411272,-0.7369823,-0.3951259,-0.8616947,-0.43919656,-1.0,Y
0.0,0.0,0.31597537,-0.11452428,0.61646307,-0.2776941,0.7694416,-0.48789948,0.80974805,-0.7042252,0.32859665,-0.630373,0.3032042,-0.7942195,0.2816993,-0.5958797,0.26717374,-0.41175613,0.123317465,-0.6267138,0.09666737,-0.8099045,0.09966355,-0.55931133,0.10182682,-0.3566862,-0.06772478,-0.59159005,-0.12318423,-0.747744,-0.09714896,-0.51542556,-0.06574149,-0.33685538,-0.25346273,-0.533875,-0.35169348,-0.73431975,-0.4053843,-0.8583994,-0.4536864,-1.0,Y
0.0,0.0,0.318729,-0.121605575,0.61727434,-0.28423426,0.7689015,-0.49481848,0.81108123,-0.71022743,0.32156733,-0.62328005,0.29471338,-0.7901071,0.2731665,-0.59906,0.25906453,-0.41382775,0.113154836,-0.62056416,0.0850837,-0.79898685,0.08975848,-0.55053437,0.09526765,-0.3488841,-0.07782855,-0.58846027,-0.1329031,-0.7441525,-0.104043424,-0.5188423,-0.06932814,-0.34151694,-0.2618491,-0.5334183,-0.36523592,-0.73479307,-0.41815966,-0.8593389,-0.4627499,-1.0,Y
0.0,0.0,0.32348895,-0.11914961,0.62857485,-0.28602102,0.7848949,-0.49198306,0.8169482,-0.7074441,0.3392612,-0.6276225,0.32060924,-0.79308367,0.28920397,-0.6010463,0.26824996,-0.4122237,0.12742022,-0.62451845,0.103511594,-0.8128894,0.09684168,-0.56302416,0.099798284,-0.35090795,-0.06771129,-0.59180367,-0.11846782,-0.75008994,-0.10261638,-0.5207833,-0.07360055,-0.33670095,-0.25533763,-0.537794,-0.35164425,-0.7388769,-0.4068905,-0.8630692,-0.4537901,-1.0,Y
0.0,0.0,0.31778446,-0.1226595,0.61736727,-0.29048127,0.7810165,-0.49389005,0.8091291,-0.7098563,0.33331573,-0.63878894,0.30535942,-0.8004955,0.26010978,-0.60305244,0.23671108,-0.41624025,0.118391246,-0.63524985,0.09574593,-0.80531466,0.08181107,-0.5516495,0.08214361,-0.34439877,-0.07840214,-0.59879416,-0.1275384,-0.7568681,-0.11071093,-0.5245677,-0.077665776,-0.33880335,-0.26340252,-0.5393461,-0.35925832,-0.7386534,-0.4186964,-0.86223614,-0.46716517,-1.0,Y
0.0,0.0,0.3220872,-0.12294106,0.62491786,-0.2896452,0.78762525,-0.49712297,0.8115843,-0.7138639,0.33123764,-0.6276886,0.3036052,-0.8085184,0.27102575,-0.60580075,0.25260282,-0.4174265,0.11767882,-0.62651294,0.08482751,-0.8111281,0.08320958,-0.55236346,0.09090169,-0.34951267,-0.07837224,-0.5934875,-0.1359492,-0.7642721,-0.110540524,-0.5250215,-0.07319367,-0.3387881,-0.26394907,-0.53674024,-0.367532,-0.7379094,-0.42848215,-0.8610796,-0.47998318,-1.0,Y
0.0,0.0,0.29579136,-0.103411645,0.6111421,-0.28917107,0.77877945,-0.51039475,0.808234,-0.7172554,0.3190635,-0.62793803,0.2770648,-0.8127918,0.24239029,-0.6030416,0.24156779,-0.4252627,0.10888164,-0.62937385,0.079836175,-0.8125139,0.078411214,-0.5469824,0.09870273,-0.3629411,-0.08629886,-0.5929476,-0.120587595,-0.74996716,-0.087264925,-0.5154433,-0.039205763,-0.33729577,-0.260606,-0.5260136,-0.36663476,-0.7404829,-0.44392607,-0.86509746,-0.501816,-1.0,Y
0.0,0.0,0.30835205,-0.12286972,0.6004605,-0.29211512,0.7572177,-0.49941838,0.7755512,-0.7114321,0.31226096,-0.614677,0.28423348,-0.7694412,0.24747214,-0.58579814,0.22680765,-0.40070534,0.1070468,-0.6137731,0.075583726,-0.797111,0.07124092,-0.55801165,0.0800607,-0.35140863,-0.08139674,-0.5831723,-0.13847354,-0.7330365,-0.11360242,-0.51560014,-0.07571747,-0.33719283,-0.26128078,-0.53205216,-0.36651665,-0.73206425,-0.43072894,-0.86113316,-0.48383477,-1.0,Y
0.0,0.0,0.31260824,-0.12291741,0.6133817,-0.29039636,0.7629581,-0.49681076,0.7901854,-0.70508057,0.32639197,-0.62977713,0.29266164,-0.78171504,0.2586193,-0.5964764,0.2412829,-0.40950716,0.11642011,-0.6295285,0.08728323,-0.80507296,0.077804975,-0.5608891,0.08008014,-0.3504045,-0.0755507,-0.59713286,-0.13266636,-0.7470775,-0.11168355,-0.5310297,-0.07877162,-0.34903502,-0.25898305,-0.54161334,-0.35229608,-0.74538505,-0.41841534,-0.86817324,-0.48004988,-1.0,Y
0.0,0.0,0.3154957,-0.12428078,0.60986966,-0.28118944,0.7645721,-0.48572496,0.7903941,-0.6973133,0.32271618,-0.6117941,0.2921003,-0.75947565,0.26331756,-0.58099926,0.24641097,-0.3990253,0.11603883,-0.6142257,0.08425578,-0.7890303,0.081429034,-0.5508641,0.08754996,-0.3481669,-0.07586053,-0.5865394,-0.1319108,-0.7434886,-0.10973962,-0.5250571,-0.078672245,-0.34390634,-0.2622082,-0.5352914,-0.35556486,-0.7383125,-0.4210468,-0.8635653,-0.48257908,-1.0,Y
0.0,0.0,0.3124681,-0.12741406,0.59406585,-0.28728426,0.74696815,-0.48746938,0.76667595,-0.69295466,0.32999858,-0.6099876,0.2922564,-0.75574267,0.255023,-0.5798766,0.23626365,-0.40277547,0.12194327,-0.6139681,0.09089675,-0.7831933,0.07625477,-0.5510959,0.074577376,-0.3524836,-0.07297609,-0.5872435,-0.12858449,-0.74331856,-0.11613038,-0.53123003,-0.09059648,-0.3535193,-0.26212326,-0.53763396,-0.354435,-0.7426632,-0.42409348,-0.8651761,-0.48852816,-1.0,Y
0.0,0.0,0.3152465,-0.111071356,0.6061092,-0.2680434,0.75908387,-0.46936134,0.77957416,-0.6754353,0.35692325,-0.61717415,0.31650227,-0.75237894,0.27484375,-0.5764441,0.25525174,-0.39387673,0.14228097,-0.6240577,0.10544777,-0.77918166,0.0911808,-0.54559153,0.09114349,-0.33781075,-0.058642432,-0.5979935,-0.11388285,-0.7444473,-0.09683379,-0.5308208,-0.06621899,-0.34430233,-0.25078365,-0.54495573,-0.34048942,-0.7447518,-0.40872338,-0.86730194,-0.46900144,-1.0,Y
0.0,0.0,0.31465614,-0.11236835,0.61156654,-0.26953495,0.77327573,-0.4748214,0.7896143,-0.6852949,0.34281456,-0.6153823,0.2973169,-0.7632014,0.25509533,-0.5833765,0.24014872,-0.40292066,0.13287733,-0.6200445,0.092893064,-0.7881482,0.080846794,-0.5509625,0.09080183,-0.35050428,-0.06176436,-0.592144,-0.1270754,-0.7295095,-0.10377267,-0.5152394,-0.06165185,-0.3399003,-0.24437384,-0.5409279,-0.33965945,-0.73921937,-0.40461138,-0.8636443,-0.45948514,-1.0,Y
0.0,0.0,0.3167942,-0.11002346,0.60768425,-0.26440302,0.7634235,-0.46727473,0.7733856,-0.67890656,0.33834738,-0.59778255,0.2851898,-0.7575009,0.23550776,-0.5797282,0.22224827,-0.40123528,0.1289732,-0.6051476,0.074055746,-0.7666015,0.054957967,-0.53292924,0.07373233,-0.33883172,-0.06378969,-0.58017915,-0.13746712,-0.70979244,-0.12067336,-0.5022303,-0.07224368,-0.33096722,-0.2430059,-0.535623,-0.33227876,-0.7365654,-0.40160874,-0.86565125,-0.45501304,-1.0,Y
0.0,0.0,0.3134306,-0.11693956,0.5980506,-0.2751811,0.75822526,-0.4730786,0.7654418,-0.6685853,0.32833782,-0.59666646,0.28817835,-0.7557586,0.24828628,-0.5727304,0.23376134,-0.3952076,0.1226431,-0.6061209,0.08079086,-0.7730052,0.06420208,-0.5397027,0.07445647,-0.34647277,-0.06600746,-0.5833626,-0.13177243,-0.72097397,-0.112753145,-0.51874626,-0.06911641,-0.35182756,-0.24074621,-0.5410217,-0.32550004,-0.7415555,-0.39420322,-0.8683104,-0.45087644,-1.0,Y
0.0,0.0,0.32263076,-0.113991156,0.6121369,-0.26590675,0.77138436,-0.4631829,0.7705883,-0.6613886,0.34132993,-0.61040694,0.29406056,-0.74619156,0.25325236,-0.5733728,0.2380952,-0.38765305,0.12571566,-0.6194588,0.083149634,-0.7690354,0.063006304,-0.5445096,0.0670883,-0.33902177,-0.072336115,-0.5932157,-0.1432577,-0.7137753,-0.12607682,-0.5118392,-0.0811943,-0.33514816,-0.25661415,-0.54445577,-0.34300792,-0.7412202,-0.41216207,-0.86933714,-0.46594316,-1.0,Y
0.0,0.0,0.3431823,-0.10147625,0.71014893,-0.29233453,0.90296596,-0.5261479,1.0,-0.7501468,0.41613913,-0.68361896,0.3564976,-0.8510033,0.3360394,-0.6133008,0.33683047,-0.4094286,0.17425328,-0.69666,0.14886455,-0.8489379,0.16926222,-0.54718286,0.1891306,-0.3326836,-0.036665805,-0.6494989,-0.08377279,-0.80863124,-0.05209097,-0.5267831,-0.022276038,-0.319328,-0.22666708,-0.5658778,-0.30894324,-0.7545467,-0.32892323,-0.6778791,-0.32902306,-0.6215931,Y
0.0,0.0,0.32409537,-0.10481707,0.62753695,-0.26369646,0.7788455,-0.47187123,0.78651655,-0.68969375,0.30608103,-0.60311407,0.2734768,-0.77185845,0.25243452,-0.5937023,0.24670355,-0.40188134,0.08842648,-0.60621464,0.061761767,-0.7841928,0.060567208,-0.5550355,0.07350848,-0.34366897,-0.107274204,-0.5774142,-0.1578396,-0.72177565,-0.12830202,-0.51647925,-0.07982968,-0.33318007,-0.2842107,-0.5217887,-0.38402995,-0.7240923,-0.45184895,-0.86510926,-0.50020194,-1.0,Y
0.0,0.0,0.3228135,-0.1373935,0.60797966,-0.31623113,0.75002074,-0.53129435,0.7481678,-0.7293584,0.30600923,-0.65027434,0.2617118,-0.79079574,0.23859908,-0.60193473,0.23967096,-0.4261902,0.09233843,-0.6473406,0.049834527,-0.79928577,0.057707082,-0.5534137,0.08516937,-0.36268926,-0.0990593,-0.6092034,-0.1684997,-0.7361128,-0.12387769,-0.5222434,-0.060902677,-0.35539293,-0.2793367,-0.5486022,-0.37150386,-0.74473125,-0.439082,-0.8689142,-0.4911435,-1.0,Y
0.0,0.0,0.32976267,-0.14232728,0.6136277,-0.32878625,0.75383,-0.5498639,0.7661183,-0.75855327,0.27942762,-0.6459868,0.26476339,-0.802987,0.25222072,-0.6105081,0.2502808,-0.429539,0.06912199,-0.6394219,0.047108397,-0.8152632,0.062139206,-0.5697742,0.08578098,-0.37009478,-0.12132938,-0.5993001,-0.17420919,-0.7449935,-0.1250169,-0.52544147,-0.06864085,-0.34908417,-0.29828987,-0.5375468,-0.39938444,-0.7349929,-0.46167523,-0.86313355,-0.51311827,-1.0,Y
0.0,0.0,0.32905397,-0.1499589,0.6160387,-0.34979206,0.73594767,-0.573843,0.74199575,-0.7814456,0.26819718,-0.6640207,0.228706,-0.8280127,0.22596207,-0.63579535,0.2315859,-0.44992253,0.05551101,-0.64853925,0.013919877,-0.82752776,0.03782478,-0.58539873,0.06603648,-0.37984818,-0.13639092,-0.6036183,-0.19959347,-0.7461969,-0.14806317,-0.52624947,-0.09024087,-0.34770426,-0.31385416,-0.53658456,-0.42391318,-0.74003786,-0.48910698,-0.86821574,-0.5431741,-1.0,Y
0.0,0.0,0.32696906,-0.1511602,0.60993856,-0.3605752,0.7328699,-0.5928069,0.73733443,-0.80748564,0.26683104,-0.6818373,0.2338543,-0.8483363,0.21786472,-0.6404856,0.21933858,-0.45832816,0.05422412,-0.6637831,0.014860707,-0.84696525,0.032817222,-0.5884834,0.06294905,-0.38831124,-0.13852954,-0.6130796,-0.19958608,-0.7616441,-0.15068677,-0.5284987,-0.09386838,-0.35208845,-0.31535107,-0.5418539,-0.43222877,-0.74208194,-0.50371706,-0.8658482,-0.5644777,-1.0,Y
0.0,0.0,0.32464722,-0.15238667,0.6100336,-0.3796079,0.734785,-0.6259032,0.7413595,-0.8443944,0.26355812,-0.68668234,0.22004013,-0.8656159,0.2184401,-0.64919776,0.23248038,-0.4688823,0.048094597,-0.66743094,0.0057273936,-0.86121583,0.034833398,-0.594546,0.07076912,-0.39662892,-0.14351468,-0.615102,-0.2022209,-0.77365,-0.14638005,-0.5353527,-0.087645896,-0.36097234,-0.31583178,-0.5417089,-0.43853098,-0.74224275,-0.50856405,-0.865283,-0.5683517,-1.0,Y
0.0,0.0,0.32516557,-0.17109014,0.6077046,-0.39709637,0.73290706,-0.63822675,0.73301315,-0.8580304,0.2478284,-0.7038079,0.19975922,-0.88897943,0.2040399,-0.68548054,0.21888445,-0.4914873,0.02860261,-0.6780086,-0.017791573,-0.87958086,0.015680933,-0.6202782,0.05395382,-0.40581104,-0.16740179,-0.6207335,-0.2310875,-0.7855036,-0.1704355,-0.5552322,-0.1056685,-0.37134656,-0.34372324,-0.5417682,-0.4751323,-0.7414781,-0.5521224,-0.8664919,-0.6169396,-1.0,Y
0.0,0.0,0.32493663,-0.17190282,0.6018675,-0.41268256,0.72218066,-0.66125244,0.7145731,-0.88032526,0.23763487,-0.717421,0.18265496,-0.8984647,0.19093391,-0.6833076,0.21394993,-0.49639592,0.018710982,-0.68577695,-0.039477848,-0.8831978,0.006103184,-0.6187826,0.057164162,-0.41153508,-0.17687747,-0.62300664,-0.24924445,-0.78682053,-0.17593606,-0.54832804,-0.100684926,-0.36560115,-0.35126156,-0.5402403,-0.48875883,-0.7405971,-0.5694157,-0.8645886,-0.63739765,-1.0,Y
0.0,0.0,0.32643378,-0.18764806,0.60035014,-0.44383544,0.71137357,-0.7012617,0.6838531,-0.92802656,0.20498082,-0.74695015,0.15065832,-0.92797786,0.1781041,-0.7113806,0.20961206,-0.5128873,-0.018856097,-0.7056232,-0.075812876,-0.89857507,-0.013258278,-0.6311978,0.044290606,-0.41152796,-0.21787156,-0.63331074,-0.2905577,-0.79973817,-0.19982715,-0.55810016,-0.11464833,-0.36502355,-0.392967,-0.5375215,-0.5453802,-0.7385838,-0.6300172,-0.8648541,-0.70127386,-1.0,Y
0.0,0.0,-0.019457942,-0.18276516,-0.014064846,-0.37028083,0.06540883,-0.5979418,0.16590533,-0.76198643,-0.30259782,-0.5292324,-0.37566245,-0.6415928,-0.35604206,-0.57891136,-0.35735935,-0.54768544,-0.27251342,-0.5513692,-0.26422054,-0.77278984,-0.16449517,-0.6225671,-0.117218725,-0.49287787,-0.20581505,-0.57091826,-0.17411746,-0.7742512,-0.08686688,-0.62744105,-0.047685016,-0.5052858,-0.13623014,-0.5793726,-0.043464527,-0.7644758,0.01795863,-0.8807548,0.03351229,-1.0,Y
0.0,0.0,0.32476372,-0.18833967,0.6020135,-0.46714234,0.7264893,-0.7565794,0.71307915,-1.0,0.1990534,-0.77791613,0.12123578,-0.96329784,0.15262726,-0.6999903,0.19582038,-0.4781602,-0.041469365,-0.72713506,-0.10605537,-0.919959,-0.02968374,-0.6144228,0.03973837,-0.40287527,-0.25062484,-0.6386774,-0.3245624,-0.798073,-0.21650122,-0.5268112,-0.11637476,-0.33611685,-0.43058047,-0.52547365,-0.58830494,-0.7344485,-0.6924925,-0.85409117,-0.78652847,-0.99302727,Y
0.0,0.0,0.3170465,-0.20956069,0.5825965,-0.48261347,0.6800154,-0.743329,0.6573485,-0.9560099,0.1661227,-0.78193325,0.1187053,-0.95862734,0.14154771,-0.73525006,0.1692706,-0.5412173,-0.056413293,-0.73446745,-0.11741627,-0.9321342,-0.05184434,-0.6599181,0.01255602,-0.44417727,-0.25139776,-0.6542116,-0.3297241,-0.81363875,-0.23541634,-0.56842357,-0.14849597,-0.37947795,-0.42080355,-0.55187404,-0.5839685,-0.7480488,-0.68160135,-0.8691962,-0.76754713,-1.0,Y
0.0,0.0,0.33630165,-0.20645675,0.6102244,-0.48887292,0.71590644,-0.75301474,0.69210356,-0.9696558,0.18577492,-0.7885135,0.12451101,-0.97545713,0.16343552,-0.74172497,0.20655333,-0.55070305,-0.043365512,-0.7358065,-0.10464389,-0.9209867,-0.025316438,-0.64324975,0.044778544,-0.4407468,-0.24628922,-0.6518217,-0.32981494,-0.8198135,-0.22549056,-0.566753,-0.13167892,-0.37821588,-0.4231304,-0.54992765,-0.5837654,-0.7444747,-0.6830782,-0.8652859,-0.7719782,-1.0,Y
0.0,0.0,0.33614048,-0.21168853,0.6130208,-0.4870854,0.72163427,-0.75210714,0.68081117,-0.9606623,0.18934041,-0.7853607,0.1239995,-0.9624806,0.15313283,-0.7268169,0.19340138,-0.53198004,-0.03889178,-0.7308524,-0.111930095,-0.9212466,-0.039970405,-0.6424574,0.033985853,-0.42884612,-0.24119997,-0.64831215,-0.33204278,-0.8144884,-0.23194002,-0.5657729,-0.13329837,-0.3732823,-0.41775703,-0.5466938,-0.5814291,-0.7432596,-0.6879731,-0.86604035,-0.7805501,-1.0,Y
0.0,0.0,0.332989,-0.2179406,0.6058998,-0.49435312,0.70568323,-0.75698864,0.6596969,-0.96981126,0.18489328,-0.7861774,0.12587774,-0.96079254,0.14293146,-0.7356809,0.1769907,-0.53433454,-0.04631345,-0.7330906,-0.110647716,-0.9199865,-0.048963062,-0.6469339,0.021531267,-0.42521322,-0.2503173,-0.6512903,-0.33088204,-0.8092479,-0.23551437,-0.5672753,-0.13975084,-0.374046,-0.42793977,-0.54905057,-0.59080297,-0.74946254,-0.6955918,-0.87110513,-0.78681576,-1.0,Y
0.0,0.0,0.33314762,-0.21997851,0.5968333,-0.49491248,0.6865632,-0.7563657,0.64439416,-0.9635037,0.17325121,-0.77979857,0.112225786,-0.9602207,0.14526223,-0.74274224,0.18627258,-0.5429716,-0.05697297,-0.72629815,-0.117234565,-0.91760904,-0.051261056,-0.6414254,0.014007794,-0.42220944,-0.25988293,-0.6437137,-0.33511776,-0.8271828,-0.23976657,-0.5748488,-0.14723082,-0.3718314,-0.43858173,-0.537543,-0.61215174,-0.73880625,-0.7175804,-0.86273956,-0.80554163,-1.0,Y
0.0,0.0,0.3309557,-0.22014822,0.5956105,-0.4973179,0.69444865,-0.7675991,0.6712256,-0.98224145,0.16534662,-0.78710306,0.117108904,-0.97764677,0.14408138,-0.753289,0.17699341,-0.55240136,-0.062358957,-0.73541254,-0.12379448,-0.9273618,-0.048819743,-0.654583,0.021104218,-0.43936014,-0.26305726,-0.6522525,-0.34670708,-0.827959,-0.2397676,-0.57538897,-0.14263164,-0.37638134,-0.4385848,-0.54804695,-0.6165783,-0.74132395,-0.7247236,-0.8627494,-0.82070786,-1.0,Y
0.0,0.0,0.32171887,-0.22271417,0.5799339,-0.49915528,0.6802353,-0.76421255,0.6655982,-0.97944194,0.15691441,-0.80164456,0.10058963,-0.9798817,0.13475752,-0.7637752,0.17107214,-0.55276144,-0.070845746,-0.74773896,-0.13389069,-0.92780477,-0.056019057,-0.65571207,0.012561474,-0.42948216,-0.26990297,-0.6595306,-0.3522529,-0.82139236,-0.24308841,-0.575043,-0.14421117,-0.37259394,-0.44137922,-0.5469455,-0.6169375,-0.73820645,-0.7228105,-0.86303604,-0.817093,-1.0,Y
0.0,0.0,0.31764975,-0.21696252,0.5821692,-0.5005338,0.67683977,-0.7733438,0.6737319,-1.0,0.15815754,-0.78662044,0.10113923,-0.96873325,0.12760858,-0.75226474,0.16167687,-0.54227704,-0.07437169,-0.72833776,-0.13757865,-0.9142528,-0.06372628,-0.64614147,0.008083122,-0.4229786,-0.27437696,-0.6390642,-0.35823345,-0.801694,-0.2547617,-0.55703014,-0.15358512,-0.3574888,-0.446789,-0.5284811,-0.61393714,-0.7250321,-0.72356987,-0.848285,-0.8206723,-0.98368275,Y
0.0,0.0,0.19641817,-0.3152136,0.32446343,-0.579489,0.4101149,-0.8223413,0.4414808,-1.0,-0.0913161,-0.7859945,-0.20614932,-0.82185835,-0.12403994,-0.6251642,-0.06265121,-0.49486434,-0.26788235,-0.6624778,-0.35963336,-0.6962608,-0.20144135,-0.48627624,-0.09573756,-0.35874242,-0.3979554,-0.53927326,-0.4952394,-0.5787073,-0.31997877,-0.4169235,-0.19911751,-0.31690806,-0.50242466,-0.42401063,-0.6487949,-0.5563203,-0.71852684,-0.66631883,-0.8095474,-0.792818,Y
0.0,0.0,0.2563617,-0.27825224,0.447618,-0.56234854,0.54037654,-0.803108,0.5660831,-1.0,0.12497416,-0.7315314,0.08052153,-0.90448534,0.09337505,-0.7715699,0.10304759,-0.6437354,-0.044764694,-0.68109393,-0.08036021,-0.8461808,-0.042595264,-0.69743806,-0.001708903,-0.5669266,-0.19560187,-0.6070875,-0.232489,-0.74492174,-0.18169461,-0.6132571,-0.12071603,-0.49529064,-0.31612605,-0.51814336,-0.38962615,-0.7020259,-0.43069372,-0.7410019,-0.45396665,-0.7575462,Y
0.0,0.0,0.32245433,-0.19228657,0.583813,-0.48315376,0.70291674,-0.75869405,0.6969855,-1.0,0.19298093,-0.79350924,0.11658856,-0.98094153,0.110427305,-0.75839126,0.1490712,-0.5369004,-0.04432612,-0.7353063,-0.116668195,-0.93360484,-0.073762074,-0.65538895,-0.0009706183,-0.43239325,-0.24629292,-0.63764274,-0.32106227,-0.7785072,-0.24262983,-0.53727126,-0.13542782,-0.35212806,-0.41532707,-0.51939493,-0.566889,-0.72508025,-0.68901294,-0.84814906,-0.78045505,-0.9769058,Y
0.0,0.0,0.3057739,-0.20897992,0.5656631,-0.4970318,0.68242574,-0.76929235,0.7082383,-1.0,0.1525437,-0.7846221,0.0979136,-0.95473206,0.12653671,-0.7373336,0.16203596,-0.5388354,-0.067761205,-0.7304571,-0.13150492,-0.9130291,-0.06248949,-0.63666993,0.00080865127,-0.42324227,-0.2589985,-0.64256287,-0.340404,-0.7956363,-0.2423156,-0.5500915,-0.15116058,-0.3624687,-0.42374647,-0.5312901,-0.6004224,-0.7303722,-0.7053605,-0.85259646,-0.7975935,-0.9896345,Y
0.0,0.0,0.32448223,-0.22711694,0.59483665,-0.50988865,0.7184391,-0.7729897,0.74101317,-1.0,0.17734227,-0.8223824,0.11083873,-0.97643983,0.12813918,-0.7612974,0.16126727,-0.54989177,-0.055759817,-0.7697377,-0.12031704,-0.91401666,-0.057841033,-0.6451812,0.0062684994,-0.4197862,-0.24763255,-0.67993116,-0.33422223,-0.80866915,-0.24425432,-0.5761896,-0.15251845,-0.3827985,-0.40381306,-0.5661951,-0.55535656,-0.75399125,-0.65948933,-0.8696365,-0.7531238,-0.99117744,Y
0.0,0.0,0.34876573,-0.21168718,0.6364896,-0.5046959,0.76071763,-0.7735573,0.7917283,-1.0,0.21926178,-0.8066044,0.14355896,-0.9376859,0.14178811,-0.7333997,0.17234679,-0.52257127,-0.019464755,-0.75963336,-0.08972583,-0.89625114,-0.05679597,-0.6266055,0.0004356557,-0.39813852,-0.21328801,-0.67481506,-0.30758128,-0.76408166,-0.24183622,-0.5349127,-0.15544501,-0.35290903,-0.37449747,-0.56435615,-0.5113263,-0.76030034,-0.62048453,-0.87173164,-0.7173513,-0.9840992,Y
0.0,0.0,0.34804678,-0.20220622,0.6544673,-0.48682982,0.78708607,-0.75768346,0.8348885,-0.98254436,0.24506287,-0.7848226,0.1665759,-0.94452614,0.167324,-0.7325085,0.19199729,-0.52721274,0.010780387,-0.7392731,-0.06206249,-0.9091024,-0.032701388,-0.6270769,0.017977277,-0.38846034,-0.1832026,-0.66143316,-0.2847599,-0.7975845,-0.23060833,-0.55483127,-0.15636551,-0.3557793,-0.34480616,-0.55651104,-0.4870629,-0.7586293,-0.5970934,-0.8781844,-0.6962085,-1.0,Y
0.0,0.0,0.35685965,-0.19097282,0.67841697,-0.48962796,0.8070056,-0.771093,0.866204,-1.0,0.28806123,-0.7941789,0.18991911,-0.9383045,0.17349845,-0.71803546,0.19229648,-0.5047281,0.045554608,-0.7503227,-0.042597875,-0.92397034,-0.033954073,-0.6370878,0.009373564,-0.3889111,-0.15488344,-0.6740346,-0.2636675,-0.8035121,-0.22141835,-0.5466663,-0.14875206,-0.33743218,-0.3237231,-0.5697702,-0.46053633,-0.77305144,-0.5810457,-0.88270664,-0.688308,-0.9952001,Y
0.0,0.0,0.34304515,-0.17551711,0.6702781,-0.4543607,0.8179155,-0.71699136,0.8777395,-0.9226107,0.30560657,-0.7645718,0.1995281,-0.9220544,0.17486612,-0.70486283,0.19468501,-0.5002633,0.0637018,-0.7233921,-0.034419376,-0.91219115,-0.022035684,-0.62446904,0.025531925,-0.38522297,-0.13156296,-0.653258,-0.24122073,-0.7895704,-0.18881643,-0.5433307,-0.11481085,-0.3463855,-0.2926353,-0.558372,-0.4350861,-0.7672511,-0.5496111,-0.88101643,-0.65118164,-1.0,Y
0.0,0.0,0.34635678,-0.17451857,0.6875588,-0.43912798,0.8454366,-0.7010528,0.90592384,-0.9114271,0.32830596,-0.7651939,0.19173203,-0.931966,0.16829427,-0.7071637,0.19781575,-0.50149024,0.0776903,-0.728769,-0.04042714,-0.91562015,-0.029906308,-0.6190394,0.021756506,-0.3780078,-0.12640946,-0.66424966,-0.25168052,-0.8130512,-0.20335644,-0.5529468,-0.12390061,-0.3457373,-0.299121,-0.57185537,-0.4435945,-0.77425754,-0.56018865,-0.8850275,-0.6587344,-1.0,Y
0.0,0.0,0.3442755,-0.17859939,0.68388474,-0.45168996,0.85584223,-0.7117939,0.93347603,-0.9102261,0.32911178,-0.7535295,0.1890324,-0.9043301,0.1590988,-0.68026805,0.19228122,-0.48934495,0.07659884,-0.7213719,-0.04492678,-0.9072149,-0.030948708,-0.60660416,0.027872968,-0.38549244,-0.12565982,-0.65833867,-0.25125086,-0.8097946,-0.19637607,-0.5509722,-0.11441357,-0.3591468,-0.29498512,-0.57186836,-0.4398803,-0.77715576,-0.5568416,-0.8811169,-0.6554161,-1.0,Y
0.0,0.0,0.23055409,-0.33217216,0.37797275,-0.6081566,0.47280198,-0.85624963,0.46269396,-1.0,-0.049855553,-0.7953153,-0.17770684,-0.866204,-0.09982678,-0.67212,-0.034318235,-0.54225117,-0.25166598,-0.6630826,-0.35169533,-0.7368631,-0.20978509,-0.53720015,-0.12080642,-0.4006199,-0.40075353,-0.5401329,-0.50963736,-0.6311008,-0.34338862,-0.4520316,-0.22945158,-0.32915676,-0.50663126,-0.41522872,-0.6734732,-0.5550714,-0.7582242,-0.6842848,-0.8644521,-0.8348616,Y
0.0,0.0,0.22886115,0.066004075,0.47813755,-0.091188245,0.4786357,-0.35315174,0.3535511,-0.5162089,0.57898545,-0.3673703,0.7787223,-0.59645534,0.9028564,-0.73419565,1.0,-0.8685893,0.42796305,-0.45435366,0.4957125,-0.60488576,0.40624353,-0.39690062,0.3282428,-0.25756124,0.26793787,-0.49004,0.31625146,-0.6255238,0.27063707,-0.39213327,0.21597601,-0.25483453,0.08615276,-0.49161685,0.15767649,-0.59059495,0.15091507,-0.40756407,0.11723304,-0.2875118,Z
0.0,0.0,0.26580527,-0.13921562,0.4036497,-0.34173083,0.28261527,-0.5849405,0.12501495,-0.70166296,0.52569306,-0.4923863,0.58504987,-0.7094601,0.62313676,-0.8581259,0.6732142,-1.0,0.3481594,-0.5355792,0.34742305,-0.75580287,0.27974275,-0.58458614,0.2510207,-0.4455824,0.18236478,-0.5528607,0.16924283,-0.7548099,0.1231626,-0.5656035,0.11392129,-0.45037058,0.013166214,-0.5330574,0.029277181,-0.7104489,0.011381625,-0.5987394,-0.011158025,-0.50795084,Z
0.0,0.0,0.2553897,-0.054234058,0.46661296,-0.18869348,0.43425167,-0.4315915,0.33803937,-0.5955456,0.61381876,-0.41498336,0.8040792,-0.61105037,0.9076097,-0.7365613,1.0,-0.8482823,0.45127186,-0.49064857,0.522955,-0.6395869,0.42697394,-0.48173964,0.35439765,-0.35063043,0.28649753,-0.5232948,0.30209854,-0.63158125,0.2530368,-0.42874166,0.21468478,-0.29381675,0.114072345,-0.51930773,0.16555196,-0.61030304,0.15353145,-0.44040978,0.13018405,-0.312282,Z
0.0,0.0,0.27113366,-0.06983648,0.45960245,-0.2150478,0.4293299,-0.45547956,0.33615884,-0.6130241,0.58591753,-0.4301031,0.7919805,-0.6254117,0.9054086,-0.7579997,1.0,-0.8802853,0.42095566,-0.5010578,0.50911,-0.6711861,0.41898882,-0.49937597,0.3502815,-0.35067263,0.25320923,-0.5402411,0.29907596,-0.67732847,0.24899292,-0.46657094,0.20372188,-0.31355757,0.07661891,-0.54179364,0.14487414,-0.66264296,0.14364912,-0.49560112,0.120179676,-0.3471918,Z
0.0,0.0,0.26456535,-0.053148873,0.46115208,-0.20154803,0.42633083,-0.43764323,0.32737783,-0.594742,0.5929632,-0.42843118,0.7939631,-0.6334153,0.91148585,-0.76907647,1.0,-0.8862904,0.42596626,-0.49744263,0.51842684,-0.6543551,0.42446938,-0.48261496,0.3424653,-0.3316444,0.25380442,-0.53684664,0.30234227,-0.6647503,0.24547519,-0.4456025,0.19613792,-0.29687476,0.0714834,-0.53666306,0.13796544,-0.6551281,0.12884562,-0.48113707,0.09888013,-0.34020343,Z
0.0,0.0,0.26327705,-0.062193375,0.4568566,-0.21328342,0.42596152,-0.45134836,0.3320744,-0.6090206,0.59958494,-0.43667218,0.7968506,-0.64841455,0.9096683,-0.78508997,1.0,-0.90285033,0.4316765,-0.5050811,0.5107393,-0.6560957,0.40670407,-0.49166504,0.329524,-0.34909904,0.26092255,-0.54389626,0.30033687,-0.66884595,0.23878703,-0.4563001,0.19234401,-0.30294532,0.08068632,-0.5439319,0.13058485,-0.662637,0.12336998,-0.49266908,0.104196444,-0.3443327,Z
0.0,0.0,0.26279566,-0.07351511,0.4496308,-0.23173112,0.40881455,-0.47563893,0.32277337,-0.6384037,0.5985132,-0.45736977,0.7978852,-0.6730577,0.91191304,-0.81542665,1.0,-0.9355097,0.42258185,-0.52616405,0.51593655,-0.6871892,0.42052534,-0.52595866,0.34524855,-0.38253215,0.24432649,-0.56010467,0.29602292,-0.70330083,0.23767792,-0.49351376,0.18777902,-0.34052405,0.057648078,-0.55203605,0.12556504,-0.68922985,0.11359091,-0.5257002,0.08389455,-0.38075995,Z
0.0,0.0,0.27240396,-0.07503618,0.45823297,-0.23949438,0.40761015,-0.49369437,0.3076647,-0.6594498,0.61200106,-0.47217083,0.8057664,-0.6939615,0.913184,-0.83788234,1.0,-0.9632428,0.42842686,-0.54413974,0.5088012,-0.70532686,0.40848562,-0.53335804,0.33665138,-0.38916865,0.24241379,-0.5767538,0.2861905,-0.7213868,0.23291422,-0.502447,0.18957832,-0.35089898,0.046134286,-0.5631228,0.104992285,-0.6902482,0.10019951,-0.51253873,0.08065252,-0.3649082,Z
0.0,0.0,0.26772305,-0.08446383,0.45061573,-0.25898102,0.40477738,-0.5169526,0.30270165,-0.6801983,0.6024783,-0.48490363,0.79861146,-0.7095861,0.91029596,-0.8583519,1.0,-0.9886715,0.4211866,-0.5590446,0.5101836,-0.72990704,0.41029206,-0.5627844,0.3319663,-0.4158186,0.2376833,-0.59031105,0.28484792,-0.7402693,0.2312586,-0.52683324,0.18240628,-0.37041306,0.044494826,-0.57240397,0.106425695,-0.7127529,0.10860326,-0.5438431,0.09124273,-0.388113,Z
0.0,0.0,0.2708023,-0.08615208,0.4562539,-0.2624576,0.40916598,-0.51306224,0.3063073,-0.67649466,0.60292596,-0.50450087,0.8000179,-0.7230128,0.9134151,-0.86842203,1.0,-0.9929517,0.42306858,-0.57777,0.5115557,-0.7423063,0.41093984,-0.5716367,0.33013418,-0.4224859,0.24021079,-0.6069037,0.28722,-0.7423097,0.23519173,-0.53293496,0.1847737,-0.3813997,0.047429014,-0.5904366,0.1023984,-0.7221323,0.10534163,-0.5580516,0.088974684,-0.41028428,Z
0.0,0.0,0.27333036,-0.09401309,0.45416057,-0.27167124,0.40037414,-0.5288815,0.29074043,-0.68348616,0.5950208,-0.5060725,0.7868586,-0.72891957,0.8948991,-0.87525743,0.98238957,-1.0,0.41369027,-0.5761673,0.5057953,-0.7499762,0.4008254,-0.57787156,0.3194326,-0.43036044,0.22943026,-0.6053924,0.28139699,-0.753677,0.22897142,-0.54261124,0.17827012,-0.388395,0.036340877,-0.59084785,0.09836472,-0.73487616,0.09966418,-0.5728296,0.07888589,-0.4260573,Z
0.0,0.0,0.21039413,-0.027201252,0.40361163,-0.13943684,0.4683023,-0.3279118,0.44295382,-0.46023515,0.519266,-0.38527334,0.7740595,-0.56731606,0.9003612,-0.6722141,1.0,-0.774627,0.40929452,-0.44786006,0.5283499,-0.5951168,0.4696483,-0.45188844,0.42101744,-0.31600198,0.28552574,-0.48050275,0.38203984,-0.570884,0.34640694,-0.39489126,0.29981604,-0.24580014,0.1509482,-0.48230943,0.26679683,-0.5567051,0.2630294,-0.41069475,0.2264687,-0.27957603,Z
0.0,0.0,0.2831729,-0.09251924,0.4392797,-0.2814334,0.39168215,-0.5298398,0.25800508,-0.6704745,0.56053185,-0.5014944,0.7296024,-0.7249118,0.83290964,-0.8698729,0.91965675,-1.0,0.39528033,-0.563547,0.47193822,-0.7490121,0.37187952,-0.59434587,0.288225,-0.47143203,0.22183274,-0.5840374,0.25744733,-0.74016225,0.21202612,-0.5515959,0.16495319,-0.42542517,0.038983848,-0.55310005,0.09357699,-0.6999309,0.09925253,-0.5582962,0.07551617,-0.43254006,Z
0.0,0.0,0.27719238,-0.09675634,0.45874175,-0.27601296,0.40408933,-0.5176526,0.2837426,-0.6610316,0.5707763,-0.50252295,0.76383746,-0.7287446,0.87087506,-0.8719566,0.9543178,-1.0,0.3971894,-0.5737092,0.48824748,-0.75661445,0.3916319,-0.583407,0.31250903,-0.42913875,0.22415859,-0.60516024,0.27915403,-0.7680452,0.22973685,-0.5692225,0.17838754,-0.40577173,0.042563535,-0.5958278,0.102368735,-0.7408967,0.1013491,-0.60356706,0.078802645,-0.46538556,Z
0.0,0.0,0.2750119,-0.08675177,0.45911717,-0.2624925,0.38576308,-0.5095088,0.25920317,-0.65113723,0.5694272,-0.4965619,0.76113397,-0.722618,0.8685166,-0.87314725,0.95005715,-1.0,0.39452532,-0.5708349,0.48808545,-0.7354097,0.39154336,-0.58786184,0.31079176,-0.4482889,0.21967945,-0.60518587,0.277617,-0.7525675,0.22884986,-0.57440245,0.17941028,-0.42475218,0.037302885,-0.5982445,0.08228073,-0.71934575,0.092889674,-0.58147115,0.08612132,-0.4430312,Z
0.0,0.0,0.27992406,-0.08449863,0.4669104,-0.26348522,0.38745388,-0.5136604,0.25497624,-0.65500176,0.5764205,-0.49914917,0.7725649,-0.72235096,0.880525,-0.87309045,0.96275926,-1.0,0.39874622,-0.57240784,0.5054927,-0.7469473,0.395564,-0.5887423,0.30333593,-0.43991256,0.21853884,-0.6043041,0.28121522,-0.759793,0.227891,-0.56738484,0.1756087,-0.40799353,0.029513802,-0.59375936,0.08484595,-0.72262484,0.09732181,-0.5742445,0.09111987,-0.42536435,Z
0.0,0.0,0.28554192,-0.08724271,0.468341,-0.26660883,0.39058617,-0.520158,0.26381937,-0.65944844,0.57158095,-0.4863398,0.766806,-0.7169274,0.87935644,-0.8726461,0.9646181,-1.0,0.39128464,-0.5569757,0.49973887,-0.73547804,0.39923933,-0.5838561,0.31018132,-0.42988592,0.21198815,-0.59001255,0.28404254,-0.7574565,0.2355761,-0.57861894,0.17980151,-0.41891873,0.024348449,-0.57797,0.08357442,-0.7141689,0.09578775,-0.5776844,0.0815884,-0.4328101,Z
0.0,0.0,0.28783703,-0.08754497,0.4825703,-0.2615322,0.40640765,-0.5097633,0.27449626,-0.65246844,0.5983376,-0.48728484,0.79864204,-0.7179775,0.9106985,-0.871544,0.9993886,-1.0,0.4205434,-0.5620567,0.5211511,-0.734668,0.40746665,-0.5834164,0.31412134,-0.43692076,0.24046837,-0.6006405,0.2972461,-0.76149875,0.23840971,-0.5774699,0.18159126,-0.42114967,0.05255455,-0.59609115,0.10273366,-0.73449934,0.10408836,-0.590783,0.08348739,-0.4449921,Z
0.0,0.0,0.28195873,-0.08852447,0.46600106,-0.275145,0.39426127,-0.52863437,0.26260492,-0.662038,0.5894482,-0.49275684,0.7928675,-0.7183793,0.90963733,-0.87001616,1.0,-0.99425066,0.40786284,-0.5642704,0.5128944,-0.73957115,0.4108131,-0.5907478,0.32248443,-0.4455365,0.22673856,-0.5972373,0.2844824,-0.75176495,0.23738429,-0.56822693,0.18879753,-0.41541842,0.03987775,-0.582389,0.094858184,-0.71377474,0.10837412,-0.5705533,0.10057001,-0.42332762,Z
0.0,0.0,0.2783111,-0.082065806,0.46755254,-0.26438046,0.4001301,-0.5152451,0.27293253,-0.6552666,0.59042245,-0.47748628,0.79403573,-0.7016857,0.90927607,-0.8488854,1.0,-0.9733151,0.41491786,-0.5531574,0.5177581,-0.72503436,0.41134715,-0.5750687,0.3174779,-0.43166676,0.23908272,-0.59056807,0.29933503,-0.7501528,0.24412678,-0.56382823,0.18599822,-0.4091273,0.053898733,-0.5854618,0.1075053,-0.7196051,0.111516684,-0.5793432,0.09279707,-0.439639,Z
0.0,0.0,0.27145195,-0.08474216,0.4619429,-0.2572298,0.39159495,-0.50040185,0.26058733,-0.6332796,0.5851286,-0.4632845,0.7885953,-0.6793593,0.9045422,-0.8229723,1.0,-0.9437083,0.40969208,-0.53713924,0.51381737,-0.7046837,0.40038165,-0.556484,0.30710903,-0.41776216,0.23596168,-0.574723,0.29719323,-0.7304046,0.23914811,-0.54833555,0.18434241,-0.40203112,0.05508784,-0.56663084,0.10836809,-0.69842297,0.11364357,-0.55752313,0.09892177,-0.41893277,Z
0.0,0.0,0.2761177,-0.08410103,0.4612824,-0.2546796,0.3862892,-0.50122684,0.26069963,-0.63691443,0.58049107,-0.4585949,0.7871321,-0.6727095,0.90614015,-0.8168796,1.0,-0.93739945,0.39999261,-0.5305579,0.5079888,-0.7017128,0.4101081,-0.5549225,0.32560986,-0.4172288,0.22313721,-0.5668078,0.28946552,-0.722309,0.24120665,-0.54357153,0.18555436,-0.39682245,0.039828204,-0.5567236,0.105202496,-0.691497,0.111293755,-0.5506232,0.08732041,-0.4092717,Z
0.0,0.0,0.19535932,-0.034146965,0.37735817,-0.15796904,0.43799204,-0.33840832,0.43088174,-0.45649776,0.5248458,-0.40690163,0.77471477,-0.59098536,0.89743656,-0.6998172,1.0,-0.80617857,0.41424283,-0.4636323,0.5224021,-0.5786422,0.46032777,-0.4090786,0.41732872,-0.27314603,0.29008237,-0.4930906,0.37880823,-0.57791936,0.3387858,-0.39101675,0.2959715,-0.25090706,0.1474009,-0.49152792,0.25087914,-0.5486289,0.24424535,-0.39194918,0.215055,-0.27340972,Z
0.0,0.0,0.2779072,-0.0796709,0.4676459,-0.24828261,0.41143972,-0.4969007,0.27050036,-0.64846057,0.59684306,-0.48410758,0.7911085,-0.7122687,0.9063603,-0.862216,0.99998134,-1.0,0.429937,-0.5587579,0.50665313,-0.7373725,0.38656214,-0.57384723,0.2924582,-0.44594985,0.25913063,-0.5946032,0.28229573,-0.74128574,0.21457918,-0.54906064,0.1619418,-0.4205174,0.08182599,-0.58530134,0.11662318,-0.72089374,0.108797714,-0.5738072,0.08573859,-0.4468889,Z
0.0,0.0,0.2782898,-0.07269258,0.47270957,-0.23370567,0.39484665,-0.47673845,0.27249885,-0.61224145,0.5889261,-0.4576325,0.7952715,-0.6681204,0.9081781,-0.8063757,1.0,-0.9322327,0.41335028,-0.5285694,0.5073006,-0.6989553,0.40919605,-0.52559406,0.33966836,-0.3791382,0.24096483,-0.5649781,0.2965465,-0.71646696,0.2452113,-0.515041,0.20121491,-0.36962426,0.057300467,-0.5585128,0.12099595,-0.6868757,0.12026093,-0.5306353,0.09407715,-0.39337826,Z
0.0,0.0,0.2689568,-0.08530677,0.46740502,-0.2548094,0.3839146,-0.48982194,0.2517906,-0.6220483,0.5862577,-0.48704854,0.79422784,-0.70456696,0.91081476,-0.8450028,1.0,-0.9683768,0.40865254,-0.55320245,0.511318,-0.72329247,0.40949792,-0.54814804,0.3376487,-0.40506926,0.23518239,-0.5875043,0.2914356,-0.7264782,0.23408672,-0.52606523,0.18995932,-0.38623008,0.053158797,-0.5816855,0.11303642,-0.7042696,0.105323054,-0.55085325,0.077758305,-0.4182399,Z
0.0,0.0,0.26712924,-0.07576616,0.46652308,-0.24419366,0.39222604,-0.4881644,0.26760188,-0.63589704,0.5854637,-0.49027205,0.78746206,-0.7182927,0.9008152,-0.8667699,0.98793286,-1.0,0.4072344,-0.5600482,0.51322246,-0.736633,0.41977483,-0.5552536,0.3523306,-0.4120675,0.23146726,-0.5928178,0.28750014,-0.7437401,0.23583917,-0.53610826,0.19665772,-0.3918558,0.04782703,-0.58526963,0.09858966,-0.7112015,0.100991875,-0.5528706,0.08702151,-0.41907924,Z
0.0,0.0,0.27329314,-0.0765201,0.46743968,-0.24088188,0.38201267,-0.48053777,0.25115305,-0.6218699,0.58878946,-0.4934961,0.7915984,-0.72100735,0.90643907,-0.8696974,0.98923755,-1.0,0.40436366,-0.55945075,0.5004298,-0.7362755,0.40171537,-0.55329597,0.32606938,-0.40151712,0.22247018,-0.58721447,0.27493474,-0.73770016,0.22473785,-0.53169876,0.18011607,-0.38101202,0.034004867,-0.5747796,0.09125191,-0.7027212,0.091124,-0.5434345,0.07264677,-0.40441558,Z
0.0,0.0,0.26509804,-0.086656615,0.44830543,-0.25999272,0.348089,-0.49015176,0.2093396,-0.6155923,0.55498147,-0.4989978,0.7507254,-0.7212999,0.8547758,-0.8678343,0.93197054,-1.0,0.37204048,-0.5583146,0.46112433,-0.7294152,0.37244168,-0.5519504,0.30745542,-0.407544,0.19526297,-0.5818261,0.2451665,-0.7341135,0.20211197,-0.5331471,0.16158548,-0.38957527,0.014457333,-0.5631619,0.07064715,-0.69200796,0.07433293,-0.53857523,0.053550478,-0.40348688,Z
0.0,0.0,0.26318595,-0.078999534,0.43919298,-0.2530038,0.33772808,-0.47747567,0.19953927,-0.59238976,0.5345604,-0.5061738,0.71699613,-0.72417617,0.8153002,-0.87289935,0.8836232,-1.0,0.35275027,-0.5554969,0.42340717,-0.7147398,0.34512165,-0.54189056,0.2863188,-0.38576284,0.17747381,-0.56989574,0.21089576,-0.6965984,0.18057589,-0.50246817,0.15193725,-0.3553816,0.0014803456,-0.54377615,0.047223635,-0.6554971,0.064426325,-0.5103191,0.061605833,-0.37488368,Z
0.0,0.0,0.24425504,-0.09429209,0.41050836,-0.27115616,0.30154398,-0.48705557,0.15483192,-0.5889851,0.48474804,-0.5021168,0.647507,-0.72340494,0.7367466,-0.87142015,0.8015448,-1.0,0.30693683,-0.5439967,0.37546608,-0.717201,0.31708562,-0.5461847,0.26876527,-0.39492944,0.13969785,-0.5519038,0.17670083,-0.68858755,0.16653354,-0.49909663,0.14568074,-0.3558872,-0.028521692,-0.51972497,0.022005843,-0.63051385,0.054820646,-0.49113077,0.0589265,-0.35999134,Z
0.0,0.0,0.23175347,-0.09537092,0.38897482,-0.27686808,0.2851661,-0.488766,0.14963062,-0.601686,0.4620318,-0.5110366,0.6121574,-0.7328636,0.69598025,-0.8758985,0.7557054,-1.0,0.2910523,-0.54560095,0.35221064,-0.71298337,0.2934952,-0.5336375,0.24480096,-0.3879728,0.12551707,-0.5476996,0.15720055,-0.6837547,0.14340994,-0.482873,0.11808215,-0.34869537,-0.044687822,-0.5120515,0.0015036416,-0.64004767,0.026200684,-0.4918199,0.018225092,-0.36654976,Z
0.0,0.0,0.24139418,-0.10098232,0.39334792,-0.27860254,0.28919053,-0.48822165,0.15391476,-0.5972002,0.4564142,-0.5009822,0.607879,-0.7244422,0.6891524,-0.8727672,0.7468484,-1.0,0.2876593,-0.5375561,0.36158884,-0.71076804,0.29750395,-0.5454475,0.24250107,-0.4022762,0.12212846,-0.54113346,0.16221029,-0.6886515,0.1470254,-0.49944997,0.120708175,-0.35993233,-0.047807015,-0.5034531,-0.0032315077,-0.6322351,0.027601216,-0.4903048,0.027525414,-0.3600605,Z
0.0,0.0,0.22598898,-0.06634853,0.3827375,-0.24965318,0.28248936,-0.47077367,0.14050496,-0.5874688,0.4676551,-0.46510652,0.6191955,-0.7045839,0.7068608,-0.8654189,0.774518,-1.0,0.29401925,-0.5230593,0.35953507,-0.7022707,0.28626773,-0.53027314,0.22757187,-0.38648525,0.12633319,-0.5350098,0.15501754,-0.67889434,0.12677312,-0.474093,0.09147269,-0.3311952,-0.04764504,-0.5017456,-0.006515874,-0.6421151,0.010845814,-0.49014404,-0.0006627002,-0.35512778,Z
0.0,0.0,0.24313271,-0.08139482,0.40311965,-0.25848034,0.3085524,-0.47913313,0.17704628,-0.5991809,0.4753532,-0.49753854,0.6302906,-0.7230939,0.7234065,-0.8741794,0.7871356,-1.0,0.304504,-0.54300034,0.37800452,-0.708967,0.31197095,-0.5394441,0.24995439,-0.3909815,0.13580203,-0.5503895,0.17972119,-0.69219524,0.15888137,-0.49633738,0.124920644,-0.35064128,-0.03990792,-0.51960796,0.009176166,-0.6400492,0.03392325,-0.49099976,0.031209087,-0.35998282,Z
0.0,0.0,0.240019,-0.090448156,0.4063976,-0.26315573,0.31594673,-0.47659397,0.18529834,-0.5980683,0.48616108,-0.5023621,0.6465061,-0.72634834,0.73637855,-0.8749461,0.8013609,-1.0,0.31436628,-0.54834175,0.39496377,-0.7138391,0.31888187,-0.53847307,0.25621462,-0.38916442,0.14544943,-0.55889064,0.18754712,-0.6946712,0.15714934,-0.49887154,0.12245356,-0.35673836,-0.029033704,-0.53023225,0.018727852,-0.6560735,0.032231677,-0.5103391,0.019689936,-0.3802187,Z
0.0,0.0,0.26043567,-0.08481213,0.43597987,-0.2613827,0.3367053,-0.4950365,0.19534339,-0.61254704,0.5209388,-0.49551493,0.69032913,-0.72690123,0.78420806,-0.874186,0.8534147,-1.0,0.34331658,-0.54463613,0.41945273,-0.72007185,0.35109383,-0.5458976,0.2938287,-0.39649525,0.16984312,-0.55952907,0.20830661,-0.7052055,0.18801771,-0.50215304,0.16028173,-0.35719404,-0.009937296,-0.5300611,0.035275012,-0.6533159,0.063997895,-0.50157607,0.06117427,-0.36607108,Z
0.0,0.0,0.2641817,-0.0915684,0.44126895,-0.26779652,0.35141385,-0.49638122,0.21208788,-0.6227946,0.5130292,-0.4880524,0.69282365,-0.72082156,0.7920252,-0.8689764,0.8668429,-1.0,0.34324515,-0.5431968,0.43489978,-0.724825,0.36106923,-0.5551906,0.29390615,-0.40499073,0.17502202,-0.5668813,0.21855052,-0.7130208,0.18995441,-0.50672024,0.1563545,-0.3614104,-0.0026556812,-0.54827166,0.04941644,-0.67983055,0.070562586,-0.5228564,0.058827624,-0.3829203,Z
0.0,0.0,0.2751535,-0.085559845,0.46451917,-0.25958878,0.36780715,-0.5006591,0.2276286,-0.6313133,0.5449948,-0.48519766,0.7280654,-0.7194636,0.8278732,-0.8703219,0.8999324,-1.0,0.36586088,-0.5467278,0.45871496,-0.72741586,0.38347322,-0.5508658,0.31298664,-0.39437735,0.1896882,-0.5728123,0.23946196,-0.72401446,0.21064477,-0.5099481,0.17157647,-0.35379404,0.0031030597,-0.55843425,0.06243936,-0.6854913,0.08258274,-0.5266593,0.072211765,-0.3870274,Z
0.0,0.0,0.28857315,-0.08274295,0.4766682,-0.25895813,0.39256412,-0.5085229,0.24839722,-0.63492656,0.5608767,-0.47114646,0.7522191,-0.7111189,0.8583765,-0.8667579,0.93647444,-1.0,0.38129103,-0.53777057,0.48011258,-0.72794783,0.40282014,-0.5596193,0.32511818,-0.4019212,0.20423037,-0.56997496,0.2645304,-0.7298844,0.2309965,-0.5248062,0.18315856,-0.3639938,0.017241983,-0.56161374,0.08410423,-0.6938589,0.10563777,-0.5418575,0.09105403,-0.39686897,Z
0.0,0.0,0.30041274,-0.07870304,0.50438637,-0.25692505,0.42870206,-0.51772577,0.28993562,-0.65729207,0.57131565,-0.46863085,0.7722424,-0.70647424,0.8869781,-0.86518764,0.9755974,-1.0,0.39723969,-0.54796463,0.5127048,-0.74345917,0.42900652,-0.59087026,0.3410091,-0.4330602,0.22374396,-0.5862566,0.29399523,-0.75546837,0.25105953,-0.5567667,0.19502433,-0.3874461,0.037693363,-0.58399606,0.10465923,-0.72208786,0.120849,-0.5735182,0.10431358,-0.42295015,Z
0.0,0.0,0.29364595,-0.0799004,0.49808848,-0.25542295,0.42513868,-0.51882994,0.28345177,-0.65632784,0.5670648,-0.46984202,0.76937735,-0.7037722,0.88706505,-0.8615201,0.98102003,-1.0,0.3917112,-0.54615045,0.5084893,-0.7363564,0.41616726,-0.5688492,0.32650542,-0.40990207,0.21584927,-0.583602,0.29125625,-0.74729943,0.24451934,-0.5357293,0.1856323,-0.36727944,0.024926478,-0.5803104,0.09989956,-0.72777474,0.1192505,-0.5755504,0.09898504,-0.42380655,Z
0.0,0.0,0.29974106,-0.07091575,0.5066134,-0.24314177,0.43794012,-0.5035444,0.30432886,-0.64707863,0.5786583,-0.4677081,0.7825624,-0.7066991,0.90638703,-0.8651849,1.0,-0.9975433,0.40320754,-0.5441333,0.5295905,-0.73286134,0.4405593,-0.57368606,0.34212756,-0.41303316,0.22651474,-0.5826522,0.30599055,-0.74827015,0.25547513,-0.54242355,0.19002526,-0.3684621,0.03153587,-0.5828658,0.1050713,-0.7321484,0.11793781,-0.58250725,0.093402594,-0.42794946,Z
0.0,0.0,0.27385983,-0.021375576,0.48598257,-0.21192957,0.4243123,-0.47118163,0.25853878,-0.60947526,0.58016974,-0.43849906,0.78162175,-0.66897136,0.90533584,-0.823893,1.0,-0.95273125,0.40509287,-0.5311774,0.4869876,-0.7022046,0.39425254,-0.5278449,0.31041658,-0.36815393,0.22242612,-0.56912357,0.2763153,-0.71145445,0.22573237,-0.49078444,0.16357343,-0.3212347,0.025646735,-0.5555126,0.08614419,-0.6902388,0.093116924,-0.52016854,0.065986216,-0.36051443,Z
0.0,0.0,0.2999701,-0.06897023,0.5050075,-0.24390063,0.4390307,-0.5011484,0.29996422,-0.6438724,0.5766315,-0.45037746,0.77999926,-0.6914644,0.9048268,-0.8486308,1.0,-0.9777232,0.39934313,-0.5282454,0.51131415,-0.71554446,0.41841626,-0.5612591,0.3232447,-0.4055079,0.21684155,-0.56778663,0.29674748,-0.7450181,0.24653958,-0.540603,0.18208976,-0.36915568,0.01642659,-0.5607091,0.10328328,-0.7086731,0.12089848,-0.5532823,0.09709511,-0.39374602,Z
0.0,0.0,0.29670352,-0.05922676,0.5114518,-0.22682148,0.4480005,-0.4903466,0.31083873,-0.6331097,0.5762294,-0.446945,0.7817316,-0.6797782,0.9062251,-0.83327264,1.0,-0.96624196,0.40654087,-0.5267215,0.53250766,-0.7199283,0.4481069,-0.55011106,0.35063234,-0.3877189,0.23368622,-0.56959224,0.31551778,-0.7331793,0.2642753,-0.5169546,0.1942604,-0.34670463,0.039600823,-0.5749449,0.12400835,-0.7248704,0.13949569,-0.56979,0.10972803,-0.41711128,Z
0.0,0.0,0.2920043,-0.05617921,0.5062413,-0.21646087,0.44761616,-0.4743375,0.31591973,-0.62028563,0.57696265,-0.4357135,0.7799876,-0.66715276,0.902636,-0.8170924,1.0,-0.946506,0.40669215,-0.5151182,0.5295024,-0.71184677,0.44936714,-0.53892714,0.36272413,-0.3782826,0.23363772,-0.5571296,0.30993083,-0.72591877,0.25961158,-0.506295,0.19626722,-0.33807546,0.041909873,-0.56525403,0.12870474,-0.715862,0.13433577,-0.559768,0.10235614,-0.41627753,Z
0.0,0.0,0.2986768,-0.05683888,0.5117041,-0.21183324,0.4575395,-0.46510366,0.3293922,-0.6128332,0.5780226,-0.4226942,0.77835363,-0.6499865,0.903068,-0.80199736,1.0,-0.93145996,0.41030276,-0.50688934,0.5208401,-0.7012155,0.4425108,-0.53065336,0.35607803,-0.36637548,0.23776937,-0.55208015,0.30452666,-0.7063967,0.25893268,-0.4902672,0.19890642,-0.32036495,0.04624773,-0.5603709,0.11754245,-0.6988947,0.13160408,-0.54487157,0.111323245,-0.39880577,Z
0.0,0.0,0.29402918,-0.043453537,0.51359344,-0.20157212,0.45549765,-0.45110804,0.32100502,-0.59632796,0.58123046,-0.4172236,0.7823203,-0.6382414,0.9031736,-0.78223693,1.0,-0.9062529,0.41890118,-0.50520927,0.4994039,-0.6739704,0.41421688,-0.50861716,0.335989,-0.35177594,0.25235593,-0.55102074,0.29781374,-0.6981999,0.2507226,-0.4855954,0.1993057,-0.32132822,0.06948844,-0.55406344,0.12915671,-0.68386936,0.13497485,-0.5289034,0.11375564,-0.38411525,Z
0.0,0.0,0.29645592,-0.05426075,0.50905913,-0.20924442,0.457179,-0.45771682,0.32423642,-0.6020353,0.5734409,-0.43028492,0.77759415,-0.6472788,0.9025935,-0.793602,1.0,-0.9204192,0.41076183,-0.51366216,0.48937345,-0.6654525,0.4073247,-0.50173295,0.32870468,-0.3484575,0.24170433,-0.5587685,0.28757298,-0.69834703,0.2386058,-0.48414242,0.18205774,-0.31113175,0.052930452,-0.5647438,0.11658297,-0.69507307,0.12715656,-0.5441652,0.10585324,-0.396415,Z
0.0,0.0,0.28725323,-0.040204458,0.50774926,-0.195765,0.45958152,-0.447736,0.33078596,-0.5942012,0.57709706,-0.39160258,0.78258747,-0.61232245,0.9029478,-0.7557285,1.0,-0.87198293,0.41472098,-0.47752705,0.4828011,-0.6473558,0.4032149,-0.5183625,0.33046362,-0.37197432,0.25276345,-0.52130926,0.27651072,-0.6687741,0.23777261,-0.47926545,0.19743912,-0.30378503,0.08006359,-0.5255657,0.121554434,-0.64863324,0.1315788,-0.51178026,0.12661493,-0.35959005,Z
0.0,0.0,0.2853148,-0.04956821,0.5010572,-0.20926663,0.4480111,-0.4574278,0.3199371,-0.59811044,0.57488745,-0.41750324,0.7806451,-0.6343237,0.90133435,-0.7700497,1.0,-0.8829483,0.4168894,-0.5007257,0.49668327,-0.6538557,0.40760946,-0.4999445,0.33183268,-0.35311565,0.25628448,-0.54656297,0.29668432,-0.69182515,0.24203393,-0.48867968,0.18979393,-0.32169163,0.0792703,-0.5504559,0.12515645,-0.6818795,0.12910052,-0.53512514,0.108768545,-0.38291612,Z
0.0,0.0,0.29022938,-0.04883746,0.4991764,-0.20082177,0.44401228,-0.44902268,0.32301423,-0.5965074,0.5848194,-0.40968022,0.785615,-0.62080574,0.9042673,-0.7569917,1.0,-0.869723,0.4241065,-0.4978887,0.50422907,-0.6515693,0.40717608,-0.5100052,0.3266069,-0.3635916,0.25761086,-0.5441548,0.29127234,-0.6832594,0.2394712,-0.48181123,0.19478862,-0.3059768,0.07846783,-0.5474308,0.1226501,-0.66493034,0.12583257,-0.51749146,0.11627135,-0.36123958,Z
0.0,0.0,0.25594366,0.02595733,0.4809705,-0.119798936,0.42589155,-0.37001404,0.2884052,-0.52078635,0.56522214,-0.33926865,0.76737106,-0.54873526,0.89975893,-0.6967255,1.0,-0.81258845,0.39757264,-0.43422094,0.45953843,-0.58247495,0.35738558,-0.40320563,0.27966413,-0.243851,0.22587603,-0.47737533,0.2660762,-0.60234326,0.20868202,-0.39238912,0.15704647,-0.22948107,0.03922763,-0.48142552,0.097037405,-0.602289,0.08663161,-0.45005444,0.05910638,-0.30665308,Z
0.0,0.0,0.27675703,-0.010999045,0.4905216,-0.17621069,0.43788934,-0.43010703,0.3160541,-0.57937527,0.57137966,-0.35755306,0.77617335,-0.5756554,0.9014629,-0.71810204,1.0,-0.836142,0.41465148,-0.44803783,0.4822716,-0.60113627,0.37643006,-0.45644763,0.289234,-0.31542504,0.25181317,-0.5038447,0.2938561,-0.65354043,0.22906174,-0.45508918,0.16632818,-0.2878198,0.07267293,-0.51832414,0.14311965,-0.6557065,0.13637078,-0.50697047,0.100572154,-0.35607538,Z
0.0,0.0,0.28406712,-0.02804024,0.49006954,-0.17528518,0.44190216,-0.41655362,0.33118322,-0.56111467,0.5776285,-0.37386045,0.7831096,-0.57509816,0.9037266,-0.7181492,1.0,-0.83768696,0.42251608,-0.45816168,0.49529946,-0.6158348,0.39367613,-0.47143894,0.3160275,-0.32024917,0.26091504,-0.5074982,0.29679763,-0.6577462,0.23403458,-0.46684724,0.18500769,-0.29587546,0.08224968,-0.51599836,0.13607174,-0.64438075,0.1356136,-0.50871146,0.11772768,-0.35764584,Z
0.0,0.0,0.28542405,-0.032404393,0.4916689,-0.17744263,0.43793866,-0.4270209,0.32283968,-0.5735197,0.570386,-0.36251047,0.77929944,-0.5694319,0.9028921,-0.702609,1.0,-0.81495154,0.4140982,-0.44922572,0.48709935,-0.6039633,0.39699534,-0.46220267,0.32255352,-0.32462287,0.25638226,-0.49671352,0.293847,-0.6467651,0.24951848,-0.45835724,0.2035461,-0.29666597,0.08484666,-0.5037286,0.13524128,-0.6239781,0.14068098,-0.48880333,0.12471126,-0.3505011,Z
0.0,0.0,0.28935033,-0.046892952,0.49817693,-0.19121002,0.44428954,-0.43539175,0.32897142,-0.580815,0.56752014,-0.3834341,0.7794739,-0.58933973,0.90310365,-0.726208,1.0,-0.8430605,0.40669462,-0.46910003,0.49125043,-0.6258174,0.40274552,-0.479956,0.32290614,-0.33871222,0.24280258,-0.5154906,0.29484767,-0.6641908,0.24832386,-0.46417004,0.19473174,-0.2936013,0.066172816,-0.5205421,0.12233503,-0.64522564,0.12917973,-0.5022145,0.11409352,-0.35768706,Z
0.0,0.0,0.28794244,-0.039324056,0.49963444,-0.18208021,0.4486009,-0.4236399,0.32605422,-0.5660095,0.57140803,-0.39246586,0.78029454,-0.5990695,0.9027224,-0.7381746,1.0,-0.85706824,0.4122174,-0.4810325,0.4866351,-0.63324577,0.40910506,-0.4884927,0.34255844,-0.34604794,0.24703464,-0.5255537,0.28994617,-0.6653409,0.2569369,-0.4694646,0.21609351,-0.29853207,0.06714542,-0.52446616,0.12236966,-0.6348354,0.13957848,-0.48814225,0.1355682,-0.3377627,Z
0.0,0.0,0.29521602,-0.05288017,0.51022714,-0.2105485,0.45747298,-0.45479885,0.32764232,-0.59825414,0.5745501,-0.4130066,0.78588563,-0.62666184,0.90476,-0.7621644,1.0,-0.88311416,0.40824133,-0.4957535,0.47876573,-0.63885754,0.4110665,-0.47852963,0.3462179,-0.33693436,0.23749587,-0.5379484,0.28390524,-0.68096125,0.26241294,-0.4768616,0.22543262,-0.31232607,0.053700596,-0.5364599,0.1285849,-0.6412541,0.1518505,-0.48866197,0.1422097,-0.34342948,Z
0.0,0.0,0.2907905,-0.056304768,0.50695294,-0.20456357,0.46212286,-0.44173446,0.3381635,-0.5868855,0.5707749,-0.4163502,0.7878802,-0.63284725,0.90861213,-0.7718571,1.0,-0.89493126,0.4052422,-0.49762592,0.49646068,-0.6367962,0.42255878,-0.47483587,0.34584302,-0.33290341,0.23752694,-0.5350661,0.29974866,-0.67965055,0.27531877,-0.4827904,0.22899832,-0.31979862,0.055340715,-0.5335357,0.12771897,-0.6467997,0.15247542,-0.5026787,0.14761186,-0.3598054,Z
0.0,0.0,0.29413304,-0.059278395,0.5140991,-0.20572476,0.4586432,-0.44038367,0.33043623,-0.5923795,0.583805,-0.44021666,0.79659426,-0.6522456,0.9107295,-0.78797495,1.0,-0.90922165,0.41400954,-0.5243572,0.48151568,-0.6583978,0.40767857,-0.49646267,0.3405539,-0.35456607,0.24018238,-0.5629928,0.28208944,-0.6987636,0.25463337,-0.49478856,0.21507107,-0.3279959,0.053948715,-0.5585975,0.11458202,-0.66802716,0.13064693,-0.509044,0.12501813,-0.3562435,Z
0.0,0.0,0.30308628,-0.070142634,0.52002627,-0.220932,0.46726874,-0.45970872,0.3369873,-0.6002973,0.5868014,-0.4355779,0.79688853,-0.6433313,0.9097718,-0.77959913,1.0,-0.90331304,0.4204623,-0.5200875,0.5254863,-0.6711466,0.4460384,-0.5177017,0.36570424,-0.38194004,0.24868688,-0.56418246,0.30698085,-0.6979626,0.27159676,-0.49657515,0.22441986,-0.33709595,0.061687212,-0.5688232,0.13108353,-0.697513,0.15232398,-0.5380042,0.14578189,-0.38387418,Z
0.0,0.0,0.2603141,0.007515668,0.49318236,-0.14056648,0.45853537,-0.39101893,0.32830507,-0.55112195,0.5637382,-0.37728602,0.769943,-0.5835759,0.8994081,-0.7327331,1.0,-0.86341256,0.39938197,-0.47764045,0.50725955,-0.63896686,0.4281886,-0.46385857,0.34729454,-0.31823874,0.22618897,-0.5257825,0.3006585,-0.66304994,0.25363004,-0.44160703,0.19122651,-0.2808383,0.03232894,-0.5362835,0.11783767,-0.64577407,0.1289126,-0.4743513,0.10421952,-0.3273761,Z
0.0,0.0,0.2684514,-0.02378593,0.4877411,-0.18497938,0.45108113,-0.42890257,0.31260073,-0.56190544,0.57834506,-0.41764095,0.7832297,-0.6208289,0.90685123,-0.75579005,1.0,-0.8731208,0.41961497,-0.50636536,0.522225,-0.6671534,0.43282092,-0.5008517,0.3478446,-0.35895383,0.24699707,-0.5473193,0.30835304,-0.6856648,0.2645191,-0.48160273,0.21179712,-0.33074993,0.051959928,-0.54570407,0.1277255,-0.64558554,0.14137357,-0.4784675,0.12526533,-0.3325993,Z
0.0,0.0,0.29560378,-0.062806346,0.5041346,-0.21005994,0.46577904,-0.4547971,0.34608886,-0.58980185,0.58245724,-0.41580617,0.78575855,-0.61977196,0.9043355,-0.7589439,1.0,-0.88015866,0.42687777,-0.5007833,0.53934973,-0.66411835,0.4502247,-0.51425683,0.36570287,-0.37867197,0.26026425,-0.5488749,0.33838806,-0.6947292,0.29330447,-0.5004729,0.23685318,-0.34485498,0.06992889,-0.55963224,0.1539555,-0.6735863,0.17207293,-0.5145864,0.15686645,-0.36308706,Z
0.0,0.0,0.28833342,-0.0597439,0.49971354,-0.20263559,0.467907,-0.4435897,0.35272148,-0.5731542,0.58048856,-0.41005138,0.78956383,-0.61461616,0.9063944,-0.750518,1.0,-0.87232184,0.42321974,-0.49451217,0.5431324,-0.65730864,0.459569,-0.4992605,0.37539062,-0.36272517,0.25798005,-0.5416025,0.33910143,-0.68340546,0.29942504,-0.4809849,0.24543142,-0.32371637,0.07476112,-0.5531213,0.15550306,-0.66417366,0.17681387,-0.50459516,0.16339725,-0.35586414,Z
0.0,0.0,0.2913084,-0.057774793,0.508344,-0.19764201,0.4836839,-0.43487808,0.37135094,-0.5744003,0.5849908,-0.42136967,0.7917435,-0.61257356,0.90778565,-0.743359,1.0,-0.86006,0.4298464,-0.5084737,0.5460459,-0.6602648,0.46459433,-0.51276344,0.37917015,-0.3829102,0.26565734,-0.5552776,0.34242588,-0.68284684,0.29979414,-0.48856574,0.24240576,-0.33326977,0.083076715,-0.5652582,0.15789612,-0.6734268,0.17940463,-0.5193163,0.16781722,-0.37187338,Z
0.0,0.0,0.30073175,-0.074183,0.5142727,-0.21192999,0.49115384,-0.44698256,0.3820551,-0.5783944,0.5765313,-0.40724066,0.78701633,-0.6014978,0.90502334,-0.73627055,1.0,-0.8558587,0.42749077,-0.49397817,0.5604596,-0.66412807,0.4849883,-0.51838195,0.4004137,-0.38191417,0.27171814,-0.54616547,0.35625997,-0.68528897,0.3143361,-0.49314874,0.25673336,-0.33544776,0.096569635,-0.5643141,0.17460915,-0.6777378,0.19665368,-0.5249657,0.18264468,-0.37565604,Z
0.0,0.0,0.28850088,-0.06277783,0.50466204,-0.2001698,0.4795145,-0.43224007,0.3741601,-0.57344645,0.5766099,-0.400167,0.78761226,-0.5976505,0.9054494,-0.7266693,1.0,-0.8424016,0.42181113,-0.4872582,0.5555019,-0.64731944,0.4850141,-0.49027705,0.40586272,-0.3600898,0.2607886,-0.5345119,0.3538015,-0.6790936,0.31734413,-0.4789942,0.26231587,-0.3260792,0.08046231,-0.5498788,0.17213242,-0.6562926,0.18896145,-0.49902296,0.16975798,-0.3585175,Z
0.0,0.0,0.3012239,-0.05816148,0.52561194,-0.19699433,0.49470764,-0.4424245,0.37396753,-0.5803353,0.5832749,-0.41425487,0.7934717,-0.60381776,0.9074038,-0.73654497,1.0,-0.85661757,0.42794186,-0.50069636,0.562075,-0.67003465,0.4867703,-0.5133004,0.39926863,-0.3741346,0.2649459,-0.5471481,0.3505062,-0.68998826,0.3123203,-0.48644334,0.2546234,-0.32550302,0.08137902,-0.5580142,0.16863576,-0.6770796,0.19264819,-0.51425916,0.1763546,-0.35921934,Z
0.0,0.0,0.2874433,-0.047862113,0.5116838,-0.18309128,0.48947516,-0.42025918,0.3851716,-0.56665677,0.57646674,-0.3972589,0.78819746,-0.5913513,0.90591604,-0.71734756,1.0,-0.8345046,0.4236807,-0.4863382,0.55442977,-0.6470025,0.47492313,-0.47795933,0.38703674,-0.341133,0.26374567,-0.53597003,0.35444137,-0.6761134,0.31205252,-0.46040258,0.25167146,-0.30327547,0.0833088,-0.5530298,0.17773461,-0.65849054,0.1951644,-0.48847806,0.17302456,-0.3418833,Z
0.0,0.0,0.2932892,-0.03224606,0.5186348,-0.17078704,0.506577,-0.41368133,0.3948275,-0.5510443,0.5868563,-0.3907897,0.7916725,-0.58079666,0.9048833,-0.7087859,1.0,-0.8245221,0.43523088,-0.48161983,0.5636336,-0.6492138,0.48014358,-0.49713713,0.3930986,-0.35876065,0.27564287,-0.53453994,0.36399537,-0.6795875,0.31571826,-0.47437474,0.25492093,-0.30958945,0.09697239,-0.5528162,0.18479347,-0.6624232,0.20056164,-0.49942333,0.18234448,-0.34644327,Z
0.0,0.0,0.2335206,0.013467111,0.46404055,-0.14776117,0.43766278,-0.40793508,0.32538542,-0.5581814,0.5583157,-0.42137232,0.77745575,-0.6415884,0.89947224,-0.77730584,1.0,-0.9060781,0.40422952,-0.49377006,0.47971737,-0.65247774,0.38771984,-0.44055885,0.32205656,-0.2928863,0.24223714,-0.5351549,0.2987182,-0.677814,0.24796814,-0.4271199,0.20256056,-0.28342745,0.055681426,-0.53225297,0.13148193,-0.6521911,0.1314416,-0.4547723,0.09263442,-0.32354897,Z
0.0,0.0,-0.08044441,-0.087121375,-0.36260387,-0.16793032,-0.6588343,-0.14342535,-0.922497,-0.06440819,-0.7583141,-0.37152863,-0.9459367,0.00463643,-0.96880716,0.30937293,-0.96183664,0.5579626,-0.8073833,-0.23359999,-0.95969653,0.13055626,-0.9802076,0.4286775,-0.98241174,0.69074196,-0.80871725,-0.08896717,-0.9542782,0.21795496,-0.98214096,0.46800005,-1.0,0.68508255,-0.7758901,0.048389096,-0.9203105,0.28591895,-0.9485177,0.45966077,-0.979867,0.60523707,del
0.0,0.0,-0.059794907,-0.10111676,-0.34210062,-0.22515804,-0.65355974,-0.23837927,-0.91878647,-0.19293612,-0.689873,-0.37870526,-0.89874494,-0.08578245,-0.95377016,0.19817244,-0.9548249,0.45066062,-0.75631374,-0.23005438,-0.93004495,0.062426746,-0.9847383,0.32341266,-1.0,0.56415105,-0.7651769,-0.07271149,-0.9288842,0.17671344,-0.9686975,0.3850126,-0.9933512,0.5653126,-0.7251968,0.07851445,-0.8912145,0.25953272,-0.9367564,0.39938852,-0.9837496,0.52278405,del
0.0,0.0,-0.063310534,-0.10712418,-0.3563949,-0.24717186,-0.66765475,-0.2665959,-0.9303823,-0.21379022,-0.7375606,-0.40668434,-0.92453843,-0.075612314,-0.95719117,0.22986212,-0.95721984,0.49468943,-0.79826164,-0.2392632,-0.9487575,0.071834825,-0.9900753,0.34096193,-1.0,0.58070576,-0.79709184,-0.06546125,-0.9470881,0.19175394,-0.97732747,0.40989643,-0.99234277,0.5922153,-0.74691296,0.10078737,-0.90460706,0.2843153,-0.94673127,0.43495342,-0.9946008,0.55986565,del
0.0,0.0,0.05877659,-0.08254047,0.017626738,-0.116897024,-0.09255967,-0.021476733,-0.25474316,0.08468882,-0.6575081,-0.3158956,-0.7628561,-0.07833046,-0.8335029,0.1693844,-0.88897896,0.43926495,-0.7794553,-0.11988893,-0.8979698,0.17124839,-0.95620674,0.434609,-1.0,0.67421174,-0.810135,0.08167286,-0.9161798,0.36894166,-0.9353706,0.5691408,-0.9436565,0.7373346,-0.7614394,0.27473447,-0.8680692,0.49182624,-0.89098996,0.6189106,-0.90551245,0.71688384,del
0.0,0.0,-0.07258149,-0.07735137,-0.36660242,-0.18647373,-0.65931964,-0.19360498,-0.91533417,-0.14880185,-0.72712547,-0.31747344,-0.89609754,0.0008783539,-0.9387032,0.2837858,-0.9407618,0.5311284,-0.7630468,-0.1795473,-0.89579314,0.13085017,-0.9650394,0.39952558,-1.0,0.65108865,-0.7514302,-0.022776723,-0.8778173,0.2399893,-0.93799764,0.457015,-0.9833379,0.6456558,-0.7072557,0.14143884,-0.84619343,0.33346477,-0.89696056,0.4729579,-0.9537248,0.5928858,del
0.0,0.0,-0.08196355,-0.083781324,-0.38609678,-0.19955519,-0.69669807,-0.18173903,-0.93198574,-0.08321072,-0.7962868,-0.34781897,-0.92280143,-0.014689895,-0.96155477,0.27021122,-0.9665552,0.5038465,-0.85736215,-0.21847308,-0.92608327,0.115363844,-0.9682415,0.37891278,-0.99375343,0.61212045,-0.8532621,-0.06858586,-0.9201429,0.2249388,-0.95734614,0.44306043,-1.0,0.6172928,-0.7971945,0.083925776,-0.90384346,0.28830537,-0.9245676,0.4340733,-0.9629478,0.5539223,del
0.0,0.0,-0.112046026,0.028984025,-0.4088699,-0.007681352,-0.698322,-0.03553157,-0.9212893,-0.00022244843,-0.5943784,-0.16849689,-0.8601672,0.056594126,-0.962795,0.29451823,-1.0,0.5088891,-0.64467126,-0.1524083,-0.8738854,0.093080804,-0.95429415,0.34572142,-0.9804063,0.56728256,-0.6760058,-0.09428795,-0.8768679,0.14258021,-0.957662,0.37642425,-0.996161,0.57268274,-0.6732437,-0.011576973,-0.85692006,0.16301732,-0.925839,0.32445616,-0.9607878,0.46196994,del
0.0,0.0,-0.092790574,-0.075863935,-0.38791528,-0.18483177,-0.6793065,-0.21785761,-0.91580415,-0.16158088,-0.7045332,-0.36982268,-0.90482616,-0.11151993,-0.95800155,0.15492591,-0.9676362,0.39901808,-0.7509743,-0.22179225,-0.91979706,0.038452886,-0.9811943,0.2923946,-1.0,0.53349805,-0.7557062,-0.058055278,-0.9087298,0.1636079,-0.96063906,0.36964697,-0.99690396,0.5518274,-0.71879834,0.096171014,-0.87052083,0.25765333,-0.9106447,0.3974286,-0.9483705,0.519626,del
0.0,0.0,-0.07548703,-0.1389074,-0.37790242,-0.28482154,-0.67956847,-0.30829218,-0.92844963,-0.27743986,-0.70388657,-0.34879932,-0.89241153,-0.0610286,-0.9552575,0.20216002,-1.0,0.4293622,-0.7589097,-0.20009519,-0.9002621,0.07867127,-0.95915973,0.31385028,-0.99616706,0.5309044,-0.763576,-0.04911627,-0.9017536,0.1887657,-0.9479047,0.37951663,-0.9942448,0.5427034,-0.7313168,0.09034991,-0.8783814,0.2446452,-0.9153204,0.37956777,-0.95900273,0.49255306,del
0.0,0.0,-0.0721262,-0.10711261,-0.3754606,-0.23842214,-0.6825812,-0.25798285,-0.9388004,-0.23492543,-0.7116922,-0.39799443,-0.90826976,-0.13559778,-0.97124773,0.121395454,-0.9784097,0.3479673,-0.75884926,-0.22883227,-0.91672987,0.038278718,-0.9810008,0.27636555,-1.0,0.49351633,-0.7564259,-0.055095304,-0.9094769,0.17139532,-0.96435726,0.36625278,-0.9953464,0.5246561,-0.7110275,0.10732023,-0.87205946,0.27149922,-0.9194788,0.40510824,-0.9639517,0.5115053,del
0.0,0.0,-0.06263927,-0.13894494,-0.34440446,-0.29329154,-0.63999426,-0.33307418,-0.8925477,-0.30118197,-0.7078145,-0.42293563,-0.89369434,-0.20155026,-0.94406587,0.05421643,-0.957437,0.29334527,-0.7796967,-0.23997022,-0.91919696,0.01392248,-0.973581,0.2593071,-0.9950036,0.48532927,-0.79000044,-0.052849162,-0.9245053,0.16791102,-0.9688824,0.36827686,-1.0,0.5348832,-0.7493778,0.11838909,-0.89429694,0.2735349,-0.9288642,0.41027495,-0.9615588,0.52067333,del
0.0,0.0,-0.0557816,-0.12891881,-0.3373139,-0.28692192,-0.64435023,-0.3131422,-0.9124971,-0.2757849,-0.715325,-0.4604436,-0.902988,-0.17853624,-0.94436294,0.09730164,-0.9473836,0.34065467,-0.78431004,-0.2684317,-0.9294368,0.015885869,-0.9803025,0.2769876,-1.0,0.52001894,-0.7960658,-0.073311135,-0.9361683,0.17655562,-0.9654681,0.38200563,-0.99769235,0.55217576,-0.75699735,0.10799623,-0.91000485,0.28651845,-0.9387739,0.42159247,-0.9831538,0.53502285,del
0.0,0.0,-0.084055714,-0.13623442,-0.37767375,-0.26635993,-0.67226034,-0.2800074,-0.91659224,-0.24326077,-0.6977682,-0.48434106,-0.8678815,-0.23923923,-0.89529985,0.022196421,-0.89029974,0.25671062,-0.77430683,-0.33686867,-0.9053814,-0.056902945,-0.943173,0.20761581,-0.9466435,0.45994276,-0.7889841,-0.17090192,-0.91264045,0.07540316,-0.95781887,0.28976423,-1.0,0.47985277,-0.7536085,-0.017551308,-0.8981558,0.1445916,-0.93142575,0.29738697,-0.97207123,0.4392185,del
0.0,0.0,-0.06679698,-0.10771754,-0.37191036,-0.26312208,-0.6940684,-0.30144903,-0.9723284,-0.27451167,-0.739868,-0.48615426,-0.9471467,-0.14864874,-0.97282237,0.15385816,-0.97326005,0.38972268,-0.81321144,-0.32777175,-0.9705291,-0.013296705,-0.991982,0.2554188,-0.99820364,0.4924329,-0.82858497,-0.15786622,-0.9796463,0.111792974,-0.985217,0.33243677,-1.0,0.5119515,-0.8023302,0.00038414067,-0.95559144,0.1830772,-0.9565493,0.33912224,-0.97918856,0.46699545,del
0.0,0.0,-0.07770802,-0.1438298,-0.371959,-0.3012349,-0.67712504,-0.34543154,-0.93250716,-0.3187028,-0.64664924,-0.50569725,-0.8925811,-0.337824,-0.95157367,-0.08275521,-0.94986403,0.15174125,-0.72347873,-0.31598157,-0.932565,-0.10290317,-0.9873845,0.1469043,-0.99674296,0.37299672,-0.7507325,-0.123449445,-0.9516459,0.063734524,-0.98600036,0.26563653,-1.0,0.43210146,-0.7295488,0.049111474,-0.9099328,0.18537109,-0.93997926,0.32531562,-0.9672739,0.4382976,del
0.0,0.0,-0.13006322,-0.09857085,-0.43038785,-0.21225421,-0.70154697,-0.22056541,-0.92621905,-0.1868725,-0.7447156,-0.41619796,-0.9110336,-0.09329279,-0.9474648,0.16874835,-0.96491104,0.37697765,-0.7956595,-0.3057065,-0.9368846,0.0010059612,-0.9771072,0.2565879,-1.0,0.49344143,-0.79856247,-0.18171263,-0.93268186,0.08006257,-0.9638251,0.2852704,-0.99662,0.47069114,-0.76189363,-0.054603845,-0.8977864,0.13295507,-0.9225143,0.26795596,-0.9530276,0.39697805,del
0.0,0.0,-0.07299224,-0.111037344,-0.35393834,-0.2544467,-0.6502449,-0.28782162,-0.8940331,-0.25311816,-0.68422335,-0.46165872,-0.8903049,-0.21655306,-0.9439699,0.04872896,-0.9587852,0.27787027,-0.7479134,-0.30008247,-0.9240231,-0.055915385,-0.97931075,0.17647114,-1.0,0.3990824,-0.75664264,-0.12647732,-0.92524153,0.0751276,-0.9653233,0.26036116,-0.99567026,0.42746425,-0.7224218,0.04310436,-0.88918066,0.1979124,-0.93456465,0.32902536,-0.9820252,0.44582945,del
0.0,0.0,-0.047446042,-0.17176113,-0.30853122,-0.34013957,-0.60288495,-0.37969625,-0.85272443,-0.35137436,-0.6460924,-0.53951514,-0.8373138,-0.36366305,-0.89615065,-0.13015065,-0.9173254,0.094257705,-0.74542034,-0.35843384,-0.88121545,-0.12465018,-0.9450604,0.10152821,-0.9851296,0.3148557,-0.7756982,-0.1667471,-0.9070194,0.04241287,-0.9526821,0.21606341,-1.0,0.36325726,-0.74190015,0.0063064415,-0.88985074,0.14868218,-0.92770034,0.27043137,-0.98558295,0.36827016,del
0.0,0.0,-0.06495731,-0.12700947,-0.32189497,-0.30087972,-0.6016022,-0.36475614,-0.83133715,-0.352114,-0.5596373,-0.507284,-0.78368485,-0.3549639,-0.8640775,-0.131573,-0.89166856,0.079618104,-0.65067077,-0.355673,-0.8311965,-0.16551885,-0.9317653,0.049566314,-0.98594725,0.26315877,-0.69097954,-0.18881074,-0.8605411,-0.0220552,-0.9426557,0.1496969,-1.0,0.3019456,-0.68000984,-0.031381298,-0.8418431,0.07855327,-0.89886683,0.19351628,-0.9547297,0.28951594,del
0.0,0.0,-0.10404699,-0.11307092,-0.33858538,-0.25720486,-0.57619935,-0.3119643,-0.7647422,-0.3130733,-0.53350973,-0.4391889,-0.77557814,-0.26472762,-0.8860032,-0.05582908,-0.9491478,0.12982002,-0.5858094,-0.331112,-0.81152165,-0.15636663,-0.9233547,0.032484077,-0.9915264,0.22114462,-0.6064457,-0.21546802,-0.8219394,-0.078525275,-0.9268868,0.081541546,-1.0,0.23237132,-0.5982119,-0.105184145,-0.7988658,-0.004381202,-0.89135927,0.10320686,-0.9686381,0.20344546,del
0.0,0.0,-0.07790247,-0.09567777,-0.2807855,-0.22493187,-0.48583564,-0.28322354,-0.6572239,-0.28285202,-0.46862456,-0.3944535,-0.6834654,-0.26618415,-0.7984677,-0.10240879,-0.87388974,0.049553484,-0.5313688,-0.30500785,-0.73166585,-0.15362811,-0.86775386,-0.0035887859,-0.9645406,0.15785594,-0.5632834,-0.198558,-0.7590602,-0.07020043,-0.89229226,0.054012354,-1.0,0.17393643,-0.5673037,-0.090250775,-0.7621935,-0.011788193,-0.8746276,0.06845855,-0.9696989,0.1418648,del
0.0,0.0,-0.08704913,-0.107773915,-0.2879032,-0.23483545,-0.48828703,-0.29789793,-0.65788096,-0.31011468,-0.42400482,-0.36057144,-0.6570388,-0.27153736,-0.79032344,-0.13698803,-0.88019043,-0.011865288,-0.4825379,-0.28338948,-0.71160245,-0.1713842,-0.8649377,-0.05186877,-0.97310734,0.07922195,-0.52056503,-0.1956955,-0.74163157,-0.1012228,-0.8907705,-0.0023545574,-1.0,0.099894196,-0.53773946,-0.112847656,-0.73857886,-0.065685846,-0.8610163,-0.0058067166,-0.95636165,0.053639695,del
0.0,0.0,-0.09451654,-0.08643491,-0.26515156,-0.20966008,-0.44467846,-0.29664555,-0.61300695,-0.33345252,-0.37756342,-0.3815077,-0.61443526,-0.30452704,-0.7694481,-0.1693122,-0.8726622,-0.04495084,-0.4310886,-0.30868825,-0.6602803,-0.22366466,-0.84127617,-0.10529063,-0.97409254,0.018618414,-0.47114876,-0.2265351,-0.69060266,-0.15854189,-0.864015,-0.06804088,-1.0,0.020763148,-0.488026,-0.15059577,-0.67326057,-0.13206315,-0.8126225,-0.09203704,-0.9291878,-0.04817558,del
0.0,0.0,-0.07352128,-0.08928595,-0.24278453,-0.22891186,-0.42289484,-0.324474,-0.5922372,-0.3654489,-0.37617022,-0.37186348,-0.63146,-0.2881329,-0.80647504,-0.16450953,-0.93667215,-0.055333912,-0.41864958,-0.30808356,-0.6557655,-0.22616874,-0.8480097,-0.13320258,-0.99304515,-0.027872661,-0.45199808,-0.233473,-0.67521286,-0.17097111,-0.8508146,-0.0989453,-1.0,-0.026487442,-0.46787992,-0.16722223,-0.66581297,-0.14563912,-0.80490816,-0.10939096,-0.9237309,-0.065655366,del
0.0,0.0,-0.11410699,-0.0776748,-0.29521674,-0.20168185,-0.48154113,-0.27476132,-0.65576506,-0.29205906,-0.4462596,-0.372598,-0.683806,-0.24731345,-0.8319992,-0.1255833,-0.94435084,-0.03442776,-0.47992215,-0.3173943,-0.70491135,-0.19678248,-0.86714715,-0.09217742,-0.9975833,0.005803545,-0.5016292,-0.24331462,-0.7230488,-0.14475828,-0.8730789,-0.06533094,-1.0,0.0040522027,-0.51862,-0.16710044,-0.7122507,-0.11037288,-0.8393135,-0.05729237,-0.9456927,-0.014396343,del
0.0,0.0,-0.10191289,-0.09810156,-0.30272081,-0.22888947,-0.510427,-0.28341144,-0.68114316,-0.30429453,-0.47664985,-0.4492826,-0.70449245,-0.29012725,-0.8300157,-0.12606192,-0.9238506,0.011591103,-0.53273404,-0.36949694,-0.7482207,-0.22081667,-0.886382,-0.06788699,-1.0,0.08131202,-0.55611753,-0.27556947,-0.75945026,-0.15515453,-0.8867822,-0.027455632,-0.99941343,0.09139568,-0.5529107,-0.17689061,-0.74117476,-0.10978924,-0.84968036,-0.03167347,-0.9469016,0.05017214,del
0.0,0.0,-0.11436911,-0.12005718,-0.31509846,-0.25648832,-0.53867775,-0.3056237,-0.71567196,-0.30257007,-0.46200445,-0.41958964,-0.72373646,-0.26834986,-0.8637304,-0.080994494,-0.95861816,0.081977144,-0.51533103,-0.3342094,-0.75635815,-0.17401537,-0.89832497,-0.0012182669,-1.0,0.16936724,-0.54110885,-0.23856148,-0.767298,-0.11049106,-0.89567924,0.030088836,-0.9954366,0.16390258,-0.54148674,-0.14607202,-0.74492973,-0.070081115,-0.84611857,0.02025676,-0.93012756,0.10735157,del
0.0,0.0,-0.09489226,-0.09068657,-0.31189728,-0.2409515,-0.55058664,-0.29303846,-0.75661594,-0.28958672,-0.53783256,-0.4546122,-0.7892101,-0.26083976,-0.90124786,-0.03664388,-0.9707472,0.1654076,-0.599026,-0.3481313,-0.83037865,-0.17001288,-0.93416077,0.037245456,-1.0,0.24192655,-0.6251942,-0.23284447,-0.8358796,-0.09156348,-0.9220748,0.07896238,-0.9895963,0.23177439,-0.61796933,-0.11921277,-0.81475717,-0.020000119,-0.8905523,0.084807195,-0.9640404,0.18288581,del
0.0,0.0,-0.08640579,-0.07359426,-0.30621493,-0.2052177,-0.5391608,-0.25045246,-0.7508829,-0.24574229,-0.59270185,-0.4323384,-0.8128828,-0.18716991,-0.89971745,0.05138406,-0.9601878,0.25181562,-0.65061194,-0.3164654,-0.8545115,-0.089683115,-0.94012195,0.12472139,-0.9999077,0.33198735,-0.6690229,-0.18097785,-0.85999733,0.00038640026,-0.9329313,0.17402816,-1.0,0.32579648,-0.6575287,-0.04724989,-0.83671796,0.07640095,-0.902487,0.18886678,-0.9717612,0.286249,del
0.0,0.0,-0.10054649,-0.096377395,-0.3354698,-0.2281087,-0.5874723,-0.24931346,-0.7959987,-0.22265029,-0.5973138,-0.41809034,-0.82243055,-0.20744698,-0.906314,0.024623265,-0.95444965,0.23269916,-0.6479178,-0.29357523,-0.85869616,-0.09451791,-0.9462042,0.11828106,-1.0,0.3284026,-0.6575847,-0.16654202,-0.862118,0.00073183747,-0.9373805,0.1731717,-0.9939859,0.33021367,-0.6344935,-0.042835955,-0.83460313,0.07855825,-0.9082876,0.19011162,-0.97451955,0.29436517,del
0.0,0.0,-0.07822119,-0.12369837,-0.319979,-0.26586294,-0.57597655,-0.28913122,-0.78621626,-0.25636056,-0.6283732,-0.46205467,-0.8285141,-0.21708575,-0.89650077,0.030207116,-0.94215155,0.25009164,-0.6988995,-0.31295246,-0.8859364,-0.07156862,-0.94875103,0.1522402,-0.9807193,0.36409795,-0.7216508,-0.15848322,-0.8970926,0.041294985,-0.9553067,0.22456995,-1.0,0.38950816,-0.697892,-0.009660308,-0.87298983,0.1340441,-0.9317156,0.2606683,-0.9943404,0.37326843,del
0.0,0.0,-0.0887317,-0.07205833,-0.3098943,-0.20084976,-0.53991485,-0.24295962,-0.7410446,-0.22806638,-0.62497616,-0.38246426,-0.8272592,-0.094586164,-0.90526927,0.15235128,-0.96358854,0.3654759,-0.66223294,-0.2992034,-0.85205203,-0.014335722,-0.9373432,0.21995987,-1.0,0.4401637,-0.66322696,-0.1967356,-0.83763206,0.04409863,-0.9174116,0.24171449,-0.9848428,0.4191011,-0.63241804,-0.08210727,-0.80437225,0.089365706,-0.8726482,0.2317632,-0.9401079,0.360103,del
0.0,0.0,-0.07385126,-0.114182904,-0.30340827,-0.2510477,-0.5457194,-0.2760152,-0.7505465,-0.24523689,-0.5523853,-0.41124383,-0.7909999,-0.18503097,-0.8888618,0.053246353,-0.9495217,0.2708861,-0.6069336,-0.28826547,-0.82106715,-0.056186125,-0.929053,0.16009751,-0.9974259,0.37313822,-0.6243031,-0.1592445,-0.8241395,0.03786537,-0.9251141,0.21565063,-1.0,0.38270965,-0.606317,-0.03659453,-0.7961553,0.101221025,-0.8835316,0.22698824,-0.95896447,0.3458398,del
0.0,0.0,-0.058813315,-0.11056374,-0.2694244,-0.23824859,-0.50522333,-0.25174308,-0.7066007,-0.21086465,-0.52849406,-0.36210668,-0.7479798,-0.15744685,-0.8526454,0.060719226,-0.93185806,0.26619145,-0.581566,-0.22928943,-0.7858083,-0.025702998,-0.90952134,0.16839217,-1.0,0.36032996,-0.6000299,-0.09472291,-0.79131174,0.07330717,-0.9053001,0.2294549,-0.9972655,0.37537622,-0.5881373,0.0302277,-0.7680294,0.14243534,-0.86634886,0.24259071,-0.9546911,0.33759183,del
0.0,0.0,-0.07549014,-0.10049677,-0.27507958,-0.19079174,-0.48444882,-0.19688568,-0.66871077,-0.17446646,-0.57555187,-0.34520313,-0.7727252,-0.14576244,-0.85919875,0.044906206,-0.9207432,0.210092,-0.62485087,-0.23041923,-0.8052278,-0.015953355,-0.8947778,0.15173262,-0.97195196,0.30846548,-0.63343114,-0.11365839,-0.8020731,0.07434677,-0.90214396,0.20878565,-1.0,0.3324309,-0.6110312,-0.0041194865,-0.7847542,0.12307861,-0.8737408,0.21434753,-0.9647359,0.3008594,del
0.0,0.0,-0.07093286,-0.1349828,-0.2751189,-0.25147066,-0.49425748,-0.25874388,-0.6792895,-0.22989932,-0.5654359,-0.40213302,-0.76673687,-0.20528437,-0.84900254,0.0022845773,-0.9094384,0.1911649,-0.6235413,-0.27360603,-0.8111072,-0.054428052,-0.9097841,0.12183399,-0.98089385,0.30170578,-0.64009225,-0.14298779,-0.8135092,0.04651345,-0.91339195,0.18962766,-1.0,0.33324006,-0.6208085,-0.020821976,-0.8016304,0.10586727,-0.89077735,0.20306802,-0.9760078,0.2982149,del
0.0,0.0,-0.062025607,-0.09932952,-0.27418616,-0.18618272,-0.5168579,-0.1801599,-0.7308413,-0.13232654,-0.6050245,-0.30556884,-0.7995924,-0.030390548,-0.8841797,0.19358934,-0.9612017,0.39167196,-0.6502794,-0.19002649,-0.82174486,0.08627227,-0.9194547,0.28653142,-1.0,0.47644407,-0.6469263,-0.06435225,-0.7896832,0.16160446,-0.8781227,0.3156302,-0.9617729,0.45285934,-0.6097255,0.05587919,-0.74364257,0.19378312,-0.80747265,0.28144062,-0.8801336,0.35645962,del
0.0,0.0,-0.06603259,-0.107509054,-0.29462644,-0.19161172,-0.5406328,-0.16207157,-0.75740707,-0.11370645,-0.6202865,-0.33991396,-0.80894876,-0.09251184,-0.87398577,0.14819036,-0.9090293,0.37377718,-0.675605,-0.20411184,-0.8478239,0.054416057,-0.9375207,0.27227634,-1.0,0.49166748,-0.6833398,-0.06628504,-0.8473239,0.1608944,-0.9270015,0.33431694,-0.9993165,0.50180614,-0.65162224,0.064170234,-0.8250745,0.2269494,-0.89456946,0.34337664,-0.9650467,0.45790216,del
0.0,0.0,-0.057011086,-0.085429184,-0.27070126,-0.17069459,-0.49560916,-0.16508847,-0.7048008,-0.12512915,-0.66258025,-0.31797647,-0.82710433,-0.0008447575,-0.8904839,0.25601834,-0.9380302,0.48066145,-0.7034977,-0.19713865,-0.85675025,0.120808356,-0.93927044,0.35724613,-1.0,0.5817086,-0.7019745,-0.066472754,-0.8425515,0.21053194,-0.9227265,0.40635112,-0.9946986,0.5839578,-0.6588142,0.068844005,-0.8095112,0.27251646,-0.88132757,0.4117373,-0.950843,0.5340848,del
0.0,0.0,-0.056924194,-0.06577954,-0.30264485,-0.14367372,-0.56635547,-0.118770316,-0.79619527,-0.03976117,-0.67174566,-0.23345692,-0.8643327,0.06699028,-0.9391754,0.32027557,-0.9874468,0.5464234,-0.700543,-0.10928816,-0.8701165,0.1845206,-0.9491704,0.41965437,-1.0,0.6350285,-0.68241054,0.0197857,-0.8434314,0.26601675,-0.91991144,0.46574318,-0.979029,0.6378189,-0.63235563,0.14543153,-0.7947576,0.31884602,-0.8663016,0.45644158,-0.9299797,0.5772857,del
0.0,0.0,-0.08118172,-0.10128189,-0.3217346,-0.17820202,-0.57447,-0.1373316,-0.79596436,-0.05419676,-0.68564224,-0.27450454,-0.87526405,-0.0126070585,-0.9283723,0.24039756,-0.94898033,0.469293,-0.71465373,-0.10114273,-0.8762442,0.16518185,-0.9592592,0.3969785,-1.0,0.63238806,-0.6987632,0.062214572,-0.8503749,0.2952891,-0.9309287,0.478419,-0.9921232,0.6620769,-0.64010864,0.20634247,-0.80542177,0.38124055,-0.8771148,0.50580597,-0.94474304,0.6331225,del
0.0,0.0,-0.07077934,-0.10462287,-0.33729312,-0.20139632,-0.61265725,-0.18240316,-0.83989143,-0.11330472,-0.6976574,-0.25954592,-0.89816016,0.040900864,-0.9550975,0.30533376,-0.9721852,0.5257716,-0.73025686,-0.121053755,-0.8988915,0.17455144,-0.96822244,0.41621298,-1.0,0.6427669,-0.7180615,0.019501371,-0.87230116,0.26979363,-0.93900424,0.47184968,-0.9817104,0.6613847,-0.6701444,0.15654936,-0.82469755,0.34621662,-0.8836552,0.48948833,-0.93473876,0.6234933,del
0.0,0.0,-0.053270344,-0.077486254,-0.32727063,-0.15646224,-0.62067574,-0.10632841,-0.8699414,0.01527689,-0.75786203,-0.22906142,-0.94386137,0.113927126,-0.98282576,0.4045021,-0.99851453,0.6627112,-0.7912831,-0.08158161,-0.9408219,0.26587296,-0.9742516,0.52948856,-0.9729007,0.77877635,-0.774121,0.07719408,-0.9174648,0.36652797,-0.95921993,0.58531076,-0.9851857,0.7884486,-0.728781,0.23133543,-0.89142054,0.42657351,-0.9446603,0.56755424,-1.0,0.70012,del
0.0,0.0,-0.11250878,-0.053400084,-0.3649892,-0.10634437,-0.60480964,-0.06353953,-0.81132513,0.019244272,-0.6916599,-0.1807829,-0.89069724,0.1061533,-0.9688398,0.3451771,-1.0,0.5517129,-0.6854527,-0.075824656,-0.8357405,0.23788345,-0.88297063,0.47646305,-0.8933772,0.6950591,-0.6459094,0.031641416,-0.7807929,0.29976043,-0.83927196,0.501203,-0.87810534,0.6836172,-0.5799516,0.12980096,-0.73365164,0.27142322,-0.8150814,0.37875688,-0.89280504,0.49087095,del
0.0,0.0,-0.06578036,-0.017544813,-0.29269058,0.022929791,-0.51796836,0.122254,-0.70626944,0.24708445,-0.7167803,-0.03360794,-0.84856325,0.34288394,-0.8989573,0.6025247,-0.9489292,0.81187713,-0.7211659,0.078782424,-0.8268657,0.4916244,-0.88182,0.7469483,-0.9311386,0.9689237,-0.6870706,0.19081226,-0.79060006,0.56772935,-0.8602651,0.79662955,-0.9197252,1.0,-0.6225909,0.2980704,-0.72483724,0.57442665,-0.78637075,0.74604917,-0.84055865,0.9016411,del
0.0,0.0,-0.07399165,-0.08403386,-0.31321493,-0.1009042,-0.5592639,-0.00849973,-0.76662916,0.12822975,-0.7331913,-0.02094002,-0.9015461,0.29223025,-0.9608465,0.5437662,-1.0,0.7610826,-0.7334289,0.12125592,-0.8571647,0.48003203,-0.9262829,0.72730875,-0.9721852,0.9536939,-0.68612146,0.25757188,-0.80450183,0.5703694,-0.8820047,0.7878571,-0.9409993,0.98832977,-0.60240096,0.38009,-0.7361983,0.61124456,-0.807722,0.7742836,-0.86778605,0.926554,del
0.0,0.0,-0.09663057,0.00965913,-0.28957695,0.049784534,-0.46658355,0.13167576,-0.6490585,0.21030904,-0.7046615,0.082556635,-0.79117584,0.42305654,-0.8314399,0.67531484,-0.86674017,0.8858762,-0.72065276,0.11754823,-0.7996065,0.5188575,-0.86075354,0.7761233,-0.91445965,1.0,-0.69626427,0.1594043,-0.7827534,0.53271663,-0.8433922,0.771346,-0.8934763,0.98204684,-0.63826174,0.188373,-0.75813586,0.43740568,-0.83342415,0.5978106,-0.8991865,0.74638754,del
0.0,0.0,-0.031724475,0.0037140874,-0.25069815,0.028283235,-0.49582654,0.10821897,-0.7198539,0.23344815,-0.7676657,-0.03574605,-0.87445116,0.35476884,-0.8976022,0.62587565,-0.9272114,0.82992196,-0.80274135,0.057429224,-0.87633425,0.48871085,-0.9288229,0.7664312,-0.9689494,0.9979903,-0.778294,0.15920916,-0.8451606,0.5476278,-0.8922695,0.7938877,-0.9365259,1.0,-0.71629363,0.24857725,-0.8108817,0.51918834,-0.8608849,0.6951571,-0.9164567,0.85163915,del
0.0,0.0,-0.10069606,0.019945301,-0.35212308,0.06826548,-0.5909913,0.18841328,-0.7793335,0.32307994,-0.7279795,0.024623076,-0.84607553,0.41570836,-0.8889563,0.68722755,-0.9044266,0.9107326,-0.7292342,0.07006457,-0.8160231,0.49365658,-0.85333866,0.7627593,-0.8723811,1.0,-0.6892995,0.13379422,-0.77263206,0.5083753,-0.8343922,0.7480119,-0.873081,0.97026426,-0.6075167,0.2052764,-0.71932566,0.4399548,-0.7984548,0.6013222,-0.866326,0.7626061,del
0.0,0.0,-0.031089272,0.0060106255,-0.21539009,0.057480156,-0.4273172,0.1549438,-0.63703257,0.27295643,-0.7020236,0.015285051,-0.83248514,0.3808446,-0.86117077,0.63267666,-0.8765038,0.8334146,-0.7195263,0.121780135,-0.8154789,0.51056266,-0.8625985,0.76254857,-0.87626404,0.98919785,-0.684926,0.23674321,-0.75847787,0.58935577,-0.8094638,0.805037,-0.8507477,1.0,-0.60817367,0.34547788,-0.68340844,0.614554,-0.7175383,0.7756177,-0.750822,0.9212947,del
0.0,0.0,-0.048711564,-0.03580462,-0.24498588,0.0012215221,-0.45865986,0.11037943,-0.64971995,0.24121794,-0.7023955,0.012405751,-0.8243337,0.35091525,-0.8530383,0.5824256,-0.88172007,0.7677525,-0.7083212,0.14629333,-0.798144,0.52195334,-0.860381,0.74980515,-0.9093388,0.94802684,-0.66421443,0.27822432,-0.7459973,0.6149217,-0.8167081,0.8205076,-0.8782206,1.0,-0.5880654,0.40039358,-0.68525124,0.6519651,-0.7409966,0.80448276,-0.8013931,0.9384525,del
0.0,0.0,0.025274651,0.122932956,-0.14191988,0.23498005,-0.391309,0.32410023,-0.61123,0.4010126,-0.5478092,0.15604703,-0.7295087,0.5246041,-0.8187132,0.76809543,-0.8997607,0.93702614,-0.6445999,0.1402219,-0.7758591,0.55868036,-0.86392987,0.8103924,-0.94214284,1.0,-0.6799454,0.16162974,-0.7818108,0.54449004,-0.8624759,0.79674625,-0.929219,0.9928172,-0.6652984,0.2002075,-0.7485369,0.4853509,-0.7948323,0.66922915,-0.84614027,0.81214553,del
0.0,0.0,-0.23310508,0.040801078,-0.4575423,0.17193042,-0.58688205,0.3721419,-0.68161243,0.5334145,-0.6258964,0.1256668,-0.7650661,0.48969564,-0.86645824,0.7332957,-0.96518564,0.90847117,-0.59365577,0.17567974,-0.7344963,0.5846423,-0.86739826,0.80493724,-0.99729556,0.9672914,-0.5435414,0.24114442,-0.7032106,0.62866235,-0.8526408,0.83926827,-0.9789497,1.0,-0.4868745,0.30888265,-0.6416731,0.6005625,-0.7723684,0.7772079,-0.89271617,0.918737,del
0.0,0.0,-0.18098699,0.047642384,-0.43173254,0.13041507,-0.61075896,0.2419499,-0.7394573,0.34849247,-0.5852335,0.0026677873,-0.75382084,0.27343354,-0.88669693,0.49621463,-0.9878742,0.663596,-0.57128406,0.03301417,-0.7345627,0.31611305,-0.8707878,0.5085355,-1.0,0.66891026,-0.5466956,0.080721155,-0.7202417,0.32115144,-0.85365087,0.48474243,-0.9676978,0.63121027,-0.50833505,0.124813765,-0.6705751,0.27695227,-0.77201754,0.37577993,-0.8643872,0.46326625,del
0.0,0.0,-0.14932507,-0.063853525,-0.3353682,-0.03377066,-0.49688143,0.08516732,-0.62445515,0.19022547,-0.5981915,-0.028993772,-0.75723106,0.25480887,-0.8628639,0.44621786,-0.95816106,0.59380347,-0.59532046,0.05366293,-0.7674851,0.34074453,-0.8913102,0.5195435,-1.0,0.66884995,-0.5626038,0.14285426,-0.7297498,0.40012497,-0.85742664,0.55164057,-0.9566132,0.67626184,-0.5112522,0.22964066,-0.6627639,0.41816482,-0.77664995,0.53338355,-0.86833495,0.6248796,del
0.0,0.0,-0.09345543,-0.010599784,-0.28307688,0.009065878,-0.4754334,0.08079359,-0.6506425,0.1600029,-0.59378135,-0.048122857,-0.7676355,0.21507262,-0.88364774,0.4098789,-0.9835373,0.55794245,-0.6055561,-0.0035307037,-0.7622866,0.2859894,-0.88651097,0.47225857,-1.0,0.62793535,-0.58635974,0.046970315,-0.73926085,0.2946609,-0.8610582,0.46486548,-0.9621233,0.6132925,-0.5415304,0.092377745,-0.68152356,0.2520716,-0.7813841,0.35826844,-0.86888474,0.44953385,del
0.0,0.0,-0.17062806,-0.009089597,-0.38972306,0.026662929,-0.56686753,0.11074422,-0.7035106,0.20544443,-0.65753794,-0.027214546,-0.791299,0.27776632,-0.86967283,0.48792508,-0.9357064,0.646812,-0.6374961,0.021927914,-0.78745395,0.3486992,-0.90019137,0.55131096,-1.0,0.7127228,-0.5801877,0.079146355,-0.7346284,0.3646868,-0.84839964,0.53646326,-0.944044,0.6761207,-0.49124947,0.13046876,-0.62755424,0.28754854,-0.7265569,0.37303764,-0.82064503,0.45003864,del
0.0,0.0,-0.07434126,-0.06361176,-0.25297004,-0.05238265,-0.45094702,0.029955821,-0.63420874,0.119654775,-0.6241297,-0.09918249,-0.78633493,0.2071875,-0.8845439,0.41110322,-0.9745357,0.56456,-0.646161,-0.032704074,-0.789798,0.29787713,-0.8988028,0.49187317,-1.0,0.6493111,-0.6231116,0.039761044,-0.7520762,0.31399614,-0.8611763,0.47846916,-0.95454097,0.6215807,-0.56875384,0.1064908,-0.67967266,0.25387993,-0.767033,0.3390694,-0.84842926,0.41807964,del
0.0,0.0,-0.06752007,-0.03362394,-0.25495812,-0.025990404,-0.45686632,0.037589103,-0.6376309,0.11129044,-0.6170258,-0.062413342,-0.7894928,0.18878828,-0.8671068,0.38495532,-0.9324152,0.5512841,-0.63719386,0.022438651,-0.80087864,0.28454342,-0.9138313,0.46888807,-1.0,0.63706046,-0.6177989,0.104106806,-0.7700788,0.3268142,-0.8819503,0.4872997,-0.9740329,0.6354012,-0.5722545,0.17809197,-0.7165833,0.33578095,-0.8132345,0.44551277,-0.8978554,0.54955804,del
0.0,0.0,-0.06829264,-0.019095596,-0.2709916,-0.008615642,-0.47473055,0.055213884,-0.6593422,0.14370681,-0.58910376,-0.07612408,-0.7700422,0.18499555,-0.8530032,0.3845898,-0.9250165,0.5389329,-0.6084149,0.008472364,-0.7768852,0.26139885,-0.90200806,0.4446132,-1.0,0.6087625,-0.592082,0.09865894,-0.7522759,0.30974272,-0.870594,0.4668729,-0.9780637,0.60916424,-0.5621884,0.1826201,-0.71304053,0.34061477,-0.80910426,0.45241335,-0.90023494,0.5536425,del
0.0,0.0,-0.1271038,-0.0529751,-0.3467526,-0.048063807,-0.55767894,0.031779844,-0.73035586,0.12265569,-0.6270468,-0.10015339,-0.77791387,0.17183204,-0.8792193,0.36472362,-0.9665092,0.51462674,-0.623138,-0.045357335,-0.77449423,0.23047453,-0.8914168,0.4131438,-1.0,0.56687707,-0.573545,0.0059469515,-0.7221394,0.22278616,-0.83761334,0.37348244,-0.9435103,0.5112209,-0.48939365,0.049229264,-0.59688336,0.13294674,-0.68040746,0.17931025,-0.76874423,0.2273157,del
0.0,0.0,0.019921344,-0.19787855,-0.07477806,-0.32840365,-0.14830308,-0.4231482,-0.21446979,-0.5282771,-0.54899246,-0.11245835,-0.7712063,-0.064567134,-0.88558215,-0.18140455,-0.9309116,-0.29658693,-0.5982119,-0.068419464,-0.85313976,-0.052398384,-0.9502009,-0.2153399,-0.9504217,-0.35423332,-0.63109,-0.03734461,-0.86874866,-0.019597853,-0.9577176,-0.17881061,-0.96670365,-0.31346193,-0.64108014,-0.0198993,-0.8674649,0.042677954,-0.9660471,-0.04713485,-1.0,-0.15317716,space
0.0,0.0,0.074493855,-0.21078707,0.024983453,-0.40778396,0.014644494,-0.5808277,0.016758576,-0.7444951,-0.52452004,-0.30887055,-0.7716828,-0.38689995,-0.88771623,-0.5573759,-0.923947,-0.70615005,-0.57951707,-0.25684184,-0.8740302,-0.3158967,-0.9641614,-0.50878626,-0.9558147,-0.66622424,-0.6054624,-0.21909313,-0.9059024,-0.26052132,-0.99713403,-0.43079707,-0.99609715,-0.5732615,-0.5992485,-0.19617794,-0.85202307,-0.22406304,-0.96066594,-0.34689033,-1.0,-0.46916562,space
0.0,0.0,0.08332506,-0.2223769,0.03344382,-0.43143412,0.025757002,-0.6132103,0.056068502,-0.75941044,-0.53886056,-0.38427594,-0.7712448,-0.47841975,-0.87654597,-0.6115366,-0.92079294,-0.7304739,-0.5881542,-0.34481004,-0.8511747,-0.43682975,-0.93904036,-0.5954935,-0.94308615,-0.7225919,-0.61910826,-0.29769912,-0.8907279,-0.3544438,-0.96960104,-0.5073565,-0.9740848,-0.63424486,-0.62521917,-0.24323006,-0.86406416,-0.24261175,-0.96365595,-0.3436069,-1.0,-0.45540065,space
0.0,0.0,0.06647552,-0.22538802,0.015213706,-0.41501346,0.010805258,-0.5857357,0.027752679,-0.74257755,-0.5429131,-0.37262458,-0.7679662,-0.47110823,-0.8720895,-0.62044406,-0.91669005,-0.75132847,-0.5964315,-0.324587,-0.87743807,-0.4113194,-0.97003186,-0.5910344,-0.9679092,-0.729795,-0.62436527,-0.27453187,-0.9173743,-0.31920108,-1.0,-0.49529478,-0.99198014,-0.6398479,-0.6248581,-0.23241088,-0.87675136,-0.24238057,-0.97170407,-0.36634994,-0.9940252,-0.49793166,space
0.0,0.0,0.07495577,-0.24621528,0.021152494,-0.44386914,0.0057346835,-0.61525226,0.02518529,-0.77170223,-0.53377545,-0.40277725,-0.7561042,-0.50553286,-0.86886406,-0.6467669,-0.917977,-0.7724318,-0.5857035,-0.358085,-0.86379653,-0.45753202,-0.95081943,-0.6360168,-0.94193643,-0.7755596,-0.61446375,-0.30909234,-0.9043828,-0.36891946,-0.97875756,-0.5510546,-0.9667054,-0.6993663,-0.61453265,-0.25827324,-0.8794724,-0.25817135,-0.97794557,-0.3825555,-1.0,-0.51749766,space
0.0,0.0,0.061622176,-0.22808136,0.008860701,-0.4190947,-0.0098709585,-0.59092206,0.0075728395,-0.7482052,-0.5496538,-0.36846283,-0.7761073,-0.47266552,-0.8831199,-0.62123185,-0.9240723,-0.74891084,-0.5963659,-0.32349735,-0.87419,-0.41991338,-0.95782155,-0.5950629,-0.9439799,-0.72919387,-0.62374955,-0.2780514,-0.91355646,-0.33331817,-0.9926162,-0.509788,-0.9790635,-0.6516892,-0.625175,-0.23570223,-0.8806797,-0.23968327,-0.978948,-0.3560237,-1.0,-0.48064676,space
0.0,0.0,0.06583148,-0.23039189,0.013581162,-0.4240377,-0.00819401,-0.59565306,0.011591117,-0.7530399,-0.54523224,-0.37391502,-0.7767875,-0.47229388,-0.8855416,-0.6144338,-0.9280944,-0.7424072,-0.59337795,-0.33054784,-0.87609917,-0.42247793,-0.9628567,-0.5963633,-0.95120543,-0.7336257,-0.6208856,-0.28320208,-0.91439897,-0.33958408,-0.9906171,-0.5130522,-0.97745013,-0.65767,-0.61921376,-0.23720434,-0.87236893,-0.24666458,-0.97238684,-0.36351284,-1.0,-0.4892509,space
0.0,0.0,0.066104166,-0.23622352,0.016024265,-0.43055287,-0.0026564482,-0.60472625,0.014593962,-0.75653034,-0.54760104,-0.3837976,-0.7802363,-0.48933524,-0.8852911,-0.6411781,-0.92028534,-0.7710552,-0.59707963,-0.33951902,-0.88758844,-0.43427935,-0.97408944,-0.6146631,-0.9542518,-0.7485601,-0.62447417,-0.29302028,-0.92286927,-0.3376181,-1.0,-0.51526004,-0.9801817,-0.65618926,-0.62319833,-0.24913052,-0.8784428,-0.25080243,-0.9756176,-0.37178144,-0.99693877,-0.5001856,space
0.0,0.0,0.061528087,-0.2204015,0.01071583,-0.4200746,-0.0058740354,-0.59406894,0.012614662,-0.7485976,-0.5499863,-0.3883032,-0.78229994,-0.48835683,-0.8879604,-0.6341755,-0.92775244,-0.7640871,-0.60109663,-0.33941528,-0.88570714,-0.43011156,-0.97170484,-0.60342807,-0.95669806,-0.73854625,-0.62890327,-0.28737774,-0.9235541,-0.33351058,-1.0,-0.5040898,-0.9811847,-0.6453031,-0.6275943,-0.23517196,-0.8787751,-0.24065357,-0.9722486,-0.3568718,-0.9902173,-0.4829488,space
0.0,0.0,0.06360361,-0.23937973,0.036971025,-0.41360328,0.04215679,-0.5415329,0.05559569,-0.6710542,-0.56251305,-0.40549585,-0.8285877,-0.4638581,-0.8489643,-0.5916776,-0.80728936,-0.67871237,-0.639106,-0.38248515,-0.9723074,-0.46229488,-0.9793725,-0.6280899,-0.86870706,-0.7186019,-0.6856693,-0.3520194,-1.0,-0.40076998,-0.998311,-0.5588596,-0.9072632,-0.6589686,-0.6899015,-0.31170836,-0.9240312,-0.338787,-0.9791392,-0.45543543,-0.944833,-0.55124867,space
0.0,0.0,0.048173897,-0.25260717,-0.016699106,-0.4596036,-0.027971173,-0.6372698,-0.026721915,-0.779745,-0.47282857,-0.360054,-0.630657,-0.4262642,-0.7459805,-0.5007457,-0.8296498,-0.5569374,-0.5293625,-0.31899652,-0.703911,-0.36897296,-0.8069336,-0.44740602,-0.88069147,-0.5154089,-0.5819403,-0.2821939,-0.77012944,-0.31058586,-0.8800304,-0.38989794,-0.9570534,-0.45285386,-0.6155263,-0.2518019,-0.8072512,-0.26503602,-0.9198605,-0.30884093,-1.0,-0.35714918,space
0.0,0.0,0.08659932,-0.20721331,0.026918506,-0.39969632,0.0063173263,-0.58060116,0.026587766,-0.7398865,-0.525985,-0.3282889,-0.755538,-0.42266804,-0.871523,-0.5776074,-0.91622406,-0.71506107,-0.57348305,-0.29290172,-0.8351989,-0.3865575,-0.9305688,-0.57326645,-0.9372687,-0.72347856,-0.6007015,-0.26065394,-0.8791484,-0.32521343,-0.97862506,-0.50708234,-0.9948664,-0.656976,-0.6034542,-0.23031656,-0.8598369,-0.23412962,-0.9667543,-0.3557612,-1.0,-0.48507568,space
0.0,0.0,0.084087245,-0.24084754,0.02500437,-0.43225157,0.012190298,-0.6036986,0.036062464,-0.7523927,-0.53559023,-0.37156808,-0.76815253,-0.4788347,-0.87616336,-0.6332369,-0.91259444,-0.7615471,-0.5909191,-0.32687473,-0.8802811,-0.42317513,-0.96523494,-0.6065785,-0.94797766,-0.7445592,-0.62258923,-0.28351676,-0.91927326,-0.33052522,-0.9944493,-0.51469976,-0.976876,-0.660773,-0.6296198,-0.24799329,-0.88807535,-0.2516983,-0.9834953,-0.3814574,-1.0,-0.51713717,space
0.0,0.0,0.06255296,-0.22950792,0.004802307,-0.42228276,-0.011189619,-0.59646976,0.005069518,-0.75260544,-0.5371712,-0.3794778,-0.7612202,-0.4738391,-0.86473984,-0.61816585,-0.90711415,-0.7468692,-0.5851387,-0.33691052,-0.85496736,-0.42010006,-0.9478647,-0.5897192,-0.95543146,-0.72545016,-0.6138723,-0.29221815,-0.89253247,-0.33666492,-0.98411,-0.49584216,-0.9969273,-0.62993383,-0.61633486,-0.2525056,-0.8627744,-0.25191435,-0.96511793,-0.36062077,-1.0,-0.4790782,space
0.0,0.0,0.048542604,-0.21967912,-0.020547476,-0.41861644,-0.032686006,-0.59253156,-0.04551069,-0.73867637,-0.5466367,-0.35255513,-0.77831113,-0.42169735,-0.8820784,-0.5697442,-0.91162354,-0.6933591,-0.5928331,-0.31420025,-0.8798508,-0.37015504,-0.9717763,-0.54571366,-0.9633617,-0.6802728,-0.62468714,-0.27877462,-0.9203776,-0.3117648,-1.0,-0.48302528,-0.99136233,-0.6206318,-0.633896,-0.24960408,-0.88310903,-0.25576392,-0.97097087,-0.37408394,-0.9843627,-0.49370676,space
0.0,0.0,0.041934248,-0.22110735,-0.013840862,-0.42724076,-0.023512999,-0.6091171,-0.032314345,-0.75434446,-0.5569997,-0.38140565,-0.80095917,-0.44882417,-0.90515745,-0.5857168,-0.92752355,-0.7064241,-0.59940195,-0.3393174,-0.8940411,-0.39225233,-0.98526114,-0.55213755,-0.96532404,-0.67692125,-0.62096,-0.29379556,-0.91758776,-0.32529306,-1.0,-0.4745329,-0.98719764,-0.59811103,-0.61389744,-0.2488852,-0.8515811,-0.26022786,-0.94675565,-0.3628711,-0.96498686,-0.46551916,space
0.0,0.0,0.060758088,-0.23227945,0.0070918505,-0.44879347,-0.002589852,-0.63141847,-0.0058790212,-0.77393717,-0.56163317,-0.4152839,-0.79986995,-0.51101714,-0.8953017,-0.66514206,-0.9161889,-0.8005523,-0.6044772,-0.37015325,-0.8940432,-0.45200646,-0.9728279,-0.6373186,-0.9443875,-0.77609843,-0.62533236,-0.32162458,-0.9242901,-0.37222517,-1.0,-0.5475483,-0.9806403,-0.6859525,-0.6176359,-0.27518544,-0.87032443,-0.28737158,-0.9646016,-0.41209558,-0.9792129,-0.53821737,space
0.0,0.0,0.06616671,-0.23561463,0.008738794,-0.4426739,-0.007973483,-0.6191914,-0.0029659595,-0.7612993,-0.5692454,-0.4167249,-0.8087955,-0.5039165,-0.8981734,-0.6639476,-0.9138247,-0.7999907,-0.612993,-0.3690897,-0.9060833,-0.44634563,-0.97786385,-0.63220286,-0.94936836,-0.7721617,-0.637499,-0.32036778,-0.9366489,-0.37273797,-1.0,-0.5603873,-0.9688745,-0.70709014,-0.6333419,-0.27391273,-0.8936675,-0.2897358,-0.97268784,-0.4260611,-0.9704606,-0.56338453,space
0.0,0.0,0.06341862,-0.22914179,0.007542014,-0.43293947,-0.008087027,-0.6074807,-0.006044772,-0.7535934,-0.55569285,-0.40821734,-0.77701074,-0.5143356,-0.870639,-0.67197835,-0.8959642,-0.8019937,-0.60781395,-0.36047843,-0.8926487,-0.4467671,-0.9655635,-0.6334518,-0.9377847,-0.76860195,-0.63254815,-0.31048274,-0.9303559,-0.35521162,-1.0,-0.54044,-0.9736262,-0.6869233,-0.6245711,-0.2651135,-0.88004035,-0.2710015,-0.96772504,-0.3977267,-0.97617656,-0.52878517,space
0.0,0.0,0.06355134,-0.23491514,0.00013022675,-0.43539274,-0.019070514,-0.60713196,-0.016008617,-0.75160635,-0.55434567,-0.40666267,-0.7804145,-0.50659573,-0.8844476,-0.6589923,-0.9219759,-0.7889975,-0.6036304,-0.3630243,-0.8933027,-0.44489425,-0.9753479,-0.6323688,-0.9563413,-0.77256024,-0.62658465,-0.31415942,-0.9275833,-0.3544314,-1.0,-0.5378644,-0.98080224,-0.6853043,-0.6150116,-0.26563385,-0.87831783,-0.26451194,-0.96918553,-0.39044175,-0.9834241,-0.5235561,space
0.0,0.0,0.05746529,-0.2885695,-3.8113216e-05,-0.5179575,-0.007555516,-0.69959104,0.020214254,-0.859005,-0.56415546,-0.52503204,-0.86172235,-0.5460808,-0.9400164,-0.66098154,-0.9669952,-0.7770344,-0.6240533,-0.48964763,-0.9343565,-0.5546771,-1.0,-0.7378262,-0.98433995,-0.8754172,-0.6613706,-0.45296296,-0.92576987,-0.5388838,-0.9777694,-0.69575167,-0.97915995,-0.815172,-0.6624632,-0.42113853,-0.8864902,-0.4763402,-0.96409845,-0.5809433,-0.9884902,-0.67283446,space
0.0,0.0,0.06164373,-0.2085321,0.007045936,-0.40934336,-0.0050218636,-0.58686036,-0.015906347,-0.74039453,-0.5358683,-0.34249145,-0.78333986,-0.44175562,-0.90358716,-0.60875535,-0.9396521,-0.75345963,-0.5870956,-0.3058039,-0.87964255,-0.38372123,-0.9745597,-0.57951766,-0.95901823,-0.73049754,-0.6102025,-0.27182707,-0.9094916,-0.3102198,-1.0,-0.47987753,-0.989854,-0.6129204,-0.5953597,-0.2412799,-0.84356,-0.22822879,-0.94816625,-0.3332862,-0.9784599,-0.44300807,space
0.0,0.0,0.06604202,-0.23884784,0.0042257947,-0.4466845,-0.0055642175,-0.62618357,-0.0049021365,-0.77045906,-0.55392903,-0.40388384,-0.79515374,-0.49937865,-0.90204734,-0.65556,-0.9337555,-0.79090625,-0.6013527,-0.3634958,-0.89284503,-0.45014393,-0.9772306,-0.63695765,-0.95442456,-0.7724059,-0.62310576,-0.3152455,-0.9178531,-0.3610713,-1.0,-0.5343285,-0.98861796,-0.6696585,-0.6150541,-0.26137432,-0.8727552,-0.2539426,-0.9724863,-0.37074128,-0.99680877,-0.4938993,space
0.0,0.0,0.062923834,-0.23162332,-0.0017784085,-0.433771,-0.021270664,-0.60469115,-0.030155739,-0.74606854,-0.5532413,-0.3872719,-0.79240733,-0.48700795,-0.90172106,-0.6450232,-0.93845886,-0.7767953,-0.60106546,-0.34446454,-0.8937829,-0.43557444,-0.9803262,-0.62642187,-0.96332896,-0.76596326,-0.62528765,-0.29737106,-0.9198384,-0.34753025,-1.0,-0.5235466,-0.98629975,-0.66107666,-0.62175286,-0.25163415,-0.8817499,-0.2518837,-0.97531044,-0.37724504,-0.9870916,-0.50630766,space
0.0,0.0,0.06414083,-0.24024609,-0.0020873128,-0.4520364,-0.01940848,-0.63639224,-0.01897336,-0.78622615,-0.5582872,-0.41980144,-0.7864112,-0.51942635,-0.8889333,-0.6709997,-0.922183,-0.794869,-0.6060896,-0.37365884,-0.88635856,-0.46396264,-0.9652667,-0.645911,-0.9542232,-0.78204423,-0.6308148,-0.32366022,-0.9223078,-0.37895128,-0.99317074,-0.5601324,-0.97657883,-0.70122826,-0.6258151,-0.2727878,-0.88853496,-0.27469397,-0.9835365,-0.4026475,-1.0,-0.5351258,space
0.0,0.0,0.06005008,-0.22324094,-0.0080294665,-0.4282697,-0.029740252,-0.6106602,-0.030280542,-0.75696546,-0.5568917,-0.39162576,-0.7979299,-0.47581768,-0.9045797,-0.62368816,-0.93467844,-0.7536307,-0.6054751,-0.3444717,-0.894397,-0.41862872,-0.97892636,-0.59663314,-0.9637082,-0.7371085,-0.6283506,-0.29603058,-0.9219534,-0.338757,-1.0,-0.51426435,-0.9840656,-0.65740275,-0.62067467,-0.24564604,-0.8768836,-0.24343984,-0.96487,-0.36599267,-0.97422963,-0.49477965,space
0.0,0.0,0.060928773,-0.223236,-0.009271981,-0.42993668,-0.031361967,-0.6052145,-0.02543368,-0.7482735,-0.55544186,-0.39469182,-0.77726936,-0.49371397,-0.88229746,-0.64354515,-0.921189,-0.76597667,-0.61148095,-0.34323135,-0.8904728,-0.4270972,-0.97200555,-0.60265565,-0.9613576,-0.73487306,-0.6404187,-0.29000938,-0.9283491,-0.33882576,-1.0,-0.5110028,-0.982289,-0.6486328,-0.63811463,-0.2386865,-0.8946403,-0.23212574,-0.9825906,-0.35305312,-0.9907587,-0.4829007,space
0.0,0.0,0.058724727,-0.23472139,-0.008200426,-0.43972203,-0.023284625,-0.61304015,-0.01995993,-0.75760084,-0.5623792,-0.40971822,-0.796618,-0.5045618,-0.9085404,-0.644778,-0.9532558,-0.7698091,-0.61224663,-0.36109695,-0.8914618,-0.44267932,-0.97827,-0.61628044,-0.97098285,-0.7539399,-0.6339203,-0.3079947,-0.9193463,-0.35789347,-1.0,-0.5283655,-0.9930438,-0.67083555,-0.62319523,-0.25171116,-0.8758752,-0.23865682,-0.97186273,-0.35155842,-0.99238795,-0.47646344,space
0.0,0.0,0.06159464,-0.22732554,-0.0031299486,-0.42740846,-0.025559738,-0.59625167,-0.04441404,-0.73100245,-0.5549542,-0.3987211,-0.7842505,-0.49018016,-0.89347166,-0.63648033,-0.9366758,-0.76665974,-0.60551554,-0.35149482,-0.8889657,-0.42956996,-0.9746427,-0.6079007,-0.971755,-0.75088316,-0.62912947,-0.30301276,-0.92234147,-0.34504902,-1.0,-0.5258346,-0.98989344,-0.6745818,-0.6240533,-0.25618875,-0.883339,-0.25705278,-0.9742186,-0.38361096,-0.9904743,-0.51699555,space
0.0,0.0,0.05842849,-0.23031543,-0.011271515,-0.429715,-0.03421079,-0.59736466,-0.031258404,-0.7420946,-0.56428736,-0.39656612,-0.79983485,-0.48762107,-0.90737915,-0.63281274,-0.9460202,-0.76266617,-0.6103737,-0.34760103,-0.8935667,-0.42363575,-0.9770938,-0.60175467,-0.9657423,-0.741408,-0.6321182,-0.2966245,-0.92452025,-0.33835748,-1.0,-0.51312196,-0.98296124,-0.6564703,-0.62582123,-0.24695115,-0.88064945,-0.24614653,-0.9755494,-0.36740425,-0.9920883,-0.4948545,space
0.0,0.0,0.05987668,-0.22392029,-0.010649087,-0.43368512,-0.03623151,-0.60343564,-0.03245652,-0.7440613,-0.54120874,-0.40221423,-0.76665,-0.5029346,-0.88312554,-0.6416714,-0.9380025,-0.7612577,-0.59926593,-0.3531631,-0.87589407,-0.43634087,-0.96870214,-0.60520536,-0.9751572,-0.74253416,-0.6317506,-0.30040735,-0.91866046,-0.35061014,-0.9979665,-0.5207862,-0.9913866,-0.6657814,-0.6364943,-0.24546903,-0.8879615,-0.24575435,-0.98051065,-0.36304393,-1.0,-0.4911484,space
0.0,0.0,0.035257276,-0.27445093,-0.006992271,-0.4871182,-0.0010391742,-0.6618243,0.030907072,-0.82607496,-0.5792397,-0.46380454,-0.877306,-0.45481962,-0.94085836,-0.59110993,-0.9360157,-0.71401477,-0.62638694,-0.44400778,-0.950917,-0.49301904,-1.0,-0.68545485,-0.9514462,-0.8157723,-0.66187394,-0.41611955,-0.9462972,-0.4815065,-0.980016,-0.66275775,-0.94568574,-0.7878623,-0.6574237,-0.39158133,-0.90266204,-0.4238419,-0.967203,-0.5486812,-0.9656652,-0.6579455,space
0.0,0.0,0.07753061,-0.19397716,0.031176912,-0.41321898,0.011927454,-0.5949693,0.009265949,-0.7413021,-0.5233257,-0.3738971,-0.7809847,-0.46017298,-0.8948504,-0.6285219,-0.92523205,-0.7731394,-0.5842326,-0.3297274,-0.88439125,-0.404516,-0.9677268,-0.6034145,-0.94590044,-0.75402147,-0.61893415,-0.28631052,-0.9221982,-0.32271686,-1.0,-0.5048722,-0.98066854,-0.6512884,-0.6262157,-0.24008575,-0.88825047,-0.23713301,-0.97746015,-0.35783806,-0.98581725,-0.48101166,space
0.0,0.0,0.07968836,-0.23297109,0.022178875,-0.44912747,0.006648876,-0.6224595,0.014783266,-0.761727,-0.5060905,-0.4526701,-0.705855,-0.59035254,-0.8263648,-0.7314417,-0.88865715,-0.84019345,-0.58062756,-0.3997171,-0.84692085,-0.5047803,-0.9430096,-0.663219,-0.95726943,-0.78611916,-0.62521505,-0.34206158,-0.9125787,-0.3895693,-0.99301165,-0.5430812,-0.98722696,-0.67316234,-0.641169,-0.28326294,-0.8858166,-0.28538236,-0.9791577,-0.39642724,-1.0,-0.51846033,space
0.0,0.0,0.0696922,-0.21387511,0.014585764,-0.42243525,-0.0030479871,-0.58921313,0.011251781,-0.7274477,-0.5256811,-0.4330549,-0.75998396,-0.53288275,-0.86860514,-0.66897535,-0.9137527,-0.7839669,-0.5885228,-0.37963212,-0.8654881,-0.45622012,-0.9551351,-0.61306506,-0.957975,-0.73682904,-0.6271502,-0.3197545,-0.9130167,-0.36434612,-0.99612826,-0.51266766,-0.9935926,-0.63738525,-0.63678813,-0.25653204,-0.8865801,-0.25821272,-0.9799023,-0.3656983,-1.0,-0.48389518,space
0.0,0.0,0.07382881,-0.21816546,0.015322425,-0.43064064,-0.0044348147,-0.6042797,0.002502004,-0.7372763,-0.51066047,-0.44155857,-0.74798644,-0.55186725,-0.86212176,-0.6953858,-0.9056091,-0.8126023,-0.5782162,-0.3899597,-0.86848044,-0.47631904,-0.96535516,-0.63877994,-0.96046346,-0.76341975,-0.61470497,-0.32930505,-0.9126635,-0.3760901,-1.0,-0.52905023,-0.98626125,-0.65465474,-0.62381,-0.26042387,-0.8826941,-0.26543042,-0.97222483,-0.37976167,-0.9773908,-0.5025819,space
0.0,0.0,0.06348356,-0.22637062,-0.0012749373,-0.4434597,-0.023503425,-0.6160431,-0.0082197795,-0.75754654,-0.5402178,-0.4401387,-0.78373694,-0.522334,-0.8946268,-0.6611729,-0.9325826,-0.78175116,-0.5946456,-0.3883645,-0.882303,-0.461552,-0.9636435,-0.6254353,-0.9524711,-0.75322556,-0.6272762,-0.33046657,-0.923723,-0.37065357,-1.0,-0.53095484,-0.9848906,-0.6645398,-0.63444877,-0.26864177,-0.89375085,-0.28166792,-0.98140454,-0.40222296,-0.98802847,-0.53062224,space
0.0,0.0,0.07049032,-0.21971352,0.01027542,-0.42876348,-0.012230368,-0.5930701,-0.0059196446,-0.729682,-0.526319,-0.44204646,-0.76327413,-0.5505337,-0.8784331,-0.685581,-0.92835385,-0.79805607,-0.5898663,-0.391563,-0.87614506,-0.48672828,-0.96454626,-0.64814746,-0.95879346,-0.7701478,-0.6269567,-0.33041692,-0.9191224,-0.39006045,-1.0,-0.5483501,-0.989332,-0.6791344,-0.6379293,-0.25963137,-0.89600575,-0.26700208,-0.98496187,-0.38469356,-0.99248505,-0.51285726,space
0.0,0.0,0.05991338,-0.226251,0.004602056,-0.4348807,-0.016070398,-0.60138637,0.005210401,-0.7511634,-0.5320068,-0.4309364,-0.7690726,-0.5251163,-0.88728696,-0.6650487,-0.93698263,-0.78829896,-0.5887335,-0.38224432,-0.8744678,-0.46109772,-0.9635578,-0.62932724,-0.9553501,-0.7618054,-0.62394935,-0.3284138,-0.9181489,-0.37471515,-1.0,-0.54021776,-0.9889785,-0.6822257,-0.631969,-0.27291292,-0.89265716,-0.27504703,-0.98306346,-0.39297888,-0.9914242,-0.5219925,space
0.0,0.0,0.072417505,-0.21763279,0.008990878,-0.41903734,-0.016658258,-0.58608747,-0.004894271,-0.7332173,-0.54072374,-0.41549227,-0.7769359,-0.51304555,-0.8790323,-0.65782076,-0.9104617,-0.7758841,-0.59791034,-0.36721525,-0.88772225,-0.4492062,-0.9664784,-0.63250154,-0.94263256,-0.7652055,-0.6291311,-0.31181005,-0.9292799,-0.35896382,-1.0,-0.5381462,-0.9734233,-0.6809831,-0.63068587,-0.25225908,-0.8976945,-0.2573388,-0.98435605,-0.38884598,-0.98455465,-0.5268705,space
0.0,0.0,0.07179168,-0.23278314,0.017767327,-0.4408363,-0.002789892,-0.6087257,0.009629778,-0.7629178,-0.5390066,-0.42272124,-0.7777391,-0.52656764,-0.8890657,-0.67863315,-0.9280575,-0.80788296,-0.5952409,-0.37497208,-0.8886904,-0.46246868,-0.9673109,-0.6490285,-0.9413531,-0.78965485,-0.62884474,-0.32587686,-0.9319354,-0.38070166,-1.0,-0.56513214,-0.971426,-0.7174161,-0.633615,-0.27755076,-0.8979112,-0.2835797,-0.9804949,-0.41402718,-0.9767549,-0.5486005,space
0.0,0.0,0.07224895,-0.22846466,0.0077199973,-0.43493444,-0.016222803,-0.60363185,0.011109729,-0.75364256,-0.5464817,-0.4147069,-0.79635173,-0.50861,-0.902427,-0.6579653,-0.9333583,-0.78981286,-0.59410614,-0.36710283,-0.8929169,-0.44242457,-0.9728251,-0.6280149,-0.9485088,-0.76918274,-0.61965334,-0.31648418,-0.9260879,-0.365465,-1.0,-0.5467957,-0.97852755,-0.6960595,-0.61791,-0.2650246,-0.88650495,-0.26482588,-0.9760633,-0.39126486,-0.9829282,-0.5272453,space
0.0,0.0,0.032642324,-0.2768331,-0.038814105,-0.48312253,-0.036890112,-0.63063556,-0.00084241084,-0.7751928,-0.5811826,-0.43513125,-0.822044,-0.5023108,-0.90166044,-0.62600535,-0.9213084,-0.7406627,-0.6219198,-0.39881083,-0.91885364,-0.45941496,-0.9950374,-0.63436276,-0.970954,-0.76117635,-0.65118814,-0.3647703,-0.93736345,-0.42509902,-0.9857735,-0.599269,-0.9575526,-0.7251887,-0.65550876,-0.34606543,-0.908325,-0.35795787,-0.9889462,-0.47579375,-1.0,-0.59225386,space
0.0,0.0,0.07864399,-0.19567934,0.02032493,-0.40560937,-0.0042037065,-0.59439534,0.0028758429,-0.7542863,-0.5430103,-0.35656255,-0.81286484,-0.4557269,-0.9256753,-0.6263821,-0.95507604,-0.77805656,-0.593602,-0.3204892,-0.8982435,-0.4243726,-0.9767377,-0.63057953,-0.949006,-0.78869265,-0.6194765,-0.27752957,-0.922358,-0.3435989,-0.99954355,-0.53517616,-0.9856723,-0.69056165,-0.6169448,-0.2295523,-0.8865725,-0.23377056,-0.9848102,-0.36239478,-1.0,-0.49655193,space
0.0,0.0,0.07505485,-0.22919407,0.009145754,-0.43211886,-0.024136035,-0.60677856,-0.011613497,-0.76898885,-0.5643946,-0.39481574,-0.8099311,-0.486152,-0.9135986,-0.6444094,-0.9458759,-0.7851646,-0.6092983,-0.3511845,-0.89614207,-0.44284102,-0.9769255,-0.6378021,-0.96122473,-0.79007095,-0.63322246,-0.30568224,-0.92531264,-0.36794183,-1.0,-0.5626173,-0.9850002,-0.72296846,-0.62896997,-0.25655308,-0.89183706,-0.26406586,-0.98283285,-0.39847377,-0.9909318,-0.541026,space
0.0,0.0,0.07267953,-0.22519192,0.009305977,-0.43441373,-0.01826569,-0.6164524,-0.012831281,-0.7841659,-0.5574008,-0.3943493,-0.7805274,-0.50879854,-0.8830007,-0.6729923,-0.913678,-0.80766207,-0.60805166,-0.3528044,-0.88988745,-0.45459288,-0.9690511,-0.6523494,-0.94599503,-0.8017874,-0.63594687,-0.3108852,-0.9289163,-0.37106398,-1.0,-0.5668208,-0.9781395,-0.7272991,-0.6352548,-0.27084166,-0.8988386,-0.266265,-0.98572725,-0.40162435,-0.9873517,-0.54611576,space
0.0,0.0,0.05835547,-0.21854164,-0.0074360147,-0.4280077,-0.036422137,-0.606113,-0.028471736,-0.7619045,-0.55395854,-0.3762338,-0.77304554,-0.48288122,-0.8692288,-0.6476996,-0.8925266,-0.78083277,-0.6052605,-0.33011276,-0.8803892,-0.42430496,-0.96173704,-0.6147755,-0.94658786,-0.75521535,-0.6360847,-0.2866957,-0.9230223,-0.3456277,-1.0,-0.5330042,-0.985315,-0.68449754,-0.6411024,-0.2475811,-0.8898536,-0.25729144,-0.9743112,-0.38935307,-0.97781813,-0.5253591,space
0.0,0.0,0.064265065,-0.21545705,0.0025570623,-0.4360727,-0.030456621,-0.62414604,-0.025539426,-0.7898996,-0.5635008,-0.3821711,-0.7930089,-0.5030665,-0.8836653,-0.6637035,-0.9025924,-0.79733604,-0.61496454,-0.34161475,-0.8862374,-0.4540211,-0.9684614,-0.63992435,-0.9517111,-0.77984786,-0.64297104,-0.29961377,-0.9224205,-0.3724518,-1.0,-0.5516349,-0.9860915,-0.6988681,-0.64319766,-0.25373822,-0.8875665,-0.26174185,-0.9746206,-0.38321602,-0.98206234,-0.51093817,space
0.0,0.0,0.054814,-0.21376039,-0.015675722,-0.42524713,-0.04747947,-0.6077682,-0.044928852,-0.76727855,-0.56842947,-0.3731519,-0.8196455,-0.46746817,-0.9090251,-0.6239438,-0.9195079,-0.7612523,-0.61260325,-0.3308168,-0.9014664,-0.41164383,-0.9826152,-0.5947184,-0.95604163,-0.7334007,-0.63449216,-0.28911844,-0.92463624,-0.33251458,-1.0,-0.5029458,-0.97418064,-0.64020014,-0.62911874,-0.2462304,-0.879277,-0.24774906,-0.96736985,-0.36648068,-0.9691191,-0.4901916,space
0.0,0.0,0.060555533,-0.22416604,-0.011160281,-0.43472153,-0.04809504,-0.60950625,-0.051037792,-0.77028733,-0.5676341,-0.3747661,-0.8022572,-0.47743443,-0.8943561,-0.63622665,-0.9120904,-0.7752224,-0.61599493,-0.32938236,-0.89423317,-0.4199874,-0.9764858,-0.61099887,-0.95600635,-0.7599856,-0.6411814,-0.28646165,-0.9241996,-0.3362085,-1.0,-0.5172201,-0.9815828,-0.66795325,-0.636342,-0.2451164,-0.8834216,-0.24813199,-0.9657886,-0.37938,-0.9636143,-0.5157716,space
0.0,0.0,0.053251006,-0.2141699,-0.014502663,-0.4208335,-0.044065468,-0.5961624,-0.044887055,-0.7550553,-0.57099223,-0.36871618,-0.81212807,-0.47412628,-0.90273416,-0.63003963,-0.92036164,-0.7690348,-0.6189788,-0.3252486,-0.90067047,-0.42598003,-0.9765155,-0.62105083,-0.9521495,-0.7739808,-0.64150333,-0.2793204,-0.9280282,-0.34072793,-1.0,-0.5266893,-0.98224217,-0.68320686,-0.63152575,-0.23076114,-0.8879854,-0.22127461,-0.9737697,-0.34800377,-0.9756965,-0.48554856,space
0.0,0.0,0.059314117,-0.24063426,-0.00710982,-0.44850355,-0.038162287,-0.6293832,-0.03145854,-0.79797137,-0.5675775,-0.390974,-0.8118247,-0.492181,-0.912225,-0.6552321,-0.94000953,-0.8034938,-0.6123717,-0.35062367,-0.89991665,-0.45194414,-0.9836606,-0.6541564,-0.9657944,-0.81395566,-0.6340284,-0.3046155,-0.9224201,-0.36762452,-1.0,-0.55204594,-0.9883962,-0.7063062,-0.6251627,-0.25442308,-0.88964856,-0.24484374,-0.9823954,-0.37198868,-0.9923607,-0.51055783,space
0.0,0.0,0.04839492,-0.22333404,-0.015065117,-0.43407607,-0.038738407,-0.6135181,-0.02558543,-0.7816206,-0.57811016,-0.38700238,-0.8170487,-0.49373084,-0.9110441,-0.6505794,-0.93275386,-0.79265046,-0.6241569,-0.3421859,-0.8987343,-0.4532141,-0.98162353,-0.64586586,-0.96452695,-0.79655266,-0.6437702,-0.29052785,-0.9186762,-0.36286178,-1.0,-0.541182,-0.9932059,-0.69116515,-0.6273167,-0.2309922,-0.8774056,-0.2192201,-0.9713438,-0.33657283,-0.9854395,-0.46790293,space
0.0,0.0,0.013176871,-0.33643964,-0.06895359,-0.6088049,-0.0499211,-0.7981008,-0.03494032,-0.96397024,-0.53196335,-0.55005366,-0.83488816,-0.5756399,-0.92656916,-0.7327757,-0.95382655,-0.8745497,-0.5804048,-0.52844185,-0.9059364,-0.56803983,-1.0,-0.7742201,-0.9895332,-0.9235918,-0.62306684,-0.50504845,-0.91882694,-0.57817805,-0.9935972,-0.7769919,-0.98981494,-0.9177168,-0.6374233,-0.50145227,-0.89474154,-0.5710387,-0.9707989,-0.709827,-0.97730815,-0.8218693,space
0.0,0.0,0.035405654,-0.20411347,-0.02293508,-0.377911,-0.034548327,-0.5414874,-0.042332385,-0.68844527,-0.5778962,-0.32091787,-0.8659659,-0.39593163,-0.9431389,-0.5485298,-0.9602486,-0.68277776,-0.62439543,-0.27388594,-0.93269384,-0.34192866,-0.99234754,-0.5369194,-0.95929533,-0.6808919,-0.6417286,-0.22189923,-0.9312107,-0.26456293,-1.0,-0.43290877,-0.98878497,-0.5681224,-0.6130256,-0.15850233,-0.8578803,-0.16427886,-0.93906575,-0.270184,-0.9565383,-0.3843925,space
0.0,0.0,0.054732513,-0.22679232,-0.02759899,-0.4469324,-0.06345285,-0.6203358,-0.07034731,-0.7736312,-0.58367825,-0.37963188,-0.81452036,-0.48555264,-0.91187984,-0.64646965,-0.9355175,-0.7829277,-0.6299765,-0.3369344,-0.90355104,-0.44408882,-0.97292143,-0.6421045,-0.9501602,-0.7941494,-0.65514237,-0.28840798,-0.9353239,-0.35579953,-1.0,-0.53770465,-0.98169553,-0.6851805,-0.6537896,-0.2301326,-0.90740186,-0.21458319,-0.99189806,-0.3437185,-0.9907274,-0.48517913,space
0.0,0.0,0.04417986,-0.23300982,-0.036244575,-0.44128054,-0.07613381,-0.61362475,-0.07182011,-0.77413404,-0.58813703,-0.38188317,-0.83387136,-0.46477675,-0.93134016,-0.6180753,-0.95779985,-0.7607895,-0.62617826,-0.33382696,-0.8993473,-0.42017797,-0.97813594,-0.606771,-0.9667728,-0.76249015,-0.64691734,-0.2824633,-0.92283833,-0.3408318,-1.0,-0.5127054,-0.99780667,-0.6628003,-0.6402615,-0.22438197,-0.8887777,-0.21940634,-0.97765607,-0.33915243,-0.99419314,-0.4726013,space
0.0,0.0,0.0321039,-0.22846909,-0.04867771,-0.43901452,-0.08132475,-0.61389285,-0.08442137,-0.76753896,-0.59315175,-0.3690966,-0.8419231,-0.4531958,-0.9379088,-0.6118509,-0.95856076,-0.75815946,-0.62682474,-0.3267358,-0.9064009,-0.41134262,-0.9855238,-0.60463125,-0.96071625,-0.7597884,-0.64171255,-0.27887553,-0.9222913,-0.32911316,-1.0,-0.50416344,-0.9871114,-0.65440345,-0.62614906,-0.22195412,-0.8777435,-0.20159711,-0.9753243,-0.315012,-0.9921526,-0.4421752,space
0.0,0.0,0.032304823,-0.24127539,-0.052314892,-0.450952,-0.08730635,-0.62139237,-0.07630826,-0.77323747,-0.57351613,-0.38541877,-0.8269921,-0.45676246,-0.9251946,-0.6086645,-0.94655013,-0.75132674,-0.607312,-0.34223697,-0.9015013,-0.417518,-0.9792724,-0.60453826,-0.9515558,-0.7558009,-0.62152016,-0.294899,-0.92222106,-0.3316986,-1.0,-0.509951,-0.9785127,-0.6640123,-0.60726607,-0.24231964,-0.8709804,-0.22805323,-0.9633718,-0.34977546,-0.9676118,-0.4861417,space
0.0,0.0,0.0250533,-0.2374205,-0.052295346,-0.4449167,-0.087587826,-0.6120419,-0.08241767,-0.7652175,-0.5861267,-0.37272984,-0.843521,-0.43807834,-0.93681836,-0.5856177,-0.95279455,-0.7259294,-0.61983854,-0.32286108,-0.9136119,-0.3903942,-0.9808495,-0.573903,-0.94221544,-0.722242,-0.63258386,-0.270335,-0.92742807,-0.30498084,-1.0,-0.4775003,-0.98023534,-0.63012785,-0.6120001,-0.21410139,-0.8627514,-0.19501786,-0.9552254,-0.30455688,-0.9689567,-0.43203905,space
0.0,0.0,0.037710905,-0.25292677,-0.047108322,-0.47279096,-0.084023744,-0.64907223,-0.07825997,-0.81498957,-0.57989085,-0.40528527,-0.8291873,-0.4854084,-0.9309675,-0.63133854,-0.95948374,-0.7696352,-0.62029487,-0.36346173,-0.90445846,-0.44711748,-0.98116875,-0.633371,-0.9536061,-0.78525656,-0.6404735,-0.31190047,-0.92632395,-0.36110818,-1.0,-0.532547,-0.9829551,-0.68170094,-0.6318825,-0.250776,-0.8858564,-0.23584382,-0.973325,-0.35331517,-0.97897863,-0.48667896,space
0.0,0.0,0.021126417,-0.2287553,-0.06754426,-0.4413074,-0.09994814,-0.6212339,-0.0963488,-0.78461504,-0.58021504,-0.3870293,-0.83407456,-0.46011454,-0.93019587,-0.609274,-0.95478666,-0.7513776,-0.615852,-0.3411177,-0.90048283,-0.40809545,-0.979989,-0.5871619,-0.9628487,-0.7355979,-0.6342027,-0.28644612,-0.92155224,-0.32191175,-1.0,-0.48364085,-0.9900217,-0.6266893,-0.6225364,-0.22281505,-0.87520784,-0.20206977,-0.9693231,-0.30689773,-0.98597056,-0.4281199,space
0.0,0.0,0.026774263,-0.2401324,-0.06118856,-0.4634376,-0.09549938,-0.65064156,-0.08642577,-0.8252659,-0.5869803,-0.40453085,-0.8424328,-0.4858484,-0.94094604,-0.62929153,-0.9741681,-0.76914734,-0.62251645,-0.3575796,-0.90324146,-0.44832096,-0.9838436,-0.6263582,-0.9775391,-0.7785961,-0.64060646,-0.3009434,-0.920914,-0.36641628,-0.99795216,-0.5392661,-0.99777794,-0.69219947,-0.63013786,-0.23726869,-0.88395464,-0.23329823,-0.9765943,-0.35040978,-1.0,-0.48595202,space
0.0,0.0,0.020479241,-0.23361994,-0.06179955,-0.45231712,-0.09009513,-0.63601243,-0.075908884,-0.8019767,-0.5802525,-0.3903473,-0.8370379,-0.46326408,-0.93553567,-0.60851955,-0.9647474,-0.74895275,-0.6144143,-0.33701056,-0.8983906,-0.4000897,-0.9785468,-0.58087987,-0.96799636,-0.73467517,-0.6304787,-0.27884912,-0.91831315,-0.30880362,-1.0,-0.47742105,-0.9981662,-0.6287587,-0.6127168,-0.21686131,-0.8725344,-0.18968208,-0.9660968,-0.29946148,-0.98288864,-0.43083403,space
0.0,0.0,0.040610883,-0.20616142,-0.03310657,-0.42407405,-0.070458725,-0.6116411,-0.07123333,-0.7790035,-0.5587416,-0.3485429,-0.82106924,-0.40564367,-0.9289024,-0.54667777,-0.96848726,-0.6889984,-0.6037384,-0.3002808,-0.8901635,-0.36534166,-0.973329,-0.5369802,-0.9666328,-0.6842711,-0.6235773,-0.2412624,-0.9060847,-0.27211466,-0.99315155,-0.42406577,-1.0,-0.5615432,-0.61174816,-0.17268676,-0.8609966,-0.15777846,-0.95818776,-0.26407737,-0.98773926,-0.3870212,space
0.0,0.0,0.03750431,-0.24289505,-0.047547534,-0.4602615,-0.08124971,-0.6448635,-0.07275859,-0.8044138,-0.5609328,-0.38084456,-0.8056821,-0.45368707,-0.9183475,-0.5899607,-0.96256775,-0.7267474,-0.60300183,-0.33178282,-0.8979321,-0.3947864,-0.98446465,-0.5630861,-0.97424024,-0.70648843,-0.61664194,-0.27224573,-0.91600996,-0.29278237,-1.0,-0.45345983,-0.99647516,-0.6004461,-0.59694725,-0.20614749,-0.85044086,-0.17754985,-0.9497787,-0.28168863,-0.97807175,-0.40900913,space
0.0,0.0,0.032507766,-0.24579702,-0.041821904,-0.4694657,-0.068464965,-0.65937847,-0.062529445,-0.8252504,-0.571551,-0.4107647,-0.8203822,-0.4914357,-0.9277843,-0.62688035,-0.9699871,-0.7622777,-0.6116586,-0.35728145,-0.8997592,-0.42853865,-0.98541677,-0.59125686,-0.9821787,-0.7363759,-0.6269509,-0.29275435,-0.91799575,-0.32820565,-1.0,-0.47939318,-0.99814045,-0.62010914,-0.6087994,-0.22208437,-0.8625361,-0.20799015,-0.9564094,-0.31556293,-0.97721654,-0.44408667,space
0.0,0.0,0.03409415,-0.2508312,-0.043085195,-0.46753913,-0.07144734,-0.6529162,-0.06615327,-0.82252914,-0.5698459,-0.4084704,-0.82241297,-0.48529655,-0.92810905,-0.6256203,-0.9664037,-0.7621011,-0.61428356,-0.35881293,-0.9083766,-0.42590705,-0.9834765,-0.6056199,-0.96005493,-0.7524415,-0.6322888,-0.29705855,-0.9257922,-0.3256331,-1.0,-0.4987512,-0.98562926,-0.64946926,-0.6173842,-0.22902675,-0.8762665,-0.20515616,-0.96203583,-0.32179046,-0.970895,-0.45796663,space
0.0,0.0,0.033405002,-0.27099988,-0.04561879,-0.4923614,-0.07292999,-0.6796629,-0.058713805,-0.84672314,-0.5676701,-0.43454447,-0.8229343,-0.51790065,-0.93142754,-0.6573597,-0.97717613,-0.7968017,-0.6100077,-0.38652912,-0.90585095,-0.46733817,-0.9844175,-0.64302325,-0.96569693,-0.7876737,-0.6238542,-0.32219103,-0.92014277,-0.35830525,-1.0,-0.5210207,-0.9912176,-0.66312283,-0.60616124,-0.24998555,-0.86691856,-0.23338437,-0.96006,-0.34334594,-0.97663236,-0.47368026,space
0.0,0.0,0.032107897,-0.25921512,-0.04631183,-0.47470406,-0.06979006,-0.66253394,-0.0547208,-0.8342002,-0.56996655,-0.42842975,-0.8232576,-0.512376,-0.9247316,-0.65550333,-0.9642626,-0.7972627,-0.6093987,-0.3785241,-0.91115177,-0.45398802,-0.98476905,-0.6301149,-0.9654755,-0.7804644,-0.6244869,-0.31481838,-0.92615086,-0.35993755,-1.0,-0.53219086,-0.98878485,-0.68357956,-0.6059606,-0.24411203,-0.8723613,-0.23851413,-0.95778453,-0.35641715,-0.9687837,-0.49365595,space
0.0,0.0,0.039651033,-0.261828,-0.031243576,-0.48293826,-0.058644995,-0.67210054,-0.047600307,-0.84470016,-0.56215805,-0.4300701,-0.8217461,-0.5097726,-0.93189734,-0.65229297,-0.9736503,-0.7921512,-0.60600406,-0.3826633,-0.90714496,-0.46467674,-0.981363,-0.6486643,-0.9568764,-0.8019397,-0.6267904,-0.32292393,-0.92866737,-0.37197772,-1.0,-0.5505917,-0.98205346,-0.7068436,-0.6162245,-0.25592288,-0.88228023,-0.25014922,-0.9702552,-0.37048107,-0.981391,-0.5104565,space
0.0,0.0,0.047642894,-0.26301998,-0.02494272,-0.49100173,-0.04935375,-0.687323,-0.031606384,-0.86110216,-0.56283075,-0.45131588,-0.81877714,-0.5346914,-0.92378604,-0.68431437,-0.9609446,-0.829047,-0.60762614,-0.4058098,-0.907523,-0.48667973,-0.9846835,-0.67587125,-0.96324295,-0.82987875,-0.6263049,-0.3460084,-0.92655504,-0.39088553,-1.0,-0.5679115,-0.9851668,-0.71997035,-0.6103127,-0.27630246,-0.88061804,-0.26011735,-0.97003376,-0.37973708,-0.9805482,-0.51715565,space
0.0,0.0,0.049398247,-0.25184575,-0.023174528,-0.47141203,-0.046712715,-0.6632002,-0.03251605,-0.8370632,-0.56409395,-0.43502727,-0.82218814,-0.52203727,-0.9270179,-0.6722145,-0.9642058,-0.8123489,-0.60533845,-0.38733846,-0.9022565,-0.46953288,-0.9783172,-0.6598023,-0.96158046,-0.81391877,-0.62318206,-0.32805374,-0.9224721,-0.3688747,-1.0,-0.54561764,-0.99318725,-0.69722986,-0.6055468,-0.26213402,-0.8790128,-0.24938382,-0.9704518,-0.36910447,-0.9832055,-0.5047354,space
0.0,0.0,0.04574047,-0.25638446,-0.027921164,-0.48172712,-0.04784318,-0.67408496,-0.037200253,-0.84819555,-0.57224965,-0.44802812,-0.8339862,-0.5273856,-0.93319255,-0.6754671,-0.965007,-0.8207554,-0.6109203,-0.39756238,-0.9050732,-0.46976927,-0.9836166,-0.6559199,-0.97163355,-0.81192243,-0.62709236,-0.3373448,-0.92193633,-0.37955233,-1.0,-0.55432254,-0.99618465,-0.7065159,-0.6103585,-0.27260947,-0.881008,-0.26831812,-0.9706191,-0.3935568,-0.9831446,-0.5339574,space
