A,0.0,0.0,0.270596508335596,-0.20431016526517773,0.4296698658381871,-0.526196065187535,0.449253168513006,-0.7944564889821987,0.4003302662811547,-1.0,0.19062267992579077,-0.7713412276179388,0.2856288823317086,-0.9234031202936572,0.30767872470343083,-0.6850446721144305,0.308503399641191,-0.47368429220204183,0.0,-0.7361698629155793,0.1186479736848373,-0.8580547871121852,0.15909980051184355,-0.5770458846201955,0.17786459324653095,-0.36025621952209774,-0.1736558893593005,-0.6767202111113126,-0.023975716897468375,-0.7096433447873461,0.014076075540397864,-0.44726802983219965,0.018533662422841022,-0.2726161242057354,-0.34181935977066186,-0.5959412026336842,-0.18288912531759546,-0.6355158370930774,-0.1425932088243393,-0.43334060475424296,-0.14107031115367363,-0.3029962614853885
A,0.0,0.0,0.27965201380288474,-0.19270323208283327,0.44924686470680647,-0.5155796411222006,0.4787643648379768,-0.7974790558605245,0.4381853466912012,-1.0,0.19029478034563035,-0.7962354876621677,0.32659808883006897,-0.9284999191897952,0.3420024438936192,-0.6785332510352903,0.3317614127131286,-0.4816044331100894,2.136554972379207e-18,-0.7792872153821954,0.17593936350032094,-0.8276820103445636,0.19724101160774307,-0.5455510113604874,0.19260893513619137,-0.35128733609382257,-0.17058348245825586,-0.7259326869818775,0.025540757939512444,-0.696734663152827,0.05136021814220862,-0.435625085313241,0.042431906320226156,-0.264438700446307,-0.33639847986236976,-0.6432187841552659,-0.14265727428469213,-0.6184520892336025,-0.10950168667412295,-0.4060397404122841,-0.11926622223719702,-0.2733634633283509
A,0.0,0.0,0.2802034086666528,-0.15410364534311236,0.41190096447119207,-0.47160582507354076,0.40839766801571836,-0.7633351006950414,0.44394036116120494,-1.0,0.24776975152402936,-0.7161403608409899,0.2842677621910376,-0.8652376462604605,0.2834875350621781,-0.6377340558185538,0.29797403863788513,-0.4340837512418186,0.0,-0.6496167140482298,0.04592254114182575,-0.7337070500412561,0.074901733725016,-0.4028285443192959,0.12381768647090868,-0.15665286296477657,-0.2187521210540311,-0.5591116841328259,-0.17594831541387812,-0.554771809263461,-0.12047499692158646,-0.24317291270395724,-0.06287959280285957,-0.03194790866716929,-0.42463298631081653,-0.45036675057357767,-0.39428768441923495,-0.44866525390138823,-0.3233838045579166,-0.20717273551009072,-0.26112064399775525,-0.06603194279977871
A,0.0,0.0,0.1847443790242831,-0.2599112771523319,0.2909272464619014,-0.5459789915898783,0.3002429929542598,-0.7983809759962979,0.2927521008502351,-1.0,0.17012171967632927,-0.7505565824780291,0.12835236350123255,-0.9129579498932485,0.11704986947126676,-0.7436495724642717,0.13934419570505885,-0.5740061943534581,0.0,-0.699875217175429,-0.032987661645499634,-0.8602925190613302,-0.017291418012936894,-0.6436469510666644,0.0315640029432373,-0.4493470053953821,-0.15629021901601453,-0.6330311683374125,-0.18360003030640423,-0.7427880023798064,-0.13365521403379504,-0.5340544097725357,-0.06242519702839694,-0.36193700503384485,-0.2943553217747028,-0.5436050900933862,-0.30945758813365665,-0.6586302967706484,-0.2539587735675643,-0.5131296643336992,-0.19406143255231517,-0.3853023085202307
A,0.0,0.0,0.2587022317695262,-0.12235445485378639,0.44555052928972894,-0.4685301205519001,0.4519494220036456,-0.7623031683525666,0.42900440662806877,-1.0,0.20070200770964214,-0.7262988739964668,0.27806700535104795,-0.8801189212642077,0.2988500632481999,-0.645335463614231,0.27735823235489354,-0.43640980616930825,0.0,-0.7027951688888936,0.10317087326517146,-0.839642251876039,0.13998743860771198,-0.5418682351458031,0.14174978121650586,-0.31746369608173575,-0.19589694433299296,-0.6379374729283415,-0.06674231227434,-0.7309335385877819,-0.027080606103758835,-0.4167058808491242,-0.030072204119007146,-0.20856041054718372,-0.40145769643245016,-0.5426261364649585,-0.2551740811166749,-0.60632899926517,-0.1937892008819218,-0.37099939827492184,-0.17630330081733148,-0.21594681907092056
A,0.0,0.0,0.263382593137307,-0.17237711317940232,0.43229364089959926,-0.5112204769827243,0.42625778690998867,-0.7803666260215758,0.3810552748001928,-1.0,0.18310154770517886,-0.7483832687163177,0.2669654807766939,-0.9132591370068021,0.28375255134255173,-0.6819433570092195,0.27965236286712397,-0.47389091199010663,0.0,-0.7145651764425339,0.10391539375423009,-0.8552881560977986,0.1250748805365755,-0.5694216624003264,0.13556514123181906,-0.33981806984314716,-0.18458321233140348,-0.6439962655479751,-0.06140837535270907,-0.7291697065244852,-0.022431816109766023,-0.44099813696449763,-0.005571684239520055,-0.23593845925799,-0.37543993324106834,-0.5447849857565111,-0.22882815805677353,-0.6207012437508242,-0.16646991772770642,-0.4031290022957144,-0.14304527826700375,-0.24817470218375906
A,0.0,0.0,0.2631192124738691,-0.18860067215707274,0.4222163439733616,-0.5133100298237269,0.42371853673429216,-0.7807354128524967,0.38375658524580597,-1.0,0.1811112870884787,-0.7511914427750472,0.2644951560410905,-0.9248454518800114,0.2919314301474257,-0.7033102662841784,0.29244758085041345,-0.4978545471181499,0.0,-0.7192486251599932,0.10459833933958092,-0.8673760325181216,0.13508317146717477,-0.588925599275215,0.14867601650922305,-0.3617035178700283,-0.18245387996820786,-0.6545969380232725,-0.057378813154563175,-0.737239739655655,-0.015546189951500432,-0.4574072939106056,-0.0011972040458825743,-0.2573322659275319,-0.37164524701001816,-0.5604447754490076,-0.22183271157543,-0.6237207207653707,-0.1578143274027782,-0.41877190053683105,-0.1385027818498756,-0.27204463130258033
A,0.0,0.0,0.2651237027758681,-0.19764391671592463,0.41999563092412195,-0.5198437463680566,0.4288232771941506,-0.7836762027549635,0.3970009083284938,-1.0,0.17820795431538752,-0.7519609531080121,0.2605064645437151,-0.9358827970122547,0.2868886458581532,-0.7138455408109314,0.2876004684924216,-0.5040671320663346,1.880291585531246e-18,-0.7181948840132281,0.10643694848612226,-0.8810295565439513,0.1353937514854124,-0.5965320001306007,0.14520630171774218,-0.3618475092711886,-0.17800127539066093,-0.6514052508517497,-0.05697184540788916,-0.7471591803199156,-0.01667647146649653,-0.46035498426135324,-0.004829339616112465,-0.25585629214550754,-0.3633456562252406,-0.5550886278486443,-0.2183212395065374,-0.6320030651875821,-0.1535308741429736,-0.421673684483564,-0.13388886242987463,-0.26983373770991637
A,0.0,0.0,0.2618402865125802,-0.2002605738451208,0.41234293916644654,-0.5174779410959817,0.42616070935177613,-0.78146985061624,0.381263875875607,-1.0,0.17356205983045342,-0.7337536686145121,0.24753411629161576,-0.9294687509643412,0.28053060010217956,-0.7157913793886574,0.2872560247456213,-0.5154618590894793,0.0,-0.6985146990897786,0.09408443634586275,-0.8749546863349793,0.12849587827929668,-0.5979629617840543,0.14535667883331793,-0.3742858942642181,-0.17466271409377768,-0.6317961581345873,-0.06417475668610088,-0.7402654737500713,-0.017963310344357632,-0.45290733790346016,0.0009343923837306908,-0.25615977666684026,-0.3545570144903171,-0.5368962801763724,-0.22054773486535129,-0.6277829600069809,-0.15753064795958138,-0.41778535330709954,-0.13828360515627122,-0.27020668401550835
A,0.0,0.0,0.2506807004514845,-0.19652772203902763,0.38850659199470794,-0.521815180661477,0.38567250525630214,-0.7831716796314878,0.3572173957705802,-1.0,0.1701819152646193,-0.7343223692475094,0.2255454049067281,-0.9207814726874883,0.24871846489625193,-0.7133295883112044,0.2583936905629816,-0.5156392102423037,0.0,-0.6937105578558507,0.074307481341594,-0.8694263395468614,0.10312482122951085,-0.599433711979864,0.12661943282473617,-0.3747704262303278,-0.1726205364649836,-0.6262118804614747,-0.08419019856271485,-0.7439232665942784,-0.03867145166699672,-0.4625509850188862,-0.010578615435707242,-0.2642161656476945,-0.35115376190129033,-0.5309181687365138,-0.2396951550561743,-0.6290466665633392,-0.17505119203235764,-0.42338341358737863,-0.1462570451108386,-0.2753526037776445
A,0.0,0.0,0.2586337160503591,-0.20206339492082417,0.39594096425526304,-0.5251256843221027,0.3944495739942995,-0.7845654735424321,0.3652704197858701,-1.0,0.17333013527376534,-0.7326205234085694,0.2391390337839574,-0.9191503740988562,0.25713533958455276,-0.7074732394252313,0.25733271359481447,-0.5082009761356194,-3.645860900846852e-18,-0.6935074498716953,0.07415147661693554,-0.8694932754266971,0.10313512735646536,-0.5978294713475756,0.12174996747873125,-0.37435734755720224,-0.17229548129527156,-0.626037656165215,-0.08339248719386098,-0.7457198815254729,-0.03775848689646207,-0.4634649180339298,-0.01593320906554216,-0.2660042989120064,-0.35033301134099964,-0.5318884501110367,-0.23482989099884266,-0.6327776376720787,-0.17224792443797898,-0.4248645637438793,-0.14957542624899,-0.27737666326994853
A,0.0,0.0,0.251085226190103,-0.20502236149993538,0.3866437030715538,-0.5245280729853941,0.38234257335190985,-0.7834136146358499,0.34868484896601004,-1.0,0.1693387062585055,-0.7254370495476119,0.21241780361192694,-0.9183106813168764,0.23517609480389862,-0.7131897936066015,0.24810983639324447,-0.519485882253529,7.232640685511009e-18,-0.6817272811068644,0.05771327823136549,-0.8687618130333546,0.09071230504525934,-0.6043777505957519,0.11830515479420103,-0.386388055172669,-0.17114871492843506,-0.6120574859914822,-0.09916369594096715,-0.7490301807534145,-0.05040682056406057,-0.4705553435018947,-0.019975895607372396,-0.27800969958805516,-0.3481821149821988,-0.5141648128388809,-0.25274329630372916,-0.6322964873806798,-0.1904790779048891,-0.4261382452043192,-0.1630039815028113,-0.27921941056128097
A,0.0,0.0,0.24721538268171867,-0.2060945882777281,0.3911263638801791,-0.5279887727251585,0.3977996114407723,-0.7859441562582098,0.35490746109594434,-1.0,0.1732407382667479,-0.730196537342578,0.21953516899640044,-0.9226679567387964,0.23927924081768742,-0.7082332866950662,0.24529862704057645,-0.5115842456300789,0.0,-0.6848407097539468,0.0606129405459479,-0.8627988618870656,0.09228413923811626,-0.598810450988669,0.11552142016241529,-0.384048130907419,-0.17238255694520319,-0.6143781165131539,-0.09775252405087727,-0.7469249389131303,-0.05138931695683146,-0.4700472427684629,-0.025595936372007577,-0.2781860954091745,-0.349553984414565,-0.5195162257639327,-0.2530406057997961,-0.635397571790856,-0.19264879950928718,-0.4281433558149022,-0.16789826526972437,-0.2804440955127144
A,0.0,0.0,0.2560239550317546,-0.22449662554634267,0.39087775104146844,-0.5354151249210115,0.37890684459592844,-0.798033908411707,0.3089194892389902,-1.0,0.17272229465047365,-0.7068118286003326,0.19546422247196854,-0.8923490826002729,0.2102297188464536,-0.6928768793253048,0.22808065163155192,-0.4946018743647308,-1.2797249337052196e-17,-0.656415867808431,0.03506349944025034,-0.8165681273110723,0.06954660288271558,-0.5559403980894211,0.10569114884103399,-0.3341930050751741,-0.16525486297203487,-0.5806984165307713,-0.11491346356229219,-0.6723554917063516,-0.0566491585538288,-0.4127539466324356,-0.017650634412703557,-0.22111976396809563,-0.3408566903721895,-0.48459801274135694,-0.27951635004556336,-0.5748673915628929,-0.20790091670014227,-0.3773889846312907,-0.16495954965321538,-0.23325975470232244
A,0.0,0.0,0.24725161318518338,-0.23037978136909795,0.3907266851438418,-0.5282105250052208,0.40273099360567804,-0.7867304272826796,0.3719819006650887,-1.0,0.1782243869789987,-0.7432663982777135,0.24107401451706706,-0.9151163913790846,0.2535545471640628,-0.7089723099643921,0.2518811414165844,-0.5225951940324166,0.0,-0.7018909476648932,0.07717411400146093,-0.8702869229470234,0.10542211251632837,-0.605122710875516,0.1260048450482541,-0.3950509044423503,-0.17179825929854067,-0.6374758365416334,-0.0756957764930462,-0.7481128011484806,-0.0272012028196701,-0.4804749060217258,0.0023100769800655408,-0.2929675778666329,-0.3475987745130326,-0.5438711267099943,-0.2365368502666296,-0.6354164437459214,-0.1722242775416472,-0.442250712048477,-0.14419944354065645,-0.3030303508499518
A,0.0,0.0,0.24013693731836347,-0.21508492270204077,0.37559926936109195,-0.5268984095201107,0.3796141564099248,-0.7874712404015618,0.3333927122876309,-1.0,0.17232718690858634,-0.7357750538119783,0.1907170284852302,-0.9274718639623805,0.20881872189236564,-0.7256830130298977,0.22242851839151725,-0.5337165649017374,1.4321805053529842e-17,-0.68916127621252,0.02507735089229606,-0.8809815339777928,0.06309441693924785,-0.6224149751549485,0.10135637100349533,-0.40614178633794557,-0.1693187797219974,-0.6159111032329069,-0.12497043780254465,-0.7586772295708901,-0.06754372427159035,-0.4865808004749013,-0.026272814906490555,-0.2930079573930423,-0.3391555358760285,-0.5154313862634659,-0.27281573568926754,-0.6314727340094971,-0.2033561395801763,-0.42594978444519127,-0.16178099437451135,-0.27612412703299105
A,0.0,0.0,0.24553562442841334,-0.20685592875084774,0.3854063794865511,-0.5188202964345042,0.38355405699270995,-0.7827093276501826,0.34048042553888946,-1.0,0.17079264085921608,-0.7230582830328645,0.19034888304527325,-0.9228259446179934,0.21231934004620237,-0.7148680452412066,0.22743339667525925,-0.5159501206119428,0.0,-0.6751003398584574,0.026513587734481484,-0.8673767928918872,0.059208838254974916,-0.6088258977884757,0.0917178367487652,-0.3943476301339194,-0.16970737044283526,-0.6028983510510662,-0.12465352838537448,-0.7439519854479778,-0.07518007214452416,-0.4715235213030729,-0.0372910880207791,-0.2802209006879544,-0.34247990029829495,-0.5033405173999093,-0.27466995587319326,-0.620583721383406,-0.20998287710565947,-0.42128187560553065,-0.17162755161909218,-0.27581601979448594
A,0.0,0.0,0.24175110490559504,-0.20619845993741875,0.386913870946088,-0.5165921772594331,0.3913298432089708,-0.7810866209439064,0.3409353016008983,-1.0,0.17459205395804503,-0.7318628296745834,0.18696745941170154,-0.9224342529339421,0.2077107932415604,-0.7133587648087246,0.2247014521289591,-0.5145937595935212,0.0,-0.6802758881928241,0.025039868831388326,-0.8644908696234532,0.05562734792214413,-0.6048326322599503,0.08972564475391857,-0.3882682680167823,-0.17085066447238928,-0.6044560441450915,-0.1326301244276133,-0.7412557587818065,-0.08084233400254959,-0.47371807160447915,-0.036802781552546855,-0.2827979819516128,-0.3421235180190184,-0.5025376240504417,-0.28042130921509123,-0.6225640552261017,-0.21654514526542024,-0.4206091855643885,-0.1751455270358949,-0.2712092980083886
A,0.0,0.0,0.2426542092936058,-0.2069415617866811,0.39311490945066896,-0.521164182701142,0.39657900393686546,-0.7829073798388025,0.34714744542138537,-1.0,0.17517085999478277,-0.7327933516776457,0.1925716790025744,-0.9179477581515456,0.20965982998907476,-0.7070234235292691,0.22311049542008038,-0.5151847704501826,1.4365065080441133e-17,-0.6830041412459829,0.028123332328024945,-0.8726659538272671,0.055391725655882705,-0.6108037235302807,0.08549396386828223,-0.3991768457470668,-0.17017578112151582,-0.6083556583985916,-0.13232152604129802,-0.7511424838492085,-0.08078018053448814,-0.47950444264289904,-0.03831327803134641,-0.29178147073748434,-0.3407308895873412,-0.5066269753741067,-0.28080292065236845,-0.6224977492759032,-0.21568659947934601,-0.4195514482128757,-0.174255289933948,-0.2763481374118829
A,0.0,0.0,0.236126238349334,-0.20294713393504385,0.3777447649070567,-0.5194384591306926,0.3751052089267803,-0.7834560258033305,0.33212391496585053,-1.0,0.17611093263006483,-0.7256113385214066,0.18357931892780893,-0.9176740522526324,0.19083225681662105,-0.7078637325289724,0.2041857809328588,-0.513248760050976,0.0,-0.6736129409368324,0.012358666938052425,-0.8680292693335205,0.03611011047780509,-0.6139483543545351,0.07325306486745285,-0.401958117132997,-0.1699186529086803,-0.5961967826181854,-0.1490465454792271,-0.7384740779169566,-0.09301862312866728,-0.4758146453869727,-0.039478140933926625,-0.2904196651761464,-0.3389039237208235,-0.49371361452773405,-0.29305929405788445,-0.6184849075550234,-0.22649573302052597,-0.4185646527016183,-0.17717306229220053,-0.27332956060827934
A,0.0,0.0,0.23460430593245143,-0.20274084135429407,0.37884735704798594,-0.5148337570301736,0.3720997349772864,-0.7805059187718733,0.3330757751167611,-1.0,0.17501150707501661,-0.7231129818822699,0.1757486359698388,-0.9195644229109377,0.18734455357725105,-0.7110420298001764,0.2016969102528167,-0.5164725711430501,0.0,-0.6715377797248698,0.005145667290979968,-0.8631232275842837,0.03256501822169753,-0.6055658968129385,0.06725219342560572,-0.39563372275835795,-0.1676414767668154,-0.5958115761557528,-0.1544556673853884,-0.7442942694244638,-0.09899056628321642,-0.4796773616785929,-0.05101169036075974,-0.29181828734128984,-0.33623998859814785,-0.4957848749548473,-0.30353440667809917,-0.6250475716656151,-0.2349713087805067,-0.4275618744945878,-0.1873834065328713,-0.2824711097785315
A,0.0,0.0,0.2385520936896799,-0.19714416927318035,0.3816452702289741,-0.5128987274257867,0.3650518562238022,-0.7809390312230657,0.32199225058000847,-1.0,0.17625323913681346,-0.7127948771797574,0.1715753213932574,-0.9119722397059128,0.1817381228040223,-0.7041194742620231,0.19881605765367819,-0.5100688868999722,1.4083995968936832e-17,-0.6605997765282917,0.003733003663590436,-0.8496016373103739,0.03330704194291509,-0.5924964283918217,0.07141403373947916,-0.38256381232492165,-0.1663068580639189,-0.5847632762452502,-0.15462665880086862,-0.7254667188890559,-0.0910703429334832,-0.46356379624415617,-0.03481561575739508,-0.27946962777529666,-0.3300346258147222,-0.4829036312484862,-0.2955170227789821,-0.6026663288764115,-0.22298065228937344,-0.40540767218770213,-0.17072743889787187,-0.26282034965386686
A,0.0,0.0,0.23709901088222848,-0.19693056683131105,0.3798601916653474,-0.5095175480543963,0.36552672908895345,-0.7772386415136118,0.32575300726461165,-1.0,0.17686957001462947,-0.7164404276256445,0.16571155494171746,-0.9141227215078788,0.1780525136233937,-0.7092369716536634,0.196830287232013,-0.5094233248203949,0.0,-0.663542762548316,-0.0026765526773644614,-0.8485087538070464,0.026483994197452447,-0.5922684487772499,0.06631269692749182,-0.3807810927824903,-0.16592651194969676,-0.586278369918198,-0.16092627121084938,-0.7315368005465255,-0.10064107523264772,-0.46760933916213987,-0.044286160776900556,-0.2802645464697045,-0.32968769814797244,-0.4831239640957488,-0.3006607857818795,-0.602000447230645,-0.22827458913208346,-0.40474445629101696,-0.17329084127312522,-0.2622537970160022
A,0.0,0.0,0.23686382677836182,-0.19531182280946918,0.38208849566898834,-0.5090184986874587,0.373286717206592,-0.7782038187939746,0.3319139148635823,-1.0,0.1755808479306571,-0.7125776906220905,0.16761763018673276,-0.9147849158453305,0.17416088605919355,-0.704144104410547,0.192136377676782,-0.5090053318092732,0.0,-0.6608623379872578,0.0016171437336201912,-0.852115262697553,0.027502622790931616,-0.5949910259191471,0.06568366142640975,-0.3869739622148198,-0.16671493952040656,-0.5846896746793822,-0.15986325107420057,-0.7370788841774326,-0.0988029671022376,-0.4736912648949868,-0.04163009423576269,-0.2890954233253475,-0.3299043101599493,-0.4814263910144783,-0.30038213325329155,-0.6031017974004277,-0.22823738524067577,-0.40597660161875027,-0.17366211806626414,-0.265257748207672
A,0.0,0.0,0.2760914052661829,-0.25261777829805127,0.38665427325193025,-0.5541360912742532,0.3881229199928315,-0.8215841618688572,0.3134271939130914,-1.0,0.1797114276084895,-0.7170166726842992,0.22966224554308615,-0.8611613535438122,0.24191523111394467,-0.6596671397315073,0.24198985252920305,-0.48949451685880546,-1.2261091707252853e-17,-0.6729114141078536,0.06333256454702554,-0.8027960450279615,0.09764070979397481,-0.5584825327689901,0.1256010361229935,-0.35716912493367076,-0.16161566855395726,-0.608330957074541,-0.08275113841551211,-0.6666646750476146,-0.023800451523752528,-0.4261320695367182,0.009337601299564444,-0.24855368106476122,-0.332274134773499,-0.5284105830609095,-0.2355872690470167,-0.5895242078719766,-0.17060792204120917,-0.4012827151732685,-0.1329635021670855,-0.26621660304274863
A,0.0,0.0,0.2210468586211284,-0.19475029011000977,0.34696756922076666,-0.5019647085220743,0.347619569316196,-0.7746248428166019,0.3108238263529222,-1.0,0.17885398443569245,-0.7266049842665226,0.15591214676827014,-0.9326485886504574,0.16296553742099423,-0.7296399760909614,0.1786996415201241,-0.5346974334892756,0.0,-0.6675476281192203,-0.013646147210531279,-0.8536147639442032,0.024993486429727922,-0.5924618502324585,0.07178786649357258,-0.3873503777387625,-0.16844765242554663,-0.5844001888593643,-0.16325484203862492,-0.7182661436901899,-0.10033577996609039,-0.46117390980062356,-0.04493105816636888,-0.28432761901727405,-0.3331820846526809,-0.48247139382141874,-0.31197618918651504,-0.6100569164156242,-0.23506944984276848,-0.4206401743737854,-0.18117545208337893,-0.2799094326884094
A,0.0,0.0,0.23789907299607338,-0.19325948863202996,0.3794351580293936,-0.5107062083683901,0.3590970008065562,-0.7805539471825049,0.3207640372314514,-1.0,0.17616840462730843,-0.7193301872479109,0.16698986610999558,-0.9189389304160874,0.17288621764099354,-0.7119259316163004,0.188382600485907,-0.5133512274614455,2.816089342812312e-17,-0.6637137120131037,-0.006997843975601294,-0.8608530250884704,0.018587250411203675,-0.6073349479764857,0.060166533005815204,-0.3959533685205383,-0.16348273524867404,-0.5865210043314363,-0.16210902436091154,-0.7408435078988067,-0.10739493016045101,-0.47664517365408926,-0.05325564753839792,-0.2885369066365321,-0.3234219895341578,-0.48375813807242113,-0.3005127849405761,-0.6173377736764892,-0.23382028277954556,-0.42038424658693097,-0.18041378537646793,-0.2761726376123553
A,0.0,0.0,0.23400921459442992,-0.18871877061914,0.3745631882302671,-0.5050134597063046,0.3679475435529752,-0.7776026030634395,0.3212399686984738,-1.0,0.1771756398529363,-0.7194215098402051,0.1564501917356851,-0.9259802760489385,0.16328249905173928,-0.7119368961335415,0.18397672684838226,-0.5111801601207601,0.0,-0.6657211671110969,-0.015568502229678096,-0.8528171123983267,0.01648284479981918,-0.5924895941341105,0.06480326117577077,-0.38669530575837624,-0.1676720259560998,-0.5864177166920603,-0.17409333140372826,-0.7217381725596397,-0.11020353115563991,-0.45743487853835857,-0.04782562610418443,-0.279939455550524,-0.3294624168323257,-0.48271126300406536,-0.31559230542969485,-0.6033184053895629,-0.2462785727941461,-0.4036342969735261,-0.19012889887340628,-0.2651065987624698
A,0.0,0.0,0.23192077904512304,-0.18461990278882492,0.38376725169502257,-0.5004695201789796,0.38166040251934563,-0.7750013834574015,0.3306160334287428,-1.0,0.1771150707629217,-0.7302773482890645,0.16114403050925954,-0.924597527499735,0.16969438095636066,-0.7085615571323094,0.18849418733424145,-0.5109149367348121,0.0,-0.678131734131674,-0.009864251310660366,-0.8548890172514229,0.022337707552914823,-0.5934633112587843,0.063670369602772,-0.39029548396075703,-0.16649462616178895,-0.5980152636451268,-0.17324428165540862,-0.7388321806171043,-0.10822898227234312,-0.47297585581498325,-0.050502721519695745,-0.29194076835160243,-0.3282061059388776,-0.4915036816562456,-0.31257048657912245,-0.6067486193944626,-0.23808056216528994,-0.41009908308307946,-0.18223010834582412,-0.27302305165810337
A,0.0,0.0,0.23943716970839157,-0.18884806574505092,0.3919292884263228,-0.5068792450130302,0.38609100024219406,-0.77758804723938,0.33412022420395693,-1.0,0.18162305116164876,-0.7283002735472642,0.1634015552634273,-0.9302004064846091,0.1686646614890452,-0.7101002487718038,0.18638460483368133,-0.5081359702776098,0.0,-0.6738646257567711,-0.008402466716312871,-0.8467081180604863,0.022113352242162,-0.5742187181759295,0.06289980444566022,-0.36873021911924325,-0.1701890758826793,-0.5921387558564435,-0.17736552405954828,-0.7350670496372587,-0.11525324505714335,-0.4641093111466648,-0.06022243024153313,-0.2835360701663926,-0.33591497602080894,-0.4844050427787972,-0.32693949925525956,-0.6081610367667725,-0.253223003167313,-0.410089951961788,-0.1993154214741803,-0.27328358405370684
A,0.0,0.0,0.23527679279820068,-0.18812260735270558,0.3827284953636786,-0.507497526209684,0.37734603492446117,-0.7771644657400993,0.329024101440785,-1.0,0.17410529604028957,-0.7201453381413683,0.1619073095494253,-0.927025381764462,0.1696359874105676,-0.7146257524130012,0.1861984441586391,-0.5165412245458116,0.0,-0.6664621404065231,-0.004592824258108148,-0.8461367764435073,0.02283914440702186,-0.5822244049452641,0.06145378069474507,-0.38100281893673876,-0.16821262118120242,-0.5867333379086702,-0.16864086732560918,-0.7278820720150324,-0.1102914380155225,-0.462098039548606,-0.056825158815837294,-0.28639858403541785,-0.33447041965199775,-0.48221224728613876,-0.31586881539247136,-0.6062964847392568,-0.24727184070983646,-0.41319895598664663,-0.1977121613432731,-0.2793482165475392
A,0.0,0.0,0.23752050395845462,-0.18707019961265633,0.387102108287652,-0.5022709335463021,0.3851196877920072,-0.773385839337243,0.3393860834415988,-1.0,0.1810676674059852,-0.7234642719968057,0.17070303675930334,-0.9232972065077922,0.17412669935062405,-0.7095116031191725,0.18897421331996211,-0.5104374799701176,-2.852021248477521e-17,-0.6721431841030628,0.0006741222835518813,-0.8518106545406496,0.022576612043258226,-0.5878225411241553,0.058434157165641175,-0.38006842864715884,-0.16987333319037773,-0.5930398339052222,-0.1678760432337134,-0.7340435523361616,-0.11253564059339957,-0.46822119258217954,-0.0583709601943321,-0.2862104302499838,-0.3346915808103885,-0.48832832926960484,-0.3151203666380839,-0.609947862233098,-0.24644678754453564,-0.41352153966984273,-0.19308248677192702,-0.27436923861171614
A,0.0,0.0,0.24012582699906038,-0.18664015839712583,0.3950180570312202,-0.5031943641981103,0.3968274233685087,-0.7735493732471268,0.3546471242049104,-1.0,0.18095462124016762,-0.7260324195491883,0.17481554715406913,-0.9359790186238581,0.17545729240200356,-0.7197483315460504,0.18849859842642133,-0.5165924602382793,0.0,-0.6741314862259834,-0.0021931496054779843,-0.859166601761428,0.019830043149981443,-0.5932538642282622,0.05724956663225229,-0.38322402434562075,-0.1725925998831278,-0.5952799088743413,-0.17128207985677713,-0.7411533559616256,-0.11692183654010037,-0.4729297759304458,-0.06472757949320987,-0.2883328786330714,-0.3411465218629313,-0.49169784209678985,-0.3200848851493166,-0.6182005833449882,-0.25399774288877136,-0.4209552693129685,-0.20478504317129662,-0.2789520033029475
A,0.0,0.0,0.2373473002002106,-0.19105902585586743,0.39111759265807083,-0.5070483724181724,0.3979644699344795,-0.7755480398934962,0.34456344320154375,-1.0,0.17837077019611652,-0.7263082260163776,0.16629195664354182,-0.9282704540469822,0.17374138981637038,-0.7174733423299443,0.19168529635552586,-0.5241550553469654,-2.844528071614128e-17,-0.6727352523492836,-0.002013618804736206,-0.8547119906872355,0.022981398349775604,-0.5992336795610369,0.06167660113771522,-0.39759030115699107,-0.1692580573396511,-0.5921599708953375,-0.16559546001523442,-0.7345209175525518,-0.11078335090036945,-0.4728822215896238,-0.0573506859674348,-0.2913406639283067,-0.332865703945579,-0.4872835691084045,-0.310516716579918,-0.6178987147626033,-0.24391716873933053,-0.4210806886658684,-0.19252135766560283,-0.2728204336866979
A,0.0,0.0,0.23133925543194994,-0.18674330228062888,0.3852492970610476,-0.5036718745789572,0.3791630770924011,-0.771671653085152,0.32337586135460394,-1.0,0.1811129613330419,-0.7394746392023931,0.1625385319380816,-0.9257184282811808,0.15433490551275805,-0.7142565398261418,0.16846433846204376,-0.5179243771642357,0.0,-0.6830469710741368,-0.013036299755655437,-0.8512766559657388,0.0033292752511727823,-0.5945992698843158,0.04507595774207299,-0.386984530935825,-0.16886189642268962,-0.5994988038830543,-0.18428470119074963,-0.7177347085809944,-0.1274872857388882,-0.45695163440251685,-0.064635578551461,-0.2763138915550594,-0.3305163559220849,-0.49317094465960926,-0.32550417322237657,-0.584777286153585,-0.25323586261757225,-0.386085763435654,-0.1871908786292204,-0.25000219801071766
A,0.0,0.0,0.25747335570504476,-0.2473232256656569,0.3982637257151585,-0.5405875869001806,0.4123963858933476,-0.8047846297304911,0.3415235723896514,-1.0,0.17480352811761735,-0.7262445506740913,0.22316757432378403,-0.877542027719663,0.2389105216044167,-0.6894806013721059,0.254024977668628,-0.5265164072049225,0.0,-0.6862717692306942,0.07807027807479186,-0.8482030894437764,0.10804064004907153,-0.6084756503946602,0.13996837638173187,-0.40306474011724575,-0.1602305701108381,-0.6219569210142639,-0.067091873303163,-0.7084108828998134,-0.023115694223209707,-0.4572561451211505,0.004873648980374021,-0.268441244902742,-0.3374797643172686,-0.5477215878970985,-0.2356768186254824,-0.6256707679121569,-0.17445835448899089,-0.4332078375861213,-0.13391051140214205,-0.29050346812686295
A,0.0,0.0,0.24083921945435985,-0.18420809595049395,0.3882734444160261,-0.5006656186267067,0.3781433382886954,-0.77311284472863,0.33320896452989085,-1.0,0.1856519606798304,-0.7537994267658117,0.1562153505883841,-0.9416241507357759,0.1500129153169887,-0.716445932249203,0.1666708370593439,-0.5143765654843832,0.0,-0.690897500371278,-0.028610851306733506,-0.8623898275243753,-0.0077089409225089495,-0.6122824408912525,0.03902644908429498,-0.40266597509126106,-0.1645750838386778,-0.6055664651300803,-0.1833016760886221,-0.725107850291818,-0.12654470113466876,-0.4798212901754563,-0.06524580762767275,-0.29834896656804855,-0.313735073437187,-0.5008959428987069,-0.3159954473451841,-0.6102557361328241,-0.25055741265589954,-0.4145857900079755,-0.1917860823363521,-0.26795860629026236
A,0.0,0.0,0.23901937626642156,-0.1896428846443355,0.3853263237312581,-0.500321181955921,0.37220318880128567,-0.7726352773295315,0.3187255314531153,-1.0,0.1818211042861026,-0.7463734916280741,0.16487828020685405,-0.9274352822102336,0.16271308254927958,-0.7119741367602013,0.177568651867343,-0.5178079987605653,0.0,-0.6899164469743141,-0.01597794472781022,-0.856306164348006,0.006960291964999799,-0.6011681775925112,0.049415429613117845,-0.39719454926875947,-0.16553170963444372,-0.6051000142713199,-0.18226590474977725,-0.7167422976180243,-0.12459129448834266,-0.46214614495751744,-0.06411034579045036,-0.2862708068332572,-0.32050106486977514,-0.49791180997890044,-0.31921715657869915,-0.5790672568756421,-0.2510748541621335,-0.38380636199122997,-0.18700651003270607,-0.25218824721318295
A,0.0,0.0,0.23434743973583383,-0.18301094787785255,0.38301623809711655,-0.49819536646436874,0.3737005826774364,-0.7702342065910772,0.31947759602423814,-1.0,0.17628399308291867,-0.727218873525716,0.15215312760953556,-0.9246201491123719,0.1483575850713399,-0.714126580047458,0.16237950798472955,-0.522905463719787,0.0,-0.6688840772673549,-0.03236319867403728,-0.843313826775465,-0.0019791803787633446,-0.5801135610728819,0.04867994001172735,-0.3810850514598681,-0.16352212304053865,-0.5818797150109497,-0.19585515693666736,-0.7096369782632728,-0.12859871801087697,-0.4463409505402933,-0.0608671005431529,-0.2750128485150057,-0.3215822462987614,-0.4738103595558932,-0.33658292941140433,-0.5749529640789478,-0.2592746310702739,-0.3788807617513805,-0.18823355785379084,-0.2515098816125886
A,0.0,0.0,0.22537044730884584,-0.18268435760638915,0.3660881029308095,-0.4944211173608436,0.3611440946011937,-0.7685833181397715,0.3137960379443892,-1.0,0.17884766224728152,-0.7233185184696244,0.14761271914528626,-0.9268708141154967,0.14020732784125753,-0.7162767582964604,0.15674972205301627,-0.52217954710152,0.0,-0.670110342717776,-0.03326763670341381,-0.8488507898357347,-0.013624280478385082,-0.5829265313126589,0.031619852012842044,-0.37887318964313904,-0.1665502556022863,-0.5874769137539604,-0.20336123453894464,-0.7278469858106045,-0.14560638655356287,-0.45779744802413525,-0.08120905963718461,-0.27913809353116115,-0.32786506255411674,-0.48203180635455073,-0.34558074792023663,-0.5822780294391784,-0.2717554786649876,-0.3871793050858055,-0.20120505219236984,-0.25855227518297236
A,0.0,0.0,0.23346743717357582,-0.18761895445725593,0.3778191665374739,-0.4972147708094298,0.37656033442575093,-0.7696259576048571,0.32632678228465345,-1.0,0.17952613185308183,-0.7290707771093725,0.14979996288666478,-0.9303284981425642,0.14796758458199333,-0.7224817631983798,0.1688953560959802,-0.5261591180349626,0.0,-0.6760021220691412,-0.03152264492544388,-0.8527736015223063,-0.004005837637114892,-0.589352459017415,0.04593425407803641,-0.3873650491050393,-0.16581759114486416,-0.5925621994701066,-0.19471570298132337,-0.7278046650702015,-0.13217654738909898,-0.4581997126827603,-0.06785626556294633,-0.2815546971133725,-0.3242066643885439,-0.4840254575050283,-0.3372528073339297,-0.5930288939793327,-0.2603924441245967,-0.39408226193931517,-0.19153743366641773,-0.26169759972081946
A,0.0,0.0,0.23241463721585925,-0.1889905750544177,0.3743794695791929,-0.5000924750385853,0.36574955812358145,-0.7731290327928692,0.31597471208355965,-1.0,0.17911134354512379,-0.7295637099088508,0.1444690614723658,-0.9299923487034173,0.1421096524307159,-0.7234554372676234,0.16377055424507067,-0.5311461665545782,0.0,-0.6732594513064675,-0.02738810154874129,-0.8534229610507437,-0.002358231967793919,-0.5930039285192479,0.0448320258583592,-0.39172108957760554,-0.16393030884098536,-0.5872721807363508,-0.18915059933944428,-0.7250597485491819,-0.12797706937231182,-0.4585099092590836,-0.06619740253839872,-0.2824080817659174,-0.3206257783316027,-0.47633322956586593,-0.3300288344879149,-0.5997737666800967,-0.25689446097666124,-0.4025430919075826,-0.19360773743035906,-0.2667994999201713
A,0.0,0.0,0.22942238106567733,-0.19618475750826864,0.3686583297608174,-0.5063191680691904,0.35370208463577274,-0.7764437745658009,0.30038196589919525,-1.0,0.1770105081463961,-0.7243100885243395,0.138218300220731,-0.9261489002766737,0.13802779615472852,-0.7246515788350123,0.1617121745021043,-0.536427290879185,0.0,-0.6657713610680525,-0.03159921294097112,-0.8494607599747988,-0.004207080400141472,-0.5935936359960423,0.04440563670630087,-0.3954716269742932,-0.160754062583923,-0.5795104471488791,-0.187372660288669,-0.7226903423095354,-0.1274094290384938,-0.4600922637885558,-0.06699300932509518,-0.28552425148545707,-0.3120329269537309,-0.46804935311412166,-0.3227093012586065,-0.6033947884494538,-0.2551834884645529,-0.4098885925951689,-0.19787369145255104,-0.2729747112635741
A,0.0,0.0,0.2256780768975612,-0.19402607540266198,0.3625464975308957,-0.5021362821437497,0.3544897081871029,-0.7734775600517991,0.3005300762284439,-1.0,0.17720284294520436,-0.7212050535202034,0.1330336292299932,-0.9278463576606603,0.12821388103726264,-0.725270501847124,0.15098484844480098,-0.5367532445383867,0.0,-0.6633133292978398,-0.04643611760334656,-0.8479521287400424,-0.012820082526690754,-0.5944730112779671,0.04330453217640243,-0.40154281947523757,-0.1588563507711668,-0.5780884727030662,-0.19946696052578197,-0.7205094016190442,-0.13495221383288958,-0.4659856854955618,-0.06865674644466187,-0.2984893696410201,-0.3062877883416051,-0.4691418308914701,-0.3270240306091499,-0.5956500662304921,-0.25816312202213726,-0.4092376034048099,-0.1955293062523868,-0.27911830144221517
A,0.0,0.0,0.2224475968457197,-0.19776076517489738,0.36267485399377125,-0.5029466862659072,0.36224301265891573,-0.7697722849400231,0.31055476221758593,-1.0,0.17065535576864496,-0.7207864762881383,0.13338940869483334,-0.9226587045566166,0.13096215978019957,-0.7250381972940023,0.1522388619291321,-0.5394920142610474,0.0,-0.6620799155532904,-0.04214546048129963,-0.8409721655282907,-0.005368147384085194,-0.5939891883963623,0.04922306635436281,-0.40465154566996653,-0.15791168792971677,-0.57426842921403,-0.19672796615186522,-0.7194557700114096,-0.128714328789388,-0.4685641234196641,-0.06191192097116251,-0.2999835711102349,-0.30809453226717476,-0.46230366739907797,-0.3267168116361641,-0.5778279890966656,-0.24952957525569344,-0.39817745815545763,-0.18251311788557947,-0.27184936001310195
A,0.0,0.0,0.22037864823155706,-0.19426430228911062,0.36570495478302556,-0.4999874592206719,0.3595638375554878,-0.7695803576579036,0.302174229156085,-1.0,0.1720119849466321,-0.7271663295408521,0.1331830339833329,-0.9270241425141178,0.126073608292326,-0.7277771731930193,0.14683931494056943,-0.5354909891330469,2.7369571097898556e-17,-0.6686452577134813,-0.04497763818893557,-0.8473089158867262,-0.014865506502809645,-0.6012988121938609,0.03992170776307845,-0.40485527367560054,-0.1573518629891234,-0.5822210928104212,-0.20136178360949353,-0.7173567281250193,-0.13638484789274574,-0.46621075741907586,-0.0670854997163616,-0.2951085449634684,-0.30627299566363514,-0.4724242581336235,-0.3262718196772007,-0.5825182827888009,-0.2533996229816852,-0.39816826629713875,-0.18392183454063915,-0.26908617404511126
A,0.0,0.0,0.24488225771925343,-0.2556686092312859,0.3441723990765542,-0.551082637672876,0.33588722450295233,-0.8041550944840615,0.2960170511971029,-1.0,0.17891774958057857,-0.7176139064242607,0.20560977434782482,-0.8529967953417682,0.2269598189719026,-0.6546822480532406,0.23485728120781216,-0.49272625623849936,2.322615773745662e-17,-0.6806684343979437,0.05541705985344055,-0.817201137881823,0.09404727243188031,-0.5711990274502988,0.13136633469194486,-0.36903270649903314,-0.15828377190313273,-0.6214758713935469,-0.07732228135156087,-0.6831058726942888,-0.022829479625856037,-0.4423305232172043,0.014675422313868449,-0.26596896904501427,-0.3341395441445021,-0.5543800651658335,-0.2330727893672399,-0.6000869778519333,-0.1705312762764864,-0.41009666045651716,-0.12408803774197422,-0.2889118520388775
A,0.0,0.0,0.2287423783545007,-0.23583962446930584,0.3695786404150746,-0.5350426891670597,0.369409248284652,-0.7913976344044305,0.3058911069361079,-1.0,0.1723272817669078,-0.7379443419587544,0.1068293272094447,-0.9335873112915919,0.10390460615102959,-0.7443536387269626,0.1303566235078901,-0.5662426305935195,0.0,-0.6764039524654384,-0.05900448369197373,-0.8422245182007311,-0.023401968731262292,-0.5969595428477685,0.03078408077836014,-0.41597017467775427,-0.15097297462202103,-0.587483223952092,-0.19865050396511094,-0.7090218599561178,-0.13233415793683187,-0.47114600898200576,-0.06809379628507324,-0.31781139184944035,-0.2866613688400983,-0.4754415415130105,-0.31987370272123916,-0.5959687430545856,-0.25709855339788334,-0.4181639999625446,-0.19945781524562928,-0.2960014314212919
A,0.0,0.0,0.21191864168780075,-0.2006441746929072,0.341936779872749,-0.4967346016091899,0.3388066948389646,-0.7667180473566954,0.2918894798553921,-1.0,0.1757034496314808,-0.7381034060232631,0.12305331149484951,-0.9375545382928973,0.1066425724707538,-0.7405624368725596,0.12790968800913827,-0.549648422213624,0.0,-0.6761593755859792,-0.06276023461428558,-0.852035974526086,-0.03442111092825131,-0.5989069968048653,0.025699266667319663,-0.4081579064645534,-0.15843622953437203,-0.5869434838901323,-0.21225307667533116,-0.7144895929853688,-0.14752266483847795,-0.45928161031519643,-0.07532682872360306,-0.29449085705818806,-0.30868899629121166,-0.4750403537333947,-0.3362367384866948,-0.5732876918990734,-0.26039359541413026,-0.3884085094058644,-0.18591502097347656,-0.2682162055218123
A,0.0,0.0,0.21534866472896794,-0.20016746630195967,0.3665705201083887,-0.5044217982085349,0.36430181645156196,-0.7730839050370254,0.30857858217317113,-1.0,0.1705630929423681,-0.7240946901782418,0.13310878678804625,-0.9295312292168895,0.12329282878888656,-0.7277276540053337,0.14119102598631147,-0.5434646940139819,-2.6875678852478936e-17,-0.665058715820635,-0.050327008930565326,-0.8460263158040271,-0.02115933711481582,-0.5921534606184322,0.03324908030404481,-0.4036923849619304,-0.15524227605778662,-0.5809763424118831,-0.20594488669376956,-0.727346310324154,-0.14337745085853712,-0.4710290573758331,-0.07615623759673625,-0.30212134330558604,-0.30419148320558825,-0.47491048904198424,-0.3316207315714222,-0.5855657561918682,-0.2596606487186231,-0.4069228674991257,-0.19154645858065356,-0.2847762369767865
A,0.0,0.0,0.21243778976927533,-0.19676286175222435,0.35954574579148907,-0.5005939343471542,0.3567783462517505,-0.7712421163289469,0.3089339250973189,-1.0,0.17053352546669007,-0.7196009216760623,0.13171454123343865,-0.9273477986630488,0.12057644434858857,-0.7298322594946983,0.14003060934047795,-0.5439891308656596,-2.658880278081938e-17,-0.6619185196561413,-0.0458659624149712,-0.847109382587426,-0.01987191961988431,-0.5908411563526245,0.03068328750117,-0.3993297753618887,-0.15458805745685494,-0.5789803126893448,-0.2032276642690416,-0.7263121919551717,-0.14236377093075073,-0.47132955353375355,-0.07822066407849086,-0.3038191508289589,-0.30390017717293133,-0.47510647858609506,-0.33045413694104186,-0.5949289233000526,-0.26006540055372934,-0.4157768718619804,-0.1953173953408102,-0.29367247058700435
A,0.0,0.0,0.2147820315972704,-0.2019552223305778,0.35472427719527605,-0.5012874497255634,0.346980334042591,-0.7732845158684392,0.2980598313245888,-1.0,0.172365107057345,-0.7223966669712758,0.12381397583556072,-0.9215567968647318,0.11856194201771536,-0.7142694034764436,0.14242690708291567,-0.532133641943549,0.0,-0.6674942262583826,-0.05369041734215916,-0.8421334752966273,-0.021391276321776242,-0.5866284835689309,0.031011091763210784,-0.4053686888855062,-0.1554545158308015,-0.5845223792468437,-0.21094186201195758,-0.7250053586773997,-0.14314359903981178,-0.46749591438933563,-0.07646962549143159,-0.3062977480243923,-0.3046995527077707,-0.47900506880814514,-0.33698385885620996,-0.5873452100140695,-0.2602910528025678,-0.4000378191453999,-0.19049777949921068,-0.28339050333539656
A,0.0,0.0,0.21509922134270743,-0.19547369987273555,0.3570604103549437,-0.5029218413097262,0.35489263968320944,-0.7719794499557481,0.30518038684250365,-1.0,0.17283830278697931,-0.7207206766181421,0.13261288242054003,-0.9203994081682777,0.12040312412651041,-0.7160300277815244,0.13866631919716826,-0.5307475692326464,0.0,-0.6650942931856002,-0.044167249801722194,-0.8444693709906727,-0.02249833041800213,-0.5910616650417471,0.02457457592047673,-0.39814455920909647,-0.1568340069516688,-0.5838999575280182,-0.20538731467750304,-0.7250382274893508,-0.14493524594814938,-0.4651751595114332,-0.07982492898413902,-0.294819634001928,-0.3055761150538504,-0.48095171927457964,-0.3333630149934423,-0.5844392427378349,-0.2644008081154822,-0.3954860940555679,-0.19855881738593195,-0.27160049912618
A,0.0,0.0,0.21687215551071495,-0.19506278283852788,0.36187880065766576,-0.503646154137795,0.3605518089117604,-0.7715153518340571,0.32134775860776604,-1.0,0.1800257876365649,-0.7306539428074433,0.14369877968875028,-0.9260421134854054,0.1318833793610467,-0.7158552220371065,0.14878108112968563,-0.527449749907379,0.0,-0.6745088288163641,-0.04253111292481089,-0.8517959350232179,-0.02126533211740862,-0.5902736005285477,0.026541284871525874,-0.3974072010443839,-0.16108924814269843,-0.589040176603594,-0.20965546830444465,-0.7358713072908057,-0.14883835009534743,-0.4705095726850342,-0.08232664048290608,-0.29946064954690804,-0.31513478228665065,-0.4801783190502452,-0.34000604073035395,-0.5881634819262735,-0.26749676388587745,-0.3974132680304942,-0.19919939159833794,-0.27565953394105835
A,0.0,0.0,0.21640175888416824,-0.20349673638145832,0.3625141506444302,-0.5042183437771938,0.36119540872093414,-0.7732455465222376,0.315960647453678,-1.0,0.17647212902970816,-0.7287151889046742,0.13120243991923736,-0.9315365489175806,0.1214699227742101,-0.7247140039911483,0.14568837881663124,-0.5410499193391521,0.0,-0.6718334677792013,-0.05077775727754942,-0.8459911327829822,-0.0229311984473773,-0.5887142211698081,0.035047982085843796,-0.40422485544282644,-0.15918024137931075,-0.5843559591415644,-0.21300139533199086,-0.72146593302524,-0.14875920576577456,-0.46327258942678623,-0.07762305176872829,-0.29958341926715326,-0.3116610884783253,-0.47472730269396746,-0.3466884606844051,-0.5802547238697852,-0.26891876929063846,-0.39438580531524375,-0.19607694186577565,-0.27920712336489917
A,0.0,0.0,0.21875133855616757,-0.18841805067641082,0.3668927834071513,-0.49851573639401897,0.369601065684792,-0.769583348058076,0.3333638449441119,-1.0,0.18072938460577784,-0.7304888975177805,0.14519386822811084,-0.9334875768787424,0.13405693144854267,-0.7208920966165726,0.1529179885099364,-0.5295111070943447,0.0,-0.671485217567152,-0.04034425874802311,-0.8554845662576315,-0.017893144498608744,-0.5967514268261275,0.03326136997613452,-0.4018321068298406,-0.16375405419422345,-0.5840898770338094,-0.20886759997968302,-0.7267894902732039,-0.1439573960376593,-0.46342329071676386,-0.07316840573781937,-0.2914085123389001,-0.32047478818358455,-0.4732165727943193,-0.34617883211876066,-0.5816628166373345,-0.27049807533791154,-0.39521728268830686,-0.1995315461801895,-0.27191795914273764
A,0.0,0.0,0.21619115976001047,-0.18070246425682518,0.37386396008881057,-0.4937158976039401,0.38093592501327567,-0.7705044900911145,0.3290712597769478,-1.0,0.17670498825687703,-0.7235204067716836,0.13918687754903342,-0.9331827201250421,0.13429112662068732,-0.7260891677954184,0.1584118619599597,-0.5323117039107815,0.0,-0.6679766518457698,-0.04257611879415232,-0.8451973779430232,-0.015452290225615773,-0.588389062315248,0.038699200200983296,-0.39580384563537657,-0.1576820173223693,-0.5866315765547409,-0.20169801815095062,-0.7284389768604588,-0.136796131931959,-0.4665273613662845,-0.065096622538147,-0.2959095775086155,-0.3061546142978427,-0.4806705573273922,-0.33041959404360294,-0.5782473354010499,-0.2572009196102084,-0.38494326938294565,-0.18453243980587,-0.2621882724431039
A,0.0,0.0,0.19244302130506852,-0.2701279675947578,0.2777787354028723,-0.5657965431192475,0.29292851186698354,-0.8178389831040296,0.29010137163832067,-1.0,0.1633677095212044,-0.7964855542729711,0.22215346505259626,-0.923060959273843,0.25450684202491936,-0.7492739106099139,0.2657275635297899,-0.5972122385518516,0.0,-0.7971617988589895,0.09751149695423246,-0.8932894116382175,0.1206903441510378,-0.6482571250536447,0.14453248435411217,-0.45808934903546644,-0.15883928562880353,-0.7549347128836077,-0.036076614436910466,-0.8083492511224353,0.0030417679207303283,-0.5695108582158391,0.03829035474119527,-0.38293371661945447,-0.3323115887957289,-0.6837203516114101,-0.21300652579495996,-0.7352171206341784,-0.15038364557299777,-0.5459736565557152,-0.09277229556722051,-0.4133667438363412
A,0.0,0.0,0.22583021184636978,-0.2218767601561181,0.3751019231172525,-0.5182416856848111,0.3614958231581598,-0.7822224844960542,0.29850229294871733,-1.0,0.17776132200769215,-0.7259540384442911,0.11814299508069505,-0.9266470591250654,0.09599132082567478,-0.7119913603668436,0.10052412210674692,-0.5183582802005933,2.6106824918207877e-17,-0.6861844312681288,-0.07950307266617594,-0.8528556228502262,-0.04862141061754619,-0.5951215395338533,-0.005376864550886397,-0.41371998433354784,-0.1428617729545769,-0.6109687234989825,-0.22116941461306996,-0.7257225835984954,-0.1484089869946433,-0.48698102007553656,-0.08072967862191627,-0.3403296102545288,-0.26462621344164633,-0.5105300956248362,-0.32617120785995707,-0.6085138162921369,-0.25904309285615107,-0.4222451074563952,-0.19948499653179624,-0.3069304721698912
A,0.0,0.0,0.2184511658305611,-0.19588238558397275,0.3658679989643164,-0.4941837290649257,0.3665143219776584,-0.7683792349513956,0.3121100749299468,-1.0,0.17497045219283586,-0.7239034774094002,0.13135499614253277,-0.9250661751570551,0.12408166219920377,-0.7209546576540312,0.1438799932205253,-0.5292622863988324,-5.358534170407323e-17,-0.6670377308161736,-0.05578339632387115,-0.8487175895878286,-0.02031953695185761,-0.5863236253972438,0.03570457542385741,-0.3884040923478826,-0.15635165052691988,-0.5843145341062352,-0.208750440675847,-0.7266423225575448,-0.14074266426396834,-0.46646227779914734,-0.07306865003578268,-0.2933172983352427,-0.3043581000085191,-0.4827735404674689,-0.3336479987473695,-0.5959779066996547,-0.2594756311493608,-0.41073581380364266,-0.19023889433934446,-0.2858157137343331
A,0.0,0.0,0.22378429598355662,-0.1860282007207774,0.37626055667743563,-0.4962250801224329,0.3788364584094927,-0.7713748866515876,0.322574179519692,-1.0,0.1783439477996418,-0.7298859840480354,0.13529858986085425,-0.9331612995766508,0.12862818851134747,-0.7230188580178515,0.15285615702852706,-0.5353133319533778,2.7055257129180413e-17,-0.6725128540053875,-0.04503281076261885,-0.8498946916395701,-0.012564895507371809,-0.5899377954642617,0.040875113288593286,-0.3995408360290576,-0.1614083405116013,-0.5883849933646956,-0.2075220764768418,-0.7253415830982429,-0.13344245784682854,-0.4616548637265808,-0.06278306281372996,-0.2943019677374203,-0.3139003232313429,-0.4814635568428842,-0.33901913141001894,-0.5853739616732831,-0.2576140640781954,-0.3898831660224843,-0.1845889102865699,-0.2675628193899169
A,0.0,0.0,0.22081643676666718,-0.18688776770569027,0.3708694440686611,-0.49867446359808487,0.36795227963854615,-0.7714009056782615,0.31347713413593914,-1.0,0.17723462641500282,-0.7250463933259624,0.12976288051075566,-0.9277024001747008,0.12448489608428967,-0.7223808749959573,0.15277054238031612,-0.5342569859164296,-2.677969909485683e-17,-0.6676455211918599,-0.04889958155888546,-0.8473593519835884,-0.018438843064461165,-0.5932991906769641,0.03646014689753327,-0.40197486168863944,-0.1591029310210007,-0.5842449367954815,-0.21130182356335794,-0.7306415305905677,-0.1425849629792303,-0.47066852204259124,-0.07107212198554569,-0.30003779078137705,-0.30690280323003566,-0.4772342014081102,-0.34041018748712093,-0.5897374079691676,-0.26549702470665076,-0.39673846169550564,-0.19421060754693334,-0.270012978100245
A,0.0,0.0,0.22008910196478412,-0.18743721530544047,0.3752778050624756,-0.49713009832839145,0.37805020172906584,-0.7717094634282737,0.3234801860476589,-1.0,0.1811022720667489,-0.7346308570795884,0.1357031055773315,-0.9365184859901571,0.1317250573603926,-0.7296731216469847,0.15927235850380528,-0.5372153197633466,2.7102570860639644e-17,-0.6787413385501053,-0.04642902293846107,-0.8593595486751874,-0.016058393647844955,-0.5966788741092689,0.03789216672136579,-0.4044176144093007,-0.16191040757202463,-0.5934325670825475,-0.2080380276715347,-0.7396012979634344,-0.14130166647588233,-0.4742650848986352,-0.0736496788011444,-0.3061619845930086,-0.31286940849400874,-0.4830703167941793,-0.34002880875495733,-0.5971043928554454,-0.26521806530485653,-0.4034756893503972,-0.19796418333025953,-0.28113292370469434
A,0.0,0.0,0.22133165174973612,-0.20178233613177177,0.36887110760023006,-0.5066125762681984,0.3757952896899066,-0.7766170203514821,0.3169693864526756,-1.0,0.179049817366282,-0.7332027688479137,0.12907045256663383,-0.9337308345738243,0.12426404243358354,-0.7312065713316357,0.15683750041913622,-0.5413861523916311,0.0,-0.6757718182684586,-0.04812143273235055,-0.8652403288576681,-0.022071144928326545,-0.6152100163603733,0.034783640736587455,-0.4173711053384858,-0.16215785792104506,-0.5878302885174199,-0.2093457759187054,-0.7269948602715742,-0.14554958834344942,-0.466982858373621,-0.07506928517142113,-0.2932468729393978,-0.3124540620402799,-0.47602246281685534,-0.342898344531323,-0.5946924666320474,-0.2692756600598368,-0.4013986052278393,-0.19770018480015555,-0.2693658166029505
A,0.0,0.0,0.22813502076478204,-0.20304300419614987,0.37364930402135504,-0.5063595846361185,0.37353144559247003,-0.7760779903499463,0.31044673795329225,-1.0,0.17803846664824544,-0.7234933484893152,0.12628126033761172,-0.9255235009622503,0.12531571563907024,-0.7269920768671625,0.15830590941990774,-0.5398162136173021,-2.719254161248959e-17,-0.6646775085762446,-0.04722807266938678,-0.848654697005147,-0.011955094630982864,-0.5933558177894948,0.047133103542902816,-0.3964216094291028,-0.1619836069313901,-0.5757948224675767,-0.20660353964707726,-0.718870022846339,-0.13879081099241358,-0.4582182248628577,-0.07002397428704825,-0.28661928891458155,-0.31317338936360833,-0.463033804600821,-0.3389499918642296,-0.5853395462403351,-0.26311440425899885,-0.38873462877860165,-0.19531795849261543,-0.2555599402745466
A,0.0,0.0,0.22517761725873717,-0.20083844776046347,0.3722327448738925,-0.5077638623286594,0.372874927691446,-0.7772293812066325,0.31374377598918474,-1.0,0.18076467778182934,-0.7270009461726408,0.12706722599539844,-0.924300311811776,0.12506406433745537,-0.7290058478981404,0.15817467444734906,-0.5439903497565702,0.0,-0.6674004863311006,-0.04929583764936649,-0.8552305277562726,-0.016792700439969128,-0.6001257196728437,0.041972412853830326,-0.40145181911811134,-0.16330406833499658,-0.5775482254923123,-0.2087636854576153,-0.7214204009606697,-0.14154983309737273,-0.46013736480280953,-0.0726295078620758,-0.2890823796251022,-0.3156746378979325,-0.4625676926120368,-0.34645076179813844,-0.5894480562814537,-0.2719731681427205,-0.39541783233448335,-0.20504418080943482,-0.2633484252701002
A,0.0,0.0,0.2294574275722323,-0.2040498104417772,0.37832470903157867,-0.5037862045165167,0.37808410279296084,-0.775475033394769,0.3153474906625519,-1.0,0.18148567926048612,-0.7254804801254556,0.12715858640211553,-0.9375325120126557,0.1252986664732539,-0.7447068002678039,0.16205553493442162,-0.5518651868529512,2.7708217948016266e-17,-0.6625062829725179,-0.050627012679609396,-0.8548754375545055,-0.019761281783154096,-0.59950727251053,0.043494229017180995,-0.39292082781867227,-0.16434966381756486,-0.568817323590753,-0.21100282213469831,-0.7211797712869508,-0.14818917497258127,-0.4608531348000095,-0.07772228378611686,-0.2829036920867395,-0.3173123262920334,-0.44934920473291934,-0.351056995539086,-0.5797163583629061,-0.27784376925587556,-0.38410164691261994,-0.20728574287004425,-0.24526716480043245
A,0.0,0.0,0.2224166135752521,-0.19681284293356657,0.36831154926306325,-0.5047698983233362,0.36952374373464175,-0.7762616733093065,0.31615810881713785,-1.0,0.18093750323326233,-0.7238625756798116,0.13594950278329324,-0.928977971923868,0.12435864541973593,-0.7275428475941585,0.15050088969769043,-0.5390899452093171,0.0,-0.6649163794031513,-0.04789531328261469,-0.8569017679614256,-0.0209853208940189,-0.5979332928499308,0.03428518000555515,-0.39718789963372814,-0.16394879420878414,-0.5757226502423153,-0.206691786452075,-0.7195401035074617,-0.14333329404762565,-0.45611976739559373,-0.07801820332392582,-0.2831332275815543,-0.3194127535617625,-0.46397446169202416,-0.34743998151356514,-0.5907781850451931,-0.2773493434695702,-0.397839008186999,-0.2130508078206638,-0.2655091901213942
A,0.0,0.0,0.17078169334103988,-0.23716816141343985,0.22578193547632644,-0.5361926457825462,0.19998393462135436,-0.792734880623898,0.17219595143642574,-0.9645089491948697,0.1755680095581469,-0.8263726760529779,0.23729262458957315,-1.0,0.3041858332020085,-0.8710058034254734,0.353239359286169,-0.7339762871495653,1.4275445831226863e-17,-0.8057884777379721,0.10641261816894214,-0.9315295197842098,0.1674410373380619,-0.6478590123049963,0.20846271825236223,-0.4424948638879481,-0.17428039861214606,-0.7466165710894919,-0.0447579317278666,-0.7936235024481584,0.018877159666339523,-0.5161867678894935,0.06043620163514648,-0.3131825232454984,-0.366898162673208,-0.6515029635626542,-0.2395865402040211,-0.7147043251507893,-0.156887240059959,-0.5041177466309433,-0.10300432273683258,-0.3502018710785217
A,0.0,0.0,0.22047768668260598,-0.21746664674400004,0.3645949936238154,-0.5147269748765468,0.3783520939583883,-0.7851894657009316,0.3146163495314672,-1.0,0.17118621278316284,-0.7370893834136487,0.12585284256045232,-0.9389136688605103,0.10659276826081852,-0.7277713961246602,0.10785163509181059,-0.5428993675475102,2.6510187485561548e-17,-0.689885671784577,-0.0661808354413959,-0.8609693690274896,-0.038051773351672646,-0.5894949998835789,0.00101565082551417,-0.4084060204537355,-0.14473962179967956,-0.6058425471178511,-0.21351473070047897,-0.7347838570626477,-0.14980370483403016,-0.48428692289249564,-0.09430372823015576,-0.3309540533505387,-0.2728836202048096,-0.4964177579926219,-0.3353284684115212,-0.5977632437548218,-0.268756631079262,-0.41705579314509533,-0.2098118470196788,-0.3016707598004003
A,0.0,0.0,0.23642727318002796,-0.20328481832652173,0.3915465594395428,-0.5029283047500321,0.39451273086285005,-0.7781717810985525,0.33497536839130165,-1.0,0.1798746425907214,-0.730065975218697,0.1406867488765486,-0.9500875719059372,0.1387408605864089,-0.7512383967426899,0.16582055044941027,-0.5585346177701936,2.7372445882791013e-17,-0.6726687085588477,-0.040125294953210176,-0.8839179147560293,-0.0074930078969223345,-0.6163042722937849,0.047838185974114475,-0.4048124554593974,-0.16136286684015705,-0.5846552021134634,-0.19537460306647308,-0.7549581342106936,-0.13236488551935818,-0.48928959515135273,-0.06917240146893726,-0.3076289970966494,-0.3154582763465429,-0.4687219778904885,-0.3358203236697855,-0.6027752551313396,-0.26143588366827575,-0.4088997043731528,-0.194333006108122,-0.27071848528416653
A,0.0,0.0,0.23906160737820714,-0.2025559529171167,0.3966463898603629,-0.5025889488481695,0.3991397370164437,-0.7782929571504704,0.32898624482897393,-1.0,0.186362642949217,-0.7327724194611013,0.1432772457340053,-0.9454695430255932,0.13748656966911613,-0.7440419967488254,0.1679198306161758,-0.5467812227193869,0.0,-0.6749933679529586,-0.03995301712850235,-0.8806191037474299,-0.013742251977791994,-0.6156355494563692,0.044002752831215394,-0.39991922331755103,-0.16702899508084681,-0.5815230773891983,-0.20515150020314363,-0.7390985785034029,-0.14346375632623057,-0.46664890723556485,-0.07670538115467265,-0.2812424158089354,-0.3220873864786237,-0.4601622262932982,-0.3490341545832835,-0.594514119041612,-0.2750717665470342,-0.39552738995692044,-0.20865002294246482,-0.25590666101885595
A,0.0,0.0,0.23245955406130303,-0.19739866850866114,0.3907069668776681,-0.5029372111954827,0.393797591919605,-0.7796101554981685,0.3320689795655606,-1.0,0.18203360797201026,-0.7366511786279141,0.13613905533918066,-0.9451626196053137,0.13367737507592486,-0.7448639565407874,0.1676918940065619,-0.5523159853942535,0.0,-0.6764646775655095,-0.043049922358789974,-0.8778777419053032,-0.014656603422617943,-0.6134029163315582,0.044465839057782466,-0.400571021486475,-0.1643096727378563,-0.5823556405806252,-0.20610594026217305,-0.7371853927836914,-0.1406121855754674,-0.4664356504293561,-0.06996465703669434,-0.2840100968983981,-0.321161803341173,-0.45930196623860386,-0.3507607740196838,-0.5888149489815321,-0.27210657930821647,-0.3930077581333859,-0.19882273233358766,-0.26009677309630735
A,0.0,0.0,0.23386384029595927,-0.19936098287144044,0.39153449216723507,-0.5054451356814739,0.3963279931524805,-0.7803943687006009,0.33376571716180425,-1.0,0.17767115667944672,-0.7313655660686542,0.14421443688043756,-0.9394347901420206,0.14306291073056757,-0.7330001214933857,0.1721593963428123,-0.5513861763438973,0.0,-0.6732878247151624,-0.03131495229736047,-0.8726283299524065,-0.0014914809393016938,-0.6038814963184329,0.05165341606898547,-0.4009666222451802,-0.16032334417040153,-0.5813360202088789,-0.19391485883052315,-0.7434854507611105,-0.13399650095769547,-0.4677581309905523,-0.07333520750053625,-0.28951871669327534,-0.3126422794777405,-0.4603241721565117,-0.3375930491791219,-0.5973294009982202,-0.2676848394136514,-0.4028673924847665,-0.20646449221333588,-0.272229863951135
A,0.0,0.0,0.23645319429686693,-0.19976289681182247,0.39556175255114473,-0.5047344214497087,0.3964337218404503,-0.7789592259167928,0.3378137908821687,-1.0,0.17799248371997373,-0.7269069211850624,0.15107705106607072,-0.9373061037017967,0.15426398534633542,-0.7448514556320888,0.18129378422737788,-0.5579721793021897,0.0,-0.6732931518860737,-0.026390432467493043,-0.8807242918583058,0.00482781509284895,-0.6171716788432141,0.055416179906195524,-0.40588770785995143,-0.1618333385910256,-0.5839563475541112,-0.1858159145377738,-0.7506804070667596,-0.12296601111466761,-0.4778632141262036,-0.06373767987034916,-0.2909789107662673,-0.3169034989955583,-0.4640388612083294,-0.3293575075602478,-0.60547661077847,-0.26008027996465993,-0.41238865428064797,-0.20494036201627466,-0.2728643288580428
A,0.0,0.0,0.23655635288506527,-0.19249018655167094,0.4047653361954475,-0.5012346513736862,0.40215538896291136,-0.776510712330762,0.3535005670796211,-1.0,0.1810299372502563,-0.7411346050902562,0.15150880598222594,-0.9560774194654985,0.16162234713353116,-0.7602359734003489,0.19076158514442337,-0.5679528492036618,-1.3584673255820306e-17,-0.6826490483856574,-0.03102532762240652,-0.883538405986287,0.0076263071377271644,-0.6153908094959906,0.06284174660005393,-0.40421716700944316,-0.16037309307052264,-0.5887116162064777,-0.18840905840855351,-0.755673480588552,-0.12074662269244765,-0.4778644123536048,-0.05902598504150092,-0.2907348794295076,-0.31460003168769796,-0.46422685265065,-0.3294353435119237,-0.6090273291285103,-0.2551060984334911,-0.41478264812408316,-0.19489257127638723,-0.2799748345291216
A,0.0,0.0,0.2371647959953332,-0.20006982812653012,0.4098280267376391,-0.509596748468609,0.4051697544768567,-0.7800693750168398,0.35199906037788115,-1.0,0.1824787146729145,-0.742932652834844,0.1547752208389279,-0.9567155063887185,0.16208425586188346,-0.7581796699276014,0.19108915796586637,-0.5670723040666449,-1.3502458884877105e-17,-0.6861690218979855,-0.027350349897963852,-0.8930469220738549,0.006951053684848394,-0.6268346416701355,0.06081663453455068,-0.41151178937521626,-0.16458178117623504,-0.5980551746989308,-0.19077134778641552,-0.760903927222479,-0.12308490957838629,-0.48452126579539295,-0.059286393306527914,-0.2938675537822225,-0.32687262400976635,-0.4828759610047191,-0.3340208678689464,-0.6222575944221697,-0.25955799393802415,-0.4259456183521867,-0.19839417913570842,-0.28808414525972514
A,0.0,0.0,0.2336924550448437,-0.19364835567330085,0.4042538831970153,-0.5074600052016252,0.39751394122279377,-0.7818477085918809,0.34040128684247606,-1.0,0.18138372449238374,-0.7366348537000429,0.14962273721381295,-0.9512086774890656,0.1582743101156467,-0.7497829215310672,0.18924655701513154,-0.5624433754263751,1.3226264004260814e-17,-0.6789536902851033,-0.029638382200993844,-0.888101590706471,0.008456478878987029,-0.6226555875045685,0.06254251976400658,-0.41587453541827757,-0.1628495724566059,-0.5905645281342589,-0.19214722247239394,-0.7615893312439568,-0.12322678153839874,-0.48730623094815867,-0.06116832820627488,-0.3045814303626782,-0.32202658341183515,-0.47285477713033,-0.3307618625065597,-0.6185254761827648,-0.2545339656956562,-0.4209291227006107,-0.19434931796073135,-0.2857871323344927
A,0.0,0.0,0.23701674749444596,-0.2004726832181363,0.4093551511422036,-0.5091874553482748,0.4123464211246108,-0.780852442403737,0.36008748444155847,-1.0,0.18360979513051998,-0.7523768535800314,0.1591120183036765,-0.9708354791547156,0.16212514410610027,-0.7665713874504768,0.18546717454805095,-0.572984021955308,-1.3427096929210186e-17,-0.6996750506502715,-0.02252934515706872,-0.9072103924823006,0.01111574172126641,-0.6386406881803193,0.05896071504776277,-0.42727521825377707,-0.16625265796110658,-0.6138409557238496,-0.18978409917374087,-0.8120449215400566,-0.12666153653606982,-0.5320602133763804,-0.07132755917844746,-0.3347665279816241,-0.33206484615007714,-0.4941379190517338,-0.3367356674028994,-0.6468684580658609,-0.26027761660342347,-0.4472570248786366,-0.20162025747163823,-0.3038453032722383
A,0.0,0.0,0.2606533128751845,-0.13425494935776155,0.4521280395882927,-0.47550883599748367,0.4466558009218377,-0.768256642322207,0.40515506695095155,-1.0,0.1976615357483132,-0.7198917564990481,0.2106519481977452,-0.943412827130161,0.21034089880515622,-0.7296001680292937,0.2215804552552721,-0.5148928909830726,0.0,-0.6716485846934082,0.009011626420540472,-0.8856611015235791,0.0423411953581356,-0.5970039565407842,0.08537838393155528,-0.36178420561748303,-0.17457370978347958,-0.585770840568681,-0.17761132554659995,-0.7682221347233912,-0.10963161097767632,-0.4736929269748247,-0.05236411117483082,-0.26556221942030517,-0.34732746404496573,-0.47300976964363717,-0.3475152170145414,-0.5915069610931121,-0.2642102029026562,-0.38308541513153455,-0.19318988397545636,-0.2404335712429881
A,0.0,0.0,0.2433253170900682,-0.17202133115284998,0.421810311789974,-0.49114068450147985,0.4238959157240518,-0.7687153023411645,0.3742009134350032,-1.0,0.18845995152844575,-0.7317757768278729,0.17735330734318816,-0.953388913206539,0.18240766195367084,-0.7430214911552339,0.20658649670561896,-0.5401167226094122,0.0,-0.6769148208321997,-0.013536828157067613,-0.8961965693948833,0.01807967898416425,-0.63102235441962,0.06826791214960576,-0.4117194455424305,-0.17225781144101035,-0.5909787069484265,-0.19035559993220028,-0.7821303463741222,-0.12249370684715334,-0.5028477013606043,-0.05845179441356542,-0.3035506879171252,-0.3395255228818852,-0.47575600164155496,-0.3456440412506961,-0.6311354502769003,-0.2654648461886868,-0.42672226865489404,-0.20317273699140143,-0.2750845790401388
A,0.0,0.0,0.23758994538809525,-0.17512854925366841,0.4025745412734365,-0.4949055039633243,0.39278103279795046,-0.7723390418721482,0.3618237459571464,-1.0,0.18446569173753147,-0.7311677676690584,0.16895703140694962,-0.953264147308557,0.16775026161581752,-0.7435428146856218,0.19144940368211094,-0.5404773857987938,0.0,-0.672504883969418,-0.014163260814105521,-0.8882920052012512,0.011220836889218598,-0.6219221680106198,0.06071589661278927,-0.4005687328549032,-0.16821480732665886,-0.5854456048232379,-0.1878296786493282,-0.7699450688628803,-0.12336830435613007,-0.4903880253641389,-0.05658416123204533,-0.2913389627781315,-0.3317110398582923,-0.46829645516188856,-0.334892265469348,-0.6161076954386092,-0.25514642955601896,-0.4089960193096755,-0.18737995118185563,-0.25935727588363644
A,0.0,0.0,0.25033525689421493,-0.19410551737056603,0.40862399387058707,-0.5082131976691491,0.3961207848320355,-0.7759328274599087,0.3695218030872051,-1.0,0.18422364426868346,-0.7368621304698578,0.17521989046762015,-0.9484410839236163,0.1819500350966317,-0.7409382593322098,0.20438546947097833,-0.5340287861922317,0.0,-0.6794296174052559,-0.005447748744750457,-0.894428256622599,0.018671351949084907,-0.6330431317715443,0.06501701137405108,-0.4077926798371011,-0.16870576147325142,-0.5910665789239103,-0.1719696976966027,-0.7703995195996929,-0.11365101139969028,-0.49920190658392277,-0.053389123448007204,-0.3012646647001502,-0.33331104887943286,-0.47137433506520415,-0.32006088596044346,-0.6242104388554687,-0.24542942475961407,-0.425103936318356,-0.18425922106376746,-0.27538098566946234
A,0.0,0.0,0.2491190961479628,-0.18747385336884015,0.4041782672981997,-0.5094671531386479,0.3833482934493024,-0.7827296497826508,0.3634579353142581,-1.0,0.18066533193793682,-0.7358396704136566,0.16421961054086506,-0.9493883115359838,0.17234744276204578,-0.7425233833539566,0.19949089776786988,-0.5316199055502061,0.0,-0.6723513913313645,-0.00946685383400325,-0.8827625184933667,0.014428293887241593,-0.6149846670162721,0.062183650798714143,-0.38534245334698847,-0.1620902394304279,-0.5836757909466844,-0.16931694664058583,-0.7659403120884974,-0.11601362032996745,-0.49089547084382273,-0.057505791719759634,-0.28703297485677176,-0.32072411891308167,-0.46670452982814825,-0.3136655009122048,-0.6197897812183886,-0.24708826819350946,-0.4154164511645798,-0.1893372309551927,-0.26227052126038064
A,0.0,0.0,0.24653377919202954,-0.196023682785438,0.39928050053537645,-0.5145721142059788,0.38205182327540466,-0.7793566588142367,0.3573834333459725,-1.0,0.18097823785461806,-0.7440596406301522,0.17042066249125865,-0.9536566181818563,0.1842434390502426,-0.7378889502483013,0.2111099363741278,-0.5286735280164956,0.0,-0.6811319318367135,0.0009969403952386797,-0.8882226701404481,0.03045452897471493,-0.6201688883933554,0.07848035575910747,-0.3939587137675399,-0.16462800651046486,-0.5920722462959673,-0.1595372917658615,-0.7705659537704936,-0.10194066281026823,-0.49528222112568354,-0.04392901095358096,-0.29477236576963367,-0.32375032228546413,-0.474304928022757,-0.3048824042074384,-0.628649917685433,-0.2365019697126907,-0.4225159109616678,-0.1817980716535909,-0.2679013403940009
A,0.0,0.0,0.24890221223252,-0.21095237453531385,0.40043889158554224,-0.5186089390339206,0.3770764034240017,-0.7814000122121345,0.34268261127653005,-1.0,0.17569805876505645,-0.7384983411957439,0.16354505401964184,-0.9554248396885899,0.18047021256236104,-0.7475494762340096,0.21026522206811432,-0.540782463283133,1.3376034573122554e-17,-0.6759439070416992,-0.006329787998437987,-0.8900276441155591,0.02805661307045764,-0.6296687568702519,0.08466400934951572,-0.40492171637864943,-0.1613991743157345,-0.5898701311761178,-0.1553570452574325,-0.7789601682990309,-0.10033367488965093,-0.5030818503319322,-0.04183154826905763,-0.2985131808411904,-0.3209041397108989,-0.4731851934345175,-0.2919038977958167,-0.6307121923260217,-0.2243511461843454,-0.4206697001811737,-0.16742141905310196,-0.26040721472629197
A,0.0,0.0,0.2546762457890539,-0.2077153477348574,0.3998649137246732,-0.5231535143212751,0.3707232563119859,-0.7850252385970541,0.3442772837632469,-1.0,0.17763340702644778,-0.7525770730423695,0.17296904226680956,-0.95597059355342,0.19337153491888576,-0.7435524083417847,0.2209895737733393,-0.5360852110033457,0.0,-0.6851665384934096,0.0037147580526984297,-0.8842800715576448,0.03997940882576595,-0.6244809507226355,0.0896608819649183,-0.40131060556722276,-0.16274780948682482,-0.5935777790307742,-0.14948374097320846,-0.7692092507361096,-0.09259898689251704,-0.49814206150933926,-0.04072707277343369,-0.29475546264709984,-0.3238540691633962,-0.47206778371431074,-0.2942001035392819,-0.6329714135513091,-0.22850261041926728,-0.4301210938549009,-0.17835761054493626,-0.2696402847475117
A,0.0,0.0,0.2546771606955249,-0.2124398412065067,0.4070900512291784,-0.526723784120987,0.3856673966824437,-0.783945604530492,0.3533388901628578,-1.0,0.18715211893497208,-0.7760611790312693,0.1916785312402226,-0.9760206445093769,0.21064862097979822,-0.7635294164238687,0.2316433165251917,-0.5498501191887322,0.0,-0.7127574995936132,0.008718540872915412,-0.902889735147974,0.047056513849329115,-0.6333947728873773,0.0938467103336389,-0.40324492331779466,-0.17146216441148576,-0.6222617042428725,-0.15058652242258766,-0.7864261018177898,-0.09145127936189076,-0.5073504403045912,-0.04281047275015748,-0.3001209671755531,-0.33948912521829905,-0.49912899823239554,-0.29612316510987935,-0.6580774089358616,-0.22966992626700594,-0.45009956776827825,-0.18617768268328838,-0.2892611178565326
A,0.0,0.0,0.26227802153482105,-0.22039365794173704,0.41101456768987543,-0.5312652977586076,0.3956313324308358,-0.7840136839903532,0.3588579249883566,-1.0,0.1865009871672662,-0.781338587851702,0.20160419019832634,-0.9797382136237108,0.21707955864971973,-0.7705790294292237,0.2249914566603314,-0.5557356594814832,0.0,-0.719327810702491,0.011422139196557525,-0.918013174500903,0.048279739533379426,-0.6491052389278794,0.08834745303098859,-0.40931919026606606,-0.17206220293809102,-0.630051675841742,-0.14383944868715526,-0.7948125267631477,-0.0866677913621022,-0.5166982063040816,-0.04353940905703671,-0.302936012839203,-0.33905733876159233,-0.5070445073951731,-0.2904619846408803,-0.6797742214894303,-0.22699766213356543,-0.4729252245354021,-0.1898133267818626,-0.30443270302481334
A,0.0,0.0,0.2647061480620817,-0.15687381220853255,0.4451246740679466,-0.4954055332672197,0.4325975642330292,-0.7727578643128082,0.38391988056136894,-1.0,0.19894287552144568,-0.7590372284068057,0.21601845277201315,-0.9572764870221897,0.24233413056656583,-0.7447201461297899,0.25886655267948355,-0.52770357278943,0.0,-0.7029853890857828,0.018200394928033523,-0.8945689902661663,0.0660345975540564,-0.6239963175192665,0.10721193340502568,-0.38869027989186794,-0.19342547714748418,-0.6098971417035572,-0.16183692129893348,-0.7713504444001791,-0.09053344721002897,-0.48884873640242066,-0.04552547488657216,-0.27532928696764153,-0.3882932729487631,-0.48221569513553225,-0.343214906942126,-0.636885147835777,-0.26051340064993966,-0.4301687792232061,-0.21412364933613587,-0.26483647406596694
A,0.0,0.0,0.26570770602133764,-0.19866866323705376,0.4306855064942749,-0.5133189807391665,0.42582187668023036,-0.7825404374393709,0.36292948433946937,-1.0,0.1877681191829542,-0.7614038459653945,0.19022243534688496,-0.9646138892020732,0.2203651372426083,-0.7714798418787285,0.24314072775553633,-0.5627315361509735,-1.4776366491325688e-17,-0.6998306784101019,0.015019998905341137,-0.8847709423153687,0.06359106093779461,-0.6287670788268254,0.1065031661310904,-0.3962650701248756,-0.1816371420652556,-0.6054299799248264,-0.15142885617489787,-0.7582667276112945,-0.0840647951184418,-0.4956236739679466,-0.036922357312228725,-0.28610875602049024,-0.36688485260119374,-0.47985852762446707,-0.3215411878954923,-0.6417964870063023,-0.2458400487700093,-0.44462328551550545,-0.19891454072677625,-0.27800965082870555
A,0.0,0.0,0.2555159372353985,-0.20005636103678207,0.41483385675566214,-0.5083907215332969,0.4005265776732625,-0.7774873363472438,0.33766787770401924,-1.0,0.17733998013571073,-0.753718506751554,0.1906626941115555,-0.9450865872404903,0.21883200226808752,-0.7478438611009931,0.23418053729875613,-0.5401777896716461,-1.4231715527319987e-17,-0.6935564465903947,0.016599228511815535,-0.8863035567826223,0.06655292760427041,-0.6325380508074088,0.10316971952095486,-0.4020346942257354,-0.17040287962090184,-0.6015972530143818,-0.1449331510615033,-0.7739595705408804,-0.07213116536274787,-0.5094770266485903,-0.030196166963445938,-0.2977282091673758,-0.34440086202755144,-0.47694836959132203,-0.3033920975698312,-0.6471963835083585,-0.22666680746735918,-0.4528302787142281,-0.18507185679531124,-0.2867534687540146
A,0.0,0.0,0.26053571359928424,-0.2105149001596513,0.408012044527584,-0.5154344436479922,0.4003505242878754,-0.778502787910397,0.34806473212682765,-1.0,0.18090808625100538,-0.7650195509929562,0.19755555204050962,-0.9531269144970945,0.2219513442939748,-0.7584908509440442,0.23847472383225018,-0.5511012991403937,-1.435469171052968e-17,-0.7085256985798406,0.0175255516595522,-0.8910492994407432,0.06097871310496996,-0.6354064834065954,0.10311364046216745,-0.40573228944566697,-0.17454702485435095,-0.6178502339132312,-0.14679050682752792,-0.7734690232962151,-0.07935321529434249,-0.5093024913334698,-0.032559308419756225,-0.30225448089395646,-0.34929268610888664,-0.49300959120288124,-0.30693188267162297,-0.6440270050811071,-0.22623263838661736,-0.4488652357599586,-0.17548569762325952,-0.2872205170191272
A,0.0,0.0,0.25986784095835574,-0.2071936101251619,0.40573495310377083,-0.5140452870792033,0.3953041888408717,-0.7766775236239407,0.3470063461912496,-1.0,0.18153543365570185,-0.7531400799854057,0.19575680262425937,-0.947233732290947,0.22264958639686772,-0.7578637543631447,0.24265165972784417,-0.5550524308727679,0.0,-0.697058174929343,0.0202133219213578,-0.8976664719043693,0.0602064206258582,-0.6390499020855429,0.09842394087996771,-0.4068786787830248,-0.17345919815610397,-0.6080993845122991,-0.14093538629783478,-0.7726077849319456,-0.080572195604448,-0.5028454351516725,-0.03973622905735973,-0.2943425827053842,-0.3450767702542236,-0.48511707369918156,-0.3053103785547968,-0.6569089514986081,-0.2307793697093952,-0.46775754386093893,-0.18618961938756506,-0.3049855863812181
A,0.0,0.0,0.26452566422423035,-0.21438565893526174,0.4113485095924594,-0.5182791622921437,0.40481482252711504,-0.778349732149318,0.3616154465503157,-1.0,0.17936302541295157,-0.7456651396331578,0.20275930220249985,-0.9499439833375113,0.22543485636127597,-0.7618127156197357,0.2441501797015951,-0.5638551156279641,1.430101121405816e-17,-0.6934405892844633,0.02720173227073851,-0.8942985745797155,0.06730084518756496,-0.6409254302532408,0.10588264500739142,-0.41529455050816644,-0.17603920843476573,-0.6116391894754941,-0.12736344485836917,-0.7873655800928543,-0.06823204522819826,-0.5201676761517676,-0.030400123573625842,-0.3073772981654742,-0.35207254567277885,-0.4963287254529138,-0.29629634154931406,-0.6735385942257693,-0.2197197022720031,-0.48690756216614833,-0.17578677077679977,-0.3166851170843441
A,0.0,0.0,0.2626076676336372,-0.20285816855861658,0.4127965158412602,-0.5093413647384138,0.40189669252752286,-0.7769433168818225,0.34553703675571773,-1.0,0.1783594582298825,-0.7403550325379935,0.1984906922566438,-0.9599797056876184,0.22107528110216826,-0.7659204642457975,0.23836312678794708,-0.56958622357779,-1.423278909460477e-17,-0.6875645336715507,0.02887166933147559,-0.9027489118653846,0.06903187627670507,-0.6466962401197142,0.10553715781595192,-0.42595434879936606,-0.17215575723972745,-0.6059260492088863,-0.12649829690289163,-0.7840902266145261,-0.06493678925467272,-0.5157710866755902,-0.025344725590316985,-0.3142987659697712,-0.3431343368442231,-0.49144870242021993,-0.2810963670985639,-0.6663746505007307,-0.2030077616271801,-0.47218645843978735,-0.16027121669777106,-0.30919044855710903
A,0.0,0.0,0.25704473524326815,-0.21344608776870022,0.3996114384427484,-0.5131568256385634,0.3848260068303091,-0.7792421639446209,0.33225027826898534,-1.0,0.17562993722818365,-0.7467319725341429,0.19880350020364498,-0.9573028043478272,0.2189069278816202,-0.7648997794821042,0.23277743940324175,-0.566687196359603,1.41830505300932e-17,-0.6929747314233456,0.025239424639099513,-0.9065268732065462,0.06657576370812389,-0.6557739925323502,0.10635719583325402,-0.43254706234420404,-0.17167071693094016,-0.6105432129488498,-0.12780987271193114,-0.7914935436709339,-0.06389569558160438,-0.5229408968726406,-0.021644127566154463,-0.31440854580162897,-0.3444313621783995,-0.4918411608070044,-0.2848416933108854,-0.6633930845553218,-0.20576723920886258,-0.4688048863849995,-0.15966143091715715,-0.30311760473002003
A,0.0,0.0,0.266239423472335,-0.2190962929493679,0.4051031666580168,-0.5245321972158242,0.38192742701013194,-0.7851824009060242,0.3230025294540108,-1.0,0.18078394042149074,-0.7490898903556727,0.20849901190647574,-0.9710687939358611,0.22883294985286792,-0.7721471792474709,0.2395053295991871,-0.5706598508429127,-1.4369422484688825e-17,-0.6909327898872959,0.030347605135359085,-0.9228871389115261,0.06864748827101115,-0.6569786491997945,0.10335710872746567,-0.4230171774931753,-0.17542514699899744,-0.6036266515671905,-0.12650416686097005,-0.7866796923059031,-0.06341027089681688,-0.5100625462442745,-0.023757621987203412,-0.3006374780582889,-0.35120652576992784,-0.47937618172309154,-0.28677006749521494,-0.6549973046667948,-0.2065395530304153,-0.453675065726912,-0.16069135477977112,-0.2852135810666662
A,0.0,0.0,0.25677307165724195,-0.21229459894481087,0.40434206988618876,-0.5246771038652394,0.389360321106726,-0.7856549566387531,0.3317990606443149,-1.0,0.17654859618032778,-0.7466770985032741,0.21700503783478195,-0.9660805867710551,0.24111518765341447,-0.7680837665543662,0.2531411818960027,-0.5673631855604796,1.4225225019397996e-17,-0.6953008951974181,0.040681987725657495,-0.9203091028035003,0.08093733242436851,-0.6590443975258206,0.11403494270731905,-0.43001305055378586,-0.1720104482966367,-0.6164696365437555,-0.11348553677119966,-0.8000182594805646,-0.05139496295961376,-0.5205033135161589,-0.014854194536986706,-0.3104824583580468,-0.3477473683723734,-0.5046936926028788,-0.2644421939334904,-0.6746157920823755,-0.19115255000425901,-0.46829608556804075,-0.15752821950138354,-0.3001902760808649
A,0.0,0.0,0.3330920993918794,-0.1260147273216374,0.5362705952555128,-0.42229171181185554,0.5663497311512226,-0.7441705055600665,0.5452407043744232,-1.0,0.29956308496372946,-0.7458909518323692,0.316062824815462,-0.9191367297717047,0.2948005854202344,-0.6521244101717861,0.30964561822753456,-0.4161304784498519,9.825731449552443e-18,-0.6814703402967659,0.01805038196329242,-0.7946888402831596,0.02802286212260957,-0.49040976728816704,0.08003250832155552,-0.24058370328462503,-0.2640866211091003,-0.5854414691815901,-0.26629675520009305,-0.6435768252970491,-0.23411381515966115,-0.37180880347526857,-0.18449514607564493,-0.1651957092506693,-0.5037836245974727,-0.48077875462053526,-0.5388028377866235,-0.5302146053488986,-0.501853632270099,-0.33814125216790136,-0.4478506654353096,-0.21205315589592022
A,0.0,0.0,0.26627491213214943,-0.25150433268111927,0.4175040308858051,-0.5376331502114461,0.41993163037637726,-0.7934030736639418,0.35412582852507624,-1.0,0.17016876731357944,-0.7035756454857169,0.23215862524560502,-0.8841023756321399,0.24514352041330925,-0.7208357175641903,0.2386320698562061,-0.5506906465842305,-1.3869854629749623e-17,-0.684603574609505,0.07730715286116056,-0.8720818101252272,0.10613706234023786,-0.6616221691424187,0.123539102787076,-0.46813806110954054,-0.1627193067239667,-0.6365582812857168,-0.07678818292358952,-0.7985246505809808,-0.03697051393507029,-0.5652533659486003,-0.017983361303189005,-0.37236458256297017,-0.3308299086532403,-0.5556616949237366,-0.2378525911132559,-0.7071863147926147,-0.18118769998583154,-0.5362187163607864,-0.14924659349814876,-0.3833446020988457
A,0.0,0.0,0.26454725520856553,-0.20821986462113912,0.43048618853104,-0.5128831374023245,0.4283182093745963,-0.7812098880940076,0.35515926929261515,-1.0,0.1804451023583262,-0.7589476639136993,0.2092481672777292,-0.9660883586452991,0.2360698502467309,-0.7729099300281238,0.2533364757259004,-0.5658420131159689,0.0,-0.7121331512295395,0.04224000082175839,-0.9166952637462599,0.08735185965310495,-0.6548373813893195,0.12119554468799754,-0.422331125774911,-0.1768868999024458,-0.6296270114286898,-0.11789527082116831,-0.8051568959851257,-0.05545875441227408,-0.531386466359463,-0.023288221466797574,-0.3205542803501325,-0.3555239100272116,-0.5086791396169291,-0.2701898789246477,-0.67098096464434,-0.1984140872462817,-0.4724773138365235,-0.16957228981743633,-0.3091857419634044
A,0.0,0.0,0.26850145673451803,-0.2102807328929952,0.4218981736757047,-0.5176607439040927,0.41969362524098003,-0.7806372163053603,0.3577949511899094,-1.0,0.17275206877126217,-0.7438410885083682,0.21766138657628015,-0.9516523315021931,0.2523069907634735,-0.7498336239690343,0.269101472427882,-0.5496059105816523,0.0,-0.6948456761339056,0.05450876299467519,-0.9124014564754456,0.10591187024351492,-0.6496344092667236,0.13879529076531294,-0.4229523109087171,-0.16777719743786676,-0.6202338277856589,-0.09364179468773362,-0.8080244607815523,-0.02782465962210605,-0.525142497638238,0.005155203760646993,-0.3106179742474815,-0.3391407343605736,-0.5134325871992513,-0.246747970830339,-0.680175938833391,-0.171790694715168,-0.4733850899718913,-0.13808860890812835,-0.30317503945659574
A,0.0,0.0,0.2621008410892682,-0.22037514086658055,0.4055962851221301,-0.5260092030605804,0.3997022047940719,-0.7875653343338748,0.3377682125435866,-1.0,0.16965649225611587,-0.7387757542919211,0.20596485940554593,-0.9501892238947751,0.23738010212946195,-0.7512524764759017,0.25325890581160015,-0.5570495287474847,1.426349756325212e-17,-0.6903891647550685,0.04059423156498096,-0.9213408496574791,0.08535693614964636,-0.6600600952126527,0.11591769723890766,-0.43394705824833163,-0.1660821306626307,-0.6123849094502142,-0.10761535143348756,-0.8001686615568224,-0.0406810996423139,-0.5206937648247462,-0.006047634723574364,-0.3096436512850372,-0.3340850854620455,-0.5002124739295193,-0.2635207671110145,-0.6787657982606982,-0.18387168012284394,-0.4803314084190616,-0.14440199627623548,-0.3141676863157356
A,0.0,0.0,0.2752061414415434,-0.21787430187716825,0.4250183064103592,-0.5220347732726026,0.418691317144779,-0.7854416311786039,0.35877227908648623,-1.0,0.17098794569636727,-0.7446707885205477,0.2229864518993907,-0.9476880201621337,0.2532895064748655,-0.7379701205551995,0.26027230749926905,-0.5411322053654046,0.0,-0.6999816169131727,0.05849718166534552,-0.9199080173168893,0.10435224573538761,-0.6553002133307652,0.12681543438557016,-0.4362464937950635,-0.16715774738247458,-0.6252486613785819,-0.08898412008425743,-0.8113446208653315,-0.026201364187811528,-0.5322423453650938,-0.0035292234616711325,-0.32700133324280484,-0.3393533693273635,-0.515059732003123,-0.2476005753983507,-0.6852250337877505,-0.17349983667358507,-0.4831910026574418,-0.14748563242676255,-0.3209966966951766
A,0.0,0.0,0.27784444488001053,-0.21187487537400104,0.4337615382602724,-0.5160003383174139,0.4274746920588414,-0.7839895206340853,0.3575790950739398,-1.0,0.17401565450263007,-0.7554016045827623,0.21813040190565258,-0.9649630747240102,0.25445983570605857,-0.7556576859304538,0.26716386790829577,-0.5544346377532363,0.0,-0.7076083471111418,0.05182110801917586,-0.920456396259381,0.10862433617533801,-0.6529546734488704,0.13999014717948077,-0.429916560606905,-0.16936443646170607,-0.6283201445551173,-0.09603199648833104,-0.8122338112657936,-0.023413092224871295,-0.5299896507958671,0.00699620242282664,-0.32166870386314106,-0.34141994127101627,-0.5118982366849457,-0.25071745143297186,-0.6773755460072352,-0.17192252274426267,-0.46931549151040564,-0.13979959952052687,-0.3054916578517225
A,0.0,0.0,0.26661204656658444,-0.21092904401409976,0.4183598932169111,-0.5184402218474637,0.4156933969547597,-0.7832268785581067,0.3508871683524944,-1.0,0.1656935354217751,-0.7427219928024239,0.2200253837506311,-0.944764963577104,0.2536579064721853,-0.7396427240278267,0.262328286674533,-0.5441105128252379,1.4425262478388817e-17,-0.7015240649983807,0.0611519485389929,-0.9245810018793554,0.10692418135869668,-0.6638373391302854,0.13050761312034875,-0.44229999572364187,-0.16503096492699423,-0.6289963446587593,-0.08731221744587478,-0.8136938052911166,-0.02361222704035597,-0.5340373781169212,0.003608268025291536,-0.3261112112395809,-0.3373019114552862,-0.5206762288731213,-0.23986004991691753,-0.6855694671260575,-0.16516539285733164,-0.47773624529465164,-0.13577188420774094,-0.3098602014700647
A,0.0,0.0,0.26633433904700593,-0.21799187022682953,0.40878456007399666,-0.5238466270235792,0.4031350493937615,-0.7859714434986361,0.3369651947889502,-1.0,0.16727365916041737,-0.7384574415716681,0.20789937279055873,-0.9414601882203384,0.24101608850642056,-0.7412158470435724,0.25687894708073916,-0.5516362270238467,0.0,-0.6903931669546362,0.04602384569920083,-0.9080040079953028,0.09666410498408572,-0.646541977966721,0.13119735299736382,-0.4312456115103704,-0.16597943779749402,-0.6114095778824251,-0.0983147008065698,-0.7970015042677879,-0.029185469641096588,-0.5228356752806372,0.003923480918908055,-0.32353113414634976,-0.3362621329913677,-0.4978981194436006,-0.2502983759166472,-0.6624367784131132,-0.17242979031251937,-0.46682860144060845,-0.13961973243448128,-0.3140962288067775
A,0.0,0.0,0.2591076004282702,-0.2191589796634237,0.4058305135828725,-0.5176857701346047,0.4020185554832137,-0.7831241130016766,0.3384505312388554,-1.0,0.16010964305736752,-0.7242229267808448,0.1979369441210185,-0.943453860656524,0.23412214770903314,-0.745617583100929,0.24534437051254648,-0.5564018990618539,-1.423602902174932e-17,-0.6782983549557875,0.04315256762342233,-0.912880183848618,0.095656322918458,-0.657766665387535,0.11998414366358748,-0.4435890329778487,-0.1566998455717309,-0.6037507005777022,-0.10091619493619362,-0.8046280261499967,-0.030932560426743083,-0.5357184857296451,-0.0034125603427766246,-0.33447640004135354,-0.319125334033908,-0.49521326225036233,-0.2489496835647812,-0.6764422627948532,-0.16939309555016152,-0.48458338782028315,-0.1377325532307171,-0.324863400181589
A,0.0,0.0,0.2685723006351279,-0.22328977901264327,0.42522291201145074,-0.5287784607586312,0.41817817803400903,-0.7892685874341642,0.3463255229813382,-1.0,0.1691935346327119,-0.7434349195145353,0.21359076994751044,-0.9519079161070976,0.2483327713141429,-0.7467210035137167,0.2584773551784244,-0.5511738955740569,0.0,-0.6969746946688986,0.04835470670616094,-0.9221487809092638,0.10196357341591027,-0.6669737238577154,0.12820000763762612,-0.44925522322954736,-0.16425484186842956,-0.6186545295503454,-0.10500433789811131,-0.8193186552821369,-0.03227998208364154,-0.5462513037200692,-0.0015782722270089161,-0.3396371651786443,-0.33135081634702557,-0.5031233630923899,-0.25686786508515325,-0.6777043308869585,-0.1801015993944081,-0.4762983277075505,-0.149528805434221,-0.3122274393184784
A,0.0,0.0,0.2727973454176209,-0.21883766714809164,0.39634991799470737,-0.5304064629306616,0.3904280528828123,-0.7905855790633841,0.34989382157897564,-1.0,0.18881245803734611,-0.7924816964185141,0.25284221183031985,-0.9184733637422801,0.2814432648169715,-0.6622847365962942,0.2935415326515055,-0.46063613227680605,7.844777497175414e-18,-0.749282878743062,0.09919289483272925,-0.8015399118978149,0.14244180049138933,-0.5187382520762808,0.17307865798825187,-0.31916874844975335,-0.16750790102250337,-0.6784244285872688,-0.036987682684657935,-0.6537656499207656,0.005709934822340804,-0.3978659583764861,0.02816836781409412,-0.23100354003183882,-0.3245086269947701,-0.5931696280049934,-0.19082992534371276,-0.5860092520065392,-0.14558413237463727,-0.37694510857126334,-0.12622447190296937,-0.24443743110309551
A,0.0,0.0,0.2585414036724511,-0.15411631611162008,0.3680076280126436,-0.47984324052175453,0.34804305475716757,-0.7687200041332279,0.3427265084130266,-1.0,0.20492581228638088,-0.6980877377778161,0.23389858946815,-0.8635594956892875,0.25794988771682914,-0.6498823835669907,0.2767746755053836,-0.4483176811323923,-1.3556651320053647e-17,-0.6342039455633849,0.05099629510783436,-0.7832395699848871,0.09582523201034365,-0.47444464131402714,0.13932291192079205,-0.23088366964537524,-0.194777834435567,-0.5488259935975696,-0.12713313112418145,-0.622737981314596,-0.06872558114644838,-0.31535364309339753,-0.0295670203345849,-0.10280514812243052,-0.39800550030569715,-0.4488917364157158,-0.32287856649038404,-0.511830764128941,-0.24742310127077718,-0.27993730789306315,-0.19903627636641946,-0.13093217260212894
A,0.0,0.0,0.23837705392774897,-0.2863578407025266,0.38241370981612754,-0.561004274554445,0.4021504226402791,-0.799657008491094,0.3486870284121303,-1.0,0.15222531094438552,-0.7253555612498255,0.20661137813716182,-0.901245786620763,0.22675376378005255,-0.7782235120083411,0.218711944136211,-0.6422341672110661,0.0,-0.7079289217112131,0.07434781108767444,-0.8832336441506704,0.1073593006524985,-0.7075390952123966,0.11423601702451114,-0.5381158170431415,-0.13922320758021053,-0.6603632401774905,-0.06211088765455701,-0.8264502453548538,-0.01728197524693202,-0.636918445569379,-0.0017848015744912364,-0.4661526837465353,-0.28041573905075745,-0.577315672587978,-0.19105825928485856,-0.7435821479129247,-0.13428675438492033,-0.6011637390392699,-0.11262665153853986,-0.4623942127770099
A,0.0,0.0,0.25111543725133634,-0.23830939878755633,0.39935638735577966,-0.5386335672906077,0.3975372970085541,-0.7956908581269118,0.3310360479648102,-1.0,0.16227071789395883,-0.7488468076478094,0.20425755671140375,-0.9513581618893836,0.23214331719544842,-0.760841221476025,0.24021599834109147,-0.5684126928844382,0.0,-0.7055077512793956,0.04771798958213917,-0.9150386183670861,0.08810490521036449,-0.6682282719098845,0.11289921088834923,-0.4528914992118476,-0.15990735105320159,-0.630418026904904,-0.09977461037640549,-0.8048476480816791,-0.0413928145072876,-0.5457131657770997,-0.011535177429396198,-0.3485060471039687,-0.3256857718218741,-0.5232894659008942,-0.242711699481732,-0.6838788041538268,-0.172920575774534,-0.5042089794376433,-0.14779060904286484,-0.35331752327098864
A,0.0,0.0,0.26292168263203236,-0.2328000455972055,0.41980587378025064,-0.5301479294783393,0.41380215184953334,-0.7908495837323185,0.3402338462073475,-1.0,0.1642772539426343,-0.7471079227869236,0.19144401362880817,-0.9585942110479525,0.22918466403238105,-0.7510864453507967,0.242809788696706,-0.5548166555374152,0.0,-0.6980880978626366,0.02988346926313537,-0.9369584299988427,0.08262754356692108,-0.680342440303031,0.1121897036178783,-0.4589443725684519,-0.1595679537329628,-0.6177340163708216,-0.11662280950575127,-0.8165769180637272,-0.04234983116033023,-0.5480619730319953,-0.008343092014004764,-0.345595757914198,-0.32265655256180364,-0.4988718450269811,-0.26035479634629277,-0.686441324787875,-0.17995566319595943,-0.48925663296119665,-0.14714913212358136,-0.32318917708682315
A,0.0,0.0,0.2656298185530613,-0.21705885751015025,0.42908673355803034,-0.5237608208644724,0.4213817453612388,-0.7877300425132794,0.3466968613358775,-1.0,0.17021415149861394,-0.7530462907349952,0.20017268619882753,-0.9528741585172616,0.23220453761222526,-0.7424888794428454,0.2481356377147946,-0.5436293123510925,0.0,-0.7036777525875916,0.03723173087567555,-0.9271863558930371,0.08512823652724005,-0.6706787827437956,0.11799014136092016,-0.4504269490727138,-0.161667187164123,-0.6238519763301074,-0.10843368379483939,-0.8111107381257429,-0.04188228482470885,-0.5439866629240211,-0.005586953846381337,-0.3431068351088965,-0.32421165013595005,-0.5087314504966189,-0.2531322068721062,-0.6801952739203115,-0.1807694560354611,-0.48377979412518396,-0.1467933480227348,-0.32280896416059796
A,0.0,0.0,0.2583816883762801,-0.21651107387346544,0.4226821678594376,-0.5215121659295984,0.4252252816962523,-0.7836236211327251,0.3616967640664165,-1.0,0.16461266539923156,-0.7452035224254209,0.21449306532422527,-0.9541603112907044,0.25070044165242117,-0.7466313000230403,0.2556780902112824,-0.5521361184767614,-1.4731628726080484e-17,-0.7015519687130036,0.06070407374530533,-0.9300070001311117,0.1085097312419468,-0.67166801873268,0.12479885350782483,-0.4547313350547536,-0.15946447802718375,-0.6267656337094891,-0.08976220033471498,-0.8226029017410279,-0.024389795816448914,-0.5493630584604656,-0.002975779964827005,-0.34379314219176427,-0.32434625086480695,-0.518399401842844,-0.24168543327469022,-0.6941847935154327,-0.1635442076407073,-0.5025266996639133,-0.13699952507813254,-0.3415511156228804
A,0.0,0.0,0.2662216231720108,-0.2205757208719196,0.42998332858635735,-0.52615489491449,0.4221673209037289,-0.7866004545866689,0.34992590528836426,-1.0,0.16969653150440886,-0.7652823001969059,0.20974183668837915,-0.9701747565792473,0.24571806633284834,-0.7583648790296138,0.25591322532804595,-0.5561831569817272,0.0,-0.7173538768934752,0.05156000116016268,-0.9388094410882237,0.09800002826892958,-0.6755585401587163,0.11846367508974595,-0.45068781148696013,-0.16350732963331732,-0.6372026294383638,-0.09824227094342908,-0.8203297627594174,-0.03332470267206839,-0.5486941816627272,-0.00908988463762672,-0.34548647878534366,-0.3285674804935509,-0.5196625295302377,-0.24633428248478412,-0.6868282209253307,-0.17112578046561863,-0.48356650071390006,-0.14359324807017423,-0.3204843914643831
A,0.0,0.0,0.26526304173319515,-0.23525677711797396,0.4195523724025269,-0.5325905922805408,0.4201544059245616,-0.791946239181411,0.34497008019560116,-1.0,0.1682786044478089,-0.7601197863901056,0.19557008129631331,-0.9669916337960757,0.22924756610710365,-0.7629028355840493,0.24734609854017545,-0.5609609770631838,0.0,-0.7106549926708737,0.03606654719069933,-0.9350616642026534,0.0814026054928139,-0.6790971051190766,0.11416927821058467,-0.45119686259998937,-0.16345597392581837,-0.6316098982875724,-0.10839109862174966,-0.8235382742542398,-0.04230407117662491,-0.5503453299257868,-0.006116166151318531,-0.33636322385375456,-0.328849114881655,-0.5177779094904393,-0.25441067081642443,-0.6935028670955419,-0.17821732180310512,-0.491691467154204,-0.14144942474529532,-0.31836995920910605
A,0.0,0.0,0.24980921910797596,-0.22210879291958546,0.40826148819485064,-0.5296094167007254,0.409910367579712,-0.7913697227341214,0.33547404818873683,-1.0,0.16504712296989954,-0.7521136197427294,0.1872079464833219,-0.960960285011018,0.22500088479107702,-0.7562923434233084,0.24433874922690932,-0.5650426763040939,1.4786072863036575e-17,-0.7000643513874468,0.036718527173488495,-0.9202787844685318,0.08941523738313525,-0.6724155449494114,0.11884484346244856,-0.4605052081866217,-0.15947894122106523,-0.6185864681869336,-0.11080233843282047,-0.8118675015003095,-0.040139397521720854,-0.5451289322154301,-0.006254316417123756,-0.3448355445853734,-0.3199764515606987,-0.5018805192213784,-0.2495375949255223,-0.6725289439320036,-0.17136199983577557,-0.4768899910574727,-0.134918879184208,-0.3162559362717846
A,0.0,0.0,0.25393358498107854,-0.23267654905274682,0.41020635124106597,-0.537208204758915,0.4123830927657571,-0.7931966392513736,0.34052308254446906,-1.0,0.16648719072110985,-0.7525165828149093,0.19435442101102823,-0.9612838657679567,0.23198218312684904,-0.7582891180174673,0.2501870991712408,-0.5648917964647547,0.0,-0.7027930967580214,0.04481585821179673,-0.9148632628871263,0.094169838013768,-0.6653783623006343,0.12180986860268163,-0.45514503525004946,-0.16258758054457814,-0.6248907644841065,-0.1022562196220022,-0.8156835088525878,-0.038810424093270054,-0.5476288554882708,-0.009074774371717798,-0.34543138611587265,-0.32692281275517704,-0.5122922700116972,-0.24306402492017284,-0.6860288132175746,-0.16983804658515944,-0.49074884355137977,-0.14035745763362453,-0.32606787094337125
A,0.0,0.0,0.2530187429845687,-0.23629116957296198,0.39779525598888515,-0.5344464431343247,0.4049028917885183,-0.7872742603276653,0.343315719474849,-1.0,0.16012836284235932,-0.7424663677667716,0.18854179547687203,-0.9631407044554025,0.2220544160483701,-0.763018437199897,0.24005809271784104,-0.5679913982079908,2.9324032798141064e-17,-0.6940907599025197,0.03693286907607955,-0.9034355349833639,0.08301417941560399,-0.656662407490903,0.11378696453686593,-0.4441413131360623,-0.1590834406013007,-0.6192809660108191,-0.10482116580317091,-0.806025686504952,-0.04281527075273388,-0.5399057852387795,-0.008433854639816654,-0.33516868565776325,-0.32083153485157834,-0.5123489740335095,-0.24364684589901092,-0.6702975898296014,-0.17098578347180585,-0.47332453650245965,-0.13658226912863744,-0.309234985399111
A,0.0,0.0,0.3082511056646427,-0.10841220409527555,0.4516642711266856,-0.4328186391580477,0.45467188359177685,-0.7491653351209391,0.4125859219982474,-1.0,0.24975398105788313,-0.6952104064742249,0.24809558529018835,-0.8880430958721918,0.23984685695530197,-0.6036607658155698,0.258497313285612,-0.3601102880052662,0.0,-0.6284664232407167,0.039860817742011556,-0.7292297531333377,0.059518837414686485,-0.3970024681918444,0.09665853651262929,-0.1439916689156702,-0.2067062611650655,-0.5450373495192952,-0.17348514806447546,-0.5718913542770384,-0.13483164279733043,-0.2545420308484404,-0.09134638337338524,-0.04413437400665281,-0.3958385803238229,-0.4587946837128085,-0.3725559958849078,-0.47556558242952784,-0.3371258912878321,-0.2278340947410398,-0.29198394029741326,-0.07318973154491834
A,0.0,0.0,0.2492111980480401,-0.23671802248431287,0.3930711381834619,-0.5432285115685922,0.39018520726773165,-0.7919159975372462,0.3462476479174864,-1.0,0.1627494125034537,-0.7543507820995365,0.20094187681093473,-0.9341996228985029,0.22530406934408084,-0.7497700553488051,0.22949335575177032,-0.5787057747624296,1.4356737227710643e-17,-0.7111668228550898,0.045325440531640046,-0.8876045643971874,0.08479402943528931,-0.6388572739212609,0.10688535059798271,-0.44248217314165283,-0.15867565404988823,-0.636499349592289,-0.09912803865269788,-0.7919109029188589,-0.047617415679609316,-0.5396062142262841,-0.01887454222262881,-0.3519730532253721,-0.3236405879527354,-0.5290965703467728,-0.23989262004333378,-0.6837252499780985,-0.17308654561514128,-0.5056288331367977,-0.14330075586816976,-0.3553412981137287
A,0.0,0.0,0.25796745610261174,-0.23414684731757418,0.3968271828155773,-0.5341035365639348,0.38570990924285053,-0.7916937920082312,0.3212641683343847,-1.0,0.16445940194114425,-0.7452875083885879,0.19171967439101076,-0.9534589192061722,0.22088154081637315,-0.752144442834206,0.23898140686256536,-0.556617204687296,2.9568025618334264e-17,-0.6941512084750798,0.025753468230348485,-0.9118422391037839,0.07972507803007155,-0.6628386915479068,0.1221128367599635,-0.4472572638656819,-0.1628990842387748,-0.6133165529257579,-0.11591188136502877,-0.8077148095891917,-0.04044752403934782,-0.5432554394175193,0.0021624988151561415,-0.33977553264299126,-0.32772830503428463,-0.4937125899152484,-0.25835771785904116,-0.6597208174211749,-0.17739305626554347,-0.4642237563556844,-0.13825829897658046,-0.30182295106417617
A,0.0,0.0,0.24828686836311195,-0.21517381627152368,0.39769264592640635,-0.5241047343671795,0.3956498835002267,-0.7829474143866217,0.3518287830073555,-1.0,0.1648493773440473,-0.7472429484465866,0.1974149798201233,-0.9555890202541525,0.22326562108201853,-0.75012135187739,0.24148619201854984,-0.5542096845918034,0.0,-0.6963267129972625,0.040077718901871784,-0.9138461411721375,0.08025575632674144,-0.6612611327585778,0.11583288680843261,-0.44484869667624555,-0.16394414491967157,-0.6166363000708919,-0.10953165505659473,-0.8094169148104912,-0.05072918844724884,-0.537384811917864,-0.011377355384923892,-0.3317158901288003,-0.33170017771707794,-0.5027518911084037,-0.24919451632103767,-0.666760164092118,-0.17992557729392591,-0.47343561566730324,-0.14481706284349674,-0.31051245642801145
A,0.0,0.0,0.2507920827959634,-0.22025963599257645,0.39850573617031176,-0.5279850360996718,0.3930256843663949,-0.7846447402336797,0.336148256608383,-1.0,0.17015647606500722,-0.7552168561516486,0.19366192392490836,-0.9522304304987466,0.22697476701155322,-0.7449050558915535,0.2457978300550265,-0.547123551386142,0.0,-0.7020033043952458,0.03768689196894907,-0.8997474853390786,0.08395778029639511,-0.64269384370195,0.11684564964288348,-0.42568646118801573,-0.1669519782978667,-0.6213182683131276,-0.11168419453043973,-0.7918230437723592,-0.04914638627737419,-0.5237632403622101,-0.012979330320262179,-0.3235551889896763,-0.3349210599551073,-0.5069202622704453,-0.2507292002442979,-0.6674690577665982,-0.18218774983041391,-0.4702592145971355,-0.15208639838983587,-0.30756454739763545
A,0.0,0.0,0.2554291155238459,-0.21751079768971443,0.40916729155518483,-0.5254271615410419,0.4088532756858857,-0.7849861946361995,0.34387197882129883,-1.0,0.1704494210584735,-0.7577050889432219,0.21213549347945995,-0.9544583247070553,0.24793379357363254,-0.7466970685874784,0.2636152207457026,-0.5460733810439092,0.0,-0.7050697285381805,0.056952213182046935,-0.895118812073553,0.10688687453610318,-0.63839805689658,0.14135894069116753,-0.41688862624648665,-0.16768518289959164,-0.6248975764897697,-0.08875274844429885,-0.7687255411701673,-0.029683234886914423,-0.5037849166898984,0.0014821833931460333,-0.30718516345057745,-0.3352990490018315,-0.5138708942474369,-0.23024805044223023,-0.6444209640118426,-0.1666680419513561,-0.44853966130677725,-0.14156579044079676,-0.2919418697204413
A,0.0,0.0,0.2551620518397007,-0.20869583517064597,0.4161518081029253,-0.5182589036119004,0.4194418906781518,-0.7834513036539028,0.3706055384407214,-1.0,0.17314942602971298,-0.7605171535121815,0.22285018390240807,-0.962462700436994,0.24431349461145913,-0.7460622439005006,0.25309734854994553,-0.5412704978166681,1.508847181426532e-17,-0.7065154191915345,0.06337383825865013,-0.9025123353063628,0.100687769570068,-0.638021449886785,0.1318390902858731,-0.4142482959393486,-0.1701760290288956,-0.6275733262814318,-0.08476739283574486,-0.7745481028549792,-0.035925956441094684,-0.49755813679069216,-0.006476657350060802,-0.2950890743794165,-0.3410441480594536,-0.5184600831531523,-0.23428667535020026,-0.6602188772684657,-0.1756702675821603,-0.45643271064956803,-0.1516768033887561,-0.29327359780389606
A,0.0,0.0,0.24911369423319407,-0.20944045835459368,0.4065014684664628,-0.5221913729624681,0.4116363692679471,-0.7839251659496889,0.35812888169142854,-1.0,0.17066417613940824,-0.7592590867801958,0.21180627767942564,-0.9648636610763122,0.24234496251252594,-0.7532445216368734,0.25456868046199077,-0.5521542954542429,0.0,-0.7047390884450992,0.0541559324083254,-0.9060372831850594,0.09879788751854848,-0.6448076803883752,0.12949740237925444,-0.42424903222739885,-0.16732389349111268,-0.6235092101053653,-0.09271511037018092,-0.7762988362574931,-0.033810456019111174,-0.5018096332651549,-0.0012145070277288087,-0.30397780146273423,-0.33557513252548116,-0.5118795597439016,-0.23839848885276776,-0.6540336009609874,-0.17257308342116998,-0.4509632386744838,-0.14544005836790003,-0.2922660227684114
A,0.0,0.0,0.2535974045583091,-0.2115771728132638,0.40301147948893506,-0.5198685573388612,0.3878690979402299,-0.7801917905722143,0.33968861739627954,-1.0,0.17390817239377043,-0.7460075665337218,0.20915116099208317,-0.943185405175192,0.23588331784344962,-0.7365295973372753,0.2512225803620851,-0.5350853540454366,0.0,-0.6921070563380776,0.05029632696388597,-0.8904930995006858,0.09098659862888833,-0.6329606751716471,0.12723261009143289,-0.4113443552677322,-0.16678685331331372,-0.6118212385423373,-0.09464552623886258,-0.7585836145550579,-0.042056533383776205,-0.48474455656007204,-0.004300825675389659,-0.2881098363895059,-0.3329178611741096,-0.49889126413653506,-0.23959510066812553,-0.6383675670556449,-0.18108182674848744,-0.43215118169092664,-0.15146959901633,-0.27401106498219846
A,0.0,0.0,0.25172163550760634,-0.209004635920228,0.39267365785797803,-0.5206094909712162,0.3895566009084199,-0.7806170974695485,0.349707278152079,-1.0,0.16906409810268955,-0.7388999095411114,0.21374501141049118,-0.9405650145335955,0.2400570636824865,-0.7313947466903694,0.2521469806085436,-0.5303813922240234,0.0,-0.6838475529978966,0.05911945713513726,-0.886779510426826,0.09694138139829944,-0.6225654459586061,0.12537821430328847,-0.39979686766134065,-0.16602608244087325,-0.6033811458924743,-0.0917576384599632,-0.7647758336648363,-0.0389016896281668,-0.4847050336826304,-0.007980640972131626,-0.2826648910971743,-0.3352740866165446,-0.49434103281917374,-0.23681958060366717,-0.6517585896763487,-0.1709682525316268,-0.45257945661145366,-0.14471073299741266,-0.292816365439454
A,0.0,0.0,0.25984140733938815,-0.21198846681220482,0.4058808761306021,-0.525108823079989,0.39803849184096135,-0.7839764531038117,0.3590543060907573,-1.0,0.17181483636981354,-0.7387376884461289,0.21138726866192017,-0.945214487000911,0.24420760422192309,-0.7357383387986826,0.2586158466706678,-0.5359723779742864,0.0,-0.6852277148138898,0.050155091392542824,-0.8969904262911197,0.09469811077445638,-0.6316152903748011,0.12738423090631912,-0.40761871439380015,-0.16719710714260036,-0.607017349676839,-0.09719399758985309,-0.7654626279147158,-0.03895530758307023,-0.4834193160237623,-0.003937663475695084,-0.2828898467813357,-0.3379243167787991,-0.5004323752016014,-0.2411047584768413,-0.6481694458689131,-0.17135053957705076,-0.4437743201412521,-0.13896304841814971,-0.28488145971362905
A,0.0,0.0,0.2574878439942816,-0.19104924100794296,0.3812668707642885,-0.5133339705052539,0.3907371114673516,-0.7882791119555355,0.3434508077392163,-1.0,0.17372913296946416,-0.666207007323838,0.21935040212560158,-0.8769476698692859,0.23643900218524153,-0.6614944468721736,0.24913984361281422,-0.4750211071105319,0.0,-0.6211384396458693,0.050565866357278506,-0.7912066230849932,0.08267121169946312,-0.5179219538749541,0.10577427870897121,-0.3138092201175631,-0.17137967604453927,-0.5553418063929715,-0.09802539843779243,-0.6599266253862721,-0.043144613322749124,-0.39116689813406863,-0.01859005318523167,-0.20742065494587317,-0.35696199098329495,-0.4751658164652507,-0.25886725087216184,-0.5647803538167422,-0.19540112423727174,-0.3582474224616032,-0.16753668453336099,-0.21970169289885197
A,0.0,0.0,0.24839679107493487,-0.24903888906097274,0.38570675160278367,-0.5401620169931312,0.37636473178148727,-0.7923906911043308,0.33775009262735906,-1.0,0.16853432574647143,-0.7515206611063268,0.20625142257390408,-0.950047391749478,0.22979821051250288,-0.7461726986272719,0.2375274299669122,-0.5537278179498173,0.0,-0.7027676346434477,0.056572512504494396,-0.9065389087243824,0.09833961015179653,-0.648206438623689,0.12403184046572821,-0.4314415502081574,-0.1604298513925155,-0.6332226971092265,-0.09241813436253005,-0.7966559676010371,-0.03405972735543631,-0.5292567188007805,-0.0009730223488994945,-0.3284986550705153,-0.32123726335419384,-0.5328155968027876,-0.24230306372495086,-0.6906615429810021,-0.1747288691771859,-0.49349376173696846,-0.1474397584656175,-0.32621749400742056
A,0.0,0.0,0.254204994763806,-0.22559683770380928,0.39327165989119994,-0.5349645333745467,0.37809406072971063,-0.7894846592746404,0.33930549009049976,-1.0,0.17044207302067235,-0.7322449872383171,0.2061828833854228,-0.9423430274656364,0.23144494379735475,-0.7360044347575719,0.24382289550654743,-0.5450570168186405,0.0,-0.6825993282071168,0.04716138988584051,-0.9010065124004963,0.09262506289869928,-0.6436712864108669,0.12257381713790252,-0.42972824882109245,-0.16552056688433156,-0.6097246729681386,-0.10207046169869712,-0.7805329481190671,-0.037966198582767625,-0.5089510414484341,-0.007274668682583523,-0.31519241519010355,-0.3350306630103596,-0.5055231414338479,-0.2552722299118584,-0.6628471881066073,-0.18155856821196706,-0.4677189223753128,-0.1503683124343321,-0.31418729888836344
A,0.0,0.0,0.24617119394694834,-0.2201453280594821,0.38762572249157895,-0.529359908659838,0.3862229513130516,-0.7863974850345491,0.3432133450893737,-1.0,0.17023676459438888,-0.7257680935879267,0.2057910288106015,-0.9424402088043208,0.23675343727169545,-0.7392644615852669,0.25111781166670816,-0.5446171324065169,7.38592395800179e-18,-0.6735451231684036,0.041829626729857225,-0.9018679979686702,0.08732079956562912,-0.6412788848689648,0.11803867078208681,-0.4238373232460773,-0.16608808057195767,-0.5981136565149178,-0.10683196573646637,-0.7834117011812023,-0.047453115630922194,-0.5087136267848247,-0.016753838536542408,-0.3096599697141933,-0.33517378436778994,-0.4923559908970604,-0.25421561481860006,-0.6666342178770417,-0.18381590496947675,-0.4750781119279872,-0.1545081729030535,-0.314243529124569
A,0.0,0.0,0.24814490840365303,-0.2164596889535164,0.3975320779545242,-0.5277961426765881,0.3989278926003231,-0.7863584109905551,0.35033310956963826,-1.0,0.17886251065812098,-0.7417079224340171,0.21467109056295722,-0.9571595022330803,0.24035564611995425,-0.75045316282818,0.251859713132118,-0.5515431338501303,0.0,-0.6915637910285878,0.049533412369778804,-0.9094912912407109,0.08685176109428164,-0.6414247613528006,0.11058586739315095,-0.4164059239564211,-0.1742027924904669,-0.6141672246431874,-0.11233450189443267,-0.7956632009464676,-0.05549806854557199,-0.5199482032810494,-0.026048242008420926,-0.312190990411878,-0.3505577519381472,-0.5046150796853989,-0.26838326729570766,-0.6837272477222474,-0.195324238683731,-0.487858098280576,-0.16221435948758056,-0.31748562941088326
A,0.0,0.0,0.2510789879912157,-0.22269257114385868,0.40021913727014513,-0.5308659511168122,0.406595261225065,-0.7858968503517645,0.3479778241567927,-1.0,0.17911223682596064,-0.7598920852217061,0.21614710860293482,-0.9609871140823159,0.24490587944038086,-0.7577914256870633,0.2591715949289947,-0.5592608920450799,0.0,-0.7115136770988377,0.05108877730050581,-0.9158566121010107,0.09127218588129818,-0.6532298818511911,0.12375272823202413,-0.4265143274691458,-0.17503353221174955,-0.6342559102869404,-0.10364706209760091,-0.7892788533524563,-0.04928797743593155,-0.5154219131587416,-0.016729491427667727,-0.31239027985846063,-0.34762363846629313,-0.5245084084134634,-0.2471290922192896,-0.6630770726003385,-0.1813682255047423,-0.4619592544312551,-0.15304951775555714,-0.3013500028745394
A,0.0,0.0,0.2548676009931795,-0.21545571910461847,0.4070534216722974,-0.5283780059316663,0.4082983533523652,-0.786157591233465,0.354825897914065,-1.0,0.17570352777178888,-0.74506498287979,0.21474578766977223,-0.9566125727698969,0.2423735778102725,-0.748261687227263,0.25364456097241095,-0.548113835709156,0.0,-0.695724351730326,0.05204724307639343,-0.9089974308727168,0.09109171519908736,-0.6366986883008313,0.1161799315358662,-0.4088689847760829,-0.17177083640814403,-0.6185347329972027,-0.10696478588894548,-0.7816520427749402,-0.04944258008443338,-0.5003216634224708,-0.018569067389905887,-0.297263194550152,-0.34625001410462325,-0.509958357099181,-0.2544323411714258,-0.6601519523086942,-0.18294978457975902,-0.4575814418740405,-0.15094852896575475,-0.2973627908553374
A,0.0,0.0,0.2520854932437894,-0.19890115880103396,0.4119970965910066,-0.5147303588967269,0.41713133146377773,-0.7791147133703465,0.3687895941184512,-1.0,0.17526501091346636,-0.7508181368017175,0.23200485331287357,-0.9530916197309937,0.2575953936127059,-0.7360815087667056,0.26359334499866566,-0.5341312540885831,1.497909589000035e-17,-0.7069526514161685,0.06896091018296138,-0.9090604371392248,0.10305821394860967,-0.6312479487479469,0.12617537536402496,-0.40372522417765694,-0.17099175265884703,-0.6351364109491144,-0.08895945032242077,-0.7779627558826102,-0.03820078834055923,-0.49256632933646705,-0.010816207989735774,-0.2936146914501325,-0.3434628040351917,-0.5320463245728159,-0.23382617050950563,-0.6665630493862207,-0.17095979760613983,-0.45825503826733055,-0.14760326163986803,-0.3022878469577382
A,0.0,0.0,0.2540036759725884,-0.208783908908217,0.40859004605685806,-0.5200815030751259,0.41018133839796767,-0.7807685797915047,0.36814142829810326,-1.0,0.1739439943154392,-0.7354512080680153,0.22315843212567427,-0.9500909905657797,0.2538047076480817,-0.7418096608169531,0.26372629034965567,-0.5441407068175684,-1.4876284913565288e-17,-0.6896639580749343,0.060108314468288494,-0.9083253076534112,0.10344788823038226,-0.6420639033543333,0.12879003744383563,-0.42107254732066546,-0.17087665351736842,-0.6171412390924003,-0.09229074761091158,-0.7863187684061274,-0.033342345231101765,-0.5062418779454788,-0.005266957923930709,-0.3060743717410243,-0.345380299836432,-0.5115545067159646,-0.23997915730743705,-0.6629785520294907,-0.16909930003056758,-0.4599720154343449,-0.14217646307992055,-0.3011450021292272
A,0.0,0.0,0.25727279891471555,-0.2022524136763826,0.40442283472598706,-0.5188907674653009,0.4032654304516678,-0.7819923378036402,0.37092478287107555,-1.0,0.17775415314119725,-0.732497334330472,0.22901109600672134,-0.9351202218760795,0.2555740467581385,-0.7260859010402374,0.2630077029076793,-0.5267143731305347,0.0,-0.6884909462150625,0.062196930057355534,-0.8952560035263614,0.1021280751772749,-0.6295755970266456,0.12620191902417766,-0.4091909088589679,-0.17294425468688282,-0.6155638308022733,-0.09011588888821855,-0.766514669520535,-0.03368115931420634,-0.4888617902209969,-0.007724426717030254,-0.2945694877612946,-0.3466831332915658,-0.5108414676608114,-0.24051580908421025,-0.6596914994915504,-0.17256542675355752,-0.4577318569070281,-0.14931221064054792,-0.30254371565051663
A,0.0,0.0,0.26107459974403285,-0.20417649942663565,0.4100090104294248,-0.5177431648128732,0.4099362535960964,-0.7800242723250765,0.37469890670745526,-1.0,0.17812050821601347,-0.7335851825346622,0.25080282498527245,-0.9314152409791125,0.27216577920057605,-0.7193670976128236,0.26861700776687575,-0.5159537022731516,0.0,-0.6971846942967841,0.08229402208813268,-0.9050311047634635,0.11476926005419733,-0.6363990628011491,0.12912086068381523,-0.4073299674875413,-0.1736165034006825,-0.6341854958980288,-0.0714278667597715,-0.7828427645943163,-0.026535015213152973,-0.5038685016621673,-0.012136655742360355,-0.3032131122603673,-0.3507584474780378,-0.5390347571609433,-0.2227796219532026,-0.6743808481953145,-0.1650132282402805,-0.4631800332135836,-0.15153140582920083,-0.3006159873357073
A,0.0,0.0,0.26537573391836894,-0.21027534473110174,0.38792051538388866,-0.5307038333223504,0.3780047624775379,-0.8020173001986634,0.30737768569394486,-1.0,0.17183519527932029,-0.6878985688516556,0.21064507085992853,-0.8577688096348111,0.2139851375930493,-0.6609330129126196,0.21353249486372697,-0.4805029585757056,0.0,-0.6361474087749226,0.054584140374638775,-0.8022604119920603,0.08896821445691865,-0.5512294486127296,0.11627202488412369,-0.3487922719046289,-0.16093204823818147,-0.5643722507180016,-0.10534929276863676,-0.6797007293349931,-0.042277487604196674,-0.4184504961239292,-0.0030247818964252832,-0.2316114539777976,-0.3277464866021976,-0.47556078115876016,-0.2683950714249665,-0.5772582986685248,-0.19417980733077872,-0.38723952959048635,-0.14814790380379939,-0.24946418562371633
A,0.0,0.0,0.24897439298239857,-0.24139374532481367,0.3880864037132848,-0.5444835629538145,0.3998463093345085,-0.7901615359762718,0.38235214330180983,-1.0,0.17573354640262134,-0.7720523175244534,0.23486310565573615,-0.9537758476317427,0.2673082708978857,-0.7540983961282639,0.2696934900605257,-0.5689124064895404,0.0,-0.7287369846086444,0.08332341567606692,-0.9119703367416804,0.1270215533952793,-0.6418336905197142,0.14366844419038424,-0.42875549078745634,-0.17067137790705686,-0.6605660686859923,-0.06126989360333007,-0.7998777335403869,-0.009024957613632341,-0.530491377174062,0.008998810578574296,-0.3374422610641385,-0.3420489214916043,-0.5560933861454855,-0.22429624853866942,-0.6937117294599313,-0.1562305257104946,-0.5021202768857785,-0.1395803213918176,-0.3534072116369937
A,0.0,0.0,0.25135227852477177,-0.21751275116830254,0.39302919580704776,-0.5275497202157237,0.3945416416940826,-0.7862275780818686,0.34811727746504034,-1.0,0.17172601068900303,-0.7404177278225564,0.21890478760430016,-0.9548871089330198,0.24946524628087655,-0.7483252114819728,0.2600239568773315,-0.5481046142141272,0.0,-0.6980954533328279,0.053790113610321925,-0.9072614644960708,0.1009319214844278,-0.6427675282996018,0.1307061122746935,-0.42153955230372814,-0.17122185399314643,-0.6265239743505331,-0.08736418729414264,-0.7789279405450522,-0.028939579904248485,-0.5104062293406745,-0.0059447675784319275,-0.31767634280447493,-0.3428379525769687,-0.5203339378025704,-0.24310498841557315,-0.6558254149644637,-0.1719354645167534,-0.4564179849106372,-0.14808161307121145,-0.3025175341647647
A,0.0,0.0,0.2530233794649845,-0.20854242964730144,0.39004748609730044,-0.5261147939519074,0.3896307950509484,-0.7847421635145387,0.36291049461101665,-1.0,0.17373132917241643,-0.7369569644385731,0.2285136918075422,-0.9423000423013663,0.25645524876691983,-0.7323958029302859,0.2625150650506096,-0.5314455215179953,1.4495031492390812e-17,-0.6937778859408064,0.0636463116561187,-0.9071792257118397,0.10363933319007364,-0.6405591020330815,0.12306755967926437,-0.4184463075109212,-0.1706436352091242,-0.6250599613827773,-0.08726960360160209,-0.7841044017371719,-0.035383652900267716,-0.5095161797639174,-0.017920107582821435,-0.31456030075076336,-0.3421733699011591,-0.5242843673662851,-0.24680267660758737,-0.6776886869569364,-0.17937202017198725,-0.47661635057237584,-0.15682314944264686,-0.3176330606392844
A,0.0,0.0,0.2579991703654276,-0.2122560757213339,0.39874869920769596,-0.5333224509339322,0.39686904982250226,-0.7896400670221329,0.35496856068481525,-1.0,0.1773650039461954,-0.7424400427405768,0.23157966916170164,-0.9481456943304154,0.25849997322962387,-0.7385542150954444,0.26041180647832124,-0.5358211494467822,1.4581511804311755e-17,-0.6975605616812636,0.05991024878414168,-0.911636771354904,0.10765106643930444,-0.6456540309673162,0.12728338058032193,-0.42244145294864865,-0.174121094749627,-0.6255984827391244,-0.09145145890009028,-0.7900464434662338,-0.02977592112711749,-0.5141232615402475,-0.012549502900813024,-0.31389213810676775,-0.3495622566391136,-0.5205235834110699,-0.2551504123182187,-0.6752312689662655,-0.183234915758124,-0.4784347886261445,-0.16471476560663728,-0.3207723052839583
A,0.0,0.0,0.26038964907941065,-0.2108501751090425,0.40490859844525456,-0.5269975544707918,0.4010314337649405,-0.7852624201873047,0.3533137550830285,-1.0,0.17896028685214707,-0.7515000815138173,0.2205378034552756,-0.9457063979454616,0.2576624459111803,-0.7324899957841285,0.26498450389156014,-0.526884330859373,-1.454034753055784e-17,-0.702930954579144,0.05727151496692874,-0.9002101009671999,0.10844516199637537,-0.6372083009021273,0.1273813701108121,-0.41616780771146544,-0.1718202068644738,-0.6268633661547565,-0.09420040612949841,-0.7740286388041756,-0.028565324371137,-0.5063250056470981,-0.007226803050058877,-0.31149525842034503,-0.341055133517482,-0.5169666607078494,-0.25303057802462386,-0.6610119674837126,-0.1766440464187727,-0.4638663406119609,-0.14983698153974984,-0.30798596176919585
A,0.0,0.0,0.2573033973029082,-0.21617706318760388,0.4034259715741437,-0.532992577998327,0.3936011446890384,-0.7881848560511384,0.34997620056678364,-1.0,0.17811818742978786,-0.7466471706011812,0.20662119927216915,-0.9418366066954178,0.23727378619012174,-0.7325654378287219,0.2520343103886682,-0.5281313520679272,0.0,-0.6903317018623317,0.04714442613186088,-0.8904140565401509,0.0853977410125931,-0.6345036154803159,0.10850255471942469,-0.4137436290230117,-0.17053440238068893,-0.6082871471626389,-0.10428856075769853,-0.766516797207006,-0.0525616689267869,-0.5061933611826236,-0.028860062812067076,-0.311582363400969,-0.33859782547709977,-0.4941467000194957,-0.26327114050475625,-0.6566512871720054,-0.19604143823403844,-0.47067805239501276,-0.16902754019015798,-0.3154962473849519
A,0.0,0.0,0.24905402572719054,-0.21050398280633786,0.40170738731925637,-0.5281470434503294,0.3836534551229723,-0.786098252315233,0.33876166316881184,-1.0,0.17941938558696496,-0.7460202507870627,0.19825764158643802,-0.9383397006100247,0.2240404881147504,-0.7322830377986373,0.24206307112342917,-0.5298734788788311,0.0,-0.686145765408673,0.03743152876108056,-0.8799092179162175,0.07869522314685609,-0.6302452920058367,0.11141192111274299,-0.4105904227647462,-0.17144467761331042,-0.6020578569133478,-0.11090808802039441,-0.7438426501768935,-0.0531435500196544,-0.48906204681227783,-0.02178072035897746,-0.2987091065649426,-0.3433306945730401,-0.488299872097177,-0.26714154140163127,-0.636163902344603,-0.19971999540847216,-0.445355779968041,-0.17190660410943792,-0.2920206453039136
A,0.0,0.0,0.24167774739099934,-0.20295692561069043,0.3978680850854194,-0.5154109224582158,0.3950075406013479,-0.7786313542388031,0.3566525510193059,-1.0,0.18034739304435596,-0.7466566371284417,0.20046813061380325,-0.9508245888165775,0.22265586905159396,-0.7321898375235759,0.2341895153147993,-0.5248482701436015,-1.4265177017884272e-17,-0.6874374374238588,0.04249852196138082,-0.8855813039603924,0.0802640865107386,-0.6229413790409731,0.10504529609792575,-0.403437841929767,-0.17366127086649794,-0.6025834816279668,-0.11691783093343495,-0.7600896272774137,-0.058896491106756974,-0.49951436325447285,-0.027917426664144686,-0.30730221572118643,-0.3480481838156118,-0.48840819591069945,-0.2744315659459314,-0.6448986749064972,-0.20556137472388206,-0.4587233379581844,-0.17833686142683142,-0.30822832666507977
A,0.0,0.0,0.2416281579176769,-0.2064456703150207,0.39622107968124015,-0.5244002068875512,0.3901204334676097,-0.7846213571620899,0.3488888150182328,-1.0,0.1788052470062448,-0.7369036691459261,0.19483904135835742,-0.9475190629890692,0.21570544212752832,-0.7388848092007515,0.2313737733014321,-0.5427847782988037,1.3916026836960804e-17,-0.6778873907510974,0.03628738320873315,-0.8816843804478294,0.07664507237984525,-0.6207324707910661,0.1067594960655881,-0.40735978162600434,-0.17059879812789952,-0.5934369598040117,-0.12122665721940831,-0.7594294275296771,-0.05988095007530981,-0.49358386954788114,-0.02320479537224963,-0.30269803874709356,-0.340790392002038,-0.47786135734612917,-0.27918059350081914,-0.6374395972685162,-0.2077903419550087,-0.4481522325229648,-0.17327425898972756,-0.29854535233962876
A,0.0,0.0,0.2439661973753102,-0.21375874492348088,0.3942344573232162,-0.5302865818428898,0.37866933339751324,-0.7863733943494405,0.33892363449099905,-1.0,0.17772057866479357,-0.7388331729599356,0.18527413936724865,-0.9443157216154158,0.21134228734098304,-0.7395673645321612,0.2290292603640634,-0.5442350530488446,0.0,-0.6761359466793053,0.02663057480049298,-0.8781308645111277,0.07238732928502754,-0.6239836310030521,0.10242676753909798,-0.41161511113739185,-0.16813608267572017,-0.5872405436653805,-0.1306466896828378,-0.7599080723945555,-0.06423346618063794,-0.4976632183424503,-0.02669821316764538,-0.30460271204770145,-0.3350334645778188,-0.46587314493319315,-0.28561244363354266,-0.6342138422678181,-0.2118507718843186,-0.44900323040613777,-0.17710567995873847,-0.29666198921347325
A,0.0,0.0,0.258123412599549,-0.2007641512804599,0.3778516440633046,-0.5156004383909298,0.37179469029305207,-0.7875158468994404,0.32428086619126906,-1.0,0.18351186828300473,-0.6723719264210681,0.21798897529144165,-0.8573575155042029,0.23483132975300747,-0.6443028206486564,0.2441398764675346,-0.4519218207528432,-1.1652265959417137e-17,-0.6228406562424521,0.04819060905214877,-0.792738305633713,0.0866723029724014,-0.533361784218371,0.12355938612367001,-0.31929207606273025,-0.17313803115059845,-0.5586070384651131,-0.0961425667250713,-0.6394443145246267,-0.04010707004397329,-0.37167098872358795,-0.007995033868792138,-0.1835659809882697,-0.35843224948699137,-0.48805646634713634,-0.25492342497554493,-0.5563296793726512,-0.19219791411461637,-0.34659162708058333,-0.16020142910379284,-0.2098878464484941
A,0.0,0.0,0.2483281793225491,-0.22976005702975177,0.4003652365674873,-0.5320520806021413,0.40272706522762886,-0.7885021010489408,0.35884658155075977,-1.0,0.18529005115885006,-0.7510449352819171,0.19255795538702752,-0.9621045065829155,0.21923996152844188,-0.7605241025252223,0.23545340780473684,-0.5621577062333944,1.3811286173428052e-17,-0.6935439313297205,0.029364171743278693,-0.8970850214787418,0.08249019260667853,-0.6294084800187107,0.11504625724133047,-0.41448841157629746,-0.1700212986968066,-0.6059740568268746,-0.1290429404194684,-0.768041014912376,-0.057785867094207945,-0.5116688402824009,-0.021794406871837504,-0.33002125372846286,-0.3360406170358372,-0.48446152466033965,-0.2783859666911919,-0.6446448885059094,-0.2012735134142113,-0.4658940760182843,-0.16762981376334748,-0.32442178657780735
A,0.0,0.0,0.2403024044417339,-0.21535434433553144,0.39417723166170493,-0.5255519504597764,0.388941092245663,-0.7847008736428439,0.33934193378224303,-1.0,0.17603178819258625,-0.7339837106070091,0.17810345303397696,-0.9461848852710704,0.19793917856446394,-0.7443602322372821,0.21806814116386386,-0.5570103227967644,0.0,-0.6744522291373862,0.02167068926007008,-0.8820884832664435,0.06412402466369298,-0.6289939073116065,0.0979882437468255,-0.4235992739929964,-0.1660529333659238,-0.5898254326489527,-0.13613902411226111,-0.7615934341407264,-0.06793102891392039,-0.4994102621134165,-0.024767892845658498,-0.3151263939443522,-0.3288753077510001,-0.47255964842420267,-0.2852413207300342,-0.6342806011174464,-0.2076586138528579,-0.4436137574096628,-0.16628640309483858,-0.2966387723221673
A,0.0,0.0,0.24425233622109974,-0.2071963356099365,0.39741532848258815,-0.5214645168140691,0.38733207208239023,-0.7823577469414859,0.3469031112092604,-1.0,0.1802780691243701,-0.7367607270969575,0.1845809973568725,-0.9461038746443953,0.20986267007095388,-0.7384544072757576,0.2271347455379744,-0.5449722584802609,0.0,-0.6780168493888584,0.019704900495579755,-0.8841348871985786,0.06879991761846385,-0.6240737780247194,0.10242968164166918,-0.4168564385929492,-0.16926465318984976,-0.5932302054947234,-0.13754965352215096,-0.7626207657762497,-0.06468885934324929,-0.49333535371833,-0.022616296128930975,-0.30904939066713977,-0.33410279328239917,-0.47652015329363556,-0.2861672372713791,-0.6372004552054635,-0.20602495490926157,-0.4444161839804826,-0.16552342207772727,-0.29929286758451584
A,0.0,0.0,0.24124234339979805,-0.2140565332138183,0.39884307905746924,-0.5232098340710298,0.3928809175117383,-0.7839892235566462,0.34035591435673074,-1.0,0.178061504266843,-0.7354133310607435,0.17237035826209102,-0.9476807858138775,0.192707726286541,-0.7468166987430346,0.21350595487294005,-0.5561726743799982,2.6998468245872192e-17,-0.6763585191537124,0.010817646227625528,-0.8867865250281309,0.05478388758465645,-0.6301157804681897,0.08985085375729832,-0.4227753182822463,-0.1642000725005394,-0.5888821168715291,-0.1473618380896702,-0.7648632116287316,-0.07581407951276103,-0.5019181097368992,-0.02973288537913241,-0.3172876949387238,-0.32294137629810266,-0.46730415186848906,-0.2902803590491448,-0.6379929721226398,-0.21112563780947405,-0.4505371816286802,-0.16624752283623176,-0.3031950959873459
A,0.0,0.0,0.23887141395987885,-0.20907153004317575,0.39417297974579396,-0.523233043554676,0.3813790588077796,-0.7849515286147769,0.3340392027524158,-1.0,0.17839426346955564,-0.736481862247054,0.16964140838050037,-0.9456448258171847,0.1873316466865418,-0.7365509366640847,0.20780056350785658,-0.5482524971769654,-2.6759790374994914e-17,-0.6752097355254542,0.005682550919590063,-0.8805319918455098,0.0497827912743696,-0.6200808930044348,0.08890022105575486,-0.41882442907381673,-0.163995741074818,-0.5861986571357574,-0.15203682285078882,-0.7589824927289174,-0.08216436166718064,-0.4921701344357933,-0.03329052963619185,-0.3127293163686285,-0.32243460175417943,-0.4648793970239175,-0.2927398561701868,-0.6256284746252535,-0.22005682035392743,-0.4290617697322306,-0.17628990719405527,-0.2853412765937543
A,0.0,0.0,0.23671342308659604,-0.21247482624117475,0.3914738352816115,-0.5187806171149113,0.3902707755414754,-0.7795374046392213,0.3487294080327969,-1.0,0.18010582715161075,-0.7343559513414752,0.17649159342372994,-0.9482159196799395,0.1904331245312174,-0.743991949928182,0.2067320893884447,-0.5516110906154205,0.0,-0.6745868409678623,0.010398257590557744,-0.8851960079122307,0.04673808807345718,-0.6254452693104191,0.08246138934539404,-0.41721451539611193,-0.1675133486633578,-0.5852679463392932,-0.15218783059457935,-0.7653563631791436,-0.08942901768564858,-0.5007370184601883,-0.042256443934028665,-0.31428745686637366,-0.3314887154266951,-0.46618551430109045,-0.3015643188132048,-0.6325062997640349,-0.23088832008871502,-0.44112831273989705,-0.18645278216453687,-0.2937230845009457
A,0.0,0.0,0.23137086765295534,-0.21005645827334873,0.38643691494512783,-0.5206568641939358,0.3877503086722667,-0.7817938680468346,0.3327161479440734,-1.0,0.17460047756069566,-0.7346143555293863,0.15505519830379924,-0.9505374900860406,0.1677805570098821,-0.7477421619786314,0.19212032244283717,-0.5585407679664522,2.6403306340569688e-17,-0.6716926955075821,-0.008641639142758291,-0.8803891118554567,0.028656347838578733,-0.6240661423500173,0.07389027953394461,-0.4176915031810391,-0.16433519315024683,-0.5835884138732086,-0.16751921999660582,-0.7580154615564481,-0.10417888754184022,-0.49571267156287946,-0.05036527630029352,-0.3123729723740397,-0.32433508562465485,-0.4685195793787871,-0.30929518131008277,-0.6307343715124625,-0.24450614234039336,-0.441951943976307,-0.19950760462796926,-0.29681233170344384
A,0.0,0.0,0.23517783138790546,-0.21205160559809008,0.3848238531242398,-0.5250677895446381,0.37481007298540314,-0.7836498570790142,0.3259611931970285,-1.0,0.1791655613475394,-0.7302500627657431,0.15837593575108888,-0.9354606123386164,0.16786406497872472,-0.7276337725374613,0.19063003178434063,-0.5368426255447805,0.0,-0.6671587504003865,-0.012985600372752586,-0.8696930184065198,0.024702698255264475,-0.6105027172172093,0.07182066301214286,-0.4050102750687239,-0.16782995202483877,-0.5773331788231162,-0.17071524809380348,-0.736713968851046,-0.10306867851002385,-0.4733731721616693,-0.04662783509116941,-0.29489059148276475,-0.3324533569145295,-0.4616052392845957,-0.3129601189223943,-0.6084861831206909,-0.24763401856565181,-0.4191539074648442,-0.20324401572544418,-0.28139612493245175
A,0.0,0.0,0.22645874782277164,-0.20253250731571804,0.3841493111712971,-0.5168201018265862,0.37893503408765283,-0.7800116981621854,0.3247267366679779,-1.0,0.17742094123389887,-0.7289023513977416,0.1568775640738279,-0.9378941986873899,0.16515125797356464,-0.7418065725699045,0.1899416972369398,-0.5548642806481155,0.0,-0.6660005379153503,-0.007889048555272336,-0.8670263301579056,0.023955514290450997,-0.6117540980571399,0.07010386606435486,-0.4077176599887875,-0.16392479429101975,-0.5754834206828764,-0.16848234849666674,-0.7367550579858652,-0.10467506184001264,-0.47359601187314737,-0.045732577752460014,-0.2939602232220675,-0.3233019108248805,-0.4578587905610803,-0.31350832047611404,-0.6036944199611878,-0.24380797568168516,-0.4174238489076455,-0.19032521792645157,-0.2809979602566749
A,0.0,0.0,0.22511496802434408,-0.20177015709252916,0.3791351614199083,-0.5142884299308152,0.36713753295501866,-0.7819892010133371,0.3109622645654044,-1.0,0.17625114163949757,-0.725314361434923,0.15141638042598604,-0.9351148974594166,0.15865325141341027,-0.7281473781622637,0.1815418497669069,-0.5454362000081517,0.0,-0.6639552697988821,-0.013398703249499558,-0.8626919549371155,0.02193667144983668,-0.5995362878988212,0.06779139979290259,-0.4053166946855164,-0.16102177461587858,-0.5752247964677291,-0.173037245090707,-0.7364020005906275,-0.10730100006472705,-0.4727431418812686,-0.050740848219680605,-0.3020308164814965,-0.31881318455276564,-0.4602871187405932,-0.3121946330386379,-0.5982317572010559,-0.23940280203197611,-0.4123501869875557,-0.18622161458463465,-0.28375745956593335
A,0.0,0.0,0.251817067871417,-0.22028120846691462,0.3396392261443637,-0.5302712344552335,0.3346997701151029,-0.7943789307401077,0.32960355849459855,-1.0,0.18781695853856598,-0.7038755950010392,0.2125745583221826,-0.8581208295640281,0.2485362535650466,-0.673757638781318,0.2729142670066107,-0.5107915926107497,0.0,-0.649649459198751,0.05027963676030768,-0.8080685037374461,0.10770853968863918,-0.5609329656408832,0.1612238781039424,-0.3500750505754094,-0.17289386165792123,-0.582150237841332,-0.08367511064908568,-0.6562504612161362,-0.011422862041498946,-0.3975068978589735,0.03585659637751258,-0.21298772732785184,-0.3560928374234596,-0.5085515813871692,-0.24177156100190703,-0.575475501018504,-0.16661024742293604,-0.37015086978165834,-0.11811816275076606,-0.23173354531598003
A,0.0,0.0,0.24324060404923684,-0.23663510087121545,0.3886955709135464,-0.5377553254075279,0.37860755968304644,-0.7938629908212264,0.323925853250388,-1.0,0.17396823064808722,-0.7381894901991972,0.13175766360863758,-0.9542513940374064,0.14312599454854666,-0.7537809869914905,0.17051447070435966,-0.5692549543626191,2.534408522734404e-17,-0.6785006427189822,-0.030697017040871293,-0.8758530051588547,0.011753753652696274,-0.6170475144502053,0.06086871774945706,-0.42108979908371685,-0.1566176326290013,-0.5916968208476089,-0.17205627927007572,-0.7578467430202337,-0.10674465622943807,-0.5018635981951494,-0.05196115333198383,-0.32940083625210126,-0.30482176835429853,-0.4758840197211602,-0.3032113441489826,-0.624831404643299,-0.23996886094701453,-0.44621609923453165,-0.19175682471987524,-0.3155612552600745
A,0.0,0.0,0.23741570813078272,-0.22386453224440458,0.38103162071037466,-0.5171736794202966,0.37680571379636896,-0.7813974845285203,0.3172665718694027,-1.0,0.17868946207762834,-0.7210806746019474,0.14653905928372468,-0.9406229664250201,0.14863021149246358,-0.7387656896286919,0.17068648522539961,-0.5489220089149093,0.0,-0.6618199400648188,-0.028484340373077628,-0.8736651040740737,0.00939150281927443,-0.614120724167805,0.05971796233137202,-0.40867966036828074,-0.16610738461813299,-0.5754265171508484,-0.1826761185188422,-0.7556778093242428,-0.11871086318809902,-0.4949411135761794,-0.06370771320826937,-0.31107881135174886,-0.327804655929099,-0.4628432195887119,-0.32289733352687955,-0.6246742164580524,-0.25811178136654916,-0.44443974479361276,-0.21108701659634688,-0.3027443841160911
A,0.0,0.0,0.23229491717183007,-0.20638806788413794,0.38495409713268997,-0.5146910500553084,0.3785174789869941,-0.7809479725214015,0.31180593785590593,-1.0,0.17900624099301282,-0.729236473493491,0.14647621563027924,-0.9379257522782627,0.15297885230314903,-0.7374793313081413,0.18069450791895084,-0.5504402128866148,-2.60113968851951e-17,-0.6661084096315592,-0.024074584985647796,-0.8640328085067389,0.01654828801701509,-0.6042092634815057,0.06916048841537749,-0.39914599333644796,-0.16419388920822284,-0.5745289683217364,-0.18333022322725465,-0.7428304204185311,-0.11264087707678734,-0.47746702859171636,-0.05193214375080346,-0.2938126558471662,-0.31987573343210435,-0.4556378107436296,-0.32053297705161143,-0.6073735984992875,-0.2464519838873275,-0.4202803519711534,-0.19173912075656746,-0.2802762719723129
A,0.0,0.0,0.22912850664974554,-0.20742480138509595,0.37773457097654445,-0.5158008166963962,0.36915499705553007,-0.7825988979939353,0.3066340733603013,-1.0,0.1783541012763913,-0.7266670099650285,0.14646137626342887,-0.9417215409817865,0.14639517532113333,-0.7443005757258702,0.16833757583506564,-0.5531659329196276,-2.5832709670903757e-17,-0.6637801346499157,-0.02492136407276966,-0.8705468870415353,0.0036559571349772967,-0.616211745107344,0.053360605505227456,-0.40940999356887164,-0.16395205670130697,-0.5723483657269294,-0.1828572246324542,-0.7410184342522059,-0.12315495581985011,-0.479598585115575,-0.06379531923581008,-0.29715591999263763,-0.32220876447299923,-0.4545488529360281,-0.3244701215883559,-0.6057526129330436,-0.2557456493526439,-0.4227874345380963,-0.1988282673663439,-0.2848954176414874
A,0.0,0.0,0.2380329242333244,-0.21666920474605625,0.3827222152166579,-0.5187393397850545,0.3849705764118599,-0.7848905672186942,0.31391165576904306,-1.0,0.1837061999256558,-0.7299730157274814,0.15152474469896463,-0.9464646791198609,0.15040837299761003,-0.749607231880967,0.17531289309036419,-0.5551450612752191,0.0,-0.6686576793646987,-0.024159854672166657,-0.8689191558268674,0.007038551982383422,-0.610997723850561,0.059059188680787654,-0.3994044657980667,-0.16920797062113044,-0.5763126520266492,-0.18653005221799349,-0.747055294226583,-0.12489014135743036,-0.48432458317340965,-0.06537324558257773,-0.2987634269201618,-0.32845243142244335,-0.4553345621168369,-0.3304121366938695,-0.6069408029754176,-0.25966618006330855,-0.4183882946055995,-0.20243910541654167,-0.2764893329874272
A,0.0,0.0,0.23344093687132625,-0.2029018616820538,0.38436984398707424,-0.5132522578942297,0.3815926532364188,-0.7824671446208799,0.3155659038355989,-1.0,0.17714520179768145,-0.7273851892860965,0.1392161628588401,-0.9407193674279513,0.140681265413918,-0.7347930540597181,0.17318511954084095,-0.5420196112833058,0.0,-0.6659971702460684,-0.033103834391430886,-0.8658668035647838,0.003974887539244637,-0.6069054204826706,0.06449131169052075,-0.4027637752065035,-0.1635403858899136,-0.5744824197413207,-0.195633574792899,-0.7401567096956941,-0.12786222755654233,-0.4758408171014048,-0.060763805085106024,-0.2978471004357439,-0.3166006883133436,-0.45494482548962906,-0.333617793689139,-0.5977428329602542,-0.2596167682024058,-0.40191761872491555,-0.1967493558895718,-0.2647498622461834
A,0.0,0.0,0.23278813515517877,-0.2103708551019938,0.38369733359800745,-0.5139395507655428,0.38747602420202726,-0.7820276319056663,0.32490664752261206,-1.0,0.17667136361366806,-0.7272385946838158,0.13731677346639154,-0.9398427484777326,0.13953177727372845,-0.7387718706578433,0.17274678358660425,-0.5525749981402621,0.0,-0.6672303023314679,-0.02825270590847134,-0.8691297573728145,0.008033368329337114,-0.6147812936915161,0.0622486138702063,-0.4140930630475132,-0.1639398855769501,-0.5762275967215342,-0.1913224969870759,-0.7526047622393909,-0.12332291215597893,-0.4928098971543386,-0.06039909801041242,-0.3124472373950917,-0.3210778858287841,-0.45575682572203674,-0.3374944794002928,-0.6043885718525601,-0.2605814532963329,-0.41615337183652323,-0.1985218980354566,-0.27718870351001645
A,0.0,0.0,0.24324103018994614,-0.21470125533154133,0.4051887072752567,-0.5035773636784932,0.41139557647666597,-0.7765800338838368,0.34950280660681093,-1.0,0.1833379266147976,-0.7288123875831356,0.15801983102251393,-0.9466995911420428,0.16278208909648842,-0.7385373210144516,0.1899165138420158,-0.5439817712950769,0.0,-0.6699092326989605,-0.014174805312277305,-0.8722154905900068,0.024417505640848356,-0.6084054179124779,0.07395834338817997,-0.3980927125057105,-0.1656889736520054,-0.5796745686856385,-0.1778411270836735,-0.7622640975396234,-0.11037643896491753,-0.4957793929324494,-0.055410687946241516,-0.3045922452837843,-0.3256711157550567,-0.4618938269989636,-0.3333438054976015,-0.6054805806282507,-0.2556153003330874,-0.41344782655159623,-0.19909232421220618,-0.27082226275242455
A,0.0,0.0,0.2508512354319135,-0.20297207031838657,0.41971436797838846,-0.512498305601066,0.4210512690148054,-0.7842542875122476,0.3564889279407869,-1.0,0.19045196828612881,-0.7389211814089186,0.16112823887870611,-0.9559363500700802,0.17343843105276593,-0.7535707664792776,0.21002387745692616,-0.5564438057075715,2.792898011286427e-17,-0.684142006747957,-0.014981364447043465,-0.888030576778706,0.025710462990735438,-0.6212768607381689,0.07907482953136152,-0.40205317430492615,-0.17190773802384818,-0.5957311969454046,-0.18863607370492683,-0.7778016730178854,-0.1140985023797925,-0.5037058370389061,-0.050531304621875044,-0.3068156553787322,-0.3346735758586791,-0.47597416718448343,-0.34431067964260675,-0.6085047452263229,-0.25949528669039046,-0.4054453277551147,-0.1920705916067409,-0.25749906763615077
A,0.0,0.0,0.2525057677198957,-0.1869201734811371,0.4302581385152484,-0.495585814956799,0.4458618940003916,-0.7788796656657134,0.38486049846076575,-1.0,0.1893725476103903,-0.728874527997445,0.18288408456590793,-0.9431746666382529,0.19214610906666002,-0.7182810731882247,0.21783687011471542,-0.5220053907253979,0.0,-0.6741036893797837,0.005579080973509962,-0.891747548473788,0.04671529379774832,-0.6122459449881612,0.0928099267699804,-0.39272767710119544,-0.16820362270244166,-0.5850778041422728,-0.16738093469616694,-0.7689075973624867,-0.09390398552198484,-0.48476136847890466,-0.038397018273583154,-0.29065412573490457,-0.329583584662516,-0.4671560114856342,-0.3252921200154539,-0.6075272877836837,-0.24498824684817802,-0.4029337355888071,-0.18726242501122758,-0.2576008831660083
A,0.0,0.0,0.21956689856562564,-0.23089921566948618,0.3107023999095036,-0.5505690467736573,0.30769456838067666,-0.8256810851058293,0.33728665369023253,-1.0,0.2009918921592917,-0.809041669045674,0.28971497089820797,-0.9826399406730366,0.3331241748736564,-0.7603433593540894,0.35672115105977376,-0.5461028342054927,-1.4247516577348375e-17,-0.7693586891048548,0.11063953549798933,-0.8904678140192209,0.16553853522910233,-0.5877134749634029,0.2123700571908111,-0.3493934842701146,-0.1930746672635224,-0.6976917195427242,-0.07025404868893997,-0.7498084790630066,0.007901564554611886,-0.463245960008943,0.06611502580907809,-0.25185491620669287,-0.41097070968902283,-0.5983696068968332,-0.2743064220470602,-0.658176003208484,-0.18283759317667397,-0.43410440698948477,-0.11617293675843192,-0.2774497819011608
A,0.0,0.0,0.243064613040557,-0.2658897575434225,0.4023397665884716,-0.5634506207758908,0.4032223931229306,-0.8087207553144043,0.34001137052013125,-1.0,0.16724702965867913,-0.7369981540301495,0.1880684743622458,-0.914475035925739,0.18342969077128746,-0.7446894725497673,0.18656785704819234,-0.5817398913961432,0.0,-0.6980246021963769,0.01226958622600469,-0.8808152464665276,0.03861408706415164,-0.6539612123742234,0.0722848403868957,-0.46968653807595545,-0.14321966615445225,-0.6271199744561996,-0.1459810287018284,-0.7904819137734224,-0.08997233344137184,-0.5579775603919485,-0.047299208680712065,-0.385483997272893,-0.2834109606662496,-0.5279192723492182,-0.289914463854961,-0.6624526349991927,-0.2282361824803847,-0.4919875977131776,-0.1828310597693675,-0.3677107550272439
A,0.0,0.0,0.24799529790206748,-0.22138612156574805,0.41046386102764154,-0.5227194984057641,0.41429451521438015,-0.7861257872489089,0.365838784289042,-1.0,0.18575542929517977,-0.7442254141157162,0.16886413964806057,-0.9552535104860648,0.18257986491682754,-0.7398820382806331,0.2089187864009752,-0.5397047999685359,2.6387281159912536e-17,-0.6895078800121072,-0.006292539424028206,-0.9027313459388159,0.03479341297343977,-0.6205974076763531,0.08256459326166346,-0.40604755622786604,-0.16514514394309224,-0.5981156528024036,-0.17220552493082542,-0.7845484032640911,-0.10409836879135166,-0.5091866094295272,-0.04810487432472984,-0.3239436276938178,-0.3210889013163234,-0.47336461045784506,-0.31238785707366296,-0.6340604568034147,-0.24207391238355014,-0.4358973952439584,-0.19172943734960535,-0.29661455085021077
A,0.0,0.0,0.26260198165802967,-0.198018680805479,0.43881604569996596,-0.5061236242430748,0.4518483325370543,-0.7837317030136296,0.3820426624644945,-1.0,0.1957075166599686,-0.7720620411951615,0.175151998398178,-0.9992196116071906,0.18068033548890156,-0.7801015047761244,0.21107675797842668,-0.5641400447216467,0.0,-0.7134611993611835,-0.006321264549704765,-0.9280109772599526,0.02972666558805962,-0.6561317222488869,0.08225042440240476,-0.4270138442498539,-0.17383766537918874,-0.6168375967706434,-0.1776556443494083,-0.8104951831991395,-0.11186948505003214,-0.5289161034380467,-0.05384006197042122,-0.32280574828805136,-0.33611440925959596,-0.4859766728189916,-0.327082323195283,-0.6377760766933144,-0.25197616397962097,-0.4271372322306157,-0.19442383123340626,-0.27158230593483834
A,0.0,0.0,0.25485371628511394,-0.2062243537973044,0.434133839549592,-0.512062550813133,0.44079234475615836,-0.7824358765156637,0.36373576231476434,-0.9963377924409517,0.1885113441149176,-0.767355137140016,0.15480002282172123,-1.0,0.16917298720001078,-0.7814727581595978,0.2039485381992244,-0.5703044275799649,0.0,-0.7034003710835867,-0.029485559964164406,-0.9236299455162126,0.0203504098093486,-0.6457843804833217,0.08027521371816793,-0.41998483014871035,-0.1709173625325845,-0.6064276967485492,-0.19564033322386015,-0.8090117441766308,-0.11952840982513199,-0.5268020922361571,-0.057142332299354996,-0.3222142192457707,-0.3345640859009855,-0.47610990052385216,-0.34004011570212317,-0.6454652091008666,-0.2614761644682649,-0.43979662027639366,-0.2041824094493345,-0.2847654136669598
A,0.0,0.0,0.2495837234767757,-0.20019484695100973,0.4177147327361587,-0.5064462694544097,0.404717225511888,-0.7764690486959606,0.3393681716261226,-1.0,0.18469480469381788,-0.7580832835859769,0.15101155657220253,-0.9722524301004777,0.16503914322801527,-0.7575881588464293,0.2029456629311067,-0.5490402541538718,-2.7109048579546763e-17,-0.6967511759314275,-0.02903172308233514,-0.9001037928287641,0.01595238702616948,-0.6374978674400706,0.07870154694473519,-0.41513996895644384,-0.16493722548987227,-0.6064546974387404,-0.1966255136149768,-0.781893954761416,-0.12360964575591088,-0.5075999950241565,-0.05469125591289026,-0.30723305065054063,-0.3246403726783594,-0.48374083488461606,-0.3372869206764334,-0.6296935455212367,-0.25755988674013364,-0.4201121127800219,-0.19128147113695845,-0.2668998885440522
A,0.0,0.0,0.24820661426820484,-0.2092718497056279,0.414949148278254,-0.5134202089252659,0.3963853626351943,-0.7784151017698312,0.33730338651087666,-1.0,0.17861465870615575,-0.7406402307052624,0.15357165609175838,-0.9569793898069496,0.16727952162788357,-0.7563907878797687,0.19742907558290557,-0.557565330293485,0.0,-0.6806293461972447,-0.029812636198164127,-0.8982261689726538,0.013740694264846056,-0.6419331032803371,0.06931195465677434,-0.42355800146897804,-0.1613650854430584,-0.5929463319262099,-0.19164563879452856,-0.7815997143688534,-0.12179550408336212,-0.5130731357024882,-0.060301078474472025,-0.31612286727336575,-0.3196308904554549,-0.4740246880427188,-0.32961481525432734,-0.6411271425976836,-0.2562625371057679,-0.43963103469652925,-0.1998980217075867,-0.28462073275034644
A,0.0,0.0,0.25120683170400887,-0.21401321065782994,0.40754670445843155,-0.5156261330465044,0.3880942451166818,-0.7806298797105039,0.33174400385772207,-1.0,0.180470823940785,-0.7316535556980674,0.14931351899150788,-0.9450240263773654,0.1608292953421225,-0.7552664788663592,0.1911304685082768,-0.5577775257531014,0.0,-0.6749463534765834,-0.030057904234010446,-0.8872887902217073,0.01175928836228196,-0.64400824983029,0.06856596084588884,-0.42796915901659066,-0.16316658403959666,-0.5885611597160293,-0.18771593523702168,-0.771822283351352,-0.1184428277716179,-0.5128404402007611,-0.05530521714978945,-0.31864975579578986,-0.3204141683303046,-0.46869653861606664,-0.32328136923514167,-0.6361290490859923,-0.25060075221862305,-0.4401916339551693,-0.19406714195597297,-0.28635138741550553
A,0.0,0.0,0.24005989839556482,-0.2127772347914647,0.40060494001179725,-0.5079377219900781,0.3943797237512384,-0.7753434433363896,0.3334312219843847,-1.0,0.17889975849619805,-0.7474448863845914,0.14423930887580627,-0.9674378599792282,0.15407630319004467,-0.7736141415413162,0.18465587443156334,-0.5780780004907893,2.6814867168864548e-17,-0.6941639973796759,-0.033698769660221915,-0.9038070193297013,0.0037227285011101293,-0.6488591769281801,0.060409645397668535,-0.4325375749361128,-0.16423200925756587,-0.6091969664379672,-0.19482249203940158,-0.7843256720465511,-0.1300244294135816,-0.5176198230589113,-0.06752808416692987,-0.32403043884785376,-0.3241769014960531,-0.490483619712245,-0.33547055056924846,-0.6525622023015728,-0.2633009681638885,-0.45545786736471994,-0.20515939680833156,-0.30366718256845404
A,0.0,0.0,0.2369875311479287,-0.21212268586815894,0.399056332512782,-0.5157424690844481,0.3836587526818212,-0.7825437597526106,0.31371727290459867,-1.0,0.18215479459937464,-0.7397660479857905,0.13170471977991427,-0.9516153622092393,0.14567168456584742,-0.758250728316519,0.18581855835252237,-0.5687390079634619,2.644863564998307e-17,-0.6808267471767859,-0.0456314277211467,-0.880904404498363,0.004721612021106204,-0.6285649702053032,0.07118113911846231,-0.42385780091631753,-0.16164500372105725,-0.5958297146952143,-0.2041199852333774,-0.7691181188299436,-0.12761106441727346,-0.5090304291890301,-0.05717072371990919,-0.32579820519052133,-0.3167082062227236,-0.480693301213642,-0.3373292966189921,-0.6318924615893752,-0.2585771021817735,-0.43334517266411693,-0.1943003644835516,-0.29052540776432056
A,0.0,0.0,0.24359891439637854,-0.20463568867068715,0.4004931822532971,-0.5081440609240223,0.38327943774136375,-0.7792444822399299,0.3166237240652248,-1.0,0.18616411516536654,-0.7471447375491503,0.1374785734940948,-0.9646385063624541,0.14690399545890398,-0.7649951469878857,0.18341587484540867,-0.570800522234542,2.6702442875242002e-17,-0.6903616494081283,-0.0413484441387125,-0.8815799493013884,0.0021493461919869406,-0.6205075356361528,0.061200795435806636,-0.4121775682845325,-0.16572170397769106,-0.604238047552637,-0.20827421927124956,-0.7777266402734292,-0.13750657222297513,-0.5076655748196343,-0.07033650855131236,-0.3147684262076717,-0.32190254821986736,-0.48609056597796124,-0.34565039826403465,-0.642413858789627,-0.27124289835039916,-0.4427091482254196,-0.20882196583162177,-0.2914639859524656
A,0.0,0.0,0.26408157057112586,-0.15138133177890806,0.4473055394031742,-0.4903828512203343,0.45663535572068753,-0.7796805796644115,0.3938004324612581,-1.0,0.19716278202904458,-0.7382162599774896,0.19628792311717655,-0.9535381492011866,0.19437602822758318,-0.7506005585059738,0.21032480833425274,-0.5340170768606843,0.0,-0.6880403350292131,-0.014138589608585448,-0.8965787407594554,0.023429421758023487,-0.6230064983316834,0.07405779438861101,-0.3852637335944994,-0.17350821820747006,-0.6019671162968123,-0.1980415150185726,-0.7748718988156473,-0.12439834137767672,-0.4949215531536017,-0.06459526245969138,-0.28454111920818137,-0.3438098996882591,-0.48747932364891017,-0.3552264425947675,-0.6227665152063332,-0.27375357968850844,-0.41678262913859654,-0.20865707963239719,-0.26304746630117837
A,0.0,0.0,0.24168243968910286,-0.17769010265903798,0.4177034759797998,-0.49898491833129327,0.4091115661879543,-0.7738313417964467,0.34058786595562623,-1.0,0.18456117387186052,-0.7449897354719168,0.16132597864630155,-0.9671429740346658,0.17132629504813704,-0.7645095315192852,0.2015063615371546,-0.5631576785894208,0.0,-0.6928566479389884,-0.026084991681234154,-0.9062522236983799,0.013347038662819851,-0.6429697566239314,0.06763129851100211,-0.4210334009627914,-0.16689376698438832,-0.6112036130352023,-0.198575700371981,-0.782402913065394,-0.12250641030354921,-0.500954780788345,-0.05319277377462235,-0.3003364009637136,-0.32608669100428617,-0.49979310233179464,-0.33947998370474897,-0.6469095666572383,-0.2610458472930264,-0.4357373006698995,-0.19876710254829444,-0.28082412298112497
A,0.0,0.0,0.23898956994455298,-0.1953219001557427,0.40024652366403435,-0.501595584291455,0.3851020593090365,-0.7718578403361468,0.32479986202057054,-1.0,0.18205043874480228,-0.7358077810680362,0.1474121887098997,-0.9479593964314703,0.1613822405526579,-0.753604510129015,0.1974091380062476,-0.5570785538544678,0.0,-0.680799951461764,-0.0350545372188328,-0.882919261875893,0.010232549387699585,-0.6342653212678051,0.06962693115586388,-0.42383867501223155,-0.1631073296025544,-0.6001610640019924,-0.2009421983132087,-0.7825351013573552,-0.12920117602267522,-0.5189171755598354,-0.06192344656421608,-0.32396485246228585,-0.3192274133944059,-0.4906690065076343,-0.336971783477943,-0.6529012244384066,-0.2645711598662263,-0.45058942644128813,-0.20404213823713133,-0.29445562555406696
A,0.0,0.0,0.2479655628565644,-0.19205110688285426,0.4248251023191803,-0.502460783358284,0.41783289486138725,-0.7756892593922503,0.35647030041012256,-1.0,0.18665512188530786,-0.7419874434004743,0.16168842816688522,-0.9688901163930946,0.17555699387763934,-0.7702484610613879,0.20931035384279542,-0.5665899304321086,0.0,-0.6873091647034866,-0.025261063099569245,-0.9197394389938174,0.01779269123963886,-0.6651288263504729,0.07239631427486085,-0.44144733813099696,-0.16921150670403678,-0.6063794631446677,-0.19351675448152206,-0.8074019489662769,-0.12131183072706896,-0.5338415330741163,-0.058385085741185914,-0.3269241557943864,-0.3336823588427266,-0.4951054046317094,-0.34090628918099825,-0.6687949105343441,-0.26575862250134136,-0.459041895333515,-0.20806290660044757,-0.29386689012119704
A,0.0,0.0,0.24543406556751018,-0.20664955890019363,0.41563061250522326,-0.5053732573579476,0.415417839953811,-0.7724849010492616,0.3497472434233988,-1.0,0.18234091296528837,-0.7502306188296647,0.15466287689153227,-0.9760235146738008,0.16480869807086848,-0.7746616839999703,0.19417597790461913,-0.5677320829282577,0.0,-0.6938046256117206,-0.030893614628298274,-0.9193554283402786,0.004123583722808925,-0.6660607476274245,0.056412063317526746,-0.4409904062439548,-0.16951765210374678,-0.6067240035318741,-0.20111403724856208,-0.8050028000338463,-0.13599109340154242,-0.5353986959763789,-0.07324562178176298,-0.32850993917004,-0.333006702454074,-0.486915142014684,-0.3456165522347809,-0.6611879174201457,-0.2728078227951686,-0.4559024609382314,-0.21436661636222995,-0.28904770124814955
A,0.0,0.0,0.23955500065109392,-0.19009554187925706,0.4187739378333982,-0.5005054429509685,0.4174995210095943,-0.7732978463994338,0.3453798346809882,-1.0,0.17781544255064188,-0.751507690991458,0.1560564167355734,-0.9642341596726655,0.16929730026352796,-0.7545968281910133,0.20219894288528437,-0.5468358283931507,0.0,-0.6952148988523617,-0.01975169032985158,-0.9098952087039176,0.014903526725556808,-0.6506590842679705,0.06710811564071406,-0.42535806475949645,-0.16256417586589916,-0.6107405174309687,-0.19145682016961207,-0.7945678665602031,-0.12650180988571114,-0.5208439480598415,-0.062066469982552566,-0.31588012447266084,-0.32027617724485397,-0.4962975853207837,-0.3332139792359333,-0.6540813690459094,-0.26102969966679956,-0.4425305490285858,-0.19946787477047198,-0.27879765410185275
A,0.0,0.0,0.24639264267098868,-0.20015861671308505,0.4200393283169597,-0.5104695367583869,0.4120428523901745,-0.7800638192865961,0.3465019030933063,-1.0,0.17997978482103963,-0.7597134260753307,0.15372395669001448,-0.9728635026508456,0.1646174863803432,-0.7625264469972024,0.19938586003740608,-0.5555539061184702,0.0,-0.6991225479682011,-0.031121446651169532,-0.9133522528480638,0.0017184294449238535,-0.6499517268758603,0.06101581719467888,-0.4260006201582606,-0.1614765794483775,-0.6095634029126938,-0.20090403822321826,-0.7863534367507332,-0.1364966667154296,-0.515609093461414,-0.06570998930824185,-0.3181209913988618,-0.31605229295441256,-0.48948038527980353,-0.3380211933148904,-0.639540228121778,-0.26712475200015934,-0.43086192762980763,-0.20079103121647957,-0.27534606493227537
A,0.0,0.0,0.25086400081845506,-0.1876582908575163,0.4284856325555691,-0.5045127376050453,0.42861558924495174,-0.7803341740829619,0.3629982061387524,-1.0,0.18496812254494496,-0.7649490813363014,0.17558265670130213,-0.9782385098182769,0.18551721975269667,-0.7712787502504669,0.21149068258714532,-0.5587733149818934,-2.928811619638571e-17,-0.7073590887178954,-0.015290052024949997,-0.9248487226426512,0.017675618117811695,-0.6616597994702759,0.07031856593155286,-0.43503481445860914,-0.16710213849991257,-0.6159514389291711,-0.18717544439494552,-0.799591681345947,-0.12394134473649,-0.5226944047539234,-0.06089986111694402,-0.32031960882951416,-0.32977559705283654,-0.49227922085055265,-0.33009727819204543,-0.646527142660043,-0.2609769059972743,-0.43503274864202807,-0.20239079121544234,-0.2784876807002519
A,0.0,0.0,0.25018923442664087,-0.20279755845942818,0.4220124216066588,-0.5129488051934337,0.41536941156579865,-0.7786994005694263,0.354094110586712,-1.0,0.18140031802738868,-0.7588115735890543,0.18079068390707362,-0.9649290062758517,0.19321540568419227,-0.7597269258027384,0.21811484685587174,-0.5534184037832601,0.0,-0.7003747390682941,-0.007825892172129,-0.9128883998087947,0.02174304064672848,-0.6578193318639755,0.07081055637163873,-0.4362620794665273,-0.16604661318456093,-0.6111149999107955,-0.18268979624045908,-0.8068151191442432,-0.12733807530643126,-0.5340369977820132,-0.06909052078905265,-0.33033686974403986,-0.3282748394133703,-0.4890325824151072,-0.3277989870932401,-0.6454433656809291,-0.26232016115395224,-0.43701135066554586,-0.20609153452502244,-0.27623064986744544
A,0.0,0.0,0.2420067579898201,-0.2001790951110095,0.4048978207279192,-0.5132600334031157,0.40007718664118824,-0.7810657809375336,0.3361818941554643,-1.0,0.17372557172108222,-0.7475715176881067,0.1640740555655625,-0.9478662736360776,0.17868090112040186,-0.7530604963825891,0.20413619580955528,-0.5502705315956145,0.0,-0.6894339575172673,-0.007151159574230459,-0.8797472515110347,0.025642044010130743,-0.6329138809592941,0.07281484503332344,-0.4199976877386073,-0.1621471510745168,-0.6009398762741934,-0.17260805939274557,-0.7779472312507291,-0.11697202301508436,-0.5149125319514346,-0.06371507859056494,-0.31943762664135067,-0.3236703702155881,-0.48157060359956777,-0.3136198628687849,-0.6336543366633072,-0.25035927016171994,-0.43119733186150533,-0.19950185078975105,-0.277880216630505
A,0.0,0.0,0.28622193149707104,-0.1454184061023282,0.4941440205899195,-0.42511928259689097,0.566229400120003,-0.7338823957085074,0.5870313394210868,-1.0,0.2859015372577153,-0.7083045854926857,0.37960442231468305,-0.8409056849570152,0.38682325119245003,-0.6189090605382747,0.4036134844356795,-0.4070056295668581,0.0,-0.6202789630726228,0.06036995001269215,-0.6294146374383988,0.11137310441055821,-0.31610007283609154,0.19195685123026943,-0.07969174908808664,-0.2622768037827986,-0.49406219623134845,-0.22594794292892623,-0.43642593078687364,-0.16625152441382018,-0.13916537689796915,-0.08515161856200815,0.07918629243150661,-0.5031389295582264,-0.34428926395970477,-0.5017014428648274,-0.2946190574623034,-0.42694409090368657,-0.06433851454045822,-0.33849849916375885,0.08088333119776088
A,0.0,0.0,0.26657047274401663,-0.25499313647734334,0.4228294968808219,-0.5344180400225974,0.44762570860790746,-0.7911014447695806,0.37903610350836725,-1.0,0.18293289704538826,-0.734318859179532,0.21221082406320985,-0.8944922234624763,0.21655727268173405,-0.727799759285404,0.2123699812169534,-0.5630617030389421,0.0,-0.707628877207758,0.03329192567561284,-0.8659985166118173,0.0587584572249975,-0.643373651551463,0.08155452152454579,-0.45551727503360506,-0.1649919078635071,-0.6363546380249585,-0.13209387351969357,-0.7736263284182539,-0.07962480410664265,-0.5370098585687231,-0.047402253973252,-0.3550876249102668,-0.32178767431403915,-0.5266270140553265,-0.28767507300598627,-0.6671715894685004,-0.2210912024797085,-0.4967600680627457,-0.17513221458479644,-0.3543188869583014
A,0.0,0.0,0.24636464849762515,-0.18721903773987406,0.4155620334419473,-0.5016400244269015,0.4280907514695605,-0.7806915936794093,0.35268068377329476,-1.0,0.1780924242475769,-0.7362420513134768,0.17289265579859076,-0.9597246889274431,0.18586162370817527,-0.7744060038480738,0.20616926369603017,-0.5702654588874997,0.0,-0.6840335373626584,-0.002585639579564898,-0.8750787033488359,0.03153921983390606,-0.6281172118688538,0.07431194937586527,-0.4161127988557037,-0.17133177151237508,-0.593454264051093,-0.16592390038396854,-0.7773394697664129,-0.1097783240833279,-0.5202407885480653,-0.06301554707464435,-0.32266334011180786,-0.34108103582739885,-0.4682627043987566,-0.3182830933960158,-0.6235729255804743,-0.24990283254734288,-0.43123899697749773,-0.20122097204243752,-0.2770355409347567
A,0.0,0.0,0.2423442317901464,-0.2146272754947138,0.408669593459656,-0.5150514262073557,0.42540956552473125,-0.77832067583722,0.3555369822103076,-1.0,0.18094313109732396,-0.751847462835935,0.18640911186425985,-0.965546705635839,0.20037656859902386,-0.7699888830715512,0.2141683998011365,-0.5674299009382541,0.0,-0.7019682121601256,0.007682833218250897,-0.9141764896304541,0.030744041555205492,-0.6663160856933301,0.06090877443300517,-0.44452833680203724,-0.17327490109193378,-0.6222899765960943,-0.15730970213687132,-0.8103484748731042,-0.11197297372550538,-0.5505307980607368,-0.07432715620992711,-0.34442262704817334,-0.34428872378611386,-0.5112717824660907,-0.31000166293986986,-0.6921792297981606,-0.25162818538578063,-0.4979745007676444,-0.21409945914965736,-0.3301739439037969
A,0.0,0.0,0.2451224432621054,-0.22122384990595137,0.4138199974653262,-0.5191636858818184,0.4325116400791169,-0.7807628224379194,0.36019505520118944,-1.0,0.17474137829742722,-0.7645188751931007,0.19301266930884275,-0.9633141513038121,0.21171333556893296,-0.7735602483592494,0.22425784000168997,-0.5785194098473492,0.0,-0.715082960184362,0.021308689457209557,-0.9055388408217299,0.05218298306373816,-0.6597364086318926,0.0788939511380877,-0.4517160610194273,-0.16990631374779466,-0.6291374744529395,-0.1468750497511209,-0.8208205721124536,-0.09274600285403242,-0.5657829185761051,-0.057972164937079275,-0.3671663103300508,-0.3377308963028597,-0.5047679583417825,-0.3079472614346135,-0.6703669699992555,-0.23433628310920446,-0.47932532298649155,-0.1888268094676503,-0.32010430400830675
A,0.0,0.0,0.24966590089412172,-0.21635364863441933,0.41781099183844334,-0.5171587965327138,0.4251562700092865,-0.7882426939219777,0.33701749234099515,-1.0,0.17743852229349188,-0.7581634049169449,0.17561016930687598,-0.9689365506252376,0.19244466809947844,-0.7697244915151277,0.20985756822441795,-0.5719007315555219,3.068106418700507e-17,-0.7003196979932631,-0.0003851453084899468,-0.8979805163405401,0.03262614131251783,-0.6489164077967066,0.07117067582194667,-0.4388132763816605,-0.17075975088895862,-0.6082233416131517,-0.16732073430025554,-0.7938554296520195,-0.10943669913205385,-0.5420795416121522,-0.06339657797072179,-0.3483865071471178,-0.3401641241795437,-0.4801193854785727,-0.3242766836618782,-0.6481750369078241,-0.2522200627324774,-0.46085677632535,-0.20259790169669809,-0.30460533800763
A,0.0,0.0,0.24671808932885622,-0.21023447332139455,0.4092833699661095,-0.5174384414052521,0.412188084720925,-0.7876218069381318,0.32828902526050296,-1.0,0.17875875677805605,-0.7514556275761882,0.18064519555745384,-0.9438131460645139,0.19729428154800904,-0.74938674726597,0.21516387934279804,-0.5580449955507444,0.0,-0.6959955810482895,0.013345155407719174,-0.9038885524273639,0.04238601644523305,-0.6561126726468725,0.07665802822866688,-0.4427509590999598,-0.1710949173987919,-0.6084762335226264,-0.1469205892925084,-0.7787945191330642,-0.09303854233877483,-0.5272745013429576,-0.05195982328462642,-0.33978138838970307,-0.34144107902604814,-0.48744518789982394,-0.2992064046448738,-0.6559850404050938,-0.232047392843261,-0.46264297451432435,-0.19173837874305455,-0.3068487135546116
A,0.0,0.0,0.258495158969543,-0.21773631303652913,0.42542754991668513,-0.5216152971273456,0.4316417954811857,-0.7913453452615614,0.3450440169926733,-1.0,0.18934485119734992,-0.7745102819914954,0.20711354096149528,-0.9642509014116142,0.22000335177434263,-0.7692936697704376,0.22982748232186842,-0.5692283320490154,-3.143951428306457e-17,-0.7188031273516051,0.012242530859558922,-0.9272363532954498,0.04920207608673384,-0.6720156538331911,0.08762687148432867,-0.4447770708112226,-0.1789281726609477,-0.6217426058044359,-0.15246385646346275,-0.7927630527003249,-0.08740427668957461,-0.5339693475431203,-0.04487437412775238,-0.3367384885713988,-0.3526339617346592,-0.48291562151554807,-0.3102837785158737,-0.6473082213381665,-0.22926380364751142,-0.45074000149523363,-0.18281967558085818,-0.29252888718770875
A,0.0,0.0,0.25352750869954965,-0.20675985546737857,0.4218643131390206,-0.5161481650823044,0.4224843345413972,-0.7877506415264152,0.3342466519746659,-1.0,0.1806208731380213,-0.7658026931965645,0.1844535978861255,-0.9529579711033447,0.20370815542807896,-0.7561758812524717,0.22093843171798258,-0.5572815303669859,0.0,-0.7128902669948513,0.005601994957242883,-0.9129066659628553,0.040659284656484246,-0.66514732230988,0.07969819022603322,-0.44484707517659106,-0.17298010214443615,-0.6238158049570415,-0.15449619803899337,-0.7983974298468947,-0.08914687591173515,-0.5460627757070468,-0.04023276914976337,-0.34709388472665065,-0.34333631473038406,-0.49759679488026753,-0.3018011919606305,-0.6622411988479963,-0.22635327125196597,-0.46944517538030417,-0.17936036879391348,-0.30817357892889774
A,0.0,0.0,0.2565051885270742,-0.20848384813297147,0.4164464368127992,-0.5154987950481045,0.4213885846376192,-0.7838232552211135,0.3509920473933029,-1.0,0.1786267890897627,-0.7637662548116729,0.19127194531049252,-0.9549109059138629,0.21437383402319501,-0.7530153892659049,0.22864991897140943,-0.5565145955406066,0.0,-0.7127557128441258,0.01746202737897709,-0.9143764678060144,0.0554703821097693,-0.6669969859026521,0.08788790510781037,-0.44748499580433626,-0.17300592715206006,-0.625451616977121,-0.14126707998145446,-0.7935962409198496,-0.07825775347502115,-0.5393375031461964,-0.03975491746758436,-0.3417512413383057,-0.34432739927603334,-0.5014849279671946,-0.29622103137285155,-0.6610482134493704,-0.22331661965942057,-0.469197747418889,-0.18406400436370213,-0.3099554770970829
A,0.0,0.0,0.2472896892153613,-0.21120608809300276,0.4060712651044663,-0.5197646917155107,0.41796802348881196,-0.7822655434070951,0.34927533972760383,-1.0,0.17535868699416085,-0.7541694359514495,0.19192173469882814,-0.9548790238807476,0.2093099954119074,-0.7574421544902903,0.21966783856201685,-0.5596553047789671,-1.567838581083343e-17,-0.7052973947937291,0.021279369493893915,-0.9248838113992376,0.05281575881590242,-0.6792964745099882,0.07709478109982497,-0.4558712700346258,-0.17057269964093416,-0.618025247625212,-0.15293595199440657,-0.8161742814189551,-0.08894453795754201,-0.5697462008530003,-0.04978027814943144,-0.3675366822218677,-0.33969437582946127,-0.4909075684806801,-0.3029661139865939,-0.6788189506312906,-0.22275538407526196,-0.49575493119344527,-0.17621744091866104,-0.3275464280812466
A,0.0,0.0,0.24746759046166777,-0.19836329102532663,0.429991374981275,-0.5146829919364201,0.43012631485905445,-0.7917629260865293,0.3516861755145844,-1.0,0.1823360875919294,-0.7478152976271498,0.19911815353774404,-0.956633302064036,0.21363424946714638,-0.7618916866954798,0.22822542145670727,-0.5672460667293585,0.0,-0.6990670231479459,0.03505211437288477,-0.9078224385604743,0.06368553394434938,-0.6532306956474803,0.09183312162329685,-0.43408941734092626,-0.17565760442577563,-0.6161887000357004,-0.13516014837516666,-0.8003059234317867,-0.08192967607919292,-0.536668547571444,-0.04192372420095432,-0.33327049403430725,-0.3583868373297935,-0.5009917680031617,-0.2947800768824921,-0.6542392905287296,-0.22707766225601994,-0.46783682055306597,-0.1862246814965385,-0.3113012872491357
A,0.0,0.0,0.2437636178620797,-0.21675508909260355,0.4064165647310081,-0.5260429215228003,0.4188913788968829,-0.7854522057537373,0.3414905991499636,-1.0,0.1675886612504033,-0.7442410214772863,0.17835665087004823,-0.9560576884133019,0.2042664155631504,-0.7644074644680142,0.22810187868325354,-0.5746171226144919,0.0,-0.6925064526338746,0.021219428977170975,-0.910366704153797,0.06087024277679571,-0.665891264825395,0.09922120285204591,-0.45269969942230853,-0.1672652649844209,-0.6092780924177118,-0.13671876031564234,-0.8059893387139475,-0.07286236566246788,-0.545904375547992,-0.025784517232928406,-0.34470736966529714,-0.33623652184522906,-0.49416664560482726,-0.2829473788825767,-0.6673330623871869,-0.2099157764180035,-0.4779590932506937,-0.16669072783372388,-0.3159542703790927
A,0.0,0.0,0.23926587940991423,-0.21543855921273491,0.3960671840950743,-0.5266096136884894,0.4015193063018032,-0.7864847405011121,0.3298985084149682,-1.0,0.1643674600930409,-0.7435745867608088,0.1689149406268116,-0.9508276891353743,0.19490660444709745,-0.7572757163521288,0.21740411410080818,-0.5651513347518863,0.0,-0.6889434044798757,0.0077329316252165575,-0.8993969998120946,0.0519813785045127,-0.6606835464257423,0.09239445519805738,-0.4535165234962557,-0.15914398394000526,-0.6049045422993641,-0.14049856412166242,-0.7884786691853124,-0.07573454523183623,-0.5372010401845783,-0.028606243624794244,-0.34740733674385893,-0.31774850771836993,-0.48885944272322107,-0.27192014125160674,-0.6552405549978506,-0.20444676928134686,-0.46768073116388303,-0.1648920579827596,-0.3133057780167472
A,0.0,0.0,0.2375317233254651,-0.22284799969421554,0.38841425941681035,-0.528567126861722,0.37562485108173066,-0.7856944595463977,0.31919839234724634,-1.0,0.16740180976232133,-0.7449401586542652,0.1625452125658108,-0.9369362777738023,0.1886912223176848,-0.7426845528457474,0.21543031464753368,-0.556462209392711,-3.0566945406495394e-17,-0.6890635007723206,0.0009296871614951828,-0.8793349512872626,0.043806167025397864,-0.6400357955851692,0.09034275688744593,-0.4405997355373908,-0.15472807281093445,-0.6064221671929272,-0.14686674199354396,-0.7709612729467151,-0.08602447486887041,-0.521606820040448,-0.03267417276849654,-0.3393549256641034,-0.3065671943517794,-0.4920496849504683,-0.27642440338412083,-0.633708751218059,-0.2135135563886464,-0.4484961449161256,-0.168558039986826,-0.30550975214518633
A,0.0,0.0,0.22548987338484316,-0.21960064740669388,0.380860511829506,-0.5254264463911481,0.38215788984083304,-0.7854084958549347,0.32654615874040216,-1.0,0.16941984881708214,-0.7453098543483617,0.16238789771438844,-0.9449544944140578,0.1807793908965421,-0.7469519111714358,0.20367429904199608,-0.5554811915531832,3.0513923508131084e-17,-0.6887575636455775,0.004226633994965752,-0.8769425775791508,0.045871609754465685,-0.6313725506186415,0.08351875309619843,-0.43109422347063814,-0.15954514155145488,-0.602636750921958,-0.15080954159825938,-0.7751620572281926,-0.08724784707136753,-0.5201324927876367,-0.04181749996169026,-0.33351126842448947,-0.3193695671464757,-0.48371439047680037,-0.2885768155562936,-0.6327931710433703,-0.22091135671199427,-0.45183083397615037,-0.18278975898988192,-0.3071556451848101
A,0.0,0.0,0.2200897684290984,-0.21511062106848466,0.36391790592967754,-0.5279505166309676,0.36533121519090417,-0.7839136542278405,0.3120625080632385,-1.0,0.16901489294673086,-0.7479102388247667,0.150953637371607,-0.9379185183190853,0.1694695819329361,-0.7468165644468807,0.19212299626587234,-0.5638638315816303,0.0,-0.6912802093130933,-0.002161196709790904,-0.8677064039382909,0.031695886296023,-0.6260036841748392,0.06670520723800336,-0.4313556755930677,-0.15972598701713503,-0.605752648080821,-0.15262292402817865,-0.7599223332450663,-0.09327598544330284,-0.5139718501689343,-0.043454352354801676,-0.3367336376242579,-0.31380466810513774,-0.4905842025224523,-0.2839097876017343,-0.6247003413168505,-0.21939037020254593,-0.44283702605136177,-0.17560094375062515,-0.30204990698781947
A,0.0,0.0,0.22482568509535558,-0.22627365945862377,0.36908268509537767,-0.5346551569667782,0.35884409461165917,-0.7897524191503085,0.2949456511921028,-1.0,0.17010373768893797,-0.7453143875853321,0.14675699612241797,-0.9279430205453059,0.15769028745798003,-0.7438542891499058,0.17950765644178687,-0.5602255809934437,0.0,-0.6854818774694001,-0.009090832606860501,-0.8623578905485244,0.019996202337287265,-0.6337331745557983,0.058889399782470306,-0.43759210406024507,-0.1598817389261269,-0.5951237935518074,-0.1583451127190659,-0.7418238183526712,-0.09873179464265028,-0.5102024736031238,-0.043429176797674426,-0.3345472430757329,-0.3137839628379283,-0.4743258663707492,-0.28884950207692695,-0.6068045994083682,-0.2227415929960308,-0.43543714165155045,-0.17461198207015652,-0.2959455588411494
A,0.0,0.0,0.22838645989484047,-0.2186232239353305,0.37973783933577343,-0.5299781282958974,0.3683904987227917,-0.7891822379651604,0.3052830974759344,-1.0,0.1717268545623919,-0.7454982606499789,0.1461467445495196,-0.9306088733156543,0.15901441747842102,-0.7348585933553582,0.18288120879080763,-0.5516102364557816,0.0,-0.6818537627156172,-0.019551224491360573,-0.8677981439871032,0.018249121272267348,-0.6295571832639747,0.06605239124741831,-0.4334379063060863,-0.1589721051755378,-0.5871986109793255,-0.17245394785996548,-0.7392048531868136,-0.10480017808534563,-0.4995387423961606,-0.0443761945016675,-0.32641536025442136,-0.31138225913746215,-0.4643202886377956,-0.30346915791007884,-0.5955883468208052,-0.22854373562147026,-0.4205373773241747,-0.17077892788900811,-0.28703810926463225
A,0.0,0.0,0.2235327822927077,-0.22012622543167268,0.3698567335203728,-0.5289652555854842,0.35345512350837494,-0.7884186130597458,0.2803481175478577,-1.0,0.1694060997484932,-0.7370207133700476,0.13291093531758402,-0.9304835818542319,0.14109237188054174,-0.7451541456590581,0.16760490842202824,-0.5679908719965123,-3.142125656562159e-17,-0.6759525344718245,-0.03068457960934349,-0.8643115728860801,0.001252308465690995,-0.6223598932541979,0.05128493043761802,-0.4285317312457655,-0.15484375203829764,-0.5861448631320286,-0.18112333447388285,-0.741615595766393,-0.12224852312522591,-0.49501390797306566,-0.06057536526967953,-0.3239868907312138,-0.3020639216582986,-0.46900007756155776,-0.3114741804913612,-0.585571528271446,-0.24086050899519412,-0.4106497258991446,-0.17773627069933906,-0.28659823626225084
A,0.0,0.0,0.2317040183835314,-0.226923922035037,0.3800507280147887,-0.5276620234484565,0.3712384235224455,-0.7870780599214944,0.30841048893009126,-1.0,0.1700120380584849,-0.743803520214441,0.14326846150773506,-0.9430695760807115,0.1530172804571894,-0.7567164549866308,0.17513502194132316,-0.5797369699864254,0.0,-0.6815519151134736,-0.021753889008264603,-0.8669594176739845,0.011816028074046253,-0.6276638813736825,0.05906750476221898,-0.4367166315739058,-0.158716434712006,-0.5906210928153358,-0.17229373398957928,-0.7500798711961182,-0.11464443121759081,-0.5069490306958385,-0.05858410727279401,-0.33090944666865235,-0.31273083277529956,-0.4718104764709038,-0.309255199658469,-0.6036484767770652,-0.23897516062195026,-0.43752583647662313,-0.18241383642675424,-0.30613346670739405
A,0.0,0.0,0.2724757259842689,-0.17784278083484326,0.4139081568358897,-0.5156281152506662,0.4315350712969694,-0.7947610156694699,0.3729138069409736,-1.0,0.19706639076866325,-0.7630562456282005,0.2886152734940729,-0.9151272468834717,0.3080679940930874,-0.671905303733113,0.312831301324494,-0.46278952338726626,0.0,-0.7374779356887041,0.13402970697179914,-0.8144011560469653,0.17373604403018622,-0.5332567205600814,0.18931556091780868,-0.3289884440555633,-0.17222424940834258,-0.6768339183462488,-0.009403116221523388,-0.6740993403624977,0.0356872803268017,-0.4105185199301418,0.044483115726681836,-0.2350615275756993,-0.3346559160567099,-0.5943554051341275,-0.16054250458167812,-0.581031282038154,-0.11389771894181583,-0.374232165974238,-0.10004193807564848,-0.24389294721920807
A,0.0,0.0,0.30866234757654726,-0.14198245944832208,0.4622580031835608,-0.4500801942807642,0.48605128523656865,-0.7521356212721734,0.5451010802487923,-1.0,0.2981723396333715,-0.720679726707401,0.36119521723056314,-0.7167146542397244,0.35566697786747214,-0.4139397543086818,0.35774926952433783,-0.1717137971682069,0.0,-0.6414297678917366,0.057208021141003915,-0.5344663806088967,0.10079908206865248,-0.18399936017535126,0.16195059248990037,0.06295049624986407,-0.25306639930183383,-0.5240025158423509,-0.20197807338294976,-0.33495672540736127,-0.13141496342828454,-0.011039069878457588,-0.06250279815595161,0.18944241471737208,-0.4788431108476088,-0.3852658268115663,-0.462738762177266,-0.21825834332179445,-0.3891012396774888,0.031227693738162098,-0.31593129645074636,0.1575019867058153
A,0.0,0.0,0.23163127806950431,-0.21607857681965845,0.3997852012979049,-0.5268255320312631,0.39505319856048593,-0.787386151642499,0.3251238247879813,-1.0,0.17659158716402462,-0.7575304802709713,0.14766063741011914,-0.9512275613358462,0.17335983150505485,-0.7553968144094821,0.20671904945588526,-0.5826246412567696,1.663227369138912e-17,-0.6994275236052119,-0.01917424576844716,-0.8981713540127214,0.028031489913301292,-0.6492666282223681,0.07906704387104488,-0.46082455670195893,-0.1585991542333864,-0.6091915595380305,-0.16783324630410448,-0.7819480453856081,-0.09580768176977665,-0.527342703480601,-0.03350273826520612,-0.35450635831134325,-0.3072670270647959,-0.48582166321059406,-0.3034662531688898,-0.6283065740735522,-0.22671713858629117,-0.4359676126264045,-0.1647578458748474,-0.29775551011605444
A,0.0,0.0,0.2315163076466102,-0.2115706705428862,0.3848342613242202,-0.5221217569002498,0.36515584084289093,-0.7847560809575302,0.30686319749708707,-1.0,0.1754084110366816,-0.7490965303271977,0.13857867831817489,-0.9378229905232636,0.15160754667383877,-0.7325561344680683,0.1782007869249617,-0.5565138188690976,0.0,-0.6843306585003316,-0.02271236790040707,-0.8643226283220963,0.021705038088921113,-0.6096159305648353,0.06741148380674032,-0.42536239653265867,-0.1601062891551163,-0.5915711203446382,-0.1789165599621064,-0.7504494865900759,-0.11056541040356947,-0.49448392204920383,-0.05775822936868477,-0.32522943829612544,-0.3163776208971229,-0.4710253300501116,-0.31664737211002997,-0.6161704791772483,-0.24325078287025184,-0.4346381816183271,-0.19397683114750747,-0.3024121779217654
A,0.0,0.0,0.22466420327827727,-0.21459868987085598,0.3769112246382257,-0.526313183064782,0.35426292105057494,-0.7866272673804808,0.30305829613737084,-1.0,0.17577372569429,-0.7333966117854832,0.13371398844583585,-0.9267438074589437,0.1389528306380861,-0.7362780960961965,0.16652352713835314,-0.5585399282078412,0.0,-0.6729604482842739,-0.027313746853194393,-0.8577164775318312,0.005336361370834753,-0.6123228515648697,0.055947702852569635,-0.4227432509995413,-0.15764695886668567,-0.5878264515243364,-0.18211192098999318,-0.7451906483542488,-0.12087092515542938,-0.49439524174314026,-0.05833261727612011,-0.3212932249250387,-0.3104366071346024,-0.47626957467606934,-0.3177590202100026,-0.6053182168059564,-0.2487082372905388,-0.4233687321034892,-0.18987329222990895,-0.29041626160190154
A,0.0,0.0,0.22686267793878298,-0.22237462643701494,0.38462390058163776,-0.5263524194773354,0.36824795295580126,-0.7859352554884211,0.31932854713678605,-1.0,0.1735157673256066,-0.7266600828366901,0.14093513726267937,-0.9373629181324326,0.14682391195331887,-0.7520393323380229,0.169173565100709,-0.568366889968137,-1.6965987739620034e-17,-0.6646521123137795,-0.019259582229779977,-0.8654192554273163,0.012880759211161323,-0.6300582502117376,0.056101806913803266,-0.43889463695331105,-0.15596896319577858,-0.5775837469728748,-0.17670168220018434,-0.7707599813540931,-0.11651750934115919,-0.5239013493498987,-0.05960839166087061,-0.3438154770456111,-0.30795610471513474,-0.4601743917770318,-0.3061053822455584,-0.5983668588451403,-0.23421736239106658,-0.42384515412844653,-0.1782319581081496,-0.29105592805310576
A,0.0,0.0,0.22990477970068351,-0.2247451159972926,0.3842626450556077,-0.5242094290477352,0.36520643334769776,-0.7833884098899937,0.31216691584727224,-1.0,0.17460675440225115,-0.729430469025971,0.132404322127684,-0.9312199471343835,0.13854981077995573,-0.7387928276450625,0.16779850553843417,-0.5568389237421323,0.0,-0.6654269128554953,-0.030454946548741275,-0.851825390555339,0.00795407685599282,-0.6114831561526336,0.06094955666304984,-0.4244545963384081,-0.15551802931871214,-0.5754847641335205,-0.1836147474993092,-0.7418259595202783,-0.11520138279623927,-0.4975771648032892,-0.05108181882169864,-0.3269943843982686,-0.30512698374335745,-0.4586917621534484,-0.31001065674227424,-0.5895778189500385,-0.23783170735191733,-0.41383047917183924,-0.1805173811058625,-0.2860631082664279
A,0.0,0.0,0.22154949220409492,-0.21923811927429793,0.37218082765181076,-0.5220404083831991,0.35580907579232995,-0.7820513587693477,0.3131312926856744,-1.0,0.17114880648993785,-0.7297823047413685,0.1351795239272994,-0.9286148377626053,0.1368223059097253,-0.7426873136644329,0.1633731049424338,-0.5623833645631902,0.0,-0.6658227710131318,-0.027798352864279733,-0.8545593241470616,0.003936080988419313,-0.621920902470973,0.05371500991809785,-0.4356940919439733,-0.15495130339684315,-0.5762172728388146,-0.18271686612696575,-0.7437348095709668,-0.1194232800076011,-0.5025413524816907,-0.057193370653138856,-0.3332879504451427,-0.3062427573088219,-0.45985215604119295,-0.3093625829972967,-0.5902009587906608,-0.23923268879753823,-0.4176637323871889,-0.1832357976426853,-0.2922748610862075
A,0.0,0.0,0.21730484918242363,-0.22800095456835337,0.3624005268463212,-0.5233095167637543,0.349819663677593,-0.7837152358693549,0.29945456826771133,-1.0,0.16927317662247462,-0.7233251349036071,0.11839892869416985,-0.9262318698187879,0.11499248884934592,-0.7461495234383081,0.14643821671566593,-0.5691030642054249,0.0,-0.6598772437591832,-0.04365075537124585,-0.8512833469122629,-0.016381870036377158,-0.6229860997705888,0.03989329489554646,-0.4382163397398934,-0.15265477796291815,-0.5711977779467127,-0.196612556262397,-0.7371724858490627,-0.13700042515247804,-0.49867215744100407,-0.06826669132573132,-0.33132692667888414,-0.29906484618582624,-0.4568677301775046,-0.3206399246498235,-0.5938007477604207,-0.2555110355967268,-0.41788900506455545,-0.19469870461373828,-0.28822342586645766
A,0.0,0.0,0.21904725226307917,-0.23493761535760485,0.36342021337713654,-0.5255979225649157,0.3387006670894996,-0.7871751849516206,0.2874862906414591,-1.0,0.16975281260853065,-0.7114694826534144,0.11861000164297628,-0.9152121484941312,0.11879809801608839,-0.7369829438286692,0.14854290438271767,-0.562124463559673,-1.7427539553498272e-17,-0.6480740268202408,-0.04106999027584827,-0.8405462835431863,-0.011061666149550436,-0.6110565355526356,0.04175326667077122,-0.4263957347945768,-0.14919805279005066,-0.5619050279257554,-0.1924152461418058,-0.7405244481646213,-0.13182482057984923,-0.5010189960653754,-0.06562572108372966,-0.33013732031690873,-0.29489302179287336,-0.4481431464295498,-0.3151888104842897,-0.5899809182524898,-0.24577967449469462,-0.4170968650470852,-0.18394792211673652,-0.2880966740063597
A,0.0,0.0,0.210722833201975,-0.21812042964361059,0.35707982813273564,-0.520194964738029,0.3539156431734183,-0.7824174218415153,0.29470999457136593,-1.0,0.17342268445008335,-0.7402414777890248,0.12396902081176939,-0.9402908695601396,0.12167827719426977,-0.7576300339050692,0.1477864597871806,-0.5812769184648212,0.0,-0.6817170619610249,-0.04130606265228307,-0.8659043955732154,-0.009334371594691103,-0.63019716575567,0.04125345622682626,-0.4466675484589416,-0.15848979048936632,-0.5959360138201059,-0.20232272247467414,-0.7588077059329446,-0.1367959424146164,-0.5108353900830531,-0.07045254325112295,-0.34217990783495894,-0.31209951384019147,-0.4815200549080387,-0.33253972090828887,-0.5988791956785284,-0.25886877332734726,-0.4189001212478422,-0.19463920181422453,-0.2950192324651817
A,0.0,0.0,0.21996882758151912,-0.22715149206207821,0.3646106175583094,-0.5247240497360457,0.3538790197339984,-0.7869553279578648,0.29565122165118124,-1.0,0.17361206082173095,-0.7285255428136602,0.12394768025641806,-0.9388190196742099,0.12486215623937617,-0.760165669178481,0.15903903444504872,-0.5829838495102293,0.0,-0.6664091743578128,-0.04253666579351772,-0.8631866273754965,-0.006841981101728235,-0.6302401295275012,0.054702486257553105,-0.44282701301445043,-0.15583135741150322,-0.5761682327363943,-0.19679395144156694,-0.7490229054021083,-0.12915094297364924,-0.5012931290244232,-0.05715710024828841,-0.3311744703554097,-0.3039267590256979,-0.4547648859958552,-0.32335543231412817,-0.5853567940548257,-0.24945515280452932,-0.40501572806729946,-0.1828295793611973,-0.2776592509453216
A,0.0,0.0,0.27716514945942233,-0.15208010412812142,0.3887581655645636,-0.47291546998149003,0.3882938121689684,-0.7459011526340625,0.4134590281646001,-1.0,0.2585158301538139,-0.704262392986973,0.2851731558650372,-0.8083617654391896,0.3171610310690017,-0.6493268697127024,0.321915556616909,-0.5353562206896948,0.0,-0.6589111450080379,0.03964825802791851,-0.7135806497371189,0.10371930078687781,-0.3777101722368621,0.15413285290556966,-0.15995962598442232,-0.23758383473450395,-0.5765628243477846,-0.19531708563356062,-0.5873532673866638,-0.10376678754843928,-0.24205191662347064,-0.03656836497705541,-0.01708206633810201,-0.4603338297090944,-0.47288762406352014,-0.41632619897208867,-0.46494788710931373,-0.307908652315216,-0.20437516004257456,-0.22150640615960734,-0.040849928362703396
A,0.0,0.0,0.22164745645212425,-0.2631364881535735,0.3549388071851788,-0.5318173772974725,0.3464606083725057,-0.794503532084585,0.29439961406314363,-1.0,0.17033848655239203,-0.7277648529721253,0.1143277248383343,-0.9280178869983382,0.1253121156741285,-0.750886382600728,0.16026482511281573,-0.5748760178405173,0.0,-0.6685958049466044,-0.05558030476720755,-0.8551979598223338,-0.0052208262557381,-0.6210913084494588,0.058178544026099316,-0.4380656496802387,-0.14814631954253307,-0.5783994508829974,-0.1910262688598416,-0.7499810070477879,-0.11681540055804976,-0.5214787385031665,-0.04977121392362987,-0.35587547892873667,-0.28364326048135363,-0.45199459350438276,-0.30966015194708435,-0.5940396326530045,-0.23355773945870276,-0.42800212648267494,-0.16940698962669964,-0.3010568636479269
A,0.0,0.0,0.22395353818523295,-0.22720356304814973,0.3572260446962264,-0.5295047934101964,0.3414300547846684,-0.7895369748257577,0.28632631697212213,-1.0,0.174819949195219,-0.7356636557578802,0.12288991072727054,-0.941567060951542,0.11909555952240003,-0.7590050473393265,0.1504594734718837,-0.5757049690655945,1.8837739373490177e-17,-0.6718090302858785,-0.05231230055085154,-0.8638939412344164,-0.019948044949498537,-0.6269065174169219,0.042695446765859346,-0.4358120542205649,-0.15683080066014266,-0.5805452636671375,-0.20593002494014115,-0.7482221917756723,-0.1391812867912488,-0.5010822950464859,-0.06519245976832648,-0.3296402227519391,-0.3040362040434602,-0.45994750661900957,-0.32439698355391455,-0.5950816892535291,-0.25546968093020717,-0.4135503329340118,-0.19043197426550934,-0.28334006664134137
A,0.0,0.0,0.21896556532432176,-0.22098649749305632,0.36382190727732233,-0.5265894236258171,0.3610687302722237,-0.788880078767404,0.29132351255944106,-1.0,0.17436614956118426,-0.7403491629532293,0.1276136210257231,-0.9491156999067926,0.12388406688429847,-0.7652461218608204,0.1544147139815496,-0.5842119691055053,0.0,-0.6760480289198985,-0.047454056575794476,-0.8719942184283532,-0.015330861373048442,-0.6361840969683178,0.045643155909789124,-0.44929701165091046,-0.1583138798889836,-0.582332124706986,-0.20371290263504602,-0.7483225525499954,-0.1382514879207169,-0.5020479111371474,-0.06711220113074123,-0.33525789414634033,-0.30801902527156094,-0.4610089770295946,-0.3245056730275026,-0.5886790250887375,-0.255710267360976,-0.41077136934486974,-0.19242779872854612,-0.2865272764599945
A,0.0,0.0,0.2180268807063527,-0.23502857128682675,0.35709471287425915,-0.525850060894157,0.3464415513423348,-0.7884928580978604,0.2862934489232458,-1.0,0.171921530317176,-0.7304824623012147,0.12341195473553905,-0.9408180291811141,0.12016660506330723,-0.76139002170809,0.14906609435611062,-0.5802913763792296,0.0,-0.6690185801088855,-0.047542436627887597,-0.8631164669449196,-0.014896324838456782,-0.6313433349962455,0.045223853474439475,-0.443461070337245,-0.1551064153763648,-0.5788498408623005,-0.1996114989825344,-0.7494215453502717,-0.1349454743027677,-0.5081803780872991,-0.0645553683880168,-0.33764431703637254,-0.3047638583640408,-0.4585938519710565,-0.3223243254890171,-0.5928090966391188,-0.2521941724510684,-0.4181761318996803,-0.18789837581995175,-0.2903034029157838
A,0.0,0.0,0.22055769720395016,-0.23126617233957317,0.3609880076297226,-0.5236890920151939,0.3489820064850574,-0.7891264746374066,0.28397877663966226,-1.0,0.17334032125368404,-0.7274843172701166,0.12227129586629197,-0.9324900238037903,0.12000208098419494,-0.7424897558006279,0.1502689369804132,-0.5600615851536699,1.9710159520834457e-17,-0.667905808932622,-0.053449933748111474,-0.8567632023293528,-0.020900090065225366,-0.6240057958303278,0.03965161305472138,-0.4368705477500071,-0.1570344337337611,-0.5773749744605181,-0.21156871947358322,-0.7531158936313528,-0.14887359297896383,-0.5109160763425709,-0.07852262235634835,-0.33896794901557026,-0.30761618204580576,-0.4552760181079302,-0.3376057323481187,-0.5841291407066341,-0.26855319885209283,-0.4065674019188679,-0.20163000373714088,-0.2780570389444468
A,0.0,0.0,0.2229356145686896,-0.2362023699765988,0.3600630284998062,-0.5266235898281837,0.35553189165717625,-0.7878001506456933,0.2929554999247515,-1.0,0.17643650679782732,-0.7249595779611341,0.12257170549587068,-0.9344370453206983,0.12283495271682289,-0.7548615482322428,0.1591762012279345,-0.5741113846716079,0.0,-0.6646369793502216,-0.05344961792011582,-0.8599579262971033,-0.020403382682982436,-0.630367996018356,0.0454589240329605,-0.44480652655134995,-0.16013256496561254,-0.5741982876454379,-0.2070866799832585,-0.7378605255629448,-0.14125396410785906,-0.49666210422491514,-0.06609882973440631,-0.3293814118574707,-0.3113438307483261,-0.45498776858634604,-0.332649381425827,-0.5814033019148748,-0.2616006042102942,-0.40664015286120514,-0.1936695653002196,-0.27989013230462456
A,0.0,0.0,0.21840683002520625,-0.22110090780500308,0.3602880662629832,-0.523704553367059,0.3604443642490848,-0.7854672142860145,0.2969278176499744,-1.0,0.17342316227737212,-0.7305558208019265,0.12204734193324561,-0.9415478596455876,0.11665082094507873,-0.7617824389249664,0.14694646996117944,-0.5759129902318887,2.046803700355599e-17,-0.6694022567570121,-0.05108097686348528,-0.8638543230700855,-0.02474384337997466,-0.6301153599586917,0.034742840503054706,-0.4364588961445804,-0.15813361917445976,-0.5800258350511371,-0.2095806146829025,-0.752904362621185,-0.1514250564453672,-0.503847206064449,-0.07920445094270209,-0.327652706842619,-0.3075074933731423,-0.46185274036409435,-0.3338526431095387,-0.5872503677878056,-0.26965730364928475,-0.40599278669786776,-0.2027192890067918,-0.2730042111093439
A,0.0,0.0,0.21849585285112727,-0.22187344025252825,0.36357145717558986,-0.5195731709726519,0.3588414795186931,-0.7848448822090863,0.29621520331299916,-1.0,0.17540000854023294,-0.7245936543680769,0.12751989955704746,-0.9386328625419927,0.12010740133027624,-0.7610253883331627,0.15015376161712723,-0.5775539232970529,-2.0561232233834416e-17,-0.6631447214296705,-0.04990266880948917,-0.860751002118133,-0.019064762884979387,-0.6344794663333814,0.045303571902222325,-0.44658640384494475,-0.1577593674026698,-0.573157023219262,-0.2065680656209509,-0.7530231295129144,-0.14356566242294816,-0.5120214732561766,-0.0701008510774681,-0.3385913585384851,-0.3078137250394742,-0.45280018419446266,-0.3311715121581271,-0.5842724915555517,-0.2609370737479204,-0.4086785539196033,-0.19289595456002417,-0.2793350856145465
A,0.0,0.0,0.22327409788658265,-0.22549980150431917,0.3631000710521071,-0.5243511486329672,0.3594348431126258,-0.7874188277561286,0.29137224301644477,-1.0,0.1718216067944288,-0.7315232898321326,0.12062140637610817,-0.9425187618388093,0.1192183314308594,-0.7612677022664861,0.1522254572606132,-0.575786339355891,-2.091197061689945e-17,-0.6710474604972634,-0.05101282744901664,-0.8652827514376049,-0.023025522933818404,-0.6351596381123749,0.036754066239843126,-0.44475106292078104,-0.1596539080927987,-0.582148498592132,-0.20866923684747463,-0.7604882080517991,-0.15227440736783177,-0.5169516819301602,-0.08373406791070223,-0.34295555963698726,-0.3113058508422153,-0.4645215982104361,-0.3339682261467917,-0.6019152553884978,-0.2749901210770225,-0.42094342294305714,-0.21525684926545413,-0.2853565018063867
A,0.0,0.0,0.2251032584004066,-0.22940957144053944,0.36562055854438463,-0.5223293078749751,0.35892921330816197,-0.785498132152801,0.2968718704086746,-1.0,0.17359374766589017,-0.724377525159088,0.12702840615561475,-0.936302934949077,0.12353481883299948,-0.7529896204100183,0.15343653839476765,-0.5684397433271555,0.0,-0.665426647141539,-0.04922936639097051,-0.8620737241252269,-0.019881287625096746,-0.6297709131718761,0.04083145091392812,-0.43845277871792526,-0.1603949037347741,-0.5771252307135885,-0.20794623614790675,-0.7553461820336679,-0.1503891997608403,-0.5108383860333979,-0.0816205312949592,-0.3366823752913207,-0.31342994952749104,-0.4591417270978954,-0.3372906208246162,-0.5890274510821651,-0.2743867373607421,-0.4104572967708028,-0.21184177674339016,-0.2791256511097486
A,0.0,0.0,0.22065981669531515,-0.22640902028654683,0.370719246972728,-0.5264408104975565,0.3640832047642815,-0.7856379033652413,0.29716197909313624,-1.0,0.17617795423268143,-0.7275699427268469,0.12714295400714717,-0.9246364486999005,0.11582601850620873,-0.7506342444632295,0.14420150688868677,-0.5678025435504381,-1.069911681523795e-17,-0.6679398210351782,-0.04547727043801385,-0.8617336576613217,-0.030731794976326117,-0.6312367226632043,0.02567727961364939,-0.4337013448770657,-0.15834892890148072,-0.5760910086160889,-0.20482040918965497,-0.7381258261234727,-0.15399786929280193,-0.5018846694259845,-0.08257530704630449,-0.3296944870935471,-0.3080670200225528,-0.4558059309156976,-0.333258406407866,-0.5863472648176374,-0.2783434061730973,-0.4145231964848617,-0.21669353635807206,-0.28511168837965845
A,0.0,0.0,0.22854615360553635,-0.21320235686174877,0.37505762654246727,-0.5149509711591681,0.3666375746015961,-0.7787695825160279,0.30864216793734256,-1.0,0.17585438176958654,-0.7318292736833745,0.12821476465794848,-0.9373990208364195,0.12268554688958648,-0.7463979420781447,0.15227545246087226,-0.5607868811968689,1.0845422145914626e-17,-0.6697865543705485,-0.05197107527881134,-0.8586748093478391,-0.021934049771147827,-0.6231873471638361,0.04063026620813116,-0.436753470587242,-0.16011807667406364,-0.577857958048614,-0.21052371977241782,-0.7344026133263302,-0.1462240562908936,-0.49021843370592005,-0.0737761653333968,-0.32282209467356077,-0.31091417930594606,-0.4601826631106156,-0.34219345696595016,-0.5795084665902182,-0.27488908531344947,-0.4018988873997987,-0.2093109214334032,-0.27566911544664785
A,0.0,0.0,0.2292836071775503,-0.21994672891261305,0.3721354106842937,-0.5114887854165685,0.37502417431125534,-0.7753942240669829,0.3224350175727178,-1.0,0.17573983411970268,-0.7340724368663268,0.13747129341330022,-0.9370209451713225,0.13108869160738526,-0.7458076451471165,0.1532681676614513,-0.5540596765893413,0.0,-0.6746181747897799,-0.03677593356936301,-0.8651464538749222,-0.014440530845843211,-0.6317308203912494,0.035398671666411224,-0.4340066672116126,-0.16104082221566438,-0.5821502436407788,-0.19383259644251177,-0.7467831359037594,-0.14191093611667563,-0.5045184586947407,-0.08242942456742262,-0.3249493855437707,-0.31510222071576155,-0.4630804312341885,-0.32721564469545206,-0.5992422819691157,-0.26714559915992514,-0.421069528045335,-0.21207123099661748,-0.28092097724991694
A,0.0,0.0,0.22493579619219972,-0.21069954960186232,0.3704402526171725,-0.5133332958880179,0.36810241425495954,-0.7783784713432891,0.3051750546958859,-1.0,0.1733823398044911,-0.7289827817171934,0.13366055545459926,-0.9388082521250649,0.12781080913011858,-0.7498877764840607,0.15687322487130953,-0.5585990175257092,0.0,-0.6711632889590615,-0.03678494065518223,-0.8633516122206261,-0.015407007802370719,-0.628825608575949,0.04020327771791799,-0.43511226582170603,-0.16087463393110524,-0.5811371819302728,-0.1980509337542537,-0.7492624099339148,-0.14484212313243136,-0.5033490269866401,-0.07864870220181863,-0.3262795895100714,-0.31346641445865,-0.4631095809323421,-0.3307016825185251,-0.5856359984391246,-0.2666348542145961,-0.4051697706226285,-0.20496936785142056,-0.2718430931607971
A,0.0,0.0,0.22334175718393542,-0.21501599825312367,0.3639814667658992,-0.5147185300816323,0.35939604636965167,-0.7767249758265895,0.29986331933248733,-1.0,0.1704455647174591,-0.7212260768547506,0.1345783548569248,-0.931804048638293,0.1355473911233745,-0.7427128394099433,0.16526886611318006,-0.5531689537015626,0.0,-0.6588793383627521,-0.03714333032945114,-0.8609034064392739,-0.011016198464651995,-0.6278444436892303,0.04346009206035505,-0.4343712491256992,-0.16074431723376154,-0.5682018724148916,-0.19747376981948458,-0.7307250509071912,-0.14048298167996753,-0.4896741712139652,-0.07510774285302034,-0.31884897476817425,-0.31686405040640764,-0.4523200406187623,-0.33260329167383945,-0.5798985617041787,-0.26564972455561636,-0.4057043811938581,-0.20523444117831938,-0.2765886924769415
A,0.0,0.0,0.22748612081137343,-0.22244004386564806,0.36587242059562647,-0.5198815040697291,0.3614674223905394,-0.7826578696612734,0.28658809608502395,-1.0,0.1695067390819475,-0.7245878171546031,0.1276928139606538,-0.9258866505145338,0.12232810217709118,-0.7376898214034564,0.15022766333973223,-0.545121285802707,0.0,-0.6611320629023032,-0.04740284827332673,-0.8583083272319566,-0.0318198389974669,-0.6291779361433988,0.02379463580687706,-0.43021652317604586,-0.15423424479671516,-0.5718544484633209,-0.19865519203100665,-0.7231575357517828,-0.1487601320377681,-0.4894696261195244,-0.0779691043688104,-0.3149497378036475,-0.2976109290571926,-0.4567194830451951,-0.32255289469074927,-0.5735263462527015,-0.26313281378513415,-0.3999177896128096,-0.19524252466067174,-0.2661847881403015
A,0.0,0.0,0.2293610119270104,-0.225296744923855,0.3574336384854447,-0.5218467282461539,0.35404259376887304,-0.7803971932412002,0.29122051742447547,-1.0,0.1735770958494214,-0.737867900611998,0.13287830458203256,-0.9440306293347823,0.13670065498998907,-0.7573432091160001,0.1657910823272341,-0.5593651057179525,-1.1118717557081504e-17,-0.673582389598066,-0.043264355724688106,-0.8689553688050607,-0.017675737544732048,-0.6353120058417031,0.035465334742590914,-0.43344792344756017,-0.1635977283803468,-0.581486419784268,-0.19477293749028654,-0.7434979646786536,-0.14338329862247337,-0.5057226434575935,-0.0834594845945434,-0.32758146364472845,-0.31952763665068057,-0.4627313376554517,-0.3401915593832533,-0.6069720179329597,-0.28088534740583454,-0.4297819304324107,-0.2231270190338436,-0.28983862190668946
A,0.0,0.0,0.22856835712685938,-0.22030520525422445,0.37987416833241594,-0.5222774434105998,0.40284345780761055,-0.7851503246534817,0.32281046129662444,-1.0,0.18020136701039272,-0.7523861363763136,0.14415535798216916,-0.9514330705626435,0.15189554122032992,-0.7630509212181711,0.18197599316415142,-0.5641262143979857,0.0,-0.6889021753921619,-0.032175400707450987,-0.8792394065293893,-0.005024942656482496,-0.640171207900358,0.04242576859341998,-0.4326197273541464,-0.16919855244681858,-0.5930413068810481,-0.19512211679249156,-0.7629736669229767,-0.14171670259172697,-0.5207679721719425,-0.08484833292451863,-0.33261212948058433,-0.3304911681742105,-0.4697257480184616,-0.34076327392009154,-0.6184647544259659,-0.28115369461841827,-0.4372309824029664,-0.2273916985798362,-0.2864411519758873
A,0.0,0.0,0.2323392099160623,-0.21094074172097652,0.3827296819531749,-0.5096028102274347,0.3865564520492377,-0.7757799407502142,0.3155598744496689,-1.0,0.177226968435119,-0.7416579409601444,0.15206173587678865,-0.944179796299945,0.16578147382362687,-0.7437683485234726,0.1944725617113597,-0.555081331466837,0.0,-0.6827024953945228,-0.031697978079237986,-0.8738844063862697,0.008935246633212851,-0.6301245770088882,0.05941705536519115,-0.43456477534314725,-0.16241513569217542,-0.5909808765449731,-0.19323248209628896,-0.7581494974012489,-0.12518101117598496,-0.5136088756335621,-0.06270060951519787,-0.33310914797143487,-0.3159453156384717,-0.4716501159611964,-0.3330071614183062,-0.612396714176169,-0.2618213953607262,-0.4278037558271317,-0.20224544538037284,-0.28330438782285516
A,0.0,0.0,0.23512299941324993,-0.2180472695320674,0.3775167518154757,-0.5192419380479838,0.37914900887105973,-0.7811557124365823,0.30518107855364274,-1.0,0.18280490674131603,-0.7651365678131653,0.15554684646930414,-0.9646629079456803,0.16547451935680657,-0.7710335288047206,0.19392572508534034,-0.5691738429322573,1.1547449937036525e-17,-0.7003006105424132,-0.02625956978423322,-0.8904534360005271,0.005263975118298217,-0.6459739462280054,0.052656328603336126,-0.434531362547182,-0.1690031279238796,-0.6032462033919628,-0.19209582207444698,-0.7748218278958856,-0.13370431072695466,-0.5269401512801205,-0.0767501783981455,-0.33364791778928865,-0.3264627841113199,-0.4769148866639754,-0.33459280555435256,-0.6265788460863712,-0.2692577155055387,-0.4402119456701004,-0.2129349828565757,-0.2870241348103166
A,0.0,0.0,0.2488399486073876,-0.1846742738129882,0.4116468769471142,-0.5123647791327206,0.40251126980221025,-0.7855759721135109,0.317180135738326,-1.0,0.18454715011568829,-0.758429563190673,0.16439869609444913,-0.9512860464779579,0.1825802996657489,-0.7456895803305752,0.21266061865009436,-0.5654411930488309,2.332699633858541e-17,-0.6923556123491452,-0.015203507785622128,-0.8772738620698649,0.028325521183114856,-0.6241208818802625,0.07675574818463358,-0.4349357154128601,-0.16681431679722333,-0.593139422504169,-0.17467659744056627,-0.738072147955271,-0.10155098835459815,-0.4830437949735287,-0.04395088489555761,-0.3144170257432983,-0.3202372529658241,-0.46603625153420897,-0.3139160038110221,-0.5779734289029923,-0.23785112193864288,-0.38344318940670163,-0.18179437833533607,-0.2541919591155722
A,0.0,0.0,0.23211070454701693,-0.20325500952011374,0.3806033576302804,-0.5156886890729626,0.3680873414564244,-0.784404684596043,0.27512526928440845,-1.0,0.17559315397795033,-0.7370373148979511,0.12569922364222022,-0.9462519918057343,0.13284445724485835,-0.7688123016620132,0.17240719361029644,-0.5769158444673637,-2.2782843022272684e-17,-0.6717049946716024,-0.04424448862206944,-0.8641282132355039,-0.013346903039889089,-0.6344762340464092,0.04809453416958871,-0.43533516868306393,-0.161130599658083,-0.576879086010956,-0.2026553364986004,-0.7382803594252529,-0.14311878566856576,-0.5000960903700203,-0.07008789098696402,-0.3213959208219184,-0.31192402301600064,-0.45346248008201745,-0.33312721897982,-0.5764132102200524,-0.2645351311377722,-0.3942604634370474,-0.19354392910079313,-0.2558386262617437
A,0.0,0.0,0.22727238787467055,-0.21000512991091147,0.3677263659775768,-0.5247205113114942,0.3566251116129258,-0.7895577597960809,0.2745002935716684,-1.0,0.16941963605449015,-0.733439351638899,0.12384713943664455,-0.9489227506499345,0.12864666413346526,-0.767580412794479,0.1621579735999124,-0.5796967248154964,0.0,-0.6715779869849435,-0.04087995734637542,-0.8750965498712665,-0.016323828605458727,-0.637810259001124,0.03967668800851923,-0.4404863599070555,-0.15661113741197946,-0.5822312781378765,-0.19479558062138133,-0.7485136147811426,-0.14376026077317342,-0.4998897603615884,-0.07759559695159206,-0.32333869581436386,-0.3053174570714106,-0.46698615483250283,-0.32625461970229286,-0.5988037373852119,-0.26991876170415335,-0.41790728592397924,-0.2086183008466974,-0.28310007652657493
A,0.0,0.0,0.22787630849405843,-0.20912191077647788,0.3671329020315408,-0.5200425054002167,0.34769114326563444,-0.7874875145240359,0.2736077663627614,-1.0,0.16904043397342697,-0.7216883216751429,0.12984164399693995,-0.9391383508106375,0.14445257116048976,-0.759127043194334,0.17726828665554606,-0.5783322745145508,0.0,-0.6598295862799411,-0.03249008357217433,-0.8714248926005409,0.003598685617840746,-0.6378357161884513,0.053156774188384597,-0.44938989693423637,-0.15464217062911945,-0.5699434755213314,-0.1801122884539197,-0.7520166980030133,-0.12110069995478538,-0.5033085051053513,-0.06232554183928342,-0.33126840116737455,-0.30206821909661,-0.45069089893121006,-0.30926588482812345,-0.5905389518520058,-0.24623871552059534,-0.41459592122413763,-0.19118011234514012,-0.2869236085874748
A,0.0,0.0,0.22738822007389342,-0.2151538552914556,0.3600875704592159,-0.5334804024735478,0.3453072059195205,-0.7924645168937838,0.2699717571936643,-1.0,0.16960995869841963,-0.7380241540837612,0.12093610182155137,-0.9436666379432629,0.1312607245952363,-0.766497578185807,0.1646409434760679,-0.5853773033626403,0.0,-0.6760921909665623,-0.04115621376926742,-0.8766310999277471,-0.012013981272492438,-0.6504102394742949,0.04195911618156042,-0.4590142854695591,-0.15670139630385088,-0.5861117606261339,-0.19158582490834133,-0.7596901727885563,-0.1382829755658549,-0.5191222484434976,-0.07366697212764793,-0.34409847075558725,-0.3036355568594007,-0.4672744531782591,-0.3181670208967719,-0.603343003801511,-0.2586031513632558,-0.426736726177949,-0.19677592168103755,-0.2922974949745914
A,0.0,0.0,0.23962503563480297,-0.2210938623629389,0.37652772670269996,-0.5336742085056666,0.3604804410079114,-0.7989465397192016,0.26959559855727905,-1.0,0.17482887736075103,-0.7390624042912655,0.13700166609859224,-0.9416858012893488,0.14901500004764337,-0.7597952455590158,0.1818680812483632,-0.5728002480067989,0.0,-0.6734411456937658,-0.03875668293817229,-0.8744094344847685,-0.004810497577929797,-0.6416313569310526,0.05172070637159193,-0.4409271383251436,-0.16001498151200716,-0.5794282609246192,-0.18689566891419016,-0.7397404979743737,-0.130042787084255,-0.5010507690684419,-0.06675380034271702,-0.3253863563991156,-0.30916803578851404,-0.45943036686938554,-0.31933385184842555,-0.5942500019756553,-0.2626879948789829,-0.4248638186449508,-0.2064217956797447,-0.29287945972363855
A,0.0,0.0,0.2437919366999583,-0.22654868541250794,0.3748821324359797,-0.5353199705467588,0.3645855920903242,-0.7938852100417086,0.28793470562916695,-1.0,0.17447072594680238,-0.7399112423678459,0.14223271610097085,-0.9441888541329256,0.15638932384167337,-0.7567225534348906,0.18545628051264554,-0.5626872054837623,0.0,-0.675998903997137,-0.031083769463766012,-0.8772507123636536,0.002636169634500024,-0.6469711789939983,0.05491000454758358,-0.44355578846777477,-0.16442561155677315,-0.5826299586559999,-0.18570729350672677,-0.7527033390073742,-0.13034205131467352,-0.5121384604171134,-0.07012328982780852,-0.3297345992441767,-0.32143398634364473,-0.4629080948329382,-0.3219440151693522,-0.6017626247312566,-0.26081005183088646,-0.42679034422474915,-0.20386751347121765,-0.2877477935336647
A,0.0,0.0,0.2361602368238558,-0.21621463165490493,0.361648037906215,-0.5321071217727825,0.3530612121412939,-0.7928883311737348,0.2811527360624783,-1.0,0.16789475125283976,-0.7350609483866619,0.1319800998014694,-0.9404028064162129,0.15496717827223144,-0.7594190869605963,0.18806522849650384,-0.5735803217436217,-2.251799508462244e-17,-0.6732772526911781,-0.03286060800116544,-0.8786040859173592,0.005010229640200697,-0.6461539611890227,0.05588357017919807,-0.44576540882179205,-0.16110315368090836,-0.581768712587414,-0.18244969397801236,-0.7589423747190739,-0.12428106451620129,-0.5097409988648613,-0.06553204010756518,-0.32699212612018436,-0.31495735637310507,-0.46152534404456097,-0.3196414240523409,-0.6099709485767574,-0.25682746050115424,-0.42662916524535643,-0.20121904548008604,-0.2841413569027491
A,0.0,0.0,0.2391142236723938,-0.22314036918444394,0.36207837034422263,-0.5370949212734579,0.3502051066019935,-0.7967579165219469,0.2737117328924179,-1.0,0.17118269084548515,-0.7414621750092638,0.13193991905532548,-0.9459916750963795,0.15446366634100145,-0.7712514740047666,0.1908583290283401,-0.580132104779488,0.0,-0.6748964451353383,-0.03460725199906189,-0.8830514704562666,0.005530747355545679,-0.6543800368690996,0.06053380146740198,-0.44696970675669956,-0.1630863619137047,-0.5789172594407427,-0.18645309623953174,-0.7559993873657268,-0.12225682743125267,-0.5128306534303926,-0.056452445494215846,-0.3247826351021674,-0.31760629776787025,-0.45418147272076037,-0.3197371759174549,-0.60900964904282,-0.2513816274718554,-0.4310562470848766,-0.18917690766852552,-0.2822829315310972
A,0.0,0.0,0.23717627677453035,-0.22295073533509907,0.35733751103996814,-0.5392341395015375,0.35196661519971945,-0.7944678567430395,0.28119169781684383,-1.0,0.17331007824225114,-0.7545500922172741,0.13709494868496047,-0.9518778005581776,0.16013631026299224,-0.7677017284495201,0.1980718736426247,-0.5758627422952278,0.0,-0.6897089637695522,-0.026457303528060118,-0.88159947557531,0.015344890431761952,-0.6479505293509072,0.07066258933121058,-0.44051072807552044,-0.1653947421531202,-0.5931251178772862,-0.18038039419302082,-0.7646947306143536,-0.1172613469827631,-0.5138535379493767,-0.05406482065831918,-0.3233681558265322,-0.3216389621154478,-0.4663608943074048,-0.3158806650021919,-0.6041386160194697,-0.2491500622973294,-0.4157293498396915,-0.1883000866713888,-0.2671992777627134
A,0.0,0.0,0.24515706400740397,-0.16931922848134634,0.3750347678121665,-0.510480030453213,0.3641823929630731,-0.7876493030338361,0.30001877025365203,-1.0,0.1778572121402055,-0.7376661991347676,0.1634402393705369,-0.9391855386049864,0.18272340208723828,-0.7450027819681116,0.21036481843960447,-0.5504263128110284,0.0,-0.6736158808374175,-0.006221904547728844,-0.8626124738648272,0.03628213239729253,-0.6060504217455903,0.08185307550474746,-0.39161192832544306,-0.1702576885216347,-0.5775408470495069,-0.16404830525913444,-0.7528819632056019,-0.10140867197426331,-0.4832989694905874,-0.048426661511578706,-0.2870964032017786,-0.33346594399177737,-0.45483961547272306,-0.31141922006696926,-0.5813800369958364,-0.24764920845923263,-0.385545737077446,-0.19479856543364749,-0.23780693851179116
A,0.0,0.0,0.245485081164076,-0.203202031947949,0.3731378930372156,-0.5287600764354398,0.3722671558027123,-0.795519680650166,0.29592588371805556,-1.0,0.17403663835011798,-0.7444661441862767,0.15225673037483878,-0.9539374511366466,0.17925948919776546,-0.7683979036275861,0.21380885177443726,-0.5770098284701486,0.0,-0.6741880643985871,-0.02090058681390244,-0.8841860359002133,0.0269558854495567,-0.6417774656909213,0.08396125640627825,-0.432900497079751,-0.1667244460212712,-0.5724654015460154,-0.17675416873508162,-0.7595345337544276,-0.10912834117996623,-0.5069882522249562,-0.04771722564149881,-0.3198243327749289,-0.32431255476619175,-0.441257780597848,-0.316224889817584,-0.5978619569421094,-0.24688955397527754,-0.41130982737939925,-0.18852134553087438,-0.2609699799437213
A,0.0,0.0,0.24193728389452093,-0.2000019686699679,0.37733488112924424,-0.5258714529884289,0.3687664308529424,-0.7939157523449909,0.28608083531902256,-1.0,0.1704593164327411,-0.7475609935665204,0.13273342758425363,-0.9603615513761714,0.16149324232730494,-0.7703905469157413,0.20563140311513636,-0.5749145319473582,0.0,-0.67629733567793,-0.02952905175404295,-0.8877143017540039,0.016848716127737386,-0.6432232366803511,0.0783605520925506,-0.4362050937928138,-0.16387067427683,-0.5775806575350142,-0.18092764532583117,-0.7576181354384338,-0.11318511492642648,-0.49888009692178,-0.04719584083609481,-0.31572117483847806,-0.3219745931022643,-0.4499520538182155,-0.31685462073665205,-0.5952344628606385,-0.2452109120309933,-0.40374081376461435,-0.1833775457185086,-0.2614913708211748
A,0.0,0.0,0.257452500167179,-0.22609579394641324,0.39825603334624,-0.5474352851150052,0.38614733360277903,-0.8093158511090793,0.2965847177401692,-1.0,0.1753816434504328,-0.7474079584378682,0.1470920803210312,-0.958067096842085,0.17651400089378674,-0.7685325603847508,0.2140280046742968,-0.5681599361534542,-2.247324748833319e-17,-0.6788092825564088,-0.022819595990489095,-0.8911722360753259,0.024716096864411435,-0.6569816838671588,0.0779027877122848,-0.44525365583437065,-0.16561713880357962,-0.5804084957481914,-0.17285561480269504,-0.7659246121607715,-0.10273269293708662,-0.5224214374969696,-0.04186162697769762,-0.33482245304351266,-0.32450124348200793,-0.4505228852180867,-0.30465315408533433,-0.6064999992815698,-0.2331172161858196,-0.43050767808457735,-0.17789538259278986,-0.2860355146824242
A,0.0,0.0,0.2525128731973299,-0.22614559002165138,0.38573480959911816,-0.5431731524431228,0.36558493029119027,-0.8018148105504668,0.2933155163220881,-1.0,0.17546143885474394,-0.7366479753401849,0.14122026703724377,-0.9457559832686531,0.16476520116409543,-0.7702886929692069,0.203142668455164,-0.5715642019343955,-2.1912094811028367e-17,-0.6667412855662038,-0.03149366178852421,-0.8818464511526212,0.011339841775794193,-0.6544012449643729,0.06876357537287883,-0.4423853180081612,-0.15871945683118294,-0.5667082484751206,-0.17894929482326088,-0.7534700355332653,-0.11325664788700214,-0.5119268833927639,-0.0492081707165753,-0.32534964519376663,-0.30610238686612234,-0.4342600405728161,-0.3013568292756759,-0.5898891970373401,-0.23896717188451427,-0.4148738463016621,-0.1864730888218134,-0.27442817366018446
A,0.0,0.0,0.2589165991705365,-0.22589756603569108,0.40026595543708265,-0.5387372209720002,0.38592368520857456,-0.7983713456842603,0.322125528244342,-1.0,0.18276583182248976,-0.7524240835325683,0.16179733303327123,-0.9605762463293998,0.18872045223488443,-0.7727044535665559,0.22117061054923828,-0.5674518434263799,-2.2270042455147857e-17,-0.6866263226217864,-0.014108512672185582,-0.896604519542085,0.036948075576940506,-0.6647761974011157,0.08672565350702964,-0.4505595305941452,-0.16704788107816798,-0.5873148679791279,-0.16875368345782987,-0.7801601405044737,-0.09861390157439075,-0.5381709742767863,-0.04554544758524089,-0.34408410120359717,-0.32584125491730886,-0.45327916283085395,-0.3038058778522405,-0.6208751288441127,-0.23968954971531378,-0.4450904266953454,-0.19787572780085258,-0.2933896057846401
A,0.0,0.0,0.25796159684631065,-0.2179532509779137,0.3928369017484921,-0.5429209709084762,0.36863890071919886,-0.8027377989838145,0.3092049651540879,-1.0,0.18037149239825329,-0.745466157756454,0.14501112962122292,-0.9494980325431819,0.1704819807630887,-0.7684679846849981,0.20962349511192827,-0.571566572594241,-4.3492438598988065e-17,-0.6763388338209952,-0.02385171091887822,-0.8732490482855768,0.027695021849540542,-0.6419389949606297,0.08578486654661246,-0.436188746720737,-0.16527173426859482,-0.577202854809897,-0.1728078482930127,-0.7496026491061712,-0.10063473715221062,-0.5088795281722305,-0.037982579420392695,-0.32840318898526427,-0.32121185753175746,-0.4453405523223129,-0.29536119332235394,-0.5907125755944086,-0.23005558497522585,-0.412299889843521,-0.1814539005384776,-0.27312431100660145
A,0.0,0.0,0.2590307472703049,-0.22563577510530716,0.4059587115655833,-0.5404874894049789,0.3940703942065582,-0.8036105539997991,0.3202111186129059,-1.0,0.17859430133468376,-0.7562381753263154,0.15604264431313036,-0.961569524986751,0.18237985170538046,-0.7742327881173409,0.216587217315549,-0.5775085146180458,0.0,-0.6916209812755616,-0.010083594706248922,-0.8937706366110417,0.03890382143768416,-0.6599210615866017,0.0873886840604784,-0.45150068478895733,-0.16726894575974308,-0.5944199246002416,-0.16573564528091025,-0.7643134277476543,-0.09597903444094019,-0.5236952398638899,-0.040238110572596394,-0.33995977782763326,-0.3272081662032091,-0.4629673616277608,-0.3009531205891035,-0.5986180045623016,-0.22981374878703714,-0.42790729012708467,-0.1802063578481667,-0.29136907174047955
A,0.0,0.0,0.25574023481269464,-0.21978325831112383,0.3999426727672247,-0.5390665953262501,0.38438722452162305,-0.7995570804922978,0.32053411065410997,-1.0,0.1789156950423378,-0.748302089149351,0.15404387992726187,-0.9546667815910923,0.18447865592169585,-0.7679410932710784,0.22280622081627607,-0.5742001224831141,0.0,-0.6808718971939827,-0.008981922788679717,-0.8880481267967781,0.04189566798065001,-0.6485213945718725,0.09442201700310647,-0.44105887117626164,-0.16331270211590543,-0.5825115748029838,-0.16527832084535607,-0.7710666020783211,-0.0956188844044619,-0.5243613342976297,-0.03632614501988369,-0.33743900108526614,-0.31627039986824595,-0.45066703937189223,-0.29825107561234815,-0.6104736374260884,-0.23122358286424588,-0.4321369923859636,-0.1817118393231386,-0.2863881238458079
A,0.0,0.0,0.25871553934588726,-0.22377361281431843,0.40891691671448027,-0.5524205345042589,0.39585787642103615,-0.8140936196991954,0.3142419229338562,-1.0,0.18467083462836734,-0.7692467644478141,0.15290624445857973,-0.9694771815970534,0.1752116427675863,-0.7824657970482572,0.21487462809605865,-0.5848255467839737,0.0,-0.7008430488789054,-0.02184114752168018,-0.896472438970057,0.029148456949175956,-0.6595278377355975,0.09333515452167704,-0.44905547577443067,-0.16564143495717074,-0.6011078781968783,-0.17449503228997315,-0.7656488284848838,-0.09773794941265777,-0.5197312002062139,-0.02627919751060265,-0.3344892009282966,-0.3175229341230905,-0.4680003796039347,-0.2966827000468024,-0.5984980006493111,-0.22578138877175705,-0.41518644497239243,-0.16637358788091114,-0.27593235629846674
A,0.0,0.0,0.2596489722123739,-0.19915791200723687,0.4206102848678802,-0.5218197773856617,0.40282989607730735,-0.7992936767437465,0.32793619131677315,-1.0,0.18722525198790216,-0.7395482602444359,0.16753106258374298,-0.9507075169978532,0.1916836785902478,-0.7631853386461158,0.22124787458806897,-0.5697140235255544,-2.2610907746049074e-17,-0.677457446582902,-0.006566534804908256,-0.8853352546072434,0.04222359621212414,-0.6344097620972158,0.09134165386442601,-0.4202851511913135,-0.16962393194743927,-0.5834482220369805,-0.1636142388722823,-0.7736053555688688,-0.09567093254005708,-0.5152053679726395,-0.03890773435336077,-0.32133994049039777,-0.3323340662628804,-0.4558080168493167,-0.3068170567485881,-0.6032231740629033,-0.23411858557586956,-0.42263826598341203,-0.1770770425293526,-0.2807358404512567
A,0.0,0.0,0.2624185908385285,-0.2048856286185989,0.40991071076308133,-0.5346592533869597,0.3974090988161184,-0.7995826275057701,0.3345548623152949,-1.0,0.18774111531293367,-0.7461397378522829,0.1596851825983319,-0.9561226861217447,0.18247226775111727,-0.779318883770564,0.21997064102009523,-0.5827745092151198,0.0,-0.6809476843405221,-0.01317675190657044,-0.8930341240403907,0.035900207868859196,-0.6524604863910811,0.09504826939561392,-0.4369410289646218,-0.169866265796807,-0.5824650422439089,-0.1711287234614829,-0.7631766717443196,-0.09641026004868163,-0.5072246394710841,-0.02809448581449499,-0.31465237679409824,-0.3275066731885406,-0.4494551922053478,-0.3065018853308186,-0.60809224236588,-0.23316715888809003,-0.42062185134086677,-0.17475182287711746,-0.2683831915255298
A,0.0,0.0,0.2565164227309268,-0.21262796059727102,0.4104696406066269,-0.5362588837569173,0.3943443020417749,-0.8008557746770716,0.31372391886697876,-1.0,0.1834220456308046,-0.7457062897413046,0.1549021597482256,-0.9597039470040106,0.1763214480491919,-0.7788069643126029,0.20865112328851815,-0.5842087755462609,-2.2142902918372978e-17,-0.6822134383425857,-0.011339368154148063,-0.8992848361585496,0.03408602420268229,-0.6609840763260321,0.08720258688997223,-0.445358871966536,-0.1685747502985598,-0.5866102079709379,-0.16886428589354502,-0.7722277128223456,-0.0968330907356509,-0.518262048614032,-0.0326983486447354,-0.3226723888096939,-0.32792970756553536,-0.4580175496462776,-0.3064916159412138,-0.6238884635117801,-0.23596857321153566,-0.43951237108866287,-0.18179489494621756,-0.28381046043397207
A,0.0,0.0,0.2499854564363332,-0.2163437047039582,0.4021795930958798,-0.5355635072177759,0.39857123672006944,-0.8000757758874559,0.31293317372421114,-1.0,0.17919883776559792,-0.7494627446946892,0.14945362175961555,-0.966086672614175,0.17212402619764836,-0.7780820336692496,0.20580251740565253,-0.5847503680268301,0.0,-0.6861712459609469,-0.020610378081474055,-0.9049081535355767,0.031306220618968275,-0.6612502414223214,0.08749494395641673,-0.4502946117474209,-0.16586431757447953,-0.5880997491265814,-0.17616730837238587,-0.7757780425551253,-0.09937111026640955,-0.5238198251416369,-0.037510643847193825,-0.33772227897901647,-0.3224393368478741,-0.45543050745323715,-0.3111312940416848,-0.6228616083520612,-0.23405966042289522,-0.44189442438246196,-0.1784420570627324,-0.2958244679643027
A,0.0,0.0,0.25583001915259446,-0.21639406261687413,0.40245538615295645,-0.5349868786268347,0.3932849959276208,-0.7975234614244511,0.3193773057689348,-1.0,0.18218143995206915,-0.7492873138102694,0.16643117820926384,-0.9616446699232694,0.18991203864839126,-0.7719672055299736,0.2158550777672318,-0.5776371991605251,2.219928864920577e-17,-0.689647379122388,-2.0595307280513123e-05,-0.8967138911995925,0.050228116558110186,-0.6498949430216111,0.09660447414713158,-0.44101950335557627,-0.17045384245406148,-0.596457681189472,-0.15716670237373387,-0.7807700472427713,-0.0848697170103989,-0.5184479364120385,-0.03078166781857405,-0.32744447246004577,-0.3333736218272819,-0.4680052260636498,-0.2938875181667693,-0.6215196563780917,-0.221965070653514,-0.4339185102948024,-0.1762574531554522,-0.28697770509577525
A,0.0,0.0,0.25772671449174156,-0.20443333859242557,0.4112891358502147,-0.5236169754560654,0.39565377583119765,-0.7942699864386622,0.32046045740702983,-1.0,0.17711498122633199,-0.7452529747719258,0.15807696435089402,-0.9681491842059083,0.1892910822136862,-0.7744936966837896,0.22489765830057365,-0.5758159178644832,-4.469129084967745e-17,-0.6809425881023289,-0.009269495667891073,-0.9009039187552791,0.04892876468914379,-0.6555607635357776,0.10127983805967909,-0.44466309974168056,-0.16473252145623735,-0.5850634890686304,-0.16297723201515182,-0.7853987711218883,-0.08465334308693673,-0.5246122235116868,-0.026366203334640105,-0.33250670917485736,-0.3232491913481831,-0.4526898668697787,-0.29763136222745495,-0.6115495441417248,-0.22459357682654055,-0.421378690927523,-0.17450230165283986,-0.2721671700197507
A,0.0,0.0,0.2519244992100701,-0.2071931513907227,0.39655227552683847,-0.5289002978750451,0.39435442695183404,-0.7940911914172493,0.3266667304610147,-1.0,0.18065538422316818,-0.7546171502781243,0.16522273203291735,-0.9661860309864668,0.1838704878192734,-0.7797851787480343,0.21125956347882216,-0.5815999137634353,-2.2316573957982865e-17,-0.6946920430822605,-0.006201405053773011,-0.899001633723538,0.037956295515844826,-0.6572213795741547,0.08671179184414904,-0.44216845565871976,-0.17143433003149802,-0.6005171084058155,-0.16610594447113738,-0.7805486022438132,-0.09834419086287718,-0.5250332307224499,-0.04219898859829022,-0.3308865768610579,-0.33554579080225216,-0.4715113907237226,-0.3049349868486644,-0.6153398079990835,-0.2365603192757322,-0.42945754100004907,-0.18722100438325298,-0.2809837083614284
A,0.0,0.0,0.2584338631412302,-0.20334389186207216,0.4139206912587892,-0.5249265785417631,0.4036308772673769,-0.7939733695663912,0.3381892577916211,-1.0,0.18077914101027093,-0.7521011226930584,0.1754735968562575,-0.9698440023462476,0.1969690978757952,-0.7705428652769796,0.2217186615756904,-0.5669335418576519,2.2453219852648594e-17,-0.6903872672669469,-8.53066698820521e-05,-0.9084639984200551,0.04361043230822674,-0.6620282888350238,0.08844740449079623,-0.44212575239127705,-0.1708733782729421,-0.5969712123687346,-0.16180674535952236,-0.7867399305498742,-0.09277021208486248,-0.5301321609004168,-0.036916454166127384,-0.3312760694517489,-0.3373408870835962,-0.470356433194946,-0.30109826762255654,-0.6314706945741068,-0.2329748806818409,-0.4465830010654593,-0.18591685140229405,-0.2908166237690064
A,0.0,0.0,0.24719522523248905,-0.20753839181135303,0.3933829121739404,-0.5294988422799354,0.3936748669253245,-0.7918279603433539,0.33132239088368837,-1.0,0.17798638943268935,-0.7498930065472408,0.16892062620179585,-0.9644734138122619,0.1945258873389258,-0.7738392825130331,0.219660453762824,-0.5776956691760852,2.211527081075027e-17,-0.6925465878762918,0.003348823703203532,-0.8990074522632493,0.04997976866886159,-0.659746810149755,0.09104554328073237,-0.4498834842372066,-0.1694512508283178,-0.6035441559838658,-0.15582833638663227,-0.7949717126720462,-0.08905806820825829,-0.5398880706702206,-0.03961123567232409,-0.3461284933070545,-0.333193039895384,-0.47948826289226376,-0.2910965506902025,-0.6291978522573336,-0.22565951418449315,-0.4436656510019979,-0.18341422815550207,-0.29456377497150915
A,0.0,0.0,0.25720926872920663,-0.2036672699453491,0.4038751525412444,-0.5295714413017463,0.40044031042684414,-0.7949221934940238,0.3317231643186276,-1.0,0.17844685737721894,-0.7497044937575402,0.16486148883740073,-0.9697126502399123,0.19269643594186003,-0.7723768798324856,0.22059135274187763,-0.5748414761941318,2.2130777086727442e-17,-0.6880573337984,-0.00043888305756913657,-0.904857092486161,0.049461650033884204,-0.6556145055541821,0.09110152194629759,-0.44020892122688643,-0.16652868986630084,-0.5948415689802856,-0.15919586483555814,-0.7883741721744157,-0.08646556997827871,-0.5302632569795571,-0.03581415159670168,-0.33332053809153145,-0.3257035219384872,-0.46809124257212126,-0.2971364013294593,-0.6342452067325247,-0.2240985438621588,-0.4501386051852215,-0.17688355096767255,-0.296123499474877
A,0.0,0.0,0.2541031613369956,-0.13098641695404636,0.4101310817427744,-0.48010131168978093,0.40093325573214433,-0.7717690574075938,0.3582996526827253,-1.0,0.19204348327519874,-0.7433529775086799,0.19621411814814196,-0.9490377537505889,0.21713817114380096,-0.7380912382452242,0.2346171546550974,-0.5352569088192001,0.0,-0.6839067805240655,0.011299932319083593,-0.8826164741225019,0.06448163667737906,-0.6074075201860909,0.10320605613990336,-0.3858238777522618,-0.1804991278149053,-0.5906653194874828,-0.15017383332529122,-0.7680011559638963,-0.07735289704222882,-0.4804104880151449,-0.0320295082939846,-0.2714939218155061,-0.3577981884597032,-0.469421653304064,-0.30659746075937355,-0.5953522728659247,-0.22772330859814233,-0.395092090077958,-0.17551024356179493,-0.24133017970674228
A,0.0,0.0,0.2579598830872623,-0.16775206087634326,0.4146375696969462,-0.5107579100408645,0.39973713097727576,-0.7869555530193414,0.33188710479882416,-1.0,0.18180345396376768,-0.7337263239917369,0.178504402038705,-0.9467499902125206,0.21151543355163513,-0.7483470512021391,0.23888992372820347,-0.5543779181793119,0.0,-0.6726404014156598,0.009751453778565263,-0.8869931072026431,0.06203144503027511,-0.635417176562536,0.10708135544668783,-0.4260588636599782,-0.1713748876464347,-0.5813666799904161,-0.1525236250296426,-0.7618585518746978,-0.07727991641175488,-0.4962672905478174,-0.022341844653580963,-0.3080660778906821,-0.33765822937240847,-0.4601964871640907,-0.299869059205235,-0.6065442740936027,-0.22061834241948616,-0.41090047034601535,-0.16680910604038474,-0.2640374167320446
A,0.0,0.0,0.2552610486123152,-0.19413260548771472,0.4082556242677988,-0.5247088486961747,0.38277072267318574,-0.7910382170598883,0.31339380265461153,-1.0,0.18611401084756338,-0.7465580837792734,0.16383870067608858,-0.9609760540208724,0.19261153561008768,-0.7671254656247557,0.22423397063791844,-0.5742689999472879,-2.2583177975228936e-17,-0.6836770285350589,-0.0063465961515874764,-0.8977154162674321,0.04466264265431075,-0.6522691409825784,0.09334801240408243,-0.44166819498508414,-0.17348142763741292,-0.5888375245769085,-0.17488199767356105,-0.7790390506718079,-0.09628223387546796,-0.5169484558277067,-0.03631434105134884,-0.32654910720340413,-0.3399526436368065,-0.45907367512881475,-0.32026056074896503,-0.6206935799432285,-0.23931780978792075,-0.4250947364554908,-0.1819637881101141,-0.27444827139100275
A,0.0,0.0,0.24428720131731707,-0.1994582332207275,0.39998072085693814,-0.5190573548334373,0.380231324892321,-0.7840316944089987,0.3166844895806878,-1.0,0.18206825211149755,-0.745813701546239,0.15864138355239812,-0.9562821392315426,0.17396302512662154,-0.7737346298467692,0.1962766287449581,-0.579651241086638,-2.2236420869003222e-17,-0.6840319431404551,-0.014903446709352498,-0.884898016934078,0.02691385411825094,-0.6493903149481346,0.07559592566731628,-0.4379691981556713,-0.17223984290153593,-0.5915537455951455,-0.17797800357046406,-0.7694377949804416,-0.10989672747536658,-0.5275443550313695,-0.05327441962002279,-0.33595804291774756,-0.3412266589945357,-0.46758239120056616,-0.32233595488838696,-0.621836142652232,-0.2468131360968137,-0.4440233375230487,-0.19300699855738912,-0.29138426998015343
A,0.0,0.0,0.24170103634444975,-0.20205482571980524,0.39362122425157203,-0.5174728737546808,0.37100879757134425,-0.7821794747713771,0.3094168927523162,-1.0,0.17378042658187406,-0.7337628762112075,0.15723874250507527,-0.9481468033809582,0.18192145917280353,-0.7625622897713344,0.2084073677390367,-0.5677186623798461,0.0,-0.6731104240930518,-0.0043372109683032616,-0.8770372633487078,0.041797344643152594,-0.6416086977996538,0.08641961741650317,-0.43159572655076217,-0.16646094022890764,-0.5821550564531367,-0.1558827365022787,-0.7670849443147868,-0.09028996702040634,-0.5185561664392261,-0.041624005887921756,-0.3237460919122304,-0.3296836251260694,-0.4596522802938573,-0.30273364753916127,-0.6122477226131369,-0.23293331062163825,-0.4287852011886983,-0.1876097806066793,-0.27336654178301645
A,0.0,0.0,0.2409741715214356,-0.20777551808620287,0.3942597444785857,-0.5271976269941047,0.36837529172786343,-0.7910253394617387,0.29335500687312627,-1.0,0.1761887638349599,-0.7425173426173534,0.1483999066265372,-0.9471970980372402,0.16831531964179697,-0.756028207224839,0.19900987260026645,-0.5717641229057956,0.0,-0.6769627911257411,-0.0140654219358841,-0.8705495602623368,0.029316424331426658,-0.6263232483916132,0.0799700153636472,-0.4280007711336335,-0.16401863485005017,-0.5818204819727429,-0.16963736625627038,-0.7519822138928608,-0.10603217240189583,-0.5001959960630347,-0.04984557413498058,-0.31866385896593774,-0.3222556443543089,-0.45809158065686245,-0.3092757885518029,-0.6057043475368488,-0.24104450231514007,-0.4197694822798383,-0.18821844520048867,-0.277449987237611
A,0.0,0.0,0.2451669739127652,-0.20425365241490007,0.3992082234217151,-0.5174141083069518,0.3755391906756267,-0.7848354291073995,0.3054571433241505,-1.0,0.1708338788786599,-0.7389662008100647,0.15814413523544027,-0.9551281018905238,0.18301420652239275,-0.7570905336724922,0.20523713662218102,-0.5619677687093608,-2.180031404599811e-17,-0.6754237878387964,-0.002120374549465212,-0.8798883585218075,0.04205845460102887,-0.6420068319477102,0.08347885835017373,-0.4362415511983454,-0.1653364744648107,-0.5820235905624521,-0.15389536023711534,-0.7657864755275287,-0.09239457948771086,-0.5176197547402349,-0.046333951016190165,-0.3260684795425259,-0.32900283532657,-0.46085864152299927,-0.30166065723313923,-0.6257455069167611,-0.23380146429212134,-0.44488325678194895,-0.1881602700584163,-0.28989321149876074
A,0.0,0.0,0.23501271451208228,-0.19750706410807387,0.39403799807288176,-0.5213151544148156,0.3674094434838973,-0.7845016479718824,0.28698082876709435,-1.0,0.16999490907996265,-0.7465165919489827,0.1520893437905778,-0.9478702531426711,0.1799334020436675,-0.7617717027915302,0.20775485817926126,-0.5749772892033095,0.0,-0.685920059933038,-0.0027720177343382594,-0.8786299741976212,0.04696570632051276,-0.6441315991911156,0.09414471335963207,-0.44391050056645254,-0.16045893130719324,-0.5971764873242233,-0.14772355946441848,-0.7666920484403703,-0.07885745929951625,-0.5192617421227839,-0.02532051931856447,-0.3365612001358533,-0.314257881399501,-0.4775899967526081,-0.2804148672172093,-0.6137234282573357,-0.21021793910837097,-0.42157951334267585,-0.16016501481668236,-0.2743514205105546
A,0.0,0.0,0.2435067165105282,-0.21059234295193816,0.3878617950001873,-0.518450188738704,0.36726659217238844,-0.7851992166075292,0.2939801290554976,-1.0,0.1719948675244429,-0.7339031149682933,0.15620926579155464,-0.9520486151425988,0.19211526848146532,-0.7575179447277937,0.21985520868229774,-0.5702248514322892,-2.137882608441491e-17,-0.6713938533068751,-0.0013943854950810887,-0.8827812588070564,0.05252462721324233,-0.6420600663025775,0.09490263326988792,-0.442560852035274,-0.16467171887404428,-0.5767239284426188,-0.14878949493793173,-0.762446414167885,-0.07830545038725957,-0.5164549553488357,-0.030820556689143755,-0.33282322064622716,-0.3257742212127795,-0.4515771265742239,-0.2970219624448675,-0.6278420811882609,-0.2216972318722905,-0.45065966923494033,-0.17382140497208096,-0.2995798179918472
A,0.0,0.0,0.25232374637246224,-0.21766042174229233,0.40484312612323037,-0.527846652285587,0.3724903460037167,-0.7883148206682107,0.29635055137473654,-1.0,0.1818811137027746,-0.7558829338563163,0.16413128991287093,-0.9550854059240992,0.19859402375803054,-0.7569519249006528,0.2286750399314531,-0.5670111266141997,-4.322534789200613e-17,-0.6932466787089047,-0.003058683799070573,-0.8922200063549022,0.05271388120085891,-0.6481491788091462,0.09837354444927125,-0.4411999240457126,-0.16918571648888697,-0.5984842332480533,-0.14939988092912782,-0.7785951515684728,-0.07641434364658084,-0.5296157058695686,-0.02728139870007672,-0.33943940445122484,-0.3289907245567105,-0.47140335241162484,-0.2906844320929398,-0.6414634389046613,-0.21774902509886035,-0.4567271310499546,-0.1730964787695858,-0.3016752141384252
A,0.0,0.0,0.24921620868386887,-0.1574109805246069,0.4268539101887799,-0.49271731348710635,0.40113169011291616,-0.7735944360214279,0.3435278237266002,-1.0,0.19498703318059088,-0.734542854112027,0.1996624093430181,-0.9479437115436348,0.21952255512953017,-0.7450074765258903,0.23565681546878098,-0.5425712191642023,0.0,-0.6776984070741496,0.012676209377170684,-0.8869552831390934,0.049274956811496524,-0.6211165179517809,0.08158965775014343,-0.39960207863182334,-0.18260586772506382,-0.588431301038745,-0.1597846703822449,-0.7648629849493117,-0.1041136397853927,-0.4953652572023183,-0.06375280061530468,-0.29413195093443045,-0.361997997275693,-0.4715423497608226,-0.3220128814579429,-0.6280117757438919,-0.25645169832748715,-0.4319536258262654,-0.21476023246178347,-0.2749560722283874
A,0.0,0.0,0.24989733111764856,-0.1879301561810403,0.4235042781698967,-0.5222916956207367,0.39635225915983396,-0.7887327682466213,0.3190142938434538,-1.0,0.19422430663625187,-0.7702113210856433,0.1822077617391553,-0.9800545757794333,0.20901611916022378,-0.7815445562799713,0.23973936909643895,-0.5856391576593739,2.298642566197609e-17,-0.7058939562337075,0.003349972739028929,-0.9089639122109098,0.04979291661457211,-0.6578839943106508,0.09797751984367921,-0.4477206476522694,-0.1826779202871952,-0.6064241048155173,-0.1691752375207906,-0.7820619318525454,-0.09768512617517369,-0.516927866985853,-0.04098715930400205,-0.3222398495218913,-0.36284610371510634,-0.47174936928557876,-0.33218961638376426,-0.6204374653684993,-0.24941660425612777,-0.42063184330780196,-0.18860231296606192,-0.26950034417072954
A,0.0,0.0,0.24042000205782646,-0.19115410700653607,0.4208419250260472,-0.5148299653023537,0.40341851433733666,-0.7846630177892919,0.3307229135823226,-1.0,0.1852997128673375,-0.760994990018758,0.1886643879202111,-0.9666156561589228,0.20186367666325647,-0.7585328578273175,0.21657472495785382,-0.5576671157143469,2.2169617391720566e-17,-0.7001874122002993,0.013764882806441626,-0.9052444053354548,0.0505803855300069,-0.6500768309352403,0.0844243857328072,-0.43619981686218395,-0.17676822257530542,-0.6070289701565351,-0.1549235892576735,-0.7810688686641495,-0.09212577276858334,-0.519968119755757,-0.05016255205809371,-0.32566782255844984,-0.3564511194779454,-0.4844907449773794,-0.31355592159318696,-0.6511425629712697,-0.24350151224085903,-0.4558311932239555,-0.2040174189053653,-0.29819188091478194
A,0.0,0.0,0.24478163614593734,-0.1970290744991096,0.42534409842637466,-0.5284680798478838,0.40657124824618185,-0.7966931278144753,0.31878566665119185,-1.0,0.1765319323350128,-0.7537910230048047,0.17681137713017658,-0.955993464957088,0.20157265295875829,-0.7574551328694386,0.22489813651091123,-0.5654759527650068,0.0,-0.6896823051655003,0.005766865272372089,-0.8943902732069587,0.05331215610581506,-0.6470270438954596,0.09244730329777799,-0.4392919790106129,-0.1653471041168225,-0.5979252236267195,-0.15023009501099888,-0.7742706150178754,-0.07924077443333202,-0.5233136787247843,-0.03248284050785038,-0.33387948618433516,-0.3311620869273934,-0.4769677885485553,-0.29600476464719094,-0.6445218695204753,-0.22100829207477857,-0.45613889854471007,-0.17665713921808862,-0.3013063039840029
A,0.0,0.0,0.2318550876280949,-0.19926955975956515,0.40754536166411637,-0.525186163265543,0.3910801742199218,-0.7886692791722226,0.311950174711091,-1.0,0.1761421809782053,-0.7674237699435775,0.16916953581396207,-0.962295740529165,0.1762954810509127,-0.7623163465483324,0.19400636798196108,-0.5690794104792949,0.0,-0.7007372711940915,-0.0034151426610516387,-0.8896908158340232,0.028355967802744117,-0.6460355490328951,0.06697550679544054,-0.4401231224102061,-0.16377331577165113,-0.6051208250891623,-0.16890626770846232,-0.7659466384699739,-0.10556122836328521,-0.519956477789072,-0.052098847635427714,-0.333739628263349,-0.3268065204246647,-0.4797733460670646,-0.31205555508515936,-0.6257776985835484,-0.2393584819369691,-0.4445829751414772,-0.18700926085895953,-0.29831769085656945
A,0.0,0.0,0.24003099179588228,-0.20424313207177583,0.41647134162483135,-0.5229608717088718,0.3990348739791852,-0.7918911789731325,0.322404838453051,-1.0,0.17787028384463965,-0.7557058478973316,0.17202250398979077,-0.9532786297333021,0.18876555278260157,-0.7585402027976139,0.21103727821745136,-0.5681764369152644,-4.215301496297883e-17,-0.6894408593123852,-0.007292515449075584,-0.8932927976167262,0.041161935491072076,-0.6523261324962117,0.08706099427019154,-0.4463214298883066,-0.16631287111357496,-0.5940602186139243,-0.16342173088564724,-0.7676630316193933,-0.08767374950288757,-0.5181324991688857,-0.033514546106962285,-0.3316220192840865,-0.3321767678495922,-0.4695321201872681,-0.29987222538457237,-0.6210232015254513,-0.22326124106456274,-0.43605453833588004,-0.1772241978595647,-0.28859276617588037
A,0.0,0.0,0.23373816789965915,-0.20797207030427828,0.4021430225048153,-0.5271954113059125,0.39130673346078965,-0.7912638675387563,0.3083033258404128,-1.0,0.18188289139383115,-0.7636692748542538,0.16052317950708037,-0.9804288035953774,0.17828605815814064,-0.7911362560225593,0.20617345058185324,-0.5932191637955444,0.0,-0.6962788119232373,-0.012961415911493418,-0.9125534358755621,0.029796130574147837,-0.6714771250042126,0.07709222815215534,-0.4607735035792547,-0.17150485120415287,-0.5974454335855595,-0.1693220205478281,-0.7885120135169917,-0.1020645174370223,-0.5330869685209161,-0.047674725880928415,-0.33919159105317026,-0.34132142040172736,-0.4664954256080394,-0.3163831707778671,-0.633438312803741,-0.24239369075501335,-0.44511557086124515,-0.1904654909354082,-0.289567608903831
A,0.0,0.0,0.24758489355215593,-0.22714739656442048,0.4130502606608117,-0.5346501266427239,0.39004775664620606,-0.7993920549248061,0.29289346453438525,-1.0,0.18282629607532483,-0.7531736060246977,0.14664347426289426,-0.9624637835002164,0.15987621966432963,-0.7837525553029201,0.191351145953674,-0.5934804477200196,0.0,-0.6860900592107256,-0.023206710449801892,-0.890383777446926,0.017371436547420405,-0.6586491967947118,0.06991829768545084,-0.4474249117049509,-0.16840340350281602,-0.5895358868455739,-0.178283758848412,-0.7697192653586935,-0.11135895693982688,-0.5231379830034913,-0.049320501323938094,-0.32856313645596774,-0.33083406115021524,-0.4606386523295345,-0.3161938139362487,-0.6299682876257421,-0.24292499516804686,-0.44178032295711706,-0.18545323416378343,-0.2807392540885597
A,0.0,0.0,0.24766683378473664,-0.21106422978273032,0.41485877369852264,-0.5216777067020228,0.3928058819855437,-0.7914637018748004,0.2995848190768913,-1.0,0.18554322515457725,-0.7495770280928202,0.15168145077192768,-0.966192096773891,0.16950618765326061,-0.7826214025276266,0.20377041734836956,-0.5883054686121898,0.0,-0.6866128830240252,-0.02051868339347868,-0.8897070484684062,0.02694624949613745,-0.6413062056622154,0.07994073415350325,-0.4291283653930559,-0.17256158718445566,-0.5898954552932126,-0.18262275651375415,-0.7754249830360117,-0.10762460001348535,-0.5194717866504864,-0.04639430840487372,-0.32605776188118907,-0.33943693797401464,-0.45866745929371416,-0.32595002340558327,-0.6197727574068373,-0.2442009368524482,-0.43173032997227223,-0.18596846585246654,-0.2793475108995447
A,0.0,0.0,0.24476666845336453,-0.21045527049446655,0.41606254726863523,-0.5169565790162334,0.4073213028846224,-0.787667021433417,0.323445036468474,-1.0,0.18566652726495833,-0.7453283232292814,0.16166383075281324,-0.9642627673950197,0.17828959039677192,-0.7774387243767581,0.20317433709548244,-0.583565780529425,0.0,-0.6879295844539373,-0.01757585637103882,-0.8997042852111107,0.029578769072612882,-0.658320624938218,0.07728741243564348,-0.4497465044955813,-0.17302326948036859,-0.5958558912908895,-0.1781763742052035,-0.7880571393462968,-0.10515865563707007,-0.5355461105512429,-0.05071978496048722,-0.3439865942460823,-0.34147787398752716,-0.46896266230763184,-0.3182687702535333,-0.6335311750812862,-0.23912253797865632,-0.44829332413597894,-0.1877387829850008,-0.2958127026653023
A,0.0,0.0,0.24759871581707943,-0.19578403464991453,0.41487627985426867,-0.5191346266774957,0.3828489812897143,-0.792306147247442,0.29925947799791575,-1.0,0.17971468767647727,-0.7340137392089794,0.15555270555428682,-0.9513754798321324,0.16388122055990634,-0.7630383171357173,0.19472518091128066,-0.5726397213126196,0.0,-0.6685639120184458,-0.02414184755612174,-0.880360702499222,0.01619736036472186,-0.6298812247727588,0.07395513508119363,-0.421583314351215,-0.16336482390750917,-0.5722788013001024,-0.1820846077292808,-0.7543610731693806,-0.1114319613413508,-0.49753801313214696,-0.04421250753528632,-0.3102805422502356,-0.32295417377723945,-0.44444134265363566,-0.31267605964493705,-0.6010312911452678,-0.24258646581622498,-0.41174590952962736,-0.18422256247337032,-0.26312958215535603
A,0.0,0.0,0.2328139622244801,-0.20359064539848634,0.40620756486694837,-0.5130951868390043,0.3886349093664934,-0.7840520621367602,0.3056794517583589,-1.0,0.1804067535527301,-0.7410469255258522,0.14924359294296735,-0.962885104554172,0.1663235949034223,-0.7766705945582475,0.19569594649067393,-0.590502108910129,0.0,-0.6766262074801127,-0.025603799777169166,-0.8871142637372931,0.025134328551766897,-0.6437886028140067,0.07775240133124627,-0.4429334116314785,-0.16882405540827672,-0.5808491924414826,-0.18353027832111243,-0.7654561665736125,-0.10865765845597926,-0.509962733314697,-0.05055311833640123,-0.32275815299733157,-0.33741795538422725,-0.45385022563395416,-0.326994413592985,-0.619531062448053,-0.24714097311866853,-0.44016458637092415,-0.1941389642737356,-0.2939479546197324
A,0.0,0.0,0.23185012129731306,-0.2200034439049325,0.39457878223684967,-0.5227049929229194,0.3781072232596636,-0.7868739718416743,0.29807442590372596,-1.0,0.1770749701540491,-0.728636538968157,0.14207757275812116,-0.9503993039335867,0.16038966291926893,-0.7685571231460774,0.19103328010820678,-0.585472191597314,0.0,-0.6669584339251574,-0.025221707031670874,-0.8773895801739022,0.02142740326752492,-0.638816117084439,0.07286278313324107,-0.4407609177848159,-0.16583482562245302,-0.5753972211104049,-0.17995224092063283,-0.7624850571268392,-0.10963505786252807,-0.5145590825951519,-0.050960221325605314,-0.3322266232877544,-0.32976372605487164,-0.452671681200232,-0.31901521947850703,-0.6195633483689322,-0.24494617604328087,-0.4404635323217837,-0.19282885766918925,-0.2945213047704217
A,0.0,0.0,0.2349929282021637,-0.22395690048351613,0.39407224406643787,-0.5274946366986253,0.38117119149498613,-0.7905466768843359,0.29685579874344903,-1.0,0.17984780767659092,-0.7454236680726318,0.1471589806285045,-0.9567017490614802,0.15878068562349926,-0.7692180322562274,0.18624348013204586,-0.5809179846888635,0.0,-0.6821198149033991,-0.02666927684601875,-0.8832658961320817,0.012245282025079738,-0.6410100870615616,0.0620994281837547,-0.44036416371921283,-0.16721415617693655,-0.5867934439718391,-0.18261189252245755,-0.758409389136761,-0.11800399832894495,-0.5085303987913024,-0.06038081641797703,-0.32711332001911403,-0.3299074357123746,-0.461143609955582,-0.3226132862432198,-0.6258967332729942,-0.2534560904487724,-0.440574971024261,-0.2029295416022085,-0.293314845590425
A,0.0,0.0,0.23453166984747068,-0.2152797939770914,0.3894459298397474,-0.5180494355136968,0.3759508782961468,-0.7802471858198685,0.31314122517457105,-1.0,0.17976754505135925,-0.7384220754084921,0.1425074027173069,-0.9554267498559078,0.16630809543876712,-0.7782750540942343,0.20165145716530294,-0.5919188309430482,-4.000739806356858e-17,-0.6745934760971912,-0.023391045118152917,-0.8813438293963791,0.026664665908640067,-0.6453798770131465,0.07788167335742774,-0.44505784458279135,-0.16962694037030038,-0.5793056864312116,-0.17519672835383754,-0.7589105380587188,-0.10357570886636891,-0.5090773283194723,-0.04927804050367368,-0.3207936735029822,-0.33707246374570426,-0.4528949396853192,-0.3189585615639631,-0.6297739965918415,-0.2424291470269479,-0.45538779760039666,-0.19532995612134618,-0.30495028206761904
A,0.0,0.0,0.23492659896899626,-0.23037240360882025,0.39092754734871893,-0.5297145167389574,0.38480840382258125,-0.7890867369650718,0.3143132788537543,-1.0,0.17935987736291137,-0.736980479210528,0.14744556216231672,-0.9554095720162866,0.1752418178502117,-0.7763934551641408,0.21045514259907963,-0.5898690929636262,0.0,-0.6752308525102371,-0.015382400590616916,-0.8853013401747203,0.033729391940096685,-0.648940337288944,0.08029922921477912,-0.45067552518939463,-0.1687449400285415,-0.5800954149855252,-0.1703842243061942,-0.7720308975428348,-0.10025861138031127,-0.521944745774342,-0.0500875690604222,-0.3367676603867285,-0.3345874702593363,-0.4514372619256614,-0.32015376679504975,-0.6251849150116354,-0.24255724956849037,-0.44816022435202485,-0.19552314829586273,-0.3018825260466541
A,0.0,0.0,0.23537986234555083,-0.22685246019383756,0.37866710142839666,-0.5268826505438293,0.3645938736563685,-0.789393131940137,0.2891090478328319,-1.0,0.1765003370893173,-0.7295473036054159,0.12357220350787147,-0.9485624483494819,0.1430668123167719,-0.7712706214912818,0.18405178932175692,-0.5840202934100931,0.0,-0.6665180136704614,-0.03950075411747803,-0.8764147792044538,0.010586152383432374,-0.6460677538487296,0.06969259008659666,-0.4468785034020929,-0.16651578868617764,-0.5699502021520666,-0.18976990416411404,-0.7563599455376493,-0.11552789449123968,-0.5121812838978964,-0.05228883775141034,-0.3321527812198117,-0.32675197458715144,-0.43978837864931647,-0.3292020705551969,-0.6091095916130141,-0.25386528573802836,-0.4275290287418575,-0.19770306536361482,-0.28088861460102454
A,0.0,0.0,0.2420467882531176,-0.2243913463137011,0.3860018548684474,-0.5201694183256925,0.36856496679653433,-0.7815869590200801,0.2972998501006197,-1.0,0.17910069598691988,-0.735788610958665,0.1307897243679368,-0.9513416693306477,0.14885469464295673,-0.7790255155422051,0.1872552446653958,-0.5873080071280113,0.0,-0.6721314133072009,-0.03615411377271811,-0.8781467831308615,0.011782126255828031,-0.6485506908995666,0.06911369514541167,-0.4421530065724034,-0.1692462051472893,-0.5757206007470149,-0.18902032433532787,-0.7649493578941279,-0.11690994677763825,-0.5222548537866523,-0.0555044888252995,-0.3326803777832663,-0.332062229929878,-0.44543849043361083,-0.3292198941634619,-0.617755415882311,-0.2545330168843821,-0.438509435245173,-0.19850167890959053,-0.28463206342562947
A,0.0,0.0,0.2423138390812325,-0.21967785059862002,0.3903816420259906,-0.5213711594497155,0.37814937234946183,-0.7851930824464903,0.31219054019090287,-1.0,0.17874259824056773,-0.7399842048925916,0.138236727349577,-0.9498836589924416,0.16075508639143132,-0.7663369192998432,0.19544983758232742,-0.5817537075214574,3.977942342642825e-17,-0.6805216788963387,-0.022545024323070286,-0.8806972043937369,0.024464946634318994,-0.6442625185477048,0.07205411179958716,-0.44931346313263565,-0.16697778495058652,-0.5829585937112048,-0.17794883336943734,-0.7705489435604725,-0.10692244238487933,-0.5250568106988112,-0.054245929102743506,-0.3446360617638997,-0.3274450058185298,-0.4490438200193517,-0.3217277940720992,-0.6168032837301741,-0.2437844351509731,-0.43680902335061006,-0.19159172478082598,-0.2904103828252967
A,0.0,0.0,0.2396877008753905,-0.22257141053752083,0.39858670867255064,-0.5154901539140867,0.38647557915381703,-0.7807379600359895,0.31932928014079065,-1.0,0.18380335133548106,-0.7421868011312461,0.15075358080712856,-0.9528855928696691,0.1687224639252793,-0.7786119602660004,0.20271854309009804,-0.5979567603584839,3.9787121143289315e-17,-0.6859610274941147,-0.011829224657543626,-0.9025015668695461,0.03188971511303971,-0.6613744131972054,0.07888054315586182,-0.45690631412796945,-0.17005893580899528,-0.5926043296489828,-0.16843649551534734,-0.7836070742862599,-0.10012982438968634,-0.5298379826586695,-0.047981678835480115,-0.34239864728713126,-0.3380398992577899,-0.4614563473861365,-0.3153982998689256,-0.6426743287060119,-0.24042295899212182,-0.45795088420498337,-0.19310721059540537,-0.3055862926382121
A,0.0,0.0,0.24820801485684743,-0.21439801837551886,0.4098069219013385,-0.519819414714211,0.3909425686424253,-0.7934302708140076,0.32719063750359967,-1.0,0.18158998869961648,-0.7262326304380555,0.15647262910497511,-0.950189043688362,0.16328599792629175,-0.7673688686715939,0.19039272007141983,-0.5861185309582001,4.0040848005873536e-17,-0.6640370015270444,-0.020278641320360006,-0.882752256900401,0.021996358918972735,-0.629766513096806,0.07335333253705181,-0.42507442472390583,-0.16744451313191122,-0.5715514304487909,-0.1741550489381403,-0.7708157131756543,-0.1022771315135346,-0.5099395715772382,-0.0439546065726709,-0.3221587640198246,-0.3374242949121379,-0.4458538192449946,-0.3148528275636093,-0.610765444025013,-0.23788243140489376,-0.4258416270511916,-0.18445359013154117,-0.28084919139613806
A,0.0,0.0,0.24121611055854972,-0.2247908288267623,0.3974526764870145,-0.5264318997906305,0.38463216411675993,-0.7858610768329094,0.31851955454527664,-1.0,0.17969422483990988,-0.7404602260350723,0.14089620814573672,-0.9638589925745676,0.1544844654882654,-0.7785315390422938,0.18513999977463486,-0.5873312288657593,-3.983852013579981e-17,-0.6789823890123408,-0.026240654432596742,-0.8971689572003155,0.020144209871008557,-0.6549542808743605,0.07189423004174715,-0.4484015172407286,-0.1696016114249374,-0.5844577800278088,-0.1841900006573661,-0.7886049674712923,-0.11140543753845411,-0.5329392966308637,-0.05527933432767572,-0.3403116260164448,-0.33876414625559653,-0.45561506821779635,-0.3320852221853204,-0.6393311415062497,-0.25359916653734044,-0.4573092525496752,-0.2018849344224128,-0.3043430670297613
A,0.0,0.0,0.23555022576302548,-0.2193134301188587,0.3929369219508544,-0.5240716050426295,0.378334640279009,-0.7877106766514562,0.3063452651808299,-1.0,0.18103373109491944,-0.7432802918048175,0.13619847426420234,-0.9588922475823286,0.16155393690359604,-0.7683300759167159,0.19640167112092674,-0.5950843759616165,3.9269226951181276e-17,-0.6836124672885635,-0.01936259083175959,-0.8898725820183891,0.031133087842201614,-0.634805259193891,0.07457277038964673,-0.44879334800186466,-0.1672584971110217,-0.5882042167899164,-0.1820979939492909,-0.7798787906720894,-0.10743503220050023,-0.5201814926914065,-0.0555662895117412,-0.3501800027921713,-0.33224390456377006,-0.45548759261728794,-0.3244755881561474,-0.6284590811262807,-0.2454826771413818,-0.438084627059366,-0.19575590234397122,-0.2992416105273841
A,0.0,0.0,0.24168618921317786,-0.23819593725580446,0.3847307376848958,-0.5283334285817488,0.3792954175480648,-0.7876763438761089,0.31132634191518194,-1.0,0.18293819454609125,-0.7364417744331911,0.13121739840980626,-0.9576132368745532,0.14709528755439114,-0.7892066168384644,0.18336236504418618,-0.6035270635731106,-3.9612952209099304e-17,-0.6743623222223876,-0.03184709493425492,-0.8917818646842212,0.005584798511078705,-0.6582413305204584,0.05509008871179996,-0.452020719164146,-0.17040904643580626,-0.5772911585948111,-0.18698655743866857,-0.778446479790449,-0.12369696197307022,-0.533692683199349,-0.06657780837485974,-0.34470148331053124,-0.3357763273214199,-0.44502541303489995,-0.3337072928919775,-0.6286071536744154,-0.26057816164933595,-0.4539075844116309,-0.20477750790553087,-0.30259362302268406
A,0.0,0.0,0.23241669057457082,-0.2267445823236212,0.38251808527488645,-0.5247203753119465,0.3747535443160909,-0.7880660821584043,0.2950425782775936,-1.0,0.1758981794601115,-0.7280771680046405,0.12366374964518057,-0.9480511466725011,0.13848556626509254,-0.7737188209940545,0.17433593697773,-0.5859290563824445,3.8935770243007703e-17,-0.6683032940218379,-0.03925196603812145,-0.8839051856825774,0.001868648956980129,-0.6535316439615491,0.05570837030181756,-0.45103665813587246,-0.16572657634722865,-0.5758310066521526,-0.19438389553554916,-0.7700288544820202,-0.12712871611320628,-0.5295398412397715,-0.06615577378134534,-0.3456843385195405,-0.3293159407072529,-0.45101755401265264,-0.3371506717036807,-0.6244414856152349,-0.26455088778301483,-0.4525479530128619,-0.20835127378488455,-0.30637158239726825
A,0.0,0.0,0.2403144105263865,-0.24020762521991124,0.38622046301083135,-0.5274396783379083,0.37026662326998705,-0.7855161699940761,0.295692846936376,-1.0,0.17871044380539958,-0.7251481405573724,0.1138610409422223,-0.9521206899583091,0.13252312578290631,-0.7847922244869135,0.17461363270018895,-0.6000278344881697,-3.943238034403153e-17,-0.6633475444884993,-0.04947937332569651,-0.8788084142302311,-0.004818835963353333,-0.6473438693012962,0.05362679701049936,-0.44858011860826535,-0.16817979735951813,-0.5699992521281021,-0.20333172054582566,-0.7709172567715853,-0.13629415038332185,-0.5274145083919725,-0.0730736457432773,-0.34256747969492457,-0.33410940868652295,-0.4438947142060076,-0.34336896871085315,-0.6265140461912728,-0.27127470711497237,-0.4527793698921783,-0.21371667094762553,-0.30381290414383194
A,0.0,0.0,0.2367635278487281,-0.23701208466695864,0.37935380402852065,-0.5287586136475696,0.3711874351478552,-0.7859516225914699,0.30648757824916434,-1.0,0.17797545399942793,-0.7266459548661212,0.12589171251032963,-0.9590633567752692,0.13562148291617376,-0.7998186289032517,0.17185087558172246,-0.615302525996509,-3.946772581330401e-17,-0.6652561006644455,-0.0419364692534883,-0.8872394395291602,-0.003336318797296772,-0.661604230958959,0.053370097524147765,-0.46101230408954075,-0.16916779268464877,-0.5720563615959587,-0.19852141843582935,-0.7762097290117481,-0.1351421481711072,-0.5347796195477864,-0.07290068987065226,-0.34690187303987335,-0.33642941545009575,-0.44569557752407196,-0.3374554508377367,-0.6251631293380217,-0.2657652796110781,-0.4560261415233303,-0.2088961995815789,-0.3067675145016883
A,0.0,0.0,0.23945260311664182,-0.2410882025027452,0.3804737596304406,-0.527110291793127,0.3689478911399174,-0.7836448336186037,0.3048640429057597,-1.0,0.18533221573083491,-0.7324715701931923,0.1299800269107553,-0.9613892629891946,0.13530442552155142,-0.798792225338269,0.17166771310815496,-0.6156890082399904,0.0,-0.675339350764675,-0.04366035121298848,-0.886754582024538,-0.01434984468499162,-0.6581557771254927,0.03884013771662636,-0.45541560152908894,-0.1745595221426129,-0.5828108006012255,-0.20742849702198563,-0.7791346032532467,-0.1521472598888184,-0.5336557865275283,-0.09264123590203392,-0.3415649377127567,-0.3459403395907872,-0.4545288082628963,-0.3590119428193567,-0.6306664474663268,-0.2899907929733372,-0.4527623527928499,-0.22980733860219216,-0.2976995983547812
A,0.0,0.0,0.24503389457425262,-0.21819446468339893,0.40089529828367965,-0.524506760669912,0.3809904998827375,-0.7863037557382219,0.309218969959574,-1.0,0.1896872183216909,-0.7425629124530385,0.13387791404022847,-0.9604921217422846,0.14527187286552767,-0.7901636905642403,0.18755675948718442,-0.5984093643900021,-4.081667342084008e-17,-0.676675247099432,-0.04791762641411085,-0.8823025322896924,-0.005122698100305917,-0.6394417196915487,0.059009376129667945,-0.42981867980227906,-0.17317578218322624,-0.5831406485215588,-0.20447736030270156,-0.7602850170112416,-0.14036561811897236,-0.5081639340648282,-0.07601118514531269,-0.3213951007623713,-0.3389087533540332,-0.45835566157364366,-0.3497239019829442,-0.6189003788629717,-0.2808660862001886,-0.4285155188860814,-0.22242696367325698,-0.2787031041080933
A,0.0,0.0,0.23941687541746315,-0.23213284828635986,0.39060036002950066,-0.5257527798280746,0.36596760067992495,-0.7862885238709857,0.2830575141872943,-1.0,0.18031616222403965,-0.739216723285984,0.11997257601770538,-0.9593045087034959,0.125432962937048,-0.7910653541681403,0.16316706300085643,-0.6023484314622182,4.044297408616582e-17,-0.6771333840316694,-0.055535178522988955,-0.886892236570064,-0.0213187151849128,-0.6564248950622069,0.03822740117918483,-0.451987731061228,-0.1672677453423608,-0.5836062345959727,-0.2131731710597141,-0.7716348096471384,-0.1553299019795758,-0.5251574997828651,-0.09026342567924832,-0.33539089671914624,-0.33081051952620805,-0.4552119799877161,-0.35143069189815057,-0.6238107459420746,-0.28320137953966834,-0.4425773253046887,-0.21997584162972178,-0.28906421262000015
A,0.0,0.0,0.2620716033567673,-0.22664939191585523,0.3961635792782429,-0.5503967613432718,0.43476860466912204,-0.8272579330940295,0.47453774329527204,-1.0,0.20463024718398792,-0.8875612419914868,0.3068307331405867,-0.9403075628822524,0.3483593965267814,-0.7053140725926752,0.35093271224486494,-0.5404694278334518,0.0,-0.8976169413065952,0.15477723310766683,-0.9033744134484998,0.19584350213260457,-0.6086470300731169,0.1995527694109102,-0.41833906160983364,-0.18250891869620925,-0.8403780043306689,-0.006732357219480371,-0.8065515302206444,0.040013233510400745,-0.5287267612113496,0.04663597092941969,-0.3433519827834636,-0.36719917554937803,-0.7389141386686728,-0.1875638659372016,-0.7223584591646315,-0.12729491229695522,-0.5104309731619181,-0.092107438888771,-0.37310446367359096
A,0.0,0.0,0.29742384138595546,-0.13102404943963347,0.42649282912786707,-0.46702235807112236,0.39993525883584996,-0.7541840351982131,0.4049027077132279,-1.0,0.24286110053099322,-0.6948018453349497,0.22917614451816248,-0.8338031489190285,0.2506141820824638,-0.6222366575161825,0.2644040405335062,-0.43814922965356057,-1.430973923360126e-17,-0.6348196449721508,0.027623160965970676,-0.7374009944945258,0.08089682292763725,-0.41495641241115877,0.117636123359536,-0.1845365277908032,-0.22223245646061524,-0.5517865687324378,-0.17730584956117196,-0.6057378539179615,-0.08863426000779959,-0.27089223074769536,-0.032144208159817854,-0.048105030352616686,-0.4273953286726264,-0.4515269845591582,-0.36322268708474503,-0.4664022187403762,-0.2652385213769118,-0.21048793644396863,-0.2031397218291847,-0.04922383462188155
A,0.0,0.0,0.24154450757820953,-0.3164966766217756,0.386703599670239,-0.5896726935783116,0.3725462807062231,-0.8221456503115901,0.2779266763198979,-1.0,0.1816563831332674,-0.8047711206984619,0.09665252552392607,-0.9937439868797737,0.09576906502695012,-0.8065065527386668,0.12231040184683746,-0.6215710821088799,0.0,-0.7553986799442831,-0.08683483208227648,-0.9346004488278539,-0.05916769052956009,-0.7058764820878141,-0.008378020186879,-0.5176116275535498,-0.15916306124053248,-0.6697408804619773,-0.2330694197115481,-0.8014497334720018,-0.17796158757430977,-0.5944316944249173,-0.11598244039189523,-0.4391748047418652,-0.3053077749563132,-0.551995947001536,-0.35150548978526325,-0.6878004369136126,-0.2857901694112867,-0.5309151355336064,-0.22595303155428836,-0.3997095736904934
A,0.0,0.0,0.26007820682007327,-0.25739117458945876,0.41103381365320174,-0.5346698666548931,0.38197007602293215,-0.7931754138524058,0.30699660084646246,-1.0,0.18022164397339976,-0.7351713974967339,0.125566760189715,-0.9533799388257395,0.12080182275760598,-0.7717753304721514,0.14878102636697219,-0.5805248653088264,0.0,-0.6756564266961257,-0.05749783562873972,-0.8808309345357167,-0.023712540453492043,-0.6462971071487063,0.0343560801453221,-0.44525190915238183,-0.1619721163381543,-0.5858069141906286,-0.2070105757025144,-0.764976707049603,-0.14216245612256526,-0.5337617502078191,-0.07405374469231894,-0.3544814129614029,-0.3157543021353585,-0.46089167505237716,-0.3371437783417575,-0.6303768379005232,-0.2637669384387652,-0.4585329696330058,-0.19779855915992955,-0.3078657730646332
A,0.0,0.0,0.2544675797194751,-0.2450744649869846,0.4021716238249089,-0.5269362673074622,0.3825985777426193,-0.7839357597335862,0.31169320388873795,-1.0,0.18494635726331293,-0.7260502477842363,0.11841329143924463,-0.9593828950171942,0.13314568744540983,-0.801420036254617,0.17785616626188747,-0.6165200207795951,0.0,-0.6679725030345072,-0.05595509633068607,-0.89222965524143,-0.015129533672253538,-0.6630703839014878,0.046127124526043756,-0.45842286088610074,-0.17050516700734097,-0.577042594527408,-0.2152027407604907,-0.7839831873297644,-0.1520681679082841,-0.5382183843673682,-0.08635574743990791,-0.34956647886375913,-0.33416315859018547,-0.4488530121174215,-0.35195902747890656,-0.622666183050039,-0.281247500822615,-0.44077841275521296,-0.21900044628239623,-0.2887128682995169
A,0.0,0.0,0.255930963591238,-0.24374910285193876,0.40805973932824186,-0.5259114562431036,0.38317688489104723,-0.7876663286276901,0.3041610849765615,-1.0,0.1825326623951417,-0.7226181660545128,0.12135665488225987,-0.9476247438621197,0.14235974157792247,-0.7840923912775818,0.1881678090116882,-0.6038822792451949,-4.0580820989182325e-17,-0.6668395809459271,-0.05052795227181956,-0.8843234551884357,-0.0022372204880675797,-0.6501947587957166,0.06032006711936921,-0.4522216442868834,-0.17186816259097784,-0.5745915246732349,-0.20867485648899736,-0.7715565396198338,-0.13875730359479638,-0.521528360628722,-0.07390130450622315,-0.3393664552725853,-0.34218614454421137,-0.44350105901805725,-0.3535901997659844,-0.6156457761323231,-0.2744868943254666,-0.43507260854040625,-0.21034527265872882,-0.2893644934727607
A,0.0,0.0,0.2589949029820668,-0.22708417456530605,0.418283788872745,-0.5104888812907333,0.3994942719401729,-0.7787306788641766,0.33402682778665155,-1.0,0.1840872060296759,-0.7207949812068821,0.14303194228898022,-0.9533469272967728,0.16144015910351833,-0.7860110127540594,0.19533102619634057,-0.5973699356225188,4.1145320095068246e-17,-0.6674700848255223,-0.034555127692901366,-0.8982598976649934,0.007789727331047514,-0.6564847441813653,0.059935195442827376,-0.44882943095940825,-0.17450075229011008,-0.5782338695178598,-0.19587262301874545,-0.7898269882087008,-0.13260124269145276,-0.529689075387569,-0.07750667495127404,-0.3364591723347904,-0.3500061421554808,-0.45036678665786,-0.3447216089280499,-0.6292133597800416,-0.2677965666148081,-0.44722604663750765,-0.2114299172059454,-0.2959015100666042
A,0.0,0.0,0.25855376586212614,-0.21989768493893344,0.4265678042150557,-0.5206205745715011,0.39886655986008096,-0.7859511433543296,0.323216205491212,-1.0,0.18762969996680687,-0.7321967815648439,0.13474993236065455,-0.9528310199075715,0.15234260536569,-0.7790641971180963,0.1935933320488315,-0.5935951291213802,0.0,-0.6753772367002319,-0.03947219478130058,-0.8988039330974612,0.0037959548169939445,-0.6601947804612605,0.060261346943212946,-0.4572659682515812,-0.17338851937738115,-0.5842645760702123,-0.2063974601727408,-0.7863585291492877,-0.139766020961435,-0.5330058008056842,-0.07998783919734623,-0.34644653992090646,-0.34455215677337,-0.456814770955065,-0.34981131564880535,-0.6333353707580958,-0.2765466909054694,-0.44961439502449085,-0.2214073272162589,-0.2998180181389223
A,0.0,0.0,0.2544109019725573,-0.23058269517799843,0.41811041591948334,-0.5221443972921043,0.3947144116077021,-0.7838233396741049,0.3187625644833486,-1.0,0.1824396863534874,-0.7302734965838508,0.12801427559823153,-0.9523543147329337,0.14022413345430182,-0.7942533843526665,0.18381382724235137,-0.6145124732503682,0.0,-0.6743848387260342,-0.0390448109902963,-0.894824391049965,-0.0034492173530740996,-0.6670295660416465,0.0555286455849425,-0.46491093052693416,-0.1716359751713365,-0.5858884190010331,-0.20159191358908163,-0.7817142975714597,-0.14076633781353118,-0.533454075152648,-0.07600602698211094,-0.346123607654628,-0.3421637788949018,-0.46081120375503054,-0.34632809590554103,-0.6282733697056508,-0.2751528995349905,-0.45054866617397354,-0.2147271289186695,-0.3035273073660599
A,0.0,0.0,0.26230270757996044,-0.23506216238517114,0.4264222986713595,-0.5207207819864238,0.4097233224402346,-0.7898234511183052,0.326364589782363,-1.0,0.18946430116087482,-0.7291024256514689,0.13641921543697447,-0.9568319559571744,0.15325791466513491,-0.7878927807316373,0.19490216010811307,-0.6043576490501201,0.0,-0.6755671971677734,-0.03677074011443962,-0.9027108720359133,0.004693026859925254,-0.6652899787380631,0.05890644271645235,-0.46103866938176824,-0.17615205889916472,-0.5835381867669518,-0.20959447807857529,-0.8002592203373506,-0.1416568420589735,-0.5465053611478511,-0.07987631199817898,-0.353117725808998,-0.3517861399923842,-0.45117336979643524,-0.3608625121988413,-0.6351106457851565,-0.27985367481350704,-0.45586723170105964,-0.2162650316826092,-0.30162931773739693
A,0.0,0.0,0.26626508827222983,-0.23161442401329094,0.43317641370267385,-0.5180940951496397,0.4148567009351528,-0.7865758527681647,0.33280928252604935,-1.0,0.19191016749532142,-0.7309787681071608,0.14213084897205855,-0.9471224934620516,0.15970791212618657,-0.7721450292859527,0.20221145148878708,-0.5923340741630134,0.0,-0.6787619105262646,-0.02984941064979437,-0.9025004193537143,0.011062657107507092,-0.6578768320354,0.0633849533950959,-0.45354078954599775,-0.1763425919989828,-0.5872739447030578,-0.20294444158989003,-0.8016076352678679,-0.13621380788351953,-0.5427152468651621,-0.0773720064634863,-0.3516173219504293,-0.3496850437241,-0.45530237619122105,-0.35547615124344134,-0.6353412535504506,-0.2793754959573986,-0.452968832092797,-0.22121146736698014,-0.3032690501948278
A,0.0,0.0,0.2592690014717249,-0.21231910703412984,0.4267952754962778,-0.5185321863646131,0.40412274316585683,-0.7871529426186917,0.32471372148508465,-1.0,0.19184934225463213,-0.736731204710485,0.13061404243789534,-0.9504036799137109,0.14606901747601755,-0.7894346542963752,0.1976791693628551,-0.614087094914381,0.0,-0.6831335428406639,-0.04790491571408456,-0.8988268881233629,-0.006762739500667779,-0.6639688195614266,0.05786773454291511,-0.46458753938847575,-0.1743078469322199,-0.5951234001625226,-0.21823292677668296,-0.794583435213005,-0.15036331630493116,-0.5381737662402544,-0.08199207162319773,-0.35328884660622584,-0.3399014400532089,-0.47074886969710317,-0.3614578292707376,-0.6341546286633717,-0.2898141532142492,-0.4415893750937033,-0.22736807637180934,-0.29352185783573714
A,0.0,0.0,0.27207398866117966,-0.21844469804958233,0.4356800728851544,-0.5172005880298308,0.4188143979800318,-0.7901423574185249,0.34637470570880663,-1.0,0.19062765763342768,-0.7198363103273556,0.14799899625338886,-0.9624600395581057,0.16325198970815502,-0.7908596694070509,0.2005937722518998,-0.6068912660493135,0.0,-0.6669657976284241,-0.04292951913077878,-0.9054862073603814,0.002547746206792446,-0.6600651789672549,0.057667216127984165,-0.4613069985780992,-0.17648198423336617,-0.5775268232390134,-0.22063082612075574,-0.7974393284365232,-0.148584582096184,-0.5364675321648192,-0.0869085634777689,-0.34766629780693487,-0.3523590036504404,-0.4506324006875998,-0.3788673363834012,-0.6284411569218287,-0.2986704480024862,-0.44669940371184685,-0.23531272443422058,-0.2997639052415391
A,0.0,0.0,0.26832171438545993,-0.21532445426935912,0.4433500703810268,-0.5186272227338157,0.4213137654350204,-0.792068432039924,0.3394741626918928,-1.0,0.19520539451432098,-0.7392176171974604,0.14450170185094685,-0.9685957597915332,0.16069552934154085,-0.8031097286493393,0.2062389269137286,-0.6134091061622913,-4.276392266664546e-17,-0.6845131509679185,-0.036948619490284836,-0.9124530969879999,0.004229515832937584,-0.667654933422895,0.06339906138287614,-0.4569091298660083,-0.1772795774440752,-0.5899968494348852,-0.21563996286134507,-0.802246269839481,-0.1469238223055898,-0.5392502132430163,-0.0818284441901132,-0.34678798543826644,-0.35086813032464637,-0.45528338890916126,-0.37013324613584386,-0.6326111781639977,-0.29434102965845643,-0.4415952263703704,-0.23222548870301327,-0.29124248694689353
A,0.0,0.0,0.26750318169953896,-0.21977363299660518,0.446123237375052,-0.5214962549308407,0.42753613031983523,-0.7924058622731586,0.3420810665167371,-1.0,0.1945611458746233,-0.7446598410628735,0.14588219168838693,-0.9776076737219043,0.16211351770013813,-0.799356230349393,0.20647282122657176,-0.6070731517131008,0.0,-0.6902089694614271,-0.04157674636095618,-0.9167178602431292,0.002599105817050646,-0.6652994838455856,0.06452563255528021,-0.4563093604238349,-0.17634707116460843,-0.5969838085633473,-0.21735431606354683,-0.8188631114995735,-0.15061803373272836,-0.5514361009623511,-0.08810311859818984,-0.3578641512522158,-0.3485490290669822,-0.4636156324393939,-0.36823446680061966,-0.6405434907947611,-0.2954305245167726,-0.4467049691620312,-0.23541041058476467,-0.2955740441353674
A,0.0,0.0,0.276000292098297,-0.2344114094981149,0.4542291495764789,-0.5276125930979456,0.42683355144009244,-0.7943949466142443,0.34621140868315026,-1.0,0.19784130337880404,-0.747415806870833,0.1525185985485802,-0.9701201029645465,0.17512215698605849,-0.7954076412897104,0.22323701801900642,-0.6078387557789401,0.0,-0.6942562821812136,-0.037078440566099054,-0.9125856344597457,0.008850257528909486,-0.672845714773193,0.07288368231098666,-0.46610747313483997,-0.17784314137204305,-0.6006796633644051,-0.21410463115699357,-0.8044395631637126,-0.1473266942667806,-0.546735009426976,-0.08121646279775334,-0.3517453542714165,-0.3487122300740707,-0.4665536911562404,-0.3674421491449961,-0.6411702898245019,-0.2934004228479864,-0.4527483541548994,-0.2298995266185439,-0.29599013841858807
A,0.0,0.0,0.2854637175550978,-0.20011897682596508,0.4664049844997729,-0.5106701013593224,0.4384177268744945,-0.7918950276538413,0.35764683356647714,-1.0,0.20037290528515325,-0.7547647694400089,0.15568068048207057,-0.9715328032510514,0.17673807806809555,-0.7728815474995655,0.2246016709307906,-0.583588350302633,0.0,-0.7018249317586253,-0.0356532070064524,-0.915206683439513,0.012559512467831596,-0.6487714479164247,0.0760135166830541,-0.43987783573072575,-0.17814284616817547,-0.6088582175424236,-0.2143211924322507,-0.8026148135083977,-0.1415764897404352,-0.5226583752494951,-0.0732297668290441,-0.3286573463040918,-0.35100202094964467,-0.4778874758649581,-0.36632860591808475,-0.642270370677377,-0.2955675688502701,-0.43615534728312455,-0.23512884909329035,-0.2809902991965943
A,0.0,0.0,0.2819106895322973,-0.20654375745487794,0.46851731319410883,-0.5163178757440314,0.43830251122945635,-0.7900826289072522,0.361690296523975,-1.0,0.19825300275062763,-0.7563783781246172,0.16200967302027416,-0.9726541741378213,0.1851622914614651,-0.78601048898165,0.22595086167316927,-0.6026975950489083,4.2848423958433466e-17,-0.702678260164134,-0.04158811164208581,-0.9224330044351696,0.017447935253988127,-0.6695947596882192,0.08157299832298912,-0.4573673269281265,-0.17482004036001142,-0.6130365547550632,-0.21610674016361206,-0.8156067152422252,-0.13614469644010094,-0.5439308645235473,-0.07076031717821694,-0.3430942540256226,-0.34266870090583046,-0.48717342751166537,-0.3627001712522511,-0.6517834578834011,-0.29289309602937924,-0.4498818763548245,-0.2373984675980206,-0.29146344006624564
A,0.0,0.0,0.2813123591813548,-0.21655500162182856,0.45938616414368244,-0.5259192122102123,0.4276796348893238,-0.791104191146131,0.360276520050134,-1.0,0.19746522100492095,-0.7480112952230582,0.1556117126627971,-0.9681788372346516,0.1745157100861407,-0.7985092377155613,0.2197841274256948,-0.6103392744409556,0.0,-0.6934386608932586,-0.04183692256420758,-0.9125701695665379,0.0031719896045747788,-0.6723627609973111,0.06841155093843541,-0.4576024247150124,-0.1751332891919036,-0.6034083086393337,-0.21690954462385942,-0.8187186700165691,-0.14964506459531157,-0.550614055199598,-0.08394988998464518,-0.3430875228476546,-0.34239009754580474,-0.4746933285394274,-0.3636188754634744,-0.6458187124026865,-0.29683429833534397,-0.4473691784998673,-0.23708633053757794,-0.28650960052425334
A,0.0,0.0,0.2781893273578798,-0.20509282049009842,0.46270406398847697,-0.5139893136206272,0.4305086272272078,-0.7852243801408931,0.36521492592416055,-1.0,0.19465480963950624,-0.7529692837999721,0.16276537237477093,-0.9610685242973138,0.1823006802062645,-0.7795793780193392,0.2232233069735941,-0.6024259245425447,0.0,-0.7081716092816306,-0.037860858058539434,-0.9155576702939231,0.013813480784267343,-0.6592011911690098,0.07545932347835065,-0.4565417392397066,-0.17057274710568152,-0.6249081040033062,-0.21578666545577418,-0.820701407184045,-0.1402726072453036,-0.5425994665966232,-0.0760402772786569,-0.3481800113262656,-0.33440977248075926,-0.5011398012438966,-0.36249816097825494,-0.6593362851716336,-0.28688203440661925,-0.4533746700919569,-0.22480351979661667,-0.3011235425640372
A,0.0,0.0,0.2988312444936061,-0.2261554523770292,0.46859244611574824,-0.5271225503587681,0.42486813639104154,-0.7922593125633718,0.3553555619569806,-1.0,0.20093083042946425,-0.739438717046784,0.1596139706111098,-0.9606425132027654,0.1776721769921196,-0.7824852844474119,0.21558776279855021,-0.5901810057632384,0.0,-0.6937272409996108,-0.04770497494027697,-0.9116888823806825,-8.44612527954541e-05,-0.6739735755533349,0.06126373545649343,-0.4582230007789921,-0.1766574739545352,-0.6126725112179324,-0.2300400874981416,-0.8201956534075365,-0.1548367530838973,-0.5618740286413555,-0.08416211674448797,-0.356990572771564,-0.34471618833625545,-0.49260822859959774,-0.37999151676849957,-0.6586037819992293,-0.30276558429137734,-0.4656256576511837,-0.23282768412335292,-0.3029356698363088
A,0.0,0.0,0.3005514389319795,-0.2107094524443146,0.47922247049164407,-0.5184949349090561,0.43657354494422457,-0.7947100839456477,0.3673097164262733,-1.0,0.19851551778025145,-0.7399842341280628,0.1741681763735528,-0.9624439355864874,0.19087616262990315,-0.7860303265352052,0.22070919999536545,-0.5944724712735501,4.3982741459629396e-17,-0.6915295820141002,-0.028427024340232605,-0.9240538276619045,0.01828468983254504,-0.6753380135209668,0.06808084184573675,-0.45316127327867584,-0.17423248522773657,-0.6092661043600224,-0.2080286990787939,-0.830393601687514,-0.13479288538295717,-0.5574563016041093,-0.07740963971763765,-0.3475150610333982,-0.3457165334444592,-0.48689027603314483,-0.3706153528611827,-0.6629459983860311,-0.29085250603042695,-0.4566285931545942,-0.22671742882378992,-0.29146058452241413
A,0.0,0.0,0.2733692105190973,-0.19870796070822377,0.4599634739202505,-0.5095109449679621,0.42961290682514575,-0.7867673713666568,0.37165644876642884,-1.0,0.1932511630520369,-0.7522450136837169,0.16934301758571824,-0.9627229733542494,0.1780157238117871,-0.7800567941147724,0.1967132307578785,-0.5842407849708662,0.0,-0.7020607738118829,-0.025605970072790994,-0.9221766458448815,0.01194611647419661,-0.6708284595432205,0.046112094917073715,-0.4578193819390091,-0.16967275591104095,-0.6239620243541987,-0.2117571966513207,-0.8488402971797417,-0.14725691217280737,-0.5732057232211535,-0.09836286648527634,-0.3632288014209382,-0.33968606118359845,-0.5105284867338006,-0.3590383364013501,-0.672879578738477,-0.2869531632602149,-0.46946347697797525,-0.23344340267645525,-0.3098634586464721
A,0.0,0.0,0.3014244107266317,-0.22167161314867093,0.47948797563469414,-0.5254953164462791,0.44943159194001275,-0.7959039970633889,0.37853251235810725,-1.0,0.19375564922236704,-0.7429529010722374,0.1827700865381057,-0.9587089939630791,0.2012089302396477,-0.7812528244273053,0.2290957752157021,-0.5905220157862482,0.0,-0.7019057646763502,-0.02095372157163439,-0.9229321041079496,0.023182895049479284,-0.6809217466748441,0.07415786985201718,-0.4652487541261083,-0.17039286577275842,-0.6262523862211155,-0.20463773467020224,-0.837465625271026,-0.13722855985236732,-0.5716756273612935,-0.07761606964673651,-0.36479457969017964,-0.3355395092574839,-0.511863407726693,-0.36118431137243023,-0.666310903169592,-0.2860806696395034,-0.47338656866530376,-0.2217079383234406,-0.3179532870842266
A,0.0,0.0,0.290553794922392,-0.19289289066554421,0.4745772304685045,-0.5031643310981482,0.44462797234777884,-0.7872911719675681,0.365231501132355,-1.0,0.19783370517151025,-0.7509333124597727,0.16654755960787418,-0.9586961694852629,0.1888376101339283,-0.772795477002159,0.2288039164812089,-0.585505550426783,4.486986342651387e-17,-0.7028131479517796,-0.03625884296206515,-0.9107811884985928,0.016358551871760107,-0.659975195270075,0.07581797652754851,-0.445082169371634,-0.17387231184111493,-0.6193801215529414,-0.21777082566665906,-0.813698413310812,-0.14211096203523543,-0.5465875014847997,-0.07730448419835591,-0.34380090191255713,-0.34395427527222455,-0.5010759855675674,-0.37607997220221695,-0.6540006049672592,-0.29716683897129254,-0.45354828844330936,-0.23261508839839268,-0.2940420790252306
A,0.0,0.0,0.28831314045602413,-0.16035795003291345,0.47627359252266344,-0.49304376184432525,0.45396800836015416,-0.7841866175049093,0.3753062386909254,-1.0,0.19978932509799724,-0.7624388432877246,0.17964105511809034,-0.9750966607129122,0.19761254071532255,-0.7809392391253676,0.23626189642521386,-0.5779616195330083,2.293395955580811e-17,-0.7106113699982481,-0.02521276043687795,-0.9224167853980967,0.02046452963408691,-0.6610348024409871,0.07818429830462353,-0.4318216673241477,-0.1793174376763504,-0.6284949826684799,-0.2165609498926926,-0.8193027077919433,-0.14400271328655112,-0.5468178731858674,-0.07878472474857752,-0.3355156907414131,-0.355918604132099,-0.5181213557133987,-0.3856480419754806,-0.671514930327946,-0.3124570733131857,-0.4609374053645486,-0.2500612730272774,-0.29580838553689287
A,0.0,0.0,0.2898061785075889,-0.15264816484902777,0.47325482270457425,-0.5028995333291036,0.44542158242716645,-0.7942154348976926,0.3643029809806311,-1.0,0.19612351961086458,-0.7604534932273596,0.18084319424750092,-0.9633255240165727,0.20656176834202614,-0.7617021049977077,0.2434334094408313,-0.5623305191100844,2.2737958115531236e-17,-0.7075054653137374,-0.02740258159221805,-0.9076929241649159,0.025158457115851664,-0.64808207750919,0.08569197079797727,-0.429338448593431,-0.17787813716381673,-0.6292627754585801,-0.21242104463716546,-0.8134398868060961,-0.13445061606997524,-0.5473097504712668,-0.06701471989896084,-0.34462567534125094,-0.3545821074781051,-0.5218808379036739,-0.37060724122163946,-0.6756001666662509,-0.29440745409300717,-0.4650118295941766,-0.2288931726776879,-0.302081617830892
A,0.0,0.0,0.2786939123954509,-0.1537192252051468,0.44601311016935896,-0.5053790909458532,0.41638727457757563,-0.7933638718242922,0.3402583797375826,-1.0,0.1931356874959033,-0.7679682609414733,0.15688828862967846,-0.9582954099829472,0.19477365027107987,-0.7499621577219591,0.2415029426351003,-0.5586099925080869,0.0,-0.7145872727826071,-0.03827111340841373,-0.8945929146860998,0.0232300897758857,-0.6292839494040443,0.08680993542460155,-0.426779474401364,-0.1760856611475699,-0.636902450411151,-0.21563215587856416,-0.7942026827344763,-0.13579881714456982,-0.5251107740524964,-0.06579775556180754,-0.3381829457164081,-0.3495716893879221,-0.5314932530563886,-0.36976612517115487,-0.6717330845270976,-0.2973150572541802,-0.4602323093399601,-0.2319917844540357,-0.30694044386801916
A,0.0,0.0,0.2794174567669965,-0.17189934859600567,0.4557131062285581,-0.5011941114178763,0.43039966879252695,-0.7883408651929085,0.3495731725303143,-1.0,0.1994221966050717,-0.7817652089255014,0.18335621853499048,-0.9829811323911325,0.21131965703233008,-0.7810731081578175,0.24099317698271328,-0.565234347974448,0.0,-0.7346603159404239,-0.017764711075848844,-0.9302110192585006,0.020642801014788596,-0.6651033616126467,0.061529238283979104,-0.4300010507710922,-0.18661893308894736,-0.6554581546280643,-0.20067706932682136,-0.8274489293507492,-0.14163314477250463,-0.5559638371949742,-0.0921228553116073,-0.34305103584221236,-0.37688500441362344,-0.5445446858769608,-0.36774414275451084,-0.7056804970222932,-0.30357856484681517,-0.4947441686081808,-0.2555410570531117,-0.3242355898512858
A,0.0,0.0,0.29164369522080347,-0.17654433172889553,0.45570622007317435,-0.5143350648515854,0.4320828377811817,-0.8029865805210582,0.33765716623275693,-1.0,0.19926760236340899,-0.7810026303327934,0.17821515187537765,-0.9854216338888124,0.21345920150280515,-0.7971881472442013,0.25608541572226945,-0.5870573087343031,0.0,-0.7227077609414144,-0.02436697956109041,-0.909021807769877,0.0345711962713285,-0.6534106090052259,0.09365051800535902,-0.42875853880868636,-0.18760190520269346,-0.6307503904690414,-0.21249953272152042,-0.794043917227084,-0.1274141123517886,-0.5342497409780683,-0.06118615838424071,-0.3303632265089298,-0.37775998201206223,-0.5066131182641862,-0.3814260211558961,-0.6460972940430051,-0.2887832326080446,-0.4450030499506801,-0.21957580091012985,-0.28704371625585406
A,0.0,0.0,0.26483004367889496,-0.17156910755740484,0.45699349471568174,-0.5058143029385198,0.4337036182900511,-0.7878233529271068,0.34048429724178053,-1.0,0.19648825647177626,-0.774860311989674,0.1778148145475683,-0.9758176974922715,0.20266431876056432,-0.7778852834940103,0.2325562938556517,-0.5736590350606198,0.0,-0.727293463804333,-0.01509784573251926,-0.9144333552182573,0.026947538376197327,-0.6552955463675699,0.07349255505159105,-0.43941167991457697,-0.18672545027136025,-0.6523040780924136,-0.20249828092446537,-0.8185695389240262,-0.13860097670915908,-0.5471123260183578,-0.08055513154519502,-0.3441950445822857,-0.3753358391283356,-0.5493152166887519,-0.36808287320766137,-0.7003187826119216,-0.29648230723300384,-0.48259667564862435,-0.23986886761572904,-0.3139034035135143
A,0.0,0.0,0.2809351139860542,-0.16921151963659484,0.450668207376921,-0.5054129267885262,0.4237535039081882,-0.7931241596843939,0.3380339820834261,-1.0,0.19665948025876215,-0.7642701945801982,0.1907207842473934,-0.9660682306294255,0.2206715104492127,-0.7659439803435192,0.24919355213010305,-0.5725758037006262,0.0,-0.709066149361182,-0.0021490274524766963,-0.9095535325306522,0.048403606114138284,-0.65061171619031,0.08663495049053888,-0.44295306104818916,-0.18160540937447084,-0.6245154881804267,-0.18608221582947373,-0.8052935154436437,-0.11359176432505598,-0.5440587557267587,-0.06786690464411796,-0.3545515582329053,-0.36330948657939666,-0.509889312019999,-0.3491347830458351,-0.6713714846990283,-0.27665017497419914,-0.4669615396845409,-0.2330688276535981,-0.31207201269492074
A,0.0,0.0,0.28670871036814805,-0.15489711389222083,0.4540877838543956,-0.49655250646976556,0.4279345618679493,-0.7844181145377127,0.34854280912931157,-1.0,0.20745430336692125,-0.7493522508912981,0.19965119828866887,-0.9284289267642506,0.23337197572815094,-0.7083563945672181,0.2753991775327934,-0.5145435051985815,1.2413125108086522e-17,-0.6959409602029497,-0.00031947527695045595,-0.8604864449905221,0.0465525635626271,-0.5939111934572829,0.0923988587477885,-0.3913724668796493,-0.19563706201895276,-0.60903195884217,-0.19938002529471804,-0.7506110001840113,-0.1303490806349416,-0.48758690945359906,-0.07630480859700767,-0.300668017704248,-0.3882335212046801,-0.49257231796997086,-0.3735076847662658,-0.6382234283010008,-0.30148195696057806,-0.4314368833792893,-0.2506123358184673,-0.27726145345051995
A,0.0,0.0,0.2824286175081539,-0.15103327298348354,0.4394006334171797,-0.49457312615449395,0.4127252885861828,-0.7925115052279929,0.3255967317430758,-1.0,0.2004407923285307,-0.7523422227439629,0.1790685201486498,-0.9459183871669977,0.2026031466294398,-0.7466146441705931,0.242282748149486,-0.5509393249418636,-2.4351639301907703e-17,-0.6950293210897729,-0.023209797696443074,-0.8799705311475081,0.023386008094614958,-0.6101621921488098,0.07858411634873542,-0.4037689998257832,-0.18907797121006117,-0.6076326981455118,-0.21569755283989106,-0.758346261382951,-0.14891111363869014,-0.48809083032754585,-0.08864740603405731,-0.3036313862131248,-0.37625123048826176,-0.49156360160244356,-0.3875796199316473,-0.6307367615246052,-0.3135055488744665,-0.41793526056423763,-0.2523098740764741,-0.2690271525252709
A,0.0,0.0,0.2703096489689707,-0.16995020642099784,0.4281059597936673,-0.49823248566986716,0.41432881316563475,-0.7794170464983555,0.34604207436143464,-1.0,0.19648138246638594,-0.752546119061832,0.19778834596391281,-0.9447726595801538,0.2280513539527885,-0.7699453123572607,0.26193610702527237,-0.5658849814856091,0.0,-0.704571676124615,0.00946137209832497,-0.8979719848384821,0.049532547180337796,-0.6493502781087981,0.08761867003145489,-0.4227994429446752,-0.19204666102160076,-0.623617619029459,-0.18717348789588747,-0.7974961048669276,-0.12115414388283043,-0.5345471607533978,-0.07202524539905546,-0.3257131867762044,-0.38698919089029093,-0.5110275131500204,-0.36129911290674677,-0.6615768725116289,-0.27962372845768324,-0.4608765086107982,-0.22586825570973615,-0.2982497346881663
A,0.0,0.0,0.27441579345091915,-0.2080966779164623,0.4261898151520709,-0.5249998489356971,0.3915830579100298,-0.7967793190945773,0.3120013732111531,-1.0,0.18935407713366173,-0.7535626124363948,0.1760683426382628,-0.9405301196552075,0.20635061273280444,-0.7693415379294822,0.23978902208971345,-0.5730456717703577,0.0,-0.702106447884618,-0.010750550818713246,-0.8804137945895225,0.029520178232588963,-0.6416657533042173,0.0687676363751226,-0.4299080890810898,-0.18278381335693497,-0.6179948541764215,-0.19573656231169287,-0.7758020583054765,-0.13539039044357948,-0.5249601459707516,-0.08998516455577006,-0.33026371436008295,-0.36844725801947303,-0.5014278820292918,-0.3617273444050333,-0.6596227158355087,-0.2921769072756504,-0.4679617143128942,-0.24689878507749027,-0.3126445451001085
A,0.0,0.0,0.28131471778816325,-0.18603074715445891,0.43504203867465074,-0.5146569673683072,0.4117452010188676,-0.8016667097962918,0.31539245864579907,-1.0,0.19026846928129157,-0.7628993233562652,0.18545450265460786,-0.947200015612815,0.2261806332882213,-0.7552205606605901,0.2617762259568766,-0.5470478394036044,0.0,-0.7120826046461468,0.0021914905355544492,-0.8939985663343423,0.05555879695760911,-0.645331020204594,0.09486501785505375,-0.42433274386086295,-0.18546967255604013,-0.6325720750860102,-0.18255238382292485,-0.8068358721178945,-0.11118457811325516,-0.553951205818946,-0.06725176186037946,-0.3485144885443877,-0.3772905284876615,-0.5248169597421611,-0.3458573502925937,-0.6892633741208618,-0.2754990473573073,-0.49251587289525384,-0.23512335791636113,-0.3272129840446973
A,0.0,0.0,0.2796904218609764,-0.19631915563852906,0.419584371131874,-0.5217307586898264,0.3849267497411573,-0.7982616415262909,0.28984835053940367,-1.0,0.18796951729845912,-0.7575267880631216,0.18113499582093726,-0.9436751334417014,0.23264110123623366,-0.7633778754823068,0.2765233564375367,-0.5611578269073392,1.218791791379208e-17,-0.7026279756547275,0.0048934800963445785,-0.8909231234187074,0.06477474870997897,-0.6460841515115604,0.1059124357263107,-0.42351661269424146,-0.18263342244438321,-0.6154851656485258,-0.17523584925380026,-0.7972826923540616,-0.09811688083864147,-0.5450293156165043,-0.052988785330882186,-0.3393373768287444,-0.36626649383427634,-0.4975648795353507,-0.33130165300611764,-0.6640128569082203,-0.250910510243929,-0.4694944703645295,-0.20643969664443484,-0.30519666644121074
A,0.0,0.0,0.29218953581308094,-0.20652792609383316,0.44542652183816583,-0.528640908481309,0.4127425010849328,-0.8049582430276586,0.31962431562723975,-1.0,0.18907553508534197,-0.780339959452601,0.18815584793913823,-0.9698024182979301,0.23407830551682934,-0.7851405551493186,0.2734987885175856,-0.5750287516517801,0.0,-0.7279780736596101,0.005763090748420109,-0.928706772460483,0.0611720446153861,-0.6807596200717763,0.10373100608067824,-0.44994144843103784,-0.185145947616052,-0.645219457921418,-0.16969317850808502,-0.8360164858656257,-0.09827406413127866,-0.5781596878940001,-0.05281155274094542,-0.3613214895633676,-0.3734196603556019,-0.5277136654838754,-0.3315244519225638,-0.6957500726297575,-0.2593251532878031,-0.5020965145477174,-0.2164808896761578,-0.332121778038108
A,0.0,0.0,0.27283676471002416,-0.23736256086287333,0.42031416928945087,-0.5475233223195137,0.39515558389742916,-0.8070173447414497,0.29711248140171254,-1.0,0.1872288371538075,-0.7755601856979086,0.17576653555947958,-0.9594965919130567,0.22072829678625527,-0.7865125483100065,0.2618385063235025,-0.5938179819490707,-1.2326744351145053e-17,-0.7269015102200067,-0.0026039281470980192,-0.9053385365390353,0.05805682690013263,-0.6753692402092675,0.10818805894512964,-0.46559213333401855,-0.18722878360468398,-0.6424617153368385,-0.18244269202643096,-0.8331509477607894,-0.10084068379482762,-0.5994203832457434,-0.04583542020744636,-0.393427978422124,-0.3751171619785284,-0.5215212201594334,-0.34779464802329485,-0.6892652052915847,-0.2600900602633176,-0.5107992782871325,-0.20674180097685413,-0.3460387765248591
A,0.0,0.0,0.2647833807563577,-0.22232620803179556,0.4025169689400963,-0.5366220102333029,0.3721265207032491,-0.8028477200132521,0.27954475441596977,-1.0,0.18937463665810775,-0.7534597576330329,0.15915946804869577,-0.9516384737382617,0.2091165744005268,-0.7827463524479997,0.25420567672976174,-0.5843567491072058,-1.205036516053208e-17,-0.7012538608006035,-0.01671128023035358,-0.8808508863667291,0.04227194407122355,-0.6578096522458906,0.09025596991415856,-0.44609913285764535,-0.1833530603543584,-0.6197801205737602,-0.18846920089643845,-0.7915177448722133,-0.11152082317845173,-0.5711677025859669,-0.058455373487938,-0.37235815393792393,-0.36720678299301324,-0.5086507990311383,-0.3425186879210976,-0.681867785627018,-0.26380403114629264,-0.5158371332612093,-0.21802861126338527,-0.3528792963864685
A,0.0,0.0,0.26711142947268046,-0.24422144750852073,0.39249456120964066,-0.5439111653368096,0.36681429108976116,-0.7972768301405336,0.2905560125845719,-1.0,0.17974089169666416,-0.7362257682148455,0.15701753827476658,-0.9371385096692214,0.19542960927005634,-0.7644739770910058,0.23415760020038104,-0.5744872119956907,0.0,-0.6837134151503506,-0.010387967275775891,-0.873692616394155,0.03938797464715955,-0.6522876048075232,0.08726565528045745,-0.4467275089462921,-0.18016077175018902,-0.5980623320919412,-0.18231303491799258,-0.7924605468934242,-0.10866387906800895,-0.5667127317753378,-0.051841204628233335,-0.36453089318207726,-0.36300324641008397,-0.47660162166288855,-0.33791120237901456,-0.6467944761810955,-0.25130691777000336,-0.4808436322363366,-0.1933556392604187,-0.3171588156587643
A,0.0,0.0,0.2758031082588274,-0.20960404111759934,0.42225002769140313,-0.534565464304349,0.3797147935921349,-0.7999721938357364,0.30510733967739434,-1.0,0.19178360847709797,-0.7545449332427832,0.17376319944537966,-0.9670405457193448,0.20989988940450063,-0.7889005942099335,0.2525526627725552,-0.5851658190993501,0.0,-0.6957676386450478,-0.007162511378586093,-0.9043569115529564,0.04618485895715244,-0.666118196021612,0.09889155625723285,-0.4465510315435978,-0.1834593758102189,-0.60512455813614,-0.1846024045212212,-0.8184295428206136,-0.11058112036752,-0.5624059194833216,-0.05180599057367531,-0.3473403402684569,-0.365704360753837,-0.4793207897949,-0.33354354058296115,-0.6594322465576337,-0.24759049727932647,-0.4719302676483644,-0.1873088239975198,-0.2992678433275087
A,0.0,0.0,0.2678894328167469,-0.21704431259830162,0.4038459289232869,-0.5302780397942397,0.3832179720058037,-0.7941103355780788,0.2987241961031172,-1.0,0.18215718999687264,-0.7348801590199614,0.1610594797491985,-0.9506138828629462,0.20825318781574448,-0.7763178804675477,0.24730103114403845,-0.5846987563237797,0.0,-0.6869305704091956,-0.00877996021275724,-0.8903660582682467,0.049718932975149614,-0.6637599036340381,0.09780450173815242,-0.45203802357752715,-0.18306300947075446,-0.6061306134101414,-0.17871192349339748,-0.8116749861730788,-0.10540692335324134,-0.5681027590280326,-0.052514331066148265,-0.3574479968430102,-0.3690453685782487,-0.49171041266368876,-0.33637992187610294,-0.6623647055742293,-0.2544956605585832,-0.4837369886539334,-0.19940068086302762,-0.31449499665489244
A,0.0,0.0,0.27216504740491865,-0.21550902289453572,0.40486603976874364,-0.5336792193874196,0.3784763647501115,-0.7998583731637675,0.28412468143084685,-1.0,0.18111104062461994,-0.7440235526085601,0.15487989057981855,-0.9492073556184891,0.20030034772240857,-0.770908792658578,0.2438120513246874,-0.5813166188794179,0.0,-0.6902224605204113,-0.009195879223302356,-0.8898896567516424,0.04741025716533298,-0.6561059514100381,0.09656056605408658,-0.44347306451257795,-0.17990207936230782,-0.6034463302272005,-0.17953652387432525,-0.8062452231139876,-0.10192303151861933,-0.5627674628575783,-0.045450223892774186,-0.35529795364226685,-0.3585250303095393,-0.4831712700075167,-0.3342892340959731,-0.6581014812991031,-0.24840282421171958,-0.47705378225153133,-0.18943001250335664,-0.3090279913085196
A,0.0,0.0,0.28590804986553386,-0.20509785289115331,0.4314178354841923,-0.5275274339957216,0.402850257566962,-0.8008507296867766,0.300367468329974,-1.0,0.18647136124194083,-0.7403733613532867,0.1504453249511143,-0.9599544714154333,0.19373889881830497,-0.7905479133366617,0.2427689075552851,-0.5943190762949773,0.0,-0.6874825227835029,-0.011750023407897358,-0.9132081635694217,0.03962550286511927,-0.6808004412669943,0.09197450297045534,-0.45993893049562345,-0.1815635030776249,-0.5997129765350513,-0.1818973024147357,-0.8260098471414656,-0.10762530527167093,-0.5837234010109819,-0.04725805340231795,-0.3691472811286195,-0.3620736418713492,-0.4760344210153343,-0.33626780750026053,-0.6640679523293895,-0.2514775883641505,-0.4907398833135351,-0.1882384551446897,-0.31956622378373856
A,0.0,0.0,0.29013507708485076,-0.22027724196326517,0.42482530155910775,-0.5373013806668189,0.39996080281977014,-0.8086590141823156,0.30364807526924087,-1.0,0.1846308036102838,-0.7572603358824228,0.15626285738007206,-0.9627137115080963,0.19287937875032005,-0.7859667721407628,0.23989918824064455,-0.5827533270972732,-2.419836331041204e-17,-0.7038601673969359,-0.00826179307943661,-0.9128061109673127,0.042797056188521095,-0.6824718926200175,0.09913646764979679,-0.45748812500311614,-0.18257208856074453,-0.6133234100959583,-0.18290942232711604,-0.8198799991740764,-0.10679830785043787,-0.5801838457636723,-0.04085680947568351,-0.3672285093020119,-0.36294343283744096,-0.4836981772937652,-0.3351843982658466,-0.6630123752005461,-0.24704103032949462,-0.484495374049127,-0.1792560848051184,-0.31468952576549086
A,0.0,0.0,0.2794553922668426,-0.22366770953396875,0.41670123561089056,-0.5442063469404653,0.3922465795666569,-0.8097539330997567,0.29585766309644473,-1.0,0.18856422319239646,-0.76482672839232,0.1550558136690385,-0.9628383414097886,0.19484676123950712,-0.7826447172376116,0.23882824076668807,-0.5819248305489658,0.0,-0.7138786841877676,-0.0171698386681424,-0.9166518924076996,0.036536175301535974,-0.6886000330978885,0.08890611424038285,-0.4713706938760988,-0.18389806280679954,-0.6238774017774936,-0.18812885277768854,-0.8300144115228998,-0.1096243973737072,-0.5921155985930839,-0.04620292591937824,-0.3839436670028704,-0.3634225275054626,-0.49557322732466563,-0.3328265546142343,-0.673135632346819,-0.2513692698462124,-0.4999113695724722,-0.19323265173510523,-0.33630706835040786
A,0.0,0.0,0.27866764330975036,-0.23330003694886506,0.4052358521976646,-0.5468056023941613,0.3801246311214809,-0.8058465077895479,0.29866958650952746,-1.0,0.18908871791920934,-0.7667899518002195,0.1670362360604765,-0.973210406533,0.21669262135927425,-0.7881778118990026,0.2530398687323529,-0.589177631201536,2.3942708602876424e-17,-0.7147218176695129,-0.0017581678782435154,-0.9231640299922218,0.05918087108122748,-0.6858182149382867,0.0994257687095114,-0.46753185957534393,-0.1842486453329647,-0.6237497504392052,-0.17179744329632,-0.8334441665951382,-0.08977722087292062,-0.5895772658998076,-0.03788818176566222,-0.3767008734010867,-0.3653804918386823,-0.4931304964478759,-0.32893415692917083,-0.6785129282544254,-0.2411041384513103,-0.5110373707256588,-0.18842008705238283,-0.34647856142431793
A,0.0,0.0,0.28695002653048607,-0.23965231708397594,0.4036546374396981,-0.5559012537440091,0.37206455237745295,-0.810308503230798,0.29285964162244477,-1.0,0.18736818863062463,-0.7721858189714713,0.16517776134611287,-0.9669650349405524,0.2057653998313212,-0.7784929469655146,0.2459483617088567,-0.5813047150852118,0.0,-0.7191963006975594,-0.007152869195736394,-0.9205239280836756,0.04795573814417021,-0.6797330972536174,0.09815080666651942,-0.45965392244284714,-0.1844607016636679,-0.6313803057350205,-0.16822208161877714,-0.8281860922653337,-0.09445965382307529,-0.5797052089362068,-0.03797157975553879,-0.3717108433587827,-0.36186048106860585,-0.5056820021589022,-0.320621634058283,-0.6801123411073701,-0.2442928100612945,-0.504121903768963,-0.19329324514667076,-0.3430557585597599
A,0.0,0.0,0.28787099915598713,-0.2266557399835145,0.3989326322294161,-0.5419429295365437,0.36799857206447906,-0.8051861905926515,0.2896673700540405,-1.0,0.18652865300826754,-0.774719396854911,0.17121918895236574,-0.9683038566779238,0.21917831883680675,-0.7704434704129772,0.2555137016890041,-0.5671197396751555,0.0,-0.7202124090823694,0.0019209611851663236,-0.9234975633582098,0.0652635653503992,-0.6831801890935402,0.10656212562568977,-0.45937421581155874,-0.18138577383842575,-0.6231089348342517,-0.17124999444255634,-0.8345888618058162,-0.08950115129844642,-0.5863006685074265,-0.03943147054243768,-0.3684017382798768,-0.3591953718106617,-0.4841862444214768,-0.32479200133727554,-0.6626483750256327,-0.23652376582591667,-0.4836078136935411,-0.183101084585889,-0.31309706121427744
A,0.0,0.0,0.2675448512860168,-0.23274761871197222,0.3866422883841689,-0.5380933287874068,0.3725617775167473,-0.7968495954913785,0.29867928315941766,-1.0,0.18017956999860463,-0.7526023341959461,0.1528510490176786,-0.9581624545414593,0.21064636897530298,-0.7734688812796398,0.25463261964587053,-0.5792029226952301,-2.324697164350678e-17,-0.7057900729746528,-0.0037760502435883045,-0.9064998617972264,0.06611730109138077,-0.6842349058526306,0.10969872968905467,-0.47677502648750864,-0.1817887490030295,-0.6236383519897073,-0.16993649728998772,-0.8124712938313515,-0.0781372933392596,-0.588156443257588,-0.025150345746621686,-0.3920390128315621,-0.3686418382393806,-0.5070888337776983,-0.33007410811726706,-0.6773369670530907,-0.23296096537159788,-0.5165600853658564,-0.18125594152388572,-0.3615114175021087
A,0.0,0.0,0.28097609357718933,-0.24337468581004537,0.409113607093616,-0.5542546936605102,0.3912259075370705,-0.8141532964256802,0.30323282249875155,-1.0,0.17202889296481613,-0.7668150183781473,0.1502075305787947,-0.9629924640275968,0.2062264971545854,-0.7834942752196374,0.25714085917694385,-0.5888560872813332,0.0,-0.7093071096296474,-0.013268871979881447,-0.8989189412575967,0.05609153050328206,-0.6694571850511566,0.11850965096681607,-0.4608776347004856,-0.1699926953602959,-0.6197073487933971,-0.1720705992320936,-0.796416327307519,-0.08864838788450093,-0.566701376093572,-0.02462687002150079,-0.37281481932014615,-0.3426651120693231,-0.4946078973434616,-0.3226248801735149,-0.6514045556419368,-0.23652874840979626,-0.484960169723994,-0.17785277224228374,-0.33107435382046096
A,0.0,0.0,0.275222457272853,-0.24444018556298974,0.414632577000415,-0.5347028246659763,0.3958714584471179,-0.7959461596002138,0.2980630392908281,-1.0,0.17865543192364455,-0.7618764967659871,0.13603425561936758,-0.964858490954292,0.19343660080810177,-0.7870794534493323,0.2438125290675283,-0.5929003460539454,0.0,-0.7079884595417514,-0.017153799055323656,-0.898510113140388,0.056040510511345024,-0.6723873841039848,0.11059941752823105,-0.46379761945220205,-0.1749084655707634,-0.615159234883791,-0.1810403102250257,-0.805497979082386,-0.08829299308790213,-0.58155285559889,-0.024942744123485606,-0.3850997844755,-0.35222797460022454,-0.4846580887272778,-0.337316831545995,-0.6500618730491593,-0.2445205200147679,-0.4907798888934847,-0.1860282367069407,-0.33822581505629334
A,0.0,0.0,0.2651008226649744,-0.24741836647866572,0.41731878092553626,-0.5354884393011826,0.42241400285367114,-0.7914328354486547,0.3415076163666855,-1.0,0.18332264574155757,-0.7699895323382275,0.16784276739020254,-0.9784585775617325,0.21532223102863857,-0.8001373741415414,0.25470708912630113,-0.6038905594830144,0.0,-0.7154135149733453,7.975485719224272e-05,-0.9266845492122672,0.06292721089778099,-0.7054840249742034,0.11136105475776256,-0.48888430982328873,-0.17881362490821817,-0.62342981170687,-0.1691986394862642,-0.8405212486696374,-0.08456405838114764,-0.6202102710644516,-0.026885902811988806,-0.41367125330252164,-0.3549703754597829,-0.4936754835732265,-0.32791094187808667,-0.670111506617123,-0.23721425857762143,-0.5181183770735733,-0.18134748523838637,-0.359610708550894
A,0.0,0.0,0.27328762898526077,-0.2493449535633391,0.4206152234850398,-0.5347441737703144,0.41922817157288633,-0.7893350173252407,0.337036131997773,-1.0,0.18192663138884987,-0.7839639780705998,0.17263659626102656,-0.9915307871789076,0.2274492948480014,-0.7992401912041105,0.26704412993629134,-0.5928512599231147,0.0,-0.7347890433114744,0.003521948904629405,-0.9391185313600174,0.07057181362392267,-0.7111611464633699,0.12042599015603114,-0.4887536988012031,-0.1815793331127505,-0.6501344684279021,-0.16166527883056442,-0.8485795264746977,-0.0768818792037492,-0.6203855923140548,-0.022085156237261764,-0.4084287707213042,-0.36685418118087204,-0.5303591873089987,-0.3298572122116463,-0.694074331376618,-0.2399523418265389,-0.5374920294920346,-0.18671906080195735,-0.3750995872868557
A,0.0,0.0,0.2687756292694047,-0.2385955954653683,0.4170998490635398,-0.5424031328355218,0.4049917410703017,-0.7975342057711619,0.3284106034535581,-1.0,0.18113702433022516,-0.7769443715343487,0.17650910080682908,-0.9728056101384659,0.2324516022752976,-0.772538067381321,0.2680416768383536,-0.5825462233853104,2.423214538285404e-17,-0.726178980546683,0.0170016435337453,-0.9250638757193443,0.081990591741138,-0.6852255880556891,0.12247930483200756,-0.4756096208063571,-0.17919110294281185,-0.6409110675674308,-0.15095493095010912,-0.8446706064459595,-0.06633549597877604,-0.6046482801807178,-0.015243736021781461,-0.4023327002574192,-0.3606568195609575,-0.5178039884853083,-0.30953389338373305,-0.6866561447358666,-0.22324525681418925,-0.5164573888507799,-0.17367844928621,-0.35903954023067997
A,0.0,0.0,0.2743157575949866,-0.24605404756650565,0.4303423432674401,-0.5445826753623064,0.42421484848560015,-0.7997860143929137,0.3417564913338428,-1.0,0.18612768374550487,-0.7834775891584791,0.1857593805914716,-0.9790071042340747,0.2359273268399489,-0.7796936192850805,0.2694081953915223,-0.5810728491617819,0.0,-0.7305330432621633,0.019258378490247724,-0.9308928435434137,0.08219294536751497,-0.6919047992018053,0.12577459655532644,-0.4700388060044014,-0.1828470915613688,-0.642310383258576,-0.15042828528554217,-0.8467858060481891,-0.07032389817734747,-0.5999259141738258,-0.019432226267115507,-0.38320987443956295,-0.3665842652748511,-0.5165571100156289,-0.31225055475588104,-0.7010863746690685,-0.2303269848340111,-0.5223961350940071,-0.18247638485170523,-0.3488908236867724
A,0.0,0.0,0.2874157897480243,-0.23524226589565117,0.45784319756747216,-0.5364930954249271,0.44504594621156773,-0.8006400931149366,0.3518672542168581,-1.0,0.18377014678211812,-0.7820199931943469,0.19484159248516403,-0.9801294262610597,0.24325435046433133,-0.7783641445966711,0.2725077253710844,-0.5806481931228864,-2.4951565258357227e-17,-0.7303153149790249,0.028303407971009387,-0.9332619044095135,0.087436582491053,-0.6922066398760723,0.1260237260984102,-0.471024373207098,-0.1774541683560964,-0.6430831111477119,-0.14282037343535975,-0.8455322691201764,-0.06700824136007814,-0.5959220854941324,-0.021057657209586852,-0.38083034773060087,-0.35839159003843246,-0.518409327974974,-0.31038695441794967,-0.6937962316425942,-0.22753335498316155,-0.5152984405133436,-0.17893489223662046,-0.3474097222522396
A,0.0,0.0,0.288465012432386,-0.220973257233517,0.45840462130638304,-0.5328342183991311,0.4529204994528302,-0.7974382874463257,0.36456999755106556,-1.0,0.18375770152451773,-0.7882915970961857,0.19811281325907665,-0.9800095078975397,0.24983301314993347,-0.7813813639646967,0.2857623614184801,-0.5792822784678572,0.0,-0.7391879572749227,0.024442745059568942,-0.9454966796040989,0.08502833622596206,-0.7065918317757749,0.13210000363238877,-0.476308588316936,-0.18013650829475816,-0.6521762453527232,-0.15060088224318938,-0.8585812264568649,-0.06809939136589677,-0.6102497736259567,-0.010132631152831124,-0.38705944903397577,-0.3620797707510779,-0.5289307125523228,-0.3147083104713777,-0.701725914319961,-0.22463423379484748,-0.5200813838437675,-0.16362196199533258,-0.3425838777931282
A,0.0,0.0,0.2972515435275375,-0.21616940197092926,0.4675698111135967,-0.5193099096508264,0.45586143717981514,-0.7926403821177728,0.36488302009032286,-1.0,0.18911038453607995,-0.7830544122712504,0.1892542790041723,-0.9853034588124567,0.24079680164606604,-0.7783360648867795,0.28368505763004465,-0.5695052929157904,0.0,-0.7306504102274667,0.011795810713397331,-0.9331818045101565,0.07651406229114374,-0.6872909154855383,0.13255801940910975,-0.4595437648392817,-0.18160431459445883,-0.641410594959571,-0.15749252805388264,-0.8457322232965371,-0.07532234165922284,-0.5900215059902589,-0.016555792469993665,-0.37053561111033056,-0.36133682858733446,-0.5159820558600948,-0.31530605824324553,-0.6903297558764244,-0.2315907988760412,-0.49715716295554474,-0.17404837603602674,-0.3189305477215382
A,0.0,0.0,0.26784618064296495,-0.2116149653801141,0.4402505657313304,-0.5262212321791753,0.4261431808934038,-0.7912570269564091,0.34739542760240266,-1.0,0.1823634979732604,-0.770184994533698,0.18868582100237463,-0.9591008928586865,0.23131773647739926,-0.7534414872200611,0.26592550618373134,-0.5543469802822217,1.2243044714884297e-17,-0.7198201997043586,0.016778515493530658,-0.9086279890110507,0.0753199176803917,-0.6567791360514906,0.12616674297342045,-0.4409113030946818,-0.17850438168208657,-0.6370509585026194,-0.15390434120313007,-0.8337850902095354,-0.07480772818394854,-0.573638392183061,-0.016646150606428954,-0.36424260259122676,-0.357829821170102,-0.5195311592524294,-0.30748289056912653,-0.6888191780367889,-0.2283271362584593,-0.4906783941125301,-0.17677577570395495,-0.3187425400759397
A,0.0,0.0,0.28236811050321864,-0.25734072506605543,0.42234555446515315,-0.5443624006773503,0.4224798801888119,-0.7984618977191547,0.3414818537649029,-0.9980631733592548,0.17383068360932544,-0.790056379442269,0.16317655861676603,-1.0,0.22649614484904348,-0.8105786702485097,0.27624259910864446,-0.6117037210737454,0.0,-0.740589712427984,0.003634892930652834,-0.934237931379081,0.08115048491072097,-0.6959197106517445,0.1398070769545883,-0.4781923216670166,-0.1716119877264486,-0.6544255568967291,-0.1537108564338162,-0.8492734578322503,-0.06388373270594647,-0.6125558452019305,-0.003548355617566132,-0.40419570698993174,-0.34546831350737556,-0.5319724538434566,-0.2989727037296991,-0.6966385912459269,-0.21402779352117993,-0.5249482854645138,-0.16410139351182704,-0.3603306000867341
A,0.0,0.0,0.26481733976914523,-0.24067741466945397,0.4085000949114686,-0.5380857438941221,0.39408634621454636,-0.8035380404836906,0.3006860710753037,-1.0,0.1714735256475536,-0.7502373323546274,0.16018535752688395,-0.959907545291852,0.216584303608924,-0.771814152077594,0.2584296930830774,-0.5830922964035666,0.0,-0.701275825397824,0.003893421201049649,-0.9030392445746767,0.07216422189609442,-0.673725145752361,0.12202547414315258,-0.4694988877002705,-0.1690987735081253,-0.6241765588991403,-0.15438126269443994,-0.8278349253233137,-0.07480999287237489,-0.5898979497917551,-0.02093972206986029,-0.3903819699628043,-0.33860799485777926,-0.5139812339672568,-0.2978164686866472,-0.6783414661627476,-0.21419635887177524,-0.4981415416552902,-0.15825428408458153,-0.33629499224928117
A,0.0,0.0,0.2708184899978348,-0.23381466463676986,0.41959681790886705,-0.5473205813841805,0.41027964626351343,-0.8005467136139582,0.3255763890563987,-1.0,0.18383420451403706,-0.7861497689055098,0.1817094128598568,-0.978051047316345,0.2335937971196244,-0.7894748103374879,0.2703038921893865,-0.5972351789655316,0.0,-0.7395616600468622,0.012215771628649804,-0.9240851943464007,0.07746087433979044,-0.6959730938553258,0.1241578041641028,-0.4865488012700272,-0.18221262125167229,-0.6624278218142435,-0.15621270313981797,-0.8438746194903809,-0.07375737830699294,-0.6150763629399851,-0.018900593312643828,-0.41157330574451445,-0.36743538705091827,-0.5522037345645378,-0.31726584330113206,-0.7272297091992208,-0.2306125187523771,-0.5494163976364642,-0.17679962256168893,-0.3757778623229853
A,0.0,0.0,0.275838265856794,-0.26200806897671464,0.4086810626990087,-0.5678645798491927,0.40168984817633163,-0.8136911564797713,0.3080039728203938,-1.0,0.17464149858389247,-0.7829728059687294,0.1719041603306034,-0.9925079027864769,0.23018757755275343,-0.8269478451347165,0.27238155989567076,-0.6350350156089541,0.0,-0.7376126282635728,0.0013531259919777885,-0.9480185517071144,0.07138797591037555,-0.7257695083367889,0.12562504369472158,-0.5114415528397678,-0.18061343704587166,-0.6598211151429965,-0.15665116577108326,-0.8624312042340561,-0.07807158426867292,-0.6328207559081044,-0.029323935782325405,-0.4257244960247505,-0.36435279870145265,-0.5496151054085009,-0.3125260628240167,-0.7188980823628202,-0.23024779754357727,-0.551480331458824,-0.18615013099179348,-0.3848837608101383
A,0.0,0.0,0.2818018218542912,-0.25428752017611256,0.40460889846164255,-0.5666210712520059,0.3745525966383964,-0.8249300156917815,0.2613191011113525,-1.0,0.17426514041994942,-0.7702197587976042,0.13927251305357694,-0.9784005531610552,0.1972764950065876,-0.8073278975223971,0.2540504696199932,-0.6115244513308126,0.0,-0.7179204175218149,-0.01871746899375546,-0.9207831377236639,0.051795686023675576,-0.6980688474097035,0.11118306782228796,-0.4844326413647985,-0.17629360250938236,-0.6369213132881488,-0.18293580718887054,-0.8425512234882565,-0.10153163889707667,-0.6163533811392278,-0.04418996743587141,-0.40948809783166445,-0.35345352563235105,-0.5264307505876501,-0.3308223797321488,-0.7100737173034577,-0.25228818871548825,-0.5360913122435591,-0.20293537765317396,-0.36181138704380567
A,0.0,0.0,0.30083294239024755,-0.24043329460809837,0.4223679500500422,-0.550275067034131,0.3970842817894593,-0.8126045623225294,0.30489849249831413,-1.0,0.179696090154241,-0.7906467009828476,0.16655262696013157,-0.9989343106018327,0.2302503589130311,-0.8072764213089095,0.27813757214421736,-0.5976379132574832,-2.40314569451734e-17,-0.7384633666395785,0.0018154282254011845,-0.9461874819745237,0.07048362389439461,-0.7097162038701058,0.11469323974357025,-0.4874869880680263,-0.18344631614765336,-0.6566442555911204,-0.1674281089690676,-0.8635910463026795,-0.09257055251015744,-0.6213478286827516,-0.05193876314543815,-0.4036797174406723,-0.36932240823230306,-0.5439921336718744,-0.3261436285511049,-0.7369198095861108,-0.25498529089158867,-0.5543266819720389,-0.21934896403625295,-0.3704928109141939
A,0.0,0.0,0.2844797647881724,-0.26029494718054924,0.39906360797758966,-0.5712080186714056,0.38610574092353495,-0.8239082225201718,0.32046324989051,-1.0,0.1724915205036596,-0.7932103204893762,0.15559338928418898,-0.9957412006028435,0.21307821509599617,-0.8255882407019928,0.26618571216351683,-0.6315678020210383,0.0,-0.7364584709753292,-0.006875593948699798,-0.9392440078520824,0.062447635682414925,-0.7116257042722369,0.11717133075853432,-0.49177427608282437,-0.17346051441048402,-0.6429110539605016,-0.17303092398397585,-0.846935166902605,-0.08974196777320738,-0.6080073417580913,-0.035079161019295334,-0.39023596968946006,-0.34779652469700045,-0.5108484979776058,-0.32520175009609065,-0.688857812479327,-0.2376495535380445,-0.5084983636428316,-0.1812795125579441,-0.3299135310323688
A,0.0,0.0,0.29238267718564925,-0.24986784997214068,0.38286148573437306,-0.5613387728797046,0.3499834322164602,-0.8182401386746864,0.29557428775248573,-1.0,0.17423996483401152,-0.7489800866343257,0.17907389762456322,-0.9686436095627226,0.2245317639651281,-0.7857353338717215,0.2570993784141642,-0.5814004194855831,-2.354930029661396e-17,-0.6964205191014963,0.00031525791964997677,-0.9328663862317689,0.057464932112374315,-0.6928789369834053,0.10035152898746691,-0.46853272682336156,-0.17873257181378913,-0.6128818342119329,-0.16776231232289263,-0.8367131562861393,-0.09609564684977864,-0.5884462057289458,-0.05340347873535831,-0.3755090567088469,-0.36358042875927676,-0.4957557987112881,-0.31612538797463857,-0.6923281953756348,-0.24014352723851332,-0.5133460783003572,-0.19706869653804057,-0.3371143294050327
A,0.0,0.0,0.2876426381031198,-0.22996163105428205,0.3670826926194359,-0.5510362230237421,0.33309385849515494,-0.8092605424304804,0.30083290278484504,-1.0,0.16935989109894847,-0.7362890390686477,0.17605150937897815,-0.962012203247726,0.23043353670151095,-0.7723227137605225,0.26130264765448896,-0.5761321138652081,0.0,-0.6877647362583826,0.004827922693782237,-0.9215698933980345,0.07108218683649195,-0.6711407932228454,0.10757379501406682,-0.45833024551162843,-0.17293956830760615,-0.608604030629139,-0.15144764077984596,-0.8286828691036714,-0.0724099874039808,-0.5772280029998734,-0.033787712049378825,-0.37419267194175043,-0.3493583577806235,-0.4974767758503129,-0.29298509381087584,-0.6835735093250599,-0.21464071695428277,-0.5050122543783861,-0.1769471834767683,-0.33809561220600254
A,0.0,0.0,0.27060974928381976,-0.22708179167008763,0.35158554582754487,-0.5414723560379157,0.3108795823198654,-0.8026352384537158,0.2668495599582362,-1.0,0.16445403144503404,-0.7444080721086344,0.1647615300637076,-0.9696443627850163,0.2309789150407735,-0.7753939516926469,0.2644836193607637,-0.579465754673265,0.0,-0.6943113059377868,-0.0007713413000465761,-0.9320797741980582,0.07456294658711242,-0.6836712350938096,0.10903404829770649,-0.4717812030056074,-0.16920696006922975,-0.6148739969648743,-0.15386120407635884,-0.8408598277069113,-0.06862677013907204,-0.5895348841357914,-0.03279902363888995,-0.38618185445844216,-0.34370478180649683,-0.5029842757037369,-0.29683387247216286,-0.6958661545405639,-0.21679348688343908,-0.520116123185448,-0.18254353997941164,-0.354906028150938
A,0.0,0.0,0.2706551658793155,-0.1666922935399118,0.38293981287638557,-0.504510451013862,0.3596385665540098,-0.7858099065573326,0.3439976740352987,-1.0,0.19642547153922918,-0.7311981324572563,0.21437812908774792,-0.9537903823785236,0.2539197874526846,-0.7478828670700322,0.26982889096326806,-0.5398956586900129,0.0,-0.6932810031747316,0.032016502309144546,-0.9321753173486816,0.08401223545819309,-0.6660064135420952,0.10071326741079667,-0.4406709446738845,-0.1986357839605718,-0.6173126401713791,-0.1512270804910852,-0.8532955785112067,-0.0826916786047125,-0.5758078793983821,-0.06349078593839853,-0.3533825325049877,-0.3999670730615637,-0.5034607685286602,-0.3386056791085789,-0.6868272694615429,-0.2585053557569775,-0.5041216863143904,-0.22473380735003773,-0.33423117596269514
A,0.0,0.0,0.29211235205875474,-0.19303552145824338,0.42531938685786835,-0.5329371358220883,0.41584059778603605,-0.7997151467175475,0.38311657900559937,-1.0,0.19385437025366262,-0.7812560651328561,0.23198779382935159,-0.9899465251024789,0.2739314101002945,-0.7709446746933025,0.2911410691968951,-0.5603713729198097,0.0,-0.7358423489578559,0.04297737530367786,-0.9519663100486568,0.09483624599015998,-0.6843341997820542,0.1259562939040766,-0.45490635162223914,-0.1943161564672629,-0.6496843289110679,-0.14707489680842908,-0.8586231612785534,-0.0788417261163745,-0.5828971088631191,-0.03947030549958866,-0.3590382039373401,-0.38409035525278135,-0.525128497972516,-0.31548388962165796,-0.6927232623883512,-0.245631430268774,-0.4838888499601601,-0.2042899061912252,-0.3001411144447403
A,0.0,0.0,0.28876741525541455,-0.19858861742762748,0.4148856630705274,-0.5360909074021385,0.3926498056478446,-0.7986266665015157,0.3640125800755367,-1.0,0.18405538139381641,-0.7609132273492643,0.20770068873311912,-0.9661105340585192,0.2505411648351233,-0.7615755448612439,0.2698133665775034,-0.5633068106134069,0.0,-0.7149405764549247,0.03253046817548984,-0.929332533515011,0.08534996580856738,-0.6710779532867401,0.11929228371792673,-0.4517055055290571,-0.18026365886856585,-0.6311635270587906,-0.14283142736555937,-0.8258510425590324,-0.07133247987820614,-0.5632345218743421,-0.0251244332657373,-0.3565613043456823,-0.3577378632997602,-0.5106806265469359,-0.2980072139157505,-0.6660350536345186,-0.22469023476218725,-0.4711463447649211,-0.17651115378912033,-0.3045699669454146
A,0.0,0.0,0.3037246786571234,-0.20364294058307317,0.42891024884852536,-0.5359369301027879,0.3922973380308952,-0.7990426070763477,0.3487081126381889,-1.0,0.19010869060762958,-0.7735903375170862,0.21209117524051074,-0.9780677108612033,0.25904824541671395,-0.7594009522166332,0.2800241939038729,-0.5528420894406622,2.4106287512063263e-17,-0.7216941615140368,0.03701224251653972,-0.9387108790480775,0.08949532263722286,-0.6680485605458546,0.11492771274014692,-0.43968908883461255,-0.18257279482293312,-0.6346946282175886,-0.1448908251148189,-0.829478643180978,-0.06937296456374704,-0.555448523904783,-0.026788309620515958,-0.3416628902303368,-0.36285150535068955,-0.5100424549092086,-0.3105052496210753,-0.6596105872964352,-0.22917811938209068,-0.46312946047059167,-0.18044303976539525,-0.2978442525519297
A,0.0,0.0,0.3027761827013316,-0.19926200136998573,0.4625518790512177,-0.5305976648998246,0.4265334338821581,-0.7969318871599148,0.35131660067625176,-1.0,0.20016217276565962,-0.7848894243433944,0.20572193165858702,-0.9810888473272108,0.2562678115964127,-0.7790814860858709,0.29004977480185,-0.5746942100128113,-4.7719573214330577e-17,-0.727920455589679,0.029013574910667497,-0.931741460978425,0.09259792783492705,-0.6753210051260458,0.1315772282091995,-0.445487538190573,-0.18244281204785323,-0.6344907643962936,-0.1518467471801847,-0.8180681382828912,-0.0635597220200653,-0.5536336491662147,-0.007129089035437142,-0.3402996157673893,-0.35266509288806686,-0.5016762948625917,-0.3024516737259148,-0.6483902827404685,-0.2152545628119603,-0.45208747191900456,-0.1611106669149529,-0.2865371946963941
A,0.0,0.0,0.2953902656704135,-0.18654634686742358,0.462156002019184,-0.5212796431622262,0.43919713867011817,-0.801439437726381,0.34516009298069145,-1.0,0.19427484912548484,-0.7780008457754548,0.21251180006156256,-0.9640173344298387,0.2627519122681896,-0.7568834036334916,0.29585437687763283,-0.5514477749389582,0.0,-0.7209291416835236,0.045273972077439585,-0.9116735300580444,0.11058271887744418,-0.6512620816230209,0.14804505925239705,-0.4251239163457145,-0.1821673320786381,-0.6299903016025248,-0.12773706042806557,-0.8087699237161964,-0.0439967279646042,-0.5431359724050644,0.005302139915900012,-0.3319563254005887,-0.3582987241955881,-0.5025221340417294,-0.2954791834436313,-0.6445721421028712,-0.20727773599260962,-0.4518129859773474,-0.1555747652373924,-0.29001393237903694
A,0.0,0.0,0.2859886190666012,-0.19288708748823835,0.4439466960761658,-0.5238405931531673,0.41151926095745395,-0.7960979006787359,0.3358779864899359,-1.0,0.18939693257329995,-0.7693460427464496,0.20594992040632742,-0.9475632944265105,0.25298894070625927,-0.7487906092267548,0.2843725293581975,-0.5573684185253915,2.2656218732548903e-17,-0.714866793796372,0.04156777825093307,-0.8936774160178576,0.10124165905857116,-0.6421568558584855,0.13685878796622342,-0.43044087733323655,-0.17729920819493458,-0.6285918534913374,-0.12328479467725714,-0.780076753334241,-0.0471183361734786,-0.5271332350873307,-0.0008688288794392815,-0.3337737065047316,-0.34687052148248665,-0.5062330818173045,-0.2743349447818399,-0.6310200125221708,-0.19718926592912128,-0.4423790387458572,-0.15492820808903165,-0.2915837662884365
A,0.0,0.0,0.2658395823460129,-0.20801915225627213,0.43475490033724873,-0.5225316140283058,0.42321542436526327,-0.7910737492368431,0.3472073838151249,-1.0,0.18824364878479793,-0.7698551890450973,0.20073769338355849,-0.9570662873610833,0.24402743714080963,-0.7481801714165572,0.2701648929313747,-0.5428360037506269,0.0,-0.7164668781437932,0.036445688949640724,-0.9050409230018718,0.09084600770539299,-0.652187829470487,0.12050194715069028,-0.43507248303394125,-0.18125310107269027,-0.6308576708137537,-0.13335125289135616,-0.8001558189564727,-0.06502183147988896,-0.5425524637842059,-0.02705090530667281,-0.3422456199088353,-0.3618236724868354,-0.5100658342303092,-0.2974946765044809,-0.651468967629042,-0.22437479067189264,-0.4615330166891317,-0.18812014212758438,-0.30541776033903656
A,0.0,0.0,0.2796327248880345,-0.21216923916031488,0.4307119219809826,-0.5288261756122623,0.4032592995676172,-0.7944701804212211,0.32605734066192,-1.0,0.18469920367111883,-0.7707721446264122,0.18884563570809676,-0.9525703506259204,0.23270376583618527,-0.7535052209148756,0.26932099753964506,-0.5493243534813687,0.0,-0.7148388225379194,0.02451508432990574,-0.891142086869972,0.087220598750235,-0.6449071873041435,0.1328915905455067,-0.42758553038928143,-0.17665328286397908,-0.6260412153081352,-0.13533355413075218,-0.7730853486727493,-0.05582080828966915,-0.5250204570149556,-0.001782347607182281,-0.3294953209481756,-0.34522348010199666,-0.5005810351320299,-0.2848980186951399,-0.6165343457159256,-0.20503506279567663,-0.4289976494635536,-0.15447642228843989,-0.2772982226191449
A,0.0,0.0,0.2653668413669862,-0.21580666717007077,0.4173686705260679,-0.5373873736280038,0.38542082322431415,-0.7981498832221731,0.31447922717138915,-1.0,0.18332043651033725,-0.7714885896010827,0.18527201518009254,-0.9602835571624558,0.22817944567220227,-0.7559906571754677,0.25821173654275287,-0.5598342051836406,2.2613507642908392e-17,-0.7122340915791997,0.0229359143272572,-0.8975618118315546,0.08067212154324335,-0.6456717926476805,0.11836559140424058,-0.4355465949140429,-0.1768524394517753,-0.6240951364890964,-0.13533139596618984,-0.7792194799955338,-0.06086330394838172,-0.5219467421649597,-0.015981951632213894,-0.330689949538873,-0.3502598450184512,-0.5011532358353552,-0.2875458593419094,-0.6338656184345614,-0.2114450576495199,-0.4371962045645066,-0.1698905619133329,-0.28487637144308975
A,0.0,0.0,0.2619449589678765,-0.18466962900001305,0.4187570393513586,-0.5119622331011701,0.38821939238779385,-0.7898767304666369,0.3296334756804423,-1.0,0.18731499437930968,-0.7388073665281978,0.1875071332883152,-0.9427569939361385,0.2252890760765159,-0.7310163166935374,0.25049471551664193,-0.5381437983720566,2.3542030165962053e-17,-0.6860384499288177,0.006362756739426956,-0.8909323881061982,0.07161990739106398,-0.6350245642588127,0.1155989477808101,-0.42858904296132033,-0.17943436286369577,-0.6004998573862085,-0.15109709429872675,-0.7837535482868985,-0.07115750285131013,-0.5196739540582589,-0.02369864452935109,-0.3254123372734593,-0.3564220510873709,-0.48220507163117726,-0.3061654011832406,-0.6113975198512218,-0.22188085227478183,-0.42374954776817914,-0.17162861235141386,-0.2770138300190427
A,0.0,0.0,0.2727553782537701,-0.19850610976100194,0.425282213685097,-0.5211853985773351,0.4003861032269032,-0.792520290478342,0.3215172516307534,-1.0,0.184422221658477,-0.7581943856321269,0.1946744503536549,-0.9589376716166376,0.23024157800178632,-0.7567400733314171,0.25731223207523113,-0.5544419749391863,2.321414558859698e-17,-0.6986573172116091,0.02586169462689208,-0.9065598762968871,0.07530535415929292,-0.660246065750969,0.11258554093540535,-0.44289594193999215,-0.17813418130282868,-0.6064094275880686,-0.13902097683967823,-0.7920718650300547,-0.06860995345285159,-0.5397623457489825,-0.020673769295939035,-0.34167264407470405,-0.35033719367725313,-0.4768698638934268,-0.29233127251800367,-0.6223293679377475,-0.21597874145078041,-0.43307634254043487,-0.16681140558562632,-0.27683573550321927
A,0.0,0.0,0.26719501069446855,-0.21639641576019836,0.41734410069616285,-0.5356372610984056,0.3892139673106444,-0.80202140580555,0.30384808094994886,-1.0,0.18220703862381357,-0.7595841028994815,0.1802329417602228,-0.9597855279560087,0.23090455271569518,-0.7473890207484664,0.2626548598996588,-0.5521946868752879,0.0,-0.6978325126677172,0.013386261033833323,-0.9108070320262305,0.07921276061687768,-0.6513789729663525,0.12145113005022053,-0.43936045656007006,-0.17319437799245446,-0.6049956972550969,-0.1453929243474981,-0.7912561245881112,-0.06773692862681281,-0.5242326375895623,-0.02037872433511856,-0.329055715413613,-0.3407452684805201,-0.47707480015799597,-0.29773493325528455,-0.6222952572332873,-0.21621983936830566,-0.428013462918014,-0.167090609514957,-0.2749197365868909
A,0.0,0.0,0.25937337904823043,-0.22144164557237514,0.4014370893619732,-0.5350969607571074,0.38930240380002235,-0.7921465724819752,0.326942113016902,-1.0,0.18262474078826021,-0.7632518007178387,0.1904148053704696,-0.9584799741718474,0.22564729270162537,-0.7564737590256398,0.24836907917000275,-0.5602328650600636,0.0,-0.7041501461907135,0.017366037199124024,-0.909487100034092,0.06491074831560559,-0.660371834505796,0.10096507938024307,-0.4482072398270672,-0.17963926452567913,-0.611705269472308,-0.15225939938148586,-0.8008609735674782,-0.084787921783717,-0.5457335817616977,-0.03792338006140704,-0.348631931405954,-0.35742608002585324,-0.48214551694143376,-0.3083610088310376,-0.6492184964367078,-0.23466027550302623,-0.46315271657062224,-0.18987579192566773,-0.3022004617027308
A,0.0,0.0,0.26658047970999327,-0.21336084555349782,0.40213793246764673,-0.5298157725863705,0.37016985714516315,-0.7949102379907407,0.30260721837344035,-1.0,0.1773210689277404,-0.7567111900437783,0.17764484287809168,-0.9521259708294448,0.2203640101191566,-0.7466384251034953,0.2492434835110732,-0.5522678010070656,2.238531101686006e-17,-0.6986880632253646,0.007262397172779447,-0.9108847816735238,0.06289943480329176,-0.6566068788859712,0.10519132178486565,-0.4480471103113113,-0.1673750992218054,-0.6086175786020168,-0.1486349200783894,-0.795531487195884,-0.07648160066473153,-0.536509781865018,-0.02646268520199057,-0.34766690709000597,-0.33065031548306645,-0.483112721981724,-0.2938066823415801,-0.6463174512404032,-0.21856706135197748,-0.4562462889734415,-0.16968846789851738,-0.3038109676042233
A,0.0,0.0,0.26315855770191904,-0.22043582760436384,0.40183605495411545,-0.5374496924522063,0.3696612289743312,-0.7973100489650625,0.30275678663359223,-1.0,0.18015597133900949,-0.763182282756565,0.17372538566439039,-0.9519298291952055,0.21111080844604135,-0.7445129255771796,0.24415150249854511,-0.5463779397724609,0.0,-0.6991039521329122,0.006216512194390697,-0.8905384174868778,0.05876227587661561,-0.6378170797727363,0.10553517197687473,-0.4252577102790194,-0.17280584007079244,-0.6047158176922601,-0.15944359985572917,-0.7770396585255384,-0.08480932077588342,-0.5182312943754556,-0.025543836374939934,-0.32306395782012937,-0.3408458281957665,-0.47498150337626127,-0.305503598357805,-0.6217005018237687,-0.2292528255935795,-0.4297903562636565,-0.17338171670048436,-0.27380276992415403
A,0.0,0.0,0.2630402292083964,-0.21212389201403745,0.3963830905523879,-0.5348759906179751,0.351968677198976,-0.7944029272176647,0.29341333003879183,-1.0,0.17978141015629956,-0.7490290011759283,0.172825578788753,-0.935888458196835,0.2114387219876281,-0.7424759282521692,0.24391340220616486,-0.549903784141288,0.0,-0.6855392569597665,0.010508745858766497,-0.8796956227140507,0.06065556039787186,-0.6365896884788579,0.10526386172040937,-0.42690512532605257,-0.16996046857412545,-0.5943286304584057,-0.14432807035849146,-0.7500593884016608,-0.07661290143925152,-0.4973538076899471,-0.022678683457866246,-0.31011158859756116,-0.33369666927827885,-0.4688958952831066,-0.2885619135927329,-0.6117540408538739,-0.22147517787745552,-0.4198423486333016,-0.17418338557265356,-0.2672634748105149
A,0.0,0.0,0.2643229937053954,-0.21992577761778795,0.4060835794239839,-0.5346973671400223,0.36772259499367754,-0.796629512986157,0.30234325589170713,-1.0,0.18471169405790677,-0.767237784326763,0.1913607901536802,-0.9499419287481795,0.22232467986302198,-0.7486714507197825,0.24697055829169817,-0.5445477558430741,0.0,-0.7042758832142922,0.022160002608446763,-0.8912052808628269,0.06652595722823416,-0.6460554928176147,0.10555807424831884,-0.4221965168336173,-0.17715710437351115,-0.6121682568513913,-0.14413478117996387,-0.7711093415143824,-0.07988525732419977,-0.5171402907294015,-0.031045942341552883,-0.31361926868099,-0.3533945703121643,-0.4855679622765914,-0.29535871302443195,-0.6293764780036868,-0.22869039617830056,-0.4400201446204308,-0.18631823736699757,-0.2771875381247029
A,0.0,0.0,0.25678550670885325,-0.20336740603205544,0.4038107592675572,-0.5257279508760702,0.36945282767921217,-0.7889418186783798,0.31209621772008467,-1.0,0.181973304226893,-0.7595719159361355,0.19420536524193932,-0.9427902246976774,0.22498905138746852,-0.7412775921221249,0.24884125309780955,-0.539620406943886,0.0,-0.7025414819568029,0.02770356389502257,-0.8933428252090561,0.06897644266011622,-0.6464159748025053,0.104205206553536,-0.4270575846807219,-0.1748362969535059,-0.6149830060457655,-0.13885227419386678,-0.7829922701771476,-0.07643528090480484,-0.526694023076698,-0.028586561959381057,-0.3260363686170368,-0.34806956260308486,-0.4917180589981731,-0.292717826204048,-0.6411223742209746,-0.22600060239632996,-0.4456326669257232,-0.18148420051953967,-0.28058480713525635
A,0.0,0.0,0.26218539096086835,-0.19554064538970625,0.414915416437912,-0.5225811094855121,0.37016346916942855,-0.7927400868242924,0.3071631677012615,-1.0,0.18840928139283314,-0.7509605818572891,0.19042416722031305,-0.9455065236473015,0.22660675125262641,-0.7349255586989768,0.2588182489606996,-0.529062639953932,0.0,-0.6863841828578872,0.0203185788031196,-0.8905640761758014,0.06700038239568722,-0.6350693448740781,0.10772716765088787,-0.4122239726104827,-0.1768877787846761,-0.5947323044569083,-0.14634662707127605,-0.7609820819292874,-0.07628717705469867,-0.49883116190645327,-0.02375632381435991,-0.30047793436541126,-0.35036936366515403,-0.4727371570930744,-0.29744309626234244,-0.6365600118455657,-0.22685269199221536,-0.44091635128802176,-0.1812739143750157,-0.27668544062189077
A,0.0,0.0,0.254185651515286,-0.1651244987803119,0.41960523209578393,-0.4953076357744441,0.3986320563065831,-0.7824708575894164,0.344993844028134,-1.0,0.18801749248429175,-0.7478430697597651,0.19578620790660206,-0.9545946998537689,0.23080807030928263,-0.7372577203639579,0.251315442300982,-0.5254332066195481,0.0,-0.6893969304773241,0.021916815413706988,-0.8830924983425853,0.07935751381607503,-0.6210163108957224,0.11088292101731377,-0.400364076411128,-0.18022607971185714,-0.6020627403460318,-0.1511632613862949,-0.7833709551602324,-0.078804945946221,-0.5199212056492469,-0.04379524251550835,-0.31335957851865825,-0.36450357334941547,-0.48491135561091053,-0.31140024955329215,-0.6529386196492539,-0.24115926617101133,-0.4611560948943103,-0.20881058562098445,-0.2936640669560473
A,0.0,0.0,0.25221084300176183,-0.18033509340849396,0.4149010994919911,-0.5081463053526971,0.3792098798181198,-0.7801720611481759,0.3246411645469329,-1.0,0.1820523471534895,-0.7430090730392511,0.18357469253744352,-0.9523525237814525,0.2283146969505856,-0.756440476665689,0.25667599661828955,-0.5588330127815405,-2.2619986505645735e-17,-0.6879725825843772,0.022770269022497992,-0.89549843519431,0.07828067002269021,-0.6538342486502609,0.10875166977860865,-0.4403414900525696,-0.17604217800955305,-0.6041290805707399,-0.148070024201291,-0.7998735618133331,-0.07203868646394668,-0.5419515008736843,-0.030827595244945424,-0.3387143033667419,-0.35300592753470794,-0.48597991873402996,-0.3065173155090223,-0.6691066246441868,-0.22661085158913277,-0.4776261685055266,-0.184062061707851,-0.30962366143142017
A,0.0,0.0,0.2508923667152124,-0.19355780809927603,0.41665024919021054,-0.5181157674610629,0.39209842172636383,-0.7838109048986036,0.33679613798380387,-1.0,0.18334954125600003,-0.7548434632349293,0.20028730867244632,-0.9642759040475093,0.24062271384146303,-0.7691299728893571,0.26457520913557153,-0.5753556101509978,0.0,-0.7045252708355666,0.03784454653696135,-0.9064065848788989,0.09083219426843198,-0.6675527146646749,0.11976713338245977,-0.45616490993399667,-0.18093460435957692,-0.6270518511177973,-0.13435502163980625,-0.812690925063196,-0.06345678056682075,-0.5580409390561528,-0.028153736849149413,-0.3555519518308741,-0.3632789824578333,-0.5160940851973088,-0.31067602408374523,-0.6835180000614485,-0.22752851934795584,-0.49915324609265355,-0.1857086627823469,-0.3390100536680332
A,0.0,0.0,0.2588459603482141,-0.2053648543999777,0.4246620138418061,-0.519971900254013,0.38408062706918467,-0.7828118781051625,0.32874515223953,-1.0,0.18183929659679787,-0.7661289931229772,0.19955528886648144,-0.9800762206083125,0.23281203044646484,-0.772955646673974,0.25834423955130487,-0.5681458561693244,2.248196751413445e-17,-0.7170780514324893,0.03787286805955472,-0.9234598870852615,0.08735883090745561,-0.6838826131218814,0.1257122463982933,-0.46705837951268636,-0.1765936333975439,-0.6368064361494157,-0.12140426970996288,-0.8271648282676715,-0.05486699077433936,-0.5676771090186425,-0.014872467955335419,-0.3532521651621521,-0.3552932787110081,-0.5202801632646397,-0.2861721163653069,-0.6970136243713879,-0.20933304851206216,-0.49705123123666495,-0.16707894016252683,-0.3197991992783421
A,0.0,0.0,0.26007849878673844,-0.19054845262341014,0.42462153037226447,-0.5079341085899622,0.3824524252547116,-0.7795389749199905,0.32786342569487514,-1.0,0.17933662866708192,-0.7572983660873162,0.19783208825173684,-0.9593321241401541,0.2392458133119713,-0.7451713008568183,0.2594162595854695,-0.5358843237933858,0.0,-0.70489443311292,0.038831415282770294,-0.8963194436622365,0.10262215354014612,-0.6507749037351012,0.13218584879633147,-0.4375544929360528,-0.1722502017286252,-0.6223554519877895,-0.12229020081745628,-0.7990607694185863,-0.03942023661110697,-0.5515788357305843,-0.005998700341943028,-0.3530029671459215,-0.349184117913888,-0.5057620650102341,-0.2854568702476986,-0.6790188916043163,-0.19791534188339813,-0.4902218807347216,-0.15941100260891947,-0.32646131936400147
A,0.0,0.0,0.2577396112805938,-0.19565193805847253,0.4189290204741879,-0.5150153116796948,0.3740800276363378,-0.7818095436363471,0.32583871048072865,-1.0,0.1825947653823207,-0.7564674427840477,0.18881381451815485,-0.9596395408654858,0.22947660732175612,-0.7514764661656915,0.2555187922489564,-0.5518251485843623,2.2074487763478806e-17,-0.7033523876305025,0.02744972616729302,-0.9078742660356566,0.08627932193479694,-0.6645537428717906,0.12163904384396075,-0.452072120159728,-0.17468443705886066,-0.6195046329524362,-0.1293733774570732,-0.8064098988716698,-0.04966752202876243,-0.5506058781973987,-0.008048853870430228,-0.3473593188202008,-0.35003268377446123,-0.4992033762387862,-0.28862570400971344,-0.6738009619028111,-0.20570586685388434,-0.4793917659196419,-0.16323808870493614,-0.31316210862829574
A,0.0,0.0,0.2600717687241825,-0.1967232303323893,0.41925152019736667,-0.5173087462125461,0.379513733524078,-0.7829203755865475,0.3305225500852381,-1.0,0.18047319905772424,-0.7628061721522192,0.18183016953769654,-0.9665513354349206,0.22433311051147106,-0.7655149452136073,0.2524256877657526,-0.5637341483965119,-2.1934970010227312e-17,-0.7069949091622161,0.02390113024119027,-0.907725668305837,0.08337649799402062,-0.6652148497456742,0.11789419686941786,-0.44883792192097843,-0.17414429545017493,-0.6196489736454202,-0.14346648258320235,-0.8084013937512398,-0.06282619051551337,-0.5528575808100576,-0.019200016625579484,-0.35019268146726074,-0.3509539039133037,-0.4935014288494867,-0.3101737751585137,-0.6690894314723882,-0.22190448670295104,-0.47899588994542613,-0.1715553497091872,-0.31670375015359764
A,0.0,0.0,0.2646685403504303,-0.20263229955926176,0.42945727273105366,-0.5170615741660453,0.38173062375187145,-0.7809106356404251,0.3351620089461921,-1.0,0.18615904333923777,-0.7600696111849108,0.17585923840929898,-0.9717831188699577,0.21544792070075727,-0.7736927146550743,0.24831678030293675,-0.5721848589364597,0.0,-0.704281687832487,0.009048134897130048,-0.9146499875296787,0.06680657331560474,-0.6713814743638694,0.11098519926223496,-0.4528191083710225,-0.1773636344458801,-0.6183410155324843,-0.15184435804245364,-0.8045667441899903,-0.07431609018866615,-0.545946592623891,-0.021506102668153667,-0.34239843814892695,-0.3530392215604179,-0.4951329364352833,-0.312272171311846,-0.6768941259338469,-0.23296060183749112,-0.47879153489427717,-0.18097277863037237,-0.3084410867640862
A,0.0,0.0,0.27095406050045856,-0.19798975865333593,0.4517732066859282,-0.5083167071014202,0.41103652628881754,-0.7751358879511345,0.3646096658866381,-1.0,0.1917712419945826,-0.7751895667362071,0.20355144473026193,-0.9875223813295406,0.23257921325168684,-0.7731419743709399,0.25204091530040024,-0.5609914231486083,2.2569991039360405e-17,-0.7211839936084696,0.028581011007056782,-0.941062360655595,0.0751806639795626,-0.6938911962260886,0.1099130898426939,-0.4686699134942227,-0.1804335339509673,-0.6336751918427275,-0.14161375920748348,-0.8282831700603505,-0.0753844756042929,-0.5717335108276673,-0.03367098240210957,-0.36124833062625333,-0.35900786499464526,-0.5101112114585383,-0.30325125303115125,-0.7003029286286263,-0.22281914565157862,-0.5075965920438016,-0.17467574154559748,-0.3315818596640565
A,0.0,0.0,0.2665828614413312,-0.18515242463738493,0.4434978173902353,-0.5097607475376222,0.40884089639421417,-0.7793140127338695,0.3676479508937203,-1.0,0.1893987364571778,-0.7627020341252014,0.18898144338698455,-0.974671205347868,0.2275049901271775,-0.774199633526467,0.24942952685497202,-0.5726779411703878,0.0,-0.7081636078589775,0.012869625133478464,-0.9175522648665225,0.0781875972577005,-0.6752869392560864,0.11132365088430587,-0.46307967172550385,-0.17597609830752764,-0.6210087881445184,-0.15944278299669942,-0.8288906679589865,-0.06954745114770743,-0.5760557195472749,-0.02559813405927341,-0.3731069329869438,-0.34967396452289534,-0.49446345250601814,-0.3127443976811571,-0.6819830961285651,-0.22146675439948946,-0.4932359636922246,-0.17451158297935646,-0.32796610230296763
A,0.0,0.0,0.27752540360778405,-0.1709523927201847,0.4444358360914745,-0.497312766708811,0.40614804010788425,-0.7771490502851486,0.3607857101089776,-1.0,0.19240497620283134,-0.7519658651012483,0.18365743021905187,-0.9708281444492785,0.2219592920863348,-0.7634554924450316,0.2510008694173644,-0.5469957722382037,0.0,-0.6956326117936,-0.004435740549111726,-0.9267863350502973,0.06020482519934358,-0.6676770545816011,0.10899972535802815,-0.4365375020114235,-0.18172370652148548,-0.6036400856943658,-0.17163382562726168,-0.8056506055625461,-0.08620966209580574,-0.5332070366185901,-0.03420527603030026,-0.32337704388692995,-0.3646884300012628,-0.47687544158445694,-0.3269444104507819,-0.6576724283592267,-0.24451406766179892,-0.4555771930899305,-0.19418999146984003,-0.28737949192509965
A,0.0,0.0,0.27158477386162494,-0.18327503077090998,0.46021585479444777,-0.49676627037901655,0.42203631513540313,-0.7668466686373517,0.3739873908093189,-1.0,0.19389508131269118,-0.7698785799128681,0.19048479094724027,-0.9789913485940752,0.22682897024424548,-0.7797374260926042,0.25505993914500585,-0.5725059607463345,0.0,-0.7149616993925564,0.009726390916048518,-0.9276127952507113,0.06319524540817571,-0.6764275995126413,0.10019403940825154,-0.4526065254819532,-0.1822730784946846,-0.6249634666664645,-0.16519911850773208,-0.8215289405059313,-0.09456656875335229,-0.5560120814030062,-0.0485326816798227,-0.34496659430516297,-0.36284904049417765,-0.4955536970256932,-0.3239795028406478,-0.6807617324977573,-0.24495804937020207,-0.4890718192642265,-0.19681266701450897,-0.3190362144967385
A,0.0,0.0,0.2674515374593677,-0.18915046195880733,0.4502063427997441,-0.510225546568952,0.4116085607763346,-0.778080385348435,0.35656052383136394,-1.0,0.19277528316066472,-0.7687261392729154,0.17449069196419703,-0.9672159135497,0.1883175244829396,-0.7674309732155752,0.21298857148012382,-0.568453638144563,2.2012327340181984e-17,-0.7095080848226492,-0.011262041109882867,-0.908032797201273,0.02583405923336877,-0.6633148510574411,0.06722306918364344,-0.4484546718109237,-0.17582546827610784,-0.6192434064228114,-0.1822271640549244,-0.7979807612683567,-0.11776267651154095,-0.5463441783644433,-0.06376465122369131,-0.34906429410704,-0.34684541318425766,-0.4905455023020047,-0.3281679688370853,-0.6510547708388194,-0.25120263162402556,-0.46245013273301727,-0.19400876406437334,-0.30558023247712934
A,0.0,0.0,0.2702729430879302,-0.19189403350325424,0.4604407484384133,-0.49592036287100966,0.423148368136646,-0.7677857758898199,0.36658762134791023,-1.0,0.1856737236963696,-0.7567263057092339,0.18124095238539475,-0.9677975556991233,0.21439260829566278,-0.7654687231206055,0.24150839486915315,-0.5619643792998338,2.1899293773548225e-17,-0.7015163725204873,0.003591443570698904,-0.909089512258945,0.05448296655946473,-0.6563180775459612,0.09310013235796578,-0.4363414347211364,-0.1730849257806203,-0.6171204794909924,-0.16141159496890425,-0.811933365357881,-0.0956549960844266,-0.5484952885117492,-0.04892059467715696,-0.3393416206956244,-0.34482477083443036,-0.49750954026591515,-0.3098853886247815,-0.6761233577652925,-0.23688093572529054,-0.4851710929850644,-0.19042845218612697,-0.31579906849470285
A,0.0,0.0,0.26756787040532903,-0.20694776139721588,0.44385610074503695,-0.5125237662514339,0.4095392179355004,-0.7751885071331366,0.3495453714567993,-1.0,0.1891497405894458,-0.7452972791002956,0.17961524642312687,-0.9570722852806298,0.20992585880157075,-0.7634839263673711,0.23861164996364476,-0.5631583079734699,0.0,-0.6934592087073115,0.002351819784241526,-0.908940216256361,0.05099815468866479,-0.6637182506302872,0.0940740145132719,-0.4477230839990747,-0.17733020634283997,-0.607313582582861,-0.1643333353714633,-0.8115698745730783,-0.09925280259864569,-0.5518016536352254,-0.05153526998752604,-0.34635582883525434,-0.35190657646750445,-0.48413951631223606,-0.3170621665186952,-0.6660387221784093,-0.24144543803990481,-0.4731273833734994,-0.19289861457342475,-0.30583113549677526
A,0.0,0.0,0.26205084504142295,-0.1906214928675405,0.4446473626404788,-0.49937530130505603,0.4088422707630163,-0.7705046701061896,0.36075901040055613,-1.0,0.192248419947492,-0.7482104457579655,0.17241312672183667,-0.9647960887116754,0.20834957294098017,-0.7756706349178359,0.23499089666815698,-0.5811634838763533,0.0,-0.6928475138573011,-0.0053718853392657525,-0.9169570861320777,0.050410481725077325,-0.6763613306713956,0.08628999671041752,-0.46646550926160363,-0.17845626600857697,-0.605988430817452,-0.17119723059089612,-0.8097089076777967,-0.09801945357019874,-0.5540505214219711,-0.056412307445505426,-0.35598658074115447,-0.3553818305736733,-0.4825255170544676,-0.32251315169236894,-0.6743589004985013,-0.24590729889016788,-0.4896920433331571,-0.205472570551728,-0.32669285059635783
A,0.0,0.0,0.2607336549212108,-0.19459059934337622,0.4463147154029134,-0.5025530414177216,0.41103736435673094,-0.772924240600591,0.3529289298154365,-1.0,0.1907289369382616,-0.7415660709221471,0.17098786070868935,-0.9657032538922189,0.20221145187309014,-0.7671464175111198,0.22580667238727847,-0.5670919126136108,0.0,-0.6834067407765942,-0.014742894174407297,-0.9088040974592876,0.04065462479677723,-0.6636344918699443,0.08425958039319265,-0.4491786814149031,-0.17731195970799823,-0.5949597371960492,-0.18128784693327568,-0.7928929235339153,-0.10674326338643454,-0.5385289816621658,-0.05478300888050625,-0.343796780947029,-0.3535441408954203,-0.473615737676916,-0.3299899982158295,-0.659740035417199,-0.25260109121653096,-0.4685458356022172,-0.20344877769955108,-0.3057678294257299
A,0.0,0.0,0.26165278724526436,-0.19419011307372297,0.4476162866886936,-0.49559344891611673,0.4181647886360228,-0.7686512030494502,0.3705030878459949,-1.0,0.1891761958767265,-0.7409767957343318,0.17943833688514854,-0.9549857119522196,0.21369023644069418,-0.7554194165894708,0.23799091389384308,-0.5609443092092526,-2.0870121484853968e-17,-0.6901506425184094,0.009083709659808979,-0.9070823705107887,0.06442279789545312,-0.6527078418842617,0.09788701884010835,-0.43997465787500833,-0.17668645747332248,-0.609152855622123,-0.15579053929354114,-0.803899089497441,-0.08573823999729038,-0.5412716041747998,-0.04754038714134136,-0.3427795548423846,-0.3541108142152232,-0.49475906276377146,-0.30848153190727906,-0.6768100698645363,-0.23326890365073158,-0.4850669862209802,-0.19571310515544257,-0.3224620223131092
A,0.0,0.0,0.25974682631962304,-0.20092761698299613,0.4394879782566835,-0.5092646999211671,0.4040773040548705,-0.7753091451970326,0.34437745837358386,-1.0,0.18799261841902426,-0.7545888908935565,0.17358762230558492,-0.9555127620183859,0.21623863680188757,-0.7678889790352529,0.25253846154204695,-0.5745107862624571,-2.0871817500845434e-17,-0.6964222241885071,-0.0004892085881990253,-0.8998349046981685,0.05717722048291747,-0.6664329552288522,0.10387988483621834,-0.4549805860346358,-0.17860208286083143,-0.6055062826589029,-0.16537395310376013,-0.7907633858429333,-0.09241432764998447,-0.5394814856848634,-0.041660267010328655,-0.3385665226251149,-0.3564090630330808,-0.4784316232317674,-0.32134267451509024,-0.6607773923976792,-0.24542447691205518,-0.47958475218583485,-0.19874417999958394,-0.31636231606452636
A,0.0,0.0,0.25837531282078713,-0.19641232300403147,0.4314850090539615,-0.5017714458795591,0.39063409816339245,-0.7695745221005372,0.33827922985334263,-1.0,0.18628701377988693,-0.7414239480863344,0.17521355633788704,-0.9643084998413676,0.21234453289215202,-0.7718938738617941,0.2397859214539323,-0.5714738563692182,0.0,-0.689392504087374,0.0015568233018683911,-0.9112886851520385,0.053354964200103994,-0.6732720757821119,0.09354639333654043,-0.4582353526942303,-0.17820235414228974,-0.6062950979220809,-0.1591366091206619,-0.809796040949942,-0.09541852975364964,-0.5535410636107605,-0.05158760368141821,-0.347215014776838,-0.35606188307375825,-0.4902491236862224,-0.3140309451759379,-0.6776979560372759,-0.24537783630229001,-0.49413859514004377,-0.20480414744482917,-0.3251999376228994
A,0.0,0.0,0.26783237503965923,-0.21597459973836633,0.4292856476908264,-0.5147183596120385,0.3970905359637343,-0.7791978604797116,0.348042001583957,-1.0,0.17930643057381876,-0.7366756454828519,0.17319112637092238,-0.9464930974627623,0.20508421840282634,-0.7585381740681255,0.23749555945680786,-0.560408435786506,0.0,-0.6806502043134603,0.013348522277998253,-0.8968756946658234,0.06273986426625126,-0.650726848784969,0.10327422144250406,-0.4303106873654349,-0.17185377722137216,-0.5941544040710574,-0.14384976255945642,-0.7925539199818419,-0.08171933952161511,-0.5357277881887037,-0.041241644838362186,-0.3313496207799268,-0.34655750582587,-0.4733451831359492,-0.29583028850947535,-0.6629640365577848,-0.2293756113049651,-0.4772796941419656,-0.19221130022356753,-0.31161497287177203
A,0.0,0.0,0.2611438404838993,-0.20738086211335532,0.42759987562212404,-0.5043236732488426,0.38607680890876883,-0.772478217497022,0.32300539747936363,-1.0,0.18326705196857368,-0.7332667003342992,0.15073123739032113,-0.9466057254238465,0.19234602811062212,-0.7494594933667693,0.22905005034475137,-0.5489199591518893,2.0122857885841743e-17,-0.673284141205398,-0.01523553225614147,-0.8759491490928438,0.043013369067553625,-0.6315586619442853,0.08893575335941124,-0.42099261820098083,-0.17377663648290292,-0.5820955767397753,-0.1751336650145914,-0.7716698689022834,-0.102026498991405,-0.5220342914230522,-0.052567241554080525,-0.3271976189684651,-0.34685916037528713,-0.4573421312923015,-0.3279788450813324,-0.6410739058227254,-0.25079930287832225,-0.46160479825288664,-0.20317518007469923,-0.3024942243673041
A,0.0,0.0,0.26084831975542033,-0.2048398024628314,0.42435492708648354,-0.5092915482404095,0.38417117527260036,-0.7787359840565974,0.32052124309886904,-1.0,0.19252276153915285,-0.7376007317048167,0.16356658208246044,-0.9512446537099936,0.2012385805478954,-0.7448093717041496,0.2369295427320844,-0.5490168884692892,-2.0068943151692814e-17,-0.6820068243219959,-0.016125857518770548,-0.8934567852075757,0.046849881419420154,-0.6421455731768623,0.09276497253693157,-0.4366833866110358,-0.17790624608856717,-0.5890230174392594,-0.18511973117169103,-0.7846834948166387,-0.10226870270612973,-0.531761739927788,-0.052254547477688644,-0.34400909411138464,-0.3501025591378083,-0.4590526698725969,-0.34202905474638057,-0.6446478672593068,-0.25957539548560066,-0.45749748439708826,-0.21135881682534335,-0.3014434666444349
A,0.0,0.0,0.26250514387885715,-0.2089154481738537,0.42125278010813944,-0.5072492340056469,0.3751726809304163,-0.7758542686365457,0.316747169650496,-1.0,0.18312714260783186,-0.7332938024462983,0.1590803281336071,-0.9460277904046845,0.189942229406283,-0.7556884050131709,0.22583379330712033,-0.558203554227567,0.0,-0.6796858704980405,-0.0031729545193999067,-0.8846328871347637,0.0464503707711756,-0.6412325968824499,0.09317790077547021,-0.4265522033227675,-0.17298577119251776,-0.5905876901983673,-0.15759171189201351,-0.7709781384681438,-0.08931877435179315,-0.5191814270451462,-0.039698663237011905,-0.3233085390877449,-0.34502688698337936,-0.46388037624557593,-0.30775908025623855,-0.633573672523232,-0.23565046332988357,-0.44495126830217246,-0.1897236069482739,-0.28549854375230704
A,0.0,0.0,0.26917990768064737,-0.2010498630424677,0.42660210265776427,-0.5029773754249411,0.38442437319375483,-0.7758101070083796,0.3298770833997295,-1.0,0.18849170843487714,-0.742521233900748,0.17064670763939074,-0.9478428809111313,0.21064107176509217,-0.7440859626773784,0.24267855349959475,-0.5424566105300629,-1.0067857052725128e-17,-0.6934951223507684,0.002179167683302938,-0.898223778906522,0.06002217333858731,-0.6469347658539324,0.09689622683080462,-0.431083848759532,-0.1782339823905354,-0.6058939208043383,-0.1631738830562708,-0.7971407476157488,-0.08603557354920795,-0.5373763849694198,-0.04326616091508703,-0.3379833085127506,-0.3549611713859063,-0.47977227102225456,-0.32243262859370553,-0.6495200445618691,-0.24416805410119619,-0.4537139725939463,-0.20112541647739238,-0.29230205889362154
A,0.0,0.0,0.2729304087942174,-0.20163943605789372,0.435270805349591,-0.5103044536274495,0.39854729893885843,-0.7789523184343291,0.3449586816418251,-1.0,0.1905107692999353,-0.7337430306624976,0.18393406054632572,-0.9536229116543808,0.22386289820046124,-0.7430305415262146,0.2508195523718214,-0.5423963191290224,0.0,-0.685977863811969,0.01693018645502328,-0.8937011522362408,0.07875464082152318,-0.6367421618546256,0.11107322496561225,-0.4281121042936225,-0.18186174950749617,-0.6005718670233292,-0.1494463999751127,-0.7998763662001837,-0.07144128386165392,-0.5276858695791398,-0.03649588538235853,-0.329111300055139,-0.3662690609352957,-0.47918603040768676,-0.31941680020072866,-0.6582816848230705,-0.2407362512343657,-0.4560620106307228,-0.20644911644884503,-0.29445428593949313
A,0.0,0.0,0.2713938173040923,-0.21415161016001757,0.4283947634900333,-0.5084901305279801,0.39158694867870325,-0.777557472083999,0.33215365552966863,-1.0,0.18653998010572262,-0.7321317068648514,0.17154627921491028,-0.9419926734680368,0.20996123880279483,-0.7466799534668621,0.2441646856319254,-0.5451250132280386,0.0,-0.6839450216288484,0.011259055237301852,-0.9027556012516059,0.05865822799306346,-0.6583435786188586,0.09397901053202806,-0.4395948702833153,-0.1785081924745502,-0.5963779876995358,-0.14521188363024523,-0.7903786931288872,-0.08358601301675458,-0.5293754576453709,-0.04625271805226414,-0.328882331162315,-0.3589230878480203,-0.46938050710860674,-0.3102583284897956,-0.653783170692103,-0.23867024904935522,-0.4587853353112299,-0.20037443466596552,-0.2935551201308443
A,0.0,0.0,0.27056781296750393,-0.2165779875194703,0.42108538879832985,-0.5157881954430382,0.3793492437047485,-0.7813606761396871,0.3326614981963365,-1.0,0.18733473985645918,-0.7356410645659182,0.17787959181539828,-0.9546943620576601,0.21619514644173551,-0.7410769300705782,0.24502299251377907,-0.5409808511161527,0.0,-0.691442482142121,0.011997625924642126,-0.9057871331997742,0.059717655320678284,-0.6515899307834777,0.08948424153323424,-0.4443430737493292,-0.18108543195371402,-0.6109155702926181,-0.1515027162294405,-0.7957752141789426,-0.08944905396982605,-0.5350976652444452,-0.05320190160953253,-0.34851140008369064,-0.3650443401661529,-0.4925919052587129,-0.32143071884576907,-0.6769902313525891,-0.25127721525469654,-0.4784421998277949,-0.2151763397652425,-0.31871202136164845
A,0.0,0.0,0.27365449524876745,-0.21781052163547424,0.4321015961902056,-0.5113234083143963,0.39191658854732825,-0.7757645160523851,0.3341266175426033,-1.0,0.189485730839301,-0.7521439739110255,0.1875328768417327,-0.9573689884176848,0.21957629465787745,-0.7495335632186286,0.24378390583115062,-0.5512508180115113,0.0,-0.7085984303441979,0.01823612059995921,-0.9151511392868494,0.06006458992412548,-0.6594883689445113,0.08861693174767937,-0.448679272487357,-0.1799121384732827,-0.6263842429589376,-0.148771396837594,-0.8015609426049989,-0.0902294301406654,-0.5386755733379702,-0.054357917991118325,-0.34893259088242085,-0.3583238624913734,-0.5040828660264661,-0.31663304600343595,-0.6760348255058749,-0.24467930107953717,-0.47676031435333716,-0.2055454455833749,-0.3195088553028835
A,0.0,0.0,0.27946398708093073,-0.20749428093188257,0.44786140110513745,-0.5051955720525549,0.39567505071419423,-0.7773498330920233,0.32140484976255973,-1.0,0.19288812724009488,-0.7344036561176529,0.17706077047410226,-0.9448768592735125,0.20862718407624642,-0.7434585334509419,0.2456466452288866,-0.5395141381046096,-1.0041954723077753e-17,-0.6870669921620264,0.0067512440104889925,-0.8955729892341406,0.05406837017436216,-0.6424088861896584,0.09830218301372949,-0.4247254800249863,-0.17852526910246608,-0.6023847700445537,-0.16077769714421936,-0.7819819766131668,-0.09831990465895259,-0.5190831303350505,-0.051537724169174036,-0.3260016054658883,-0.35186294986130434,-0.47751094936788463,-0.3254994178113193,-0.644225806303175,-0.2533257322993186,-0.4423472951936242,-0.20413043099125136,-0.2847966294293891
A,0.0,0.0,0.26092050103243114,-0.2197787048902446,0.4281656769540128,-0.5080485971545828,0.3838795476303331,-0.78102572349599,0.32201321059853155,-1.0,0.1839293175549824,-0.729173359884851,0.18092546360875467,-0.9334297339307489,0.20220922633420585,-0.7238833843516299,0.2200903855848164,-0.5250599295059515,0.0,-0.6838805378953813,0.01247324800443855,-0.8908930336403275,0.05459517105857339,-0.6351954139738973,0.08476736510819405,-0.42867534155461173,-0.1758714170440322,-0.608021677726512,-0.15220100397150585,-0.798983016136548,-0.09856730899794372,-0.535212213703456,-0.06785707883428928,-0.3423440676632352,-0.36302745479825527,-0.4993292389019584,-0.3153098525747557,-0.6636515649485447,-0.25305317544126854,-0.4700263761953133,-0.22421433455900347,-0.31764175504464764
A,0.0,0.0,0.2723667298254275,-0.22668346664029246,0.43961849462962715,-0.5132643946498444,0.40541305936192507,-0.7782120123819815,0.3372349799213459,-1.0,0.1833107051681947,-0.7422124462037956,0.18001881502040493,-0.9512862223300943,0.20681947873237133,-0.7492998499171156,0.2350261730150102,-0.5480722336616235,0.0,-0.696767951118561,0.016796308265970582,-0.9108135769475464,0.05575055809569718,-0.6609564194170244,0.09126340265403127,-0.4434080619403952,-0.175852733605366,-0.6138407709975388,-0.14884038142582873,-0.7998982456867105,-0.09102010395152926,-0.5360874527550861,-0.047930481613936524,-0.33548904609895264,-0.3535679730670693,-0.489774590551514,-0.3141644096283333,-0.6756230919676125,-0.24161155104123205,-0.48157494073706636,-0.196522565930755,-0.3163136490887921
A,0.0,0.0,0.28646343341691544,-0.21091304904044514,0.4579620196405372,-0.5032346016900973,0.42252965643824725,-0.7739983199982426,0.35775742713729547,-1.0,0.19447005983271887,-0.7521536749736103,0.19648869916012626,-0.9494302681532062,0.2255438394858296,-0.7413837313696144,0.25073776225534805,-0.5347047214244164,1.0040491414799665e-17,-0.7107606877235448,0.025384673087168897,-0.9176287488130834,0.06728703789482773,-0.6581283505073069,0.09665918511151783,-0.4331473936191982,-0.1812803197532542,-0.6294719053492047,-0.15139127774507574,-0.8125257421678366,-0.0905780049515673,-0.541996327012406,-0.05342721933130537,-0.3377841505998842,-0.35958846712385834,-0.5058789191497396,-0.3208556720012795,-0.6743781080909672,-0.2476262946501624,-0.4685469345281149,-0.20519047277281216,-0.30304718864026237
A,0.0,0.0,0.2894917464386786,-0.2052574850457384,0.4696788943625121,-0.49736349632101884,0.43963857105125864,-0.7686277240823625,0.38657398847772717,-1.0,0.20088055267467345,-0.7794057744116423,0.21884599339446176,-0.9769171804382142,0.23898817866070193,-0.7545165882926825,0.25358310758545455,-0.5351301265371146,0.0,-0.7361500475054173,0.03382501559059104,-0.9375706223421072,0.06737950818905108,-0.6698185641578621,0.0946979103178743,-0.43204477061244284,-0.19117820033162033,-0.6488007434515659,-0.1467492429476008,-0.8209258791680565,-0.0945831237877545,-0.5486268109549077,-0.06193118274620286,-0.3335561749553894,-0.3816654671503668,-0.5173872558214844,-0.3316753390684439,-0.6984922395233949,-0.259333829119806,-0.48973524568129767,-0.2195427030565083,-0.3094001666673677
A,0.0,0.0,0.30269872767796807,-0.18881178293412437,0.4900474999570416,-0.4893345663241633,0.45064136630833984,-0.7688990583667538,0.38728999286519256,-1.0,0.20665069913993497,-0.7703683777232474,0.21952175421492656,-0.9727308001881302,0.24359903547127285,-0.7523391952085606,0.26901544626765833,-0.5365491202945313,0.0,-0.725116950755435,0.020844149835500793,-0.9281917735731144,0.06789960485323183,-0.6475487237183207,0.10699208082725586,-0.41414840125287106,-0.19461358834597267,-0.63231734139829,-0.1715407031225225,-0.8095832048065784,-0.09842286005226687,-0.5269626830452915,-0.05145592815540384,-0.317762519516868,-0.3842573218318291,-0.4946104300713066,-0.35404537875577025,-0.666648880110224,-0.2648690326571921,-0.45450710057745813,-0.21022383371223496,-0.28791977135315433
A,0.0,0.0,0.2973573088225927,-0.1740984610711201,0.4825475144289805,-0.48776440226074724,0.44605685220900526,-0.7731211045672338,0.3783542583107263,-1.0,0.20606899649580288,-0.7588888348360213,0.21247622955380654,-0.969112169906352,0.23616518549636012,-0.7463883020030831,0.25830288008181435,-0.5316016043786709,1.0589858319992909e-17,-0.7171021199130726,0.021761061816604896,-0.9372724740921178,0.06417035304916867,-0.6610773412559193,0.0937693927515983,-0.42335012267587835,-0.19340755929942507,-0.6338281466953855,-0.1661987960713327,-0.825297190880009,-0.09931344445611819,-0.5366800683177979,-0.0612565532346295,-0.3201388426308322,-0.3865520182694322,-0.5119559592204794,-0.3514729785097121,-0.6872969739098383,-0.27496786474959467,-0.4656434822877283,-0.23201418827011272,-0.2929540831738211
A,0.0,0.0,0.3019351017240422,-0.19054721192987226,0.4792436444837549,-0.49714426773998455,0.4387861427208652,-0.7776519671787698,0.3855574394440013,-1.0,0.19867157661020607,-0.7568293123449834,0.21311509031419168,-0.9373181390837431,0.24113881240626336,-0.7200559852234953,0.2604906338819849,-0.5068398026578502,0.0,-0.7172642903733216,0.03238607104578579,-0.9027740362694122,0.06923331652306002,-0.6416415742867998,0.09666404068754744,-0.4109163673601448,-0.1812365234793296,-0.637069205402982,-0.15323400538695983,-0.8119966514180067,-0.0977847419576586,-0.5393391539141182,-0.06091110464405703,-0.32710723044296713,-0.35811299411807523,-0.5111723413856368,-0.3273830152755337,-0.6698559925254648,-0.26090298640496057,-0.45946556140630146,-0.21629387614112797,-0.29154951158674913
A,0.0,0.0,0.3036023178439452,-0.2017418157738623,0.4708541804602009,-0.49957460501003303,0.4250639782685069,-0.7767877677837174,0.3647190833766777,-1.0,0.19663548851116805,-0.7462574073209224,0.20850564893781093,-0.942888261124538,0.2338992319183737,-0.7292161657931217,0.25728870822111466,-0.5154158506711114,-1.0238625235455851e-17,-0.7069655949634681,0.027490696803029898,-0.9014983323789172,0.06539844474471491,-0.6434893005332862,0.09883554848585188,-0.4142507154686939,-0.1847283600027913,-0.6265765679134719,-0.1512296616901844,-0.8114559298580246,-0.09334346389099041,-0.5421272424588747,-0.0538922094375723,-0.32783206052723285,-0.36633367641181974,-0.5032713687429748,-0.32053838698275505,-0.6729537984634467,-0.24908201376365727,-0.4693072340810353,-0.20333466142790213,-0.29851587359532655
A,0.0,0.0,0.30867638981022016,-0.1504174628710808,0.49136554591038045,-0.4769619465015197,0.442886661639791,-0.7728356633838298,0.3772763915974881,-1.0,0.21037242717388807,-0.750505968313,0.23933555796610026,-0.9429269322549297,0.25932491898483795,-0.7201978319193038,0.27889095583877643,-0.49860129475821563,0.0,-0.7136393163998226,0.027051451814328515,-0.9245277350062103,0.07485654747603455,-0.6445160458404909,0.11498212748875242,-0.4053509829336389,-0.188916956908081,-0.6362568563708468,-0.16168609794196068,-0.8046063694987055,-0.08818353793490005,-0.5196301073747561,-0.045957770118798355,-0.3145066348279364,-0.3830820051013342,-0.5254723041449145,-0.3361058476875369,-0.6705196188030552,-0.2569169896134744,-0.4409759707507377,-0.21389881750602138,-0.2810277684715418
A,0.0,0.0,0.30256685922048954,-0.1769697762383181,0.4760489420569035,-0.4923084552871847,0.4379382084758838,-0.7744459868028356,0.38401714258424496,-1.0,0.1990318963376682,-0.7403822978331727,0.21282883246951603,-0.9584705468994094,0.23932264345959395,-0.7447093230405659,0.2603937731093548,-0.5260390781416353,2.0659183433293037e-17,-0.6995963870967253,0.021707254906427925,-0.9197027714871703,0.0650006492701615,-0.6499940838029837,0.10153514094538342,-0.41232587009528066,-0.18792002691066262,-0.6199991973177643,-0.16087588663511343,-0.830295133665345,-0.0966951132627877,-0.547990303723434,-0.056213201066193125,-0.32712625781937527,-0.37836282450810943,-0.5018867852563793,-0.33259124560152287,-0.6819125220240541,-0.2604751776149396,-0.4735158414455143,-0.2168593391945061,-0.3016234657743047
A,0.0,0.0,0.2908900058987731,-0.20982677110507938,0.4630287272384014,-0.5029900273611501,0.4180511026304706,-0.7752078506036932,0.36254822567900247,-1.0,0.2073124494032088,-0.7653666601342056,0.20664748772904054,-0.9789411033375949,0.2302789940394549,-0.7625569176518027,0.2582588853966112,-0.5419561506592179,0.0,-0.7243306451972138,0.02236532293795141,-0.936299359797502,0.06925655531041487,-0.66323339071739,0.10891819839461693,-0.430903151920777,-0.19027304725319194,-0.6397016396578958,-0.1618565111242026,-0.8409137360447503,-0.0946694681114357,-0.5575495255103062,-0.05303656390628772,-0.3456727307521222,-0.37843470250626626,-0.5120664791174871,-0.3282109212531852,-0.6915221561394542,-0.25397693799128895,-0.48418745632535853,-0.21508305921514714,-0.3189448166644946
A,0.0,0.0,0.2942837846832644,-0.18314408640184052,0.4747969741525467,-0.4962356595183614,0.4327716257381966,-0.7780042365326005,0.3720858248570123,-1.0,0.20344205477566069,-0.7484476211361516,0.20978846710147447,-0.9667855146167877,0.23063701615357113,-0.7437159699374825,0.25486378058289416,-0.5341731799261153,0.0,-0.7031547593345826,0.0193837214274313,-0.9299969416451803,0.06163013848688163,-0.658461409073839,0.0999376574289028,-0.4301702829504878,-0.182742203554596,-0.6307104845415021,-0.1572891068446072,-0.8401300728688887,-0.09219659481543968,-0.5554655501754581,-0.049801006274871,-0.3415655852561023,-0.3692605754954587,-0.5261582640754012,-0.32868596213161455,-0.7043696217945455,-0.2527079410420195,-0.48342190116459044,-0.20666262680675634,-0.3093204364328606
A,0.0,0.0,0.3108670322692691,-0.17873362000559512,0.49007724153497073,-0.48481742351195356,0.44037954319779604,-0.771884093085117,0.3791176945369031,-1.0,0.20659522583939363,-0.7529392265014611,0.20242716597610114,-0.9720609614018793,0.22546972600905102,-0.7482519484963652,0.25367434403556244,-0.5298333527971274,0.0,-0.7049864387246839,0.01023213742164654,-0.9187744479658048,0.05656386206678446,-0.6477946638666099,0.10325539259536169,-0.4097579770952302,-0.1814312755136486,-0.624202053375949,-0.16550516924565595,-0.8156295071054646,-0.09607790996800268,-0.5309702593767683,-0.04472904160039976,-0.3100477365520416,-0.3624345733355818,-0.5100589937421109,-0.33196310401937273,-0.6723547922192201,-0.25403999426247104,-0.4502515187105503,-0.20008872687734353,-0.27563270741152995
A,0.0,0.0,0.2807450856616702,-0.18665834491751698,0.46259159032831537,-0.49683521895783667,0.4167332327937664,-0.7735230845860188,0.35710913746739303,-1.0,0.1950910714611035,-0.7348965272652274,0.19018142444838904,-0.9580281533950211,0.21516235565221475,-0.7414025138059562,0.2478173686699862,-0.5286158623225493,0.0,-0.6833542753145785,0.008607081896252495,-0.9149030750241185,0.050814800996523475,-0.6479941826292374,0.09368133091884588,-0.4166073656311178,-0.17792752368930714,-0.6061034045869458,-0.16937268919296158,-0.8194125889585121,-0.10371403757092361,-0.5330746881445865,-0.0532765911019761,-0.3192095003536311,-0.3584292840555881,-0.4983511099028247,-0.3320253340086939,-0.6742475192899929,-0.2597959771815691,-0.4586774150138275,-0.21120891885045281,-0.2919157932543268
A,0.0,0.0,0.279583217270401,-0.18533758250806234,0.4637365048275877,-0.5001035101173296,0.4198100197000141,-0.7798764904623432,0.34084232433410216,-1.0,0.19338453781617554,-0.7334206093482366,0.18623280593476224,-0.9503996085930582,0.21265200350180305,-0.7302090835309436,0.2455879807062305,-0.5218631104996638,1.8900303534112526e-17,-0.6770049788101009,-0.0017548948992256858,-0.8958574591380901,0.04620579503935995,-0.625572591772468,0.09588773069485336,-0.4002140211650125,-0.1767587946734532,-0.5952088214233687,-0.17239805227789276,-0.7887204543673447,-0.1005270268905783,-0.5053378171760167,-0.04634675411627241,-0.3009691092171546,-0.35839872156637925,-0.4844639015894361,-0.3288177744375246,-0.644643430831578,-0.25151929048072996,-0.43395237717196483,-0.20147405920011027,-0.27502073953416367
A,0.0,0.0,0.26820425150165994,-0.17184112028606124,0.4569712537566375,-0.48633956344949747,0.41621829181725395,-0.7733021643201117,0.34011618992272413,-1.0,0.1950406717670832,-0.7472056462038292,0.184591497979929,-0.9529749020520741,0.2041069628185302,-0.7263506008498642,0.23466201632805972,-0.515906822099887,1.8774792936526737e-17,-0.6930105178136592,-0.009323070282131458,-0.8995535697472747,0.03870415756968479,-0.6224712395124972,0.09242241246414527,-0.3983129300644948,-0.174870970452868,-0.6102313827408706,-0.18784497879038697,-0.7872233710617242,-0.11416980178954211,-0.49572121386410745,-0.053425019194473296,-0.2912269989665879,-0.3515885259447817,-0.498400469893473,-0.34057010858490755,-0.6495599088630525,-0.26557683384598607,-0.42924016951661453,-0.21104299897622852,-0.268839151053811
A,0.0,0.0,0.2671432294567221,-0.17786553021793927,0.4540780666251341,-0.49157995750867817,0.42293586009145656,-0.7747818267007879,0.34794564564670116,-1.0,0.18810929713443536,-0.7251193693683983,0.1828620978450346,-0.9475826371801038,0.19865348648707276,-0.7402221810061889,0.22216368390360486,-0.532946261031713,1.8487826878469228e-17,-0.6738980372727685,-0.0030953157930773234,-0.8911454594744087,0.03928159544688926,-0.6299196151569343,0.08405528588839803,-0.4049498906199191,-0.1704188844648076,-0.5968043131458445,-0.17505342098290763,-0.7851577886291821,-0.10992471864069885,-0.5068184953075969,-0.060290165755860374,-0.3022547388909702,-0.34699786284221995,-0.49301245758469536,-0.3286247090074562,-0.6443442161130628,-0.2586297151315816,-0.43376893991595894,-0.21202893367344963,-0.2761207282196871
A,0.0,0.0,0.2786279513075048,-0.1897238798683435,0.4686310303701472,-0.5022461829891676,0.4283738728045583,-0.7830343867262056,0.3490073834489357,-1.0,0.196338247937239,-0.7358657683231472,0.18035929339063667,-0.9519695449605261,0.19788684524915484,-0.7349926920890016,0.22670640488500457,-0.5275793676370898,0.0,-0.6801448206862901,-0.011741585057579924,-0.9014307947854211,0.032825428370786856,-0.633197741416956,0.08116508805519576,-0.40675023884294703,-0.17446165021739038,-0.5925482667127416,-0.18966446882736793,-0.7834272436862684,-0.11947585668979786,-0.5015616824692506,-0.06362172452957307,-0.29956599076120655,-0.35163319997676634,-0.47366264781733164,-0.3483396618238002,-0.6273875427855811,-0.27006551253643685,-0.4167146255304121,-0.21223848640455853,-0.2616546162457349
A,0.0,0.0,0.27376319635050583,-0.18971503570522222,0.4632781053106123,-0.500707128437965,0.4197915869080453,-0.7823007978595812,0.33325098470632386,-1.0,0.19562560821407954,-0.7288981623128359,0.1626721201228937,-0.9437976372706421,0.17798117192197724,-0.7357318055915973,0.214479497982623,-0.5373035881623136,1.877223933623216e-17,-0.6744051500303723,-0.031204725831164418,-0.8892590565812621,0.015418761948383668,-0.6229671630732143,0.07507656704738339,-0.40750161395833484,-0.17273059649732575,-0.5910330316690046,-0.20543841952571715,-0.7743357862925365,-0.13197221229050632,-0.49545321136334136,-0.0648676015729644,-0.30064855034248184,-0.34421850406383386,-0.47902741711871333,-0.35172516486218713,-0.6248774894180873,-0.27324814028353545,-0.4136721747098379,-0.20859425853837785,-0.2623048234320157
A,0.0,0.0,0.27874178318494425,-0.176227896861346,0.46816273682206866,-0.4892410428019138,0.4277941914569641,-0.7850993888635325,0.3330630263287952,-1.0,0.1949525559938408,-0.7171418029299447,0.16222396249207574,-0.9340076499234616,0.17434925305168,-0.7225411118990946,0.20928157603016823,-0.5292151087920423,0.0,-0.6691288992175655,-0.03259582503312355,-0.880680219258279,0.01773367464418765,-0.608794466741088,0.07578523210094838,-0.39901386219575674,-0.1669680839205622,-0.5917054446585095,-0.20252344044640558,-0.7763922732359279,-0.12785536853568738,-0.49166639097701115,-0.06470340123932466,-0.29981816293803637,-0.33223259892777,-0.4870350996117505,-0.3447482040171681,-0.6202396848220966,-0.26720547515268567,-0.4046319085326686,-0.20221642850377977,-0.25891978696597173
A,0.0,0.0,0.276554481950626,-0.17979774540331486,0.4661515677740093,-0.47718751372112556,0.43433974900118755,-0.7755903662743057,0.3520436214840393,-1.0,0.19750602183679022,-0.7061455651538417,0.16194794148766622,-0.9182368169920695,0.15901048260630102,-0.7152030896193231,0.18774514243580623,-0.5139732644714293,0.0,-0.6579600915072644,-0.039988916599543796,-0.870404559710703,-0.00357108234929669,-0.5962305531600252,0.06124639042497707,-0.3736792492205179,-0.1642086155196011,-0.5710738708601567,-0.20523846811079743,-0.7445887100600073,-0.14257874739984713,-0.4639191489563265,-0.07560404277295961,-0.2688269280210381,-0.32111093303366756,-0.45354852008651325,-0.343557555896567,-0.582898940975107,-0.2766516063113851,-0.37586025771119724,-0.20952061031720406,-0.23066277215592818
A,0.0,0.0,0.26308454992991825,-0.17248515843369872,0.44783665463692346,-0.47977547424202954,0.41064821169273696,-0.7723710160927708,0.33271189477542995,-1.0,0.1947050368769508,-0.7173561278423245,0.15813623626069614,-0.9202429801839723,0.1641747873303171,-0.7103610585805653,0.19615402417340652,-0.5157467242288226,1.8662316885945152e-17,-0.6706971883728444,-0.04714824099166937,-0.8633399102593918,-0.0010008258049041638,-0.5895268489518504,0.06299226680385177,-0.3826993232653591,-0.1659659573906384,-0.5886137585897594,-0.2143998571654133,-0.7452979785595991,-0.13991540092884905,-0.4600536222073941,-0.07022803109995872,-0.2750267423139948,-0.32798458443689626,-0.47736410169876503,-0.35534322457884837,-0.596068975811015,-0.2778351832312802,-0.3760924693618216,-0.2092547826783495,-0.23572399801713753
A,0.0,0.0,0.2666270836729213,-0.18562793211211812,0.4484898411469192,-0.49012997459319096,0.4080571649094665,-0.7760654322820495,0.32264099321106704,-1.0,0.19414012068161204,-0.7180801695736756,0.1514357975120479,-0.9247451239319244,0.1501184140562593,-0.727893359583346,0.18475716870073033,-0.5312836186108031,1.8971530916014802e-17,-0.6697709251812021,-0.05513358366207889,-0.869737155862932,-0.018536731143682626,-0.6110691956600197,0.05073043549867148,-0.40077156042010004,-0.16664212104412493,-0.5897826541036003,-0.2264843873538052,-0.7615640860283039,-0.1568376432296693,-0.48102267802030246,-0.079993655205455,-0.28950306723515234,-0.32794950386784494,-0.4794705512568613,-0.36357212113545756,-0.6060550192696386,-0.28606596021119995,-0.3902067360916095,-0.2097895711061968,-0.24457931447023618
A,0.0,0.0,0.255666564922656,-0.18424322603046978,0.4393842456984074,-0.49161507932511217,0.4072530557958472,-0.7770088930921654,0.32380331742895774,-1.0,0.18432122707667278,-0.7088579680233119,0.13850580630123524,-0.9183466468807253,0.14170541708197257,-0.7244740775134144,0.1778705363250006,-0.5450139026341025,-1.8621678753214335e-17,-0.6639117536034854,-0.055577071813476715,-0.8568230635620679,-0.012779240035550532,-0.5937876808502179,0.0551486387043769,-0.39935886178090707,-0.15815979328490265,-0.5911668325145855,-0.2194635386196361,-0.7436788313005299,-0.14961436433012798,-0.4672100408875737,-0.07661656231102199,-0.2924801366806851,-0.3143662589429913,-0.4918076866586785,-0.3547661551879804,-0.6113942831580694,-0.2803362682513806,-0.3988974986010283,-0.20916628536908644,-0.26315151384233176
A,0.0,0.0,0.253357847696887,-0.20563699688706671,0.4234392689774444,-0.5070169986461941,0.38863339999452506,-0.7815229243749354,0.3122046128876507,-1.0,0.1818936124396065,-0.7114908713785564,0.11867190163568515,-0.9172042486250412,0.12179152161353463,-0.7325422085375807,0.1616482512127806,-0.5476783566455101,0.0,-0.6585853712485703,-0.07400626454425012,-0.8483483840511427,-0.03249867884024707,-0.5986155296981852,0.0412818426827642,-0.4000195132489923,-0.1584305440096505,-0.5772794192919559,-0.23524637528483644,-0.7318649974203753,-0.1648185452762948,-0.4674925886137442,-0.084613089830665,-0.2897996021352618,-0.30947183216097407,-0.46740644733450876,-0.36779297542099004,-0.5918405413053869,-0.292095728665077,-0.3961109013213263,-0.2132273975232229,-0.26283472617658354
A,0.0,0.0,0.25882848033316036,-0.20232289044816615,0.4283011864604496,-0.5054078140455638,0.39424916631047024,-0.7800294875828255,0.322038586341154,-1.0,0.184997904768754,-0.715107538534196,0.131313354761016,-0.9088285092823772,0.12824716952054505,-0.7216468354551868,0.16034748977229304,-0.5448403548252677,-1.8435553797914154e-17,-0.6605294408854411,-0.06744137484523384,-0.846325939678016,-0.027117016590524023,-0.6029031361373322,0.042450463953988375,-0.412850022737205,-0.1572346011318941,-0.5791831998775699,-0.22698890135783975,-0.7231708308567866,-0.15559192933725988,-0.46562903817293944,-0.07866912845325515,-0.29642749868003815,-0.30690226200333853,-0.470827987144841,-0.35631353236515817,-0.58972366332203,-0.2817320960307576,-0.3990042764447532,-0.2059196365235644,-0.27190214201817614
A,0.0,0.0,0.2578107142399199,-0.1940207288394484,0.4289144317561691,-0.49501879596508785,0.39992294937821404,-0.7801742165089991,0.32058535912870895,-1.0,0.18518259820533087,-0.7094745255807483,0.12047410787457756,-0.899099112426039,0.1205865144344754,-0.7146824898028196,0.16660866796515933,-0.5452050305163771,0.0,-0.6538624509857152,-0.07151507044965903,-0.837434092383419,-0.03327425826730283,-0.5919399389559078,0.04258994617796102,-0.4053799196273256,-0.1596166994237208,-0.5725031889092291,-0.23479076204129995,-0.713040774940578,-0.1694020967507868,-0.45403843646309466,-0.09004800490578677,-0.28728982668214886,-0.3109091939726562,-0.4656130605385593,-0.3659385914984905,-0.5761320864809798,-0.293837012307695,-0.38245598803352737,-0.21428714751578354,-0.25614192829244614
A,0.0,0.0,0.2511262824621727,-0.18507979382504927,0.4183348033756937,-0.49033693950886753,0.3825263325877458,-0.7769951212790441,0.3095491443211235,-1.0,0.1851745507667612,-0.6941640283311047,0.1223433885085126,-0.8893200131573792,0.12611536480817795,-0.7012598461095357,0.169708559450108,-0.5354221373087742,0.0,-0.6396686999880686,-0.06799165621375482,-0.8219386023944002,-0.024883406948695064,-0.5728090437433732,0.04805389919455865,-0.40072551304426823,-0.15870469591163075,-0.5586828970376637,-0.22715867093604314,-0.6988643968105934,-0.160508729749769,-0.4391514369606459,-0.08459576519177264,-0.28639299410984453,-0.3101278216535102,-0.45187004766491423,-0.3588966592165817,-0.5555383813283292,-0.28724892563649357,-0.36051165647053446,-0.21272509210620316,-0.24491070690337047
A,0.0,0.0,0.2389479973117384,-0.20386641970522748,0.3993907262246447,-0.5035715125731307,0.362372450559656,-0.7823256461522133,0.2809673951768374,-1.0,0.17802168220293035,-0.6898347430573829,0.1123143785866807,-0.8823015032524283,0.10514152840096881,-0.7010189939888806,0.14357566565986418,-0.535022474706919,1.8081030500214764e-17,-0.6332420761884417,-0.07295788188757464,-0.8133882216036313,-0.04270279920442359,-0.5818883083976422,0.027800234953144837,-0.41179364571344484,-0.155782491005147,-0.5497355002483861,-0.23213422498590955,-0.6960953461430593,-0.17153073643957348,-0.4513271667109613,-0.09371231388629657,-0.2997974666352896,-0.30569920988989924,-0.43737184543904123,-0.35958269723052705,-0.5484772473566116,-0.28758330261655407,-0.3724306802095685,-0.20951131196216924,-0.2605137169661473
A,0.0,0.0,0.2523272413239186,-0.19523027801144624,0.4053256432793362,-0.4997125699890461,0.37201056152259127,-0.7819645691760368,0.2998896817996532,-1.0,0.1837150119574898,-0.687454096175531,0.1253545391911856,-0.8822163452437407,0.12295742039799097,-0.7099208384447868,0.1615182449157406,-0.5416635407675944,0.0,-0.635755546281961,-0.06625212290495215,-0.8200322809247328,-0.031179043996249697,-0.5828291124515504,0.035731066288601745,-0.3987960135649974,-0.15872534970580485,-0.5512533282674847,-0.22840768307068005,-0.69719158569365,-0.16064459948045676,-0.44292132368194354,-0.08671267426323638,-0.2806433744513922,-0.31061651202927915,-0.4345891510073667,-0.3601251379406585,-0.5513664221430152,-0.28467440120463805,-0.3616638345876271,-0.20911248128630258,-0.24171122812063278
A,0.0,0.0,0.2570961056366214,-0.20489441874569664,0.41925608324564423,-0.5050951026421542,0.3875252613380649,-0.7853623178870411,0.3226572412827163,-1.0,0.18185199147458175,-0.700133146229934,0.1224835454774433,-0.9020209312465083,0.12017272945233476,-0.712226375624861,0.1603254793283379,-0.5414072826936617,0.0,-0.6402479338566059,-0.0672544562715167,-0.8283441792474596,-0.0272499709034275,-0.5859191250159442,0.04728092599550491,-0.4161319362211159,-0.15669367104407816,-0.5565730270903544,-0.22415878602125752,-0.7025020187672232,-0.15675685243984983,-0.4493532685457237,-0.07707561246117113,-0.2951607529041992,-0.30363891684793537,-0.44651214478417073,-0.3500586548951879,-0.5624999065155167,-0.27831264976574926,-0.3751723103456503,-0.2022356800605681,-0.25348014122044127
A,0.0,0.0,0.2541506244890538,-0.21184276337237457,0.41820742953807205,-0.5066914530088802,0.4012811072545801,-0.7844415000844828,0.3362692921091059,-1.0,0.18216209873139616,-0.7063565422122565,0.1368124067164267,-0.8808527818831662,0.14679128775430098,-0.7084939302878687,0.18982400716008713,-0.5694393824280456,0.0,-0.6591486193147792,-0.05304768058375323,-0.8266676606786394,-0.004688226689540855,-0.5972904695546171,0.06538420147458084,-0.44355704344353064,-0.1581638087238024,-0.578210630658195,-0.21239750597219398,-0.7068201636872352,-0.13673009904206537,-0.45984743271565043,-0.06336813607700718,-0.3157148753353777,-0.30891476105983556,-0.4632418155756692,-0.3492303613307899,-0.5654538214161202,-0.2682125946553078,-0.38231402512269597,-0.1928073865581436,-0.2699194704637204
A,0.0,0.0,0.25007558843792543,-0.20800164308424277,0.41092209772767885,-0.5196208317877832,0.38880282188911225,-0.7862134486711266,0.33419062669576943,-1.0,0.18567811567417433,-0.7022760064039067,0.14650669405847005,-0.9070576529253512,0.14074286456258586,-0.7547877151837672,0.17246276678956948,-0.5869923274466047,0.0,-0.6453505509858849,-0.04629553666626105,-0.8414460111590776,-0.02141909523068979,-0.6140112783858882,0.04251406276854812,-0.4234364182759108,-0.16429689938197073,-0.5590847330849572,-0.2081067704469544,-0.7027168818754301,-0.15116609080798218,-0.4540535368402041,-0.08154572162333397,-0.2871136439997366,-0.3195776147457863,-0.4411667592858858,-0.3549784550719978,-0.5712172963509012,-0.28641323445137257,-0.38450811914162514,-0.2179952138685266,-0.2548765594647217
A,0.0,0.0,0.25129167344595926,-0.21747215215424368,0.40832173977451147,-0.513295700893321,0.39773589782331786,-0.7801702627993136,0.3422398572230486,-1.0,0.17811585130298138,-0.6992766362130262,0.14810834435136241,-0.9144557384957476,0.137705835593385,-0.7675321395408969,0.168333165044058,-0.589061439785722,0.0,-0.6431922291221224,-0.050091363641136,-0.8458423512743785,-0.03924587985081944,-0.6275985931568854,0.024490013245778628,-0.429392359497028,-0.16245747148143205,-0.5562683296285766,-0.2167095068975227,-0.7077560671358325,-0.16690937272424616,-0.4682720917813966,-0.08976559456549556,-0.2967793299823232,-0.31735458049313725,-0.4367030791611806,-0.3578502449208037,-0.5595769848432921,-0.2917760194903027,-0.37972064037405273,-0.21438951339204887,-0.24947101543098493
A,0.0,0.0,0.2623795098695461,-0.21853379017445226,0.4246612285713073,-0.5169882066357032,0.4053856151309282,-0.7817697605598083,0.36060009573724955,-1.0,0.17860191984287702,-0.7130176465499467,0.13973941436749077,-0.9333687109882105,0.1478333560244767,-0.7795478064205996,0.18619978245594518,-0.605973981404088,-3.7660309970974243e-17,-0.6499421479455401,-0.05541530664114886,-0.8397926327135903,-0.021275486335896782,-0.6101494964622753,0.046724300850740974,-0.4179333444555288,-0.15978935677874498,-0.5582451333052213,-0.22019371954129346,-0.6986832236419331,-0.1524811428142897,-0.452828453395105,-0.0723765282827028,-0.2845543231140199,-0.3108608802350148,-0.4352767880750559,-0.36123650409410846,-0.5574024275000299,-0.28527915698615147,-0.37635674452979156,-0.20666799350290485,-0.24766350822404357
A,0.0,0.0,0.2607527724563614,-0.2157854842560317,0.42903916356682803,-0.5119406846684287,0.41515426604168976,-0.7781448453504116,0.3807373268763694,-1.0,0.1810267455173768,-0.7168632996380488,0.14862214049593836,-0.9378101102279449,0.14770510795621047,-0.7921546404171359,0.18310809207157902,-0.610377661218895,3.7891856643142856e-17,-0.6588295578369224,-0.05572705179581501,-0.852335791776949,-0.03035613888677191,-0.6236330273226743,0.039965062151607875,-0.42153365725172587,-0.16057373762313246,-0.5692172430479088,-0.22266425233512868,-0.714415100860428,-0.15876352795488818,-0.4642840157558309,-0.07338018076094747,-0.28824223338141103,-0.31315650429755487,-0.44346962279181024,-0.36338115062437853,-0.5544972920651136,-0.2850652975039251,-0.367673415454512,-0.19634388450570892,-0.23879577980440286
A,0.0,0.0,0.24495721358034067,-0.19902459536803305,0.4153199915383627,-0.5024038396542042,0.4049831608565416,-0.7759703518115487,0.3647292111123581,-1.0,0.18138192690606195,-0.7151922657822037,0.13429443498771257,-0.9380117424721007,0.11970026762326196,-0.7781889267874917,0.15350717365770794,-0.5974958273266292,-3.6993783201108377e-17,-0.6558221912377834,-0.06872140657210989,-0.8500414971870746,-0.046379595623444465,-0.603615425835921,0.03034603730271975,-0.40482599826410137,-0.15723374687747957,-0.5660875243205058,-0.23020615716533577,-0.7039569018404335,-0.167684169426931,-0.44468862107674434,-0.07856359397003879,-0.2796291068085692,-0.30657560421053476,-0.444671492202417,-0.36318119786497743,-0.544678782833842,-0.28654735628416567,-0.3514984419859018,-0.19410148525035278,-0.23544770611651006
A,0.0,0.0,0.24690761599240602,-0.21059969853959837,0.40962317906452156,-0.5079045745878962,0.39709762250016317,-0.7780613582115403,0.3634936021078274,-1.0,0.17639593014924704,-0.7071649742441691,0.1348012878641899,-0.9299889672732585,0.12500649562113583,-0.791299974178241,0.15565177248154735,-0.6114625771688689,-3.6435696499005854e-17,-0.6452838097281083,-0.06173431642022943,-0.8334858421969935,-0.03210934734903241,-0.6085289478908437,0.03971527339615221,-0.40920767001224095,-0.15455438447696196,-0.5583215977223016,-0.21610378264313462,-0.6949835170959505,-0.1496074606279928,-0.44969722484985686,-0.06709638724158984,-0.27777880111419473,-0.30370272722366515,-0.44149700147182347,-0.3503337908610183,-0.554942660970406,-0.27415869366643764,-0.3700787783799208,-0.1903954726986293,-0.2430200882079394
A,0.0,0.0,0.24103881752758277,-0.20948977779665567,0.40812905891246026,-0.5017370522333169,0.4001730475223868,-0.7747071625308993,0.3624611333794579,-1.0,0.17345859209760858,-0.7011292342916753,0.1328627633298528,-0.9291696022280789,0.12364694909733404,-0.7984027840060649,0.15627785320179974,-0.6227852471503182,0.0,-0.6434894404766098,-0.060335035075324304,-0.8391994862232617,-0.036746750573191,-0.6091306539028845,0.03465409692945128,-0.4056353730472402,-0.15095714689643736,-0.5603250981955611,-0.21025141903084266,-0.6970010414605841,-0.1536445540680961,-0.4511864478033259,-0.07389549628619099,-0.27971542597265725,-0.29982088015474756,-0.44834237256644777,-0.3462700468805887,-0.5588011867271312,-0.2768519894795102,-0.3691243841077664,-0.1935138355367404,-0.24273092782814776
A,0.0,0.0,0.238660194842588,-0.21331639118875625,0.40640590321225506,-0.5065881245364364,0.39592744714159694,-0.7796321723406251,0.35114359972082904,-1.0,0.18115493569902708,-0.7097551121425202,0.12872487779630204,-0.933858880943552,0.11738155924858201,-0.7850690154618809,0.15257273148410344,-0.604532230600856,3.633852968592886e-17,-0.6476330663846287,-0.06155087440575198,-0.8450260278455625,-0.03670909746421178,-0.6141274139351872,0.03540966420755434,-0.41365909917848,-0.1592325151132104,-0.559787331540742,-0.2171172135678042,-0.7054146899010958,-0.15652586585561665,-0.4578269363290405,-0.07412657076239523,-0.28455699377288185,-0.31296927341901853,-0.44248323635631076,-0.35274464853243076,-0.5630102741340404,-0.27750023632526555,-0.3804658957321161,-0.19457167970481365,-0.25415435903358363
A,0.0,0.0,0.2668277130537716,-0.16939728590901185,0.4449484397350668,-0.488364240807347,0.4339451919007031,-0.777982892235996,0.3913022935629848,-1.0,0.19539000365170373,-0.6957338824699453,0.1686089364541553,-0.9135163445914583,0.17108493467746214,-0.7390151403205504,0.20107476232697383,-0.5474983572494718,1.907058201257958e-17,-0.6348136812252437,-0.04493717365169394,-0.8210392776580191,-0.004413897905811614,-0.5606607330398777,0.06093391991938843,-0.35154575820405565,-0.16367492955618196,-0.5474350575393451,-0.21288351928480134,-0.6854246590192905,-0.1363858532038266,-0.41410809239131097,-0.058546405199762355,-0.23443751763070478,-0.3165103416325749,-0.4322917588866328,-0.35276377485004895,-0.5295884807126635,-0.27363494571544833,-0.3206744042521936,-0.1982699107994286,-0.18884542268616228
A,0.0,0.0,0.24361189522670817,-0.1751281409896104,0.4213987418228367,-0.49195472232513004,0.4138901904608477,-0.773740468611131,0.3529501525339395,-1.0,0.18548709867120916,-0.7118482118350732,0.145478036506465,-0.9215444391278977,0.13585134855687378,-0.7371454632746889,0.1677044001417431,-0.5557419798747001,3.701483044461111e-17,-0.6511267115296574,-0.05412722366103352,-0.8395345836837642,-0.0233897643922301,-0.5810650009136955,0.049240364905264636,-0.3839680035516983,-0.160755953153736,-0.5632917321451456,-0.20899049993587676,-0.6918479585533783,-0.14163382329746077,-0.4234821087566896,-0.060223119930553036,-0.26037420862760763,-0.3122882700654513,-0.4498755881373167,-0.34505737314335144,-0.5448924334126656,-0.27166094006765473,-0.3389088188834743,-0.19460205495867358,-0.21936643110720427
A,0.0,0.0,0.2523573433354434,-0.20969794598454403,0.42139726294733776,-0.5085160018824112,0.40904448767147455,-0.7812366194819489,0.3515610846723774,-1.0,0.19114550436905062,-0.7176518048850359,0.14155982996190755,-0.9298786745205178,0.13311881717865334,-0.7445647593461575,0.1651279325451142,-0.5555269076621734,0.0,-0.6574640958914114,-0.05243679790279143,-0.8512616008316448,-0.027704028621765717,-0.6030591396868322,0.03912929535487741,-0.3983288868437004,-0.16852986920320803,-0.565417079739342,-0.21446387706781783,-0.7088093834166099,-0.14955742493491514,-0.4466041837297638,-0.06991468665669334,-0.2708023305362024,-0.3306931794380068,-0.44260375475925634,-0.35722327379852714,-0.5577700777633862,-0.2781970070416711,-0.3606627396441617,-0.19621334098174967,-0.23017498756832522
A,0.0,0.0,0.24767308952681177,-0.21215768677299474,0.40779532467001933,-0.520655387644872,0.3841956136958178,-0.7867108988442515,0.33101097239246785,-1.0,0.18499672553479335,-0.7259381662430439,0.12999296017625467,-0.9147130598966678,0.12562809753624987,-0.7428165003378716,0.1621888255672079,-0.5578567467723924,3.647020536942231e-17,-0.6588945833973959,-0.06203502935332556,-0.8337902420808041,-0.03147526796599651,-0.5975614185977588,0.04192293844068019,-0.3968135870478968,-0.1618286992520954,-0.5652468139008999,-0.21872088963186134,-0.6925255347989931,-0.1508547526825365,-0.4437460480111695,-0.06787304065954686,-0.27359775198063674,-0.31614157074429844,-0.4435918281610863,-0.350789834064216,-0.550849287956514,-0.2758826359383611,-0.35809923281988976,-0.19505939845986345,-0.23091680112968985
A,0.0,0.0,0.25391923552212137,-0.20328308271195747,0.42395021893016505,-0.5061790911861145,0.407897492097794,-0.7802826566016609,0.34629223879764315,-1.0,0.18977398029859724,-0.7268032636727225,0.13984310638374714,-0.9279939277175111,0.1361199593640108,-0.7377380711554788,0.16771308793943832,-0.5448256197161404,0.0,-0.6662832211090387,-0.06022406436782888,-0.846680132175915,-0.02831652500755039,-0.6028504405437519,0.040269921662540405,-0.3988525407525635,-0.1632044263455846,-0.5739731374532758,-0.2193202620857235,-0.6993629537462001,-0.15175677054577463,-0.4424644492701021,-0.07285090848537948,-0.2678389283124518,-0.31501731895631857,-0.452443880850588,-0.357430187782274,-0.5567236238037342,-0.2832546948241136,-0.361438879632201,-0.20353851833822637,-0.2310747769232316
A,0.0,0.0,0.2400952545488293,-0.20778374325838425,0.4047843073242292,-0.5064117069752306,0.3853849919237354,-0.7789038142431052,0.33067779361382327,-1.0,0.18528441304755222,-0.7201056293751339,0.12785867533445233,-0.9146701622687322,0.12269404413741428,-0.7346485151821767,0.15896516605566138,-0.5511529197965896,0.0,-0.6568455285027671,-0.06569763040132828,-0.8374641369312955,-0.03349141299954505,-0.5997561292401696,0.03628018973980562,-0.40340330505209976,-0.15933631441397947,-0.5649585607104558,-0.2205396122810136,-0.6963099564853846,-0.15379619014390597,-0.444054808788766,-0.0768828046825109,-0.2743852440092687,-0.31115018074568584,-0.4447684376618544,-0.35361516524694875,-0.5619901872610139,-0.27748559763201036,-0.3748417375043632,-0.19999478442856086,-0.2490067234546007
A,0.0,0.0,0.24559628802837455,-0.21564812667496222,0.3990189494796606,-0.5155140414805855,0.38142254094808137,-0.7830009146921738,0.3230036143039417,-1.0,0.1833568299640756,-0.7187331144282331,0.12377954033989841,-0.905810733902862,0.11743303788886938,-0.7296901011428233,0.1497266150516935,-0.5415854049080737,3.626649767371595e-17,-0.6547864221555749,-0.06904596721325656,-0.8180802719520518,-0.033556542255169367,-0.5821969147817014,0.0383749166500535,-0.38154157511142067,-0.16187278367469154,-0.5619837962467955,-0.22149251390532912,-0.675629289956142,-0.15174841727797328,-0.4305864772773815,-0.07505575066977765,-0.26007318475405744,-0.31635586292528145,-0.44318466475172796,-0.35810991435640577,-0.555243766494639,-0.2847388566909306,-0.3665777467858677,-0.2130845646876397,-0.23447517126021053
A,0.0,0.0,0.24588902015001554,-0.20506507565398843,0.3998495964071417,-0.5088923197585722,0.3839688854291396,-0.7824151798413448,0.3272352256029866,-1.0,0.1860910927565662,-0.7178213386970204,0.1271921376423586,-0.9076512784692679,0.11810396358185694,-0.7279634449197327,0.1541005772792973,-0.5406691504453798,0.0,-0.6559635935604896,-0.0743535167661155,-0.8231900876711459,-0.034208475049065004,-0.5797332266135236,0.04361927913723994,-0.3817782257857519,-0.16215593244342014,-0.564597889823092,-0.22969673956951378,-0.6891265526009509,-0.15628452989708375,-0.4368259458318124,-0.07586910188605173,-0.26924139025140387,-0.3145002271719399,-0.4432760974424906,-0.3646385874585881,-0.5545796674038669,-0.2894916521506056,-0.35620108956757995,-0.21293590770026138,-0.22723350366573075
A,0.0,0.0,0.23679119684299854,-0.20796074256639085,0.39311564665232945,-0.5158954745949978,0.3870903334774719,-0.7855521126115792,0.3284633289198651,-1.0,0.17847449899795703,-0.7126131547744219,0.1276449699116517,-0.9079467529143873,0.11374192122061935,-0.7384834773477983,0.14302060627129787,-0.5618514860236271,-3.6560295290587125e-17,-0.6524256899457355,-0.06670035029731478,-0.8206151684366043,-0.03690512782324069,-0.5802833963878606,0.03560661681078282,-0.38992549983196206,-0.15605302368122914,-0.5613937753588892,-0.22488042099176314,-0.6920604761183812,-0.16098444994143812,-0.443416027970621,-0.08356232951023126,-0.28074365274338253,-0.3051148243779055,-0.44079068762830853,-0.35580052587847627,-0.5523726568124083,-0.2848188438694931,-0.36367744546520936,-0.20808578558432358,-0.24208741768405578
A,0.0,0.0,0.24613579071017613,-0.21068105935192574,0.3918226104408053,-0.5213586556894013,0.3971894936436705,-0.788706344561974,0.33186641552856844,-1.0,0.17917224695068362,-0.7139915292084639,0.12629736643892392,-0.904383474895445,0.11482526243711225,-0.7424605329634204,0.14577020763354928,-0.5583224456254708,0.0,-0.650912878680884,-0.06528388204118002,-0.8142280151720953,-0.027735983924105912,-0.5824603164139865,0.04608486135439744,-0.3860771791157217,-0.15817316019621408,-0.5567900052335074,-0.21814744932296573,-0.6863800731650456,-0.1474032864736771,-0.44758997233287684,-0.06969141474335348,-0.2809075343367188,-0.3059070093070077,-0.43487191544392223,-0.3483504256204193,-0.5421793781003704,-0.27489311115253634,-0.3612326899035523,-0.20023617967975288,-0.23651650775309044
A,0.0,0.0,0.28315790376376204,-0.15213566608952717,0.3889659806251773,-0.446564028182801,0.3471435096625583,-0.7472846289847486,0.3528871802382801,-1.0,0.2820296484332669,-0.7722452650174921,0.24206392203800842,-0.848585763813001,0.24510994258707594,-0.6647392498925155,0.27539156689263256,-0.5046897713898818,0.0,-0.7437156977203758,-0.022138958562883133,-0.6863079613015742,0.04062870627075121,-0.29094329158089904,0.11396449898251927,0.01168262210626794,-0.2432276973754812,-0.6417987031804073,-0.2739498425284233,-0.5473918523950031,-0.19949640709987262,-0.16343066382559376,-0.11834982335960778,0.10802888969937159,-0.45029778193312825,-0.49619469568052516,-0.48894644563221684,-0.3849239973516556,-0.43187229629814183,-0.09952661553076086,-0.36176614267960655,0.07830771589440806
A,0.0,0.0,0.257684406787612,-0.24152385481952884,0.4163483268747371,-0.5425957939699342,0.4621026432788595,-0.8064608594768101,0.40944042170833134,-1.0,0.18906406207405754,-0.6727934411084466,0.18258132346687225,-0.8486765878032793,0.17226899879529808,-0.7075307520389724,0.1819357737644702,-0.5613901513642313,3.745525736433993e-17,-0.6315799736850319,-0.014726163970451707,-0.8139332863658324,0.01684230674613363,-0.6033546171276795,0.0651732096681098,-0.431215726645216,-0.15631483403390736,-0.561949025639286,-0.18099565175637886,-0.7193025831448772,-0.12920918602095025,-0.5068947630274917,-0.07927213266313807,-0.34957428432488163,-0.2854361436891367,-0.4676199417206549,-0.31402306331849134,-0.6074696854486085,-0.2630184404984084,-0.43992038127784067,-0.21456825883815736,-0.3143630142821762
A,0.0,0.0,0.2426089264455763,-0.19581461518007406,0.4042055795792666,-0.504618938429392,0.4109381660103231,-0.7814884545565964,0.3355278169017438,-1.0,0.1805509327193905,-0.700148773861368,0.13913821642057278,-0.8834178632630746,0.119023732338123,-0.7216526331129305,0.13745751265765171,-0.5312668770492797,3.7836080970223e-17,-0.6399512064074232,-0.06486513053239949,-0.7964557347119217,-0.038285951499134566,-0.5578445348913633,0.0302979774603158,-0.35624810221062736,-0.15873124419125512,-0.5452485560022085,-0.22358472286421466,-0.6659918489470658,-0.16471065282098843,-0.422249508492364,-0.09204117237411102,-0.2508722949588491,-0.3052561454112036,-0.4244728762040185,-0.3560454079199002,-0.5125587063369957,-0.287645368630655,-0.3265238759831775,-0.21587340390800178,-0.20393063210027224
A,0.0,0.0,0.23932408365119487,-0.18531966805447525,0.39496575097696485,-0.5123383748320381,0.389953483469692,-0.7916846580981249,0.31405474626462737,-1.0,0.17498280027662375,-0.7038472359458868,0.12779147218695966,-0.8824615651823654,0.11272865913846486,-0.7126429787999244,0.13875742829693294,-0.5330606573882513,3.6665144120920887e-17,-0.6406459414637216,-0.05825021822886171,-0.8071688871214697,-0.030830973647692786,-0.5691640715893646,0.03918997378123233,-0.3718734995290274,-0.1488068808050225,-0.5491712832822809,-0.20633551551646026,-0.6602164124944088,-0.14525420035966533,-0.41317906786415787,-0.07041624540231417,-0.2479508781945475,-0.291393737307746,-0.43667266686993766,-0.33534393500008985,-0.525379581706864,-0.2696817289330812,-0.3286876611907007,-0.19593198571811604,-0.20546776991456975
A,0.0,0.0,0.22834567544097548,-0.19578606469714518,0.37561227360265004,-0.5052988150123922,0.3709256866444091,-0.7825788024825717,0.30049008246743786,-1.0,0.17288702486679736,-0.6941464730979455,0.12412499354667757,-0.873175610368884,0.10850456375226816,-0.7239872064560684,0.13343640964550862,-0.5578867337565121,0.0,-0.6334455644625121,-0.04821198105675929,-0.7964436775618762,-0.02096459140806107,-0.5816850076843909,0.03923638050058896,-0.3924511298730201,-0.15212327379268786,-0.5435068103620102,-0.20536165606396167,-0.6655150407583669,-0.14015244245719627,-0.4347494573277654,-0.06745233518505928,-0.2707331757158468,-0.3000997066916046,-0.42745323757540016,-0.3325600998333278,-0.5263904383470907,-0.2593561252164064,-0.35358087047178893,-0.18502088344539158,-0.23526386221864015
A,0.0,0.0,0.2336649836529948,-0.207894269064327,0.3788923776281424,-0.5143768188280948,0.36907889874394234,-0.788848548713748,0.2923512695718921,-1.0,0.17469918699592615,-0.6903915460503883,0.13121507480862243,-0.8727635809267364,0.12247559109101487,-0.7115496212895169,0.1438153999447245,-0.5360947645020602,0.0,-0.6289473710661426,-0.04522858963623464,-0.7875242442999539,-0.007729062050477844,-0.5660012714279302,0.05021738078193798,-0.37747739047532214,-0.15623487185456642,-0.5366801953498823,-0.19850899562157584,-0.6645899647784328,-0.12579687840144577,-0.43064017546224803,-0.057063871272691656,-0.2649091387182117,-0.3095521442712995,-0.41653298390931,-0.3354201104958123,-0.5239862606173469,-0.2588542455662845,-0.34676015718477143,-0.1911247185428681,-0.22349800276123008
A,0.0,0.0,0.22286431893291983,-0.20138628180232254,0.3704223596382102,-0.5160576273535779,0.34370803446818743,-0.7959913459952844,0.24651457354906336,-1.0,0.17065426559183794,-0.6826276019054174,0.12725877243279832,-0.866980079091017,0.1166258669911042,-0.7139924908701861,0.13908094692176043,-0.5451243397373216,0.0,-0.6241405194881467,-0.04191423492897425,-0.7859758418652452,-0.01262188987594945,-0.5740205241148413,0.044122441541404656,-0.39436954265735896,-0.15042900857876398,-0.5381580844803896,-0.19444416058275002,-0.6638149209340017,-0.12780076195086332,-0.4357438775928091,-0.05608725971078477,-0.27696156646695425,-0.297937012309404,-0.4249326522839648,-0.32240509108888776,-0.5243701554875276,-0.24766374210179148,-0.3527778232356019,-0.17737996661595634,-0.23683495212377947
A,0.0,0.0,0.22597593197794386,-0.21015193036001575,0.3769812197567643,-0.515050596633784,0.35132508235566556,-0.7905875484945266,0.2604649053255341,-1.0,0.17039222095937698,-0.7000693495680455,0.13094287955502193,-0.8744396601529484,0.12536527184109425,-0.7021167537410394,0.15107200660294556,-0.5294894786027785,-3.538769288247548e-17,-0.6400611156969975,-0.042477199317831275,-0.7982325177293037,-0.01130096270763664,-0.5801740560329345,0.048294922250619474,-0.3968823034031543,-0.15446793144778917,-0.550985760266006,-0.19601431555527463,-0.6672912614597585,-0.12871382287458172,-0.4386048850344445,-0.056340857519485504,-0.278686503002719,-0.30833631862440264,-0.4371640766439956,-0.33032210746857316,-0.5289184725284443,-0.25509518110617013,-0.35193781735228474,-0.18453125854857896,-0.23282191431050106
A,0.0,0.0,0.2212604116266314,-0.21285715007360906,0.3745760012794848,-0.5146139455866615,0.3588224522142341,-0.7877925869229226,0.269310568225231,-1.0,0.1719976252261602,-0.695402113417752,0.1332773394729347,-0.8785703051309628,0.1303110462298104,-0.7243789976123812,0.15572461871738924,-0.5481341172690146,1.778020962669027e-17,-0.6369371148786178,-0.03809865374836372,-0.8046972351284721,-0.007062771445749145,-0.5951675574453337,0.05166545968063568,-0.40551635960251264,-0.15894234920957265,-0.5501188932579201,-0.1892923846124989,-0.6810149390403879,-0.12584466793374086,-0.44913927445155954,-0.057566221889349206,-0.2785842819313451,-0.31961098495170304,-0.4361605484583607,-0.3286840786707201,-0.5491963302526154,-0.25500224079834644,-0.3741265395923578,-0.19007655817679214,-0.24551862658999274
A,0.0,0.0,0.23681410069596218,-0.20972930907230544,0.38135181621441394,-0.5191317789945128,0.35474393033862905,-0.7949591808060257,0.2587393772269677,-1.0,0.17669859724905018,-0.6964137452733888,0.12607135466701555,-0.8829643413344801,0.13349846292892814,-0.7101133308358188,0.17178734486535188,-0.5261064057413128,1.791801276869651e-17,-0.635964275246028,-0.04302139014792332,-0.8048421958128232,-0.003535192691431404,-0.5788556692353466,0.058929951620037474,-0.383094904354995,-0.1597779259718582,-0.5452813736643423,-0.19719494887156483,-0.6827989335294115,-0.12421787162794173,-0.44252847071243023,-0.05294096426375346,-0.2687222115652321,-0.3152686033289905,-0.42727422178267194,-0.33254525873361407,-0.5347471999411236,-0.25307009047180945,-0.35290048607901736,-0.18459234112043854,-0.22381408998380037
A,0.0,0.0,0.23611750616253116,-0.2195176211735199,0.38233580776716275,-0.520686419994243,0.3545642060460943,-0.791705759933612,0.27120436009308335,-1.0,0.17725624605740364,-0.6895731740576491,0.13605412439397913,-0.8768552755414,0.13332939988108666,-0.7097208650568745,0.16066992786043524,-0.5286668523026213,0.0,-0.6258473802220761,-0.034141654424343755,-0.8063873402460171,-0.006230675323680219,-0.5876168517429937,0.048640218287666015,-0.3875537213589335,-0.1604837412672399,-0.5331675824784776,-0.18753497556515236,-0.6709491425575727,-0.12367902644200367,-0.4358216111707037,-0.05530387610875274,-0.25883115535337337,-0.32035981080433146,-0.4144538128070369,-0.3302005343820861,-0.5349854680484546,-0.25483212653355036,-0.3620576875382284,-0.18791878210196727,-0.23076999562360143
A,0.0,0.0,0.3283546805103502,-0.12194266176763932,0.4719166838464208,-0.4066258395792599,0.445859009129029,-0.7156921014967151,0.4299534259077506,-1.0,0.3826865734775641,-0.8612686318881916,0.43963263198894126,-0.3149521018852473,0.39653350048501396,0.10482900791882728,0.38372150333416677,0.31788266331254333,0.0,-0.8321616686523728,0.07415113743883174,-0.24731314890761447,0.10093913032338844,0.22227749577371284,0.14021521360780043,0.46749034712695026,-0.3332943036907508,-0.7046203525922715,-0.2718144169820388,-0.1384021312161092,-0.22766671048143766,0.3067615689193725,-0.19367919379220294,0.5120942077733404,-0.607340292712022,-0.5200313957547525,-0.5921310389610291,-0.051437394897226006,-0.5515856003430538,0.2959416854200491,-0.5112351663620546,0.4394739437324357
A,0.0,0.0,0.2671547141039349,-0.2407519755029238,0.4263637278414089,-0.5321277205607888,0.4492641670750106,-0.795940719095443,0.3891812394364508,-1.0,0.18371665752265298,-0.681775774325006,0.20687480550767698,-0.8531080709026012,0.21301677571906708,-0.7126672779939686,0.21140751233750582,-0.552567007121443,0.0,-0.6470858682896748,0.03250941422474763,-0.807479447475406,0.06659074104004806,-0.6026456863164563,0.09172489245049127,-0.41772169863699626,-0.15994525887314645,-0.5768047530250855,-0.1363571181474911,-0.719198573336542,-0.08077943395026468,-0.49424868921447407,-0.045231854546667144,-0.31572186808466135,-0.30897335500773593,-0.4748557475144596,-0.2907729736972026,-0.5952966318501346,-0.22319305105121334,-0.4306108325634558,-0.17269598702958497,-0.2935805488387729
A,0.0,0.0,0.2498144492660792,-0.210458828033506,0.40695069064537986,-0.508715846396944,0.4027939720255122,-0.7820492736242133,0.33324450126902305,-1.0,0.185902724588242,-0.6929157131388539,0.15108954501733096,-0.889014594809169,0.156973581167052,-0.7184966123698142,0.18759378305316857,-0.5285025684116037,0.0,-0.6321998025497559,-0.031141371194861038,-0.8105283529531193,0.009640171074008358,-0.5804480654451971,0.06950933497300316,-0.3760032571767192,-0.16943871846244385,-0.5377063454710325,-0.1874108546879687,-0.6941210214093085,-0.11512636590322715,-0.4518576118385356,-0.049792351023134285,-0.26619881736255,-0.3308502610994196,-0.4121968438894232,-0.3365548537695766,-0.5470186508409565,-0.25375246965100834,-0.3699882569309552,-0.19073080797709321,-0.22850803548570137
A,0.0,0.0,0.24126771798624602,-0.19449870594951763,0.3952469207309499,-0.501205167286717,0.38447969642513785,-0.7783088147272089,0.33120106692519485,-1.0,0.18403070400671026,-0.6820432054028888,0.16912094780440692,-0.8906278337872414,0.17593222349242998,-0.7187422420771278,0.20112149469838617,-0.5360596732003369,0.0,-0.6259027543940353,-0.0034133896302320143,-0.8157984069194227,0.03172788063401556,-0.5713518941688324,0.08089377638572459,-0.36634592776985886,-0.16936738213685845,-0.539687575684647,-0.16699376060128726,-0.6991667952352674,-0.09750520841047396,-0.44150849624970384,-0.03512219316518698,-0.2543969899307803,-0.3425643659407145,-0.42723990894654273,-0.32018967045182856,-0.5587880630896785,-0.23689370061467524,-0.3750557309556457,-0.17617125310288745,-0.23800897203098995
A,0.0,0.0,0.2406770388374491,-0.21119946852948412,0.38953500605624836,-0.5162953801082241,0.38235338373055117,-0.7775041510960846,0.3364974318624304,-1.0,0.1772526145506175,-0.7089553615459914,0.1648664025646182,-0.9154203942532249,0.17028145248977242,-0.7512023557993909,0.19156494109981376,-0.560141622489944,0.0,-0.649865139135291,-0.011257259289917994,-0.8295637082521529,0.018809593218733153,-0.6012267630707879,0.07028250992527497,-0.39383235588588655,-0.16889499819745218,-0.5600574402638645,-0.17301180872690036,-0.7088337957470318,-0.1117341755074409,-0.4625785898220412,-0.049755157405249835,-0.2788040028766175,-0.33665479772385853,-0.4395225510083024,-0.32650908817650326,-0.5686581518915919,-0.25637982660087827,-0.3797149321991904,-0.20002241436249402,-0.23900255578938062
A,0.0,0.0,0.24411523585081304,-0.21889583277025762,0.3815680147017111,-0.5242823729707654,0.37042209260979697,-0.7848117486387942,0.33034292006494415,-1.0,0.18215016435890133,-0.71222257638363,0.16859394395244057,-0.9135099461863384,0.17375763993596224,-0.7404347529024204,0.19709947752729465,-0.5475971250822546,0.0,-0.647030070376554,-0.00020877980441353828,-0.8262446680681749,0.029984729572359193,-0.5910333482351757,0.08107948891280363,-0.37915733347876396,-0.17063211252602825,-0.554161105857986,-0.15643128391398026,-0.6999890764001683,-0.09642217688869435,-0.44329082071522935,-0.03619886394854634,-0.24944927377784556,-0.3411833535813942,-0.4317914855146017,-0.308490185008654,-0.5638910205837145,-0.23739892920330335,-0.37555642608441453,-0.18243338195213196,-0.2309685036485014
A,0.0,0.0,0.23487907521488685,-0.21499198581652657,0.3887489105545433,-0.5242360200419504,0.38962083865685637,-0.7821538808165728,0.3482753832572314,-1.0,0.17948031222538083,-0.7234985767677433,0.17386976899747775,-0.9321469220341692,0.1718418132082342,-0.7668122371916191,0.19036088468457235,-0.5770835398325475,-1.809633812046746e-17,-0.6617503086537352,0.0034638776491725215,-0.8616239674597043,0.0251559335345488,-0.6262571271891932,0.07515536544374923,-0.4082718650443159,-0.16899734455052348,-0.5754911270754224,-0.14992273282479496,-0.7177134341218088,-0.0952662175022733,-0.46223036464670525,-0.035733530903679867,-0.27372459724796516,-0.3390373517851707,-0.4592068460903753,-0.29620016004924865,-0.5819666179520381,-0.225841433359581,-0.3917219124963555,-0.1713851239194822,-0.2547346801458412
A,0.0,0.0,0.2490686314128371,-0.23875607836128532,0.3826502354197023,-0.5497360548844373,0.38041875455482044,-0.7931948103388264,0.3529473208464497,-1.0,0.18127027972493337,-0.7324992215040558,0.17096558666619288,-0.9477062247646381,0.17577829179505053,-0.7872212407205206,0.1995143966662414,-0.5962333306242201,1.8454397851028842e-17,-0.6679499797163589,-0.007688752781871353,-0.8702939009529892,0.014862635813862315,-0.6335957676342059,0.06876112930403651,-0.414164318300554,-0.1725112050720455,-0.575281756850565,-0.1606335728816931,-0.7224483588574138,-0.11006312188895043,-0.4635671052395147,-0.04957506100994474,-0.2739374606588779,-0.34294091742892,-0.45250481141859183,-0.3151114625406774,-0.5873711888803719,-0.24541502522756004,-0.39492395849895034,-0.18657087325598623,-0.2508326594039169
A,0.0,0.0,0.23928962779974994,-0.21597391242071426,0.39789727305860256,-0.5252103061371319,0.3989658522628397,-0.7862585417165847,0.3711559692749854,-1.0,0.17949842985579312,-0.7343078442769077,0.18421462986115344,-0.9542207177792099,0.19271197095404477,-0.7799261495514007,0.21161925602860338,-0.5864247874213614,0.0,-0.6702132632163421,0.01645876009274425,-0.8645260273723128,0.04412437472636831,-0.6171907733780482,0.08638718285556553,-0.4027088963751978,-0.17019475197909817,-0.5799410557908681,-0.14127390320436106,-0.7416956031015446,-0.08609490348035358,-0.4771358078880703,-0.035433220156049515,-0.2827643063405548,-0.3438818088805522,-0.45758836459560753,-0.29492622845000427,-0.5906938354634282,-0.22011645563588636,-0.3979536720121358,-0.1686609318098346,-0.25497866689214665
A,0.0,0.0,0.23883556112279666,-0.23097436283151832,0.38318378366684375,-0.5471560909970383,0.384709708480379,-0.7953114489429254,0.3635986047149944,-1.0,0.18453043351922782,-0.7525819055037661,0.19441722096023956,-0.9639306090335109,0.19319539034097485,-0.7749605301789974,0.20338980636597567,-0.5808273536781279,9.119282641002213e-18,-0.6884613916220478,0.009977377727724864,-0.8819034245197735,0.03354645230136406,-0.6308726416151036,0.08012928224208363,-0.4145999355670173,-0.17447929022635825,-0.598186885393077,-0.1424602149660287,-0.7350053682728904,-0.08868111363040625,-0.4714515391915674,-0.03556509790073961,-0.28316439439033114,-0.3488005377728189,-0.47803936958899107,-0.2944403384240431,-0.6010631666937308,-0.22620588771645436,-0.40526275463555517,-0.17807131740332272,-0.2658023666925272
A,0.0,0.0,0.25175199936047227,-0.23861646998759806,0.3979601918155254,-0.5480563817522782,0.4031513782989797,-0.7941605980623592,0.3852091549879555,-1.0,0.18753816875623586,-0.7466019131042558,0.19403807417466115,-0.9661530849554896,0.20162390056061905,-0.7823022030150598,0.2173959919848362,-0.5853733065448824,0.0,-0.6830353914023887,0.013938604181994224,-0.8723449447686396,0.04022377360378375,-0.6215041041362157,0.08497743903497922,-0.40054759157263975,-0.17843876698052982,-0.5956497675474265,-0.14073192684634814,-0.7321110700022497,-0.08886719449904643,-0.4657918976124804,-0.038012647594523365,-0.2720949876412374,-0.3577685924091762,-0.47917905108560993,-0.29403423748305785,-0.5996757106605459,-0.23060360115194956,-0.400002534270754,-0.18412329833551744,-0.2532895908716085
A,0.0,0.0,0.349243789483254,-0.11132525511302212,0.532288460106518,-0.42494515239407255,0.5300136155998616,-0.7459361342038021,0.5121068953335379,-1.0,0.3202984684499516,-0.7561202940414369,0.25720667634367717,-0.7084083349229927,0.2221801806449797,-0.3171836991670556,0.2291280627558552,-0.02103200158485325,0.0,-0.6824521048552387,-0.03746188432280954,-0.6151517039681895,-0.017166669264352164,-0.19363811073639148,0.030277026118713544,0.10340954338949881,-0.2695424641985502,-0.5796114946328537,-0.32825220837888003,-0.4817329575721168,-0.2917658876716286,-0.06661708143473775,-0.2342220522174635,0.20928383749667342,-0.49429388403773006,-0.4520350894290029,-0.5718408369176987,-0.36507136268825224,-0.5392228442623959,-0.04170413531534005,-0.4845134088563961,0.15972275996058968
A,0.0,0.0,0.23522184476965305,-0.25818700446630294,0.37114909440210503,-0.549995960674308,0.37050692876992614,-0.7992299187006088,0.34727437762742375,-1.0,0.1795832001855305,-0.7346792567297784,0.17486106438678714,-0.94106378588023,0.1842495297328218,-0.7797697326934313,0.20427405572044113,-0.5965896226641668,-8.749974545922673e-18,-0.6753863662604256,0.019724921028650276,-0.8568135778778669,0.04740638001190757,-0.6162302040096812,0.0897430041166464,-0.40392340611214966,-0.16938461500899485,-0.5958225686346372,-0.12282797962739721,-0.7211559929401239,-0.07519457043805748,-0.47312728517044933,-0.02959775499819223,-0.28950029810440625,-0.3434045585611414,-0.4891689680737306,-0.27645941273676644,-0.6004743188043083,-0.21960619171213902,-0.41840017592304807,-0.1810922008855087,-0.2823345900714013
A,0.0,0.0,0.24333582358001155,-0.24570188530196332,0.37513916520264157,-0.5553456193918404,0.3877809204186164,-0.795788442569086,0.3839863731311054,-1.0,0.18705903003958468,-0.7426661185513885,0.19911479454014105,-0.9521499965308894,0.20680309539239625,-0.766516977440976,0.21445522416848206,-0.5684528886138748,0.0,-0.686133057788208,0.026105072815544406,-0.8590235724265861,0.04266626312980869,-0.6060594028804358,0.07438154996125053,-0.3847321432614573,-0.1775584842327947,-0.6111529770233034,-0.12442920879479949,-0.726812109019807,-0.08864145225990029,-0.4632647964385897,-0.052159197353195214,-0.2708018895761231,-0.35539696877592153,-0.5102755387657237,-0.28019174237518857,-0.627215013483104,-0.2314833936790034,-0.42847968337090186,-0.20223634077813712,-0.2810267949561928
A,0.0,0.0,0.2476083535291567,-0.23431677679816149,0.3869157005994987,-0.545868870217132,0.39163741882657266,-0.79132839132235,0.37314715961191974,-1.0,0.183887909758219,-0.7294977384339136,0.19539423033617154,-0.9504835692227596,0.20462510660967398,-0.7668707678812939,0.21545497202908517,-0.5642914495860858,0.0,-0.6746648716736641,0.02287392294853906,-0.8451895574654034,0.04163079274014845,-0.5897767505226378,0.07269591556986044,-0.36289829915410127,-0.17711170213853747,-0.5997881904683615,-0.13202512372377376,-0.72692885966515,-0.08917933464013433,-0.4637721901765229,-0.04821246563499088,-0.263820023498647,-0.3584810505604627,-0.4975968294026273,-0.2956724915749199,-0.6196137304370433,-0.2376251286502352,-0.417726667400962,-0.19973742373827422,-0.2625853004470989
A,0.0,0.0,0.255613908663146,-0.23329183682221455,0.3947867660739838,-0.5441949373898365,0.4077108928701136,-0.7906169854811881,0.3966809836999775,-1.0,0.1909801659461607,-0.7356185473988391,0.22282453547207964,-0.9614448174376071,0.22365403070550305,-0.7677811850147478,0.2235208996013261,-0.5618844205449189,0.0,-0.6866087770211606,0.039332333471850785,-0.8601042016464209,0.052816365809861196,-0.6017027438304662,0.0786353813802169,-0.3768664273198118,-0.1823080425040087,-0.6170797895892025,-0.11794907613178235,-0.7375404182772939,-0.08091412963963993,-0.4773142268747197,-0.04718036582850302,-0.28281004180680164,-0.3679793219408984,-0.5198792141754425,-0.2818805066695311,-0.6208129802664688,-0.22198423492285577,-0.4236086959649791,-0.18410566272246165,-0.2763875186898038
A,0.0,0.0,0.24996005932774013,-0.24309927702789494,0.3885976320797391,-0.5543964228043241,0.3975075440876917,-0.7960507621177606,0.37853515105190344,-1.0,0.18432466728403818,-0.7373212057251809,0.21165299826340994,-0.9559177972762003,0.21565346454090992,-0.7736077246984105,0.21961892886818926,-0.5738560041550913,0.0,-0.6866078603212816,0.032190249736491885,-0.8563062978238187,0.04549385301793072,-0.6016470004295192,0.07397166914549076,-0.37475106439649086,-0.1781076121351875,-0.6166992791527663,-0.1269960325154234,-0.7414000075996268,-0.08966964509319547,-0.4814592213924433,-0.04982575251991366,-0.2814698122905323,-0.35864842498475535,-0.5187876890921085,-0.28708735252565354,-0.6286013288702026,-0.2275259785740765,-0.4277463955328875,-0.18463949468767127,-0.27294865798759466
A,0.0,0.0,0.24274682142163487,-0.21533814428895676,0.3916830145188112,-0.5333232329410096,0.38801280555359746,-0.7881053337843196,0.3672812306295467,-1.0,0.18633089433098193,-0.7298814100607955,0.19587915498850328,-0.9562243385273602,0.19892377220482668,-0.7810230189593746,0.20768215328470788,-0.5881018539109233,-4.5018131116959734e-18,-0.6767081078150167,0.012412237675401873,-0.8633015408320871,0.0316667789317305,-0.6151019069565791,0.06961323415219249,-0.3998492525772878,-0.17514111330715654,-0.6039320017819905,-0.13768980538990241,-0.7292606360030938,-0.09025421334268204,-0.46986396087326854,-0.040982815880115944,-0.28276958427728066,-0.34943306810265434,-0.5038794965496827,-0.2895589702867584,-0.6147077078979041,-0.22719917748517893,-0.4111842147159129,-0.17981303794425518,-0.265840546303543
A,0.0,0.0,0.24229489388654024,-0.23198297467703635,0.3827260069161345,-0.5463666838596761,0.37975439019914536,-0.7936252822596317,0.36129844172654707,-1.0,0.1885796947060265,-0.7328639290205171,0.1918456777259682,-0.9494683425292569,0.19238608988070424,-0.7664472084092164,0.20007065442617306,-0.5710157412360989,0.0,-0.6775153296002884,0.01216535888438106,-0.8684296037473109,0.028150743017316866,-0.6218620229795323,0.0639923563423599,-0.4049989781377266,-0.17887719560229223,-0.6023208358988383,-0.14263505556790032,-0.7453987624352811,-0.09920871098965012,-0.4863277375459446,-0.05382525907428707,-0.2939402722850242,-0.3572687875241824,-0.49937235999438606,-0.2972303877899277,-0.6379760139357061,-0.23677401579741822,-0.4441680512465426,-0.1949396258219467,-0.295016270054971
A,0.0,0.0,0.24950539945311326,-0.224471823077643,0.3944071868620327,-0.5362290451882398,0.39420147969012664,-0.7872489950525432,0.37320110054427896,-1.0,0.1851985656295614,-0.7294696311453502,0.20276666071086077,-0.9528864292973274,0.2073213959262596,-0.7742681121790397,0.21592006932515648,-0.577906484064377,0.0,-0.6803023070897813,0.018404798667885868,-0.8664250119426276,0.03583630818644888,-0.6143133517372732,0.06967178206133631,-0.39573597481224326,-0.17788618591623956,-0.6108779718547124,-0.1343362650657958,-0.7524742111014708,-0.09521266166347946,-0.48485843428517983,-0.055167906813803055,-0.2881463619111147,-0.35712677636928686,-0.5123014744066319,-0.29171980660733027,-0.6256954594243793,-0.2310422362707295,-0.4217359390913148,-0.18897057709792903,-0.27389283623999827
A,0.0,0.0,0.2493263961946338,-0.2263645608355605,0.3980474393614667,-0.5381982070541269,0.3926499784988086,-0.7908569782393732,0.3692228381326165,-1.0,0.18707906605245503,-0.7282097369970281,0.19211166256171572,-0.9530551191107155,0.1921785448991772,-0.7677313694251301,0.2005311701825156,-0.573948751660288,0.0,-0.6708049763917286,0.0017178488199085433,-0.8781082655556953,0.02142524255752389,-0.6279089183508256,0.061636217629705045,-0.4076223420088183,-0.1774757900908444,-0.5919838847019907,-0.1518506272679864,-0.7465901955166314,-0.10376082093662035,-0.4774467383560389,-0.05492202594307268,-0.2797298505366749,-0.3543896448437996,-0.4846007837983103,-0.308251440661814,-0.6282787518224292,-0.24146794084097442,-0.4238243647270278,-0.19313119663018058,-0.26733649412150423
A,0.0,0.0,0.24661390658084384,-0.2205127742205457,0.3900003182183433,-0.5285972347969707,0.3740551681725554,-0.7868726608112947,0.3495741651473172,-1.0,0.1853262264148753,-0.7203172703064795,0.17742858552788984,-0.9435049005379018,0.17748270990546802,-0.7629761583351182,0.19259453750094815,-0.5689213571483911,9.15355022263792e-18,-0.6646545156800355,-0.00936303088079757,-0.8654369255813253,0.010175401353429933,-0.6221850665714412,0.055989812853532626,-0.40480100611683817,-0.17630928913438246,-0.58610127633015,-0.16509121712436062,-0.732716911877673,-0.11391224545094587,-0.46839646763403975,-0.05625554933574749,-0.2722367172192298,-0.3510567756092853,-0.4792448662664568,-0.3194233132165065,-0.6202752672890739,-0.2520696161375969,-0.4184672989964338,-0.1972579006676579,-0.2623979459198814
A,0.0,0.0,0.1108740214827917,-0.24491945725951395,0.17819994646907203,-0.5365886826977275,0.1992549390067654,-0.7621764991291798,0.3088709036694869,-0.8816940116641072,0.12127473940207112,-0.9598373443487297,0.38280080101974895,-0.9712276243987661,0.435256822920612,-0.7026936181408182,0.4462466193348454,-0.4832571892948971,0.0,-1.0,0.32660138513752224,-0.93343898688598,0.35845295082464884,-0.6208628563137625,0.360091698398032,-0.40044982363608417,-0.10857713687287145,-0.9609692114221564,0.22170579791896453,-0.8600044578398862,0.2495282933924385,-0.5799487001103721,0.25479810489861365,-0.37080201937265495,-0.22514910583660244,-0.8670267983570277,0.039568048586716885,-0.7755490096665417,0.10627945875402105,-0.5571788910844871,0.14058918532607312,-0.39893041284440384
A,0.0,0.0,0.2402066646252072,-0.1607060371519581,0.30781257264908546,-0.4996771012402957,0.19625483729446858,-0.7894151829673466,0.10175646655695791,-1.0,0.19797264180293142,-0.677592284882389,0.06288673943189946,-0.8827591345838084,0.04910545777308763,-0.7093685392474999,0.0954788157898296,-0.5440520795712391,3.1503561846846953e-17,-0.6039825038543355,-0.10196766800702448,-0.8146842378558075,-0.05789862353826357,-0.5818267273670609,0.01969839600763573,-0.39220146741849604,-0.18182544795362163,-0.5113483965894795,-0.26468030813748317,-0.669929401406364,-0.1770470288617716,-0.42940759841362675,-0.08535285443160748,-0.25054754800540635,-0.34051182405193803,-0.3949604699671083,-0.3926951176673478,-0.4937408890518473,-0.30630209447501566,-0.3091396652287299,-0.22439905135157082,-0.17993880293834216
A,0.0,0.0,0.2665100368739753,-0.22089727297068906,0.4034801959420368,-0.5214352557063104,0.3821455920111355,-0.7926360578705531,0.33047495535718424,-1.0,0.19571463784264298,-0.7237447136930897,0.16283175521669432,-0.961071474662371,0.1671934086941266,-0.7817981037428101,0.1906254426780749,-0.5934554649850007,0.0,-0.6657870867633701,-0.01750842866850275,-0.868673598946716,0.016629556045757853,-0.6171018967994196,0.06426043286989759,-0.40924204948082216,-0.17352746730253366,-0.5875571301425028,-0.1684529326371342,-0.7373694484392731,-0.11147074571000042,-0.4797737754658555,-0.058252028142838634,-0.2958214201529233,-0.34028242488693977,-0.4844078899525964,-0.3215704099748444,-0.6149580362687269,-0.2526324126178777,-0.42921300030213266,-0.195109839138437,-0.2870156066897479
A,0.0,0.0,0.24244631118361068,-0.22397728840053746,0.3971016579972065,-0.5271441276658009,0.3736023362483183,-0.7851013934874703,0.32807339909681715,-1.0,0.18490945918843774,-0.7240438413055956,0.1554355013479874,-0.9403896340382083,0.1636607526386349,-0.7655658969867906,0.19155282120093445,-0.5743595901474335,0.0,-0.6626346503686334,-0.02506657121960361,-0.8626894259451331,0.01374239158027004,-0.6179995730719561,0.07420572310115076,-0.40788383694089314,-0.1722345895079571,-0.57899128291119,-0.17726252398443762,-0.734003610846842,-0.11577529951254435,-0.471740379352999,-0.05319697155922079,-0.2859068755076191,-0.3419410770751533,-0.4658596071237296,-0.3231322576852484,-0.6178999810435195,-0.2598822606231556,-0.4211725166453125,-0.21025875832523097,-0.2737389116419872
A,0.0,0.0,0.23932535439596472,-0.20864486265883644,0.40189210709914974,-0.5162689889167933,0.3866540217499887,-0.7814223317426131,0.340390229830196,-1.0,0.18277935319820737,-0.719257987818202,0.16178523594649633,-0.936383996427111,0.1676110421471427,-0.7580282242071116,0.1902041988384031,-0.573151819483952,-1.8325281506723604e-17,-0.6633341146030187,-0.017562648013510852,-0.8605942861096034,0.02035387943003011,-0.6180063821194512,0.0713147824357684,-0.41630908665760574,-0.17038675134944034,-0.5801560736689954,-0.17386434352508479,-0.7376565463081454,-0.10526621581414981,-0.4772409125131954,-0.04580689953894694,-0.29564489404087235,-0.3410216089545226,-0.4631313553268532,-0.32354098718282515,-0.6045914702302029,-0.24508554017271106,-0.4075140704538039,-0.18841229778498125,-0.26506284276176095
A,0.0,0.0,0.2435332600318987,-0.20936945831473333,0.4096266539525376,-0.515095761832929,0.39806593783810695,-0.7799846080320724,0.3412748395391857,-1.0,0.18467683257009354,-0.723296315248807,0.15496569528200263,-0.9456426895218424,0.1612709799365043,-0.7740709827807641,0.1911663231833438,-0.5820619168776435,0.0,-0.6655434580553764,-0.023667968235565263,-0.8702695846179832,0.013452329790671916,-0.6304435929048021,0.07326905726018527,-0.422377142766557,-0.1710373948669729,-0.5794677177250778,-0.1817645927195685,-0.741673600049282,-0.11500092304711292,-0.4808327252461554,-0.047468992675852945,-0.29548550760330256,-0.3390505767375819,-0.4597920949095903,-0.32733766161854577,-0.605701890689511,-0.2514326081770998,-0.40722711527353095,-0.1885669067125319,-0.2603932701736566
A,0.0,0.0,0.24106054393891804,-0.21226373790437736,0.39857072811718364,-0.5183446917175143,0.37769416485467244,-0.7848187819047038,0.31409931622036197,-1.0,0.18572528931533563,-0.7222409715401547,0.1572845843346915,-0.9307753968830169,0.1631799534850527,-0.7505092186158697,0.1932336682044603,-0.5623656859999918,1.8512411641606714e-17,-0.6640348063530769,-0.020378721574573367,-0.8525199523650391,0.018480145468144606,-0.6093461123761528,0.07937549708138848,-0.41104512353829264,-0.17393359605179695,-0.5767296193357222,-0.18042743079677193,-0.7388966988380813,-0.11232439280752131,-0.4797456987550298,-0.045322493779243814,-0.29988385143162566,-0.345686353763542,-0.4565767259457864,-0.32466998279444337,-0.6024340830550863,-0.24880923293021207,-0.4043903065007906,-0.19051675206000154,-0.25938704440130045
A,0.0,0.0,0.24036273738748892,-0.21263053284754777,0.40085930182654034,-0.5160105649654639,0.37035325428995586,-0.7844885112066179,0.29702524522657,-1.0,0.18711637376927123,-0.7197641281551245,0.1540599012533031,-0.92543569325866,0.15714401024492267,-0.7421669345309545,0.18665597267434297,-0.5557835088073445,1.850681899116871e-17,-0.6647370103174012,-0.023828462424427193,-0.8669332329589367,0.006593047099778197,-0.6296978146486606,0.06242847870751673,-0.43095144575341915,-0.17357994207462887,-0.5813594596466161,-0.18698837817291766,-0.7566612388080433,-0.12720958857338951,-0.4991337820983225,-0.06388567773259145,-0.31669108706126453,-0.34443035445623327,-0.4649173876123058,-0.33258195010032904,-0.6183292383025416,-0.2648755753140021,-0.42470252433192424,-0.2094583171725534,-0.27992635611861005
A,0.0,0.0,0.24720623914045892,-0.20900884993085447,0.4094046605362055,-0.517904132540038,0.37664034125442225,-0.7918330725710474,0.28258583104078944,-1.0,0.18738052392921958,-0.7120548003999426,0.14721928699156928,-0.9246795015684548,0.16230606257556845,-0.7408339062561796,0.19703402368160985,-0.553829757534663,0.0,-0.6553189672013056,-0.025789123985864366,-0.8605671547685092,0.021180486434185276,-0.6147568554155948,0.08053254016144377,-0.4140767388604005,-0.1739047985920521,-0.5702599663731694,-0.18467453263934844,-0.7428869545023946,-0.11175628578839508,-0.48048425090768515,-0.048885938802368675,-0.2995890104160749,-0.3453978891007232,-0.45533276325345756,-0.3340988238871627,-0.6208688132692483,-0.2593037251119756,-0.4256940118024571,-0.2076800033108159,-0.2797783460794477
A,0.0,0.0,0.24115986701512318,-0.21867419057416815,0.3953540280003482,-0.5224509663118619,0.3625833099580835,-0.7922982747172767,0.27859466652588966,-1.0,0.18782800618753293,-0.7161181611828508,0.14202259552154756,-0.9214052309788533,0.1533844363677202,-0.7297419196803266,0.18859358502332196,-0.5467065051244421,0.0,-0.663699392595066,-0.028792261847347903,-0.8544000974216912,0.013631409885094111,-0.6071118617069582,0.0709888817731222,-0.41529467337641424,-0.17472371713771592,-0.5830103285202168,-0.19337489509856506,-0.7572806188758789,-0.12181420490760846,-0.4980289298036605,-0.05721297073899767,-0.31791300803190375,-0.3476471413523069,-0.47082620890898524,-0.34057727956352263,-0.629372779368899,-0.26423314613471605,-0.4350531719290129,-0.2078385034855742,-0.28868860678373937
A,0.0,0.0,0.23708217741168386,-0.20562013844441257,0.395983523887397,-0.5145794936566738,0.35834210839956304,-0.7899190795875883,0.2642994437841242,-1.0,0.18749603413757907,-0.7106706034984716,0.14006452099696806,-0.9165738604948356,0.15256489874156917,-0.7205526981101681,0.19102539898108967,-0.5395432954415097,-1.8520917365995528e-17,-0.6590036985215614,-0.029779717496969425,-0.8557614773605157,0.016951601961031793,-0.6080268758036517,0.07077791818026738,-0.41998018108553953,-0.17262929308064998,-0.578136214098216,-0.19577139631162332,-0.7500934675886232,-0.1173760062978176,-0.48900348702650837,-0.05481450314745878,-0.31528500987313,-0.3416086671474571,-0.4662292579478214,-0.33968958255734466,-0.6240574602298472,-0.2608498121039203,-0.43212326714067517,-0.20834734217023315,-0.2922037802979232
A,0.0,0.0,0.24173499226412584,-0.20982878529440765,0.3911855828217967,-0.5147452379803963,0.35074805056806674,-0.7887141093710625,0.2660420887830323,-1.0,0.18436646957518896,-0.7107585099466842,0.13607930576220864,-0.9178885493259199,0.14551050859376408,-0.7314097742128034,0.18145857621445194,-0.5484274310753763,0.0,-0.6561291949602546,-0.03578142569093468,-0.8491556269141651,0.00867619177955037,-0.606537956811334,0.06835581040075822,-0.4134890228356074,-0.17172151280676787,-0.5720326843129565,-0.19883163918682106,-0.7435431836604169,-0.12298671499429793,-0.4858455808534646,-0.054160319629172865,-0.3070720590549786,-0.3399548739867902,-0.4549561445303267,-0.3461790616214657,-0.6111052758998483,-0.26592941605414283,-0.4219725380146934,-0.20420028432222334,-0.28060894305305756
A,0.0,0.0,0.2826817270439018,-0.11320553452544947,0.42633598400966755,-0.41343356690420496,0.4389140823991331,-0.7289395789564836,0.4741110391279618,-1.0,0.29954435031707727,-0.8347235223971269,0.2266758185732938,-0.838156108055681,0.17686975299436422,-0.5156413294404293,0.17038423862008067,-0.2697009332950258,0.0,-0.7987158731714188,-0.07145028949632017,-0.7071679102987554,-0.08201310188134647,-0.2898757639739015,-0.03435635112998452,-0.022242248102578955,-0.2576852223805111,-0.695872332527485,-0.3381609650660982,-0.5310362090426409,-0.32258657720613343,-0.12849484710960032,-0.25991559197220776,0.116204219491999,-0.4860062826425269,-0.564213847766526,-0.5656141530272821,-0.4209324046347645,-0.5337463231182509,-0.10246862646126036,-0.45977164315973484,0.07463913826540883
A,0.0,0.0,0.2559129204103714,-0.21974922797637322,0.41702614705421176,-0.5197824272176244,0.38709456790970154,-0.7871725422120226,0.3106372756721476,-1.0,0.19059519415380038,-0.721099245784116,0.15395189800943146,-0.9207170860579834,0.1718725322731027,-0.7361912265519681,0.20452081313245474,-0.5525184048569601,0.0,-0.6717922566414828,-0.031168561824377234,-0.8484569925518506,0.021468061133075086,-0.603077808479567,0.07982311575010725,-0.4132011198197479,-0.1708613121298804,-0.5918430540098512,-0.19319328295173258,-0.748676948675509,-0.11931822324424318,-0.49603490095181985,-0.05694786100899642,-0.32071448205230985,-0.3324420220951409,-0.4782103685815637,-0.33684980906459266,-0.634688320047317,-0.26509772389025155,-0.44749329859683484,-0.2132257178698119,-0.3041042483422844
A,0.0,0.0,0.2413917946264576,-0.19969639532057135,0.4073830925923346,-0.5119402431258472,0.37181889886086394,-0.7877871937365685,0.28409320497647433,-1.0,0.1854103467555504,-0.7095965256269303,0.14872924853709807,-0.9260663714249278,0.15279572969087266,-0.7580180525050373,0.1835353770217633,-0.5740738751346002,0.0,-0.6554084608471431,-0.027739702156075127,-0.8513613678576081,0.013652396383144754,-0.608553392786169,0.07217160405983511,-0.40510994339590295,-0.17235216653711277,-0.5749454139628462,-0.18767082465270257,-0.7416300393409723,-0.11576351234597519,-0.4806762938123965,-0.051275914216621706,-0.29433843625364936,-0.34303519298778234,-0.46411084648093653,-0.33471906811821184,-0.6280471329328184,-0.259798529551968,-0.4407002641122149,-0.20744093920594348,-0.29554343332015737
A,0.0,0.0,0.24587708611919226,-0.20917654821197423,0.39991370528945785,-0.5153909622310447,0.3533321262675685,-0.7894661186344404,0.26344824566986014,-1.0,0.18563970110854275,-0.7024495212843764,0.13621990786938673,-0.9097455090301709,0.14532974290288253,-0.7292194898558111,0.18241565434499604,-0.5447350717443804,-1.8855644072525835e-17,-0.6460285453143007,-0.04533131760575139,-0.8347718822699203,0.0033194151723296397,-0.591825752823576,0.06758906478369957,-0.3970285078996183,-0.17240401253238097,-0.5627855888198705,-0.20826720663264697,-0.7226068507610302,-0.12659594908372074,-0.4660155163379315,-0.05279144757963862,-0.29064146620341996,-0.34337264959341574,-0.448204854270369,-0.35303534884799637,-0.6040945899376768,-0.274000905667933,-0.4198373540598445,-0.21297937835818967,-0.28457503307717247
A,0.0,0.0,0.2333819765178149,-0.19664087942617234,0.3875463276741048,-0.5132992679326743,0.34587114179921963,-0.7885796457232028,0.2587302234596031,-1.0,0.18475354592710577,-0.7030860751535978,0.13739013889025029,-0.912147882715864,0.1435769572400659,-0.7402903848972883,0.17854491947294537,-0.5579122950553299,0.0,-0.6473889154015724,-0.035266568121580945,-0.8398933221712694,-0.000484858996495659,-0.5993308057016941,0.0568634716201104,-0.4025281092063117,-0.17075715879475967,-0.567369509899402,-0.2006471978412405,-0.7323145451565517,-0.1344755345922955,-0.48043266077255786,-0.06591996633479158,-0.30433064458766684,-0.34015534325930996,-0.4591898825300338,-0.34672539224640975,-0.6078121974718229,-0.27291331977638483,-0.4242205108487912,-0.21115518886278187,-0.2888586187524011
A,0.0,0.0,0.236062012004833,-0.19872907612125276,0.3938175552954315,-0.5092616544280559,0.35280348882088736,-0.7861002765293232,0.26571039528227136,-1.0,0.18674208532712291,-0.7000089655714519,0.13850300094329687,-0.9181040022812161,0.14389260883481372,-0.7491184570192276,0.17944832836879046,-0.568837125097987,0.0,-0.6467274458973526,-0.04007756916762723,-0.8436107146972783,-0.001139496003435352,-0.6012492765180958,0.05971648769214154,-0.4072178535247705,-0.17148003448418203,-0.5671198167889573,-0.20395217855700984,-0.7382749802762033,-0.13503738258128334,-0.48351654974969427,-0.06584370714652123,-0.30743903045733545,-0.3413414094730126,-0.4576231971599741,-0.35128771694062444,-0.612415638717592,-0.27630748654615356,-0.4257523839875216,-0.21475511452089505,-0.28760089607405387
A,0.0,0.0,0.24126067781950145,-0.2117899774303563,0.3989903437570564,-0.514710465955391,0.363922251019703,-0.787181192994585,0.2788093026110529,-1.0,0.18769089626946353,-0.7015337077127647,0.14459820801616385,-0.9220166229816282,0.15249467964991084,-0.7449616939916895,0.1828040468059815,-0.5607129428838183,0.0,-0.6490140202162235,-0.03540825147735454,-0.842702543651765,0.007021466631063789,-0.5966107118413131,0.06395659961996376,-0.4016651852096552,-0.17303810061242894,-0.5682239413378284,-0.2018902016994769,-0.7391186902507606,-0.12943194839297456,-0.4817124577853707,-0.06304752923242934,-0.3027913000657679,-0.34464934071915,-0.45629277390251055,-0.35043840661996334,-0.6186084361484767,-0.26946716900541434,-0.43297069596123955,-0.20729462852340239,-0.29123155913035875
A,0.0,0.0,0.24048713114703987,-0.20823126253866642,0.40612888106308,-0.5153451815231898,0.36909811997271086,-0.7891299738928156,0.27670092798418083,-1.0,0.1834128646593898,-0.7083439590792592,0.14524116086326247,-0.91852967142084,0.1534101299609061,-0.7483021767453201,0.18666259646172795,-0.5699652970748227,0.0,-0.6543942180648482,-0.030676767680506537,-0.8475327636257695,0.00846207824544742,-0.6011436692385997,0.0636087916806361,-0.40500414413548086,-0.17029447362808375,-0.5715792318617601,-0.1957354151806914,-0.742476435564516,-0.1253872673085002,-0.48323797595910767,-0.06049387033961949,-0.30239340914865265,-0.3415574677602868,-0.45702323936776784,-0.3444609887019726,-0.6120528213228508,-0.2659914646933868,-0.4292610428686892,-0.20730963861082993,-0.2914732496712146
A,0.0,0.0,0.2497403030554431,-0.2062794248120396,0.4172239979750314,-0.5087998446092161,0.37848811786098685,-0.7834973061559074,0.29177359122548285,-1.0,0.1898588549727401,-0.7146161658533512,0.14436492327384762,-0.9229738052133658,0.14989262894899974,-0.7381505918443672,0.180951702435209,-0.547411945253143,0.0,-0.6613961198720475,-0.03931756948803744,-0.8552755015593468,-0.004253229301720684,-0.6066247141531557,0.05061939607920219,-0.4004523440167523,-0.17473972532184012,-0.5779184532135071,-0.2119369467988204,-0.7509615634409862,-0.14362870524624932,-0.49097625338585493,-0.07640162952739567,-0.30370587971682206,-0.3497585668334987,-0.4625541264169379,-0.3657532258757297,-0.6187904391342449,-0.2839089728058845,-0.43212357826122477,-0.2155992383518799,-0.2877660950625048
A,0.0,0.0,0.24721528174593008,-0.20932128668850294,0.409231330394303,-0.5093131174772099,0.3582643007182982,-0.7846059821390656,0.26820241837929687,-1.0,0.18961992209873138,-0.7064863226715496,0.13494854918829405,-0.915870199649611,0.1388644564292506,-0.7426829838523361,0.17589449753778838,-0.5577946922310244,-1.9183199393649733e-17,-0.6523015409229701,-0.045505342441855556,-0.8516928078920386,-0.011368955583702572,-0.608759946444155,0.04781889773047684,-0.4069615063820233,-0.17416025297113102,-0.5692865143778191,-0.2143336490242904,-0.7500110125773878,-0.14751023923963638,-0.4954750940724448,-0.07699931807912626,-0.3118087658077482,-0.3473978760713771,-0.45329640300976337,-0.3634628536253413,-0.6192572928029001,-0.28435084768359475,-0.43654241026603935,-0.21604881299409212,-0.29270949091985765
A,0.0,0.0,0.25055756326592565,-0.20339254207067511,0.4141375128251109,-0.5059782902535148,0.3677199818901238,-0.7862550189165806,0.27583912090436175,-1.0,0.18735181214970975,-0.69988514525036,0.13694081130141886,-0.915989632137732,0.14746764708065516,-0.7391185557616187,0.1838775413724949,-0.5555967941094885,0.0,-0.6516261070833133,-0.036942648080555626,-0.8500764942861723,0.0028059711070472964,-0.6010218658636947,0.05627539931951735,-0.4049566564088626,-0.17424289424573772,-0.5741793525195438,-0.20688549752348884,-0.7599851591398719,-0.13884464512512584,-0.5039552238270497,-0.07642025331996151,-0.3254245593192362,-0.35066122234469044,-0.4647033693202446,-0.356467267389258,-0.6358442737072222,-0.28150205579010823,-0.45874287327995655,-0.22582050977292448,-0.32289368872561675
A,0.0,0.0,0.2492722819169906,-0.21073707896923474,0.4215693537625951,-0.5110658649526123,0.3815304939473128,-0.7877732900299581,0.2934958545894494,-1.0,0.18818141103848474,-0.7170470472459538,0.14345969718915308,-0.9214990132241551,0.1497805739118647,-0.7406976821220143,0.17731218556136386,-0.5556452951625502,0.0,-0.674088155516891,-0.044533953982837,-0.8715147349778571,-0.00812275954853563,-0.6270136655902705,0.04002463938222604,-0.4247996007997096,-0.1718616932044868,-0.6026108768427821,-0.22095005430178843,-0.7891909419596644,-0.151366303201837,-0.5390503106579475,-0.08729984102787225,-0.35456788888214424,-0.34563898895809053,-0.4990146924216137,-0.36365985434919834,-0.6474806564406986,-0.2785737900608616,-0.4721700807097488,-0.20939297514128483,-0.33604292379687206
A,0.0,0.0,0.2574498604203216,-0.21648934273457376,0.42599700934465773,-0.5088123133378346,0.3846078514214398,-0.7814719533594757,0.2939776439599711,-1.0,0.18792308912856523,-0.7141004135416741,0.13856223934379713,-0.9216182511137396,0.15414235422090386,-0.7398250863611741,0.18818613683141444,-0.5547534572732232,0.0,-0.6746717474360236,-0.03468063950712063,-0.8713345727474147,-0.0002213817072988177,-0.6261420895163801,0.041166405538440115,-0.43056224799275006,-0.17739496241001637,-0.6041911041963188,-0.21984777439852132,-0.8071250891548343,-0.1539417367405192,-0.5583203191718912,-0.09416039440566101,-0.374411369741006,-0.35740994367623924,-0.49875467063770923,-0.37336198349750166,-0.6790687167094689,-0.2942879357599158,-0.5156888028363074,-0.23401949658136117,-0.3781978212703415
A,0.0,0.0,0.2590524909177765,-0.20768339750154144,0.4258532706590372,-0.5057732333531053,0.37641807389041126,-0.7793183754370662,0.2896881934046882,-1.0,0.19084702552100086,-0.71536965769254,0.13434471732895176,-0.920545836413768,0.1456413213308594,-0.7428739904192792,0.18214854121302024,-0.5593016754130617,1.987896649745951e-17,-0.6756421740343942,-0.04162247890376081,-0.8693405024628096,-0.010265062159308481,-0.6174246280498521,0.036505632395382584,-0.41988067773528953,-0.17566451911404538,-0.6030025092095744,-0.22810145308989818,-0.8052025328881067,-0.16490444691107475,-0.5453163305868067,-0.10064557218764171,-0.360557826007497,-0.3516718349161304,-0.4920658015397222,-0.3812742665994601,-0.6641270711605662,-0.3043629036584802,-0.4868120898580955,-0.23823713637820895,-0.3511252148199142
A,0.0,0.0,0.2612576490577247,-0.20819252140676323,0.42539932319723833,-0.5097247643358863,0.3786027167239532,-0.7823954234991202,0.2966701414181801,-1.0,0.19007778352479385,-0.7148416249098342,0.13895464265488935,-0.9216785476040665,0.15219836469174994,-0.7390832182603514,0.18307151288809143,-0.5563939900129203,-1.9967588405415508e-17,-0.677349135387381,-0.041089412250756324,-0.8760798682369865,-0.007873654403890979,-0.6234473232338,0.03165147137442768,-0.4309478934306929,-0.1783490432297553,-0.6103961074596498,-0.23138712924875768,-0.8158864889873876,-0.16733029188063936,-0.5595560493561472,-0.1101364335831169,-0.3794656200320604,-0.3603536671280714,-0.5083205684270837,-0.38490365161680323,-0.6861966157966608,-0.311397976430981,-0.5132153185749122,-0.2548876569885997,-0.37918741961428526
A,0.0,0.0,0.2578523439623649,-0.20348929717210268,0.4306539747315586,-0.502177253424356,0.3938814451455083,-0.7799498241273899,0.30880618787408465,-1.0,0.1859643768559847,-0.7158009744017443,0.1432868178345574,-0.9297453540984233,0.15583751624623907,-0.7389792746831371,0.18499650027807682,-0.5605547320027904,0.0,-0.6812428901896463,-0.03670912505696237,-0.8885676293852494,-0.004945822506983785,-0.6371751952408288,0.03348586310100336,-0.4516144596544622,-0.17457822351310126,-0.6161120929724709,-0.23003980697104698,-0.8349178977392504,-0.16702612159558156,-0.5794315240365049,-0.1104926178063867,-0.40106973261139606,-0.35399599433270657,-0.5165590954669564,-0.38587401808455773,-0.692873986493203,-0.30759105940544285,-0.5208031114535292,-0.24576542612885371,-0.3871793207508187
A,0.0,0.0,0.2633624668352652,-0.20873199179882074,0.433862420254361,-0.5018837090345241,0.3977436721096319,-0.7788741740809783,0.3167193637975211,-1.0,0.18600182547165273,-0.7085012633012304,0.14652024098238692,-0.9301376831362805,0.16126018118203567,-0.7468272829370683,0.1904164309431456,-0.5659539110446679,2.0132992768055968e-17,-0.6733462801073127,-0.032325646739478554,-0.8808955144508204,0.0028841019893904654,-0.6258979928599028,0.04516505329457143,-0.4402295274379806,-0.17288340254890047,-0.6084934943092124,-0.2174794008300458,-0.8235275537901507,-0.16104379545931244,-0.5632246063799855,-0.11020323732667014,-0.38713974294385617,-0.3483507903467472,-0.5092928504624665,-0.37287585445178023,-0.689899053294474,-0.3055092153420405,-0.5135669864058535,-0.25223262174253924,-0.38008580266141667
A,0.0,0.0,0.2607074251994633,-0.2100079077682474,0.4345633234943593,-0.5058982638975131,0.399452758378952,-0.7795464177362373,0.3233677209752222,-1.0,0.1940677746365511,-0.7233883262246075,0.1547854668224711,-0.9309748027108746,0.15842279219603334,-0.7518740826101994,0.18608987985289135,-0.5654419920431693,0.0,-0.6906700788811949,-0.030499141744571388,-0.8872975300244175,-0.007781406330201822,-0.6422128855479614,0.03254725900524028,-0.4446493924611865,-0.17912736631403686,-0.6287422666613138,-0.22160478564909825,-0.8307434355380675,-0.17189850777025514,-0.579048980454577,-0.11754948108867307,-0.3923828901382389,-0.3581778283317462,-0.5325044724355598,-0.3837203277841344,-0.7085227780577178,-0.3208314216475149,-0.5410529292438433,-0.26558751997705915,-0.40299710725616306
A,0.0,0.0,0.2613642557683749,-0.2071418599221408,0.43931397983478604,-0.49985102592316244,0.4023364994074801,-0.7784107259323062,0.3191781434334276,-1.0,0.19191690368213005,-0.7019803953959757,0.1515517390125369,-0.9269215419771092,0.15569489574307782,-0.7593254270657136,0.18548403775335018,-0.5731795270011855,0.0,-0.6645159387584291,-0.03833471669478317,-0.8707302236928518,-0.012710557806330715,-0.6264278711515935,0.0362969157369315,-0.430260584820846,-0.1754962944246142,-0.5977892412985333,-0.21983808349029058,-0.8025902336148997,-0.17225836972765818,-0.5524533296497283,-0.11820275628500494,-0.3710188214196179,-0.3512962516011942,-0.49772765397642577,-0.37881779191479004,-0.6650290975502372,-0.31960789884279034,-0.4916123049418101,-0.26828715609543363,-0.35662312921969486
A,0.0,0.0,0.2547205740621998,-0.2004285580815528,0.433192471581183,-0.5037601689706224,0.39399855189334093,-0.7806918105637854,0.305717393791964,-1.0,0.19241833601122957,-0.7040796086180698,0.14182354539258712,-0.9189224960111665,0.14580073655298534,-0.7525333027519336,0.1830770398272185,-0.5764605411193455,2.013584415068797e-17,-0.6539817861282022,-0.044413232846082895,-0.8565417758162961,-0.01221575008916295,-0.6161698277799476,0.045218151670280614,-0.4283683299667336,-0.17728899617895247,-0.5782474263453223,-0.2194531915193026,-0.7616490111804797,-0.16263667774074386,-0.514035264862007,-0.10156295537334079,-0.34452826414488574,-0.35341570923635046,-0.4734037951185898,-0.3715158081441647,-0.6395950369171511,-0.3100559040666725,-0.46815789284379106,-0.2612987077337505,-0.3388478785959454
A,0.0,0.0,0.2505192693192586,-0.20120203198755235,0.4150750685295745,-0.5038725756517366,0.3651094601498946,-0.7846342034706781,0.27985389152833495,-1.0,0.18893582218845717,-0.6980874321821781,0.12890124224446176,-0.9038849273180017,0.13446875515824225,-0.7285335187593354,0.17514155549804267,-0.5657298071415445,0.0,-0.6473809221384763,-0.049883487158552293,-0.8410667461510042,-0.006162321590635779,-0.5898239225014968,0.05664151781351556,-0.41452825487281975,-0.17339329747072163,-0.569182069483999,-0.21547895841475842,-0.7323888243012765,-0.14419881204839197,-0.46983578690296673,-0.07818671490683123,-0.30874569917267486,-0.34860896905719213,-0.4599719685985674,-0.3689255724503961,-0.6175264005055907,-0.29267147613106137,-0.4353716188848048,-0.23371541887957345,-0.3101821446550104
A,0.0,0.0,0.2431555134801598,-0.20947459982429775,0.41594681252289445,-0.510478947299397,0.37027901294736193,-0.785535767017196,0.29229374991204327,-1.0,0.18551503588693444,-0.7030367145297375,0.1279305508330822,-0.9135834575658582,0.12591108294241218,-0.741520039494921,0.16113293844609164,-0.5655492149160453,0.0,-0.646439973096836,-0.05405479343601193,-0.8420071564696047,-0.013297099451166815,-0.6013630929420039,0.051247781391744705,-0.4122530809635926,-0.16772367086829637,-0.5693877724156129,-0.22098707411875174,-0.7339033871370874,-0.15106887325508436,-0.48339112977958987,-0.07850166799390011,-0.31189609445360966,-0.3372420923474114,-0.46542261229055143,-0.36137804148820085,-0.6299512924501548,-0.28882491472348104,-0.4566313338515668,-0.22684335093965816,-0.32420556564777403
A,0.0,0.0,0.24028356254241484,-0.2187711808153316,0.40277775929516063,-0.5147492444518336,0.35988688677369646,-0.7869357619117453,0.27307268489982495,-1.0,0.18745771139031087,-0.6969033602148605,0.120586676505148,-0.9128019885729048,0.12187183356338047,-0.7474616289845133,0.16067256110266395,-0.5756231224054068,1.9189167317653e-17,-0.6426165095493257,-0.06327241540432055,-0.83817387433713,-0.02522437610438856,-0.6053662593227803,0.03822615179002731,-0.4232296054292413,-0.17074564626370498,-0.5629223540101732,-0.22550431526119366,-0.7262340240782127,-0.1581515341862855,-0.4789339649601782,-0.0908834714660375,-0.3130914227108023,-0.34027712432461116,-0.45361147372287025,-0.36905774313999046,-0.6153017593514323,-0.29629590523209454,-0.43762334888712345,-0.23583424462961936,-0.3047290917951222
A,0.0,0.0,0.24491665953814729,-0.20922589633848182,0.40399795329641364,-0.515055985842642,0.3542585293350545,-0.7893817560885034,0.27192992007135547,-1.0,0.18745421135907844,-0.6953198821752854,0.11303677985578554,-0.9101976284387292,0.1106627127322151,-0.7520461460967688,0.15658428568867416,-0.5798197611549233,0.0,-0.6382497507113567,-0.06650787995117378,-0.8271435186084637,-0.02645620408889075,-0.5878115178874237,0.04761199478293794,-0.4014476035533302,-0.16866021715154197,-0.5593823068143781,-0.2285055435708948,-0.7138268094204326,-0.159439466073211,-0.4642354375728471,-0.08266765059669186,-0.3008021019302606,-0.3365554496658834,-0.45202768438800567,-0.3699116416812462,-0.6015537742951302,-0.2980921538800419,-0.4200518043865068,-0.2304690921615019,-0.2923540473571213
A,0.0,0.0,0.24681739922411353,-0.21615126942554314,0.40917361895682486,-0.5200022884841718,0.3601988036437804,-0.7909984733290983,0.27660225305141317,-1.0,0.18932909982607293,-0.7061271977499631,0.11942276339500871,-0.9142893225337196,0.11911987453915839,-0.749507793701267,0.1614785753244423,-0.5790046546136391,0.0,-0.6496722446364663,-0.0623083301939839,-0.8359241584678401,-0.01787663548967793,-0.5992384070620199,0.05417029209806065,-0.41622203506906874,-0.16984897825893294,-0.5689186306153325,-0.2271536997073043,-0.7241812788906488,-0.15309246649123123,-0.4733880100807121,-0.07657293520303055,-0.30759582290510123,-0.33878338020418614,-0.45802071286147905,-0.369862727314123,-0.6144437068650795,-0.29497733310534197,-0.4363276884103688,-0.22834977743223925,-0.30554471117487086
A,0.0,0.0,0.24630173636568342,-0.20515208899289933,0.40676011815541907,-0.5100171961293117,0.3631850086988342,-0.7833895198764581,0.28710409462481934,-1.0,0.18828985935737869,-0.6973129994427101,0.12115405750495406,-0.9064070247337651,0.13090822225510115,-0.7395340209438721,0.17747551810473566,-0.5781078547597143,-1.956412261228397e-17,-0.6433948667694093,-0.05662700327888242,-0.8299954051762565,-0.010845857881940636,-0.5907704589824737,0.05400648051964713,-0.4187476214045374,-0.17069743041424335,-0.5647298498899161,-0.2230164367577716,-0.7265504404600589,-0.15217384942027998,-0.4744751131432285,-0.08493605951434438,-0.3152345372173698,-0.3394071760651575,-0.45710866595036714,-0.3711240423924397,-0.6108406192813942,-0.29433391860434566,-0.4302740294682062,-0.23196192187019518,-0.30228735338549667
A,0.0,0.0,0.24827623112400674,-0.1993408458415724,0.41655866384219664,-0.500381520607038,0.37718388642636397,-0.783437325431413,0.295341011365154,-1.0,0.19642354551545751,-0.6994933589609402,0.1309347054564188,-0.9125211002282324,0.1280770837195498,-0.7415989853154203,0.16857857428808906,-0.5709385613188905,0.0,-0.6463843351178922,-0.05846180327052285,-0.8445750545089864,-0.02081536047784811,-0.6038127395054386,0.04825892785084848,-0.4230303150582733,-0.17714095297772772,-0.5676665548878542,-0.22539206598450595,-0.7372976817217873,-0.16195223430665293,-0.4803141354869217,-0.09491116661057417,-0.3142471402242477,-0.351622860431829,-0.4585577820718921,-0.37500226004138826,-0.6179589988300912,-0.30449413931086544,-0.4353397116252816,-0.24508279020386262,-0.30481692622118256
A,0.0,0.0,0.2533951121755533,-0.22380673466560327,0.4116984762199168,-0.5221716970337711,0.3691038340801305,-0.7928823985039621,0.2834340005642864,-1.0,0.19116168232026132,-0.6950076790198157,0.1168080427639749,-0.9054278169273705,0.11360273173805466,-0.7525462769079126,0.15661214011751337,-0.5886742761244437,0.0,-0.6396732536452736,-0.06555765355970465,-0.8384829335048997,-0.028605927767960924,-0.6095942202367027,0.042991106824240045,-0.42924164984602414,-0.17348033335518553,-0.5550779331856753,-0.22922414730113055,-0.728366085098973,-0.16550947465398982,-0.4819672103300579,-0.09520326001330966,-0.3185079108393329,-0.34211983664551987,-0.4353106114234454,-0.37596824669390494,-0.592912423035345,-0.3055183025396496,-0.41827351671028223,-0.24391590686405262,-0.29262545327493605
A,0.0,0.0,0.2529938449149129,-0.19627004675590184,0.420062835783862,-0.49876950581297125,0.39045469519415155,-0.7813229470640173,0.3138343719361788,-1.0,0.19738217377993142,-0.7036939078418066,0.1387972696302899,-0.9109057436787562,0.13193250309234048,-0.7499370022180157,0.17290026173341913,-0.588160432888292,2.0391785575875982e-17,-0.6495197920658208,-0.05796120284935663,-0.8409224883791536,-0.022348921819723724,-0.609806104522174,0.05401963290745888,-0.44452730376515726,-0.1776437654130443,-0.5654424142276847,-0.22369600363411268,-0.7401118666322272,-0.16727205336841447,-0.4978753752814811,-0.10042901674142884,-0.34484231428399165,-0.34912698509671203,-0.44928924312424573,-0.37272715080798663,-0.5957966275805131,-0.30803983398147816,-0.41374192397498827,-0.24872049048205233,-0.28949853120862334
A,0.0,0.0,0.27265498944732214,-0.20429607108513478,0.4425362766455777,-0.5070807992640519,0.41508238689597493,-0.7869602881677532,0.33687602354120344,-1.0,0.20275564162989562,-0.7238341598114789,0.14697476559875544,-0.9205522045285544,0.15343873130117353,-0.7389330239513834,0.19403081514987572,-0.5705555674954293,0.0,-0.6726393465501447,-0.05078694172148898,-0.8548563865308735,-0.012039843956563984,-0.6192307472717171,0.05103609771934627,-0.4517124768199315,-0.1816855543400266,-0.585160687595657,-0.22837170030391052,-0.7591951061498085,-0.17005730294681062,-0.5127239412555976,-0.11281910223836202,-0.35755912636272097,-0.35662792311960023,-0.4628549152096095,-0.3843244083409628,-0.6124943039089236,-0.31758003862901885,-0.42552720709523983,-0.26423610389002455,-0.299577490181553
A,0.0,0.0,0.2657682778315973,-0.20050586321264824,0.43315520900958365,-0.5044079939994562,0.3865107366076959,-0.7837295942120165,0.304635626077296,-1.0,0.1955142442835851,-0.7060555007681338,0.13838158329470326,-0.9006667400785218,0.14546541432465343,-0.7225443380311914,0.18638442528647212,-0.5557408930534911,0.0,-0.6519799442597815,-0.06352073820122231,-0.8445467283159442,-0.029735461243243687,-0.6095770507686188,0.04030136948143917,-0.43724644910163385,-0.17220066613042215,-0.5663642749322354,-0.23301916005457474,-0.7480800540023277,-0.18008652853769433,-0.501305975239796,-0.11359288179885792,-0.3445283474280877,-0.33503142733957764,-0.4450919875059802,-0.37478146085932895,-0.5890041250108143,-0.3134391228104717,-0.3998134872198906,-0.25056539215928864,-0.2738976166762775
A,0.0,0.0,0.24862060909712236,-0.21452190141365898,0.41400520095006116,-0.510112446010296,0.37056149084979645,-0.7843925864150029,0.30338509622342097,-1.0,0.1863894086269738,-0.7157748332831441,0.12603451267604435,-0.9166114474955497,0.12294486150110708,-0.7398432957924959,0.16123160949549897,-0.5717397789753832,1.9773953120486103e-17,-0.6611813553537882,-0.06630668181371437,-0.8455584906076967,-0.031078413407701375,-0.6075374264661486,0.03740645664227096,-0.43395916086595987,-0.1620742809911508,-0.5793628258711353,-0.22850241864807094,-0.7486230007573906,-0.17280531494395954,-0.5015340188027956,-0.10389693968269012,-0.3436180821191096,-0.31631575026401676,-0.4618245833844667,-0.3630038670201356,-0.5895733741263418,-0.2966358219953759,-0.40908082520596317,-0.2262378091977613,-0.292331421937798
A,0.0,0.0,0.2424969391124712,-0.19160277788044247,0.40831466112454745,-0.49365575070299256,0.3713639715686045,-0.7769960669297569,0.2976069070715667,-1.0,0.18901625200292618,-0.7004510261083563,0.12711990694820857,-0.8915583920125997,0.13752585663674807,-0.712779715452704,0.18423200321737587,-0.5575800761409845,0.0,-0.650787539451397,-0.06289490971002834,-0.8231960080134766,-0.011710264221653879,-0.588673273212323,0.060262693159260895,-0.43248843950224897,-0.16936340852948564,-0.5720462870079402,-0.22546070542124516,-0.7337306537711622,-0.15468985507280147,-0.4788312809331116,-0.08731881700580597,-0.3276828548905629,-0.3347791832923049,-0.46156486947313496,-0.3669512116174938,-0.5889840925645411,-0.29373325310208076,-0.39958671751272595,-0.2302328256150124,-0.2801618845089924
A,0.0,0.0,0.2469003199858664,-0.194386582443092,0.4112179490494896,-0.49874342196240373,0.36598919605802255,-0.7764060910429004,0.29030984589285397,-1.0,0.1846094665003916,-0.690953944000017,0.12919762025904497,-0.8979924234227772,0.13583795255055012,-0.7276062332761899,0.18052464502185284,-0.5566723570971337,-1.9532414226211117e-17,-0.6381057185900993,-0.05839907159070322,-0.8360445504818137,-0.017313274268814894,-0.605600678735907,0.055925712469465025,-0.4280610062438635,-0.1655700064663996,-0.5599624950587916,-0.2185612037981147,-0.7350415662113106,-0.15394175104488053,-0.4823294129416453,-0.08303118265722711,-0.31834347477148145,-0.32702894971662927,-0.45243380523481846,-0.35938852540533306,-0.5898026676321799,-0.29212460385544936,-0.39998797730446084,-0.22724037479515088,-0.27123779073476195
A,0.0,0.0,0.25050453859818705,-0.1933796156215646,0.41215387852124025,-0.4956974269410873,0.3586968207966691,-0.7766411028982336,0.29290175708156774,-1.0,0.19187841813181145,-0.7058308335138189,0.11853394340230987,-0.909398778621869,0.12863775872719116,-0.7292367054118913,0.18480962701854484,-0.5577457455574145,0.0,-0.6536970204832027,-0.06400408913404926,-0.837864272419333,-0.015798746877774408,-0.5945666742733019,0.06187748251953453,-0.4208249578089611,-0.17393344029212793,-0.5734763433036792,-0.23255330772936586,-0.7373562460798903,-0.1596791494717016,-0.4702806860155121,-0.08320716682423901,-0.30735863727696194,-0.3465383589890449,-0.4602198198356976,-0.3804597510233251,-0.5988741615607118,-0.3012223891299877,-0.39896754413266894,-0.22755005189405822,-0.2691460630930773
A,0.0,0.0,0.2485757052659495,-0.19900000240466648,0.41415010198920277,-0.5000915148835802,0.37066014538574904,-0.7791494390173388,0.2951173575329006,-1.0,0.1901667242717877,-0.690208557816681,0.13496593409495977,-0.893857410056594,0.13814014499801164,-0.732385596741787,0.18312586236058595,-0.564512179261857,0.0,-0.639033597558953,-0.04901073827746871,-0.8327741943556216,-0.009308088067490727,-0.604652079353675,0.06015283599754709,-0.42153606198502763,-0.17216225617269476,-0.5592873715998352,-0.21460125834959323,-0.7326607203944684,-0.14537561845827324,-0.4791792151475591,-0.07187272652710959,-0.3079778255985301,-0.3417005913153958,-0.44551799565508826,-0.3635415943378005,-0.5875688353649334,-0.2840559987737815,-0.40024162320679985,-0.21205832009315118,-0.2682253558900275
A,0.0,0.0,0.24441508631063275,-0.1908050154680093,0.4093416685337485,-0.49508092867659986,0.3664389980550254,-0.776421668467163,0.29404740630589843,-1.0,0.1913105690129797,-0.679903207919392,0.13712369897733004,-0.8871868422780305,0.13494344375047876,-0.7154532495420574,0.17465569167547462,-0.5404710246710575,0.0,-0.6274729052130198,-0.05340998253043681,-0.8283266899002054,-0.017112917420574025,-0.5927215688001679,0.05376357817860522,-0.40272239673327664,-0.17004933186928115,-0.548293344513664,-0.21843289141973066,-0.7176974593348378,-0.14998251974847548,-0.4582015902403705,-0.07355484574863846,-0.28473370733748815,-0.33698865475456274,-0.43752325637171663,-0.3656892817008542,-0.5710908664123104,-0.28680564496656846,-0.37876319639726985,-0.2113626701403012,-0.24583909191908634
A,0.0,0.0,0.2444226685258549,-0.18532768882634,0.4140777457343009,-0.49618082116030005,0.37581231059146686,-0.7757443351418264,0.30842487768981236,-1.0,0.1912626436884954,-0.6934105162088957,0.1490592745176608,-0.8891900699746639,0.15310297811114054,-0.7251952029326123,0.19268357334842817,-0.5533473781518159,0.0,-0.6410575575486716,-0.034885551414166154,-0.8364886740877714,0.002045177845218071,-0.6093428031768744,0.06666886474868215,-0.4187441858763307,-0.17092966079126237,-0.5604644964409586,-0.20333696014700084,-0.7273289385951741,-0.13637635132140907,-0.4693092086222473,-0.06464800949432245,-0.2918565204432682,-0.33934908343294656,-0.4464871906741459,-0.35383264055060204,-0.5751561972988843,-0.2744943437857952,-0.3860213084638959,-0.2015728203208061,-0.25432393515179524
A,0.0,0.0,0.24157139842486386,-0.1969480588134394,0.41450981641118795,-0.5062683652739793,0.3767533738960543,-0.7795871728227559,0.295672388362418,-1.0,0.184221011782258,-0.7009853240301503,0.14704212498014263,-0.900801407594638,0.13715667519381652,-0.7385348881702487,0.165568326935648,-0.5590066414621587,-1.98486435861445e-17,-0.6476674115307758,-0.03931425503612169,-0.8483987148492753,-0.017777483576671627,-0.6263689059458861,0.04445821059738724,-0.4275549074759975,-0.16876775330407276,-0.5658578551626997,-0.20936824586674233,-0.7331954369209337,-0.15304801346682959,-0.4861350392644866,-0.0798605053874474,-0.3076523605785451,-0.33665542327735165,-0.4496991218574154,-0.3582439663134066,-0.5871223533586915,-0.2886150676952714,-0.39861144506817037,-0.2168416126284473,-0.25998247261964086
A,0.0,0.0,0.2446918700798956,-0.21008911840852462,0.40341590426810203,-0.5232213637890226,0.3588828042374864,-0.7897585184275892,0.2855425268623204,-1.0,0.18325410143155887,-0.6978533597583232,0.1364925195219267,-0.889722695007803,0.13118633745410685,-0.7344532366653221,0.16041406380304615,-0.5525753460196066,0.0,-0.6391326921622419,-0.04931863962566324,-0.826601141319243,-0.021149717032976724,-0.6120074850620509,0.041241070237191854,-0.41199203677701973,-0.16519247202071452,-0.5537665445405833,-0.2178926105253767,-0.7198496107503632,-0.15495998036417857,-0.4826081884002577,-0.07943114840155235,-0.3011903591809713,-0.327729631276866,-0.4353248126735537,-0.36117645174231694,-0.571289217632655,-0.2901027739934142,-0.38740096242782834,-0.2174052235202627,-0.24772444929631657
A,0.0,0.0,0.2510822640072729,-0.21575523190528112,0.4168319483909414,-0.5194957859114024,0.3840160449720728,-0.7870793228157476,0.3107428522567922,-1.0,0.18296218296187494,-0.6952352575259526,0.13812372736525824,-0.8916160306660721,0.1416218311421831,-0.7436993732413532,0.17768661490986368,-0.5682191437890998,0.0,-0.6384927261152538,-0.04866090253790564,-0.837507770685859,-0.02034198734654471,-0.633943895140095,0.04075172475739713,-0.43865867386242613,-0.16734036232306324,-0.5557217285549122,-0.2173068833226038,-0.7294766846586946,-0.15472113551766045,-0.49878026841970924,-0.08010470389516314,-0.3178866049851507,-0.33223296084129395,-0.44060824729052184,-0.3626662487679252,-0.5832545398640225,-0.28917153644974936,-0.40443126739916885,-0.21456591776645986,-0.2612191124632899
A,0.0,0.0,0.2558190562975489,-0.198571108245314,0.4383188948655195,-0.5127787764165398,0.4155013706240608,-0.7829600395729938,0.3338086256291408,-1.0,0.1944980552923904,-0.7087896761064275,0.1660268737801703,-0.9097418778349412,0.17928781322411166,-0.7568059631918653,0.209195771031357,-0.5714390022087088,0.0,-0.6526901644347314,-0.027079337120662225,-0.8463823469609927,0.008454655297053993,-0.6368110490645942,0.06347998026817922,-0.4341687436059712,-0.18156873325914596,-0.5637828880008918,-0.2101090993537295,-0.7385423101974223,-0.14439908074821273,-0.5074844035469173,-0.08027236663346675,-0.31915516242065256,-0.36245990818583557,-0.4401313246919758,-0.37462095715918875,-0.5951071337133,-0.2944091048640058,-0.42285859115243113,-0.22841574968238776,-0.27705118961582526
A,0.0,0.0,0.2578512127853212,-0.19538033185845846,0.44687449540532687,-0.5095130212448737,0.426511665806243,-0.7836317378185272,0.3451115445509104,-1.0,0.1917862284445682,-0.7110600919182423,0.1660771764613899,-0.8991169854328472,0.17538302178090942,-0.7408106738955148,0.2042082010040939,-0.5617144625835166,-1.0774433560328426e-17,-0.6490283433935295,-0.024277058943247234,-0.8548993135113959,0.009127533404267986,-0.6455296497496352,0.0667354603991795,-0.4502800692002241,-0.17548253114318546,-0.5567831548711716,-0.20196835292819315,-0.7449003848063536,-0.13759775422343487,-0.5144354272920373,-0.0688558763894143,-0.3341900259794112,-0.3508269610163191,-0.4321044602932092,-0.3618735675185329,-0.5832227314974537,-0.283212408621019,-0.410472508638691,-0.21380742906232936,-0.2710704129783869
A,0.0,0.0,0.25406619407404857,-0.18069409480377172,0.4454618531184965,-0.5032396539251985,0.4246217420603123,-0.7833670451757472,0.3372983523721705,-1.0,0.19405726076591337,-0.7072304680750767,0.17445185330971363,-0.9066004051304826,0.18664042618897886,-0.7429274550929187,0.21841874983652107,-0.5634621779249045,0.0,-0.6497429878631701,-0.02418664890670629,-0.8568910971171511,0.019080369550645463,-0.6392445359625029,0.08064683165311906,-0.44561013661325044,-0.1789337980412118,-0.5615974104025058,-0.20188127779788315,-0.747259104493671,-0.12883337570932937,-0.5068683592925836,-0.05942777273056822,-0.3271746560216619,-0.3584969915444932,-0.44244275599055044,-0.36558435732458877,-0.5901474182808225,-0.2813140595824017,-0.4089594231097404,-0.21375061340151832,-0.27164217581252903
A,0.0,0.0,0.25208534643594543,-0.17260900668853632,0.4496302519390753,-0.49205283461884824,0.43333439526494116,-0.7713981921987341,0.3532881771169217,-1.0,0.191212155774449,-0.7075172499169861,0.16985776040377032,-0.9186944722965125,0.174087656288579,-0.7692731963243411,0.20860222835034556,-0.5913295615394977,0.0,-0.6509976126688312,-0.01828535317312568,-0.857264219470307,0.019415766670136916,-0.6355174214630445,0.08831945351555594,-0.4375778975642982,-0.1787823750826482,-0.564401003881019,-0.19138908918941686,-0.7429641948647628,-0.11972195275202842,-0.4934317337023137,-0.04294325711556846,-0.3116307100975973,-0.35905226957222275,-0.44691606084341784,-0.35532308290140074,-0.5858014923972672,-0.27191544791046274,-0.39689809922638475,-0.2010572878243336,-0.2586608923938525
A,0.0,0.0,0.25804589654675486,-0.19090343363896123,0.4436790940962262,-0.5052930248564209,0.4161064322862858,-0.7817502652440103,0.32918708267454466,-1.0,0.19501481783013994,-0.711325891800825,0.15720051365266555,-0.9177399197306084,0.16496719643614013,-0.7542683421937585,0.20318130773521612,-0.5713804210267126,-1.0785777786734483e-17,-0.647531214115587,-0.030623780026916188,-0.8530733401208486,0.004548506821495683,-0.6309938569453819,0.0698683137012628,-0.43200203219329963,-0.17933822243898126,-0.5531869832634492,-0.20141243919698262,-0.7383397787572739,-0.1315503172522185,-0.494040977527074,-0.05375129934601664,-0.3091376759184471,-0.35637201318711487,-0.4238152742015875,-0.3586767628844426,-0.5750214377642116,-0.2762218199055802,-0.3895560476246831,-0.20257439958671586,-0.24312469864255623
A,0.0,0.0,0.26120673666869815,-0.1833470803303373,0.45410581680981327,-0.492981795074572,0.434337456745908,-0.7729672887833584,0.35936094300212135,-1.0,0.19520811152725526,-0.7014296172716846,0.17888918724178768,-0.9127682923275207,0.1851735775586049,-0.7729316170710634,0.20862137312487872,-0.5994972694336584,5.408392471391066e-18,-0.6443136960748187,-0.006016255106635821,-0.8454652414207308,0.040189384263824575,-0.6151011489735542,0.09984538963758942,-0.41299273968647404,-0.17956463154958738,-0.5534440066991028,-0.17801857078441782,-0.7339334869788905,-0.10119188822707761,-0.4775985527966619,-0.03302291523820729,-0.28800850545094386,-0.3626687418173048,-0.42755980483700473,-0.3395309512133558,-0.5727790791908093,-0.2467759117941727,-0.3882097707341736,-0.17901324267106178,-0.24487136789289995
A,0.0,0.0,0.25215606868130014,-0.1910063562954446,0.43304201666109654,-0.4976185726646373,0.412091145145014,-0.7724110215719452,0.34724153476170944,-1.0,0.18343592941449027,-0.6989074044716229,0.1703035949074079,-0.9138255613724644,0.17582324854117298,-0.7765976778470179,0.20145388784230642,-0.6002009987391428,-1.0698878796028331e-17,-0.6397349609329385,-0.015822611207592926,-0.8411395916944507,0.023284103234827238,-0.624373575309506,0.08683133203154576,-0.4242494989913335,-0.17152135500479096,-0.5503032037367888,-0.1743989615190444,-0.7257090524925409,-0.10714211565867532,-0.4807211315252194,-0.03629506809142139,-0.2947168014539341,-0.34650161349168684,-0.42646939983870014,-0.3315885393449181,-0.5675680129365779,-0.24896295842010563,-0.3811615568130916,-0.17938485431786666,-0.23640493652927252
A,0.0,0.0,0.23961255813838075,-0.1913400566404604,0.40312468901473714,-0.5051524729438263,0.3833309436937625,-0.7749170717330564,0.333333728713876,-1.0,0.1732277850070698,-0.683186353991283,0.15429896316268663,-0.9116493318059549,0.16361067663190784,-0.787538794076788,0.19149122542866542,-0.6124449644964659,0.0,-0.6201748927475587,-0.0121919501392931,-0.8322287907814567,0.02290161603009809,-0.623094345206581,0.08085864149859835,-0.42493632446340845,-0.16539150770428823,-0.5301735832722587,-0.16351395756891288,-0.716701614793851,-0.10124914983530212,-0.479226880731038,-0.035902660783794255,-0.29602159897517216,-0.3339825599905963,-0.40977886136243413,-0.3159804899370016,-0.5669616624815871,-0.2424911577973169,-0.3916772845529658,-0.18369645719228683,-0.2479969968456927
A,0.0,0.0,0.24094136913667394,-0.21240008036757552,0.3935787140826811,-0.5240265126383337,0.37501827128526743,-0.7821170982145805,0.32543273173344317,-1.0,0.17513782015990678,-0.6964663204280449,0.15258096117313835,-0.9208926823909391,0.1637501486816237,-0.7993001529369365,0.18923312953384258,-0.6271111806746847,0.0,-0.6335437204465895,-0.013697945875259318,-0.8275506239431907,0.022873683763940725,-0.6182571138133491,0.07536256489839319,-0.4236943274848701,-0.16606289030225743,-0.543347616066555,-0.16061473779724206,-0.7110785854136301,-0.09809499591041415,-0.47327955680053935,-0.03623201352306248,-0.2946395826745215,-0.33414101303075194,-0.4195547638535123,-0.3043021761457731,-0.5601655616435839,-0.23298861942842122,-0.38561435463025945,-0.17789666181816086,-0.25145671374155454
A,0.0,0.0,0.23405551673277625,-0.20669232566695434,0.3805058464620515,-0.5143283383844208,0.3604271382140395,-0.7792115007953203,0.32173363560576274,-1.0,0.16180649565887986,-0.6890376093235758,0.1471179065455347,-0.9123566442331934,0.1706810274897053,-0.7897377954025235,0.19886339653896729,-0.6204107545274896,-9.969721355261442e-18,-0.6279213152998198,-0.0019058869348470091,-0.8262506462431369,0.04271318024773223,-0.6096685964417596,0.08650853470913016,-0.41598626871342803,-0.15634166415224837,-0.5391775239714529,-0.14599427332462864,-0.7204805525566096,-0.0792349663145416,-0.47766568280096355,-0.026271282308730052,-0.294363268881851,-0.3220354454046831,-0.4180110996005131,-0.29281883293580746,-0.5667711544371147,-0.21682768935516852,-0.3944065179754838,-0.16768492145474082,-0.25911666457555954
A,0.0,0.0,0.23390381777552116,-0.20672263906709537,0.38765590566706937,-0.5133805263784446,0.36800831381570637,-0.779366165854182,0.3374198944603771,-1.0,0.17051351803508452,-0.6873462049698296,0.14990074216556465,-0.9237434898535477,0.17360943182937252,-0.8100226939937119,0.20784521526761265,-0.6357410408379891,0.0,-0.6227371694281532,0.002570227626735411,-0.8264907298828393,0.04241716843532311,-0.6112551597215591,0.08823127087044895,-0.4083578657731774,-0.1623181336853745,-0.5346427201432546,-0.14565202527653157,-0.7126340067068283,-0.08437312251694702,-0.4737545236483577,-0.030652862659091493,-0.2884542494564974,-0.3331362164265707,-0.41748439275397503,-0.29360544129759675,-0.5711945968045332,-0.22362246273579092,-0.40137724806232494,-0.1776704730164448,-0.26209509815934406
A,0.0,0.0,0.2285935686662108,-0.21552742204655098,0.3694917755542907,-0.5190556330134607,0.34750999488442097,-0.7793245437889503,0.3124444373534508,-1.0,0.1641459491894606,-0.6937728684648093,0.14038120153838796,-0.9083593781768338,0.16295993869529676,-0.7632078357194477,0.1924231378740464,-0.5883712465417343,9.864472678978582e-18,-0.6306309105364807,-0.007937032552522467,-0.8212668953619859,0.03058056468508147,-0.6050024565240538,0.07424040774944428,-0.41462564201772106,-0.1586320535570101,-0.5450231828071197,-0.14906946711238322,-0.7060127281854269,-0.0874058971466781,-0.46816144165123014,-0.032827916254628296,-0.29238817409115664,-0.32281336949332223,-0.4301838158410664,-0.2915347458356342,-0.5665907567863381,-0.222118139326624,-0.39281260998620116,-0.1743962529684448,-0.25848750763422185
A,0.0,0.0,0.22463429001806764,-0.22200430477153787,0.3626998591334068,-0.5181924730163452,0.35610643278120274,-0.7768745846419587,0.32314287825252547,-1.0,0.16150129666599927,-0.6898629111802379,0.1418873544778537,-0.8967101814979463,0.1706216301290409,-0.7445616090122621,0.19831953424709647,-0.563234816994164,0.0,-0.6305244211092715,-0.0042233296328547795,-0.8204316167996688,0.03798399949188117,-0.599147415658359,0.07536564686482597,-0.4030721636520234,-0.15857330358435318,-0.5471429731575587,-0.14565772713289857,-0.7217061133032739,-0.08615390168025722,-0.47970756194120595,-0.04162963022514281,-0.2960260384058386,-0.32665140283657057,-0.4340134728531203,-0.2958327606255952,-0.5822803017973823,-0.22601503334093564,-0.40868445818990673,-0.18422556710465338,-0.2690371241729626
A,0.0,0.0,0.23294776404900577,-0.22455353944781103,0.36917886526749955,-0.5224725957138869,0.3560600481475328,-0.7784306348876548,0.30859553705938475,-1.0,0.1631457998700795,-0.6901236156046775,0.14456624920328462,-0.8934216118491203,0.17484837485297514,-0.7406515107143034,0.20179873099265552,-0.5633336574944909,-4.951843358088372e-18,-0.635592346138967,2.2138247835676305e-05,-0.818306722515992,0.04030985061996925,-0.5885326881186511,0.0731689156008244,-0.3929666446093176,-0.15818902655591005,-0.5556211710495867,-0.14915275410744486,-0.730877715568114,-0.09066564966662143,-0.47886578189263573,-0.04658903772524641,-0.29305517341712056,-0.32253547546088346,-0.4451254585004349,-0.298169778020135,-0.592832068555912,-0.22599439805190982,-0.40909734141936205,-0.17955769118319062,-0.266289095365612
A,0.0,0.0,0.23063826496432477,-0.2183296577690384,0.3700354535999099,-0.519253305788848,0.3569204394795192,-0.7799084742769415,0.2976161555591581,-1.0,0.16974105265633532,-0.6921163238730916,0.14070909087833167,-0.8885486531604168,0.1636831030014719,-0.7390699809540949,0.19382006364896534,-0.5628814465207477,0.0,-0.6369743947758343,-0.00707057913895934,-0.8223490439897552,0.03149799501939303,-0.6085399414852941,0.07150978049828162,-0.4131397530086192,-0.16387551394902064,-0.5567395139661733,-0.1622384626642382,-0.7345573204750908,-0.10257374478719744,-0.49423001167068253,-0.05132725050206958,-0.3055602177573616,-0.32978699913924314,-0.44682149382342995,-0.30916742400538316,-0.5951248393994202,-0.2369550249528241,-0.41467021047523084,-0.18556229434208407,-0.26761327843331006
A,0.0,0.0,0.2338395236729797,-0.20566130442614053,0.38378182122635074,-0.5121648216126579,0.37481566091035373,-0.7766317884785425,0.30841447525508375,-1.0,0.17190969485886745,-0.7028237923638139,0.15488870923541728,-0.8869246801011025,0.18007008253611484,-0.7116671022936818,0.20774244208459985,-0.5296387977877774,5.123055626062013e-18,-0.6533706929985305,0.006415742225181231,-0.830672987422924,0.044251435789400634,-0.5951609408862476,0.07857126079101111,-0.3966733733538545,-0.16716053843700063,-0.5764921754728166,-0.15195196044975226,-0.7556121451804059,-0.09220668919519268,-0.4993099467364171,-0.04640527078763668,-0.30555681456456,-0.3374916692160846,-0.4688263814101253,-0.30665044319919665,-0.6159854585899667,-0.2336234257908412,-0.4271850884328909,-0.18587868216450656,-0.2765583842921436
A,0.0,0.0,0.24292516738734934,-0.20946776358696817,0.3904503115213888,-0.5118323099747202,0.3715187049697856,-0.7809981335456466,0.2990716739893592,-1.0,0.174398397927373,-0.6921102916465783,0.15595776353515622,-0.8780732945401977,0.17862794514167235,-0.7009354661953927,0.2052296228867977,-0.5162622781497971,0.0,-0.6446413858036306,0.0010213700347212365,-0.8327039501107573,0.039918126239038856,-0.6005474873120621,0.07832769584943665,-0.3983658034513462,-0.1694945672981731,-0.5691591298219659,-0.15786244538488386,-0.7569093086687737,-0.09643492979075327,-0.5042932962446249,-0.04878046211927605,-0.3096138792132392,-0.34256966533181576,-0.4613475270571053,-0.31235120735417055,-0.6118778364999949,-0.23171615216063032,-0.42459227107226544,-0.17776887998947624,-0.2738163414791154
A,0.0,0.0,0.23926538829409144,-0.20654107381409081,0.3778358665495536,-0.5181861330954703,0.3560147052062973,-0.7828490994998468,0.28916028926938847,-1.0,0.1708251616424613,-0.693390755651336,0.15736891548015328,-0.8772409082329929,0.18602269818823897,-0.7035605713524612,0.2134684548797426,-0.522498016962826,0.0,-0.6467102545538645,0.010042521911798073,-0.8315008464812723,0.043709944308428415,-0.6023073432490287,0.0748466083251822,-0.4042498397589071,-0.16767344580191448,-0.5710235996351019,-0.1528467089651766,-0.7559345258285771,-0.09563122455491313,-0.5059402331104946,-0.05081207092881645,-0.3137247533168134,-0.33837825980311886,-0.4636723555786563,-0.30684220015123836,-0.6252470887164613,-0.23093613150434428,-0.440965386350083,-0.18040770550997182,-0.28845820090962776
A,0.0,0.0,0.24033917041440045,-0.20144110147897448,0.3837080646208312,-0.5155437140640136,0.3611972035698383,-0.781752350158279,0.2948380313485171,-1.0,0.1757237632741133,-0.6979450002449239,0.1627575702915466,-0.8780714346162792,0.18667982924410945,-0.6936877496297398,0.20765672312353228,-0.5125984600376307,0.0,-0.6512452083318305,0.0014627759323775065,-0.8386531346846581,0.040841177916271836,-0.5966796477133259,0.0719709655529122,-0.3988217735157099,-0.16798262776231931,-0.5759486532283706,-0.15801420259785368,-0.7653061881681026,-0.09332420068457954,-0.5090003503492441,-0.0495267006380164,-0.3202559580398391,-0.33576976225431804,-0.4681488773489368,-0.30961609265762613,-0.6323257696136702,-0.23236051008889305,-0.4448736341351546,-0.18652606160483148,-0.2967428045854574
A,0.0,0.0,0.24445552150877073,-0.20658993960091057,0.38457114841101714,-0.51635660909658,0.364325893963481,-0.7832800121386692,0.29746756724766965,-1.0,0.17368759683157287,-0.6947372249494856,0.15550506825067817,-0.8871784064840594,0.18544914567324997,-0.6968189193843233,0.21386460377804656,-0.5076689901425064,0.0,-0.64678676097409,0.0015190731979835381,-0.8395140297245898,0.04450852493768855,-0.5978310760468839,0.0835110062512357,-0.3973315092126979,-0.16871134872470386,-0.5705870000730319,-0.15954220152402668,-0.771890884153287,-0.09429716926600994,-0.5155313889009012,-0.04454243012341017,-0.32075928314386914,-0.33932484573276667,-0.4620741202229839,-0.31325129675315566,-0.6331405759954191,-0.23181909655321997,-0.4501103851125446,-0.17713123212830062,-0.29735337874830103
A,0.0,0.0,0.22749867719925976,-0.227203422406175,0.37541074106928335,-0.5299821538948298,0.3598067734845423,-0.7891791783465778,0.2798691275926461,-1.0,0.16709569778127537,-0.7031235918789386,0.14528437526758653,-0.8898396296502056,0.17360174837097528,-0.7253363065497511,0.20758787739680265,-0.5545431489967475,0.0,-0.6496076044952591,-0.003481854596109171,-0.8264067926925643,0.05365819191729026,-0.5975681067011364,0.10558137816129673,-0.41071145615516724,-0.16000515493744968,-0.5736615984816167,-0.15715407067895065,-0.7594743652222411,-0.08406260916672056,-0.5187784738165538,-0.028528587056120765,-0.33511910913178683,-0.32173776472633375,-0.4692578788064221,-0.29220220546500564,-0.63440862592457,-0.21527153393912807,-0.4634066378551518,-0.16803642138424654,-0.31611409121268796
A,0.0,0.0,0.2409122274683123,-0.21647957739737347,0.3850190866114342,-0.5175231566610434,0.356391928183139,-0.7825896203106815,0.28218178876996025,-1.0,0.16982751847188332,-0.6988150822976313,0.15088172544621917,-0.8873184735116084,0.18465853410718253,-0.7078446904260752,0.2152357376430243,-0.5273587061769972,0.0,-0.6500125503147088,0.0019923981567811296,-0.8416859279311487,0.048613084906761375,-0.6084984089284446,0.08558109493592637,-0.4108936147060219,-0.1627074414280097,-0.5743816891150823,-0.15138355001512366,-0.7674106371957936,-0.0844758697931637,-0.5124218061820544,-0.03652752262552269,-0.31744827170630546,-0.3266083016693451,-0.46655479324774696,-0.2949548614180529,-0.6316937683725077,-0.21827257771955805,-0.4483272617884854,-0.17018292903522084,-0.295677288023221
A,0.0,0.0,0.24338057419895093,-0.20709587535033286,0.3895113198288172,-0.5162518350487398,0.37030765530137744,-0.7832417719795328,0.2996947820816972,-1.0,0.1728537859572157,-0.7018193999838163,0.1637178690087409,-0.8774508085971116,0.19659419465223246,-0.6865229509506359,0.2221544728546431,-0.5058581060993889,-2.5567509595572937e-18,-0.6543298967429604,0.013654980414603621,-0.8352129546961111,0.0632926355833007,-0.5945498993651116,0.09498090230491632,-0.40385156316043325,-0.1647803052775026,-0.5778884562879671,-0.14693440393013174,-0.761783594205817,-0.07443736954339614,-0.5035450412271486,-0.030149690475379052,-0.3171594198154615,-0.3318664214991214,-0.4690169913196243,-0.2938135733669508,-0.6189935771961514,-0.21167225372827536,-0.43176613515116663,-0.16599874760973243,-0.28824644264330274
A,0.0,0.0,0.24141804565486397,-0.19634675769280013,0.3903348936978121,-0.5093933382773949,0.362679038920652,-0.7805132771859978,0.29458548118266303,-1.0,0.17144102580985415,-0.69343728474105,0.1561854203111821,-0.8854680386736866,0.18567092883025052,-0.7081802045049282,0.21740738604960438,-0.5265016642955153,0.0,-0.6401017244717336,0.0039540307029608856,-0.8305907963500846,0.05306134317858612,-0.5975251479164242,0.09951181252935441,-0.4010210205596292,-0.16447308955805864,-0.5604062233543562,-0.1456863485439083,-0.7382657027218014,-0.07438031375953189,-0.48614897387977646,-0.021176356245190497,-0.30070452425667255,-0.32964175673087326,-0.4496913565612551,-0.2955287414242006,-0.6000714957829124,-0.21184593795623474,-0.41273685103903857,-0.15690324934807082,-0.2665645287585375
A,0.0,0.0,0.24516298647321097,-0.2049743006472172,0.38910946013681447,-0.5160126590046846,0.3614578637168157,-0.7813995730630028,0.30363828572911294,-1.0,0.1727558734121936,-0.6972541052542187,0.1640863938489145,-0.8822784735890092,0.19677348550351925,-0.6991300498271605,0.22544410413374036,-0.5152038330436185,0.0,-0.6476589421692933,0.006043261129257227,-0.8399010918104117,0.056080406655553736,-0.6069577915142267,0.09758259452180944,-0.41134827191062723,-0.16505772741096475,-0.5708218917522188,-0.14572472117918386,-0.758096936496563,-0.07948749539209544,-0.501037924223998,-0.034909344696353706,-0.31169754844910214,-0.33150656364533865,-0.4611567426323588,-0.2944426593560448,-0.6096751616753936,-0.21698751207946868,-0.4226200293167671,-0.1700149320802282,-0.27609606814865734
A,0.0,0.0,0.23331345100582965,-0.19630744104789732,0.38426496896269197,-0.5077808588233306,0.3619111724251485,-0.7780090715355036,0.2997365722676397,-1.0,0.17254506988490373,-0.6908118147542568,0.15779888387011196,-0.8824347396022721,0.19226186335798395,-0.7080029540499577,0.22117648552158642,-0.5303149894474404,0.0,-0.6366164510261791,0.004352715938314634,-0.8343787246379791,0.05614624612267822,-0.6053931361328172,0.0955820168902501,-0.4100463176540748,-0.16509959616652126,-0.5555950413920426,-0.14513485191594852,-0.7411196989503492,-0.07458464125729371,-0.49061273251063015,-0.029390860749853392,-0.3031105370384713,-0.3316735333475456,-0.4431152411063373,-0.30002039437885586,-0.609035607415013,-0.22164330553375555,-0.4346361028378611,-0.1755673881705796,-0.29020860086066846
A,0.0,0.0,0.23142055518782506,-0.1965798609554,0.3804491443556985,-0.5168471935875246,0.36483898954515376,-0.7831670900404779,0.29601029375919596,-1.0,0.17244282691293267,-0.706592843452348,0.15857217185751876,-0.8845489735335615,0.18979181728169295,-0.7075616834110723,0.21628909307316282,-0.5307797970421221,5.2429840254551985e-18,-0.6515253063171887,0.004122305192941652,-0.8311686737405285,0.05743948595969282,-0.6026921070030985,0.09657465447385909,-0.4127163805935584,-0.1634629244249009,-0.5685499226461294,-0.15329597344217857,-0.7438301633093253,-0.07427545946025284,-0.49779189176750893,-0.02362153576223242,-0.31603312225627184,-0.32617679240913233,-0.45286422186918057,-0.2983855220706675,-0.600665010869929,-0.20998539250222567,-0.41722345980203557,-0.1568123134046873,-0.27472267659768596
A,0.0,0.0,0.23750910092884658,-0.19071094608339928,0.3834216107626009,-0.5098860410284551,0.35291803024754387,-0.7836706061350525,0.28201163468935614,-1.0,0.16987815300853998,-0.6977512147372488,0.15637383813228795,-0.8742813850515111,0.1863090316139737,-0.6956098767282044,0.21961917906198625,-0.5134624884200746,0.0,-0.6405556116519868,0.0006801104384203809,-0.8266794720489514,0.05125839739177337,-0.6007315202324247,0.09852796269870882,-0.40508848526770724,-0.16007719666112574,-0.5566072892539495,-0.15315989752804907,-0.7278250516604028,-0.0759301560807137,-0.4830587692483444,-0.017177675332261808,-0.3012830915810898,-0.3206585815684303,-0.4409617887628588,-0.29086017068755277,-0.5668726748825916,-0.2002067094748698,-0.3859196258746194,-0.13631771049745187,-0.2493354996903083
A,0.0,0.0,0.24198790804528392,-0.18843343685424532,0.3935896195201925,-0.5057732292710725,0.3620988338135148,-0.780227825264944,0.2933117806257408,-1.0,0.17670189960157184,-0.6951133082668856,0.16716615706662602,-0.8835001683701558,0.19688001171325661,-0.6960901390534832,0.22420711912907815,-0.5108780109869799,0.0,-0.6397376586698925,0.0031977234219891593,-0.8245564816489763,0.057275294898977834,-0.5940617571485344,0.10243159341909161,-0.4038857530951069,-0.16456961152943334,-0.5538820536165778,-0.15573474518153063,-0.7346437256373459,-0.07756282773288951,-0.485228740528328,-0.021689756409631607,-0.30430625838057523,-0.32808225973846056,-0.4352837845335477,-0.29834478180447926,-0.5728940691792755,-0.2085441264621927,-0.3918542488084602,-0.14907456131910451,-0.2545971616156398
A,0.0,0.0,0.2299926309537737,-0.19516667378815203,0.3732342700525589,-0.5087236126625939,0.34539835205918273,-0.778628306743059,0.2725137959972596,-1.0,0.16755906404525,-0.6921869119448795,0.14949318459677843,-0.8828654184822997,0.1758793458940465,-0.7068730279137612,0.20651869748755197,-0.5283762108139745,0.0,-0.633997255741236,-0.008914221018693116,-0.829392043492966,0.03864158700019203,-0.6055508178784069,0.08633325421974168,-0.4126920951660012,-0.15901419104530887,-0.5493333764229162,-0.16368895535466232,-0.7326497339848486,-0.09231008007956865,-0.4894698299174659,-0.03468007214856003,-0.3093625464229942,-0.31970805112120815,-0.4339318711406011,-0.30004361707308214,-0.579409911528916,-0.2178568656021378,-0.39903938316821336,-0.15977924426386808,-0.2594655282216299
A,0.0,0.0,0.2294410065083973,-0.21371651630484434,0.37105857735586434,-0.5165834265266118,0.3555693823241062,-0.7839415419797763,0.27890845374153744,-1.0,0.16495771908564663,-0.7168624955448282,0.13953803424948355,-0.9093933872594288,0.16470893218305233,-0.7375437027036875,0.19860401201873265,-0.5621208378355261,0.0,-0.655621626593738,-0.021836774429056478,-0.8442177304588396,0.03737543510545788,-0.6284226448911125,0.0961452284394965,-0.4404177135242847,-0.15666562937121922,-0.5674127571421079,-0.17321653652241994,-0.7421280735749165,-0.09220898621090351,-0.5136327088679141,-0.028104899835986203,-0.33885860527256123,-0.30861143515522294,-0.4490173084170422,-0.2991666066776845,-0.5952888101361878,-0.2131909772446678,-0.4276827070956689,-0.1518955731239908,-0.2898428123466809
A,0.0,0.0,0.23934051362281772,-0.20634857551580515,0.38238578774118315,-0.5127826968643661,0.3470818112645812,-0.7830407123010393,0.28083345847460334,-1.0,0.17450857620286625,-0.7042466242715422,0.15389432734122513,-0.9029595880598367,0.1731820029551949,-0.7080541456602717,0.2005292822622196,-0.5299473596490508,1.0262266838609847e-17,-0.6469410458229392,-0.0019873580097952296,-0.8445053582111256,0.039970080200032246,-0.6117027316446761,0.08209638613655978,-0.42540758924829464,-0.16191932327032482,-0.5621384914301962,-0.16036026081398197,-0.743023329907495,-0.08996525502027111,-0.49315411081384397,-0.032517465614979195,-0.31409663404204535,-0.3230624814596506,-0.4449564408816653,-0.30157093644066885,-0.5866809689610828,-0.21256092220962608,-0.4074344358263922,-0.14826007564380075,-0.27185923354940156
A,0.0,0.0,0.24660335100881037,-0.1983933934072315,0.38957538616336784,-0.5097353172156314,0.3479549253881543,-0.7807841836855949,0.2780053954680629,-1.0,0.17686720924401156,-0.7109693930859263,0.14919292720508895,-0.9053769550549178,0.17218358853812032,-0.7088818924021644,0.2063833573018138,-0.5220718523200624,1.0420649422673026e-17,-0.650893350048133,-0.017107603297957106,-0.8417718291250291,0.027328501097256333,-0.6051678924723111,0.07865291655362278,-0.4109551144848943,-0.16493519102941817,-0.5632205350983259,-0.1757265867781828,-0.7340231176024297,-0.10354838971946251,-0.4835311839633261,-0.040265801386396655,-0.3049030278428066,-0.3278279649104986,-0.4431018463599055,-0.3200933690196553,-0.5761755248081732,-0.23439301367831783,-0.38992886403209004,-0.1667663074874205,-0.2526732627147386
A,0.0,0.0,0.24512049472483854,-0.1974474034565628,0.3977171895940645,-0.5012759541120024,0.3607356674782972,-0.7736129850845952,0.29728652881133977,-1.0,0.18022623439875737,-0.7005237199226031,0.1545363091301055,-0.9042001607919273,0.1785778875550368,-0.7137818779778462,0.21356625925582687,-0.5230787099243631,-1.0475256298176731e-17,-0.6439357646450939,-0.008604574854817965,-0.848176343691573,0.02946264430465618,-0.6139537242974223,0.0763223958602425,-0.41504687245674293,-0.1675332133916139,-0.5570201916856645,-0.17078516651073103,-0.7388519689262831,-0.10619626869920891,-0.4836788413284966,-0.04642753376972875,-0.29965195205266176,-0.3336355623075693,-0.43664870630028313,-0.316918139346729,-0.5761827783887674,-0.23765350758704964,-0.3879789235830246,-0.17650207281185148,-0.24575881649780149
A,0.0,0.0,0.24378872953499178,-0.1971885704013263,0.3950810211874957,-0.5022336260910936,0.36553030448727836,-0.774478403233285,0.2964884349278922,-1.0,0.17822358106350827,-0.7029354683076247,0.1561498553741434,-0.8945968391507105,0.1807006079225956,-0.7003047177692572,0.2129833526578337,-0.5100609712504569,0.0,-0.6480068500884357,-0.007725408400631322,-0.8347363166857267,0.035958148940554636,-0.5962490274427518,0.08269483115252282,-0.39812958649325425,-0.16689180396949194,-0.561559433935697,-0.17117348900636464,-0.7359659736108504,-0.09917548256214015,-0.479782246351772,-0.03983956201953288,-0.2942149291123437,-0.333285780539205,-0.4415433671099404,-0.3217010588895198,-0.5732925003146985,-0.2298824242124919,-0.38707978243845853,-0.16194463672275008,-0.24701506628338343
A,0.0,0.0,0.2427326555257682,-0.18652607198845259,0.39263183493100245,-0.5007106600834637,0.35290201380003056,-0.7740592299819512,0.2968957843676107,-1.0,0.17898504040633761,-0.7052317577858106,0.154256927013804,-0.9053715463257869,0.17430927449101774,-0.7128778326142602,0.20268874007422844,-0.5210935695969968,0.0,-0.6508966145767761,-0.0065437472999889746,-0.8407732171009408,0.030136587270318583,-0.6014058692321991,0.07169831774057309,-0.4023001081142615,-0.1684854532309745,-0.5675285710677543,-0.1717598066902,-0.7506864265730604,-0.10787523695832653,-0.49266720608288367,-0.051984444166626426,-0.30610316492090883,-0.3368486455037403,-0.45159777425304315,-0.32658438317059196,-0.5864739891409593,-0.2443344469833506,-0.39437393333249376,-0.1811901113522931,-0.2528671620098997
A,0.0,0.0,0.25243482899266423,-0.1921384232514622,0.40830975025716887,-0.503889227903554,0.37054261352105444,-0.7757483134095521,0.30827196164922466,-1.0,0.17987544975760753,-0.7024670438423569,0.15478760600915617,-0.9057665539561093,0.17778790680548814,-0.7099566306394188,0.21107706776127869,-0.5215728606366219,0.0,-0.6464598560328637,-0.0059953632876505875,-0.8394780749853011,0.03425028987068048,-0.5941645833741239,0.07937212311409751,-0.4025779463039003,-0.17060468054779027,-0.562504854961277,-0.1723534023336311,-0.7451905775877778,-0.10618096125682024,-0.4822212910789786,-0.049058777461722415,-0.30164014422778207,-0.3414777778591123,-0.4469620161826631,-0.32261298016909207,-0.5796504827464132,-0.23936840365388923,-0.38660012008377065,-0.17873790595832756,-0.24967850596813582
A,0.0,0.0,0.250368634440134,-0.20000276366642505,0.40425550564403984,-0.5100307942323886,0.3692848501201806,-0.7782980792602566,0.31514191155983506,-1.0,0.17768517394475367,-0.7039840856538816,0.157803639851819,-0.9091899709475023,0.184655846454314,-0.714984360275464,0.21606528168581968,-0.5289340914198348,0.0,-0.652260158369672,-0.004385003311343272,-0.8514928745681148,0.035308246882922015,-0.6099634062681665,0.07692593616659278,-0.4162167343131577,-0.16990479247416312,-0.5725438581373956,-0.17071417698157434,-0.7617048163079602,-0.10642839056348154,-0.49972036508219786,-0.051332877206486244,-0.3169929145205916,-0.34018148876981247,-0.45932140717106135,-0.3232473627930603,-0.6100358158869171,-0.24429971841327716,-0.4170472750057979,-0.18705245152740455,-0.2735805730734324
A,0.0,0.0,0.25533891456704433,-0.2050547816474138,0.41440369476393063,-0.5116947672076725,0.382660233835185,-0.7785828869237281,0.32539200957919867,-1.0,0.18328288110223856,-0.7161724483664014,0.15835529670229914,-0.9152179663463043,0.1789733909507448,-0.7161950542028128,0.2089912722958039,-0.5249526739615393,1.0541738975116091e-17,-0.6622226364727218,-0.004530203692327743,-0.8642349538287409,0.033442026916774475,-0.6230135671931315,0.07582699323034438,-0.4199510618730582,-0.17135768143505123,-0.5797665445412004,-0.17314584127834642,-0.7734543108973201,-0.10620758687611986,-0.511755003231985,-0.04832969124348526,-0.31866461567949894,-0.33987354246881935,-0.46428353481583506,-0.3230028302405749,-0.6251917941071092,-0.24241959708050534,-0.4347927871054365,-0.18237014204441707,-0.2845030117976296
A,0.0,0.0,0.25451372550455204,-0.1946181004208495,0.41259135707691386,-0.5059569464360452,0.3775754521730848,-0.7779083123519798,0.3251840043238102,-1.0,0.17936243880370523,-0.7132373938204374,0.15372326876405532,-0.9183747749145169,0.18165925875700925,-0.7164345426668002,0.21250409522445435,-0.5282576460559348,0.0,-0.6613970333224717,-0.007462917855006038,-0.8621084265715825,0.04028305605518975,-0.6144656324355262,0.0803216724959664,-0.4192472932424988,-0.1702164184172589,-0.5791676345819587,-0.1738541170762236,-0.7810697069664222,-0.09872732328352317,-0.5156289157901506,-0.04598392140543554,-0.3276389483073792,-0.3426187944410779,-0.4618115242783687,-0.3233652070852412,-0.6246021179024264,-0.2347150766392775,-0.4385938152779629,-0.1781271544700716,-0.29555661735522676
A,0.0,0.0,0.26734330717713456,-0.21855344121205753,0.41936163223168105,-0.5172136383028587,0.38140464641219685,-0.7824851699899835,0.3320748681396243,-1.0,0.17973694651137737,-0.73630840699645,0.1530011518407271,-0.9490472639602933,0.18677000208405004,-0.7526813866144514,0.21726402866956085,-0.5723595179899023,0.0,-0.6790379090367374,-0.004033530066640218,-0.8758929010614331,0.05599556408560648,-0.617602683501473,0.09593646737641756,-0.42714844946324926,-0.16835370207271214,-0.5957032077815625,-0.16201618500834608,-0.785499455397366,-0.08519556815755194,-0.520393705132732,-0.040603393785483194,-0.34251693387312027,-0.3353234442517013,-0.47881516896195636,-0.3088027157556315,-0.6455633580771186,-0.22513219908078994,-0.45691137518734953,-0.179193804542746,-0.31683410164733194
A,0.0,0.0,0.25448935648242316,-0.19868747190103636,0.40980797063987673,-0.5075323975509466,0.3708315641419712,-0.7785119397613408,0.32051139757722497,-1.0,0.18008405367837566,-0.7280798847348513,0.15965699999163896,-0.930415867147461,0.19131287545994582,-0.7279656538817093,0.2209101893223231,-0.5420359058843925,0.0,-0.6781665412102955,0.002885744419952739,-0.8755434291945913,0.05225274602160057,-0.6297569274961824,0.08821154269343444,-0.4406628852508463,-0.1674243012331038,-0.595821557078703,-0.16546061508879814,-0.7992197555989174,-0.09037121136712506,-0.5430245465007864,-0.04121392297609748,-0.3606980915477637,-0.3337287766972865,-0.4766536938563774,-0.30558926488530597,-0.6447507348716239,-0.2217386572897926,-0.4600272128225385,-0.1712914065426115,-0.31616163856813895
A,0.0,0.0,0.26050769904064847,-0.20461986027823265,0.4104418939036659,-0.5108965105962722,0.37270877639152716,-0.7785970356768119,0.339096853035423,-1.0,0.18130985946539552,-0.7336958796697307,0.16781992798073161,-0.9284711344649238,0.19702480953079904,-0.7238106388956185,0.22576203855738686,-0.536225019217108,0.0,-0.6839176411627508,0.008924812191906994,-0.8834800505135919,0.05854968455271133,-0.6379877800345612,0.09821887264790026,-0.44266970085327084,-0.1696701781414889,-0.6031248776459663,-0.15643778300765432,-0.80088874594329,-0.07990307233831552,-0.5451544289639492,-0.02691418251713797,-0.3593764291771957,-0.3369327459217769,-0.48394567570750957,-0.3015616745423015,-0.6468930533139797,-0.21500420367241505,-0.4634347152693218,-0.1609697770129838,-0.31839094093312315
A,0.0,0.0,0.25279748305125976,-0.2028489590112446,0.3971328587274768,-0.5123319525698572,0.35048680282697536,-0.7814024999506799,0.31646552521327803,-1.0,0.17483636342282086,-0.7229717651937788,0.14633577099972292,-0.9245736931099927,0.18295758982138757,-0.723880029064699,0.2192511608860436,-0.5418836462227878,0.0,-0.6670656179098134,-0.0029580092700544998,-0.861961148279609,0.05387529859357374,-0.6189780867283204,0.09668736324148743,-0.4341152718567674,-0.16310661761777717,-0.5831131756580598,-0.1652767793106759,-0.7883217911578458,-0.08471412205316405,-0.5399761688256218,-0.030006550712398477,-0.3604032492908126,-0.32638538058613753,-0.4625439582575222,-0.30513759276757757,-0.63519865345908,-0.21694195102066804,-0.4590635999979684,-0.1613334840885262,-0.31672339086450496
A,0.0,0.0,0.25032753947207087,-0.2056956688271156,0.386007285012174,-0.514632998103804,0.3515236324401245,-0.7791108590884025,0.33232300138749027,-1.0,0.17620710456781807,-0.7267986176186496,0.16239398895973778,-0.9260828863016612,0.19712466185023467,-0.7266675928143387,0.22402523831103735,-0.5431336614529624,-5.025594262732667e-18,-0.679205354623644,0.0047232292386258585,-0.877656989197466,0.06174802415148605,-0.6393858330781367,0.0978485382958145,-0.45281566156104025,-0.1688119241588792,-0.6016930930078306,-0.16020654172038928,-0.8119303221526323,-0.08051443025946475,-0.566966437053112,-0.03494692463063619,-0.38401252480729026,-0.33807312836309206,-0.487079827061069,-0.3006147295690203,-0.6605706631926973,-0.21414007543207483,-0.48685768817730823,-0.1689112938619015,-0.34202793741100723
A,0.0,0.0,0.2599134498051017,-0.2119445645397335,0.4077002894115454,-0.5207421569643012,0.3733160005238049,-0.78192280874371,0.35317422544694577,-1.0,0.17728128519696165,-0.7306070334170608,0.16661930284608126,-0.935447074072438,0.2126619955207133,-0.7393092303776783,0.2440536555320272,-0.5544793058785793,-5.134616527408131e-18,-0.6782530732675147,0.004832754554151076,-0.8798807290137359,0.06914289447954919,-0.640142346171703,0.10932222382728486,-0.4542705647062738,-0.17029575412619083,-0.599934030744606,-0.1520535757566613,-0.8000558681865675,-0.07203460498007262,-0.5569263239840355,-0.027466636899287956,-0.37858342638275816,-0.34193094134223767,-0.4867689867118913,-0.29619325997365914,-0.6656279247350468,-0.21293615630219337,-0.492230435887889,-0.1728939135815957,-0.34896853764725916
A,0.0,0.0,0.25286009392449443,-0.20448605215584545,0.3977720786528531,-0.512863648981005,0.35965816445208465,-0.7793577149640253,0.34649823534603474,-1.0,0.17512670810453576,-0.7250670874036045,0.1595493576565837,-0.9236236086048795,0.20152122030218167,-0.730929371233372,0.23422854100013607,-0.5446263146642814,0.0,-0.6691791659868728,0.004658716340280407,-0.8623478547566116,0.0663304595553124,-0.6250196247223316,0.10970641590028746,-0.4320962459950071,-0.16589482973821273,-0.5880968320805272,-0.14975121923983714,-0.7690835391037236,-0.0688783164595494,-0.5264890983900881,-0.016386865491007277,-0.34335526963433355,-0.33265736283743286,-0.4736947378353926,-0.29674158335487905,-0.6447679809955628,-0.21234386498887847,-0.4746047478722485,-0.16400454943850395,-0.3292433317665697
A,0.0,0.0,0.25274041448339646,-0.19789204170566407,0.39527681480136556,-0.510749760467173,0.3565168327599083,-0.7801954007833537,0.3413571679570724,-1.0,0.17933467652039453,-0.7287110478888823,0.15404481422091162,-0.930173457419132,0.1911918957236597,-0.7327314593937609,0.22396986528975157,-0.5450254713124891,1.0192252067023032e-17,-0.6709412417503141,-0.006242401785275397,-0.8576204018503646,0.054700419640537644,-0.615548272556803,0.09999364704034362,-0.4235341888951941,-0.16998688127612865,-0.5889002375065526,-0.16615205091294877,-0.7560751221011388,-0.07603918970250753,-0.5120236920931669,-0.015440700936891264,-0.33312865229389876,-0.34102433184880404,-0.4767698732161772,-0.3139814661725968,-0.6364282705608629,-0.2198772951559354,-0.4680149614755143,-0.1621389817497304,-0.33158063492495776
A,0.0,0.0,0.24724705850695314,-0.2161909455104902,0.3881659264035411,-0.521669988084309,0.3494392576429977,-0.78295366803312,0.33737767002335456,-1.0,0.1782695254511222,-0.7216346030649532,0.14284348621757872,-0.9264859409193219,0.18202205714020514,-0.7459287026344874,0.21706275141382791,-0.5584237870840598,0.0,-0.6615550059457782,-0.008545838433430224,-0.848446269843671,0.0507108869866569,-0.6144927888235102,0.09575370911027138,-0.41751609511789295,-0.1673301036457287,-0.579176693605044,-0.1617265486676482,-0.739360792699803,-0.07636973522991003,-0.4978038202908341,-0.015448629277029991,-0.31328235401480226,-0.33532120358164536,-0.46532734814103527,-0.3150950128373235,-0.6421626767317846,-0.2225548094970396,-0.48339503145559154,-0.15987920205216544,-0.3401460115386467
A,0.0,0.0,0.2497392285451862,-0.20731210342027245,0.39461906310010636,-0.5216063598775035,0.36199773373962707,-0.7833366117783535,0.3482898949357234,-1.0,0.18405070673623453,-0.7294209894085998,0.15843232857014727,-0.9311439895503134,0.19754709033713982,-0.7378496006022446,0.23075491014054975,-0.5569487105741239,-1.0246354307486746e-17,-0.6709826350208723,-0.0031102632250446533,-0.8605497913036194,0.057779882882458215,-0.6185100203290738,0.10167063464598336,-0.42802961250795435,-0.17189761241625295,-0.5909278475708017,-0.1591604652726987,-0.7453553135695538,-0.06978921408815524,-0.4968129768269389,-0.010223508049649714,-0.3172554622342512,-0.34257900730707214,-0.4817126515713119,-0.31050449813247133,-0.6510092972286018,-0.21484686425913857,-0.48475230054624036,-0.15555988463497297,-0.3444124528479778
A,0.0,0.0,0.1865799759769659,-0.222695893193205,0.1492015506885556,-0.5894405021223142,0.006024224390341815,-0.8691635683318152,-0.14779543788163899,-1.0,0.12443223548135203,-0.5774835257464838,-0.05391379428020864,-0.8316217378883672,-0.15685807616047306,-0.9203995525331158,-0.19581675068118143,-0.9791192882240145,3.42339759753626e-17,-0.47131677137133404,-0.19758846102228073,-0.7482483141092516,-0.25350486354509033,-0.7840339730552022,-0.248596106007779,-0.7710633850772007,-0.1455107559322621,-0.36721306571697243,-0.3180722892373165,-0.6266318370641619,-0.33574029817824247,-0.6426687198868601,-0.3272977338762281,-0.6146988113070903,-0.3101554730906939,-0.2642072140056149,-0.43384870585669966,-0.471818333290416,-0.42753344374997354,-0.478312691433368,-0.4191334070248228,-0.4575440738134651
A,0.0,0.0,0.25673932579308933,-0.21627503067914589,0.40004244621679974,-0.5226611368355476,0.3665251901405567,-0.784607995631128,0.3350185278540921,-1.0,0.17960791244779858,-0.7248456401339465,0.1468922728122518,-0.9346717094969148,0.17924225220169163,-0.759444309455119,0.21728393269119503,-0.5832072518153877,1.0350534843815308e-17,-0.6646355494036856,-0.014346591245647392,-0.8428815810215606,0.05045036125659283,-0.60472753539941,0.10798998508661517,-0.41885157450041877,-0.17153561106398152,-0.5788032421642078,-0.1764739239744489,-0.7333940241365384,-0.08789314933733387,-0.4945941129820611,-0.022390112782179672,-0.3262041078830424,-0.3406546051885297,-0.46535655941103926,-0.3206387266879085,-0.6279952908461269,-0.22687295160506804,-0.45879783863903956,-0.16792772601313286,-0.3241881430246814
A,0.0,0.0,0.24820323285589024,-0.21362313955135548,0.39852759088249823,-0.510622416237059,0.3608020337306383,-0.7784800255611747,0.3353399229710234,-1.0,0.18282603536044098,-0.7275141487595574,0.13886085295410072,-0.9322844443447156,0.17270116531968702,-0.7405258588376451,0.21208113931314176,-0.5558260231855598,0.0,-0.6704491267416806,-0.0217360761599675,-0.8508147565831049,0.03847988566226399,-0.6133402284402718,0.09303494403867225,-0.4254261158000718,-0.1654206342214351,-0.5860859782558987,-0.17923298839810614,-0.7377715380396013,-0.08578762303294707,-0.4971598467252413,-0.01382940690095493,-0.32149087044299945,-0.3274120326764756,-0.46466195406769245,-0.3163175870656383,-0.6175922400988461,-0.20787643366015895,-0.44593055459198083,-0.1292127292336507,-0.3078507153425896
A,0.0,0.0,0.24358132713585426,-0.2071049079294825,0.3786612415686587,-0.5143609928140036,0.3374481172133619,-0.7774782977456438,0.3157724635228956,-1.0,0.18168318329898364,-0.7178544390902784,0.1378024185563896,-0.9225617810313238,0.16580418853615486,-0.7390368983015607,0.2021970842666964,-0.5518476490839141,0.0,-0.6588630478917905,-0.02131980823753706,-0.84110341987726,0.03450525448517305,-0.6120326212420526,0.08688901623150658,-0.42568372741911936,-0.16939504453490395,-0.5761061700016055,-0.1814385322401231,-0.7425299543362877,-0.09329643307121478,-0.5057343394366783,-0.02459916706548446,-0.3303248756863811,-0.33656627975187225,-0.46174033624185457,-0.32164288831838017,-0.6225375665512023,-0.22326495691974785,-0.45099684865902967,-0.1545540607417387,-0.31054570216941935
A,0.0,0.0,0.24965847117693812,-0.20185254885377035,0.3963298378044823,-0.5119954371626333,0.3488260152109244,-0.7756543690521226,0.3168253984467365,-1.0,0.17835973535995883,-0.7153316892253604,0.1337265903512505,-0.9184935922778791,0.1621442396675485,-0.73381071826765,0.2055718327903202,-0.5541764233289416,2.017192222278455e-17,-0.6544665492277821,-0.022825213188084163,-0.8418131839239463,0.03639713495025647,-0.6077803323920778,0.0961399688881411,-0.42402454525728206,-0.16732437523110386,-0.5715795384103545,-0.1758182494570244,-0.7321542225932586,-0.08323513428865192,-0.48557045135698224,-0.01014990407721759,-0.3146666739581922,-0.33261147315827333,-0.4573879928932156,-0.31439569897639597,-0.6071248539458134,-0.21797944428069066,-0.4291292940059221,-0.15129554482218432,-0.2959551879600589
A,0.0,0.0,0.24508794219380348,-0.1980170305129906,0.40221544941478615,-0.49978881898417354,0.37000849413986103,-0.7709576500435703,0.3373930698100226,-1.0,0.18475636823230884,-0.7046250907522262,0.15242575649391832,-0.913118443288285,0.17845914139351923,-0.7290646116271152,0.21072836663587233,-0.5431507554501871,-2.0187208752121372e-17,-0.6514996644961872,-0.0118044474691301,-0.8445010372465264,0.04551486026520213,-0.6129805277661827,0.09492596821703209,-0.4234254254408704,-0.17135485827782274,-0.5760154243043462,-0.16999940764806096,-0.7386786243040439,-0.08711675222129286,-0.49014239778903174,-0.027976289788968912,-0.3120776990517241,-0.3416521833097345,-0.4710185712203487,-0.31173172990596043,-0.6368671119677118,-0.2239658487387694,-0.45531938815043627,-0.1704512442560717,-0.31011216937758146
A,0.0,0.0,0.24557842065301808,-0.1996375539415787,0.40271462511824746,-0.5061626781143425,0.36003366317716884,-0.7750706229264582,0.31347700000534784,-1.0,0.18274913193567954,-0.7048188805681028,0.1325246224346418,-0.9065624577832714,0.15161268822697732,-0.7289732998872337,0.19069955819139048,-0.5555766487254173,0.0,-0.646374379578093,-0.027775980321829576,-0.8357521721244217,0.024433114450154086,-0.5982709146890791,0.08194669998088021,-0.41468815935352377,-0.1678111309631365,-0.5653276134750622,-0.18209177867771065,-0.7286187185687406,-0.09924502999340479,-0.47506834746011306,-0.031152674411912374,-0.3025595656682307,-0.33359481208687247,-0.4551352736278332,-0.3203765329610066,-0.6127754371595996,-0.2289715744916534,-0.42679348692100166,-0.16575471268737843,-0.2884282074379827
A,0.0,0.0,0.2331799292704009,-0.20600556011180055,0.38639109296683494,-0.5058163774686125,0.34992065410493955,-0.7737057870150043,0.29676876743902525,-1.0,0.17882155615385634,-0.7038367030450289,0.12587578335820135,-0.8952261899522669,0.13509660934325549,-0.7236811703079901,0.1700909690417194,-0.5497010380786841,0.0,-0.6458932379419581,-0.035674572692359525,-0.817474819536891,0.010187690204347542,-0.5884844162128909,0.06503237069504592,-0.4036903573864183,-0.1625089700898053,-0.562602983880078,-0.19707007889658656,-0.7159107678170549,-0.11378392652112247,-0.4749060509654928,-0.041638472495919156,-0.30336635219092534,-0.3213896997322829,-0.44983019364566806,-0.3342033194791134,-0.5965489991493855,-0.24132512566210754,-0.41846232803107847,-0.17172074049163705,-0.28259971395161915
A,0.0,0.0,0.23863505565107146,-0.20877589736741994,0.391951556139534,-0.5069584450044329,0.3547334035116417,-0.7749086652401285,0.29886831604758585,-1.0,0.18259429537322633,-0.7064247836656738,0.13416561069541164,-0.894457371507964,0.14072210470159238,-0.722547433804914,0.16885062158235148,-0.5493691160385191,0.0,-0.6505736651620022,-0.03437365875360539,-0.821741785690497,0.007816453170606653,-0.5962167693388237,0.06032402732974579,-0.416335524642882,-0.16612258256070736,-0.5678322493415285,-0.1991893066531508,-0.7219153275734081,-0.12157851429863654,-0.48549226815424357,-0.053359390669073706,-0.31848864809211874,-0.3291878517722791,-0.45253743023130155,-0.3411509889987672,-0.601601187205145,-0.2523729393264314,-0.42852948183316364,-0.18403604237857343,-0.2954458681971306
A,0.0,0.0,0.23906239380453925,-0.20981332172743708,0.3940513929901907,-0.5041936997738343,0.36231913268123234,-0.7755481741443864,0.29617749778012087,-1.0,0.1803132373580189,-0.6926468401067044,0.12709231315523709,-0.8832312852916568,0.1403398363212611,-0.7186907334178125,0.17273891114823456,-0.5496933486683612,0.0,-0.6402752060291141,-0.03891170922312304,-0.8151983640551168,0.009418792914700156,-0.5922001588054367,0.06142335917181049,-0.41638720651161604,-0.16541799860364154,-0.5611351299394739,-0.20230431015059058,-0.7237283070834545,-0.1228492348225503,-0.4969972780826031,-0.05848525324472831,-0.33508050009254486,-0.33062574439617265,-0.45176553238857925,-0.3445216243981989,-0.6039451527017792,-0.25254844654780545,-0.437354930400572,-0.18583640958989361,-0.3075693617953339
A,0.0,0.0,0.24127234047093438,-0.20045340154891764,0.4052190499310695,-0.4964388363956658,0.3834912597180669,-0.7720219115554199,0.31708221612669063,-1.0,0.1842990695822259,-0.7011397339892819,0.14190150407732186,-0.8937615469470852,0.15337764518947747,-0.718577142470844,0.18068945829452945,-0.5440259419490194,0.0,-0.6502748346476197,-0.029067699784152405,-0.8278977279480068,0.017764522666388415,-0.5983463697345376,0.06525754213989904,-0.4199485355551029,-0.16987611455857918,-0.5706819277141073,-0.1990590271985755,-0.7529203115074965,-0.12387483102425276,-0.5192031516158118,-0.06730546958576607,-0.34960003225610137,-0.3414979210062803,-0.4612159118169904,-0.3451979399645393,-0.6207568838688926,-0.25767966135248044,-0.4585028430661412,-0.19933410155608813,-0.32807376067566973
A,0.0,0.0,0.24656474589908378,-0.22521542997106297,0.4032004313712246,-0.5172780519648698,0.37610096585515684,-0.7794595271289636,0.320381971269591,-1.0,0.17885633130859868,-0.715295303847032,0.13060687648184288,-0.9082193845883756,0.14525407733039059,-0.7447148611985394,0.17639256789687907,-0.5704482635591943,0.0,-0.6683824950203205,-0.02528821112656252,-0.8404167365762147,0.01642557340043284,-0.6170024980346895,0.06413079978282463,-0.442777627835523,-0.1656437858142302,-0.5932432894969226,-0.1885429499697259,-0.7733882780301112,-0.12327753155032846,-0.5509645642349136,-0.0710401185561069,-0.39018309048135097,-0.33079248717055254,-0.48461557097909075,-0.3270353778026302,-0.6503571675525859,-0.2526114391692897,-0.49342647781303767,-0.2058538693929077,-0.3719901429956441
A,0.0,0.0,0.24832126149968656,-0.21197756384828415,0.4051379285281637,-0.5112295029204482,0.36941934468753707,-0.7770875102777982,0.30103522409454103,-1.0,0.1822197700689521,-0.7102528559620078,0.13631793864245528,-0.8874527056357014,0.15333986371906683,-0.7137645420873003,0.18033566708840357,-0.5505489221301991,0.0,-0.6669954717354338,-0.03328718854406922,-0.8303056885237771,0.012680678943916952,-0.6011852485692782,0.05356183565960658,-0.43632084368139906,-0.17039331477982486,-0.5949300514296523,-0.20893666577270736,-0.7766570173161219,-0.1387608221042409,-0.5449479237878541,-0.08803440157806056,-0.38546503112701236,-0.34334859400901774,-0.4904671964136789,-0.35072345779115854,-0.6450093460105756,-0.26951172904706316,-0.47963589941178275,-0.2182996813435323,-0.3566736582304503
A,0.0,0.0,0.2392585511427564,-0.2048045475315016,0.4058062642589324,-0.49831268557223724,0.38245498924202076,-0.7725957920783937,0.30328940217881833,-1.0,0.17973293200082555,-0.6995220680419432,0.13408683832349316,-0.8912483461503934,0.15942265110535367,-0.721278374740871,0.18910342201842217,-0.5536003502961472,-2.0328764883208726e-17,-0.6576486539899022,-0.03078218226698301,-0.8419715989659773,0.01791733555100187,-0.6140742245428751,0.05461598348630723,-0.44664257166880966,-0.16935275152636867,-0.5866997880709736,-0.20947573608759945,-0.7869056116759054,-0.13290433146945874,-0.55638279718641,-0.08216229344493853,-0.3930972285067601,-0.3457396197088532,-0.48326548856384893,-0.35750942457078166,-0.6512640423528453,-0.2677295316202243,-0.49728715420594016,-0.21191979863143248,-0.37502661010580157
A,0.0,0.0,0.24979291992499006,-0.1932361214839829,0.41496007057536,-0.49608651635630197,0.3917480731415587,-0.7721444888785611,0.31606994466547234,-1.0,0.18525455597312987,-0.7086038377963346,0.1420316158576856,-0.893277118989858,0.16105503031355406,-0.7209367405095207,0.19329370162703985,-0.5499604689509073,0.0,-0.666555487134319,-0.02057015796442551,-0.8412272896104958,0.021777502172237076,-0.6076769624487021,0.0615823128445465,-0.4315434009261037,-0.1744875422309423,-0.5932467283459457,-0.2035547778474195,-0.7874846775859121,-0.13415112013343838,-0.5464862183525552,-0.08258880964024766,-0.3740738356729036,-0.3519267533712013,-0.48767118456251646,-0.35447107315660953,-0.6517547659521545,-0.2703350241061659,-0.48651392986217784,-0.215817346236658,-0.3563028256654839
A,0.0,0.0,0.25548580656051584,-0.20102101559723712,0.4213938442296788,-0.5021240318373608,0.39738698395063193,-0.7783270052375449,0.32232716271752615,-1.0,0.18356382257237538,-0.6971557128349186,0.15883276676598682,-0.8822942460733214,0.18197346697509106,-0.6974938622527168,0.20417948457977664,-0.5276402514552779,0.0,-0.6583322410193064,-0.009677658779893645,-0.8349578095008509,0.03935577271187011,-0.5937548640486107,0.07609442355848257,-0.4211413664700069,-0.17463443460174954,-0.5910761366997004,-0.18598241606962415,-0.7747745215458566,-0.11442061286882872,-0.5293730341567641,-0.06957620654431962,-0.36320711069010775,-0.3563769111964222,-0.4916351455738006,-0.34416889853744637,-0.660374362188135,-0.265517854164826,-0.49349910456937873,-0.22294590329399278,-0.3657737956215617
A,0.0,0.0,0.25521852464213113,-0.19915555371099244,0.4213889179299472,-0.5003051022763035,0.39267479200179195,-0.771829002440489,0.3185586034603968,-1.0,0.18289030589408908,-0.7095754721422907,0.15504335629946175,-0.8934577547124002,0.17036685686597708,-0.7235602845780275,0.1960853081127628,-0.5463261573724372,0.0,-0.6691708430855565,-0.012231320739952528,-0.8491528770940614,0.02727723617002793,-0.6172791248454503,0.0678685960713143,-0.42926637802348694,-0.17729416934983377,-0.5962876360525627,-0.1876286558120296,-0.7861845610211179,-0.11947430522127477,-0.544534266026449,-0.06732502043315518,-0.3628384191234265,-0.3606354276382586,-0.4883349390981943,-0.3509686001087424,-0.6551952664547894,-0.2698290368836854,-0.4901290990091828,-0.2173119091667922,-0.35469577842058875
A,0.0,0.0,0.24270678253619896,-0.18205211556461076,0.4135632535358681,-0.4915610744950183,0.39004321614576937,-0.772000505168244,0.31465469695623244,-1.0,0.18298479022491815,-0.7021800050303139,0.1598365653854181,-0.884773662711194,0.18104822423710146,-0.6993227851616656,0.20901116885384058,-0.5225613762515791,0.0,-0.6567141009453104,-0.005478162092159231,-0.8352379693014591,0.04393434653837541,-0.5942368748030014,0.0858963656845342,-0.41067799633471247,-0.17576319211237498,-0.5817671533765042,-0.17877454472005852,-0.7605159177484176,-0.09946537227700748,-0.5100400940283509,-0.047209640687441184,-0.3357445262054057,-0.35559054251416383,-0.4736092781517766,-0.3387401767470726,-0.6390398881180392,-0.250078617658953,-0.4596851088288235,-0.19904587764211604,-0.32155711716209356
A,0.0,0.0,0.24403239591891854,-0.19570276682888865,0.41304260559885014,-0.498430311056288,0.38684758899725774,-0.774574112458058,0.3121365690070431,-1.0,0.17871895964057466,-0.6991560435597699,0.1569208027748111,-0.8897085614126661,0.17096775586838492,-0.704128494045964,0.1948006597068565,-0.5258818477310515,0.0,-0.6544175585515357,-0.007756217399879548,-0.8440783952843921,0.03617499883273327,-0.6030816595598435,0.08252536074607815,-0.41626917505257666,-0.1729027311688594,-0.5805742381570056,-0.17435768362914278,-0.7605745662255707,-0.0999865312454197,-0.504406341852903,-0.04389050596636879,-0.32560604249590114,-0.3533572932578352,-0.4727114159988851,-0.3314581551784876,-0.639747734244078,-0.24288020785871256,-0.4536571973645521,-0.18671284277645067,-0.3099006114596887
A,0.0,0.0,0.24374257525766627,-0.1851941293445858,0.4163236873059541,-0.48820585189792787,0.393775110198963,-0.7718476482510772,0.32123061068281705,-1.0,0.1835206342686516,-0.7025518790228724,0.16907712750242995,-0.8845957384996731,0.1858344139347731,-0.6990137363271709,0.20415650533825283,-0.5236742079823871,0.0,-0.6587324822218952,0.006202191108595023,-0.8404152521347419,0.05117672894182151,-0.6035673591550856,0.08940679356658189,-0.4146585923443902,-0.17481794657884903,-0.5857871529175931,-0.15923027331986617,-0.7548474672709933,-0.08674584714442798,-0.5011363446541635,-0.039605908410404136,-0.31895998342715515,-0.3562467376052086,-0.4809658810732975,-0.3221964312833561,-0.6424990207972544,-0.23604683619883712,-0.4589140275586717,-0.18717001278054687,-0.31406349421770874
A,0.0,0.0,0.24403945098913252,-0.19163750036955912,0.41137441202242825,-0.49667362985404334,0.37846042201380004,-0.7739648255505679,0.2969566359704725,-1.0,0.1782154224700503,-0.7047589788260176,0.1594075593387468,-0.891950511819521,0.16737479637730265,-0.7138480202241787,0.18691669573000877,-0.531921058899436,0.0,-0.656416821914345,-0.0061419168340210465,-0.8426502947087565,0.035610949699391915,-0.6073494459574879,0.08256835700059637,-0.40681193967176077,-0.17140228102623078,-0.5799531172484723,-0.1657964320959103,-0.7491586307236274,-0.09248190697350998,-0.494975027641226,-0.035471904755801024,-0.30561393444858337,-0.3480967224979201,-0.47087451862084684,-0.32215159898134726,-0.6304221811723392,-0.2342021399209396,-0.44098474348391853,-0.1769375595538855,-0.2899256993664176
A,0.0,0.0,0.24461725985123356,-0.2240948452819026,0.39831500086074406,-0.5153643490841054,0.3721491004220209,-0.7794965620086101,0.30283477606707127,-1.0,0.17984423634919305,-0.7054711702932966,0.1362942548527057,-0.8833620346660961,0.1662573676084184,-0.7102577399831432,0.20294963196739013,-0.5450851774038667,0.0,-0.6551074877607235,-0.012976322436484826,-0.8262454434884303,0.04213479744068557,-0.5961031684594865,0.08900240571946035,-0.4124402975374637,-0.17012941449905952,-0.5803199455926819,-0.1724589401148659,-0.7421001999348901,-0.09410714514463955,-0.5023030330159794,-0.039174081046901364,-0.33106946478590965,-0.34258677392052955,-0.4737942008622194,-0.3177459471133703,-0.6380266021643757,-0.23078365126286615,-0.46296050985684695,-0.18091220504077454,-0.32606485296722604
A,0.0,0.0,0.24061389856533785,-0.19624266629606035,0.40753059169526434,-0.4979870171195775,0.37879220172730665,-0.7774556894745707,0.294384052388086,-1.0,0.1778063591189145,-0.7039410063944438,0.14709968827653155,-0.8900220564911774,0.1688746775986696,-0.7016602944457699,0.19903605562635537,-0.5333863400260853,-1.9630044026088057e-17,-0.6552640198859384,-0.006009076143814949,-0.8295146516523818,0.04622239355110986,-0.5847087748894424,0.09101067331940633,-0.4033818237219629,-0.16533362087638584,-0.5796579448851179,-0.16286468972581628,-0.749567140005917,-0.08496989625278367,-0.48718262525930545,-0.031959226675257864,-0.3084538241126528,-0.3329918683326904,-0.47073935895757,-0.3115064295103879,-0.6291746777687284,-0.2260006574799635,-0.4366062252840027,-0.17462875448785123,-0.29297912795394626
A,0.0,0.0,0.2414145954707852,-0.20236638581370756,0.4059648943443483,-0.5014933394930158,0.3773015428237494,-0.7771603403631724,0.2937787152240587,-1.0,0.18073274885859816,-0.7042175459663202,0.14410583316109832,-0.888790822947278,0.16426633536017313,-0.7028653684473296,0.1968593010811752,-0.5280228030056293,-1.9919984920192392e-17,-0.6522047598860139,-0.011699068829731934,-0.8306782185265299,0.04265700069894939,-0.5972366088098846,0.09230114048003395,-0.41200026059806527,-0.17021364667389505,-0.5728181839340383,-0.17403933891827172,-0.7431026847200717,-0.09325863638490675,-0.48705204743805486,-0.035906373364139654,-0.3051997802635669,-0.34371676081618807,-0.46108520049893353,-0.32715524908950144,-0.6234362328350448,-0.23800762814893128,-0.43628904547740116,-0.18189325955909313,-0.28932077669273903
A,0.0,0.0,0.24246894951014755,-0.20531335144592353,0.4036395661632644,-0.5086601163433828,0.37084078961875033,-0.7822309434750128,0.2829299224144155,-1.0,0.17519092216263943,-0.6945907757637597,0.14290952072776955,-0.8864044431105682,0.16496242198742142,-0.6998148152112729,0.19934586764257417,-0.5211566646533586,0.0,-0.6429862580183385,-0.011863672760624772,-0.8306757490175656,0.03534391961220667,-0.593728630572933,0.08707893511762639,-0.4025316485425037,-0.1672951600075688,-0.5651388294906916,-0.1706081526914127,-0.7437450835379451,-0.09651140611514206,-0.4855735542055041,-0.03508289296404973,-0.30365937114816643,-0.3368885302683006,-0.4544305190545072,-0.316065838053388,-0.6091860204266676,-0.2360185053168524,-0.4168013034622081,-0.17975235400608688,-0.2711351310419958
A,0.0,0.0,0.23965458618679425,-0.1948870418792631,0.4042458261754143,-0.5006813077682647,0.3766024820678951,-0.7771806545128838,0.2953151759293512,-1.0,0.1804339124017142,-0.7004268679405746,0.15696306396803383,-0.8838366813419657,0.18173166661806814,-0.7069828037065783,0.2124359365623921,-0.5302098131603933,0.0,-0.6499423046700894,0.0008579658154729042,-0.8306264961347741,0.05351400694285851,-0.5991399289463343,0.09963844487755327,-0.4072435762860554,-0.1719402958260135,-0.5721104225121224,-0.1575644348596143,-0.7424125827293145,-0.08218649844567205,-0.49163166441814915,-0.028735899327870316,-0.30954524876258066,-0.3457568762131504,-0.4621273370953995,-0.3081425084833706,-0.6166103800499056,-0.22983619578584727,-0.43085164019228056,-0.18339301595354074,-0.2838614418597234
A,0.0,0.0,0.24016830591806515,-0.19092890800506537,0.40779236423112364,-0.4994315824882691,0.380224381129336,-0.7764807523431486,0.29793102936459687,-1.0,0.17655907417993574,-0.7022538060895402,0.1606463036727364,-0.8832596032886766,0.18226144152925247,-0.7044170250337892,0.20847643242442965,-0.5270352853800344,0.0,-0.6545108643266195,0.007554510987270361,-0.834182542713542,0.05627515702262464,-0.5979621615726691,0.09960721047332181,-0.40444154479780037,-0.1682284531261714,-0.5789073371854392,-0.15331764283784632,-0.7488374923678349,-0.079381155053754,-0.49138504138742894,-0.029208999484190437,-0.30973502813156817,-0.3402378210317368,-0.46919415961110056,-0.30173057753423566,-0.6198820400478856,-0.21850564727000799,-0.42534796570703715,-0.16933246170080749,-0.28070873403034136
A,0.0,0.0,0.24372000506828598,-0.18924740291350786,0.41461646039266803,-0.49755191934713877,0.38819391925028635,-0.7757931474993814,0.30846797532579384,-1.0,0.1823612331256066,-0.7019065640673728,0.16949666067128777,-0.8838750579189042,0.18991598174825514,-0.6947540492256177,0.2190820798589328,-0.5091523021022002,0.0,-0.6546649459803117,0.011626199176639054,-0.8441334521332864,0.05616456257955587,-0.6044983869435633,0.10060532286380326,-0.40327679855555154,-0.17302121877216387,-0.5782037618328221,-0.15005865369273916,-0.7501642919734589,-0.07584178756903287,-0.49044500286317705,-0.021447292924454266,-0.3017198920581372,-0.3486467595603948,-0.46801710147219533,-0.30348862640836366,-0.6251225347085936,-0.22083383213122043,-0.43396380862385225,-0.1701767229981249,-0.2843562663198515
A,0.0,0.0,0.2418017533838324,-0.18486998983224956,0.4146735704393271,-0.4958185327748254,0.38638488272955357,-0.7726390475692152,0.3057774187136269,-1.0,0.17997883056820768,-0.6981222366955182,0.17370019105910497,-0.8876433796268521,0.19254782876430343,-0.6975810561296706,0.21677016118300466,-0.5178089720254163,2.000452957901018e-17,-0.6482384702785006,0.016402677569526222,-0.8423549039472509,0.0603420360596937,-0.605310675470657,0.10322628326087062,-0.41153206548030175,-0.17059022251176378,-0.5731604979805512,-0.13940881624929083,-0.7384375330723207,-0.06821085723576463,-0.4791998618802079,-0.015852028853974288,-0.29836632308244065,-0.3419263771640953,-0.46852800843795067,-0.2896763684866581,-0.6185445113538983,-0.21276399104429045,-0.4226243781548454,-0.16816094199111492,-0.277615058955073
A,0.0,0.0,0.2419766391284824,-0.19970535737921108,0.4138907365199774,-0.5035453990991952,0.3898732958986676,-0.7769836903532447,0.30567711518962315,-1.0,0.17820632017436963,-0.7103857426019474,0.16318992921794748,-0.8941966127359504,0.18578372589690054,-0.7228456445727347,0.21284047130556086,-0.5427189963543826,0.0,-0.6619767669573813,0.009484278394724826,-0.8466669146541677,0.05515731579645411,-0.6142689359241466,0.09886042061043461,-0.4136029868285392,-0.17164221255216888,-0.5868127607379261,-0.1414561296429586,-0.747613092280512,-0.07212128104629739,-0.4923106663948648,-0.021599369784157336,-0.304180994105914,-0.34875863163077686,-0.4775296712476392,-0.2973974471126513,-0.6308186872134374,-0.22106578769581767,-0.44026348683553335,-0.17651747977118198,-0.2896362092570741
A,0.0,0.0,0.24197986145160214,-0.19505753574916235,0.4118163805424179,-0.499415028247736,0.3975992540993354,-0.7734703629950506,0.31926377959366176,-1.0,0.17933818061172704,-0.708078785587634,0.17455335279089454,-0.8944006378190368,0.19772681270813244,-0.7108451979359806,0.22016191221518014,-0.5297880880206807,0.0,-0.6630728728707199,0.02339641148404127,-0.8454751859076709,0.06854705417138936,-0.6084196515699443,0.10293453939692117,-0.41202176415338015,-0.1737570529386284,-0.5897508161408297,-0.13690142697776053,-0.7626318626025752,-0.06824179383967628,-0.5077655179118308,-0.027516934057476176,-0.3199308024488477,-0.35321850644887864,-0.48371474652942165,-0.29590762288590694,-0.6407538143666174,-0.21578633398622854,-0.4530806906578699,-0.17623575468086486,-0.3029843928365441
A,0.0,0.0,0.23868395293531094,-0.21625723887461945,0.3922298439268025,-0.5166008504696726,0.373849508193589,-0.7874985044231517,0.2761253208578995,-1.0,0.17239778334705277,-0.69954271589343,0.135999054364531,-0.8884922084234009,0.16267539831455544,-0.7151244243594925,0.19888451123528497,-0.5433074063128166,0.0,-0.6412886581079235,-0.007660504677243129,-0.8237344594382169,0.046211632464149596,-0.5924508422364763,0.0966180245982738,-0.40786246594192965,-0.16640032146559514,-0.5601077795500757,-0.1609539368237007,-0.7340084588007355,-0.08371884399033351,-0.4895653066222022,-0.025230354042388152,-0.3137754856020527,-0.33216875205307966,-0.4500635578333444,-0.3027850880369137,-0.6166887049613324,-0.2214951294632412,-0.43543938025893136,-0.1713142962640896,-0.2916344335752189
A,0.0,0.0,0.2470953167749404,-0.20147437951842875,0.41274598486357106,-0.5069505645488299,0.3844483049221243,-0.7808358920156262,0.3005657491969053,-1.0,0.1843250233465432,-0.7138465822718981,0.1680133950191031,-0.8920540020135171,0.19303235987625111,-0.6959741486548081,0.22286089508993465,-0.5123612321514892,0.0,-0.6631492975139396,0.009120863410702604,-0.8414485680023494,0.05974326667899206,-0.5972029025525789,0.10318164364919591,-0.4014226770393665,-0.17519256043097958,-0.5856418842891479,-0.14707275773632933,-0.754255841798265,-0.07526798943633678,-0.4925827627346853,-0.027760891671414614,-0.30479116292383784,-0.35107530922910296,-0.4771354349549053,-0.2993835023269569,-0.6347867985793698,-0.2216295948861462,-0.4416725599608372,-0.1804623062938898,-0.29039287695548277
A,0.0,0.0,0.2457356330724455,-0.20388410812871233,0.4099157397239807,-0.5077576829390748,0.38562009544561665,-0.7771111220041864,0.30360289828985165,-1.0,0.17908628383845338,-0.710922979956861,0.16613451665745382,-0.8836154461709784,0.18668903472012294,-0.7004849121135697,0.21147531150383045,-0.5202946676283756,0.0,-0.6629506077146816,0.009387281526840699,-0.8453523350510326,0.0515303083052118,-0.6130091710354068,0.09574113164436585,-0.41228658536282803,-0.17302527740320942,-0.5884950147728922,-0.14258736262072447,-0.7533875936316692,-0.07781912068913056,-0.4974317316089656,-0.028681459882781583,-0.30642414825356784,-0.34964417147923743,-0.4814732044142414,-0.29961248462318707,-0.6291332625271465,-0.22485952750967692,-0.4340506178439354,-0.17973272572088028,-0.27922467996643763
A,0.0,0.0,0.24633602303003022,-0.1987165219040654,0.4083072554489638,-0.506775212447903,0.37505775980584477,-0.777611750843697,0.2903473720912873,-1.0,0.17966062897033225,-0.7120943993487029,0.1590406515603277,-0.8842639551910104,0.18302372111667234,-0.6941743086623797,0.21435967259309333,-0.5089898174816365,0.0,-0.6613812652756644,0.0038863019115037574,-0.8441486177832185,0.05042889139737586,-0.6102025643082156,0.10113698823442731,-0.4077410015455821,-0.17471766249450724,-0.5833687553711213,-0.14722077620683052,-0.745956792510048,-0.07496170307097604,-0.4896924069496107,-0.019382568212705658,-0.30000859077456254,-0.35268342498369154,-0.4717638635128656,-0.30583481991470785,-0.6134806493804956,-0.22215034018999857,-0.4180772900244775,-0.16801714882727034,-0.26619163067211526
A,0.0,0.0,0.24502476876603785,-0.19880610005677443,0.40989942322935263,-0.5030002944717683,0.38130486511014705,-0.7764823655800481,0.29972479308425604,-1.0,0.1845288943942688,-0.7017960718129663,0.17153201946065924,-0.8832908008814043,0.18746371973044995,-0.6925451157422136,0.2118606748657718,-0.5047056148182741,-2.032915935932508e-17,-0.6512629247793515,0.014825746021046825,-0.8371557126379695,0.05095606580182269,-0.597923150595971,0.09286730315603844,-0.39478805026488356,-0.17596154867613942,-0.5729478171376133,-0.14358131965733914,-0.7398645092413676,-0.08221263191379181,-0.48265793077438895,-0.03139469757249624,-0.2936090743785183,-0.3533234901039449,-0.4618444948351161,-0.2996276415913207,-0.6202283344594381,-0.2281151399969307,-0.4259688997229451,-0.1828904878470471,-0.27069187884908863
A,0.0,0.0,0.2453190646947172,-0.19842417830895415,0.4125595302552141,-0.5058146640861262,0.38469173493525155,-0.7789352287166651,0.29789838374985894,-1.0,0.18048417757902224,-0.7049237723006035,0.16760038865649135,-0.8824441728215384,0.18369071971582457,-0.6967262862035994,0.21007881241429582,-0.5152193926954007,0.0,-0.6563074169535165,0.013935139222240255,-0.8393483729915487,0.05183794331694336,-0.6014374695429006,0.09515594715400225,-0.3986319672334641,-0.17490260478792077,-0.5813241845850847,-0.1473558717590124,-0.7537389854709359,-0.08286019078763641,-0.49462786279076854,-0.03216101887454826,-0.30237151342240676,-0.35466725119073356,-0.4741907285554829,-0.31022415445514817,-0.6302209768402692,-0.23265074848298734,-0.434998132043833,-0.1835625301757411,-0.28070934962037847
A,0.0,0.0,0.24711872981470584,-0.1948114897076332,0.4095304814667669,-0.5030080153577772,0.3755815018930084,-0.7769820420333398,0.29475798315431473,-1.0,0.18349439035226645,-0.7086226155977088,0.16813338815314707,-0.8795159996427822,0.18446270691929656,-0.6923165292425986,0.21008852980324558,-0.5105267523398099,0.0,-0.6601585349849537,0.005792631534483489,-0.835491140197788,0.048636911230988324,-0.5962456829769498,0.09487819274312004,-0.397869062637453,-0.17488121242989432,-0.5839918404504334,-0.15560036169604088,-0.748643305727201,-0.08721527853617422,-0.48592880723381043,-0.03575414849204898,-0.29751417849416795,-0.3517987571537081,-0.47502641855279487,-0.31404200488662753,-0.6255184612078563,-0.2337607781113576,-0.42639896337493494,-0.18358698820139932,-0.2760481674636056
A,0.0,0.0,0.24844262194040811,-0.1941642409432871,0.41067616959665126,-0.49877363647803785,0.3786508631409425,-0.7760845428195029,0.2916983920624034,-1.0,0.18122840189344586,-0.6964430960675979,0.1630854098277979,-0.8825648247022964,0.1802842299666824,-0.6937431791522387,0.20702435267111893,-0.5092253383433635,-2.0267632451818156e-17,-0.6499339215273978,0.003658587359042281,-0.8368821708179571,0.04519663376790361,-0.597251770018037,0.09204458169003488,-0.3974156578896101,-0.1760964497097006,-0.5748543403266383,-0.15346798922408614,-0.756405450718729,-0.08739175958902548,-0.4957354859457092,-0.035056014915112836,-0.30364078509233483,-0.3548613490972304,-0.4658293465870407,-0.3106481457625465,-0.623298192138844,-0.23388311567916337,-0.42676569311248136,-0.18410749187131095,-0.27114731064050535
A,0.0,0.0,0.24697034443445864,-0.1889595514695344,0.4130040318749797,-0.49900275865214716,0.3783445936851983,-0.7765059565289395,0.28906262803633065,-1.0,0.18111055390911088,-0.6976846970152288,0.1610774318306649,-0.8826531967673553,0.17766446506279493,-0.699340849365996,0.20527248171415904,-0.5172716974268144,-2.012108402773763e-17,-0.6494445163668764,0.0020664354255042513,-0.8319288512653378,0.046191147956194605,-0.5973183257424282,0.0960144342687678,-0.40236854816334555,-0.17301281097135177,-0.5717236139821157,-0.15345965793413868,-0.7479066464764692,-0.08227268900245205,-0.49209274481534115,-0.02554105352536999,-0.3059559654444469,-0.3468868454999938,-0.4601574908241244,-0.30844015270116854,-0.6093374937633138,-0.2266980927135154,-0.4178903427619307,-0.17196157436122722,-0.2702098478087877
A,0.0,0.0,0.24656648225297217,-0.1938995486183509,0.41468380053167087,-0.4986405660100508,0.3914397303305732,-0.7755652419167692,0.3091503545796183,-1.0,0.180021590990489,-0.6987868764195388,0.1703834072652774,-0.8792311999125753,0.18778097601056049,-0.687372108149784,0.21040413569032457,-0.5048840040883616,-2.0153375485713114e-17,-0.6556132023451027,0.009509140935477058,-0.8453212450283354,0.04650182369565411,-0.6081442461230514,0.0844963558329674,-0.41145908256770947,-0.17331096894892592,-0.5821224484128258,-0.1538006628793872,-0.7665334818926625,-0.09035515618573992,-0.5070792320559363,-0.043362125682774505,-0.31642725479784384,-0.3509206021875465,-0.47496972182134417,-0.313721312747855,-0.6282795772857263,-0.23635151869097126,-0.4394071561397424,-0.1887081522303979,-0.2896946100426251
A,0.0,0.0,0.24735719554096558,-0.21837975255048914,0.4074081507459258,-0.5135235841180883,0.3833545061327825,-0.7825692667735936,0.2912523761599387,-1.0,0.17281422358389825,-0.6978916677411584,0.14998184000055526,-0.8744303608124028,0.17324698762382498,-0.6998015471184189,0.20413485748114116,-0.5291128829679446,0.0,-0.6482046523848574,0.0008555050468101132,-0.8283160153437956,0.04558187186733524,-0.5926287367011003,0.08730507089863852,-0.40046461727209504,-0.16692592330061823,-0.5722786750884002,-0.15365716454371528,-0.746814351992671,-0.0855076243338219,-0.4987034505191498,-0.0367957891320055,-0.3181189918522014,-0.33585351559746934,-0.46483390611449793,-0.2950789349757542,-0.6308453678624412,-0.22023969866046367,-0.45033638097809436,-0.1795454692636907,-0.30661047754663295
A,0.0,0.0,0.2515707390691927,-0.208452855260164,0.41138986575010394,-0.5098191919168853,0.384176191614663,-0.7823518730758786,0.3000190217581401,-1.0,0.18178490609580542,-0.7100132486761092,0.15691890469815634,-0.8842955856480609,0.1812917977727497,-0.6945512747543348,0.21208386210179733,-0.5148894113574272,1.9742248490004067e-17,-0.6634041117962954,0.0007745539687259664,-0.8414204839675806,0.05345928963606866,-0.6046581278200063,0.09793254815627608,-0.4099105603663329,-0.17261821393344776,-0.5847178392185262,-0.1627460176402512,-0.7723077657311456,-0.08582428657115446,-0.5163272514127901,-0.03466917712048704,-0.32682565091865845,-0.34725106023410923,-0.4694184836424231,-0.3115796293482422,-0.63639179996641,-0.23118838614693052,-0.4484360846694883,-0.18529515413991715,-0.29497538383645167
A,0.0,0.0,0.24590387465716415,-0.20203633778146618,0.4050550591408572,-0.5058248042106069,0.37741843138887743,-0.7777216992061559,0.29691340128356464,-1.0,0.1787135601354641,-0.700009145170797,0.15025238831652335,-0.8846220381425043,0.17097110710231092,-0.7001060471967695,0.20228201511478905,-0.5198752877278364,-1.971823521579588e-17,-0.6518955176663997,-0.0028848919013983875,-0.8386262774020307,0.04174490414974894,-0.6049756981244904,0.08897336140741637,-0.41247431320834416,-0.17153970057212276,-0.5741210115675003,-0.16242210962205364,-0.7652725046967264,-0.09371473280120698,-0.5119586359658166,-0.03953933960511782,-0.32437105683878337,-0.3452967498306929,-0.46304949214339614,-0.31250806208456056,-0.628840983105725,-0.23610550120613735,-0.4419266042675563,-0.18676563959652498,-0.2900329512566535
A,0.0,0.0,0.2469069106467491,-0.20024559965921657,0.41312265495908973,-0.5005066041636569,0.384045397504603,-0.7769326239864609,0.299131369795107,-1.0,0.18164176349310374,-0.6993011785271303,0.15856243441832893,-0.886866351131366,0.18064731743829837,-0.6989816993120133,0.20966172364354102,-0.5177134409276427,0.0,-0.652927045278301,0.0003649169364096637,-0.8447159730958572,0.04306718495821415,-0.6041828622314551,0.08393732646622432,-0.409702941208418,-0.17329312173475564,-0.5769422150214601,-0.16623783355034774,-0.7643701455496634,-0.09768434111535053,-0.5075024329406118,-0.046911578005473215,-0.32152135797820325,-0.35032632180598305,-0.46711116484452686,-0.31993032278873834,-0.6367142804563949,-0.242284094999274,-0.45216731939177457,-0.19559563244556974,-0.30270023144583585
A,0.0,0.0,0.2455334877822947,-0.19728514259882993,0.42237927456425745,-0.49877076435526985,0.3970106728764858,-0.7755567843449931,0.3115275261594303,-1.0,0.1804264772708397,-0.7102534400495449,0.1542156945948564,-0.89832174197188,0.16874517157888044,-0.709935845215609,0.19593807608841007,-0.5274373486568757,0.0,-0.6586666550924347,-0.0027030879147307884,-0.8506329410555437,0.03476454951118548,-0.6118038992092919,0.07624551265452095,-0.4132664613397201,-0.17213307871184708,-0.5775424179318375,-0.17025920184526583,-0.7624292452239759,-0.10142957732133172,-0.5120812145338612,-0.048407194734566096,-0.3231869164682815,-0.3479648058739536,-0.4648629862833341,-0.3253076101532373,-0.6307238712013067,-0.2448811724196448,-0.4531011624984362,-0.1950691100964199,-0.30310450976788
A,0.0,0.0,0.24535764046798167,-0.19732589155495797,0.41314301323144553,-0.5003988143334044,0.3809479269840277,-0.7752806187414458,0.3002958990413537,-1.0,0.18941850747348019,-0.7015480239929501,0.16526544486502742,-0.8892919735004979,0.17624564825025563,-0.6901647757039434,0.19641974767649617,-0.5016667291768291,9.994714997413405e-18,-0.6534768371029113,-0.005070283332457773,-0.8461454324095484,0.032686123707740655,-0.6018895653529679,0.07354067707697934,-0.4018997945700931,-0.17818290524732364,-0.576413734123739,-0.1793034127324621,-0.7576333712199126,-0.11237839206804479,-0.5007054507973339,-0.06108262614557974,-0.3126024423984228,-0.35702482150787157,-0.4700143347443549,-0.3335789915175454,-0.6334948912992188,-0.2563081177471278,-0.44900021799324363,-0.20946709855961193,-0.29908284005041735
A,0.0,0.0,0.2468552877708816,-0.203793632865026,0.4146563646237872,-0.5058343136794936,0.38644141220453315,-0.7786792979858729,0.30101016742839193,-1.0,0.18375934084516526,-0.7016504954353265,0.15662936312800343,-0.8882486974727303,0.17277372107525235,-0.6948799113975256,0.19959317242509306,-0.508149382724775,1.9900350324914294e-17,-0.6532869236152951,-0.006331240515261988,-0.8394991398631623,0.03487072728553173,-0.6044362431175244,0.07934837777418167,-0.40713669027485594,-0.17322552367834956,-0.5758500563155269,-0.17873589702955084,-0.7519323241189263,-0.10771980078834277,-0.503134708407692,-0.05053033911501741,-0.31771100218955045,-0.3465126495123069,-0.46726042120743105,-0.33048423489579637,-0.6198556575775669,-0.2500727640450334,-0.43745691674215637,-0.19630269346325416,-0.28925382690624757
A,0.0,0.0,0.24936488028527581,-0.21419824665845988,0.4090260231112126,-0.5118951602322639,0.3741781906426678,-0.7830616184632656,0.28445472543000583,-1.0,0.18736614092918802,-0.6897630735088647,0.15092878613622276,-0.8790376288295393,0.17142153831105617,-0.685516240697882,0.20256783030375175,-0.4997193988408106,1.9932599142818275e-17,-0.6404207526950085,-0.01971841698828169,-0.833741100853959,0.02843721599273707,-0.6003830554305508,0.07838849108297641,-0.4049021726962388,-0.1749937369783111,-0.5632186751262881,-0.18924224325460812,-0.740474359522114,-0.1131901023124405,-0.4966044145051774,-0.05352005275912133,-0.3132072603802495,-0.35077509770186266,-0.4567202749162487,-0.3412899973343451,-0.6198427813703854,-0.25966822812927953,-0.447235958765553,-0.20651398098883128,-0.30111375401004353
A,0.0,0.0,0.24356713319326218,-0.1984252442315295,0.4104684558394313,-0.50444516408243,0.37148741748627556,-0.7804478779027731,0.2770979704646176,-1.0,0.18386218052054432,-0.696304286336797,0.14674553843176844,-0.883774608904923,0.1614261309054944,-0.6918067744357971,0.19061877232516236,-0.5085812875845549,0.0,-0.6433741401356626,-0.020103352281110883,-0.826405180691916,0.027099116958841565,-0.5864292363891023,0.07828931843267002,-0.392133278672618,-0.17132752923349484,-0.5648971076139715,-0.18705207583164613,-0.7323555508600154,-0.1131091548802047,-0.48009724580761703,-0.05405034024989111,-0.298234980526876,-0.3430935849771574,-0.4596240535132254,-0.33538078737039057,-0.6053560778904299,-0.2544123563851422,-0.4228070763206104,-0.2005475277469502,-0.28087655413215823
A,0.0,0.0,0.25193988592040745,-0.2103131446517519,0.4138483189199117,-0.5126305445868433,0.3790717608903795,-0.7888295048588453,0.2808045578688598,-1.0,0.1871383440023879,-0.6868956097645991,0.14542226313582987,-0.8743184577332501,0.15476904729078725,-0.6885297180245048,0.18519733006881128,-0.5006728527032741,0.0,-0.6336763115997395,-0.02062314166536475,-0.8163173972934028,0.013920626397476358,-0.5792153357400894,0.06470345527166277,-0.3736701802521781,-0.17286738547174227,-0.5558764248262067,-0.18483455668223206,-0.7165540480871649,-0.12692838208145024,-0.46769180135640187,-0.06708969621584766,-0.27907605591832807,-0.3451666920224721,-0.4547584884028764,-0.3396067074551349,-0.6005203158209552,-0.2699846138562536,-0.41846030375756726,-0.21370779600805517,-0.26878524161053696
A,0.0,0.0,0.23545762724005279,-0.20269888741597028,0.41149794444932997,-0.5069096360223473,0.399351879918348,-0.7811314324339104,0.3125713080418457,-1.0,0.18199949524673045,-0.7048150720005867,0.14993136129709947,-0.8927736011845651,0.15758670749526238,-0.7091970192949902,0.1840571436319632,-0.5277961380552423,0.0,-0.6536540489644227,-0.010168240419295949,-0.8335215325309252,0.02543143507398108,-0.5940487069669597,0.06828611428740171,-0.3990021441680723,-0.16729935144285854,-0.5748188945116008,-0.17861318174400298,-0.7346309038920674,-0.11827626362077616,-0.48532535177903874,-0.06514080005418607,-0.30513170079610147,-0.3351359497229366,-0.46545649424257685,-0.3387401505334903,-0.6149566929666966,-0.2680456233347156,-0.43040404667605914,-0.21403228006705208,-0.2883492067677202
A,0.0,0.0,0.24006743441424025,-0.2117132328562721,0.3986463698630663,-0.5136282724493751,0.3567524713609132,-0.7849779099209446,0.2550973729068448,-1.0,0.1830772493580867,-0.6960539206262751,0.12281533312745994,-0.8767670475862741,0.1269927060178261,-0.6925143649220081,0.16144379806218298,-0.50993676242806,0.0,-0.6351748218484935,-0.04619763472075815,-0.8091950504900121,-0.012559421570611448,-0.5768116730174632,0.04826881013920662,-0.3836322706914515,-0.1664092989495449,-0.5518685661574888,-0.20231774811098244,-0.7085157994778808,-0.144728742034431,-0.46586491876901914,-0.07773042308495899,-0.2846115565430571,-0.3292888698446693,-0.4459021894964163,-0.3400166928241944,-0.5841056547521106,-0.26935947350037787,-0.40428833652452145,-0.20516003353025622,-0.2610380800941414
A,0.0,0.0,0.23673050893165856,-0.2232488873636289,0.3926766530880983,-0.518588476837567,0.3524072880691814,-0.7930212360541649,0.2482536713914714,-1.0,0.17430879624248022,-0.6859513539204448,0.11687926767499233,-0.8821267797911562,0.11641981847935431,-0.6991961318334066,0.1464226101274253,-0.5175546096348741,0.0,-0.6246695999248089,-0.06045575764849538,-0.8092815896486063,-0.024510404353413846,-0.5819358975049813,0.038583391608281156,-0.39528759353455895,-0.1568261534560626,-0.540397352473591,-0.211564234431699,-0.6966670204504138,-0.151002886295652,-0.46327799809889547,-0.08215961828316679,-0.2948553157071279,-0.3123402568711341,-0.43433888633398265,-0.3468510599105669,-0.5662720632610706,-0.2802132422897739,-0.39425636794586644,-0.2159438424815026,-0.26362601079857206
A,0.0,0.0,0.2373684514387766,-0.21668466477708412,0.4056929437061704,-0.5147048876820299,0.37556021613508644,-0.7929353486723512,0.2634933089080514,-1.0,0.18044057015425014,-0.702216365210265,0.12835836215026236,-0.8916416191992587,0.12609026388743155,-0.7114059242657634,0.1512437357236171,-0.5258171037409545,0.0,-0.642366690075895,-0.05466840122087359,-0.824424403111923,-0.022561986392627565,-0.5939349552966726,0.033746249140077,-0.40288421730788293,-0.16025146865886591,-0.5560878776615719,-0.20867754389995852,-0.7226869299552476,-0.1532666809677113,-0.4916819763092446,-0.09154394372680118,-0.3174059930605326,-0.31664879317026556,-0.4469673927621428,-0.347969668293,-0.5895276471946047,-0.2861956828071171,-0.4255417068678092,-0.2296382306480828,-0.2916689732414352
A,0.0,0.0,0.23871616827888317,-0.21318052012082864,0.41736759020141784,-0.514470451452613,0.39058915746597067,-0.7946002107150816,0.2729052353294222,-1.0,0.17903730392136147,-0.7166950777946176,0.12267387697204214,-0.9039194161877311,0.12086235088451007,-0.7188940486281532,0.147650594485912,-0.5362835696206631,0.0,-0.6560676190056076,-0.05910396661015018,-0.826224474266854,-0.02304715845948833,-0.5994856929787428,0.03272597477108135,-0.4197437471098223,-0.15811200146735327,-0.5664605464133795,-0.2164341212051688,-0.7165836660846544,-0.15327179429847826,-0.4912752860887361,-0.0897813645557595,-0.3280672019420215,-0.31259677372015027,-0.45130043417215027,-0.35403251598037044,-0.5861331102855357,-0.2884106092860249,-0.4164029515437501,-0.2303689264875856,-0.28490559177414254
A,0.0,0.0,0.24740257207007435,-0.21012533607311096,0.42002330820758843,-0.5102702862459576,0.3877014009036958,-0.7898441706747928,0.28893211333514146,-1.0,0.18336400628155072,-0.7088869003598468,0.12226223395314871,-0.8767762601492483,0.1248481832651511,-0.7015480451105233,0.1557316972536988,-0.5171719851471944,2.08903223950834e-17,-0.6452867481407504,-0.06850298542201166,-0.7966630471466462,-0.02793856007345051,-0.5805359906102997,0.032677286258491374,-0.399664720374264,-0.15775245260426335,-0.5562971157994293,-0.2299480223092571,-0.6937968003388517,-0.1668846274752567,-0.4803293442624454,-0.09915301635043436,-0.3193786811210441,-0.30799152610455116,-0.4409641322375637,-0.35759640266330295,-0.5675278833785588,-0.29320599830680577,-0.40210999487703447,-0.2296675655746132,-0.27213083653065917
A,0.0,0.0,0.23554320769601034,-0.1875734007597308,0.41975771862137046,-0.5000498234656962,0.39884378140761395,-0.786861673422005,0.29566077985397216,-1.0,0.18347205172919961,-0.6985734877088472,0.12072454546726291,-0.8739916679956408,0.11760776959487694,-0.6902718976652703,0.14958052553525933,-0.509990447451249,2.1017698026991544e-17,-0.635809041091492,-0.0676273413513463,-0.7975649855079944,-0.0304640106126519,-0.5681341642655617,0.03085230799830095,-0.3952903775397275,-0.15661022336926056,-0.547057180956125,-0.23045693593309935,-0.68709816263322,-0.16590607239962288,-0.46254467410169403,-0.09624690321119288,-0.31138453169527847,-0.3083610518600942,-0.4345046907858867,-0.3573672185570045,-0.5574821429084105,-0.2914971387885411,-0.3844725044823777,-0.228435499860494,-0.26155004504679497
A,0.0,0.0,0.2525459967231803,-0.18725545423744513,0.432013457571041,-0.5046129048718205,0.41086059147941045,-0.7883697111636321,0.3159009069838554,-1.0,0.18859643021378683,-0.700052268329928,0.1432031265216542,-0.8763022300895457,0.1510034486529378,-0.6894982017933536,0.17310145627660808,-0.5113190038610109,1.0902270285074567e-17,-0.6371594094723517,-0.058546206922536,-0.7931808090232154,-0.011830265229878232,-0.5653875377411383,0.0383486288392055,-0.3947343821238092,-0.16113285402593222,-0.549143702952738,-0.22972404958392975,-0.6870960707717354,-0.16086420773340893,-0.4605020707965941,-0.10030689919971117,-0.3062086594942884,-0.3149627472363988,-0.4396192442050878,-0.3611974095334052,-0.5554729245153845,-0.29563764959422334,-0.37988651551065133,-0.23903523064080892,-0.2539849157367929
A,0.0,0.0,0.25079600184769824,-0.18796156116883278,0.43494697561058204,-0.5084318915305273,0.4184107521059484,-0.7920574907420761,0.3170826174543221,-1.0,0.1845619256488047,-0.7033836420402579,0.13911900194110915,-0.8916324238673962,0.13951844424380852,-0.7078484775399396,0.16609454132801138,-0.5194811569268231,0.0,-0.6419944958878273,-0.05220449032956046,-0.8052886903397175,-0.018053095445621555,-0.5766203105254657,0.037026631226482296,-0.3905325282588387,-0.15889245647832478,-0.5563047920260931,-0.21881655180413473,-0.7010297534773896,-0.1604291358952113,-0.4728158879407532,-0.09483991510155904,-0.30579010786163163,-0.3099561992991208,-0.44807789211328514,-0.3505232714982591,-0.5694492886790496,-0.2915817198029325,-0.3881664386807028,-0.2315874374112585,-0.253440239787802
A,0.0,0.0,0.23519453295542603,-0.17369453296313722,0.42600039217509533,-0.496247838092644,0.4108678876826763,-0.7855903560136612,0.3123509014232698,-1.0,0.18811719174436747,-0.6999072072396804,0.13531576049169758,-0.8735862184736672,0.12349603877847062,-0.6850171491387212,0.14222495721088027,-0.5166980796548891,0.0,-0.6436796591829733,-0.0615529517143801,-0.7893467936629668,-0.023421225754651193,-0.555837799594889,0.031593006215323134,-0.3978632936463397,-0.15910408021097378,-0.5639641247495821,-0.22833230824852582,-0.689304315518979,-0.16647026952961497,-0.45445291703232216,-0.10674202466642595,-0.31041116789219103,-0.3092828457511885,-0.46241967989906085,-0.35892330888696755,-0.5672085811017218,-0.2983854145010863,-0.37571576695082304,-0.24200453423292326,-0.25415935166278825
A,0.0,0.0,0.2248032322647117,-0.22141181934525192,0.4018314767505551,-0.5208363815915904,0.3629873481940164,-0.795766288100532,0.25966017266217145,-1.0,0.17629589708129753,-0.6935188431102698,0.10823600298938231,-0.8584596285811406,0.0827416721203205,-0.6934315032248382,0.09740524035644793,-0.5200104689781354,0.0,-0.6445338028042582,-0.08527709343561153,-0.7822706800244205,-0.05879393257983819,-0.5816970553259616,0.0024686377634466367,-0.415899731413272,-0.14310509003422756,-0.5714808334996887,-0.23679334519841708,-0.6830065264740413,-0.1765868822640656,-0.4847262511035906,-0.09753919852581547,-0.3358216087287581,-0.2750539096554416,-0.4714807691561131,-0.34406072056897774,-0.5670672515447109,-0.28479498530566755,-0.40873832398870663,-0.21126973192578205,-0.2897495463463646
A,0.0,0.0,0.23897371527053457,-0.18095768608017773,0.4091949678017515,-0.4945063942847274,0.39038071782236766,-0.7843268861063315,0.30397660151836486,-1.0,0.18132673019994963,-0.6956136943417407,0.12506107785680423,-0.8579433675290856,0.12001856743221029,-0.6821433317628013,0.144339981591154,-0.5191402599516426,1.0852017444328905e-17,-0.6411060532490459,-0.07796761992026219,-0.7786937920815651,-0.03247328095597136,-0.5610724353032762,0.02490538503016323,-0.40776227765066264,-0.1496462935015085,-0.563247984689901,-0.2370499045104789,-0.6774395711424851,-0.16557651803197557,-0.46398364299798767,-0.09671802199744019,-0.32603444067799003,-0.28921965418258433,-0.4654548557433013,-0.34827065594630174,-0.555153444580859,-0.28312780644041724,-0.38032031780299064,-0.2163562401007115,-0.2639148302033109
A,0.0,0.0,0.24631624911454553,-0.18170058531108985,0.43509642471785503,-0.4969103374532219,0.41140220262694993,-0.7945037994340335,0.3062689048924111,-1.0,0.19035987851812677,-0.6872541182381794,0.1223263611893928,-0.8795372654073718,0.10283033925865061,-0.7046086840450191,0.12640708426161534,-0.5272687679044058,0.0,-0.6283742306405019,-0.08178695939907434,-0.7870591659148536,-0.04913056257767891,-0.55317232938998,0.01700261898330016,-0.389132312606485,-0.15433872583302638,-0.5469988663799163,-0.24203941541004428,-0.6786332917663511,-0.18137706645758989,-0.45272738430594894,-0.10593690091593516,-0.309471710291595,-0.2975484901286838,-0.4427661965299874,-0.35798602074610436,-0.5521483288099464,-0.2953538321783388,-0.37188269725525636,-0.22217805631915435,-0.2528817166653578
A,0.0,0.0,0.24424903791290306,-0.17970730618778818,0.42542211003150354,-0.4908578019694941,0.3910019637186788,-0.7858494966441355,0.30023753324063823,-1.0,0.1905983820209373,-0.6929598047284351,0.12813345942294302,-0.8767412581266179,0.10238538315857755,-0.7000307083949289,0.12079227882296893,-0.522356112737911,-1.1094500290958348e-17,-0.6366249490547269,-0.07892845403396281,-0.7844722716349322,-0.047401483825448544,-0.5550821423189367,0.020631224553834242,-0.3969828425210069,-0.15577716872190567,-0.5511726204513572,-0.23779519163249624,-0.6732298550143521,-0.17641716570269458,-0.4426058075039317,-0.10231634623216539,-0.3032629375978464,-0.301887836578529,-0.43705887976805924,-0.35592806509064845,-0.5334099053669027,-0.29061241314013414,-0.3497751291299662,-0.21991338696544335,-0.23497222636362247
A,0.0,0.0,0.21905479847661113,-0.19941458041612098,0.39770178256786026,-0.5050257712156504,0.35904923788431153,-0.7942482890819789,0.2492914437398294,-1.0,0.17963519857213672,-0.6857964373974426,0.10897026281295238,-0.8676598257417095,0.06108169551516915,-0.7078352561377756,0.07098688369965599,-0.5380090326744504,0.0,-0.6290192876540053,-0.09199696100698126,-0.7859422510682648,-0.08192316090104924,-0.5639127821881836,-0.01891541015614484,-0.3956434659465663,-0.14552445059823407,-0.549710563894396,-0.24581682468068608,-0.6695754647081017,-0.19718787885675657,-0.4463654319686094,-0.1179972593674163,-0.30033614227788835,-0.2778508545698606,-0.4436723952146156,-0.3501970920741049,-0.5403508848050739,-0.2946617616930273,-0.3673988228513311,-0.2176038693810241,-0.25354820726051375
A,0.0,0.0,0.22327915845158874,-0.20392346930530417,0.396131411541469,-0.5032002942630432,0.35893906481311916,-0.7937665639237833,0.26114579059999293,-1.0,0.18131816978446613,-0.684437982066691,0.09836581399045399,-0.8681945667961308,0.049274427111457006,-0.7033428262521529,0.06546283788390793,-0.5217382907308225,0.0,-0.6237557726319309,-0.10281021662499681,-0.781859326354124,-0.08864005109044144,-0.5551277987248017,-0.013624333906766567,-0.38171706833742164,-0.14417358053639556,-0.5421136655974109,-0.247050426903635,-0.6581141766344425,-0.19582567516249327,-0.42956047773570677,-0.10803777132712236,-0.28111827806244094,-0.2742073521872563,-0.43612310665851434,-0.34846377213379326,-0.524336540467123,-0.2964566506750406,-0.3469430234884602,-0.21571645558863076,-0.23204996230280592
A,0.0,0.0,0.23137439730785034,-0.2081042483744994,0.3933853691357985,-0.5109674740953286,0.357066588588315,-0.7938528396712605,0.26160213650455366,-1.0,0.17931535509115107,-0.6849323294383203,0.10282395382253422,-0.8718966113163019,0.06524979529551728,-0.6985124643309865,0.08417224305066963,-0.5190226654859715,0.0,-0.6256350043460186,-0.08963983656389729,-0.7927455736703308,-0.07571804082067117,-0.5648097196205069,-0.008341573349158917,-0.3877282627463593,-0.14642922454563936,-0.543418075034839,-0.23806338214569114,-0.6756531472719243,-0.18790179025147474,-0.4435878987719662,-0.10713599560214188,-0.2880090825823683,-0.28219729797212867,-0.4362178319209433,-0.3479096680624258,-0.5338136942834909,-0.2876850399838508,-0.35775465599446304,-0.20688115219364073,-0.2387415651816021
A,0.0,0.0,0.23520634057318518,-0.21300447714748275,0.401799362219295,-0.5142445951107054,0.3676685675646072,-0.7986142075210226,0.25917886188516154,-1.0,0.1767222262033451,-0.6820503026739667,0.105436541462465,-0.8753522765874137,0.059778882171894705,-0.7158011147033124,0.06994804863056422,-0.5292729432031391,1.0703946252796792e-17,-0.6217016424020231,-0.09294889568023545,-0.7850867661401774,-0.08302575961810264,-0.5610557071757579,-0.014857166155826329,-0.37266380428715973,-0.14723294805186546,-0.5432006919982211,-0.24087467392809644,-0.6791791428565512,-0.1936055920720541,-0.4516569763455203,-0.10883824801079897,-0.284842228753986,-0.2814453551646895,-0.43972025661147757,-0.3530844715679413,-0.538029722733058,-0.2999796664273739,-0.3702797315032295,-0.22105471106368643,-0.24633249235108412
A,0.0,0.0,0.22421217676663138,-0.21526814867984065,0.3794520352362375,-0.5173674646100098,0.3395974984960099,-0.7914811539748422,0.25062667378981784,-1.0,0.17537935401225815,-0.6790054005118824,0.09989072824419239,-0.8647165033724349,0.06576872712902518,-0.6939246325022886,0.08250270339787963,-0.5150031383428604,0.0,-0.6236818841249526,-0.08749452382934124,-0.7916089432163634,-0.07448732288700272,-0.564390572339125,-0.012541724815125414,-0.3871844188193158,-0.14536569197414803,-0.5470151762274736,-0.23726155427334022,-0.6945471374056473,-0.18969829433558952,-0.4591476875605083,-0.11433077573306756,-0.2991405270605785,-0.2798401557408573,-0.4438258838105694,-0.3483260468745707,-0.5535177322049631,-0.29364322932244225,-0.37713971522199813,-0.2196545015031918,-0.2558642809990716
A,0.0,0.0,0.2334149960653709,-0.2232805127452372,0.3917884227277253,-0.5148983908777692,0.354591590458385,-0.7958104784341117,0.24851167092044862,-1.0,0.1739481840562876,-0.6777627885001379,0.10679192946350442,-0.8691271841569093,0.06876345756787312,-0.7017639031183477,0.08418752626470596,-0.5309150713881471,-1.0405377502827596e-17,-0.624247451935872,-0.08101405991361223,-0.7944925745515824,-0.06389667013711278,-0.5634124581430174,0.0026693143338838194,-0.38508672788912596,-0.14702987096250314,-0.5484766574971377,-0.229959862773948,-0.6863438992033134,-0.17816897834075401,-0.45350242241295763,-0.10086417233832021,-0.29243689646626014,-0.2851980191277015,-0.45074948863830056,-0.34939757176748887,-0.5640038827661816,-0.29281493952324866,-0.3955216909448221,-0.21685081163039413,-0.2711787522451448
A,0.0,0.0,0.22712817703739469,-0.22610658001023629,0.3993784417777734,-0.5191045017843456,0.3649625414499488,-0.7887605453786694,0.2731399112842414,-1.0,0.17544563787054548,-0.7009445692953583,0.11325112971656243,-0.8647510814038069,0.09690558983100021,-0.6856198582480345,0.12260538682746852,-0.5201525509708886,-1.0135472696085676e-17,-0.6497144010106259,-0.06897167083299816,-0.7934020194893986,-0.03957977607173817,-0.5703242876413801,0.02128027815344225,-0.4092236723781907,-0.14747245525270578,-0.5744222672329886,-0.2220550440597351,-0.7052149444980723,-0.16459745541088464,-0.47885774433557304,-0.09754770327078242,-0.32733713864840963,-0.28613066991579167,-0.47167849586908184,-0.34370409078745473,-0.5831799988337345,-0.284486299163756,-0.40773271517697673,-0.22195874261424264,-0.28930321577197665
A,0.0,0.0,0.23396356955443115,-0.22076231053936682,0.3918664890967454,-0.5114608349241611,0.36470159278720315,-0.7924483780913489,0.2565014301597812,-1.0,0.17697747627754823,-0.6886453524452335,0.1094810579541747,-0.8697690190362168,0.0791200541026558,-0.68314949720341,0.09185277271823389,-0.5028867266713666,0.0,-0.6351128616979983,-0.07766549821110305,-0.8053034680238885,-0.05768741626332509,-0.5679656717403025,-0.0012411384241632502,-0.3877939748799573,-0.15143374914933044,-0.5564950331604136,-0.22942636129097213,-0.7127386864379969,-0.17877448465990678,-0.46904468558770873,-0.11086146166486505,-0.29734526148912205,-0.2932022124096305,-0.4550834453935193,-0.34646864172607805,-0.5919282279368784,-0.29180448334297304,-0.41532397878014093,-0.2259799213555085,-0.2792588617441018
A,0.0,0.0,0.23614166417712404,-0.22666304218184372,0.38650955394989567,-0.5214224660915667,0.34846215684105136,-0.7987418862759997,0.241746102730327,-1.0,0.17672968426039373,-0.6779656217288768,0.10247542826474977,-0.8562936070975938,0.07668037487113341,-0.688535677268668,0.09785628228420505,-0.5153369530907156,0.0,-0.6247304048271042,-0.08135897629284525,-0.7947351239880686,-0.05667019501513114,-0.5637005916179524,0.00727318718041185,-0.37995324834168354,-0.14967722456562832,-0.5465003960998595,-0.23373228431994506,-0.6933129880863715,-0.17694875206117394,-0.45230780823617006,-0.10315361943843616,-0.2841798251119497,-0.28936324221752324,-0.44160684538144096,-0.35204535122627717,-0.5667560896371353,-0.2896325946024063,-0.3883419481946402,-0.21381753780271845,-0.2597899957320926
A,0.0,0.0,0.24157036992154154,-0.22285138371207922,0.3950526292108872,-0.5193443436090994,0.3591685146582968,-0.8002229255024519,0.2495361898024793,-1.0,0.178725022870942,-0.6788606720057768,0.11251541372974766,-0.8540744149151589,0.08825050321136348,-0.677682421229858,0.10830342596088909,-0.5110071658019539,0.0,-0.62753485765298,-0.07345620091052728,-0.7866822225360037,-0.045019203987771796,-0.5509943271255193,0.018696084113287333,-0.3767325194427482,-0.15388155263433254,-0.5524281900103946,-0.22732864051323462,-0.6943387842817969,-0.1705126894165759,-0.45032586582473455,-0.1011157360780287,-0.2865846517112938,-0.29691714859627544,-0.4534951963541767,-0.3493029793022232,-0.5768011485323853,-0.2910742134480849,-0.3995431912984818,-0.22397882561313498,-0.27031255452943037
A,0.0,0.0,0.2357797800573033,-0.20642564037800168,0.3984231320318908,-0.5145985642811951,0.36438961140333154,-0.7952731986628094,0.25371243314829645,-1.0,0.18289770608872513,-0.6854099586824316,0.1096226957755534,-0.8623214181198907,0.09143895410269307,-0.6988504628822624,0.11983088812913256,-0.5384864810823735,0.0,-0.6298363710135075,-0.07256513681987677,-0.792757046084074,-0.040914416622113044,-0.5593651702016073,0.025777851189834347,-0.3877878824309102,-0.15706478396750287,-0.5519002189293231,-0.23120607159314752,-0.6978146241374775,-0.1693776983583728,-0.45014537619024003,-0.0962115828413338,-0.288561817309767,-0.30334986682295023,-0.44833861933919217,-0.35711169698836986,-0.5716457281999047,-0.29144328139336523,-0.3910081522337979,-0.21974082714935256,-0.2650060769434791
A,0.0,0.0,0.2425083441979472,-0.21209046172873586,0.4057291355109404,-0.5109658537891654,0.376568673601816,-0.7938715387655737,0.2691126797553468,-1.0,0.18764807048146828,-0.6839156410817832,0.12331748071017788,-0.8564043894220621,0.1030772486098906,-0.6765194363833186,0.12627880173659206,-0.5168791498180126,0.0,-0.6347474799228187,-0.06502097279905329,-0.8008873672863844,-0.03733708458748621,-0.5625308046527018,0.024147463942941774,-0.39515350432042995,-0.1622949213046065,-0.5601015725212305,-0.2282955829918777,-0.715825377831297,-0.17298953204824993,-0.4613856161725169,-0.10627068747745363,-0.2983431039403342,-0.3124400277177322,-0.4587388207372513,-0.3562906435209397,-0.5866699218886638,-0.2956553265898514,-0.4015260597342912,-0.22984792305537244,-0.27270980372755166
A,0.0,0.0,0.24084011073410982,-0.20197761975180978,0.4097627603204135,-0.5057214255617064,0.3766183493374605,-0.7912728161034672,0.2655112273513375,-1.0,0.18826085498145406,-0.6839480221607285,0.11852654023963764,-0.8535954287330485,0.09820338551475809,-0.68088065857711,0.12403184770709945,-0.5226443485328061,0.0,-0.6273899300047048,-0.06982553361800072,-0.7871610749545421,-0.03817622852960304,-0.5472312058288067,0.02806114590380961,-0.37931914574883735,-0.16091825402796614,-0.5461762976073534,-0.23190739327626028,-0.6878233839313764,-0.16883569618501806,-0.43385279714959807,-0.09717346612471983,-0.2738587317311759,-0.30912182678181527,-0.43962274415175423,-0.3597312122706124,-0.565909173965122,-0.2948490700926646,-0.37912554207974486,-0.22705513932335636,-0.2514495801429063
A,0.0,0.0,0.24539614366483845,-0.20594749928274894,0.4033854446263581,-0.5169260881012163,0.36773470136239905,-0.79802725839331,0.25905862454364526,-1.0,0.1859416406200951,-0.678911403093466,0.11776303183583575,-0.8560356667307955,0.09640555942144546,-0.6795200439356959,0.12231650308055321,-0.5041428603190371,0.0,-0.6225913937419443,-0.06721721538057675,-0.7881300905845218,-0.044783312305328775,-0.5527215866822516,0.019160506085060727,-0.3690581888002702,-0.16080484393962613,-0.5434816092836596,-0.2265026534583174,-0.6922741879313667,-0.17496775129649067,-0.442559064309378,-0.10339533106191656,-0.27126800315128347,-0.30901170180976373,-0.44033312865524543,-0.3526905312742999,-0.5710618982934741,-0.2997829872430802,-0.3833502384963184,-0.23507613108612785,-0.24532432837787124
A,0.0,0.0,0.24145691477807252,-0.20177485159592012,0.400941989328369,-0.5129201020876739,0.3668438693975163,-0.798561114692958,0.2529877941223478,-1.0,0.18587815279943662,-0.6664915073510916,0.12308137803509119,-0.8528596507065753,0.09832534395060111,-0.6817804836080229,0.1184780141787293,-0.519025133332362,-5.245460405231022e-18,-0.6161799473673331,-0.06430817793485724,-0.7816781452331648,-0.037519267306270886,-0.5470570101890634,0.025756808190115735,-0.3774468153111155,-0.15940046634725524,-0.5420893556617342,-0.22883195823319702,-0.6849876206795605,-0.1720083534248408,-0.43569503561608985,-0.09965976689046885,-0.2776149625090244,-0.306660799258698,-0.44246713851732167,-0.3555167561820923,-0.5629426135130988,-0.2970373892015455,-0.37105533142958114,-0.22855094029333942,-0.24181690735999428
A,0.0,0.0,0.23826201589969512,-0.21404870944422932,0.38360437308565953,-0.5186806303085612,0.35258121880091037,-0.796162297781854,0.2487529575774609,-1.0,0.17999698033140266,-0.6704434814925471,0.11439773828756312,-0.8468312618397486,0.09387005182385089,-0.6753502979937467,0.12206120459651826,-0.5102786730920955,-1.0309837672666924e-17,-0.6132419133575627,-0.06976161234042648,-0.7787573674417809,-0.04116838997387134,-0.5517264625985419,0.02886111958606509,-0.3795048738142421,-0.15907907378666328,-0.5322463485318819,-0.2256212884364496,-0.6734436951530727,-0.1658298355265127,-0.43401657201376326,-0.0890605616162703,-0.2744815323973554,-0.30479967165904026,-0.4275266617818157,-0.3500771107315607,-0.5579125318951912,-0.29228739396114156,-0.3859446050491308,-0.22635512042948058,-0.2603718793176597
A,0.0,0.0,0.21687653199735465,-0.22608844566483408,0.3641198742154661,-0.5168354277713318,0.35473222678405336,-0.7895447983580514,0.26554643147617674,-1.0,0.1790028698567202,-0.6900110418763266,0.09866382628697164,-0.853322488505465,0.08441662649750417,-0.6668332827082711,0.11048331324324259,-0.5237846303362726,0.0,-0.6327470869728326,-0.08597779894678934,-0.7693967415608792,-0.038898514655183965,-0.534806850948892,0.03096214582888346,-0.39748622439979026,-0.15463032831684942,-0.5545909790077129,-0.2338102087731748,-0.6755437102599656,-0.16163774444563456,-0.4402111978079531,-0.0888073150986324,-0.31025594494822667,-0.2959703790870497,-0.45394818572334367,-0.3544228900336262,-0.5694706155684908,-0.29121061572009976,-0.3929137711248615,-0.23076209124671673,-0.28430708712775515
A,0.0,0.0,0.22391193606868035,-0.22050359580392762,0.35976831118218233,-0.5196179243485857,0.3432836348249359,-0.7927839319716256,0.25130645735024754,-1.0,0.17566572022244,-0.6752962475010524,0.11436057510287073,-0.8592048366987648,0.09748932359411579,-0.6954974450833747,0.12164950111632253,-0.5304473821894099,4.9807350354423e-18,-0.6216437107088227,-0.07200434863659969,-0.7856262021061873,-0.03639747476677452,-0.5642217168023616,0.030485624219249698,-0.3982002179462867,-0.15595389354340547,-0.5404944304687551,-0.22375648278026988,-0.673865609995234,-0.15558926268939172,-0.446655683252804,-0.08560146938305195,-0.2989776058165003,-0.3012401140662588,-0.43427003559678246,-0.34997796511327117,-0.5617535665090779,-0.2808456908692768,-0.3932967565916476,-0.21755628443918482,-0.274422791004445
A,0.0,0.0,0.22901972943644333,-0.21607596724276096,0.3678638495248383,-0.5154236245067443,0.35065136468069624,-0.7915834887524881,0.2578109796219415,-1.0,0.1758900414405889,-0.6687440983431044,0.11242317992041544,-0.8465570729100054,0.09955158384302915,-0.681972053583651,0.12654149243176424,-0.5229241450057337,0.0,-0.6144840271939159,-0.06662032469840727,-0.7763920484485428,-0.026504132545792616,-0.5544515935525411,0.0399966624395562,-0.39154989739408225,-0.15779333955219188,-0.5342292431818082,-0.22133412037103148,-0.6743874003126759,-0.14809157098941464,-0.43688783204493375,-0.07552309740041252,-0.28534137917134483,-0.3065277103711279,-0.4271453648728575,-0.34857750300554774,-0.5466726523307052,-0.2758133651750416,-0.3734511016278197,-0.2097805135254653,-0.25577181760965156
A,0.0,0.0,0.22763937940426784,-0.2140272785319547,0.36401207035351585,-0.5158876401066202,0.34530980952510465,-0.7863271251553223,0.2613661559717552,-1.0,0.17637255696367737,-0.6674886222926382,0.11965801478850623,-0.860317701856757,0.0989460071345439,-0.7128600268404159,0.12179959665466929,-0.5522168879034596,5.0890947054785825e-18,-0.6125968658973411,-0.06264075362416191,-0.7828175170850609,-0.028361115488847573,-0.5604650734249388,0.0411527754111702,-0.39056623112116795,-0.16261817884134547,-0.5299827925629431,-0.21983563991715477,-0.6741968808216605,-0.15108904065070353,-0.4333991062420245,-0.07719534574787869,-0.27860093330685887,-0.3178925174895582,-0.42035376044419076,-0.3529807137005852,-0.5471157433591993,-0.28308430935937634,-0.37224781051456596,-0.21897856266411553,-0.25325020942021836
A,0.0,0.0,0.22804471696713216,-0.2045289382246445,0.3675942169739135,-0.5126173569105881,0.3485728003497879,-0.7896262798568673,0.25713713935979227,-1.0,0.1767453148930862,-0.6675877635710045,0.12092244136511995,-0.8607414386762435,0.11051438418631176,-0.6851107314015826,0.13849029474960764,-0.5197027174954431,0.0,-0.6138385770134157,-0.06434073296516754,-0.7868328305562385,-0.02427085295754733,-0.5576358032182934,0.043670317280506105,-0.3927615950995281,-0.16003837815668623,-0.5324811778077443,-0.22112003473878677,-0.6834738450322573,-0.14968227599359077,-0.4383463228873745,-0.0773405994198562,-0.2866704061905776,-0.3115602027850121,-0.42468823396859845,-0.35401411604081073,-0.5510735012762977,-0.28480574746688186,-0.3731588358678311,-0.22272542850369198,-0.2540860117793218
A,0.0,0.0,0.22447352473623244,-0.20865369881110826,0.36416387910903114,-0.5177924386421422,0.3407390322033411,-0.7954725517696503,0.2378622028274248,-1.0,0.17776519196683627,-0.6737629280157117,0.11012972859331084,-0.8667356163135942,0.1011981249508153,-0.6847201291498889,0.1367597175439609,-0.5282671211426383,5.108075354948799e-18,-0.6171833105571587,-0.07093687286960323,-0.7840906541910144,-0.026367652642873496,-0.5523974643817762,0.04676476495738848,-0.3997656972639908,-0.16105656964502643,-0.5353064581288957,-0.23102819794523563,-0.668699491190811,-0.14892737443450074,-0.4238190034230501,-0.06573816887012722,-0.2817912312486078,-0.31387151739837643,-0.4270426682244279,-0.3622789391877606,-0.5487732601432188,-0.28249812523715573,-0.36733169870557575,-0.21026012606165256,-0.24986895977626755
A,0.0,0.0,0.22236936351316677,-0.2092834220263995,0.36583081594002875,-0.518048832278223,0.34327785155828705,-0.7985981755749572,0.23952951646881912,-1.0,0.17651312804895197,-0.6716950266348292,0.10692236089955146,-0.8588236289097692,0.11269085083842578,-0.6742390080859204,0.1541196891015133,-0.5265193380017923,-1.0195540232324324e-17,-0.6124090832051535,-0.07335595177478053,-0.7783741879713647,-0.014847295698993674,-0.5437543543525276,0.05875102256864108,-0.3978315001742083,-0.15819944950105247,-0.5277658907342228,-0.22885228158683857,-0.6736346223736296,-0.1393903075687161,-0.4280705171499514,-0.061332242065193804,-0.2893657144760088,-0.30884600396626544,-0.416139806063671,-0.35894665158790584,-0.537422019041927,-0.2751444694288442,-0.3528977013002781,-0.2073549444115345,-0.23785792866376404
A,0.0,0.0,0.22319467091155062,-0.21604567295362648,0.36140118479476163,-0.5253755651847046,0.34608446016235495,-0.8009675324427689,0.2331561386524824,-1.0,0.17620248749933443,-0.6783563082789241,0.11477021906193108,-0.8694077345417293,0.10318290803762996,-0.7045401203191316,0.13437263239522537,-0.5390889288999771,1.0278552381706173e-17,-0.6186138430860656,-0.06805362687419912,-0.7863285221564479,-0.02897430426645128,-0.5650334256635408,0.041519551845529024,-0.3954939613723557,-0.15870626442035626,-0.5339597054972447,-0.2256316631199933,-0.6776092683822837,-0.1529157288539545,-0.4445350119926544,-0.07411642642919768,-0.2893113048136905,-0.30580021108609334,-0.4216713811436832,-0.353069226245139,-0.5477849362331256,-0.28391721387986046,-0.36672194450551576,-0.21523786963349395,-0.2394830110814856
A,0.0,0.0,0.23556491431380983,-0.2237451257613786,0.38280722269631645,-0.5342338239068847,0.3824434217675757,-0.8090802167760184,0.2650250557535262,-1.0,0.1783267712543262,-0.6980301669906106,0.1230855581337791,-0.8881114875756929,0.1302541473672643,-0.7086585044914732,0.16870521020327622,-0.5488134788201671,0.0,-0.64000825172149,-0.05745437731033205,-0.8087093348241906,-0.011467501097031643,-0.5809404447379487,0.050846714615211584,-0.4169742930793989,-0.16408688341466932,-0.553347834245286,-0.2232934737355373,-0.7102594072013534,-0.14673364911713668,-0.47730304665405315,-0.07537561700065619,-0.32144277028941526,-0.31912066650554427,-0.4399091829541572,-0.36423588425529785,-0.5736499765544297,-0.28992429938085124,-0.39798854107660336,-0.22653879383477551,-0.2713576940251247
A,0.0,0.0,0.2353342795985359,-0.23553250643262477,0.3794775206940758,-0.5381881853709416,0.3594356199872657,-0.8052347557996027,0.24749997088093348,-1.0,0.17614720790415023,-0.6862235546020017,0.12205971664257827,-0.882343833945735,0.13135675725664378,-0.7232179310245145,0.1702684013196677,-0.5556619205112427,0.0,-0.6281554698690197,-0.05849900994653891,-0.8136152394892173,-0.012153032195544337,-0.5998274652522838,0.05311000073409212,-0.4214061792180877,-0.1614333279969668,-0.5421289202213062,-0.22042225047030695,-0.7070531201701441,-0.14530944026696455,-0.4807096894460708,-0.07311936026201805,-0.3172405347666157,-0.3176914356099269,-0.4248274817512486,-0.35711856938249575,-0.5719703077019809,-0.2838784366031987,-0.40478314276070765,-0.2203605511892207,-0.2778055646919885
A,0.0,0.0,0.2245071470261237,-0.23339859495575502,0.37521648901235155,-0.5405961000059358,0.36574446095774954,-0.8145601183072503,0.2416512444534231,-1.0,0.17514855051858383,-0.7090633473966703,0.11210957041428292,-0.8846004768673099,0.11676261844393643,-0.7072763123630992,0.1521303956323504,-0.5556057366499535,0.0,-0.6490350588280993,-0.06572301853851276,-0.8109378238770929,-0.008869960808658888,-0.5843701258475407,0.0579228716865468,-0.4266955959030181,-0.15645345746618666,-0.559605625036571,-0.22057177174513212,-0.6950938851412427,-0.13874475158798855,-0.4707934318719204,-0.06887320317712553,-0.33163633823235694,-0.30578686318932746,-0.4414299285577162,-0.34790957920083593,-0.5662921911078617,-0.27324568643900793,-0.40145674998585473,-0.2140689925572185,-0.29076360738271584
A,0.0,0.0,0.2383504552919278,-0.23411143377268945,0.38632526442301757,-0.5410873093288793,0.36958271129920456,-0.8152023764690729,0.24514575384437326,-1.0,0.17446229659069434,-0.7038140037393951,0.12451651409735134,-0.8996634607022191,0.14423693458118925,-0.7206390233387259,0.18395855830742883,-0.5544638172156515,0.0,-0.644655946809181,-0.055839788513215353,-0.8235742425149554,0.0053479277609934876,-0.5964673315517737,0.06417699692484069,-0.41636364216467975,-0.159874428343583,-0.5553087774234728,-0.2195986951905341,-0.7152516816662808,-0.12666689865490263,-0.47836723509442114,-0.05514490185783391,-0.3075772776622524,-0.31420465979545675,-0.4350173103498561,-0.35904212292008086,-0.5812074640838546,-0.27058055584435237,-0.4050017738352496,-0.20124156403422055,-0.2678289629835129
A,0.0,0.0,0.22264409741361485,-0.2373603472618502,0.36327498537564806,-0.5460248637962293,0.3369925622947297,-0.816976159967192,0.20670060179248706,-1.0,0.1710470639489276,-0.6917045348678525,0.10146639837563351,-0.8894988348533256,0.10550866485709866,-0.7292522847355136,0.14790320055660564,-0.5680516994321582,-2.0911686443278424e-17,-0.6339946654328691,-0.07078218242728271,-0.8180838043350495,-0.026691506812137614,-0.6012630280353333,0.03676680459595634,-0.42638769633823975,-0.15611014670529738,-0.5456909256059115,-0.22717151538568672,-0.7126867499183278,-0.14615427762639796,-0.4820944507826445,-0.07022834103154818,-0.3185334872086896,-0.30786274449411644,-0.4234618258369744,-0.3607093784880162,-0.5662751416603867,-0.2791339083637628,-0.39117612785784156,-0.20760607379768836,-0.2604605630957126
A,0.0,0.0,0.2197003302768094,-0.24838891421133602,0.36050916819152773,-0.5474132027484766,0.34076728167471,-0.8189978066835788,0.21284225814719712,-1.0,0.1687727481482892,-0.6932506232549189,0.10935318107587241,-0.8957960471412504,0.10679487964055454,-0.7299938669920183,0.14205252574284244,-0.5674192305528992,0.0,-0.6334733701864151,-0.060174205281098694,-0.8139919659207692,-0.021551405640857457,-0.5931737775824812,0.04087151974036987,-0.4198468689540635,-0.1532675477993717,-0.54226654856831,-0.21559874689337344,-0.7132725697285853,-0.14122385628514586,-0.4796033790119002,-0.06473520708972566,-0.31171882542961277,-0.30231586499001345,-0.41892707513983946,-0.3492473362727567,-0.5512540370106368,-0.26795961139566365,-0.3802324241657947,-0.19115792259135747,-0.2514807666772849
A,0.0,0.0,0.24437289897674552,-0.2382663156420056,0.3877122046237603,-0.5457372267703694,0.3661744540971022,-0.8154593694214479,0.2439450620047161,-1.0,0.17989598077859104,-0.7144522547507315,0.1297786569035631,-0.8947169277886096,0.14526606722545485,-0.7276605809867878,0.18568978566676692,-0.5733711289000772,0.0,-0.654329099508103,-0.04724940049905806,-0.8135367286784071,0.005055911244928539,-0.5920518154358361,0.06531319667707286,-0.41773539626190215,-0.16352894821949038,-0.562437864825992,-0.21460116889172107,-0.7259480926494972,-0.13016320366247597,-0.4881674016238894,-0.05470858453900417,-0.31435828083129774,-0.320441169334883,-0.4371543879916415,-0.35426751635129283,-0.5614807840991676,-0.2645820581133039,-0.3806594472744062,-0.18585513345289711,-0.24438621537275163
A,0.0,0.0,0.23642032103663344,-0.21512315024885728,0.3902860304028327,-0.5262920767222392,0.3748619232280047,-0.8048003031563051,0.25574715518461616,-1.0,0.1773785912555156,-0.6989245256717826,0.1304979662959582,-0.9101848531372245,0.1429079382979984,-0.7420509430220548,0.1763724359369561,-0.5751683565476245,0.0,-0.6425918278570305,-0.041456282057407805,-0.8381437527012077,0.013531657447510932,-0.612766457006576,0.07055489669440528,-0.4322978870604213,-0.1618019165717358,-0.554328857170158,-0.20175816957736165,-0.7368060201521079,-0.11383952117033729,-0.49490341760308376,-0.04482581241558923,-0.3220000586529662,-0.3189965733032974,-0.43183386066004814,-0.34216938499159216,-0.5788008096348622,-0.25087013951019815,-0.405057141606407,-0.18284603650220274,-0.272244929307759
A,0.0,0.0,0.23033952597162463,-0.22422601019597221,0.38237272267329725,-0.5352446461053487,0.36277782003306547,-0.8088482796451193,0.24203842335229883,-1.0,0.1759713170140597,-0.7009758930309177,0.12076385558040775,-0.9046234410925768,0.14166272064799462,-0.7194040930185754,0.18484532008909835,-0.5572482268380217,0.0,-0.6470124570907303,-0.04789750291184665,-0.8331403853743068,0.010365129347980574,-0.6045980638804007,0.06803871341327661,-0.434745834871089,-0.15937473657099124,-0.5585605518608439,-0.21027726201424732,-0.7435257866769702,-0.12045729246875064,-0.4949715596689564,-0.050481747124606256,-0.3278676818398584,-0.3127739831288922,-0.43523066785615483,-0.34669321078091886,-0.5760094478438454,-0.25715146221194907,-0.3919982077573016,-0.18838873071499576,-0.26115398797739126
A,0.0,0.0,0.23156009317475554,-0.2140269385264099,0.3945235768092277,-0.5276275896169194,0.37629396197685383,-0.8098994736355692,0.25195744871518255,-1.0,0.1798574911324684,-0.706210326349425,0.12270810499740802,-0.9176661376890878,0.1403648408957329,-0.7350611297157612,0.18125749450756015,-0.5770116288474009,0.0,-0.6502384245836801,-0.04256117052991219,-0.8463164515211467,0.01628640901001363,-0.6092350738685357,0.07029581682850364,-0.44281948680166844,-0.1609555539592605,-0.5641044209489656,-0.2062722159325896,-0.7567373276106005,-0.11590337541436452,-0.5027074721018622,-0.05191537591374796,-0.3381629313241236,-0.3167757027326296,-0.44397717571885364,-0.34631135415437614,-0.5936706345383017,-0.2527547128730401,-0.408216180973496,-0.187818948371503,-0.2794370245179165
A,0.0,0.0,0.22656574956184955,-0.21317875294787303,0.3926599723755134,-0.5180941205542703,0.36257746414362846,-0.8049678354791798,0.24591178602814973,-1.0,0.17973528370344988,-0.7225787006769574,0.11537104773473807,-0.9278790371871004,0.11605873441120208,-0.7237494773579638,0.15447014797564831,-0.558801147056369,0.0,-0.6697863500601259,-0.06357239467813676,-0.8514274648577299,-0.014554669578105651,-0.6071007076209615,0.05132836250661462,-0.45229968256011704,-0.15634951565809888,-0.5855056501724344,-0.22968353640133327,-0.7652541001816243,-0.14865320103872623,-0.5148205352984705,-0.07412440170905074,-0.3637965555569092,-0.3064765248547396,-0.4660468146330413,-0.35781269796584614,-0.5941805259773842,-0.2692141245556123,-0.41405993011776576,-0.192821835596636,-0.2996518860280873
A,0.0,0.0,0.23976079562553146,-0.21805563720033075,0.3948872001122084,-0.5254122971800909,0.370881868570703,-0.8029380515633537,0.25195913326199076,-1.0,0.18186911296947655,-0.7221273047423009,0.12576853634490087,-0.9079143903075791,0.1351739843143421,-0.714320354485711,0.16788419942874694,-0.5549044357146192,0.0,-0.678173405212995,-0.04925731443875393,-0.8480674458943438,-0.0025481213781666863,-0.6122320685122592,0.04806895405004855,-0.46203515730950057,-0.16341700154053365,-0.6007990447931743,-0.22246534051999167,-0.7860182198162455,-0.151366365433995,-0.5409910909383843,-0.09446051793134165,-0.3899696153311645,-0.32229114276334375,-0.49223647034824985,-0.3552887909994599,-0.6378048464542807,-0.27953256719816355,-0.4580655567864484,-0.223848530089432,-0.3337945842860437
A,0.0,0.0,0.24139048738254273,-0.17852850749146248,0.370781806118284,-0.4851126166524844,0.3462192411424861,-0.7392172974669136,0.29030251740269786,-0.9137018949075564,0.20252838667935025,-0.5900280793047741,0.2744755520767391,-0.7316606279937321,0.3306133844180206,-0.8779584903914854,0.37801413309996024,-1.0,0.0,-0.5901984500315485,0.09531654686043554,-0.7536645493075549,0.15238388582781398,-0.8408547508201614,0.18659047922432798,-0.9108489970541882,-0.18913307867439347,-0.5672670687642909,-0.09480701631103154,-0.6979379910780344,-0.026221661103591597,-0.6318841374955877,0.017405931626168998,-0.563008939305722,-0.3784935537298804,-0.512795464580214,-0.27532981080393654,-0.6175978965219574,-0.1895831492000423,-0.5265803661094249,-0.1342901954329025,-0.43627479323780965
A,0.0,0.0,0.2320931252325187,-0.2416027816083302,0.38550483246221157,-0.5402799138445971,0.36136307655190564,-0.801697626407637,0.26169597791043464,-1.0,0.17941508549930907,-0.7212768962065584,0.12262743151708816,-0.9051509457938031,0.12049238536116032,-0.7183412692112447,0.1508084075927646,-0.5546164400004888,0.0,-0.677949315416307,-0.06200556927867552,-0.8534537510235589,-0.03327303201067778,-0.6280797815406746,0.023825337929048822,-0.4683915026077129,-0.16037430593260382,-0.6100354733936011,-0.23110723616802287,-0.7942247916443036,-0.18217277044285932,-0.5703910293800388,-0.11865780330141654,-0.4135269565873796,-0.31407784353200024,-0.5132092587609006,-0.3627908026683505,-0.66472046242418,-0.3023071497820604,-0.5075909628351813,-0.23994762076414156,-0.3846229606751447
A,0.0,0.0,0.25068409196754243,-0.23117241688760354,0.4041957706861138,-0.5245560661045505,0.37396402237281984,-0.7962229037234386,0.26743046398176895,-1.0,0.18548725037582417,-0.7175587988167152,0.12871647392729668,-0.8972536523938763,0.13726372567905631,-0.7102051802418307,0.16915081250009387,-0.5531622993925841,0.0,-0.6812073953969211,-0.04927116452893912,-0.8493921361542015,-0.00784079196991112,-0.6116008137657167,0.04003745130228683,-0.4530835972539116,-0.16911148989783223,-0.6171118265638726,-0.22823485712161673,-0.7854586453385095,-0.16737858775031483,-0.545100764219189,-0.11488011818433212,-0.39100172056923493,-0.33566870430386825,-0.5249211912951923,-0.37623270846483836,-0.6793025026909214,-0.30837531941931146,-0.5126078897430977,-0.2577012536051494,-0.3886190144824093
A,0.0,0.0,0.23854170111002176,-0.1979042028766017,0.4042390426607994,-0.5056241193977342,0.37965294492587237,-0.7893019628311205,0.26989767547389976,-1.0,0.18547560193816812,-0.7203663679264577,0.13183270381042544,-0.9049362958857962,0.13989180141858137,-0.7133276095532246,0.1704506657874467,-0.5537113504199588,0.0,-0.6824025545098589,-0.048737527932207966,-0.8407165372714431,-0.0025043914417940687,-0.60523356911685,0.04957274409911457,-0.455369236829972,-0.17124226567986342,-0.6223646512459132,-0.2266077390702129,-0.7810467784443188,-0.1635722425209714,-0.5448105670727337,-0.10889742947867505,-0.3949278597912492,-0.3417273419554605,-0.5406508681561114,-0.38463097618035896,-0.6931758105020993,-0.3141623166480156,-0.5278211698672434,-0.25670491469430684,-0.40078617470559924
A,0.0,0.0,0.24548350713732675,-0.20316326068023138,0.41504424955679386,-0.5040023833624399,0.39041346408372646,-0.7865114493682135,0.28421648599903804,-1.0,0.19119316134642475,-0.7082103380710644,0.13839167298485552,-0.9024425953523172,0.14449917374059093,-0.7172053534159762,0.1753802857684212,-0.5451953563415928,0.0,-0.6678696553687669,-0.042508722770766526,-0.8394898080365071,-0.0018738847110793303,-0.6051886908244555,0.050891768365198924,-0.4409126445741976,-0.1752793111226615,-0.6045212797862599,-0.22295896447644142,-0.7782739908299878,-0.16593228084506695,-0.543903371892308,-0.1122966557362784,-0.3844726505632812,-0.34938599562978745,-0.5190893386962492,-0.3850037789223276,-0.6869989347064992,-0.3212484480553367,-0.5245792352655443,-0.2702474182498829,-0.3925221042226445
A,0.0,0.0,0.2489599141957316,-0.20243697590721552,0.41594220167039486,-0.5119563901871581,0.3827022792474113,-0.7895045714492952,0.27707430292143775,-1.0,0.18962593729534644,-0.7056716729805561,0.12910754818802989,-0.8969174148356377,0.12887099399147636,-0.7183771291293233,0.16107829236337207,-0.5454458268522617,0.0,-0.6587897243360291,-0.055555119408249476,-0.8286231257415193,-0.020092345847822084,-0.597130236757715,0.04044504356981113,-0.4281670370142623,-0.17252063434354248,-0.593085737851651,-0.23222722468244716,-0.76268279569819,-0.17772104304170924,-0.5310195214331316,-0.11351069440912592,-0.36941608944416765,-0.34068114842940744,-0.5070529256239914,-0.38315871259260387,-0.6644168679697483,-0.3243611119338952,-0.49990080652888746,-0.26705066964587487,-0.3673744451040019
A,0.0,0.0,0.2456597506110285,-0.19760489351783544,0.41018525967874075,-0.5000015799052947,0.3866851263404947,-0.7830669553757718,0.28780965269252,-1.0,0.18887930117407892,-0.6995922270478732,0.13639994703733113,-0.8902671395748533,0.1314456118624921,-0.7109666090756691,0.15627399075383247,-0.5360288561481195,0.0,-0.6583936316917727,-0.049719920966852245,-0.835238174448556,-0.016579542826278663,-0.5987811693221776,0.03792229817750064,-0.416866286613328,-0.17061035653230255,-0.5949183894894625,-0.22531633084065045,-0.7645116165830449,-0.16986224647544232,-0.5282453899154372,-0.10889831847677031,-0.3580453479047202,-0.3381546366037356,-0.508410172936783,-0.3736693025831203,-0.669188914332512,-0.3176616972563256,-0.50636059352202,-0.2636751728818787,-0.37184210318391575
A,0.0,0.0,0.24243617843239307,-0.19435479499553765,0.4083212622683161,-0.499983974675654,0.3825531506187735,-0.7806497372388679,0.27998722539867804,-1.0,0.18835363851549672,-0.7091636261027296,0.13586618797410324,-0.901696720373637,0.13053675155394862,-0.7253892890875613,0.15660504453600982,-0.5427349719425766,2.1768922306952748e-17,-0.6674273552888729,-0.05172158936521651,-0.8380074947644417,-0.025548302293573667,-0.6060583307329809,0.031351475668233146,-0.42227576305108017,-0.17230221259886822,-0.6038135008952753,-0.22475426839521562,-0.7584042348463329,-0.17912488821060482,-0.5259201632393805,-0.11795353025042557,-0.35759605426753444,-0.3391958326576531,-0.5180388028975312,-0.3794906075500479,-0.6696754263075293,-0.32620063616812434,-0.5055227053183036,-0.2693760635463715,-0.37073789446451866
A,0.0,0.0,0.2506601267656749,-0.20089652770143918,0.41634518197301795,-0.5077525941127448,0.38731651895738406,-0.7860494654938062,0.28406573399882223,-1.0,0.190321328064419,-0.7080261913105145,0.13431827760241347,-0.9001004686264777,0.13160691548947226,-0.7198033148761085,0.16035884991055163,-0.5423419297137133,2.1818421056804162e-17,-0.6657435272218061,-0.05054675197701876,-0.8394632728277933,-0.020257030981044966,-0.6010561452942892,0.03468348876139306,-0.4224007028766176,-0.1737416244357899,-0.6030302966534149,-0.22687692607785886,-0.7640905465502661,-0.17744300406042834,-0.518842894933909,-0.1187858019898162,-0.3526432718846672,-0.3420817281284719,-0.518635126458094,-0.37598535449642106,-0.6806552535731383,-0.3247270938657518,-0.5020738211035956,-0.2743953047339057,-0.3636680631648161
A,0.0,0.0,0.24236234877033583,-0.18174624563164143,0.4158886943306497,-0.4950992808971876,0.3829717815840991,-0.7793714633500178,0.2848742141748479,-1.0,0.19038648552782908,-0.7104301638227711,0.13044452619292818,-0.9005393524206379,0.1285214338009788,-0.7262642370833544,0.1626919518957617,-0.5504180950482632,0.0,-0.6650365310656933,-0.052693208484220884,-0.8267402823153837,-0.01814994675572246,-0.5793797373869378,0.04373618002147285,-0.4001332504857244,-0.17303681852192163,-0.6022513858547098,-0.22288973559807762,-0.744989672912719,-0.17055384537224666,-0.4953287983529206,-0.10827327706284183,-0.3302546342054066,-0.3434023639800603,-0.5207021243460211,-0.37398406681068586,-0.669743803320197,-0.32221242719010834,-0.49462353503704215,-0.27164767041023563,-0.3636407194711984
A,0.0,0.0,0.24082741783917452,-0.1895111806204169,0.40894057875277506,-0.5025684332705566,0.37741921868362266,-0.7837616698076723,0.277250663465145,-1.0,0.19064755879820325,-0.6998167522953019,0.11907977361829744,-0.8970259914056168,0.11581302980796568,-0.7203536385346038,0.154829685006642,-0.5530965606836276,0.0,-0.6461298274938106,-0.0620233252802069,-0.8199906017375431,-0.024351543827529444,-0.5739086371090715,0.044846952172617915,-0.40131054015685624,-0.17061688209403814,-0.5749607017476933,-0.2332893131557652,-0.724119420563451,-0.17441049681441018,-0.4652827814970029,-0.10432746125415658,-0.30449015352427417,-0.3339843893862396,-0.4849144819470731,-0.3762717321690578,-0.6311025157504656,-0.3159645312934541,-0.44421986822153653,-0.2541943895938099,-0.3134955953779643
A,0.0,0.0,0.24111216997746437,-0.23833878811528394,0.4066301742053315,-0.5327973797773697,0.3933293429257941,-0.7911941721677935,0.3036243337706205,-1.0,0.17915300791203492,-0.7212048608455535,0.12140209256425784,-0.9266600689190079,0.12109815137915436,-0.7610691185003665,0.15733312165457597,-0.5846626965791756,0.0,-0.6639888941057477,-0.054202961602230364,-0.8456874805255901,-0.015678431167175575,-0.6262541474112724,0.05607773109780638,-0.4467779200820499,-0.1655194336562763,-0.5895213553894707,-0.21407376594345773,-0.7439343216641056,-0.15528478217927072,-0.5208895562188363,-0.08396038195021399,-0.35847998835796,-0.32514689722545903,-0.49385871711027063,-0.35420046314176046,-0.6532438692259318,-0.2935379261825468,-0.4958034944915421,-0.23558067718207448,-0.36759584628264547
A,0.0,0.0,0.24600460221440004,-0.2210890274533709,0.4026237525539144,-0.5215543047849724,0.35986995370657465,-0.7893803418850078,0.2791179728115258,-1.0,0.18636485278220075,-0.7153758377443513,0.1156275675298177,-0.8968998697916135,0.13423481296867282,-0.7283894474257536,0.1867157910281455,-0.5717421635923061,0.0,-0.6583716032337995,-0.057369510498402485,-0.8218838997224026,-0.0019432589350925039,-0.5955253012861619,0.0694384062693257,-0.4347816743006448,-0.16829092186515673,-0.5773467638055466,-0.22361893882883627,-0.7288874827473775,-0.14532534374188755,-0.4922021140499794,-0.07069505108197814,-0.3379051707660652,-0.33300033978982385,-0.4671670387363213,-0.36650353194380303,-0.6173561226407129,-0.283482983877037,-0.44546468949643536,-0.21238314546963225,-0.31697976764557456
A,0.0,0.0,0.258412659960737,-0.1960538119168179,0.42983275219486267,-0.5065903393680002,0.3918893423624718,-0.7849849125119942,0.335879587019735,-1.0,0.2009242479707327,-0.7071685251884123,0.15535156237234105,-0.9048137480014538,0.17853079542744862,-0.7332136580992493,0.2131331656193653,-0.5605976075365499,1.1234090225025633e-17,-0.6542884514527513,-0.031034927809911465,-0.8384274432712358,0.031200973485961778,-0.6033663301626506,0.08796722106545707,-0.4224129570332105,-0.17608966701557793,-0.5760096323053562,-0.20514015761879717,-0.7394028072440356,-0.12343615078547118,-0.49186078027734675,-0.06413746664492308,-0.32155776343904197,-0.34782048887082945,-0.46895166749578127,-0.36070980590774127,-0.6332413692356732,-0.2774387754435316,-0.45649590597528156,-0.2201208708801023,-0.31857431493191507
A,0.0,0.0,0.25315612749634675,-0.19733528642690792,0.41895831862479693,-0.5178422432777823,0.39297912362876863,-0.7852095903179568,0.32526646715068763,-1.0,0.1898461942474994,-0.7262956311581744,0.1514534012259322,-0.9083229523310229,0.18261410762967972,-0.7279925689779202,0.2224020441536424,-0.5505781403856136,-1.1412995632984317e-17,-0.6728517666426655,-0.034065488304138435,-0.8374084067109032,0.02954654493725631,-0.6066178820275365,0.08890693567689492,-0.428396787636429,-0.17517234637994586,-0.5924468795915994,-0.2040436808391843,-0.7426379013928602,-0.11816789395797755,-0.5069082930300807,-0.05380012184725161,-0.34187363439192936,-0.34664147521141486,-0.48227336518873193,-0.3532375126718734,-0.634744545547851,-0.26813981320036206,-0.45892340410490834,-0.20912540347393516,-0.3235058637479865
A,0.0,0.0,0.26676190747939266,-0.1969502098949133,0.4315888156063425,-0.5142792653813665,0.4107941775824469,-0.7844937853345215,0.3530564972508932,-1.0,0.19131283800752574,-0.739795843064098,0.16459030592261703,-0.9260205771343323,0.20246897786341636,-0.7312094775087775,0.23555450498191396,-0.5445493822190042,0.0,-0.6816980825110869,-0.018468390315283387,-0.8498628792657595,0.04459670573171167,-0.6066309874125861,0.09071394578993251,-0.4201401365855165,-0.17924576595355673,-0.5942694996036868,-0.19953288313693804,-0.7674849922044227,-0.11628218757849666,-0.5236826896613463,-0.06357225327235883,-0.3464364912410514,-0.3598398436970957,-0.4782557236698505,-0.3593845060781267,-0.649498825146155,-0.27280296481264715,-0.4692417615911061,-0.21831760786855903,-0.32432286511764696
A,0.0,0.0,0.26599765181063706,-0.1975018991782562,0.43449006369580295,-0.5146566732408789,0.4261988531550398,-0.7838728693789216,0.35809995617569984,-1.0,0.19050563229677814,-0.7473878667235551,0.167053564244324,-0.919882948007376,0.19981394097962105,-0.7458578317850753,0.2312990533719019,-0.5624484281922192,1.4976265873591627e-18,-0.6912141825183596,-0.01625526119707943,-0.8585982390496397,0.046558168986895986,-0.6313304345394205,0.09355969060207465,-0.4316710839593075,-0.1828191653527758,-0.6013895743012801,-0.20333839733224152,-0.7712306188454525,-0.11270489333749885,-0.5467376884384743,-0.054971328738699296,-0.3629394013138335,-0.3660344523012475,-0.47860648252431176,-0.3625079614941409,-0.6485903684359349,-0.26933949915303723,-0.4856787179149421,-0.2121281780542506,-0.34079751639825107
A,0.0,0.0,0.27766707759182085,-0.18320017300955915,0.4433544827450119,-0.5043243083866218,0.4313037577614138,-0.776484812417871,0.40089532908115655,-1.0,0.19688058160385624,-0.7599444630965139,0.1796883876486212,-0.9484687833537564,0.22200651340493438,-0.7657937578839534,0.2506944801140283,-0.5758226023727465,0.0,-0.7108953727869016,-0.007724545387119225,-0.8915601659643189,0.06568232858223069,-0.6595218189268982,0.10792360081589193,-0.4625946889730129,-0.1909776612565658,-0.627050560660154,-0.20108845211223586,-0.8185415600480639,-0.09875167396604471,-0.5852307201361935,-0.04284639692572434,-0.39353824164777423,-0.384158058645871,-0.5075392327272024,-0.3735039095907321,-0.6903376091803294,-0.26730698893052635,-0.5285025134576301,-0.20445496193840593,-0.3768388944729861
A,0.0,0.0,0.2822026439308124,-0.18040133469207012,0.46939932198928463,-0.4962372434004766,0.4614379830113084,-0.7705557143806167,0.41932691073307593,-1.0,0.20542145447051213,-0.7750357530146298,0.19236307285748147,-0.9984064086061535,0.2436017210804733,-0.821882627545932,0.26838951130552885,-0.6319094287131226,-1.287059715566945e-17,-0.7346935815493214,0.00411138748233075,-0.9517333513225281,0.07967621732679715,-0.7148400096182769,0.11282692556395074,-0.5126138690476236,-0.19992184779321526,-0.6564991039473609,-0.19856310607851782,-0.8854445235513471,-0.09084357309605903,-0.6623889376528569,-0.03415898321321869,-0.46485178371762237,-0.40287627994985126,-0.5416703449824938,-0.40397647839263146,-0.7672598064718761,-0.28169232586385023,-0.6409438115193787,-0.19988193984000666,-0.48929744808561293
A,0.0,0.0,0.2705459341719902,-0.18822865558314522,0.44708025262401024,-0.4978772929858358,0.43802236921938875,-0.7710304475271089,0.40190087234682287,-1.0,0.19548761895803257,-0.7769085271442066,0.2036998959767793,-0.9947027501310227,0.25230091276373573,-0.8039969154080308,0.2700540433654789,-0.6105098421275966,0.0,-0.7394168328069095,0.022478970345266077,-0.9469135640021986,0.08808551629666546,-0.7012235387746591,0.10860688127216518,-0.4925822335719253,-0.19412319510297338,-0.6666962521742695,-0.1748049757970995,-0.8921156558288892,-0.07408279611590869,-0.670141780332365,-0.028899684879676577,-0.4641087870391142,-0.39417079308016356,-0.5580849167958238,-0.38256124423564636,-0.7892074052690143,-0.2651533831277977,-0.6716223473197734,-0.19190880989120948,-0.5166866715859441
A,0.0,0.0,0.2598212658757501,-0.20084481920592698,0.40937310041580977,-0.5117698712229548,0.3956103130946501,-0.7764696708222455,0.36785388012544845,-1.0,0.18521614074672596,-0.754922580445498,0.18998046113136663,-0.9673931337074221,0.2345787328344712,-0.7871971443009675,0.252207324746776,-0.6043387812307957,-2.3736515355301405e-17,-0.7172927866025712,0.02061147596775063,-0.9200733981039655,0.08423984922462635,-0.6934140444938476,0.1078234552041473,-0.4993541549623557,-0.1850387395282936,-0.6497986190041641,-0.1640774038491065,-0.8652154367386418,-0.06509453872179745,-0.6574484582465883,-0.01793430085751545,-0.46753954494495137,-0.37345056587054143,-0.5486711111593126,-0.3553703595581582,-0.7629974395005711,-0.24315606813781016,-0.6487339623298833,-0.17551431972323506,-0.506556889123847
A,0.0,0.0,0.2527807059074208,-0.1984223825635738,0.40588979926334706,-0.506140643991767,0.4050017093223264,-0.7751680420679543,0.3639577818220753,-1.0,0.1801364680212342,-0.7595419518105131,0.18369410607365627,-0.9664573054493139,0.225782038231275,-0.7807069978857948,0.244530293911399,-0.5991178296884239,0.0,-0.7221073817236876,0.0114568077526538,-0.9207618409243058,0.08033256895972458,-0.679217438978669,0.11299679015131447,-0.48682368689041494,-0.18069026579198041,-0.6574529200445645,-0.17480671093982544,-0.8763189900925832,-0.07448339406068388,-0.6561919902757043,-0.024361309993616773,-0.4639549291440073,-0.3699675340117334,-0.5614572143933825,-0.3471153237455949,-0.7619391715030077,-0.23756163420114093,-0.6437427445794269,-0.17305792940519363,-0.505916256219583
A,0.0,0.0,0.25388907631624935,-0.2269468680405388,0.40195900767200227,-0.5220535904271784,0.4035314646668223,-0.777861546584755,0.35931274262395824,-1.0,0.18230504238564935,-0.7725119013645311,0.16944841861265755,-0.9847412623033283,0.21883735625926493,-0.8114085911924243,0.2454638021933035,-0.628852897796449,0.0,-0.7342798970390251,0.010317907810974724,-0.9371923024914673,0.07599234703012185,-0.7184218382785198,0.10738814477600479,-0.5232838115098751,-0.18157194775255953,-0.6651376271256092,-0.17249996911521714,-0.8780987554868676,-0.08466820365350437,-0.6797515450967954,-0.038722929218240235,-0.48958056731517846,-0.3667003266276311,-0.5652285757104906,-0.36857544193797187,-0.7759476633954578,-0.2661442553701381,-0.6738829861065116,-0.19931636262089192,-0.5341230727963143
A,0.0,0.0,0.25715895591074817,-0.23849338326838013,0.4036142446991113,-0.5240557021856519,0.4056105154712696,-0.7814203631591851,0.3457585691055993,-1.0,0.1782359528172921,-0.7677477118866877,0.16447060026389318,-0.9655752649516571,0.2101976380122273,-0.7857226595170713,0.23475198595082744,-0.6084319014424178,0.0,-0.7291768749181253,0.007089053855806793,-0.9123207746851475,0.0733570687398762,-0.6904620613758579,0.10707327779607634,-0.5037143739174784,-0.1778423276258105,-0.6588062247973279,-0.168098243703338,-0.8434173343820551,-0.07834354362143682,-0.6407823947667858,-0.02971622368115004,-0.4591494773404173,-0.3616294801067191,-0.5543151897152528,-0.358314755717388,-0.7483320305050027,-0.253003305164875,-0.6380385438014763,-0.18437408453300577,-0.5020109267775585
A,0.0,0.0,0.25389536960217296,-0.23046655797169352,0.40598000739525447,-0.5265885242422731,0.40667171455339635,-0.783179153365006,0.34402243987081893,-1.0,0.17393456590552564,-0.7538928853574991,0.16131764080451547,-0.9553072526774798,0.2081598355123343,-0.7888739416838482,0.2358742544831052,-0.6104391481349187,0.0,-0.7121468327414293,0.013964011390494942,-0.8965280349191688,0.0795119728929462,-0.6882417537644857,0.11599272081436209,-0.5006450999062788,-0.1729821349939362,-0.6410856186729519,-0.15376670205663856,-0.8247529382647873,-0.06734468707399012,-0.6369506800706006,-0.016554186776421537,-0.45585012753565757,-0.3509952850621067,-0.5371554790404719,-0.33698892986542417,-0.7358784708808161,-0.2390166525316204,-0.6292569330669707,-0.1743672016841166,-0.4865942335026953
A,0.0,0.0,0.24960802130782495,-0.22587305016582931,0.4050488899728697,-0.5252262205373681,0.40239863021539746,-0.7800687878657053,0.3463132524583288,-1.0,0.17817902862139842,-0.7595864552804727,0.1670286494941023,-0.9341740950695642,0.20501379655447233,-0.7672498628860451,0.22954838950197343,-0.5864453232512286,1.132292285682866e-17,-0.7142716348494512,0.008553576818278837,-0.8672953222344694,0.0719378387104891,-0.6643136538221136,0.11361595606971463,-0.47763517173513187,-0.17138584933385545,-0.6395991710793268,-0.15935711146816461,-0.7883753050855771,-0.07404621178977634,-0.6003988358066229,-0.018853519725402813,-0.4249814390311603,-0.3451044089147006,-0.5319475047513403,-0.3269409481432153,-0.7003625549986203,-0.2327314027688946,-0.5815629292091221,-0.170878235539255,-0.44378032803088063
A,0.0,0.0,0.2454118169195115,-0.21056177247088095,0.40727262017678373,-0.5083158634152424,0.3864874049849656,-0.7733613500508983,0.33070658275948733,-1.0,0.18178443013375312,-0.7493430717889517,0.16923031786376688,-0.9247469056120489,0.19714726920605605,-0.750791661666766,0.21723916456828268,-0.5730695766313252,5.7668529490597696e-18,-0.7067208944216943,0.009634041823251976,-0.8668445348425189,0.061713766491096333,-0.650413158842134,0.09982343093963614,-0.4653484085327729,-0.17441410230855056,-0.6375661641120903,-0.15692377103127833,-0.784844616484919,-0.08404414770934207,-0.5733546134814592,-0.036547203213648544,-0.39574281292185914,-0.35505204626792497,-0.5368356375393646,-0.3245697167216579,-0.6993818582071789,-0.2397196246692797,-0.5524993696704869,-0.19100498435221408,-0.40899590122797275
A,0.0,0.0,0.245019742596505,-0.20603246942206865,0.4101286980481685,-0.5123426528897038,0.3841341953187311,-0.7740666806192972,0.31708490781152915,-1.0,0.18498480213294982,-0.7414594444026864,0.15783941157347237,-0.9198156764932117,0.18290918500291833,-0.760844283894238,0.2098616686589349,-0.5795579069950573,-1.4533596244844308e-18,-0.6925346822751354,-0.002733626439579088,-0.8572383304015933,0.04937371157037777,-0.6410355288720331,0.09259061625998724,-0.4494050870344162,-0.17515536841992443,-0.6154013185204601,-0.17701813883227263,-0.776966430528043,-0.10146609311981264,-0.5585602496649874,-0.04751607232270388,-0.3791258386967199,-0.35216992057683943,-0.5074324272696323,-0.3353466862873639,-0.6776343437849187,-0.25043906401498117,-0.5276899993794014,-0.1977679373009942,-0.38755024453744213
A,0.0,0.0,0.24654747427187987,-0.20159030261526406,0.4233364549960624,-0.5108862260834984,0.3990984107120644,-0.7773102417933281,0.3221896478907969,-1.0,0.18995471984776516,-0.7530888592882793,0.17397043933328724,-0.9150405464903671,0.19331752845723946,-0.7336534586900996,0.2136459154445799,-0.562982884895565,-9.31276209995957e-20,-0.7035189867128008,0.002464738396252015,-0.8564400432796725,0.05480852332141669,-0.6284684192906346,0.0944107845655906,-0.4476404184194808,-0.17688893046322884,-0.6273682553762819,-0.17592338992791545,-0.7769400611486158,-0.09894097240723586,-0.5428273807531434,-0.04954355266284954,-0.3672315867474468,-0.3544365184164613,-0.522929137879515,-0.34005800122615154,-0.6868919147495472,-0.2571667685205286,-0.5199795908173984,-0.2096100677223609,-0.37801761613949203
A,0.0,0.0,0.2602225088058033,-0.19540329639205287,0.4481550206489648,-0.502446621752498,0.4189712405233526,-0.774681697503124,0.33030003313204065,-1.0,0.1977496780049099,-0.7418879706097701,0.16576271771791917,-0.9206560665566522,0.18338119831067684,-0.7449682575413527,0.21095674850110885,-0.5630165724233427,0.0,-0.6925469630147817,-0.012078750719089905,-0.856343487718556,0.03857630581592532,-0.6235628347290184,0.08688300217699747,-0.4329471880803426,-0.18372136936283887,-0.6148023188234153,-0.1940529403422243,-0.7722691532483099,-0.12070762465787625,-0.5310820128630536,-0.06598896511610941,-0.3490381759465452,-0.3689361433146521,-0.5092177828407631,-0.3616234102938882,-0.6762643333423779,-0.27985749724714926,-0.5057143472878716,-0.22783251938425192,-0.35951511113730605
A,0.0,0.0,0.25430438202692934,-0.18837543999226508,0.4410999512936077,-0.4955825239282614,0.412538102113136,-0.7765492648497624,0.3199390229170086,-1.0,0.198744088319834,-0.727198941990414,0.16086844556537405,-0.9112009157588574,0.16909169317183104,-0.736350101878907,0.1972891633168682,-0.5565389444982509,0.0,-0.6797977564785087,-0.025860010042098466,-0.8448734963343604,0.021410646560160087,-0.6080206801076886,0.07705837231714409,-0.42441346364652455,-0.18306290836684952,-0.6073346378588665,-0.20510887478938855,-0.7460811162097001,-0.13799427172612813,-0.49626153732440914,-0.08236935487425197,-0.3266494192300407,-0.3665915663870248,-0.511011511203006,-0.3721017568984556,-0.6674620984861847,-0.2984899260178355,-0.4806099093500546,-0.24766921958418472,-0.3379365513003261
A,0.0,0.0,0.24625687052893025,-0.22076829024663144,0.4216535659513725,-0.5190141240314811,0.39984374224902935,-0.7810389447888332,0.3107298293388508,-1.0,0.1900654488663959,-0.7631204513117812,0.15088350850164406,-0.9200476663873373,0.16012647681282152,-0.7476639096931096,0.18339620966920842,-0.571287086813199,0.0,-0.7190391332081734,-0.03634122383964157,-0.8579691640745617,0.010122675480307932,-0.6329620983041783,0.060219659910176276,-0.4524797347036555,-0.17491480832023243,-0.6491764268210262,-0.21109944515768866,-0.7721734991912593,-0.14094022255625685,-0.5471260537736781,-0.08204390652393687,-0.3823770378174259,-0.3505537125744354,-0.5521494913215088,-0.3695252777573136,-0.7011445567422934,-0.29729467775351937,-0.5330903572764146,-0.24707501069396184,-0.39927980408961256
A,0.0,0.0,0.2652972459535978,-0.22025954521117827,0.44148789090528634,-0.5154337890978838,0.4105287576866257,-0.7793201137360232,0.33058032545543015,-1.0,0.19882404005611182,-0.7502220939543855,0.16558373074104202,-0.9291602072154727,0.17454626539862386,-0.769380465253641,0.19170799396873872,-0.5867768497747431,0.0,-0.7061533418753059,-0.027748153954232222,-0.8613783763883682,0.01305969704532189,-0.6394364692901395,0.06176829139740358,-0.4439230417054846,-0.18346716906463925,-0.636330406230504,-0.2021199129857368,-0.7612029257025275,-0.1435666932303605,-0.5353895331598367,-0.08941212315449193,-0.35996027065938496,-0.3669939627672458,-0.5404921532851015,-0.37221475989442504,-0.7097713257025192,-0.30779131514851726,-0.5533944622906334,-0.2569541354530223,-0.4140828401265091
A,0.0,0.0,0.26087099868468283,-0.20760153422090785,0.4452141120782294,-0.504517361199357,0.42570354513258835,-0.7714372518112063,0.360313400227035,-1.0,0.20564377933308398,-0.745406715115418,0.19217548209601168,-0.9265587683955249,0.20357115063547507,-0.7668200711169019,0.2040156784865054,-0.5838822769105574,0.0,-0.7020041037467871,-0.012325914867733191,-0.8761085871020897,0.04032040569860574,-0.6468910429189668,0.0770043395791963,-0.44476757841164266,-0.1870080841680144,-0.6352353089129212,-0.1866647299455609,-0.7768781994194041,-0.11915173872127766,-0.5289022827561549,-0.07654558416365495,-0.33359266519345654,-0.37055154734330714,-0.5461225758023358,-0.376176238009276,-0.7377674757701369,-0.3034180926811612,-0.58786622656171,-0.25146179480628517,-0.4400943458161539
A,0.0,0.0,0.26883693308157564,-0.2052223606473829,0.45602540609059494,-0.5104953232363615,0.44319644682415055,-0.7829323819248025,0.36635195738137777,-1.0,0.21177325814649223,-0.7572965428360608,0.19566188085135447,-0.9164823865054361,0.19869428965884026,-0.7439864602681839,0.19958713688894406,-0.5741690686923069,0.0,-0.7195831146192556,-0.00948778183150017,-0.8590327754740835,0.02833957281303321,-0.6180315057440163,0.061373093082787294,-0.4365546997190021,-0.19092869204931598,-0.6538693579034774,-0.19492127165817913,-0.7584172910506194,-0.13625457552437364,-0.5113978671232837,-0.09342012650969829,-0.3400990997046196,-0.37596067643633657,-0.5643272579061974,-0.38367447709063907,-0.7245781687951492,-0.30905223176273333,-0.558713900394889,-0.2513696223722721,-0.4226646429538629
A,0.0,0.0,0.2697750021922583,-0.1968970907286098,0.4524687636968252,-0.5053657427588891,0.43280184214112144,-0.7776126242418278,0.3539623875256611,-1.0,0.20177813174096812,-0.7378468302073431,0.16655596713047324,-0.9232958792187033,0.1684617866370047,-0.7675918673228406,0.18926531918426076,-0.5776697928444907,0.0,-0.692835535421646,-0.03614202099013666,-0.858985205750295,-0.0011785121575194615,-0.6334342134896268,0.057582463877260834,-0.4292092782324703,-0.18765856028117367,-0.6222780144509652,-0.2094817145603915,-0.7457292753086067,-0.15277860011096894,-0.5106272512197113,-0.08662763717466242,-0.32330100679491586,-0.37046738043809696,-0.5282958040081297,-0.38601462466670877,-0.7002643082266047,-0.32243253623539936,-0.5468609773441275,-0.2608728142277723,-0.4027684525168639
A,0.0,0.0,0.26211633714267324,-0.19253123616210838,0.4391530687452711,-0.5022190049399461,0.40968117653046293,-0.7776426013227693,0.3290725751696524,-1.0,0.1933211737386608,-0.7193078149463401,0.15212094226792208,-0.9034183560371268,0.15468124808564002,-0.7701038629019115,0.1777882273665041,-0.5909281126103823,1.4142601506911213e-17,-0.6684312075478099,-0.03242524015685286,-0.8334188987387636,0.007069245144875971,-0.6225315289698813,0.06360982177354428,-0.4200126019655031,-0.18092476379720424,-0.5958729798237837,-0.2051997082171766,-0.7317739090704892,-0.14160221960144923,-0.5023159683644784,-0.07496190252522036,-0.30814525380340196,-0.3631932293358361,-0.5040375231071156,-0.39111722683485795,-0.6808188156727676,-0.3226998796385394,-0.5467719734769307,-0.254865757679771,-0.40418246175514055
A,0.0,0.0,0.2674820440506384,-0.1825412028338636,0.4557312296377968,-0.49599940539794135,0.42070594488643215,-0.7761234017887262,0.33087406586019136,-1.0,0.20369398135007977,-0.7206846202006707,0.1601077462089437,-0.899441271332692,0.15924215177091847,-0.7547531596161262,0.18236086216293523,-0.5745407382405497,1.4502715487999053e-17,-0.6623676998327381,-0.03412791369547306,-0.8298924227883238,0.004293176845509065,-0.6154567729005396,0.06155249975674752,-0.41863392985803954,-0.18395104762583014,-0.5806004767796445,-0.20785085056894784,-0.7219040776648965,-0.14846213962002258,-0.49151417980624884,-0.08696017485342128,-0.3021539419203661,-0.3652590425226693,-0.4780691413499617,-0.39900228627923445,-0.6549025441707658,-0.33231169889706536,-0.5094276196825233,-0.2682554460495932,-0.3634289073304822
A,0.0,0.0,0.2492941204650698,-0.17462705548261748,0.44388011204156647,-0.49058189069685615,0.42367201752878886,-0.7762162994216265,0.34153229229611387,-1.0,0.2031734989471584,-0.7302308648489001,0.16319747531398324,-0.8809955461697807,0.15701385341048338,-0.718683702184597,0.1697429491545606,-0.5555594905801621,0.0,-0.6812798260684659,-0.027403883868613095,-0.8282377097336916,0.00796358486651776,-0.6006972765723169,0.04808581528321694,-0.4216209835122682,-0.17850522276964126,-0.6104943849067584,-0.20516301937811018,-0.731458685670367,-0.14725479321581572,-0.49656267777699975,-0.09864714441371096,-0.32446403622711806,-0.35371635466570817,-0.5190503685970405,-0.3857185320505814,-0.6879002266331193,-0.32365019319529476,-0.534371386072007,-0.271414009173225,-0.3958176831459897
A,0.0,0.0,0.25791369714436585,-0.1859288782572694,0.4362655640196681,-0.49676217147433416,0.4035363622715377,-0.7742551441280319,0.3313475226690952,-1.0,0.20127319610861716,-0.7066311737331794,0.1550900575801357,-0.8974918311045188,0.153369375303962,-0.7512340413942977,0.17233049275325438,-0.5707862971361418,0.0,-0.6551940739673079,-0.034563571243796984,-0.8349441383759223,-0.004068257296126175,-0.6172365422157132,0.043300574650517794,-0.42267667770939416,-0.18021302273063947,-0.5846506422114844,-0.20696695727582454,-0.7345057854853271,-0.15472662511443983,-0.5032809303168925,-0.10148644104124357,-0.32141743327358957,-0.3574904023804989,-0.495296253908551,-0.3843422010453766,-0.6723827396776952,-0.3244316799158158,-0.5161807665431202,-0.27020614718861186,-0.37383175430413107
A,0.0,0.0,0.2594145196697466,-0.1855313954825433,0.4461633221149521,-0.49994178852660065,0.4063625931241028,-0.7769868737908799,0.3225437025452673,-1.0,0.20320700970971775,-0.7434918081456117,0.14710940818131626,-0.9126756182809149,0.1338891938506108,-0.7577525915819285,0.1520876301916486,-0.5758767148125685,-1.4603164697845917e-17,-0.6884878359253888,-0.040010706914543795,-0.8408463406436674,-0.015436458221486395,-0.6243532532625526,0.029759167554820762,-0.4314339149986383,-0.18039348945126543,-0.6120616609933557,-0.22114909448894757,-0.738765155152603,-0.16977703318606718,-0.514178183089872,-0.11216687113869239,-0.33391567437755865,-0.35777799732836857,-0.5124796656838677,-0.3988200566056839,-0.6777364178557522,-0.33515914738362973,-0.5239557476124294,-0.27361020993914636,-0.3810015963285977
A,0.0,0.0,0.24837023536155783,-0.21937864783909874,0.42308625984732845,-0.5199134511279674,0.4015288429516527,-0.7832593562600852,0.3119781004658743,-1.0,0.18296126606715435,-0.7300389093606133,0.1242848255924627,-0.9146199934704181,0.12363709309835762,-0.7596069466492356,0.1523001769940421,-0.5791135847590744,0.0,-0.6778730580088861,-0.05227329486014545,-0.839659581897972,-0.01887526552155253,-0.6308368393282755,0.03815985080852676,-0.45523738959461135,-0.1677674293130092,-0.6049807711025853,-0.21199760688389638,-0.7477364880474751,-0.15875635501630536,-0.5392439895584134,-0.10052157830252524,-0.3732244983363279,-0.336934267406473,-0.5122841090311022,-0.3703915221223626,-0.6694236813732366,-0.3044470232621821,-0.5173199143977766,-0.24865969689961653,-0.38523850534897347
A,0.0,0.0,0.2538216529928499,-0.2086632959639056,0.4346392959201932,-0.5122994290595873,0.39920818382343193,-0.7886148782321185,0.308353636530414,-1.0,0.19405290675876266,-0.7378952969616323,0.1368402404365328,-0.9048824743987349,0.12812362682898762,-0.7440995174539937,0.14929956278474854,-0.570178202847126,0.0,-0.6867207952488954,-0.05257741469623142,-0.8307002135848276,-0.020472112375896717,-0.617490288073529,0.02882392787318079,-0.44345589738768654,-0.1694115372091732,-0.6137308039825065,-0.2200720410643154,-0.733703534044793,-0.1663847510008636,-0.5201436829108141,-0.11137119800431658,-0.358249463988429,-0.33640068143179513,-0.5194039848117011,-0.38010875747684236,-0.6662645695201431,-0.3184801244781801,-0.5119688275807769,-0.26229123509022256,-0.3791027346610737
A,0.0,0.0,0.24952993446497007,-0.19553448072903346,0.4393258136990046,-0.5007243008776839,0.40341788205800383,-0.7850340618137048,0.29898359366142935,-1.0,0.19631032791271438,-0.7410181243552688,0.12944372725983097,-0.9102197573161233,0.11055433473658606,-0.7550245875656962,0.1319284491156608,-0.5774695089687842,-1.4321298191244168e-17,-0.6874463983261214,-0.06220768840442789,-0.8440801808900996,-0.03520514194177975,-0.6333942891091074,0.01887730761092745,-0.4489447323202021,-0.17284638657058016,-0.613672062350422,-0.23349244869872943,-0.7400221644446268,-0.17824889455832296,-0.525232367068345,-0.11514980430461409,-0.3548232051800859,-0.34353897814845835,-0.5185008031897279,-0.40006363393558836,-0.678533550154004,-0.3360861826166688,-0.5342100256835213,-0.26910973016696405,-0.39854201729086447
A,0.0,0.0,0.25916150055602966,-0.20560089577543025,0.43495785517863217,-0.5087373041193902,0.40597035245331964,-0.7836891829355389,0.30745568708058796,-1.0,0.19452149313959816,-0.7320434262472577,0.12515626672373475,-0.9159875966746359,0.11362179079284829,-0.766276293447345,0.1343735775511888,-0.5839364847501013,0.0,-0.6747453606327142,-0.06156020685037536,-0.8432650010395072,-0.031151609490751367,-0.6481380138673172,0.019925175210329042,-0.4600325710578784,-0.17534888626562126,-0.5975602234517671,-0.2348526045951747,-0.7470714035798008,-0.17484529430345216,-0.545851670540901,-0.11381368719493601,-0.3695025919138208,-0.3498624620240394,-0.5012526166838709,-0.40442803309922515,-0.6774577846641671,-0.3382728222819487,-0.536749810403138,-0.27503704829825076,-0.39225462358818103
A,0.0,0.0,0.2701064089113228,-0.19961557954262013,0.4466527884267366,-0.498297385481659,0.40062546681612365,-0.7863287826618927,0.28968899155087263,-1.0,0.19562140073868295,-0.72055756058677,0.12156750664084873,-0.9042138570131868,0.11272933310380796,-0.7502684213939552,0.13899734070938682,-0.5662422518681628,1.5041716720765184e-17,-0.6641239910852277,-0.06672338991302151,-0.8362958124019128,-0.03795528077968831,-0.6245842923564627,0.016553769341799498,-0.43737693507047964,-0.17344036737330046,-0.58637536376197,-0.23906004175028342,-0.7300768416371359,-0.1820937336624546,-0.5222500363973248,-0.11817594841841837,-0.35294610213463007,-0.3480493994801395,-0.4863091476950419,-0.4177014306826582,-0.6526030840403501,-0.34871150989435334,-0.5179735278931464,-0.274528313197537,-0.38693305245128895
A,0.0,0.0,0.26011891296517975,-0.19868925889407613,0.43985760399983775,-0.501907410036658,0.4187180196330489,-0.7839710958469781,0.31696168022559407,-1.0,0.197669863108126,-0.7336170780657553,0.12437826403944258,-0.9123944121535307,0.11346892499375788,-0.7690999760099005,0.13842713695495285,-0.5829793204821991,0.0,-0.6774984971913182,-0.06965658504034014,-0.856255065385978,-0.0449508355849669,-0.6496479814235957,0.004917905639633067,-0.45296082745399974,-0.17813974261910936,-0.5979990657756008,-0.2510145929043728,-0.7633568210241974,-0.19928965885765731,-0.5559272444906372,-0.13969857091389404,-0.3743457809660205,-0.35646965767600075,-0.4955513283278052,-0.42912057122952174,-0.675173914116451,-0.36327417520377153,-0.5419914963639061,-0.292887017975366,-0.4019091245081443
A,0.0,0.0,0.2621431814354064,-0.1941138922138441,0.44900101841215373,-0.5023248691796773,0.4211306896604058,-0.7870765255169467,0.3153023512435826,-1.0,0.20119543907547874,-0.7303102697585344,0.13055157671690068,-0.9106606920218732,0.11664909716397767,-0.7708600742802749,0.13707103609925386,-0.5887846196990032,0.0,-0.6781511207116241,-0.06528402742158,-0.8566382459153077,-0.04800844355047538,-0.648302487293393,-0.0019954732835292814,-0.45392717231186097,-0.1759520529673876,-0.602015153948577,-0.24438952739941233,-0.7652244548745357,-0.20181156256022914,-0.5644665505769266,-0.14583454382517272,-0.3865973890000627,-0.3512821319101085,-0.5047208794298172,-0.43346178267451574,-0.6822981970577052,-0.3768711207575425,-0.5651317588669754,-0.3076508889613436,-0.4348941474377916
A,0.0,0.0,0.2587410320498502,-0.17400562830133928,0.4501896272922963,-0.4825885119314975,0.42087696115531825,-0.77801146678098,0.32043623843403074,-1.0,0.202145633253038,-0.7279101675285415,0.13840112001382043,-0.9164398294335474,0.12802627175047399,-0.7481688777678606,0.1497948954421371,-0.5680694990367169,7.712251996708261e-18,-0.6823020025779389,-0.05501410704041942,-0.8560172273927267,-0.03400575959832257,-0.6255722714600238,0.010586931233687116,-0.45133249045124696,-0.17732186193105007,-0.613329685293868,-0.23610055270771602,-0.7707368300234688,-0.19213741046199695,-0.5413351033692745,-0.14539435919594124,-0.3770590882808203,-0.3553604053116942,-0.5216210114899832,-0.40002543532353907,-0.6814674138660003,-0.33369029572967346,-0.5074928772311691,-0.2765953786455568,-0.36707107910270426
A,0.0,0.0,0.2490074316240638,-0.17641812354376082,0.43453336266532594,-0.49118697600877226,0.4027734163311856,-0.7808696405631553,0.3029329060074963,-1.0,0.19451612816609007,-0.7222141456254099,0.13912877350302405,-0.9029199079647076,0.1223740559123979,-0.737623739188064,0.14470285601962876,-0.5616010152189785,0.0,-0.6719924097623372,-0.06573882139679744,-0.8393646490488132,-0.04205082364739614,-0.612829003141812,0.014701119896128862,-0.4464800128931683,-0.16854360063544935,-0.595607668212906,-0.24246145510533998,-0.7427666286520243,-0.18865307332059367,-0.5200476293987218,-0.12471956394350665,-0.37084052700528974,-0.3365626035762373,-0.4947377198426885,-0.3888466229111075,-0.6304010763672908,-0.31820401154552425,-0.4641038034430274,-0.2515081684141635,-0.34598035611607697
A,0.0,0.0,0.2570822583610569,-0.18005418947993443,0.4177415501293103,-0.49428697471627336,0.4070942809461619,-0.7790486526334683,0.331945702415263,-1.0,0.18932118233317674,-0.720115503369518,0.15246803535563222,-0.9048510421656922,0.15665277893183913,-0.7533034739222756,0.1769270422469018,-0.5763550608418517,7.432379602563193e-18,-0.6666040594537963,-0.05096682886123005,-0.8428741881846363,-0.009939342240877837,-0.6302721712882149,0.03694882529805445,-0.4519653720906733,-0.16936530016723766,-0.5840766869257545,-0.22318930621313157,-0.7398048389946463,-0.15097293966520353,-0.5289011196997775,-0.09737651437188666,-0.36743654599090897,-0.3376823707613425,-0.4792121859686451,-0.37710081965405273,-0.6318436526954139,-0.2942816441871047,-0.47581375633532585,-0.2346041498958615,-0.34641700839826506
A,0.0,0.0,0.25044517981928877,-0.2338325241969048,0.40966885893143584,-0.5255175657582872,0.38874528422222526,-0.7905869552878984,0.3104111342349659,-1.0,0.17951783637193383,-0.7287785453107782,0.12733251881506097,-0.9072497874203561,0.15007124421420484,-0.7216948581442946,0.18520850484837337,-0.5793118408142041,-6.927390057505285e-18,-0.6782804898776599,-0.04790977859234629,-0.8285525540470093,0.010816058169773206,-0.5979323871618533,0.05924040433112165,-0.4686535340096852,-0.15830636604906298,-0.6045570117504541,-0.20465040857241842,-0.7387064070557973,-0.13176932179812553,-0.5153079034877283,-0.08403292955678028,-0.3889975984730386,-0.31268352271055316,-0.5107418926620695,-0.346894742304313,-0.6487534274076246,-0.2699355831282789,-0.48984826007433663,-0.21945842760664583,-0.38234234041458953
A,0.0,0.0,0.24485864787098305,-0.20406036921531356,0.39122471980506957,-0.5043115998031276,0.36671630179366216,-0.7791153073666018,0.2919158785531734,-1.0,0.17464457616173412,-0.7163152729372707,0.11529177910312849,-0.9009461472092815,0.1342804159018222,-0.7382918827989797,0.1642154313516023,-0.5850530715512042,0.0,-0.6654983822299307,-0.06678933612713345,-0.8275665413622961,-0.007202271414209407,-0.6076126417564813,0.04255700844241125,-0.4646295300161428,-0.15574428948394733,-0.5883963571916443,-0.21976082670678412,-0.7330792882414904,-0.14094493604012467,-0.5157403255979688,-0.08889772200867135,-0.3801492617228345,-0.3094256286265164,-0.48779460361830124,-0.35265674555740506,-0.6274955630938026,-0.2688564473180759,-0.4637094834813247,-0.21375182695029812,-0.34456095416603194
A,0.0,0.0,0.2509896795346071,-0.19945545405936843,0.4025501423946372,-0.5033042336864695,0.3874032297015411,-0.7765968014185433,0.32823205603381655,-1.0,0.1851295852154095,-0.7370231265332375,0.13970180180247396,-0.9134406867304438,0.15318917588781675,-0.7517743026502657,0.17198134330800852,-0.6120011488546775,0.0,-0.6878182360722052,-0.04841752968411146,-0.8465326819222693,0.00045937919194984284,-0.6207756300165791,0.03544033204265902,-0.4952821963680256,-0.16105723074470418,-0.6054834216416728,-0.2111070473448235,-0.7505379588218973,-0.14089247494785856,-0.5240059487244316,-0.0991728874883407,-0.4020911617253479,-0.3164885436355557,-0.4959421614521643,-0.34547825878837596,-0.6327253774418874,-0.2668610371019345,-0.4641251004068074,-0.2178999476319302,-0.3554481948582607
A,0.0,0.0,0.25214899858119716,-0.18998945743984796,0.40345391982808737,-0.5000338424343764,0.4070453377627016,-0.774177525636449,0.3470582027126129,-1.0,0.18892484072542856,-0.7448274871243883,0.150675286256607,-0.9213769643463128,0.15189253205820155,-0.775395633660569,0.16738621973927523,-0.6257999073889614,-7.318508389572344e-18,-0.6985056896989135,-0.040579408135956056,-0.8606797509011185,-0.002530939564662325,-0.6327345245622702,0.037892797817849,-0.4847210370914609,-0.1651945596083551,-0.6126673560554239,-0.2064227124271969,-0.7657651546965113,-0.1478334778626577,-0.535503405092856,-0.10979640853159259,-0.3998347831954027,-0.32211381811433254,-0.49770741699208404,-0.34781441182142897,-0.6348935092508579,-0.2769817438048728,-0.46176736057925205,-0.2319536913435068,-0.3510355170000836
A,0.0,0.0,0.25718455886188585,-0.1787979170662179,0.416454039648958,-0.4912496626607232,0.41275277089523466,-0.7751203526743708,0.34846701029313837,-1.0,0.18833640083853356,-0.7411455024328913,0.1331866694029831,-0.9260377193622801,0.1632521663713721,-0.7470037493450098,0.19313265580074543,-0.6090493500010661,0.0,-0.6925687135359943,-0.0498663551080683,-0.8500983184226447,0.01938855832388483,-0.6081441909173116,0.059337859250542,-0.4938548529440244,-0.16746489880537838,-0.6096924787246131,-0.21969866205317828,-0.7712020491395002,-0.13658334782945777,-0.5248903564190495,-0.09844125433081331,-0.40581261345132125,-0.33104101358851445,-0.5003076286876266,-0.35740690294152183,-0.6347834821579954,-0.2790142575969659,-0.46263606853938033,-0.2396949325128302,-0.3622090012016845
A,0.0,0.0,0.264411397764523,-0.1874172310692031,0.418264220024481,-0.49579927534299917,0.4258748959190731,-0.7749095035004178,0.37223839940746073,-1.0,0.1982084425829979,-0.7454592290493127,0.15010746654238474,-0.9403361050119554,0.18086263518275694,-0.7531693318811471,0.20709963367058767,-0.6140580601162555,-7.419647130073042e-18,-0.7005972433625471,-0.04436297674714446,-0.8638828216859231,0.02048113311224895,-0.6172630910877348,0.05641698913743813,-0.4998761347713851,-0.17561878104889486,-0.6189269606500719,-0.2191836814862193,-0.7935132423774748,-0.14372871993469638,-0.5439825266867253,-0.10665575357352493,-0.4210224611568855,-0.3412180100326182,-0.5102419642650109,-0.3630792416542057,-0.6585674736536868,-0.28849610994252695,-0.48219260849187745,-0.2482310421067908,-0.37183939780461495
A,0.0,0.0,0.2606794636858757,-0.17860579640093785,0.41513892852893924,-0.4987409786293501,0.40223115073108157,-0.7727140399866649,0.3363310448315779,-1.0,0.20164106581667093,-0.7657192697584777,0.15817449557322263,-0.9475603054970638,0.16648966793363448,-0.7618116525240506,0.19047943748885307,-0.6061791354047935,0.0,-0.7136717088213095,-0.03590851187515274,-0.8718234591397559,0.0038224014144881517,-0.6200436246070784,0.04506761496055383,-0.4789879960678083,-0.17734955441417183,-0.6245512135735598,-0.21856387387741905,-0.7849705583343578,-0.15732567296755845,-0.5318873609594748,-0.10986315376038605,-0.39258560492474204,-0.3428851994536161,-0.5052417340181595,-0.3628422592766645,-0.6507562648778569,-0.2970494284683002,-0.46007609031633884,-0.24827680083422138,-0.3363105281405061
A,0.0,0.0,0.2600395306824417,-0.189928257712229,0.4204860519726079,-0.504014213187903,0.40633542577428466,-0.7781961399724917,0.3530119879133987,-1.0,0.20177507593725552,-0.7542215584273833,0.15505639741017008,-0.9475580797091282,0.18266426379096326,-0.750942282319542,0.21244251186480587,-0.6099909603082669,0.0,-0.7014128295502423,-0.04812383502431605,-0.8759877693303249,0.024367287028242667,-0.6221591394311549,0.07080058691599735,-0.4952676566637868,-0.17292365957103423,-0.6173096684369381,-0.22101663383812564,-0.7856510154203105,-0.13499483796850345,-0.531591440416465,-0.09175678743819946,-0.4070405840690734,-0.33681462800905154,-0.5064705372473348,-0.36002309256603987,-0.6556985596272881,-0.27807933358717063,-0.4703806814916322,-0.23462990088373606,-0.3573437176530613
A,0.0,0.0,0.24566151444126758,-0.18713236764417,0.3987656856065341,-0.5046496338489684,0.38285362478432183,-0.7788862333413048,0.3179043138213558,-1.0,0.19263809125905854,-0.7599594169392785,0.13848903055450082,-0.9274271935482665,0.15462805577183664,-0.733500813987723,0.18857700164288171,-0.5949251854036263,0.0,-0.7097380932288554,-0.04420782862674285,-0.8603963638395561,0.014965629056573384,-0.6052948627052886,0.06379031693073006,-0.481530394541912,-0.17144445132362995,-0.6233645423679137,-0.21566605904856842,-0.7751979966378646,-0.14061826734012337,-0.5173372786511139,-0.0923388840332262,-0.3928098370932378,-0.33525706298675434,-0.5047362673715791,-0.3524882913028491,-0.6470266329584681,-0.28009210498775944,-0.4564528865642306,-0.2360622382462074,-0.3396257364437886
A,0.0,0.0,0.24880634597826137,-0.18378332366675545,0.4071597365448257,-0.502520042325552,0.3939235310893727,-0.779601383370445,0.3312163690541205,-1.0,0.19146229093721512,-0.7453909749592094,0.1389457000558759,-0.9330251955609126,0.16185424950738275,-0.7426511892740911,0.20270249727411926,-0.5955578055308316,0.0,-0.6938393867050927,-0.04077302039817519,-0.854102945047172,0.015309590881812956,-0.6000030043318025,0.06544899736124263,-0.46796759551756345,-0.16950244985690457,-0.6070169911445898,-0.20734054512577454,-0.7561326096310845,-0.1364453935309223,-0.4972261242575243,-0.08632179255240331,-0.3706112128017764,-0.33254308672902655,-0.4919348758224862,-0.34738546681906396,-0.6233530948716534,-0.27774054365695355,-0.4309466512311547,-0.23289716036083505,-0.31874587356430345
A,0.0,0.0,0.22980946013809236,-0.2181718321269318,0.359745547009701,-0.5218573280498007,0.3345021204521826,-0.7863262236939221,0.27964000581027626,-1.0,0.17332811215038407,-0.7213217752465071,0.1076589918381676,-0.9241627323354333,0.12204432235965747,-0.7546568923496261,0.1620614364514347,-0.5954096172330726,0.0,-0.6642013762441018,-0.06210425611378568,-0.847207899994673,-0.01179306633615043,-0.6188479364116248,0.04527857791073225,-0.4687326214652477,-0.16036114148941272,-0.5772455656329181,-0.21392216617523216,-0.7550406984586422,-0.14169597412889198,-0.5170993272857295,-0.08158935122660287,-0.37312695504311044,-0.3174252115410842,-0.4639599619418595,-0.34248396063448144,-0.6167287124228291,-0.2744735168335708,-0.4502894652762248,-0.22672007745459757,-0.33381947075387325
A,0.0,0.0,0.24043716332823142,-0.20382904198468896,0.391989367785527,-0.5031517607975542,0.3640952693871834,-0.779481289740117,0.29653918612619135,-1.0,0.182259303559926,-0.7067401320471857,0.11873944464155985,-0.8974126532765068,0.1319179405088019,-0.7291737985467454,0.16926796138288114,-0.5725628349131641,0.0,-0.6465208146649576,-0.05369170656567295,-0.830321334867491,0.0012258601715327757,-0.5996593043872301,0.06164660514302816,-0.44188749512130765,-0.16045746597406552,-0.5565876897915019,-0.2081845170627011,-0.7290874588535757,-0.13468399679778484,-0.4950055110641531,-0.07686844138064401,-0.3500869143474767,-0.3170755460928871,-0.4390105527264861,-0.33725242205769856,-0.5941310503767538,-0.26536583326088803,-0.42318560640774,-0.21595353070090464,-0.3030085020337626
A,0.0,0.0,0.2477620675533777,-0.18875073954806518,0.4060407103100042,-0.49724065019736147,0.3753077797439595,-0.778867396385991,0.3117527982281322,-1.0,0.19527977443463876,-0.7124399935465104,0.12344036016528999,-0.9116583520506805,0.1325372864046342,-0.7537573577175933,0.17909282090830855,-0.5932292355744551,0.0,-0.6511362680139684,-0.06217991033222057,-0.8445487275200859,-0.010646046862734059,-0.6115227646219813,0.061660531221301,-0.43991100520557413,-0.16881499607535796,-0.5595339396066606,-0.21998399116658238,-0.7375412064820999,-0.14962233416496615,-0.4908983165348721,-0.08285509184882929,-0.33216674763014997,-0.32929616197708456,-0.43882903509500365,-0.3565806584449456,-0.5899877633223813,-0.286407031192643,-0.4109412035557,-0.22710254475583144,-0.28689301505334897
A,0.0,0.0,0.24184771269417826,-0.17427704627940813,0.4065392254237995,-0.48711034542691795,0.36666207342608076,-0.7734366863278278,0.29886064248565153,-1.0,0.1864061735587994,-0.7114709411607554,0.11492305559525272,-0.9165156032119719,0.12884364068356696,-0.7510266941592721,0.1754691173535491,-0.5947945657770093,0.0,-0.6491643918248511,-0.0660271779356404,-0.8409531665226574,-0.010108108681796497,-0.603110261448631,0.061414736377297705,-0.44410180484813117,-0.16477274636097375,-0.5596935342118953,-0.22210596845145605,-0.726847893164814,-0.14656988955381692,-0.4811462257606217,-0.07963396915410409,-0.3351423183447473,-0.32778314590429386,-0.44507311949368283,-0.3631724496803419,-0.5807990758714777,-0.2860922230412848,-0.40288900255999616,-0.22502519006009697,-0.28768864713816306
A,0.0,0.0,0.24963288460947805,-0.18484700417112104,0.40499947772578354,-0.49258346146099913,0.3669806284771616,-0.7723277845851212,0.30373587200090296,-1.0,0.18963176978002905,-0.7107537070297265,0.12531432413062984,-0.9055346558520004,0.13660323367292096,-0.7357144341702706,0.18302778440770565,-0.5647868357441647,0.0,-0.649327051327194,-0.05810859728576908,-0.842645202537072,-0.014063160890656705,-0.6049632687351548,0.05726284597550869,-0.4273012991693724,-0.1694581951522428,-0.5603025125997947,-0.2181175358113886,-0.723953672187412,-0.15445509711196487,-0.47770681526899517,-0.08691064052648119,-0.3214695059298212,-0.3327022883944523,-0.4481196927709122,-0.36571162316698774,-0.5906783450273188,-0.2985587028456046,-0.4077318027468105,-0.23813147572875606,-0.2840086818380274
A,0.0,0.0,0.24770790254391867,-0.18877768309074508,0.40379962229036764,-0.49565050004699057,0.3727065823438106,-0.7759303463942442,0.2958483495233974,-1.0,0.18836168019260635,-0.6930440634542413,0.12635812617999015,-0.8992285731255939,0.13266216452400514,-0.7480033772298673,0.1749510122995664,-0.5835017659124152,0.0,-0.6336518400067033,-0.04910746464351604,-0.8261527103514261,-0.014993426189693432,-0.6014409035180971,0.04823382788523365,-0.4272670984563115,-0.1664427949361474,-0.5505012300998727,-0.21119108497139433,-0.7191115067798776,-0.158937635764133,-0.4752379292084115,-0.09728114370826743,-0.31214953212692603,-0.3242370571128385,-0.4465051396937376,-0.35459696057462403,-0.5843321239211444,-0.2976609562523477,-0.4014268375017334,-0.2424892776890645,-0.2709818341894899
A,0.0,0.0,0.2391351868573042,-0.19461490206256532,0.37889349386691656,-0.504791344030044,0.3396932065193042,-0.7796424954681804,0.2867475011985263,-1.0,0.18091557651826068,-0.6864379468164454,0.12183800085620328,-0.8933888505105549,0.12448751517613348,-0.7503636457292334,0.16057911937248923,-0.5884178403944353,5.674442795450666e-18,-0.6260802871655343,-0.0505516127990249,-0.8199185487020199,-0.02038408704756301,-0.6059265330738984,0.03885580051155924,-0.429042802794559,-0.16122461016363715,-0.5413959309438059,-0.20906634335844188,-0.7104725510931685,-0.15459533070646408,-0.47688998668014654,-0.09062330398760363,-0.31396476413793056,-0.3156401138175488,-0.4338921659184879,-0.34872348035825335,-0.5761153755827936,-0.29092668862328586,-0.39655658137808775,-0.23305214168503857,-0.264768947081647
A,0.0,0.0,0.2440457823662415,-0.1805838370034363,0.3924400368123844,-0.4992516875788505,0.35969503367924677,-0.7801392323647529,0.285205534482802,-1.0,0.18559356012533404,-0.6927105508034223,0.12298764799248785,-0.8954219760099635,0.12897801014903942,-0.7475615973539864,0.1725008144311455,-0.57719382798084,0.0,-0.626031235746434,-0.05513598522970718,-0.8113866943754476,-0.012804693772976251,-0.5945556574119067,0.05733636480583887,-0.41805040381249825,-0.16288614924171682,-0.5328397503018145,-0.21386276478169036,-0.680835508726206,-0.14576892816656492,-0.4474992247772977,-0.07250182992647058,-0.29041790710190973,-0.3145292688800991,-0.41863894602532864,-0.35247636084991746,-0.5476592502232592,-0.286512925097625,-0.3700781965862867,-0.22305391007733377,-0.24534778894355036
A,0.0,0.0,0.23915842120281358,-0.18965931634841077,0.39831005384668977,-0.5000982916721894,0.36797002826734104,-0.7781904584335165,0.29103676842073856,-1.0,0.18486913351555817,-0.6853933658931084,0.12458468113432881,-0.8913841331016524,0.14169310781885588,-0.7395438436471102,0.1854310646089394,-0.5602557264687167,0.0,-0.6211751527738981,-0.05558343193862255,-0.8087938600833566,-0.009045405873825815,-0.5974714347802071,0.06104802410241104,-0.41503900483783124,-0.16232357037311046,-0.5323528813156816,-0.21115940083984197,-0.6828183280064728,-0.14255389156786247,-0.4504029830369964,-0.06997212519510543,-0.2842900582730897,-0.3161046622774254,-0.42231715272570414,-0.3509645960595646,-0.5511205271894364,-0.27923833886573196,-0.38278117488287516,-0.2119439750826156,-0.257078583137059
A,0.0,0.0,0.24688783400556114,-0.1735178453205473,0.41769297385490356,-0.49011750465457277,0.38576098068126113,-0.7759251648466827,0.303224458061352,-1.0,0.18784475594415168,-0.6974197233164793,0.1332974641828431,-0.8982055660609399,0.15893482438470527,-0.7218244973682513,0.19743519247780103,-0.5480382066054694,0.0,-0.6360715030957053,-0.04350890510708231,-0.8124378775951859,0.01778498672820564,-0.5751703749809017,0.07905510885059258,-0.40319266344388605,-0.1659694907348797,-0.5466978785137199,-0.2062291702081271,-0.6932702945812216,-0.12323326939961204,-0.43733009305418896,-0.059539954412531654,-0.2743038924517456,-0.3280270350707182,-0.43324372372074005,-0.3550578372358997,-0.5626620639706105,-0.2708312685150184,-0.3757748320667215,-0.2118291539642911,-0.24829766178138135
A,0.0,0.0,0.2259180264587254,-0.2211222110405989,0.3773832844941218,-0.523947993492209,0.3611570951185869,-0.784635059064088,0.3099974082501777,-1.0,0.17194224943057018,-0.7169097835193341,0.10801300823299728,-0.9027389360807274,0.13154932626671556,-0.7379029558043271,0.1737597778726355,-0.5790063519897245,0.0,-0.6520698517454747,-0.05144408642079979,-0.8272140344706993,0.005471868554878741,-0.6023532660892716,0.060566526539520875,-0.44382972823074607,-0.1541813247592563,-0.5654548066047501,-0.2000836727029764,-0.7087462229702997,-0.12083362154684649,-0.47483196126200206,-0.06043800164561648,-0.32967410960993965,-0.30485864178283384,-0.4552637853503622,-0.32953333667732987,-0.5934302660938149,-0.25443302759816544,-0.42069285196823347,-0.2038338564631171,-0.302176697663761
A,0.0,0.0,0.2318538188787462,-0.20607644521221757,0.3718982879621249,-0.51023497357186,0.34133196808653843,-0.7799546071364251,0.2768310037868957,-1.0,0.17429329908258567,-0.7121069856145292,0.1147016552004505,-0.9048734163915478,0.13915553590244512,-0.7236765986935446,0.17862342222172653,-0.5548318374577842,0.0,-0.6498551543597099,-0.0491721840729423,-0.8316124772233053,0.008485994958883027,-0.6001011549322035,0.06768283752229064,-0.42852623399463585,-0.15687717694437994,-0.5615089553040249,-0.20279063899136543,-0.7058766746204763,-0.1210471736458204,-0.4576201074353048,-0.05486034822340601,-0.2997365216899002,-0.3093692852204711,-0.44772282335818975,-0.3390580063990582,-0.5772729361074819,-0.25736742521109524,-0.39150128865164124,-0.19516011595409838,-0.26470136308767056
A,0.0,0.0,0.2372475996267086,-0.18404730995540441,0.38991717383420005,-0.4994360198352647,0.3514276991025159,-0.7762351227745979,0.29272720178654843,-1.0,0.18662663463146484,-0.7167508914574401,0.11808587712041406,-0.9220803216086844,0.13585335884614744,-0.7419685385005219,0.17817150481756158,-0.5693821272998378,0.0,-0.6527499492520481,-0.053687246603091036,-0.838575883790815,0.0002898192718938367,-0.5916919123397081,0.06357339964800195,-0.4240492671939946,-0.16317204322321366,-0.5659374626135778,-0.21537803276177037,-0.7047095707322842,-0.13543607708957256,-0.440277494785809,-0.0651334791997741,-0.28723189395125726,-0.31757969048495815,-0.4529397283770297,-0.35423188014932544,-0.586938388448718,-0.27765454748742235,-0.38808006591827593,-0.21579609563217333,-0.2620727587826208
A,0.0,0.0,0.23824630180039566,-0.19031082420499068,0.39606074570039534,-0.4994842420929049,0.3546363567496571,-0.7770797594948751,0.27797346062143263,-1.0,0.17948922692139327,-0.6988968175651438,0.11040470518491519,-0.9055720799550788,0.12449426284129636,-0.7319681768941129,0.17071100622890023,-0.5605155485828184,5.11267905759206e-18,-0.6349728457994462,-0.05490984698731898,-0.8242182260605803,-0.008674844282310587,-0.592742940088527,0.05744938682223712,-0.41679700632318617,-0.15929807792701756,-0.549699595166041,-0.20953478047674082,-0.6957136429233989,-0.13885789233733464,-0.4424958116228151,-0.06808685433778958,-0.2801796079963574,-0.31249788057556155,-0.44138762222589933,-0.34914951231858404,-0.5749600657500099,-0.27714908827857554,-0.39188263561480974,-0.21432468112121483,-0.2639914719121642
A,0.0,0.0,0.23706454535345467,-0.18913077431783892,0.39257204679436103,-0.5027650962542013,0.35183722755506996,-0.7766421790981662,0.27954033095947917,-1.0,0.1828190637970069,-0.7005644245032238,0.11601582674728302,-0.9162622192927755,0.13012824840861134,-0.7385114986956017,0.1752168529664084,-0.5624745574982732,5.053706345582735e-18,-0.6369735062635955,-0.056617580713892154,-0.8324804006623877,-0.007741812652056324,-0.5980145331219522,0.06080575753415181,-0.4223433511323979,-0.1652000083568873,-0.5489505222366856,-0.21505617751524456,-0.7051354432686545,-0.1385557646583201,-0.44955792413075607,-0.06539365346263554,-0.2881120061595413,-0.3251678213983301,-0.435466794987489,-0.35538802765937183,-0.5782199395670604,-0.274891070183443,-0.39252507631713773,-0.20923033774812191,-0.26256827919498155
A,0.0,0.0,0.24074713007278134,-0.20602777860468718,0.4032812568148458,-0.515775716623706,0.3519625569009751,-0.7912659022021528,0.2531579600144904,-1.0,0.18011506798896484,-0.7037372873761807,0.10155513520911946,-0.9023014285332389,0.11293796705496004,-0.7340940301435357,0.16410790937563058,-0.5608900220959768,0.0,-0.6355637662380345,-0.06690821332049533,-0.8179197561084995,-0.019710672884129178,-0.5945198879804108,0.05466648601464734,-0.41300434671234804,-0.15983975972977735,-0.5476502777963466,-0.22072656611782743,-0.6939543649712915,-0.14816169990103048,-0.452487979342242,-0.07034840775154286,-0.2872671801104756,-0.31522164943505265,-0.43727768571256537,-0.3541239807478376,-0.5749882510845667,-0.2784807280470457,-0.3998135935670763,-0.2090378446741791,-0.27039385245065195
A,0.0,0.0,0.2399203793174297,-0.2007405895126463,0.40277596449836833,-0.5104501666077224,0.35175809803369296,-0.7862234323408096,0.2667075543881262,-1.0,0.1812656544221164,-0.7027322257608655,0.10907543856922959,-0.9094167759633217,0.11927740273584791,-0.7453315979007421,0.16338095062910885,-0.5696011721245161,-9.977493868911156e-18,-0.6381618499272844,-0.0648898945950815,-0.8236017845585311,-0.01845758282729411,-0.5983389615679175,0.051411043390075864,-0.4162921607340129,-0.15806039265341063,-0.552698541148216,-0.21807380744047583,-0.7060081422162927,-0.1490293175430754,-0.4641426189680108,-0.0756283698042814,-0.29705491457797056,-0.3115831441427837,-0.4439564408787352,-0.35090334335166323,-0.5797463396288294,-0.2769974922246484,-0.4094196804494668,-0.2072724155813789,-0.28264631321337774
A,0.0,0.0,0.24362674703170048,-0.2020114612505089,0.4085903952914469,-0.5027170513926701,0.35391426535355336,-0.7794728878890571,0.2610555327162104,-1.0,0.18347799131190254,-0.7039073229738401,0.10202340053932558,-0.9040924270669488,0.1142586016160051,-0.7411540721713931,0.1647744450073973,-0.5637481650556692,0.0,-0.6406989399665993,-0.07434418241915475,-0.8189148946304277,-0.030105283105346176,-0.5962516798227963,0.04289379756432128,-0.41844614098725147,-0.1608727194829664,-0.5560834244680252,-0.23079131801549227,-0.6972188565047991,-0.1652750526122715,-0.4615102952005152,-0.09037753172815739,-0.30096369389913663,-0.31679582723005345,-0.4493008019193344,-0.36419641390839025,-0.580746776295262,-0.29560172592197603,-0.4022282218666113,-0.22767635556451338,-0.27086751925958164
A,0.0,0.0,0.2519594064347903,-0.1997809602330616,0.42380688455059834,-0.5110047700288786,0.3743548330835112,-0.7870071021411418,0.28235676385179465,-1.0,0.18923551571894337,-0.7119368776288434,0.11755885243349731,-0.9214198563429353,0.1299829478003578,-0.7572575867253933,0.17573556741348026,-0.5728765285978679,0.0,-0.6481420233367491,-0.06595889937619118,-0.8289820871110127,-0.021773275349640544,-0.6061717704264988,0.046617794131801976,-0.4215143888567834,-0.16505881958651925,-0.5621459351645779,-0.2321285848555197,-0.7155817274345987,-0.1642393053654656,-0.4864714806453334,-0.08918153137790764,-0.31818523709506,-0.322848906479124,-0.4514076456754931,-0.36804043557260585,-0.5953927158712579,-0.2970839510766711,-0.4260730360988361,-0.22891146680254226,-0.28837054773954374
A,0.0,0.0,0.24208580762523724,-0.20390632667503983,0.4106199705597394,-0.5142873761630784,0.35501645208349475,-0.7926812878440641,0.24358635568704107,-1.0,0.1827803734026552,-0.7033640313601283,0.09232834862184512,-0.903312300346393,0.0946937960271207,-0.7417911513547241,0.1414316680669483,-0.5668519967876029,0.0,-0.6396671042621707,-0.08831020900013614,-0.8208335467728025,-0.04516389776198786,-0.5988300609954944,0.031843727501079964,-0.42436202208901963,-0.1552968663993219,-0.5558816866991803,-0.2429916183309242,-0.7012535214318847,-0.1751849476967173,-0.4720131687731064,-0.09386396449811638,-0.31476068339892627,-0.3012675371471659,-0.4480805933601513,-0.36279867973297436,-0.5914173528834026,-0.2936463724813938,-0.4178593968921947,-0.2186688594750547,-0.2863606486372794
A,0.0,0.0,0.20857070613083173,-0.19199460045905198,0.2666739945159433,-0.42904117996096686,0.21070911723364766,-0.6294210988126872,0.1208142906456127,-0.7801527085506933,0.18542097370377572,-0.5041222666088586,0.19562764643977326,-0.7215548567572319,0.168389414317634,-0.8704295851996093,0.15350188759072847,-1.0,-2.4556709615250214e-17,-0.46551074741342824,0.016839980469400325,-0.6572993878534147,0.0074518749304632636,-0.7539921162731946,0.005229476637889025,-0.8162673927952236,-0.18046414684286471,-0.41401304890070456,-0.1814193100405548,-0.571458078923895,-0.11617170596082374,-0.42062961796565357,-0.05525173407093214,-0.29266084669439096,-0.35345992843308327,-0.352554513691182,-0.3522375696689538,-0.4603542609890446,-0.27718001222430966,-0.3374751653356493,-0.20944114303386974,-0.2247713341356872
A,0.0,0.0,0.25205905836324594,-0.24256164084122342,0.41216902240740827,-0.5391141331646002,0.3658534119346255,-0.8240236616999111,0.24689594455137617,-1.0,0.19481578551611312,-0.7174017342816091,0.09226726432039717,-0.9171230523184841,0.10703973700294955,-0.7499943008790759,0.15716565541930694,-0.5944397263385609,0.0,-0.6436392381084695,-0.09446038583295478,-0.8156415169791791,-0.022840694718933567,-0.5874650538121199,0.04828442648696519,-0.4202420708316714,-0.1533240941197145,-0.5579101332684409,-0.243204900029997,-0.6985741408906101,-0.15683175192775373,-0.4756690642385283,-0.0861498394185895,-0.32666768459937723,-0.29461980883517624,-0.459005565698621,-0.36096067707017526,-0.6021292312837524,-0.28630227643993217,-0.4450456701111479,-0.2203944408680091,-0.32677656002114913
A,0.0,0.0,0.237024696368746,-0.2307175864083192,0.4118382096146729,-0.5206202015094542,0.36984093659160544,-0.7996216109089003,0.24807480773340307,-1.0,0.17889673474324008,-0.7126541623119031,0.09632641625981024,-0.9163651013237606,0.08754562200409995,-0.7573710965997618,0.12160834753370249,-0.5767436370330363,9.222003518830307e-18,-0.6574067605040328,-0.08632305361633347,-0.8334089867923433,-0.06209352782500577,-0.6125549730408987,0.0020002503095489926,-0.42605608102710385,-0.15243090139925708,-0.5831125195021104,-0.24146274816692953,-0.7282173201778549,-0.1951980617891679,-0.5036572653557719,-0.12310357494621488,-0.33474877755645216,-0.29769074858432604,-0.48857412089613667,-0.36356829755423814,-0.6140422466789838,-0.3077625457570963,-0.44941338306795986,-0.23648457787269545,-0.31776612963558626
A,0.0,0.0,0.2356367123701185,-0.22563782253487358,0.40485947599329364,-0.5187763731909529,0.3599535853210925,-0.7961353173973376,0.24797902913867886,-1.0,0.17684922881858797,-0.701354950665326,0.091444189465929,-0.9023858469908719,0.0787376415565163,-0.7376272913125228,0.11536050137842577,-0.55900189843137,0.0,-0.6386034457739925,-0.09189531460838485,-0.8198249786909774,-0.06384726851768215,-0.5962351782302187,0.010713156053370766,-0.41541966364429084,-0.15115126449530036,-0.5571982320583897,-0.2419842099540249,-0.703984841667354,-0.19020159946767476,-0.4788463033498676,-0.11218735608236635,-0.31720398565365976,-0.29430633344128126,-0.4536885038002155,-0.3595348256539061,-0.5880905030843607,-0.29916852391667415,-0.4247139337021252,-0.22397342907968276,-0.29842248204862637
A,0.0,0.0,0.23504812021995108,-0.2047783415619023,0.40712581546226945,-0.5085072959606812,0.3624244013244467,-0.7941817488881447,0.24765340327550284,-1.0,0.17901625289626596,-0.6969110968604778,0.09387097117441441,-0.904550097818843,0.0769345456545982,-0.7458724858355357,0.10858796944176723,-0.5615408721221047,1.793903151250258e-17,-0.638322138056029,-0.0915500295834064,-0.8228879308573196,-0.06906457757056834,-0.6017771186667854,-0.0014473806385562429,-0.41916025575915133,-0.15071673706685967,-0.5616332581320116,-0.23906725198058407,-0.7090390700767035,-0.19283133226641475,-0.4854230894228707,-0.1205332101484327,-0.3242777107671588,-0.2926476178629991,-0.4641798260756026,-0.3565413540809548,-0.5987154100387726,-0.30502905310703715,-0.4346483645258659,-0.23842198086967015,-0.3072609186759943
A,0.0,0.0,0.22712788349331464,-0.2114340201661922,0.40345007571075137,-0.5238473034814333,0.3574774107933027,-0.8115647115545329,0.22178153621202842,-1.0,0.18035260275871007,-0.7108241713826832,0.08957427789364425,-0.9148179233040863,0.0619969301269745,-0.7535376440252982,0.09131930358764834,-0.5748341010466115,0.0,-0.6517146140164303,-0.10249636308240768,-0.8235430179976554,-0.07936333936914541,-0.6017650756252815,-0.003267570290820183,-0.4336523502533308,-0.14993457944916852,-0.5729314996099,-0.2480560460043652,-0.7099972005543278,-0.19993542136350811,-0.48863589059641843,-0.12057159913591928,-0.3374306719181971,-0.28966770919678636,-0.47449179468997565,-0.36184978170887,-0.5960342584550186,-0.309464023629401,-0.43153198625969275,-0.23725399608856043,-0.3116763640833128
A,0.0,0.0,0.24419698178202476,-0.22181292221810506,0.4114098741738705,-0.5242032767438501,0.3620266526086344,-0.8076596465970989,0.2432681410850681,-1.0,0.18380553820011863,-0.7049342366293512,0.09323373519701186,-0.9073970262782968,0.07132724184762602,-0.7475998326491125,0.10184374424354067,-0.5637931359797227,0.0,-0.6423955962620479,-0.09893954838429597,-0.8197525072533077,-0.07730543913871833,-0.6054072577356873,-0.007585113300753953,-0.425631638797722,-0.1494187248476585,-0.5607567474755815,-0.24634352386251077,-0.700765573141644,-0.198485238716208,-0.4852242858442769,-0.12062135379270293,-0.32460731847909763,-0.2869418724064871,-0.45918600586269637,-0.36270178777223433,-0.5899002163419097,-0.31074198203748943,-0.43116919711087315,-0.2378211554353204,-0.30498730477924785
A,0.0,0.0,0.24137881704406178,-0.2093115872755634,0.40957921068161873,-0.520203887904584,0.35312484890406354,-0.8084261534393367,0.22521731699869552,-1.0,0.18503499897168788,-0.7022406446928754,0.08028228894912687,-0.89889707645993,0.06380950426324201,-0.7275617111449059,0.10504635061732566,-0.5488033079211786,0.0,-0.639302443614245,-0.11675655179280793,-0.7999512680567203,-0.08057375687376298,-0.5755188034601503,0.005752764220412703,-0.41196310737775765,-0.15177169795107948,-0.5592605748565469,-0.25812693487986305,-0.6772323383238281,-0.19641611402574274,-0.45367355024206607,-0.10689604893450962,-0.3093060064477389,-0.29250844575657153,-0.46009156599339146,-0.37189599953892744,-0.577348845558411,-0.3121660623463311,-0.4047222009383875,-0.23318124416140518,-0.28443042135557106
A,0.0,0.0,0.24663626740938774,-0.19717497377256168,0.40946608249383043,-0.5124266708541367,0.3614102742492519,-0.8005507226402314,0.24672307003249516,-1.0,0.18715138622435984,-0.7061237828420955,0.1056216329762562,-0.9008030254841894,0.09524683850778308,-0.7418408652710905,0.1279668459082466,-0.5663313657272846,0.0,-0.6475751838105136,-0.09249821899649625,-0.8134544949317896,-0.05550166058921075,-0.6034503008113729,0.015043773315023486,-0.43730766799300125,-0.15660304610087336,-0.5657281176530362,-0.24201141716393185,-0.6883510740104156,-0.18002765198279927,-0.4711080681761365,-0.10561015065329281,-0.32365942243653767,-0.3027448168585916,-0.4620007133380417,-0.3638905790004437,-0.5825546073271703,-0.3031890196495079,-0.4095659166160847,-0.2349349364258392,-0.28683500151124286
A,0.0,0.0,0.2383440366727752,-0.20100908448819016,0.41258655943594424,-0.5110780383364708,0.35829059815538056,-0.80595728650331,0.22230863984126603,-1.0,0.18647392849666553,-0.6904403195533243,0.08951943434593462,-0.8883171299618369,0.07028379816837428,-0.7230781927403446,0.10889171236558869,-0.544285400497018,-1.7462596904311888e-17,-0.6273434221504625,-0.10954526907051332,-0.7931222432621657,-0.07508582352205401,-0.572857758453261,0.008333086535282332,-0.4071732489563612,-0.15264544116614773,-0.5471056887954192,-0.2566177813369723,-0.6619702928967387,-0.19386977254323448,-0.44279994727147753,-0.10469242183574212,-0.29837546124642117,-0.2936114435328351,-0.4490421837312248,-0.37091834065924373,-0.5603425273819671,-0.31193154691231273,-0.39289527064223007,-0.23320405011567644,-0.27460201973353127
A,0.0,0.0,0.24442513212846342,-0.19223689973249142,0.41230509197408166,-0.5118867695096255,0.35404996952589074,-0.8071753001764124,0.22719351727807557,-1.0,0.18594312546950678,-0.6962250898850746,0.08733596333889791,-0.8972517956590236,0.07329254926320045,-0.7299047807482468,0.1165057495880416,-0.555528921410986,0.0,-0.6323454615605356,-0.11079663473780026,-0.7998495693104641,-0.07450449119024352,-0.5725434449076395,0.00822082736049189,-0.41428291016627444,-0.15219968287115626,-0.5507645349629496,-0.254385699975589,-0.6736378191678107,-0.19320874974545177,-0.44708444797089786,-0.10854198050049962,-0.3083579349752706,-0.29243505746448006,-0.44866135045163275,-0.3711222934655859,-0.5675239292678078,-0.31314284314568314,-0.3946312281062897,-0.23730075801028688,-0.27721200195240936
A,0.0,0.0,0.293740395858321,-0.23103152161348628,0.41941420670709806,-0.5358693097674732,0.4374220299324587,-0.8018110955324695,0.4106150093718947,-1.0,0.22161536914630225,-0.8210506151891697,0.2615210004701579,-0.9821706816753254,0.3092054715967983,-0.8068356404170145,0.3606384135767738,-0.6568462952562044,0.0,-0.8016703823393221,0.082088430023868,-0.9795487502405116,0.11696071103114003,-0.6827326653124899,0.14665845294053198,-0.46337286477981293,-0.20878704302848364,-0.7489730944216263,-0.12386743959225711,-0.9130991311234108,-0.07551768120438186,-0.5977781486092931,-0.04245391319587053,-0.36646390411166896,-0.4337594711454729,-0.6604877062301023,-0.3319804403004811,-0.7883664615741116,-0.2604130414462836,-0.5468888794808628,-0.2024474298869177,-0.36464363330135524
A,0.0,0.0,0.2463049446860676,-0.23327483332642698,0.40749169287522463,-0.5412220245148899,0.34712547320556797,-0.8197969948500919,0.22796771459589446,-1.0,0.179784594519239,-0.7182084358806938,0.08104905700332708,-0.91736971282177,0.07524871008407573,-0.7382587149831429,0.11225982224736275,-0.5747979345165376,0.0,-0.6500845880308971,-0.09711465211944172,-0.8175841768747873,-0.056183280683495124,-0.5862734157788771,0.009192141431365783,-0.42365259252458604,-0.1403223304648115,-0.5704132159945866,-0.23505154931324018,-0.7038023996012309,-0.17167426782509881,-0.4862041772788552,-0.09986270295828824,-0.34460618650519215,-0.2684333945501264,-0.4717654291782897,-0.3479627865270447,-0.6075691889790388,-0.2941088742497863,-0.44809095248036435,-0.23170488963168004,-0.32931788494522957
A,0.0,0.0,0.22926069386152226,-0.22168107941056184,0.38538128668416816,-0.5173937044284326,0.3498273153643182,-0.8024628924696189,0.22857416888241983,-1.0,0.1716130553562485,-0.7121759817069104,0.07868471049204906,-0.9025968622536432,0.06907362022179518,-0.7309693416360437,0.10480748034294778,-0.5610812043249191,0.0,-0.6566224918927188,-0.09396516914688634,-0.8155079754572175,-0.05420310637237116,-0.5913585303994042,0.010439224239887527,-0.4308309922850577,-0.14571529644595285,-0.5796362622902117,-0.23318245567842766,-0.7080226811244945,-0.16967115053320664,-0.48751302587612844,-0.0991084046459128,-0.33915862816383974,-0.28353434413798434,-0.48183839574391674,-0.3484508339071081,-0.6030125949851272,-0.28840419767466063,-0.4414147918625473,-0.22277762431164905,-0.32278771302626624
A,0.0,0.0,0.23078615115917045,-0.2280688858725441,0.381650491419159,-0.5281854040955518,0.3329770980939162,-0.8054970429285718,0.21388547153351328,-1.0,0.17228131299671315,-0.7105997028485698,0.0777279742222521,-0.8997301209467266,0.06862188770508157,-0.7345410882641176,0.10729947696567767,-0.5559586191077114,0.0,-0.6451228887278956,-0.10227693743362876,-0.8053824964277891,-0.06432406663511521,-0.5875043413129338,0.009610425131304867,-0.41105537022947636,-0.14401637175593995,-0.5619417227741476,-0.23920956972616056,-0.6940958429821201,-0.1754780879074023,-0.47454603444223764,-0.09248425500121091,-0.3131222436413886,-0.27570947418224917,-0.45765333088870425,-0.346416659091048,-0.5799981661609601,-0.2863788158332182,-0.4177359877556563,-0.212591064190207,-0.2905293059752187
A,0.0,0.0,0.24267230843147752,-0.21879341740077296,0.39813720204281977,-0.518932366497394,0.34621983410143425,-0.7967907953668077,0.24372126375783254,-1.0,0.1770752646684483,-0.7012164192022334,0.08576648227401652,-0.8914711351132303,0.07840302462942907,-0.7288206928847486,0.11901729341160813,-0.5528128997633176,8.136986122047886e-18,-0.6340093337804715,-0.09525094622210155,-0.7950903682933897,-0.05327461919771426,-0.5767057370941444,0.022977587347926032,-0.39916190860499545,-0.14741957551408424,-0.5502756323931293,-0.2351105517645161,-0.679254684794031,-0.1665464098175444,-0.4554360844948558,-0.08218933249526311,-0.29217174790624545,-0.28262739015969146,-0.44457081795823344,-0.3478114818768365,-0.567999181626691,-0.28166482399402565,-0.4023734521610454,-0.20542955517899583,-0.272421771207681
A,0.0,0.0,0.23588401662747435,-0.20648724729294082,0.39485928542647725,-0.5141870074627225,0.3501969540139713,-0.7941938560760249,0.24843260080137472,-1.0,0.17750893700391,-0.7031275756304779,0.08877964131568386,-0.9014328984024854,0.08537208047923942,-0.726625758843055,0.1260198575621853,-0.550417268373938,0.0,-0.6359353223223722,-0.0933912628346049,-0.8044288522540328,-0.04393517509944847,-0.5774807023309725,0.03259634331399798,-0.40765845460527417,-0.15006853084912894,-0.5477925970115363,-0.23622146548857742,-0.684931181758995,-0.15873914364910258,-0.4519760684172506,-0.07659207026212204,-0.2962679125013921,-0.2891291123373303,-0.4345192893142304,-0.3539109337276261,-0.5568364864287929,-0.2796465024945729,-0.3851988147638035,-0.2047288695448525,-0.26041026037821474
A,0.0,0.0,0.22929312963287146,-0.21841440035139598,0.38875697469319165,-0.5190876640519646,0.3419710236863282,-0.8006193516719359,0.22546798626421896,-1.0,0.17233467079620107,-0.6996893950773603,0.08447640402604127,-0.9112355004426962,0.06934900883514888,-0.7396604345695531,0.10880390546614639,-0.5602199372724465,0.0,-0.634932654900608,-0.09962729594957657,-0.8060963056043231,-0.056894924938693844,-0.5753630958102505,0.027855888305516885,-0.39938954694728884,-0.14635361662738997,-0.5467860814114189,-0.23352937263957982,-0.6765594401253258,-0.15832837970799168,-0.44514885484815747,-0.06667002604129922,-0.2902057557041666,-0.28422180610638165,-0.4327128154284122,-0.34839013572947347,-0.534393351815732,-0.2736621183965799,-0.3663881868582893,-0.18957918735756965,-0.251587679876679
A,0.0,0.0,0.23702361292382826,-0.20405805889641138,0.3959647758129823,-0.5103632335456944,0.3415197266411824,-0.7992818001507604,0.23215077633586406,-1.0,0.17627540355189122,-0.6979839843091927,0.09027473140719623,-0.9091155120474798,0.07300887376786752,-0.7342090417517814,0.11187380941818251,-0.5540817843241662,0.0,-0.627017961793319,-0.09742077497534898,-0.8009086635746678,-0.05081360534441149,-0.5671119104175782,0.036638014508950816,-0.38670831237019204,-0.147273203902203,-0.5358733764830038,-0.23083747897328896,-0.6709077089729626,-0.15338519208615436,-0.4359069151197639,-0.06114767401633177,-0.2797510684823585,-0.28576375901072565,-0.4185985937606821,-0.3435085950481466,-0.5176139208204318,-0.26328896400619034,-0.34763316618660045,-0.17211918784433497,-0.23526556295810658
A,0.0,0.0,0.24159067375182383,-0.1903695974297128,0.4080838114413009,-0.5137677032535817,0.35340669017471094,-0.8069138162674017,0.24135959375669472,-1.0,0.17878549984404166,-0.7007540558602204,0.0937935564622809,-0.9151073614042424,0.07592895749772449,-0.7327553524800607,0.11509968054491161,-0.554926791181204,1.5754972733373487e-17,-0.6242495731129994,-0.10310464394308495,-0.8025596688190595,-0.05517176407286421,-0.5626743359147698,0.03645041611977653,-0.378788797816543,-0.14537700936344836,-0.5320929793670173,-0.23659341279942278,-0.664478171063406,-0.1502011732580523,-0.4289445371607046,-0.04917533790173636,-0.2753415278733022,-0.28197210906152365,-0.41677793767356164,-0.34919880796059544,-0.5035910583311763,-0.2623771620179766,-0.3322516398452963,-0.16304628286742925,-0.22803343508744398
A,0.0,0.0,0.24453041288330218,-0.17986146035605377,0.41418646991129526,-0.5007940848162791,0.356784727085274,-0.8005083435514525,0.2467322573939299,-1.0,0.1848381492642188,-0.6844272870354341,0.10850447109081922,-0.9117751763128116,0.0962687165062995,-0.7309662797069509,0.13718064190964,-0.5497972304321388,0.0,-0.611736403230738,-0.08456120743805476,-0.8069688199262541,-0.033943917202987985,-0.5635931251268493,0.0504426636047641,-0.3711979939953475,-0.15134239360353857,-0.5227644463819383,-0.2265634964876655,-0.6807893836554741,-0.13564765202026366,-0.4323118652401456,-0.03870686014964963,-0.26342709783684654,-0.29630810047039785,-0.41096485484960754,-0.3478277552974841,-0.5154414092237506,-0.25709925399365,-0.33870579530164563,-0.16207332669310162,-0.22217339748473658
A,0.0,0.0,0.2309745349471542,-0.19061531712933266,0.39703519457602887,-0.5032287614381313,0.3519954613887345,-0.7955278756648162,0.24529932258805412,-1.0,0.1760830807474218,-0.6956454316976485,0.10132986986618127,-0.9152081005667602,0.09465720172951138,-0.7430701488951411,0.13539552748112077,-0.5645269410970051,0.0,-0.626077437829215,-0.07701010552618355,-0.8173301035775793,-0.027436261125797896,-0.5785703211900445,0.05280627718120259,-0.38742271712672727,-0.14894925090831462,-0.5324328444636233,-0.22112103975577516,-0.6843977880206852,-0.12986172393301673,-0.4376836543950947,-0.034232189617131266,-0.27168403718727646,-0.293055082745523,-0.41090044207940385,-0.34214227382953344,-0.5149080162253711,-0.24485593951859458,-0.34653250978379824,-0.14929913248201285,-0.23734716848027682
A,0.0,0.0,0.25224453784165285,-0.18744950135210284,0.3958071834319664,-0.5098575587812847,0.35202473721284533,-0.8046245304598121,0.2576912893818297,-1.0,0.18111529892150577,-0.6806318236605351,0.10627717757932766,-0.8865531264143556,0.1109872681455113,-0.722275975623042,0.1635221416732753,-0.552733220807777,-7.635992999928773e-18,-0.6069044902763817,-0.06944343846720046,-0.802234655646721,-0.008304731695919623,-0.5723653229133139,0.0710985158781629,-0.38522780894009995,-0.14570402702547744,-0.5165944314513221,-0.21165909614125242,-0.6753304097677039,-0.11949326584099859,-0.43637144398736494,-0.030049096788793892,-0.2684332757605651,-0.28296562857103197,-0.4066241535174852,-0.3290477150722539,-0.5059260108593905,-0.247051429912419,-0.3277147382004814,-0.16327239071378755,-0.20776995060080955
A,0.0,0.0,0.24067356273271734,-0.18902112920299827,0.3981799670214009,-0.5049244037765116,0.3537540971644569,-0.7919861503601197,0.2579594242419339,-1.0,0.17605453779724428,-0.6830205706387069,0.10542678292786183,-0.9039554033904375,0.10515384689157788,-0.7439298631065948,0.14868655621037197,-0.5644451639400044,0.0,-0.6126352916683682,-0.06453523886000867,-0.8093370219014825,-0.012624616974732895,-0.5792970122082546,0.06920957519274337,-0.3855695205886038,-0.15373791992926922,-0.5198065082039709,-0.21041614291632874,-0.6911015851482041,-0.12159090355853369,-0.44541065655590295,-0.029621703849086307,-0.2707365423074992,-0.3030761734845216,-0.3980758125830712,-0.33532634197099803,-0.5178246646519865,-0.23861875672937533,-0.34717634260420277,-0.14775537997252178,-0.2263466870811152
A,0.0,0.0,0.23522425610014594,-0.1963873896587048,0.39532361391167753,-0.5078675501707174,0.35410262230250544,-0.7922829244770843,0.251723857037879,-1.0,0.17481273567974345,-0.6970116936084798,0.10503852744347986,-0.9101489404364823,0.10647259647000101,-0.7364424209252545,0.15074796161146323,-0.555507035353426,7.667285985001016e-18,-0.6256397721943695,-0.06378649261847796,-0.822041052418612,-0.015148105539149415,-0.5949933807082496,0.062120155740531105,-0.4021138386615171,-0.15305830048983488,-0.5301099932796957,-0.20895235425357228,-0.6909816990520989,-0.11748343871602696,-0.45065257846275486,-0.025633891955094072,-0.2766530912955076,-0.30298936740200044,-0.4062730923822067,-0.33364163465043867,-0.5270730718050212,-0.2382866987690379,-0.3580081983515254,-0.15292960398694805,-0.2332469686121151
A,0.0,0.0,0.23592687715545302,-0.1900178095319879,0.3947204779455494,-0.5084335886774706,0.3565044184400717,-0.7923329994657828,0.2599973164534455,-1.0,0.1733730964537817,-0.7061793230273815,0.10771966146723656,-0.9285362169138657,0.11388662345347651,-0.7578074118441577,0.15451288094623222,-0.5760174521406539,7.740855608605744e-18,-0.6339879789112159,-0.06450097234757456,-0.8339877531835226,-0.011817690215563835,-0.5992208442287483,0.0651400262435764,-0.40506997448180393,-0.1528763949627243,-0.5375820085027149,-0.2083764421293462,-0.7094990226706465,-0.12217391639643663,-0.4548935946034033,-0.03574746777174731,-0.27703237888856064,-0.3019906423361511,-0.4119897029930358,-0.3334504617684317,-0.5385679563326906,-0.24513706862756254,-0.3580643727652218,-0.16478010328725384,-0.23043822394227528
A,0.0,0.0,0.2426834526567556,-0.21121955998140043,0.40718250914815807,-0.5253056246819688,0.38332576694169,-0.80039097072839,0.28926147217101356,-1.0,0.16959759604841873,-0.7169662701895864,0.11444050022969748,-0.9386840072788488,0.13064393108194722,-0.7678322300873747,0.1699575332775388,-0.5830723275637981,0.0,-0.6439721276248003,-0.05387988045959616,-0.8569451742568295,0.0022408885268196915,-0.6313666309605168,0.0731491616730941,-0.4346027475866252,-0.1529695904664435,-0.5463661684650608,-0.19766606840848922,-0.731053901280787,-0.10529595874240702,-0.4906113018578125,-0.022246610196257708,-0.31061559198768773,-0.30600034209274096,-0.4174307723843079,-0.3187904469651302,-0.5660843652327763,-0.22434241823627454,-0.3921111677604277,-0.148638582157259,-0.25694253512026527
A,0.0,0.0,0.2496171190456338,-0.21036462597623115,0.4132781822961443,-0.5281413002659101,0.37222974283613475,-0.8025264671353946,0.2709836445482595,-1.0,0.17627560331055017,-0.7245680931229431,0.1182623371170723,-0.9410025200134516,0.1374528270874786,-0.7640523989889428,0.17636929861825,-0.5741414713996165,0.0,-0.6551026844755306,-0.047125259346101636,-0.8645841790816666,0.005405661178206334,-0.6307989977870007,0.06889522378992685,-0.42643920132089147,-0.1574257208873111,-0.5577442964610787,-0.19866507441288705,-0.7529141400796042,-0.11161883951225098,-0.5021151604389427,-0.031986922820715996,-0.31302259182911796,-0.31161408877630276,-0.42615288284510083,-0.32736863931394744,-0.5685924415253523,-0.23333962098948213,-0.3882548022055437,-0.15366094728813975,-0.249953905856238
A,0.0,0.0,0.2483077921145038,-0.2026591697897076,0.41779289663697305,-0.5215880202093678,0.3775856620546322,-0.7979514581534085,0.288697217426975,-1.0,0.1741697833558132,-0.722600351683877,0.11501383492652867,-0.9361237685723645,0.13617164750481808,-0.7648429903008149,0.17962714886332287,-0.582165141364249,0.0,-0.6560491014094042,-0.05219184559849448,-0.8630131632923553,0.0011014946319474182,-0.6345914127911412,0.06694265152479664,-0.4359123623706139,-0.1559593396736345,-0.5619262906390771,-0.20482251728990816,-0.7495674899938339,-0.11488136752961109,-0.5036656746016402,-0.030831289474877583,-0.3208207757136484,-0.3100601575292033,-0.43118902768350265,-0.3322377172273256,-0.5637624180306844,-0.2352171108549651,-0.38413790132914216,-0.1495850230553266,-0.251902983704415
A,0.0,0.0,0.24233799395055297,-0.19136558190612263,0.40972544001392397,-0.507239317780944,0.3678795204125527,-0.7918392951206551,0.2808743946897085,-1.0,0.17692879141899198,-0.7072015734290809,0.11838843160075237,-0.9177302531046949,0.12573045080383677,-0.7471094141576677,0.1656844832700787,-0.5591100417469671,7.671371644023643e-18,-0.6409351502605992,-0.045493690225140895,-0.8463587433439448,-0.00617397643070966,-0.619348925549011,0.05772633157575906,-0.4188671969319061,-0.1577289839460434,-0.5462082668786253,-0.1992848658521652,-0.7350710212667008,-0.12239589664670815,-0.49184616628119154,-0.04219790535222239,-0.3091753446920631,-0.31266578121479316,-0.41751102626818537,-0.3260804646381005,-0.5549851722464143,-0.23667322127070975,-0.37896572352481595,-0.15694907361712995,-0.24571283485163153
A,0.0,0.0,0.2505295138894739,-0.19589223168866057,0.42613798575336653,-0.5170806455913474,0.3859088424523841,-0.7935888754032302,0.302084559289768,-1.0,0.17672900692188653,-0.7202417406160526,0.11848730538232881,-0.9403710195645789,0.13599240440478394,-0.7719133616039472,0.17864429400605963,-0.5842268183229263,0.0,-0.6535239314648134,-0.04616932353370597,-0.8635959472526424,0.0007543209758639538,-0.6351802711167281,0.06821644777558374,-0.43365773186055995,-0.1575586401411605,-0.5604537683328308,-0.1963910207407635,-0.7582387511574978,-0.11297561978679889,-0.5104390749039476,-0.028120519136425784,-0.3226792230771455,-0.31022981644225733,-0.4318099606462175,-0.3219499642576779,-0.5664104898223571,-0.23301415564899602,-0.38262840700036654,-0.15289900190292216,-0.24336882423877113
A,0.0,0.0,0.2589827500054891,-0.20268872459484033,0.42037690310600623,-0.5273080117192164,0.3739876092681475,-0.80268436160261,0.2851671790678345,-1.0,0.18619458428774813,-0.7155687539800465,0.12023966033444496,-0.9397634956197717,0.1379252374200986,-0.7735479704400485,0.18709316302068915,-0.5881587279566056,0.0,-0.6467882816801325,-0.04770781612648154,-0.8613824224185894,0.007765226467689216,-0.6278954412926581,0.08513738851352885,-0.4250919230600061,-0.1667402656741096,-0.5526668475959317,-0.1953049928532098,-0.7406520909630454,-0.10809412444520514,-0.48493347130000547,-0.022012119024461662,-0.2999992682399291,-0.3273879465060367,-0.42598623625595416,-0.3234442528964185,-0.5741532117362396,-0.2345201193067568,-0.39162411184367046,-0.15907441196719713,-0.25287884560646995
A,0.0,0.0,0.2415064995980387,-0.19476847097487732,0.3806546999131648,-0.5052819066395408,0.3931276430144894,-0.7836772313087645,0.41306646582020856,-1.0,0.1817481382832202,-0.7280453086581608,0.22207138424785647,-0.8969130392943334,0.2536354017458082,-0.7118487510126456,0.2739408714421795,-0.5267922297567306,0.0,-0.687880031894221,0.05462143441550523,-0.890241276887754,0.10321061808721158,-0.6252863052694924,0.14199197428215757,-0.39529791759665484,-0.17925044728811226,-0.6158937755461155,-0.09356464559426393,-0.7418472515510784,-0.02420832765184479,-0.45626067908905804,0.012541806408735343,-0.24336650981909186,-0.3688523020692702,-0.5210337728310662,-0.26347768774605446,-0.6453476622510365,-0.17271073700810324,-0.42980426904493707,-0.13226149652773825,-0.27200113308250207
A,0.0,0.0,0.2521776148746922,-0.24707323453028707,0.4117172800127756,-0.5466400833642653,0.3627721694290963,-0.8237624739882734,0.25315861648359717,-1.0,0.17260081158681514,-0.7331143046970512,0.10758385687174746,-0.9445650282568477,0.1382866896604479,-0.7535426990062866,0.18519643806324726,-0.5728147341852201,0.0,-0.663009624934153,-0.04149023340584959,-0.8620471150443919,0.024336787393410275,-0.6250919767812596,0.0886657420523733,-0.4448711957336818,-0.15003667494337172,-0.5700381331529273,-0.18008481683042812,-0.757819625092562,-0.09135337307584841,-0.5185914287708367,-0.01969297620317342,-0.34487732654676323,-0.30013048897360617,-0.44673993736993517,-0.30337214698241177,-0.5936763067377293,-0.2098390475665079,-0.4389205392413599,-0.13985847446820102,-0.31572950560085344
A,0.0,0.0,0.26428782039636145,-0.22336431552341335,0.4270787725955124,-0.5299205921362379,0.381931129052079,-0.7987477102458089,0.3000699732983709,-1.0,0.18212664630083145,-0.7280964676667657,0.13819592511711676,-0.934668688336786,0.1611905327717865,-0.7579425952995578,0.1986244669348235,-0.5677460166794219,0.0,-0.6620536090841462,-0.03129347165522311,-0.8622398328804498,0.028931981644594408,-0.6192533228107696,0.09587885968666147,-0.4099958854776669,-0.16166318231434407,-0.5720916289689858,-0.17757530810921884,-0.756636467968763,-0.09127157611909772,-0.5054858695268086,-0.016809493004172636,-0.3135654024687229,-0.3210539536631333,-0.44948256958151267,-0.3041522831885558,-0.5945548331156852,-0.2093944654331035,-0.4191932218798238,-0.1359994443343417,-0.2779736218379192
A,0.0,0.0,0.2559473978405218,-0.19505491477313244,0.43379597025832517,-0.5158930433962576,0.3956141624723999,-0.7923406780489045,0.30548164240488374,-1.0,0.1812885626047848,-0.7402076134040578,0.14854105667154074,-0.946840814676186,0.18727536415456492,-0.7611904837791901,0.22368993370731774,-0.5689116758649507,0.0,-0.6774072934504008,-0.011260636641872155,-0.8809208998563017,0.05709678799166515,-0.6331656915828726,0.11142768251752112,-0.42885049051456514,-0.16626639875152938,-0.5858349419279001,-0.16088569170307104,-0.7790063852246019,-0.06834121372985758,-0.5120378943099078,-0.006575803881242302,-0.3173753634437628,-0.3341823636224235,-0.4579559474969343,-0.2920483493913887,-0.6159122488709567,-0.19473706597571197,-0.4293049758861192,-0.13584404995704608,-0.28397238356602145
A,0.0,0.0,0.266006401446628,-0.1914586151589786,0.44166875408572187,-0.5080473048270087,0.4062875515365749,-0.7834778522230298,0.3378131477033182,-1.0,0.17761020611486958,-0.7281224959129822,0.16595310449400283,-0.9408219473424475,0.20874095350654406,-0.7396232248418051,0.24089488899552322,-0.5421709296833976,-7.661657745122644e-18,-0.6694932753123046,0.007645598937192035,-0.8817612687411535,0.07590780081385984,-0.6317176725455093,0.12473674699738559,-0.4229726501316427,-0.16646049749943062,-0.5849442475790111,-0.1413264326932111,-0.770435790140076,-0.045515169760982084,-0.5009229586083753,0.015814198608489496,-0.30474001231235714,-0.3347633971688077,-0.4649681494444901,-0.27711151994574756,-0.6124717471263817,-0.17387418036507285,-0.41848378672881215,-0.11203082463471527,-0.26703701128856666
A,0.0,0.0,0.2734260810970815,-0.19593332816848136,0.44314493905711355,-0.5122993546933907,0.4052763908750875,-0.7871621961523413,0.33162513109944136,-1.0,0.17551413086849713,-0.7236891228286004,0.17642034933544234,-0.9297310234785272,0.21894390158024232,-0.7323248540808767,0.25189098936662374,-0.5310678223820242,7.649917345808307e-18,-0.6681048798631107,0.02038851686254398,-0.8868533871071024,0.08046380575956177,-0.6389294732878285,0.12928503829404434,-0.42316195608522705,-0.16665070762418482,-0.5880208232100488,-0.1266564373214614,-0.7824683445041614,-0.04377265360107076,-0.5129439659574976,0.0113759744014387,-0.3112668659288157,-0.33968777566340314,-0.47306234646607276,-0.2652763658907355,-0.627139097629881,-0.17192273926379245,-0.4303463668004214,-0.11672686371454333,-0.27286951907038304
A,0.0,0.0,0.27438435303689096,-0.18615334659616284,0.46455629820197936,-0.49911829070329927,0.45251838195357447,-0.7753323486142555,0.4019536260558671,-1.0,0.17731257071025916,-0.7380438471889221,0.19546355395538878,-0.9499422998260538,0.24432237620597666,-0.7482178190154759,0.27130222917232855,-0.5514975166472919,1.5718236339957876e-17,-0.6881665950198571,0.03803791469109147,-0.913876763287457,0.10213479437248531,-0.6571525755500012,0.143556154569791,-0.4394342278566425,-0.1690043218912585,-0.6113024364570829,-0.10809084605942122,-0.7988387628381408,-0.02602417376161162,-0.5211353673571024,0.02050304935047258,-0.314857559766827,-0.3438784916716142,-0.4978259164698382,-0.2590139108004148,-0.6570206043183194,-0.16413835579081193,-0.4569057019243746,-0.11124603345583213,-0.29224091788316753
A,0.0,0.0,0.28503260078530535,-0.18011241921774063,0.481830149388798,-0.49384015717817975,0.46859534916800893,-0.7704606932361239,0.4200348088894783,-1.0,0.1842111121201989,-0.7514362768618905,0.2264061545771203,-0.9602211624918237,0.2759101822137641,-0.7532648349895247,0.3032198551245566,-0.5494980603904827,0.0,-0.7064418589497194,0.06469563294534195,-0.9234561272110055,0.1308617535665511,-0.6553427457317094,0.1773786722063436,-0.4266905446866183,-0.17815739354647858,-0.6375503699351655,-0.07957034723480368,-0.802537064162983,0.002322213917525047,-0.5168962496754562,0.048234783436872125,-0.3031804518830427,-0.36075803993720507,-0.5352441961988975,-0.23640769920379887,-0.6759027435783567,-0.1463912539703473,-0.46559499507850804,-0.10257605615668447,-0.2942648476508871
A,0.0,0.0,0.2738018802788918,-0.16559659929258547,0.4675812262435646,-0.4806254930842886,0.4777634504235939,-0.7628138498496788,0.43612844836343484,-1.0,0.18007163244870053,-0.7550654550632112,0.23565221536185244,-0.9670152637549018,0.2959294164760403,-0.7476009572209058,0.3167892234394015,-0.5445822812525037,0.0,-0.7144965680381145,0.0819480619928491,-0.9136938906085776,0.1587675173618969,-0.6384535530399876,0.19113552847104984,-0.4169899183993122,-0.1818414037195476,-0.6463361602014992,-0.07225486691976075,-0.8173832051931393,0.015728026960672378,-0.5252923126013622,0.049315182583030956,-0.30760794408284126,-0.37074546974560024,-0.5431098337982304,-0.232763204956299,-0.6904411647276738,-0.13576661066122772,-0.47890488451489244,-0.09968499515877761,-0.30218582367539387
A,0.0,0.0,0.28228421065995835,-0.17522264487482614,0.47791967473931735,-0.4888286030071588,0.4819830842144953,-0.7657484554493031,0.4262712010343257,-1.0,0.18148650611095105,-0.7715342055153774,0.2418710857597577,-0.9650817720087699,0.30596786265890674,-0.7485044157512436,0.32902353032084997,-0.5451019728837196,0.0,-0.7361820462152584,0.09250423976087144,-0.9323376543237485,0.1684733879903935,-0.6466165290580715,0.20065909075897218,-0.41490820570755477,-0.18479496719005375,-0.6737149996460966,-0.06523471261814488,-0.8353399261286094,0.022414720708528218,-0.5338506126848507,0.054863724914545525,-0.3079086146981762,-0.37727877066097065,-0.5743966345842645,-0.22889410427491624,-0.7154902839074285,-0.13066192975547802,-0.49769437904375924,-0.09435500213480012,-0.31658394687051716
A,0.0,0.0,0.28982763834056735,-0.16020277367478558,0.5019034594685895,-0.4719245856683673,0.5028468389358339,-0.7579675395704332,0.44870539975282714,-1.0,0.19131735137158917,-0.7831499777386959,0.2670458519621953,-0.9639165603745781,0.3245886357159254,-0.7373421902706792,0.3468077864305818,-0.5206379862778588,0.0,-0.7509975861126321,0.10713438709698628,-0.9376811839149021,0.1774015557775811,-0.647413676158532,0.21229710357780215,-0.40602759127244287,-0.19204698849743007,-0.6877514255881777,-0.05543916079687663,-0.8423137399178646,0.021048088506950523,-0.5365138774215128,0.047948171048007984,-0.30285209817217484,-0.3896567780941678,-0.5865724297630708,-0.2241391370767731,-0.7217580135167821,-0.13542449527761072,-0.498403373300941,-0.10644766474603436,-0.3114132573551859
A,0.0,0.0,0.24573569290916464,-0.2191853499709339,0.3719492771682951,-0.5119290043608267,0.3445512345040868,-0.7626869149422105,0.3050509550797194,-0.9852309479318798,0.19780338792860272,-0.8198488976509682,0.24816991820292145,-1.0,0.28280122236250893,-0.8007599855078368,0.30778665651727843,-0.6214804375588248,0.0,-0.7797779933883358,0.07967276573270127,-0.9912333814657868,0.12362704561173661,-0.6939393888948472,0.1599495344431233,-0.4657374211581893,-0.19605752715848146,-0.7154077394594839,-0.10866352636747251,-0.8460198683495784,-0.051123363397046186,-0.5409873573326804,-0.010849718195863167,-0.31595408264711033,-0.39144164687091937,-0.6194277368681684,-0.31147498417343256,-0.7274632658853533,-0.22214695527745995,-0.509772923012004,-0.17517992442750047,-0.33919089096293265
A,0.0,0.0,0.2891418447161717,-0.23899659036239065,0.43713781645348165,-0.5293545659950323,0.4189234701990528,-0.7962124983183367,0.35614272914553313,-1.0,0.17504915424365466,-0.7982512887831608,0.21757201660525688,-0.9569646632966707,0.2723995618176148,-0.7476463829217912,0.30227237054563044,-0.5553285542151447,0.0,-0.7603684770458217,0.08078691664971664,-0.9199755334528371,0.15495944541923048,-0.6517302277861399,0.1802097781971833,-0.4290363871718424,-0.16630330648337902,-0.6961656929915583,-0.04938286037338425,-0.8525621732437525,0.028925907960293384,-0.5764404698768695,0.043972460340514205,-0.35644120410867264,-0.33512706450067803,-0.5958571494403732,-0.19343135408025294,-0.7187247990573238,-0.11102486729594511,-0.5270441289854912,-0.08945885440905937,-0.3632826674856211
A,0.0,0.0,0.27630922507876965,-0.19505302154544688,0.46427049882026017,-0.4942770258478059,0.4697860552268569,-0.7635939190706058,0.41891072016424985,-1.0,0.1709097305303215,-0.7840710413988755,0.2572439343419114,-0.961651004671781,0.31947688689973797,-0.7399728592586651,0.328433914198986,-0.5342865976419081,-3.2177066112628863e-17,-0.7547367330365327,0.1199794949504563,-0.9400393829427914,0.189341389716645,-0.663369567636518,0.2053332229769246,-0.4341667956791192,-0.1781767720348681,-0.7017113922531871,-0.023969140587601346,-0.8586099287311262,0.04454942238290794,-0.564807062082056,0.05000117985565297,-0.34090230680037853,-0.36797253320409096,-0.6111949716976295,-0.1801516103949208,-0.7411748421530331,-0.1020028518005584,-0.5276675081980962,-0.0959441363150838,-0.3511328532530357
A,0.0,0.0,0.28614396772238254,-0.18043219287133624,0.4866136183406115,-0.491732713228336,0.48653645343609636,-0.7649547588923966,0.4427079772329763,-1.0,0.18128375657742393,-0.8030474670963256,0.2621089885408628,-0.9865206479546155,0.3280618788094738,-0.7636993511193003,0.3461669857184346,-0.5438786057491901,0.0,-0.7690899092238945,0.11033204132178942,-0.9527399715410071,0.18416325146840562,-0.6677659751097565,0.21354476332129227,-0.4274898980141604,-0.18517443663984245,-0.7112729564700319,-0.03429068980919189,-0.8628747716411191,0.036637139953098544,-0.5630678534744421,0.05174060095284705,-0.3307772262735567,-0.3789590868064557,-0.6167159343749608,-0.194559297012994,-0.7444734293005699,-0.11282662914600623,-0.529976788920051,-0.09789338019032803,-0.3496999244702702
A,0.0,0.0,0.2926887850391092,-0.18706096914302267,0.4900273359570209,-0.4998634613893649,0.48400776401276746,-0.7699645329254498,0.45072453071071894,-1.0,0.18754910377075265,-0.8020559713542585,0.2795266632876877,-0.9802572421476791,0.3466147457124981,-0.7595541103772053,0.369470401269985,-0.5427719692513648,-3.395317912224592e-17,-0.7723220051543609,0.12344938174124016,-0.9581905610651542,0.19907050973046153,-0.6744750968294608,0.23266402348756438,-0.43494952925522834,-0.19186339568738728,-0.7157173718667981,-0.03027018083981486,-0.872052293322254,0.04034039237946751,-0.5711612803928683,0.05760002731239574,-0.3350740206002707,-0.39191207582742327,-0.6210016321269207,-0.20099828137237633,-0.7621303489485521,-0.1167191898736164,-0.5468220122919462,-0.09691527715838316,-0.3575084483246777
A,0.0,0.0,0.29380743943646087,-0.17611128766606798,0.5008745986516963,-0.4883839022810049,0.49470466357840565,-0.7633718244577208,0.45204313356224896,-1.0,0.18483348974582364,-0.8149324237646347,0.27997051324881506,-0.99370508630125,0.34782579201179614,-0.7645913245838091,0.36533455924119806,-0.5406005040997439,-3.4592676835809344e-17,-0.7865781107895383,0.11785126329183283,-0.9810877428696447,0.20091280697560351,-0.6994939767871288,0.23919430347063572,-0.4549638289872122,-0.19222157536363202,-0.726889863899722,-0.0361621523983757,-0.8814576343692699,0.04788500968812721,-0.5804262020848968,0.07283388462749478,-0.34422510951520335,-0.3946340900346252,-0.6252570987787059,-0.20206777929996247,-0.7522248250663536,-0.10909653460466094,-0.532969922338791,-0.08507158840281412,-0.3455779369258873
A,0.0,0.0,0.29780906514415084,-0.16618814371521184,0.5016236818588878,-0.478782917482263,0.494308475627128,-0.7595784301793981,0.453588096283677,-1.0,0.18107379997448983,-0.7933928164251836,0.27001334520337394,-0.97860835849872,0.34162309156823295,-0.7593505711407592,0.36804699370286714,-0.5428612461084457,0.0,-0.7638136948027147,0.11874319556616658,-0.9543046048824452,0.19738785087133037,-0.669932873139621,0.23911246599270233,-0.42938745681682733,-0.19007229341480691,-0.7067419951304394,-0.029507028817777954,-0.8660910273606102,0.04173448095455752,-0.5626200322081475,0.06511570956404834,-0.3237540040462663,-0.39328619503189377,-0.6121339449145331,-0.1984383792435646,-0.7479952204458201,-0.10940220935799498,-0.5354754607070832,-0.08227021878896669,-0.3464531039880213
A,0.0,0.0,0.29232342342906614,-0.16339887036936104,0.4825882938866326,-0.4800058116240362,0.47923638302175725,-0.7598366229478656,0.44018070799150927,-1.0,0.1821260131365399,-0.7982948711464124,0.26960411901515896,-0.9905113541714569,0.3509786032071757,-0.7652018146754372,0.37444344424102005,-0.5467455601786705,0.0,-0.7712126409975526,0.11572209178140712,-0.9653300965871298,0.21104098208406577,-0.6873426262195146,0.2518074376374384,-0.4487472979942854,-0.19377795010468257,-0.7132955110968501,-0.033434505531770485,-0.879397453711623,0.052329851698396185,-0.5774788715176656,0.07568792251086806,-0.33668073914534163,-0.39829228911323383,-0.6168717261086699,-0.20282657267311194,-0.7522359825106811,-0.10265406984693869,-0.5401736738909363,-0.06879052756597516,-0.3489684086210025
A,0.0,0.0,0.2894312065437359,-0.17729533820982543,0.4780825194786179,-0.4894069447520604,0.48218328704550895,-0.7639792466038652,0.4536411796711274,-1.0,0.178013965688966,-0.7924590492101883,0.2888203302706985,-0.9706659391646152,0.3647792990303909,-0.7548842637417177,0.39301353505745423,-0.5460674967656085,0.0,-0.7727510450401555,0.13714913985921484,-0.9557860481787631,0.22530280255991483,-0.6838423683907477,0.27426584422217554,-0.4469934558805458,-0.18845058169882675,-0.723412525854324,-0.00687894428105403,-0.8680435476259493,0.06960868957861233,-0.5719855175780424,0.09638586376628064,-0.333596233392783,-0.38774481208949174,-0.6346592366075973,-0.17044164160894393,-0.7448046785963797,-0.0762081102751839,-0.5300913755990864,-0.04474176809934627,-0.3384905464565329
A,0.0,0.0,0.276114794272524,-0.16423769305391114,0.4526448849923804,-0.4826743081762641,0.460574824885324,-0.7623921815276621,0.43722024227303724,-1.0,0.17045947015785645,-0.7948895126815172,0.27807372493810384,-0.9717851392476916,0.3633190275575138,-0.7466108874242541,0.3822356506293733,-0.5277059380664912,0.0,-0.775493737720226,0.13640497802942467,-0.937324168189542,0.23637170825237844,-0.6643870938644103,0.2755454623754955,-0.43423734372449024,-0.18043431851120154,-0.7252685130523876,0.0012067577217129552,-0.8568167929158491,0.09461873080693005,-0.5653718487338936,0.11942082855480167,-0.3324917835453532,-0.37130612574900546,-0.6347980960546792,-0.15257864010543765,-0.7260119543464318,-0.047873716407320736,-0.5186777513023262,-0.017173590751073112,-0.3390144317633925
A,0.0,0.0,0.27559820048705763,-0.17727011372018822,0.4509267199696382,-0.47865110535254907,0.4829118032797683,-0.752356446294615,0.4669858184409611,-1.0,0.15717551304132796,-0.8086208068054,0.2833608445349724,-0.9767537488168196,0.376724627380714,-0.7468833583819063,0.38956459924253395,-0.5207010746261098,0.0,-0.7969783119440943,0.17248477450404404,-0.956816570674283,0.26841409550241274,-0.6787283579670664,0.28687235336131356,-0.4405415981916624,-0.17368367213034897,-0.7544338924436803,0.037459673775347604,-0.8904165277720153,0.12565184759000286,-0.5924685722621857,0.13435121483489396,-0.35146695126064914,-0.363311965968943,-0.6695620498805058,-0.123794007066563,-0.7619650617345111,-0.018471904206156534,-0.5471571707184296,0.004476405962971287,-0.3588579800231294
A,0.0,0.0,0.2578095688778134,-0.20329424849330074,0.4053182356182518,-0.5192944187822607,0.40594765849068837,-0.7887287518412968,0.39287950084264456,-1.0,0.19925016792236286,-0.7318794987184355,0.22939527318241684,-0.9403326208408453,0.228489584066393,-0.731602695753528,0.22446275290348208,-0.5417292258576525,0.0,-0.6845350472097541,0.048263988623761585,-0.874949109312186,0.07041119428072531,-0.601185256054994,0.09135489486261149,-0.3810423329991215,-0.19422733852957605,-0.6195799910575859,-0.11821748203153692,-0.7438888662141554,-0.0854919176906155,-0.46388533078249367,-0.06743301271012578,-0.25357184793351273,-0.3733654919839606,-0.5372185197539943,-0.30590922300071854,-0.6511255274707701,-0.23808074729826942,-0.44403133771872205,-0.2064188250533641,-0.2859324398444796
A,0.0,0.0,0.264644339213292,-0.23323093552838237,0.4000073474273532,-0.523454530731762,0.3847578804785796,-0.784796372319805,0.34312134997263016,-1.0,0.16321404225513275,-0.8017551446930186,0.24698539383683416,-0.9410143506779662,0.31582609840406756,-0.746748047100346,0.3446041752416336,-0.5638960819843606,0.0,-0.7752974882863893,0.13450357578499597,-0.8989183622304207,0.22992334296166153,-0.6601973203625697,0.2583867938410594,-0.45648679978747747,-0.15805129179749322,-0.7234448510993416,0.014497720869680956,-0.8278224413334587,0.11122047745542708,-0.5692472419330536,0.13178033269888717,-0.3611209128843366,-0.31866310584944657,-0.6332440183419311,-0.1234656513425793,-0.7029890492096363,-0.01952732595060474,-0.5264551244872501,0.01250870765966729,-0.37702039810505145
A,0.0,0.0,0.26518212908292244,-0.20158803997513408,0.4109235660054549,-0.5016349095978686,0.43456348871164,-0.7660393261179091,0.4185395312232879,-1.0,0.15727138437310134,-0.8069519581780323,0.2891860790230396,-0.9413903857585176,0.36489464887714795,-0.7138729255126541,0.3818358451627952,-0.5090458595734216,-3.117307983008354e-17,-0.7916552020606402,0.17651602380137152,-0.9192582343034085,0.2669861671680253,-0.6552266863765072,0.2937125577477011,-0.43168340727501314,-0.16461541901483925,-0.7468264114410439,0.055041727487864504,-0.8373523299877478,0.14080631648826014,-0.5605205409525374,0.15492536991982367,-0.3429903403113518,-0.3385768260876512,-0.6627760625082103,-0.10473502007077574,-0.7247693115483679,-0.003894192317472921,-0.5220139601335122,0.01920790009262002,-0.3510338738886719
A,0.0,0.0,0.2838261621369402,-0.18302780831215212,0.4559282542552503,-0.4896643250916274,0.4895034153877757,-0.7588053138707105,0.49060049117607607,-1.0,0.16595912885186928,-0.8410950700156331,0.33243673672115587,-0.9812927799222199,0.4103209057467891,-0.7418140343283917,0.4195988363406098,-0.5253828413820923,0.0,-0.8373857349247433,0.2200128965632902,-0.9327313147736851,0.2976160545394448,-0.6447528725795129,0.3132522467758508,-0.4138533559694222,-0.1659261446213041,-0.7956885449175581,0.0893131535233045,-0.8560248882438798,0.15789189246128316,-0.5602717896171526,0.16663199725283084,-0.33251520984089467,-0.3354712300160918,-0.711545647875445,-0.07247924436005858,-0.7514833439611067,0.018285247902367827,-0.5359562965491307,0.038947592040472635,-0.3570990050089504
A,0.0,0.0,0.2708191517213691,-0.1840029370759729,0.43667334912057987,-0.49651254986170634,0.4671922612941739,-0.7655141317690414,0.46031375448215023,-1.0,0.16309741660214042,-0.8335752935404092,0.31769652120232994,-0.9782625070541999,0.3972770203237711,-0.7415842479619663,0.4088083692494211,-0.527533005383515,0.0,-0.826577063038042,0.20416809902329294,-0.925637221871526,0.2860048945352414,-0.6351688624587131,0.3034812240229874,-0.4081475681218479,-0.1673494325489259,-0.7814431462965008,0.07249238887743976,-0.85009450790811,0.14350193303168016,-0.5500435065002711,0.15017184085779842,-0.32351242355695503,-0.3400071705384126,-0.6932269825186316,-0.08465097502940505,-0.7426259665199586,0.008772503387215837,-0.525211834156238,0.025840153807984597,-0.3487910968990991
A,0.0,0.0,0.2645863488183812,-0.1850920509362304,0.4454215182834889,-0.4917362844785698,0.48170011962080306,-0.7618245967397242,0.4474007676910523,-1.0,0.1595227464636081,-0.8143791215964697,0.3077512679832746,-0.9711123249090869,0.38503762445767636,-0.7317988081510893,0.3933415100578566,-0.5238820316181099,0.0,-0.8070895218497587,0.19472290341237347,-0.9248016730491093,0.2764183972295294,-0.6343541286880677,0.29235688119736647,-0.4089958174880416,-0.16608652267491836,-0.7667989211791683,0.062312950220344464,-0.8501718001664589,0.1352200384240387,-0.5506711995183322,0.14189856309305107,-0.32671175813127473,-0.3393737768437178,-0.6850061147182814,-0.09299399494463435,-0.7443806725669141,-0.003907610468754238,-0.5307761737218952,0.008975697753880033,-0.35939948311586417
A,0.0,0.0,0.27697288488488686,-0.19194203361672157,0.45317281648603835,-0.49285514286285825,0.47951925790000005,-0.7632342120364793,0.4321407703616576,-1.0,0.16558251627782705,-0.8001662140396821,0.2957950193620396,-0.953761375905473,0.36689994089536687,-0.7199919207693192,0.3782549287732598,-0.5128439539639527,0.0,-0.7848306565572077,0.1707274295186169,-0.9177695084941447,0.24755010131369995,-0.6311627387957428,0.267611470872847,-0.4030980269350627,-0.16810301715678833,-0.7416948289729022,0.03714486986687641,-0.8336760066823445,0.10655069607434133,-0.5436295983057973,0.11465979420583468,-0.3236483951617623,-0.3412524281042427,-0.6591749314012236,-0.10548940714769538,-0.7344772827900157,-0.019833071071193534,-0.522300633608942,-0.008798811951841286,-0.3459916914404788
A,0.0,0.0,0.2705498508677917,-0.19103665161950903,0.4485399242371101,-0.4944747137810703,0.4653053095174305,-0.7653124376775587,0.4072271820207072,-1.0,0.16049125680030732,-0.7774336486542205,0.27002911107566147,-0.9446789019565103,0.34624710797873415,-0.7262894233721355,0.3658054713752182,-0.5257586303179285,0.0,-0.7576504951719643,0.1436026130317697,-0.9080958430146622,0.2243087288707101,-0.6291400654904279,0.24813700718704673,-0.40884701656852007,-0.16878948782444603,-0.7109029823445134,0.006822913594030007,-0.8357194666638069,0.08283720217697728,-0.5527874283537251,0.09599560888192533,-0.3367823295115134,-0.35027506290721283,-0.6252952880129846,-0.14295748288704901,-0.7239261387907717,-0.04967617983077545,-0.5217569111398259,-0.029772373874893076,-0.3506382548435761
A,0.0,0.0,0.27229332853645843,-0.18720481696171618,0.45436864385404113,-0.4874181714726034,0.4681082772224784,-0.7616841240198451,0.4036090131280351,-1.0,0.16674109994169078,-0.7812809921527843,0.2617352808502339,-0.9585448616309714,0.33540023178542877,-0.7444406496068231,0.3540249720302044,-0.5364307731207741,0.0,-0.756519774113275,0.12448822241462529,-0.9233303135616124,0.20373546792026245,-0.6525402277598938,0.22981411265307033,-0.4272529531334097,-0.17637561530357898,-0.7027581555352607,-0.01849910403104981,-0.845284023694001,0.05814601203884004,-0.5660502916453761,0.0745231060072465,-0.34578577536470434,-0.36380224578211307,-0.6092058953203258,-0.1720467401247987,-0.7235906674678264,-0.08249317423739666,-0.523910601177137,-0.06388695179487631,-0.3494568780925556
A,0.0,0.0,0.27264954362390365,-0.1893430076739313,0.4673195485850002,-0.48638496102642276,0.4824271786301431,-0.7604516066756478,0.4107793315922108,-1.0,0.1704028703665733,-0.7716477531199626,0.25255522314917195,-0.9539684960911503,0.32119866421846205,-0.7428862861501565,0.34499894556755734,-0.5381538276175436,3.2543004141064675e-17,-0.7447903460648247,0.10864319007388516,-0.9308132864817283,0.18658898106296387,-0.660735219381706,0.22198420868253455,-0.4348255774561218,-0.18005996475072228,-0.6883932216936718,-0.040430656301722434,-0.8519418096226751,0.04074405091332677,-0.5726854618934596,0.06851328655100387,-0.3532044881111389,-0.3721284799256523,-0.5920816783392561,-0.19578140845815434,-0.722239958783596,-0.10506441056959133,-0.5207827513096243,-0.07913400136592474,-0.3450200554734238
A,0.0,0.0,0.27858438828345344,-0.18496562527662017,0.4901445621807478,-0.49066372432276756,0.5089659917022281,-0.7689197571673437,0.4144217295854045,-1.0,0.17621239722819398,-0.7912328604613961,0.2535589752937019,-0.9852107953178665,0.320379821095609,-0.7599547352855832,0.34097916488954905,-0.5471001955374586,0.0,-0.7566963423370934,0.10372328084817337,-0.9426609060607752,0.17785006427223776,-0.6599098718057631,0.20654518175473954,-0.4305123373441886,-0.18405697487452236,-0.6906687736799356,-0.05873550017957814,-0.8618981280831947,0.024313500037514122,-0.5718001977139382,0.05177500672483749,-0.3470713689916961,-0.37839569731038203,-0.585908492893784,-0.22095683325296894,-0.7341427278780522,-0.12700722394666256,-0.5269234171347804,-0.097776195156354,-0.34646426286308424
A,0.0,0.0,0.252430061651414,-0.21508352171510045,0.4070631314333443,-0.5327429904382204,0.4118792351849793,-0.8058341372866045,0.33818486908039036,-1.0,0.18849681641472296,-0.7134280911313671,0.20017209859040472,-0.9364895552058629,0.2118932173460972,-0.7238753969923988,0.22680856012863,-0.5194088850430523,2.626820686151977e-17,-0.6602182842539973,0.029061033946901217,-0.8686114036175792,0.07072671986295552,-0.6108789823605639,0.11016480496826646,-0.3853710133619219,-0.18210330436307415,-0.5848633315530894,-0.1236645672157628,-0.7407375392536867,-0.061225021334915135,-0.4759203482352511,-0.02387636928305285,-0.26548213442218593,-0.36494058339918756,-0.49033882319518934,-0.2944884083105884,-0.6170332137814453,-0.2142901471669769,-0.43013290603241083,-0.17035644117005128,-0.2799623355652164
A,0.0,0.0,0.2705452009647718,-0.24093256824076711,0.434307216937204,-0.5311673151339288,0.4418906032997589,-0.802383153476194,0.34490162507077216,-1.0,0.16993357091990616,-0.7731286734389462,0.22116208793757375,-0.9532618579233854,0.28196642314392373,-0.7642622841415194,0.30731156536413595,-0.5721199832718239,-1.5029128064552594e-17,-0.7273313351832987,0.08177235553911158,-0.9126060774330543,0.16879354703136673,-0.6646445857378117,0.202223519529028,-0.4524565112694749,-0.16864580507931434,-0.6575164237925171,-0.04969863513729399,-0.819832318311731,0.03812502593682196,-0.5611491572345696,0.05960862150279012,-0.3577046008052292,-0.3450646820721085,-0.5581968886350006,-0.20441601016358568,-0.6810817967770547,-0.10755775444596404,-0.5058389254890122,-0.07858996343280872,-0.35348724959285377
A,0.0,0.0,0.2698396880183663,-0.20936401980187105,0.463058042246639,-0.5029612528953786,0.4814810130347661,-0.7807726194995671,0.3918918757506124,-1.0,0.16775526709811395,-0.763722186107158,0.21893634318829447,-0.9655863530868127,0.29015148466583085,-0.7634110472818245,0.32026621529026356,-0.5671291568736507,0.0,-0.723910064325501,0.07150651398994082,-0.921192743082098,0.15312660296868358,-0.664110352917319,0.18909477318655954,-0.44477227088242793,-0.17556116910815756,-0.6591248245714219,-0.07378000616671039,-0.8399545889237916,0.01646942172431809,-0.5709888052747185,0.04787054013194663,-0.3551101860739928,-0.363909791365518,-0.558330835166682,-0.2300964283412162,-0.7138013336173311,-0.13602139293113266,-0.521805340640897,-0.10640207532032524,-0.34817640259962096
A,0.0,0.0,0.26843340720085535,-0.1939032072406151,0.4741486720393928,-0.49603073379480167,0.4909453962251157,-0.777772010819463,0.39318958443660673,-1.0,0.17381120499225478,-0.7621455070534945,0.22697562824659429,-0.9528611063350176,0.29188942805371043,-0.7420439197588707,0.32127954521210966,-0.5401078249684516,0.0,-0.7234954846917812,0.07553883279672279,-0.9160264705999029,0.15119179761949905,-0.6574616072803864,0.18789823939938718,-0.4393084274619551,-0.1778499032285911,-0.6551537506555749,-0.07634741273526009,-0.8260851089091588,0.008544550668732736,-0.5547335406353804,0.039160288093297344,-0.34199125197697544,-0.3655691212842849,-0.5488755630075045,-0.23449367879904265,-0.7050999963833116,-0.13833020830283116,-0.5086261411614509,-0.10540180394764215,-0.33306312217546485
A,0.0,0.0,0.27263666250058755,-0.19798932320313697,0.47880277100314683,-0.5040031675589308,0.49469298117877836,-0.7835920529651333,0.394118276345397,-1.0,0.17242299962003843,-0.7604484226115729,0.21163253898588047,-0.9671244733199523,0.2771055848533153,-0.7581887195221224,0.31385163628659773,-0.5539361068111954,1.6402835232149818e-17,-0.7121929938562166,0.057729460058402175,-0.9180158100623496,0.1316183292108006,-0.6483816143882984,0.17682261716335174,-0.4236753058727733,-0.17797990007767764,-0.6368067653672677,-0.09854608566692252,-0.8352497308131698,-0.013455875535162538,-0.5596968600377082,0.028317597339707085,-0.3398068640603162,-0.3673689817002475,-0.526241366429199,-0.25410435346608506,-0.7001013288570999,-0.16003314590525997,-0.5047449710365264,-0.1192646845259238,-0.32432439993785733
A,0.0,0.0,0.26832312676612624,-0.20341187919126028,0.470255963596868,-0.5104843130685883,0.4813414549939844,-0.7876606909129937,0.3827921701923181,-1.0,0.17587915322935146,-0.7504308405957348,0.2150604696530754,-0.9484409940520296,0.27359114664301715,-0.7446682630024946,0.3008712446974809,-0.5446818745047495,0.0,-0.7026342640753694,0.05140325345057294,-0.908472104302988,0.12439254892313949,-0.6468016167902445,0.16758384748008773,-0.42488421711907476,-0.17755377610721865,-0.6283684795277865,-0.10761410035205708,-0.8243956014443458,-0.018743585915883227,-0.5534747310654435,0.024838600332930904,-0.3366971669034445,-0.36516928361595696,-0.5196052584723097,-0.26899730652467835,-0.6907409447947767,-0.17372028245094476,-0.4952815733781266,-0.1301142548901806,-0.318036788170265
A,0.0,0.0,0.266272237567404,-0.19302860490566462,0.4692727407309727,-0.5075401425252748,0.4751314689641782,-0.7894115049306009,0.3645280885053131,-1.0,0.17333724507670753,-0.7537388844942325,0.19934540627845537,-0.9472761896457323,0.25500537721052263,-0.750558231427579,0.2845760077466331,-0.5508552594603163,0.0,-0.7033417355873594,0.0462838265632288,-0.9030535811193477,0.1136964782876853,-0.6406363086122497,0.1535991956954666,-0.4218173178511247,-0.1751328369200834,-0.6238735250042939,-0.1124110691918285,-0.8161850642827785,-0.026279912153446355,-0.5451967981654227,0.018133253834150865,-0.3328558391435514,-0.36192254681319375,-0.5099684303275465,-0.2739569803095597,-0.6789556448503102,-0.17874834750084367,-0.485224166507376,-0.1335237305017391,-0.31519925742724497
A,0.0,0.0,0.26590920599598905,-0.20350117458466602,0.46455527192024076,-0.5148796112051216,0.46427652446794626,-0.7959600238660154,0.3498835567897682,-1.0,0.17133306937834764,-0.7340585590019022,0.17838470329605613,-0.9468847670589912,0.223369028636444,-0.7612171956622289,0.2558061706687252,-0.5655019513263535,0.0,-0.6822222216424881,0.02340840818759456,-0.9003723661408687,0.08048909592614721,-0.6562934628194835,0.12581605785540476,-0.43727796978509637,-0.1709603518679752,-0.5996544093541648,-0.13173500828586449,-0.8050185759032287,-0.05169009915499876,-0.5430720586655094,0.00039844620621596976,-0.33179457336425894,-0.35126392251492344,-0.48276219055641567,-0.2877932624551676,-0.6616500445714483,-0.19572118934588922,-0.4746405633187218,-0.14112888799693643,-0.30473414369925633
A,0.0,0.0,0.2592042308308394,-0.20202662595091203,0.4442734842010976,-0.5184898160027754,0.43099370858435454,-0.8042744809879442,0.3055813624037361,-1.0,0.171849090201776,-0.7267573586570637,0.1597840789418854,-0.9315564033183835,0.19785592114767464,-0.746220949298073,0.23356679584550366,-0.5563135964192935,0.0,-0.6733849218083497,0.00656683353419897,-0.8862637529178623,0.05994056465931959,-0.6424809982238577,0.10827070064481831,-0.4292797079602237,-0.1664726786781175,-0.5895424825766912,-0.14910586193863057,-0.7852159910235169,-0.06936879793070647,-0.5274161556402749,-0.010497826345638535,-0.3270925617579136,-0.33853740678629113,-0.47099504967760164,-0.29531133362071676,-0.6327075979910034,-0.20198560616871178,-0.4469792879052295,-0.1406860097572049,-0.29201501337754915
A,0.0,0.0,0.2550726737186115,-0.19684389831696325,0.43847197484905237,-0.5174066760652931,0.4142370664739231,-0.8044041023596211,0.28880551038005275,-1.0,0.17116747065222893,-0.7172744577609115,0.14032970634015737,-0.9276903234904835,0.17185652169131327,-0.7525224299467344,0.21320129289978412,-0.5647672629812258,-9.715355182571403e-19,-0.6595284165784137,-0.013150933757458027,-0.8793672632812498,0.045046943005779445,-0.6430070191326698,0.10413970465765854,-0.43428894817709845,-0.1617068885673687,-0.5715558060675757,-0.16574788056177625,-0.7680564425968602,-0.07687096040486922,-0.5132630559245194,-0.008418368357014847,-0.320868661981851,-0.32720541936823805,-0.4510474745767784,-0.3003344581846663,-0.6162727778886493,-0.20529062499184364,-0.4357792647984473,-0.14245087553600927,-0.2875565066099616
A,0.0,0.0,0.24590189314379446,-0.20319056770911914,0.41372161298119936,-0.5247044138210508,0.37632027239795346,-0.8074360808631991,0.25443636983776674,-1.0,0.17273684976969392,-0.7124806157792254,0.1215690025791368,-0.9162565168866633,0.14367658125996913,-0.7396286380863101,0.1859857878013536,-0.563067020278089,0.0,-0.6517465083759457,-0.036183944013160906,-0.8588712658195129,0.01965042363819466,-0.6262457343514833,0.0823521232298058,-0.4341989065961628,-0.1604470021518241,-0.5632325553064571,-0.1883007832579501,-0.7460421978279995,-0.10039754938931642,-0.49723201880476664,-0.028521359297137183,-0.32068598730121456,-0.3207679962408481,-0.4434029672016482,-0.317789385180444,-0.5970036093020874,-0.2268763847865512,-0.419224147708627,-0.16399146529866904,-0.2834591412991652
A,0.0,0.0,0.2675371072521593,-0.19152963299211392,0.4136471834494969,-0.5234201706329029,0.40422666575121097,-0.7956986365295899,0.34835980611769196,-1.0,0.17261262128310967,-0.6827981574488828,0.191392502339563,-0.8811812307519367,0.2120313386741577,-0.6848774482332842,0.2354654859270562,-0.49681680520227983,0.0,-0.6295400414866259,0.04336973973434356,-0.8293926157244422,0.08288120057816468,-0.5971633407587011,0.11334422073733758,-0.3945480914169296,-0.16167812233262902,-0.5507852557654315,-0.10867307426314743,-0.7093038308436386,-0.035925245790797915,-0.43968732471561506,0.007341500083406974,-0.2375384709586415,-0.3257234018675802,-0.4494538063841601,-0.2678998222367819,-0.5739755900373557,-0.18664320118484304,-0.38012720393928356,-0.1365565667745418,-0.2331675314450973
A,0.0,0.0,0.23811789904579583,-0.23882293525754433,0.38856807861838943,-0.5263641087335456,0.3561986220671452,-0.8088919208728258,0.2511536360436008,-1.0,0.1707752527341185,-0.7169169082555724,0.11581973972297259,-0.9160406838859311,0.12978626460406625,-0.7425585173852185,0.16130247088284624,-0.5804920178218926,0.0,-0.6518302539633781,-0.03991241550890779,-0.8288490522091707,0.030257177342340718,-0.5907192794940326,0.08906834485345387,-0.42000153894830317,-0.1471416657077379,-0.564747664758993,-0.1766412095439079,-0.7355877090212778,-0.07756962810309315,-0.49648125466965953,-0.011603294099836644,-0.3288018100891955,-0.2937887637666794,-0.4505842218132829,-0.301515675092656,-0.5916991576351327,-0.20197707880638444,-0.4267682231603757,-0.13404716075872442,-0.30434270543676417
A,0.0,0.0,0.23661071462462935,-0.2204122846461175,0.3942524978530408,-0.5306457086195058,0.35130318031668073,-0.8152012895794503,0.2201036864093379,-1.0,0.1657261632198585,-0.7129027297874292,0.10520061325861498,-0.9163189481754115,0.12443791269650162,-0.7309306526463012,0.1638199158310374,-0.5683794653285931,0.0,-0.6504413205242597,-0.050179962926759,-0.8448362197826127,0.012261095592791692,-0.6044542075912515,0.07474916002304212,-0.43194194085082066,-0.1493737014595072,-0.5598776228540502,-0.19586680907302673,-0.7280749715493027,-0.10153326475498574,-0.48251542959150634,-0.02881686609399482,-0.32440314024507205,-0.2979335199688283,-0.4368909360105073,-0.31387710883542863,-0.5792983309646804,-0.2198740030764165,-0.4066879360924747,-0.15462354200794662,-0.2862568584798805
A,0.0,0.0,0.23747072957604176,-0.23033950114808574,0.39382340725471104,-0.5329965357585754,0.34562278238846916,-0.8193163074222236,0.20795331923108165,-1.0,0.16606734374642454,-0.7022742342853464,0.09682433331619703,-0.9058942069924322,0.10817111115184815,-0.7272711745220192,0.15253068057131564,-0.5573493451123069,1.4812854484247413e-17,-0.6410814197586903,-0.06723525844789321,-0.8344530819837723,-0.015349688922329924,-0.6011988113378167,0.05742185817263506,-0.4213540016300921,-0.1496668804670888,-0.5562635615942446,-0.20574455357168914,-0.7194052266518753,-0.12382765529663521,-0.47505221949745474,-0.042932559248376356,-0.30750538248573084,-0.2977667237704269,-0.4428920987488124,-0.3255143587495946,-0.575487768376045,-0.23919878699594563,-0.40524914835977166,-0.16542781746861607,-0.2792966682676526
A,0.0,0.0,0.23976167058056555,-0.217120234030754,0.4003571950516792,-0.5299593979474393,0.34486849649607704,-0.8236582439721304,0.20235454496846184,-1.0,0.16978435483441257,-0.7065704126131794,0.09424633344934627,-0.9099050838488946,0.1037415453257604,-0.724297108847416,0.15012248729269137,-0.5524217316762956,0.0,-0.6421723759811647,-0.07678342564307925,-0.8359290227858348,-0.019726052343515092,-0.5960432149435486,0.05714554434002898,-0.4116787906155005,-0.15004439228030209,-0.5551504499047424,-0.21881406644569748,-0.7135322800776364,-0.13039536598262044,-0.46280134375718895,-0.045233743644859596,-0.2929120860665224,-0.2973924859392963,-0.4418759191474104,-0.3382553872235075,-0.5729098501953451,-0.2510595817624979,-0.4023244587334108,-0.1740367844125674,-0.2786933170437779
A,0.0,0.0,0.23902432615438554,-0.22143232605189508,0.3975841053186416,-0.5304217453490108,0.34349757139360204,-0.8218003719179746,0.19833900879343677,-1.0,0.17075595597696708,-0.702684424278475,0.08991420337928153,-0.9036567979060661,0.09589563155173018,-0.7178286363483682,0.14187262013061136,-0.5439359518854228,1.5181922531112104e-17,-0.6398031976998528,-0.07912278007574858,-0.8249226942035848,-0.02808755950686378,-0.5881975403652616,0.048981913476672016,-0.40794181191411377,-0.1491527348080234,-0.5517597008729694,-0.22062642083722683,-0.7044272849450063,-0.14362600426117583,-0.4579741601062134,-0.06309559574696329,-0.2940084075712836,-0.2933966492209374,-0.4376044363832239,-0.34178694501176504,-0.5627068632124305,-0.2634707341369801,-0.38790711924353233,-0.1894973294884137,-0.26414221345119193
A,0.0,0.0,0.2359691256410344,-0.22863102956681144,0.3920489187376144,-0.5356575580619481,0.3395798707094442,-0.8223923568494292,0.19836247329475992,-1.0,0.1685515465794041,-0.6968418314197097,0.09145928477546178,-0.8970240563590611,0.08705413057853786,-0.7144252964565446,0.1270508588880026,-0.5448622325441471,0.0,-0.6342633484593841,-0.07794601354390013,-0.8179999638975686,-0.035413881178666354,-0.585102770215635,0.039147815662802114,-0.4121207729366309,-0.14758494515380058,-0.5473287949501641,-0.22328881583859428,-0.6993747959610477,-0.151419620125158,-0.4617475305343686,-0.0716481339523424,-0.3059949239275771,-0.2911377577470288,-0.43514118401505003,-0.33942578220000885,-0.5601396474919841,-0.26648324572442034,-0.3891222392532636,-0.1948769903583395,-0.2683970316221651
A,0.0,0.0,0.23852445154853802,-0.22658796036699824,0.3955845528123307,-0.5236142198513981,0.34331064798507493,-0.8156703831241356,0.20154722565867952,-1.0,0.17332141293659498,-0.6914099976794944,0.096096043452029,-0.8965934047490902,0.0867215874696629,-0.7006703392944934,0.12444216424676438,-0.5320092612739418,3.0502138773255354e-17,-0.6305613817783668,-0.08074823495321742,-0.8195001351043176,-0.040573805660042754,-0.5780196279566455,0.03473144867550893,-0.41332536755004745,-0.1471741228364801,-0.5462798634147293,-0.21942409082060882,-0.7003075941299688,-0.15352197577703783,-0.46072872084015176,-0.07837905778263939,-0.31102247904349517,-0.2873029350422649,-0.44239837088777983,-0.33505822316371436,-0.5764238759243862,-0.2721262716152911,-0.40210674251251477,-0.2075417900419072,-0.2814217800597661
A,0.0,0.0,0.23558712082354802,-0.22898555358668285,0.39304113277043135,-0.5283094326426319,0.33473848095290226,-0.8201957024583281,0.1955418276907284,-1.0,0.1738657771282155,-0.6858222768200236,0.09772078485652835,-0.8947401509626072,0.09180652479209067,-0.7098976295933396,0.12978687780925802,-0.5469836057765765,0.0,-0.6262969145922348,-0.08371074358542578,-0.821350379438312,-0.04272326062218785,-0.5879317647826869,0.03099904153619884,-0.4235055924579559,-0.14490824087032048,-0.5469323906286756,-0.22159140490707724,-0.7115544667558246,-0.16247077795112666,-0.4816984284900069,-0.09391239421910047,-0.33078292460863706,-0.2816364865492124,-0.449852899312627,-0.33396401562350425,-0.5844328219717313,-0.27834440709289976,-0.42304577851703556,-0.21942670623949512,-0.3075307401850812
A,0.0,0.0,0.24310725471711353,-0.22136544090463112,0.40172562792288913,-0.516215704275907,0.3443752181153074,-0.81253789144203,0.20802732469106047,-1.0,0.1759040765514134,-0.6877705502565247,0.0952329992947228,-0.8963005553432992,0.08102334205481006,-0.7045259012657764,0.11776609501639336,-0.529544155731601,0.0,-0.6252083080725065,-0.0838915643822113,-0.824974078326434,-0.0513242256219972,-0.5828745462042637,0.020058392573486964,-0.407514724279179,-0.14681080897774457,-0.5425706852938182,-0.22791384718837415,-0.7130186183392043,-0.17426239814998715,-0.4765497491454692,-0.10454270716978503,-0.3187127427022005,-0.2858734139783637,-0.4399365793173935,-0.3421778329910975,-0.5804117520617755,-0.2885138163923212,-0.4149878194188527,-0.22682845469867222,-0.2949947035824391
A,0.0,0.0,0.24019505477435135,-0.22025899603397797,0.3992281310651934,-0.5151958567187243,0.3447939938598803,-0.8115268655246118,0.2082008352192936,-1.0,0.17670605812913534,-0.6933979902340317,0.09769259326195853,-0.8986387540938012,0.08015800152531613,-0.7101511110412341,0.1172916606092277,-0.5316005620559432,0.0,-0.6325418642260919,-0.08074405009493028,-0.8256530971123984,-0.0557167537443096,-0.583466099373717,0.01575699907098615,-0.4057400289496231,-0.14991107510978535,-0.5524132645054451,-0.22874457709991144,-0.7149855516866132,-0.1823084487085329,-0.48002593599681675,-0.11042927523356981,-0.32156540437938685,-0.2916604096017883,-0.45480985857897777,-0.3477428849080193,-0.5896144168028349,-0.3004142877045179,-0.4245338389497025,-0.23648600511387805,-0.3027525514786884
A,0.0,0.0,0.1706102696075213,-0.2403175484328905,0.18681051105974741,-0.5599386180649981,0.13287198766399466,-0.7997127050980363,0.017525155758703337,-0.937990169359617,0.13379771643388846,-0.53914293104356,0.044720550250127285,-0.7595715150011282,-0.04219178592015513,-0.9070528126059371,-0.10886494756624125,-1.0,0.0,-0.44934564860119625,-0.11138147939192258,-0.6830594890987062,-0.19441929505383926,-0.818344954433795,-0.23762433028768334,-0.8760683982509191,-0.14991795913238667,-0.35227476741220476,-0.2608620036426023,-0.5941743648121186,-0.32073941494424113,-0.6947736423182654,-0.34717673644116964,-0.7142796520250256,-0.30842286201254493,-0.24274756839437672,-0.4108504864518939,-0.45426731198179604,-0.43445865678632806,-0.5195733386842705,-0.44080442512891255,-0.5306882354235799
A,0.0,0.0,0.22323016532761325,-0.24408838941739058,0.37311547897664227,-0.5193795212843847,0.3423981469184643,-0.8142352817070476,0.2267007735063143,-1.0,0.1819835958096067,-0.719068786088688,0.09622571483050134,-0.9052366923206246,0.08803745336112279,-0.7231390443333847,0.12010471122910311,-0.5563266778078736,2.987776448250575e-17,-0.6516856747814148,-0.07917365465123542,-0.8237306791895903,-0.02868288860201552,-0.5890770442007537,0.03614859135929828,-0.42216063379459084,-0.14647332544527294,-0.5649300751169014,-0.22012643429791914,-0.7064419274164545,-0.14573444062617366,-0.48506751394330316,-0.08016702278083296,-0.33083135039780726,-0.2838445388705287,-0.4672193624707324,-0.3358833230999358,-0.5976644437587091,-0.26798008914073146,-0.4425891942399742,-0.20051101928894152,-0.32199552433213313
A,0.0,0.0,0.22332199633738378,-0.21794463509900366,0.38255909258308696,-0.512069160046638,0.33578206032022306,-0.8013649201324482,0.21495423594170257,-1.0,0.17219191198177405,-0.6990786269081973,0.09342523384015983,-0.9004167256775579,0.08153489672095308,-0.7064785032612355,0.11590224262007508,-0.5388448198770762,3.032822321611638e-17,-0.6386901805442625,-0.08523665969463064,-0.8135966937900058,-0.044890113612530085,-0.5747820577913209,0.024076970634242256,-0.4210678658263548,-0.14573967577169156,-0.5583579191347828,-0.2299569516210861,-0.7011980934360375,-0.164394147211798,-0.46868316566938173,-0.09404531976039046,-0.3287974990885846,-0.28659680092029244,-0.45883523114367414,-0.3442139063992232,-0.5889209557197624,-0.2861120110801688,-0.4213193003227587,-0.22764565034760567,-0.30678561713284724
A,0.0,0.0,0.22698961049535327,-0.22242417803706857,0.39356798581611263,-0.5149319642485496,0.35117839839599635,-0.8114534700738828,0.21690657256840357,-1.0,0.17714068755126058,-0.7038332072589543,0.10262681690627466,-0.8946298299591381,0.10270676249171584,-0.6930792859308462,0.1464822980551075,-0.531361286391425,0.0,-0.6491809759542335,-0.08316787713741383,-0.8260793339860552,-0.028500704925411558,-0.5778354453461997,0.050321918066330774,-0.4224458901534957,-0.14478435497848718,-0.5652189352080998,-0.2248432944671413,-0.708526787939735,-0.14533037466981513,-0.4757449398521823,-0.0679828411647894,-0.33677510238572844,-0.28232492840011236,-0.4619218797331078,-0.3418626121721188,-0.5920794648285373,-0.26875840318327954,-0.42591188518843254,-0.20137168998230937,-0.31827950840387015
A,0.0,0.0,0.23417521058271928,-0.21444452617667215,0.3922572601307294,-0.5121704850210342,0.34691419000813756,-0.7947942880315506,0.23522307655384628,-1.0,0.1770791826553069,-0.7053401561912586,0.10780003554969207,-0.9043729039689575,0.1030904042150507,-0.7094318463567615,0.13937183249460464,-0.5311472908311111,-1.5487512131016044e-17,-0.6466719637249327,-0.072046674391392,-0.824795788909344,-0.028641415528138325,-0.5811706205280307,0.043836388929760085,-0.4097326464707198,-0.15192805918139032,-0.5605768956640867,-0.22188238797707355,-0.708767905457704,-0.15121084638613172,-0.4657868017761166,-0.07731799519940417,-0.3119542691043777,-0.2995313971189036,-0.4517973727239124,-0.34675178978660565,-0.5937494383495512,-0.2796598988643567,-0.4161657362091489,-0.2188004908215085,-0.29331425071137107
A,0.0,0.0,0.23720419258120828,-0.2157778496523444,0.3983795211532905,-0.5179223444541191,0.35452922159142525,-0.8023837634684114,0.23517195923476933,-1.0,0.1768639957695277,-0.7053361892230837,0.10688412613155936,-0.9084685552118348,0.10738932901196334,-0.7110292011447595,0.15009473223404088,-0.5320523641434374,0.0,-0.6413588147865413,-0.06902287876174916,-0.8232563716389699,-0.02254273250573876,-0.5801151542936172,0.054118618464697295,-0.4065793520987269,-0.15367000737475056,-0.5517813190137558,-0.2194168568976705,-0.6979201343645615,-0.14480211703376458,-0.4544120672249715,-0.06748194952200473,-0.3008605919909463,-0.3042832779263036,-0.4399426381273628,-0.34592680804574705,-0.5779501491316269,-0.27473604409629826,-0.39547700572669015,-0.2137199431834803,-0.2726877460873661
A,0.0,0.0,0.2406074906990921,-0.20444059476388937,0.40540165587645866,-0.511767508151424,0.35702822556028,-0.8012429549930069,0.23809501688924178,-1.0,0.1775033753386738,-0.6991317473871346,0.10773795859210318,-0.905485820782953,0.11542043829571802,-0.6982586062305545,0.16020257117183692,-0.5195064601997764,0.0,-0.6339932574863232,-0.06766549714224096,-0.8208782807900498,-0.015015728561161087,-0.5724004145611993,0.05868032467299792,-0.39774654898511813,-0.15423157374395655,-0.5435858990346883,-0.22146526764368213,-0.6905800516869557,-0.13603441171205657,-0.44455702400953623,-0.054247882954378275,-0.2905338251574905,-0.30419784067969596,-0.431454455917343,-0.348962846524589,-0.5556805164765682,-0.26640264119326523,-0.3745199007251163,-0.1968356657368338,-0.25473296965182146
A,0.0,0.0,0.23285953413398322,-0.207215580802685,0.3994116287652507,-0.5187622415585325,0.3658208082250143,-0.8016259592282682,0.24917250997023382,-1.0,0.17663959350873426,-0.7132914702503538,0.10744999345701055,-0.9218319675393265,0.1114747049171983,-0.7196510624646738,0.15193634925752192,-0.5307507591870201,-1.5679717352949552e-17,-0.6486571741849212,-0.061757963597589956,-0.8306010086652236,-0.01800932796924761,-0.5852009682434477,0.04991377785453763,-0.40231578127270295,-0.1582880525450639,-0.5599827243580641,-0.21876744213377822,-0.7130963688374048,-0.1453039175953685,-0.46306510023033043,-0.06791523727298654,-0.29855946608373785,-0.31339039491150517,-0.44752214672237134,-0.35068894842730575,-0.5775288447319866,-0.2797991317167203,-0.39250853187235274,-0.21499817054161918,-0.26297832027674345
A,0.0,0.0,0.24062309899167175,-0.20574969103550977,0.4041088372802734,-0.5146468228636404,0.3596905659856196,-0.7991617445126508,0.24432704760893154,-1.0,0.1773616195302385,-0.6994049513095608,0.11030754919588841,-0.9053590947273455,0.11930537094956158,-0.7028660476623407,0.16272953534981208,-0.5178445659913734,0.0,-0.6359848088081866,-0.058778653731008615,-0.8248516429121225,-0.011179706059145793,-0.5798210516443564,0.059953254671743166,-0.39435893181694903,-0.1590601955910833,-0.5497005478488128,-0.21551068829934877,-0.7023649153410633,-0.1383511206817258,-0.45468485623626115,-0.05780600465201436,-0.2899669185192499,-0.3134210067966083,-0.4395135903323793,-0.3461680147093541,-0.5662980685127221,-0.27255711527805976,-0.38231288921011725,-0.2064669810692012,-0.25254322519207933
A,0.0,0.0,0.23560844817124846,-0.21562717525912448,0.3930750682321151,-0.5190372905105132,0.3512178200123702,-0.8021168828678702,0.23847565461283204,-1.0,0.17732736536602897,-0.6986380522860173,0.10690744521064754,-0.9106495126956997,0.12174134908811801,-0.7052602267875189,0.16794771539822567,-0.5178334948489857,0.0,-0.6366824096012593,-0.06447277370112317,-0.8284050614979235,-0.01027181337974166,-0.5849466854961971,0.06358054507178888,-0.40231326617972335,-0.15766336857629307,-0.5509136470559012,-0.2173396294009746,-0.7161903008258272,-0.13680455709700648,-0.4689837033953142,-0.05730007957088545,-0.3019187660334937,-0.3116797424087679,-0.44067936355895104,-0.3458081407724883,-0.5780150881702528,-0.2702187573341736,-0.39683327864188184,-0.20370094221502538,-0.26526657794040465
A,0.0,0.0,0.237844318876866,-0.19898267949614407,0.4030692101681374,-0.5126322758154067,0.3626879365175787,-0.7977389359557044,0.24076074438608044,-1.0,0.1789180915142643,-0.7111968077567187,0.11185525769022991,-0.9190496373181657,0.12288089651512642,-0.7168239108236999,0.16540403088903877,-0.52651468942555,0.0,-0.6463707975956681,-0.05490963968695153,-0.8336471778055158,-0.0047833839246093105,-0.5859744792443409,0.06214806247263131,-0.3931848704804086,-0.1601108105414811,-0.559334612479613,-0.21475102718836883,-0.7160107050409406,-0.13080918455157498,-0.4605392125712393,-0.0504261346733269,-0.28733935670147637,-0.3161552883610306,-0.44736644321028657,-0.3475941464213155,-0.5769275170528553,-0.2661275782349571,-0.3852856075548936,-0.1963963577414252,-0.2497586568033552
A,0.0,0.0,0.2525438121743591,-0.15933191059405663,0.43374908822549324,-0.4797948322012686,0.4185801136163081,-0.7873266429871826,0.30338426659106116,-1.0,0.19810632466740158,-0.6944857074064545,0.1539863096561538,-0.9158900335449145,0.1628936085956442,-0.7151115993044402,0.2006746773835662,-0.52267200826712,-8.321136736990007e-18,-0.6416508189662002,-0.03297008899626929,-0.8283653742565507,0.025147652610274608,-0.5582757890393196,0.08385821797102741,-0.36023100761547777,-0.17333921950336822,-0.5563465745780074,-0.20399653841219356,-0.7152611142331406,-0.12343159438233652,-0.442039524534804,-0.05560266548911123,-0.2601705217881623,-0.3423495581486201,-0.44810344620127995,-0.36530219992906066,-0.5927058587760409,-0.2879010660846458,-0.40333126846841016,-0.22293632804902522,-0.26173446056298744
A,0.0,0.0,0.24197715065240655,-0.19328776845741497,0.4075390356521813,-0.5104983628521238,0.3700525168090484,-0.795083191973687,0.25941074123904206,-1.0,0.18023762931658954,-0.6890454675449895,0.12629639892889843,-0.9108769309869867,0.14753454479500946,-0.7184920965004267,0.19183269767389283,-0.5343626752765891,0.0,-0.6227207522394339,-0.04223417926806336,-0.8279552755281682,0.016245037020711704,-0.5894700510213879,0.08789877932384374,-0.3995524078482905,-0.16715236002188594,-0.5361995225772903,-0.19908759121818675,-0.7072078797490917,-0.10936186700635962,-0.45696185400061834,-0.028077765867329338,-0.28427672577802,-0.33248076572130947,-0.42747136286666865,-0.33774971300878176,-0.5763844394672536,-0.25319949754576854,-0.39001533643631736,-0.1870046420954262,-0.2504568683705037
A,0.0,0.0,0.24470729854332984,-0.2036740914734662,0.4196867820453381,-0.5159156569179733,0.38542095021771583,-0.800234510150514,0.2647479148686979,-1.0,0.18234914887442646,-0.7086825620492504,0.1285253154188112,-0.925952422289199,0.16001086223185268,-0.7260064029423461,0.20773058276826478,-0.5344738862317119,7.97571017001957e-18,-0.6471729701831721,-0.03164941793281957,-0.8374374423113458,0.03567984792588538,-0.5839815844664012,0.099363914266179,-0.38553365664230393,-0.17006109956558063,-0.5617699968590746,-0.1934115464142782,-0.7322950950335669,-0.09837086776282547,-0.4685477828053168,-0.022395317591676848,-0.2806756188952565,-0.34193573918831993,-0.45090954832984076,-0.3380511917547793,-0.5999846788408347,-0.24052410283403505,-0.4148735664065601,-0.17026604968860537,-0.26813837911787525
A,0.0,0.0,0.24007427241535234,-0.1997615167409793,0.4076650827825959,-0.5132354103167414,0.36677173564737897,-0.7981406947625587,0.24762854105301277,-1.0,0.17982700028067758,-0.705508925470176,0.13331634941968615,-0.9155691451563059,0.16587779472325587,-0.7146615004967425,0.21232860047539234,-0.5261156481282286,0.0,-0.6437279929858476,-0.03077409792844186,-0.8369375896295459,0.03830469139888251,-0.5885371479811068,0.10558597436632051,-0.38770220361417856,-0.17012375128360732,-0.5604073390631188,-0.19056667905605806,-0.7280719716961364,-0.098674310180061,-0.4676012038323629,-0.02306242286336357,-0.276844347614988,-0.34086662134471324,-0.455271743021394,-0.33748687884838013,-0.6081670933305393,-0.2472541248953646,-0.42292932934174154,-0.1806447446011733,-0.269531760010921
A,0.0,0.0,0.24599959078228917,-0.19849366433793308,0.4169007400571502,-0.5131012027068118,0.3875978763190342,-0.793917546237946,0.2829187005573611,-1.0,0.18615825468896857,-0.7245952478085099,0.15066019227600574,-0.9303344862730802,0.18013209701373306,-0.733147348476859,0.22534208753538992,-0.5423893067974178,-5.069741019962777e-19,-0.6609975123129923,-0.012063850796728844,-0.8456918971654801,0.05213647159861429,-0.5954131452879978,0.11822027796310239,-0.3838342181928584,-0.1780091606578706,-0.5779484665723953,-0.17885945956412025,-0.7227373164802777,-0.08681154543092798,-0.46158007009318924,-0.008308891414987758,-0.26557247840685644,-0.35631704234294737,-0.4721831381453472,-0.3327650848877424,-0.6037385991794071,-0.23703994380316537,-0.41073364187512795,-0.1646172543083248,-0.2528695601400131
A,0.0,0.0,0.24544533734723026,-0.1910292247791244,0.4254306586631435,-0.5107731057327453,0.39639997335292204,-0.7956399104962715,0.28292159310960235,-1.0,0.18252260991445543,-0.7262723481518314,0.15937478777137953,-0.9310288307272762,0.1899317036796455,-0.7226427341356018,0.23242475265388296,-0.5280901162691415,2.0143078202857003e-18,-0.6661417866928301,-0.004577492910059136,-0.8482507107292521,0.060895716475348666,-0.591191800578472,0.12402523010490393,-0.3837478507219812,-0.17700752457978228,-0.5835487824528107,-0.17499276335983252,-0.7255089592454224,-0.07709341143077099,-0.45496259181746035,0.0003276864536406514,-0.26049975731367786,-0.3568149664356656,-0.47754701835739954,-0.3289004028030469,-0.6059117102611934,-0.23016384549263802,-0.4108011522859003,-0.16067019644303787,-0.2571121497075569
A,0.0,0.0,0.250946428469129,-0.20673187189372927,0.42671300960016617,-0.5210232666541178,0.3972034264020606,-0.800314252115705,0.2817901021494528,-1.0,0.18617710348143898,-0.7244820375405617,0.16776324307065307,-0.9213762016978896,0.1976820117218231,-0.7111294301672001,0.24000188599308533,-0.5172434382074271,0.0,-0.6692602105005144,0.002869086777734409,-0.8461844228405943,0.06560280136527791,-0.5950412797871267,0.12857601124274293,-0.3883868514103451,-0.17963690592927775,-0.5922805724139497,-0.16473169899374399,-0.7299215587517501,-0.07282810462178671,-0.46580007337875107,0.0033096707548599127,-0.27031386156194426,-0.35894738616260474,-0.49104368226642126,-0.31913617392340604,-0.6219444961910109,-0.22553900294429582,-0.4249221808515754,-0.15927632768732794,-0.26457357264454334
A,0.0,0.0,0.2521760159825278,-0.20022562328940804,0.42812057754395194,-0.5078337987841651,0.4160227552203816,-0.7876669760215962,0.3144435871191242,-1.0,0.18963363619770082,-0.7160021604468884,0.16969283778919805,-0.9285351761883232,0.1950297197689021,-0.7262382330081983,0.23191017315115176,-0.5306076939946345,0.0,-0.6641596950828328,0.01082123138575914,-0.8495874489252218,0.06347646111108139,-0.5927043017383237,0.11833161541525447,-0.3769202267563033,-0.18368484620230052,-0.5893161482990216,-0.15252115402802724,-0.7339500839676271,-0.07538991912856188,-0.4649290704607066,-0.012344015860397682,-0.2636434548048976,-0.36758220361235233,-0.48904080055150817,-0.312742664465956,-0.6238626678614336,-0.2301369581459924,-0.4244395341196848,-0.17807140234496774,-0.260062351154537
A,0.0,0.0,0.25175474440170487,-0.1963206393146766,0.42773372837229817,-0.5080545552872892,0.4111604688933604,-0.788145395026595,0.30891934780778135,-1.0,0.18635997121734266,-0.7200522565769598,0.17174427552248303,-0.9222130773378187,0.19896118143007369,-0.7196656462554116,0.23424853843639026,-0.5261199272168909,7.963905999948232e-18,-0.6677996735957996,0.017929545019283576,-0.8483556080138563,0.07005444812266913,-0.5918973743848673,0.12031964704413589,-0.3805182909710551,-0.1787296370608235,-0.5933771436346745,-0.14555243254367606,-0.7362554500802254,-0.0692383809468642,-0.4673745301626934,-0.00990787195370835,-0.27031859577297046,-0.35816571039695394,-0.4916063572886664,-0.3033326218843868,-0.635176504886332,-0.2223700812125497,-0.4333868966729432,-0.17330210551985445,-0.26991247268200647
A,0.0,0.0,0.25780266950557296,-0.19307524066183152,0.4360410437444349,-0.5022633837370968,0.4221104766606184,-0.7822736248375312,0.3332223177633373,-1.0,0.18776601446242308,-0.7313781624043354,0.1781457603880589,-0.9201092930681247,0.20803654161784962,-0.7066197025453864,0.2435120287321946,-0.5073280953880384,0.0,-0.6784976090998661,0.021576056546285843,-0.8360547022570607,0.08022125597732263,-0.5733574191377515,0.13211701315587082,-0.3628337445782208,-0.17894323377871116,-0.6029203728811255,-0.13669298491321552,-0.7289882521585092,-0.057218618351439605,-0.4606214640960461,-0.0014976830549404082,-0.2619472607277758,-0.35854241694376376,-0.5006643931738622,-0.2894258720285305,-0.633828850474092,-0.20035870508826553,-0.43356016659891317,-0.15175685430971292,-0.27031045810469606
A,0.0,0.0,0.2131039506420846,-0.29661598731955585,0.3294028303590981,-0.5933183016461118,0.3225112294013626,-0.8403990639941376,0.2638811654643476,-1.0,0.18933610341568485,-0.6924144467335064,0.21936917314938933,-0.9189593403644345,0.23598954673419067,-0.9268345379845974,0.26935007756881874,-0.8993732458310204,0.0,-0.6646109560492732,0.02640833731156133,-0.8767790012457045,0.06277359893822744,-0.7483922182664997,0.10498179873672606,-0.6108487368379479,-0.18356645913071423,-0.6224756599246603,-0.14212224131700488,-0.8188621389152149,-0.08065682008348804,-0.63403043526086,-0.04043966926858035,-0.46159505367353715,-0.36611681703893906,-0.5519487705806987,-0.31466841778904586,-0.7213975109883816,-0.23231319044582752,-0.5770880668628382,-0.18151599341110586,-0.4336754402856908
A,0.0,0.0,0.2677880749593636,-0.22225847842009258,0.4222187307109896,-0.5209126819019587,0.40886266056452114,-0.7992787182552188,0.3172684531035185,-1.0,0.1918830394849991,-0.7603930566691017,0.18956322891964048,-0.9217924946527917,0.22196301624719636,-0.6998313787184003,0.24425570291154985,-0.5279659059226862,0.0,-0.7062185733857783,0.02938366766963638,-0.8394268172947431,0.10277165009139157,-0.575896824439191,0.13978770296772414,-0.3840121130679082,-0.17871659990534697,-0.6304798831658728,-0.12272177583212793,-0.7471696754602772,-0.03332770786315511,-0.49000657656867547,0.009162998284605147,-0.29882886529639197,-0.3503009045199985,-0.5283294360338949,-0.2748144074634591,-0.6500910028144647,-0.17620661876786328,-0.47244525427926487,-0.12468617251284368,-0.3202621337407139
A,0.0,0.0,0.2744706492425434,-0.19788590356727778,0.45926111416786525,-0.4932278642994804,0.4600220871882965,-0.7731295531269122,0.391535209020507,-1.0,0.18867569668976353,-0.7616747876385012,0.2223002266603344,-0.9391561697548605,0.2541751426752154,-0.7135404960886501,0.2744290097379278,-0.5106247478257091,0.0,-0.7198111764917567,0.06844938921008609,-0.8616342408281592,0.1162310787800478,-0.586485994657887,0.14774548351003847,-0.36546668897521956,-0.1804612101951046,-0.6500554413792204,-0.0875762392878673,-0.757426909155883,-0.019414579032459075,-0.4807570655734133,0.018530873687774042,-0.27061788468101283,-0.3599232500510753,-0.5449624030193585,-0.24630202388300576,-0.6686619521781465,-0.15881093740921642,-0.4595049955780379,-0.12075184293606865,-0.28499361301736
A,0.0,0.0,0.2667600915794493,-0.17770876067638636,0.4632502926885636,-0.47683084618190025,0.4803266074236485,-0.7634747554697136,0.4108277558102603,-1.0,0.18974709291562414,-0.7668381934742822,0.25939780785423416,-0.9462510130830686,0.2917908364895335,-0.7167271281030029,0.30437183341468127,-0.512638983278158,1.6795506516082403e-17,-0.7417231276740885,0.09945096028234648,-0.8733488169534497,0.15620667941289176,-0.5944231702461039,0.18815901360820067,-0.37320021056891345,-0.18551345507101985,-0.6853377923659871,-0.05989840596316816,-0.7649199956751886,0.014882029751912513,-0.47955216174033716,0.051239148939375076,-0.26832439700458716,-0.37167773275092675,-0.5928060961537814,-0.22173797712511936,-0.6797828953609081,-0.1312025772165287,-0.45835504462351423,-0.09753134294035867,-0.28213136740214934
A,0.0,0.0,0.26974470249708987,-0.17579595852131835,0.4682452431983421,-0.4759296578747412,0.48121573347632546,-0.7614906532570745,0.4178499271693198,-1.0,0.19110342876966263,-0.7776864342285095,0.2613724176941304,-0.9436033624677854,0.2980011105721898,-0.7154191538936716,0.31255027313058525,-0.5136465403507632,0.0,-0.7500830018651261,0.1039574386715913,-0.8747491856388959,0.15977047503271571,-0.5975347566181148,0.1889505962639379,-0.37654233327282866,-0.187053262551238,-0.6895250263768464,-0.05698173784052414,-0.7668997407803889,0.013545167780044715,-0.48548107375084754,0.0445773430983004,-0.2767243774000676,-0.37451488502954894,-0.5921178797175563,-0.22019205768830305,-0.6760549903741799,-0.13248549962952355,-0.4603776295350596,-0.10223218128263648,-0.2887591950214031
A,0.0,0.0,0.2720421804048856,-0.17708338366572055,0.47680440171463506,-0.4795330349104825,0.4883185254254681,-0.7602525427946129,0.4255454822041528,-1.0,0.19327415332978,-0.7757767774339263,0.26716429224267135,-0.9365287524209032,0.3126497546414121,-0.7128937183524415,0.3323547524510215,-0.5089659911679347,1.7002986578872174e-17,-0.7501505374701999,0.11253032999294563,-0.8794921697823562,0.17365058714883172,-0.5979151541554109,0.20326714147673827,-0.37055484629511803,-0.1880528159010872,-0.69093114543299,-0.05649452471257475,-0.7865222763878716,0.023367499044871506,-0.4917203966631446,0.0605700764067657,-0.2710547815167382,-0.374929923771298,-0.5930865958123376,-0.2205773505027435,-0.690597684778782,-0.1282488618511562,-0.46264651362574344,-0.09325136674334061,-0.28011364857706317
A,0.0,0.0,0.2707321868410059,-0.16894962927945437,0.47018719089004124,-0.47010423200801277,0.4762101609557824,-0.7573454131052797,0.4137731323433923,-1.0,0.1928957499023361,-0.76974752751719,0.27359050572476706,-0.9246120227727573,0.3143206679189794,-0.6962115176635417,0.3282675170132019,-0.4917402864257096,0.0,-0.7450187418116273,0.11738320761011048,-0.8711474836727441,0.17365641087838768,-0.5858725614964216,0.19881121571619012,-0.3596722731106265,-0.18791388725178346,-0.6832156043527747,-0.0550000721129835,-0.7758692374789262,0.019079687963443625,-0.4815212141200368,0.05158721431340014,-0.2651022736919668,-0.3758626093234603,-0.5822462324782308,-0.22281233898168468,-0.6812277590383643,-0.1310215271269159,-0.4560797520456147,-0.09690050319230993,-0.27743441338593855
A,0.0,0.0,0.27306711824413465,-0.17367965244941708,0.4732756475964689,-0.47840795256085034,0.47810525999193976,-0.7583073594290142,0.415945457619991,-1.0,0.19327826949813112,-0.784870807909777,0.2630099787381805,-0.9393960682570556,0.3046384199859155,-0.7146957620298072,0.3266578163497751,-0.5094233858393605,-1.7183328509574262e-17,-0.7595000209995241,0.10903477718591248,-0.872583663116575,0.16014929000266717,-0.5873539024967206,0.1913350460551186,-0.35673567987134,-0.191163026124387,-0.6998661306785188,-0.059191623670741794,-0.7739379726499287,0.007256260768682368,-0.4781539530605313,0.042917253204182555,-0.25484690482531797,-0.38303145490013973,-0.6043966633836815,-0.22131984831982784,-0.6855105847233136,-0.13511688237526637,-0.45984005192814986,-0.10243804709417245,-0.2765585032005078
A,0.0,0.0,0.26774099506233756,-0.17295988672393994,0.47356920052143403,-0.47749729303028715,0.4908668881528385,-0.7592768702469251,0.4310110770912852,-1.0,0.19045489700376833,-0.7744918143266024,0.28019726613336116,-0.9359433046785484,0.31868534448877583,-0.7114025410170917,0.32738233077574336,-0.50883489308385,-1.6935981284232138e-17,-0.7504380411952586,0.12208297719576543,-0.885606457018766,0.1763068556998399,-0.5985455215875567,0.19952565253884433,-0.3708442219972677,-0.18991904428641368,-0.6925759928280356,-0.048047441819914244,-0.7910786438568215,0.021762515259901315,-0.49002205788644365,0.049449994807191595,-0.2671112838458221,-0.3820614831245382,-0.5954740203793051,-0.21539270203710517,-0.6953732611353041,-0.12636604431625167,-0.46852698860547703,-0.09770540199153598,-0.2868520858805069
A,0.0,0.0,0.2610170769682302,-0.17896496750267007,0.4593056177437931,-0.4835570031053455,0.46652046866276653,-0.7614637833114865,0.4001861912625361,-1.0,0.18767331923830144,-0.7728639698631861,0.24537061146473055,-0.9434268621862543,0.29153088971745234,-0.7342175991495546,0.31619153396533606,-0.5304659014858933,1.6802507125916956e-17,-0.7381297715661199,0.09723311814306514,-0.8732927991255511,0.1537594741210617,-0.5940875824129779,0.18698924581356455,-0.36420079676203226,-0.18778718864109445,-0.6731844762735633,-0.06598379993873195,-0.7764168868427987,0.003686763545800968,-0.4850250689760501,0.03779184928247283,-0.2616418541480477,-0.38009030503304253,-0.573389277590496,-0.23325001622979527,-0.6947081069751001,-0.14297716627989704,-0.4795674611721364,-0.1092589671096477,-0.2983661339928315
A,0.0,0.0,0.2704373901034219,-0.18000755545690492,0.463670424383161,-0.4783489845668591,0.46471237487729106,-0.760229382157966,0.40237780736896867,-1.0,0.18473659238837675,-0.7650268617535333,0.24793664775572033,-0.9392966125864558,0.287663035885618,-0.7153392605860346,0.30913678569448294,-0.5129070563720204,0.0,-0.729929421603462,0.09158483907501816,-0.8858182666415458,0.14723444013924478,-0.6064119700727965,0.18345149744029599,-0.37688061084999747,-0.18731477257697277,-0.6665974728931272,-0.07221097670541987,-0.7802653877667407,0.00018469224766860028,-0.4892239699121161,0.038759255201326,-0.26825537182606396,-0.3802032625278095,-0.5687259361521835,-0.24152367254671286,-0.6924106046234239,-0.1469958144761916,-0.4764092908057412,-0.10493660827574244,-0.29244325174480773
A,0.0,0.0,0.23013044188623077,-0.23557253775237688,0.34787356812711323,-0.5182775366368371,0.3597113153031135,-0.7814663133193142,0.3485483255898705,-1.0,0.19926749233993554,-0.6993223481608511,0.23243447392770297,-0.9107322810136496,0.2867541784075679,-0.8764221544268226,0.3562439420293469,-0.8405346568912688,-1.334051870358768e-17,-0.6648259923851341,0.05743982059027152,-0.8850541944612276,0.11932265873071128,-0.7284218048268796,0.18103373882413565,-0.5853785479582977,-0.1877480997260272,-0.6275314614455155,-0.11099183538296209,-0.7981668086637387,-0.043626898788042656,-0.572377903153709,0.0036508705889516033,-0.38795344918262187,-0.37370193647793243,-0.5734637100222599,-0.29910363805304446,-0.7155225839303689,-0.21684981790063354,-0.5360341570065131,-0.16180151179831279,-0.37876486665715103
A,0.0,0.0,0.2709533218024842,-0.2054039816531122,0.42731021181299067,-0.5066310715087038,0.4326649401073763,-0.7772058705226983,0.3702402031660772,-1.0,0.18248382103919303,-0.7795421554300919,0.22369254371183786,-0.9351744634487389,0.2672068720717572,-0.7170663707390376,0.28960757131675746,-0.533195792893637,0.0,-0.7370021433414959,0.07549557096401596,-0.8830065871206073,0.14280373765969373,-0.6121932306036774,0.16956770186099102,-0.40602350750784216,-0.17558175810041388,-0.673462341972248,-0.0729939972543585,-0.7915216315323425,0.011175026150494066,-0.5191487399665711,0.03954953326976844,-0.3141190083411651,-0.352652003796657,-0.5838709388302121,-0.2247382825823321,-0.69773966693488,-0.13309922347051031,-0.5065226826219874,-0.10222554667429717,-0.3471993473086008
A,0.0,0.0,0.26882065190391946,-0.2268983346965736,0.43900680929210495,-0.5153290347354967,0.4520996874470991,-0.7764043422536647,0.3995294299617774,-1.0,0.1692983385630359,-0.7540382468075999,0.2306477424916132,-0.948851477440245,0.27169117151913985,-0.7341567062655244,0.28962253662495746,-0.5339430651013225,0.0,-0.7148585891817903,0.0791557894988441,-0.8960493723767683,0.1353773387513456,-0.6346966252640905,0.16630191767780858,-0.4187978396764142,-0.17144442067412646,-0.6499429342024723,-0.07213041596774288,-0.8119795663204773,0.001327295885604649,-0.5490867122397127,0.03542241028077361,-0.33562513544403044,-0.34817897696534056,-0.5485252706001875,-0.2372629331185048,-0.7259581929792913,-0.1438820186245556,-0.5445800131829474,-0.10059819634060568,-0.3645837458475949
A,0.0,0.0,0.26068500185252014,-0.20291003102269628,0.4448067153733637,-0.4979605530040239,0.45746046101869553,-0.7686658442611585,0.393927865003622,-1.0,0.16693450926978307,-0.7504378168460536,0.22093653050059855,-0.9419914130515785,0.26641048850195026,-0.7303346734979727,0.2852215860234608,-0.5278340451626826,1.634962490355969e-17,-0.7136368286326238,0.07789584848395256,-0.8901899043060414,0.1401387539664894,-0.6298299146507111,0.17447643760947912,-0.4099260339708339,-0.17074684317139502,-0.6542383464099265,-0.06991581555761255,-0.805456598068022,0.012265772734109275,-0.5373814723144423,0.05528437926962645,-0.32160414840563767,-0.34990669112077993,-0.5632903430507956,-0.2297427409792654,-0.7122429451332397,-0.1321386602192247,-0.5182519641540457,-0.08607452995967835,-0.3424985198346243
A,0.0,0.0,0.2651280705536913,-0.19424895312045692,0.4531962124384675,-0.49225005804082966,0.4618081679575324,-0.7661532212473248,0.3985448997100679,-1.0,0.17346255669573327,-0.7543870582058865,0.22298070269536202,-0.9476761909196875,0.27327494770520805,-0.7343861205795936,0.29498598110456936,-0.5326459620722528,-1.66572351267965e-17,-0.717703843722499,0.07041391660517918,-0.9024860411863991,0.13875555558627992,-0.6456451497056229,0.17290319215139688,-0.42834057838183875,-0.17707845837795655,-0.6568165197505357,-0.07971749066058907,-0.8182279489672525,-0.0019236440447754177,-0.5421935745808347,0.03144998890738952,-0.3234575107086284,-0.3638556709669093,-0.5637875957638966,-0.2455513669263366,-0.7112935700781523,-0.15288477228352937,-0.5077595477203927,-0.11574798909608153,-0.32671587223545545
A,0.0,0.0,0.2721066193582111,-0.1996509275524791,0.4554370665732662,-0.5023689760278357,0.44982909802536686,-0.7730220524730137,0.3843098958976534,-1.0,0.18151096343300063,-0.7455598575236324,0.21555665379174838,-0.9442922302766207,0.2595455128186371,-0.724355267714219,0.28336075329261207,-0.5201725782095047,0.0,-0.7049901127403172,0.060271250429330674,-0.8979193316141939,0.12002421956103358,-0.6326956973030639,0.15525193274458354,-0.40938395890604196,-0.17832100985479066,-0.6421057969309187,-0.09709938069273819,-0.8173432419077643,-0.022208838588212966,-0.5425515054715553,0.02028602256316541,-0.32147427441255877,-0.3619770974901094,-0.5473329002114784,-0.26451733074112754,-0.7162564989999327,-0.17886110146636583,-0.5157562741660389,-0.1360912180169832,-0.3307370722139251
A,0.0,0.0,0.2634434000167765,-0.19828522966034912,0.44708254338213066,-0.5033774676393271,0.45468095096196126,-0.7696505927766547,0.3980856537915276,-1.0,0.17675187735750345,-0.7475112153101007,0.2168175135902303,-0.9541774156545899,0.2524325467606428,-0.7410439954165143,0.26682449547871173,-0.5382340362222199,0.0,-0.7067351964998047,0.059254364581683115,-0.9071943351902765,0.1098247208290325,-0.6412962440457809,0.13808464349481667,-0.42322357487946444,-0.17878987462274185,-0.6389635280073245,-0.10033121743020251,-0.833150184898875,-0.032026027599477896,-0.5598667507460073,0.003979549042264468,-0.3410493745291099,-0.36638574160636206,-0.5377470404774314,-0.2747028699162779,-0.725001553193023,-0.18755768322712582,-0.5415893579017984,-0.1437353698344375,-0.36402337152724945
A,0.0,0.0,0.2704588801261489,-0.18832477839584486,0.4577117096880676,-0.492272735656094,0.4584830854365427,-0.7692032946655415,0.3870746856507177,-1.0,0.17773498510989477,-0.7404798823938687,0.20762204191467215,-0.9505819057357613,0.2513575593248583,-0.7334297144296241,0.2717827172580416,-0.5315064121492833,8.471823030094162e-18,-0.6999217175317862,0.04897617627717681,-0.9030196184236953,0.11348925414592026,-0.6423935876533001,0.1466751139925475,-0.42524587521931756,-0.1780581923597301,-0.6324340259662576,-0.10911560185398475,-0.8248274424283071,-0.02534805866899863,-0.5538511586877681,0.015613710533503643,-0.33720834387406906,-0.3634132941908506,-0.5314597010863277,-0.27465269937608355,-0.7092526061899574,-0.18050971919267833,-0.5119690622459353,-0.13615759652302584,-0.3310963197349349
A,0.0,0.0,0.2573195150046813,-0.199399072690309,0.43770898674545483,-0.5050366983109577,0.4420832714990748,-0.7743000157357497,0.37466888281889826,-1.0,0.17715655788882614,-0.7384343966096578,0.20325282735855,-0.9456434540347567,0.23433385926532346,-0.7327211101303683,0.2511155203890018,-0.538707179758276,0.0,-0.6972212744091314,0.04498814945280797,-0.9052754319275517,0.09794350713790302,-0.6471478641150447,0.1285920378225133,-0.4368593842331194,-0.1762866218928312,-0.6294973955595613,-0.11910101017442189,-0.8305713126851239,-0.047998678718787165,-0.5645677225197402,-0.01104239430078902,-0.35637515883301807,-0.35991822133707435,-0.5285633278633283,-0.2846092398126735,-0.7145155689842371,-0.19823545898278158,-0.5258152108409456,-0.15761520452666317,-0.35319934446562923
A,0.0,0.0,0.26991536710979985,-0.1913440468156192,0.45788682946747555,-0.49530643135692604,0.45593021345979184,-0.7719998531665425,0.3786407153570556,-1.0,0.18088848640909866,-0.7477608041694297,0.20132712198348388,-0.9580195535054284,0.24096867799773564,-0.7381782176977146,0.2651066349909179,-0.5355079221008571,0.0,-0.7055846501569689,0.040542070629095886,-0.9095084147562366,0.09970952917627197,-0.6430096229627331,0.1362355500899249,-0.4282810800739546,-0.17894961602090825,-0.6343152721892501,-0.12092060928594041,-0.8311316632800518,-0.04398800176030449,-0.5549728515814872,-0.001520989638526032,-0.34102804693278094,-0.3645505578152164,-0.527578367924832,-0.28246414846355866,-0.7099624820027955,-0.19491678450332003,-0.511638655726414,-0.1523269811793804,-0.334130169371208
A,0.0,0.0,0.2708778203809368,-0.1871631829001238,0.4612994159821155,-0.49110962933725916,0.45576775448192985,-0.768135364123065,0.38394378909316307,-1.0,0.18023946846360614,-0.741390561833475,0.2100280692661504,-0.9502555850091747,0.24683800454050364,-0.7287043083246147,0.26539715492371835,-0.5271002337486806,-8.602485970984125e-18,-0.6981893563279038,0.04528761462142388,-0.9183312120242846,0.1055010130539896,-0.6509814454501577,0.14058714534487665,-0.43242126564853794,-0.17975917362022514,-0.6274186337405541,-0.11877597897113772,-0.8297924437685593,-0.03403718489752861,-0.5530658922653882,0.010719419214758349,-0.3380223077756025,-0.3673070741397805,-0.5227754672164884,-0.28653679390436143,-0.7141173920386229,-0.19204508057482933,-0.5210893555320394,-0.14450917668805552,-0.34244260139562926
A,0.0,0.0,0.28327203937847656,-0.21728654211796394,0.4451159156771589,-0.5355640317103882,0.4603874387449616,-0.7941239924799423,0.4685462368171725,-1.0,0.18284478456195383,-0.8405304763263993,0.35721089793867145,-0.9254116952921829,0.3787359937073763,-0.685580110458641,0.36772408989058686,-0.5056510310252796,0.0,-0.833370117282527,0.208347276005116,-0.8376226539403843,0.23358679001502625,-0.5533204568128917,0.23962707074893336,-0.362573462435579,-0.16158730417478007,-0.7778478838666664,0.06724500141851596,-0.7176237913519903,0.09468728486130527,-0.4625116432701442,0.09993288199435933,-0.29336637952146816,-0.3078257546875121,-0.6897836577189506,-0.10278193687676769,-0.6376815067604737,-0.06249936192820697,-0.44051394165776736,-0.06028191999028312,-0.31991627129460265
A,0.0,0.0,0.2596691102226678,-0.2221965263410925,0.4010979938387269,-0.5325383859008671,0.3921280314685781,-0.7933770039595125,0.35060338971411203,-1.0,0.18073582990734824,-0.6665395287495274,0.20963488161201965,-0.837732943415345,0.22154254045475696,-0.708105546899935,0.23762861257781784,-0.5881240215466121,0.0,-0.6220234310027021,0.05112464949569429,-0.8309129478639827,0.09328221212350239,-0.5937471873519119,0.1346752180499472,-0.3863622233035597,-0.1745058995356914,-0.5598856656176645,-0.10687180804192431,-0.7182903671850249,-0.04384820178151095,-0.44888794956375777,-0.00615395901053547,-0.2453787442316087,-0.356191810131411,-0.4738972697924895,-0.2749921942307181,-0.6143806238466102,-0.19850029902929722,-0.4133082864913226,-0.1577450250669168,-0.26067110115319747
A,0.0,0.0,0.2904016865643018,-0.22583222708561793,0.4460061073045177,-0.5195784972677685,0.4259846969692246,-0.7980020985526933,0.3439224308193125,-1.0,0.1876309530281764,-0.766974001721101,0.17176874294031383,-0.977482559679882,0.20123774529316846,-0.766993654686967,0.22350169995521818,-0.574349555202897,-8.330766816222835e-18,-0.7112550052983382,0.010384124220621436,-0.9242028467224851,0.08043217061138015,-0.6688282998922584,0.12002712653616632,-0.4567085886139284,-0.17548848124036479,-0.6361860084953301,-0.14010720697259205,-0.8309310257025391,-0.04553058020376164,-0.5742975964885593,-0.0034359150605482594,-0.3685732222845426,-0.3549884140923486,-0.533961775355029,-0.30360153988548244,-0.7139832340338234,-0.20748588385567784,-0.540441262805299,-0.15794799425287562,-0.3801955113704966
A,0.0,0.0,0.25665780596126486,-0.21212523803910546,0.4333721058826545,-0.5081825440857083,0.4218355302616488,-0.7773110551301189,0.3528563229220104,-1.0,0.17699817692862393,-0.738534348010214,0.19300667058716833,-0.9408311272044243,0.22675397530727617,-0.7322252221560581,0.24845021993219996,-0.5386991122440337,-8.295699409023221e-18,-0.6943539888963227,0.031538156208527825,-0.8935542826016509,0.0922225662840937,-0.6364227967018304,0.1311138268912575,-0.42618674924665095,-0.17616489557073575,-0.6228556638279855,-0.13573704304464432,-0.8198384866428912,-0.05045936301472105,-0.5588954915576735,-0.000628862187688279,-0.3525965798865626,-0.3613419859677444,-0.5161468020580239,-0.2918824374614681,-0.6984752665317087,-0.20018203258235537,-0.5162061540669168,-0.15531858493839992,-0.34824432986212944
A,0.0,0.0,0.271378285984389,-0.19721428877304037,0.46250706967971866,-0.4942499146383571,0.45471174184792185,-0.7707453555658189,0.3852131773305495,-1.0,0.18507025336666172,-0.7449792550250558,0.21107722105573878,-0.9541241911892052,0.23862342738890002,-0.737083216396864,0.253504260099944,-0.5365401543229529,0.0,-0.7023070336821587,0.039667477903467536,-0.9129860358716598,0.0922481600137694,-0.6442530244373617,0.12798469982004143,-0.4239211077341056,-0.17957781626433453,-0.6321168332354928,-0.12832209253272805,-0.8230041108831412,-0.049417951112575055,-0.5464953649352756,-0.004399668684586005,-0.333783940509736,-0.36703656666373874,-0.5282599965124486,-0.2940042086764161,-0.7111620978065945,-0.20161665576564733,-0.513456316791071,-0.15578326196184816,-0.3383249888505696
A,0.0,0.0,0.2732818674338986,-0.18754899625121604,0.46447367373788473,-0.48990788970350174,0.4586684263102915,-0.7705755632171656,0.38935018601771026,-1.0,0.19043869610300235,-0.7465222926412652,0.20391146573847252,-0.9522197997880294,0.23277802469634865,-0.7345111195933267,0.2543452262401949,-0.5340530110464021,-1.740953734752121e-17,-0.704083476875859,0.03338826134519624,-0.9128606295453071,0.0863671061784296,-0.6427403081612988,0.12442258523670811,-0.42221494604767534,-0.1840688095937769,-0.6301347415494171,-0.13889637909829888,-0.8205231012008831,-0.0578824927469064,-0.5430694505280742,-0.008244994078957249,-0.33206138349818204,-0.37156941245082237,-0.519227017252228,-0.30471312975784937,-0.7020519421083866,-0.21078826233402675,-0.5055023873873271,-0.15811093983577387,-0.33248198800523787
A,0.0,0.0,0.27148097510816266,-0.19022201436064634,0.4564626434823064,-0.4980694058335794,0.4406698884131636,-0.7764964307844275,0.3682100671319251,-1.0,0.1847517256984742,-0.7398893362466801,0.1965871988644116,-0.949818712277833,0.22545400916643654,-0.7400905851775942,0.24761099848859006,-0.5433440730620395,0.0,-0.6927471449218402,0.025939176561314958,-0.9025705554096575,0.07917725220804366,-0.6381035680793583,0.1215450054749922,-0.4224728622047673,-0.17825685732425847,-0.6151218387610589,-0.14071733128357572,-0.8099399908836363,-0.061298024305565614,-0.5389340404353145,-0.008349008502697463,-0.33422829278588434,-0.36003491281410815,-0.5001213676217008,-0.3024263041670817,-0.6832635254765707,-0.2093971031005054,-0.49141318348238744,-0.15184105165279083,-0.32402479630491293
A,0.0,0.0,0.26534526435674444,-0.19008107463405458,0.4535052141183257,-0.4923499500541845,0.4480794752283182,-0.7727682900488089,0.3769875692842301,-1.0,0.18764093857017564,-0.7420521947592832,0.20468328996266857,-0.9565070779881644,0.2290535555603214,-0.7367360795026638,0.24659980718890553,-0.5350641597720425,0.0,-0.6998799863856093,0.03234860903079685,-0.9137039386025951,0.07856101829938932,-0.6387424009077435,0.11408356221443455,-0.4195079338663181,-0.18311831952880656,-0.6309247667041171,-0.13654730488742328,-0.8245907362609941,-0.06600095812434806,-0.5409429689648866,-0.023317762199363313,-0.3297093922587458,-0.37318485336763996,-0.5296443828094058,-0.30384606650153756,-0.7108104322713782,-0.21764039488676795,-0.5080634460714992,-0.17316065654827692,-0.33507400440100266
A,0.0,0.0,0.2756896240113294,-0.19475286164428918,0.4488102895448757,-0.4959152863317895,0.4327352241982552,-0.7730658979731015,0.3642709341054614,-1.0,0.18342030165170403,-0.7215392808954316,0.18992230891811845,-0.9478297508188049,0.22228732146697358,-0.7375051453194842,0.24477497054486258,-0.5382059184051037,0.0,-0.6723961327071312,0.022126953292222487,-0.8981240541703012,0.08035793487983477,-0.6336960900135037,0.12195248641990993,-0.4142814822547249,-0.18025006245162034,-0.5972056815456296,-0.14234929624342935,-0.804274360208859,-0.05927842128671556,-0.5302919477120418,-0.009034478293826212,-0.32016296550954687,-0.36515162622598446,-0.48988182773601585,-0.30906757551642955,-0.6838078404295872,-0.21322091565422915,-0.49324753480624056,-0.15815224528248129,-0.32104024057289227
A,0.0,0.0,0.2623023211032861,-0.1858204747056927,0.4452853025816373,-0.48962499973623946,0.43541262213169607,-0.7696641451282609,0.3698269821800493,-1.0,0.18408465413907757,-0.7401915473167179,0.20021013759151032,-0.9493484496082999,0.22643057594802118,-0.7375264496476257,0.24652711301587,-0.5356416318041398,1.7757388938951298e-17,-0.6975538096733676,0.033496390196990904,-0.9063538015244762,0.07850450406557574,-0.6401608345800036,0.11300757061767117,-0.4218194989629855,-0.18005110408938402,-0.6267324339348233,-0.13845329437158682,-0.8265386702382459,-0.06809316408592665,-0.549951688505064,-0.023413685287256555,-0.33702990130455757,-0.36794257091723764,-0.5221674413548019,-0.3064938006363545,-0.7031214334739415,-0.2194358355173667,-0.5080214722575055,-0.17089991495905135,-0.3361197910096838
A,0.0,0.0,0.26708648909414673,-0.19125831869661744,0.44841513199329497,-0.4936061173258834,0.44174813752562947,-0.7706693625398533,0.37453662402842797,-1.0,0.18467000983601267,-0.7463316165576345,0.20042520668421385,-0.9471431887089026,0.2274937041329341,-0.7329735657780535,0.24653080718061002,-0.537150970987325,1.7954597624217254e-17,-0.7011667934656991,0.03271955891694543,-0.9094537317607033,0.08649498208689621,-0.6463610894405178,0.12557094540056973,-0.42821592538749537,-0.17884644761174576,-0.6288892681900771,-0.1328481827727011,-0.8091925041014392,-0.05305067297400244,-0.5343675667067342,-0.0031201847033921416,-0.32609364233333443,-0.36123046473427456,-0.5237936382982887,-0.29612967157638054,-0.693192443119455,-0.20424046323274847,-0.4960547998598466,-0.15109420959037048,-0.32632538291024066
A,0.0,0.0,0.2708017921046975,-0.18555894871052733,0.4580575562358883,-0.4902660742524032,0.44125286127795454,-0.7720655725647096,0.36540334555622817,-1.0,0.1888025221423019,-0.7517509165771347,0.19305789026883402,-0.9525275940314526,0.2200825154301113,-0.7326013836779217,0.24640744181461732,-0.5304892702260342,0.0,-0.7035816024814987,0.021311114315180006,-0.9065888922358663,0.07266891715634265,-0.6346772535958264,0.11779851151261242,-0.41327050720235653,-0.18277086197764578,-0.6265077876463507,-0.14803421622841045,-0.8074621301320902,-0.06680292417159599,-0.5262681928093512,-0.010961495567558733,-0.3161095258541725,-0.3685087493658623,-0.5145176250099122,-0.31018812812315866,-0.6804256130712878,-0.21711670196677735,-0.4722977769894207,-0.16027243042869563,-0.3008319339200097
A,0.0,0.0,0.23053264046861793,-0.14199008097541535,0.3493281390607409,-0.3356260737280955,0.367042082690108,-0.5250524566891384,0.35091661265435203,-0.7068582817486068,0.18423580896753772,-0.7709973045375155,0.24645331890278196,-0.9903346899882153,0.3343640061319388,-0.8844984369458218,0.40824631760604463,-0.7919542559563818,0.0,-0.7607048797796312,0.11562198051967905,-1.0,0.1773415828786102,-0.7385840366474562,0.22122225719158575,-0.5588876972728789,-0.1879230361005523,-0.7320431947767806,-0.03950129176923857,-0.9369437678589526,0.010405290821858449,-0.651361286189254,0.03865693918852296,-0.43425340529591405,-0.3939828103094494,-0.6621794845757548,-0.2422191120380061,-0.8157080856618925,-0.16884219364096198,-0.6098826295052187,-0.12338663107339674,-0.42648851011603023
A,0.0,0.0,0.27642275771332636,-0.22477104869394152,0.42946201678326357,-0.5162783161257799,0.3977109679059919,-0.8008870769372503,0.3000325727202661,-1.0,0.18463671057854097,-0.7519795828836398,0.15908430599748988,-0.9581053728189689,0.20086483265459945,-0.740275992661173,0.23108304223683165,-0.5560177709547353,0.0,-0.6925699089927309,-0.0018485479737585444,-0.896765977651381,0.07894523636462707,-0.6294566253540882,0.11789396397161989,-0.4344907879316422,-0.16622250764309046,-0.608007229420706,-0.16207728360918994,-0.8095252286475942,-0.052121077981594904,-0.5524848516552514,-0.000760171697313207,-0.3605442659435834,-0.33514062207272616,-0.49565877675448217,-0.3120684871733092,-0.6779546053513382,-0.20560953026802714,-0.5065045835500216,-0.14802320237154454,-0.3600796712331174
A,0.0,0.0,0.26015686009108036,-0.20737916517953214,0.4360295745647312,-0.5086161575295428,0.41223033055739094,-0.781515683985721,0.33742700979889706,-1.0,0.18187183617593936,-0.7391420535112622,0.17828741953656738,-0.9438079486767493,0.2053117181328688,-0.7296427047299203,0.22888286819972709,-0.5370123329550068,-1.760858405807779e-17,-0.6871255322765166,0.00911545366532889,-0.8868045785976467,0.07152542692022329,-0.6277605116024901,0.11817284557840592,-0.4220309407210132,-0.17398835514200361,-0.6103263602041306,-0.15537035108346187,-0.8021142389546366,-0.06461288737450369,-0.5445471730314442,-0.007801415588425854,-0.3469004363113483,-0.3527115827680747,-0.49886152694747143,-0.3069890051759047,-0.680075152053742,-0.2124903064211845,-0.4950510197099889,-0.15940140398353658,-0.33391023814838555
A,0.0,0.0,0.26425520616087506,-0.19595408215607113,0.45030730447517753,-0.49698355171309855,0.4336270986550274,-0.7753462186289457,0.35080975813488313,-1.0,0.1887538785219926,-0.7571358665950961,0.19504211053243872,-0.9571014870079536,0.2218945739425015,-0.7410051871501845,0.2466073509240077,-0.5447038511032919,-1.8336230818256553e-17,-0.7060255120764708,0.024812170578144523,-0.9051808673436548,0.08152437646338942,-0.6373763995641539,0.1251524500296291,-0.42530459789424857,-0.18119227500735216,-0.6254287846768523,-0.14555785172019403,-0.8133198268582598,-0.05865285647403633,-0.5445532376656851,-0.0032554487431896797,-0.33885811571910335,-0.3652231571124604,-0.510437008049142,-0.30699716271404365,-0.6908974801140709,-0.21001084396680075,-0.5003384362216511,-0.15515228160383107,-0.3329432896742431
A,0.0,0.0,0.2687005848146237,-0.19030370894764387,0.45738069825865085,-0.4965120846084552,0.4442550814668223,-0.7754262327114502,0.3608749251822656,-1.0,0.1905921688451219,-0.7553882803411671,0.19418876954575334,-0.9532079308155436,0.21250340102381737,-0.733975274882234,0.237624012229549,-0.5321449117479398,0.0,-0.7072666484432902,0.018875009759430628,-0.9061842138041445,0.06983603594634842,-0.6393644087603141,0.11873989715367715,-0.421252030891464,-0.1825069831610616,-0.6297817050209815,-0.14694503022249633,-0.8178015969070672,-0.06575693800121038,-0.5438004276844687,-0.009445814981410063,-0.3342871439486401,-0.3653048080338501,-0.5182244573134017,-0.30598330738517765,-0.6884800384934414,-0.21414201068861113,-0.4889637998866059,-0.1597204274686224,-0.3202720488656695
A,0.0,0.0,0.2691293764868984,-0.18832937975097888,0.46320794132854654,-0.49365040938994664,0.4451424100730679,-0.7764558276410003,0.34838515486056326,-1.0,0.1899157755372891,-0.7494004510835252,0.18918242992795184,-0.9538890709425517,0.21462466485789516,-0.7375874477639983,0.24423381503380023,-0.5412489189757851,0.0,-0.7003186475545857,0.01568009098408986,-0.9051473039377733,0.0767841202284571,-0.6397316567703005,0.12619904210810068,-0.42683226653029277,-0.17975146103877188,-0.6182225802120593,-0.15456945317464493,-0.8135369561662855,-0.06256221046629115,-0.5421135913588551,-0.003280500792492181,-0.33768475600258363,-0.3598148991139217,-0.5002004425416152,-0.3121498393175872,-0.6835472705782675,-0.2196596705679168,-0.487751418535915,-0.16768336462158456,-0.32012887086105807
A,0.0,0.0,0.27482457332527566,-0.18484282804298147,0.46117699545416374,-0.4883789772385774,0.4427728624261351,-0.772671933409877,0.3584448548510417,-1.0,0.19428018904162947,-0.7449627426918555,0.1917348239425552,-0.9588478690475881,0.21967725081853656,-0.7361946084143146,0.2489681232368033,-0.5300388053177306,-1.8997670417909278e-17,-0.6945628423244148,0.017300122205238154,-0.905923783409179,0.07919615568158261,-0.6327423129152726,0.12401518042062055,-0.41588647960809677,-0.18347727846242345,-0.6082518834864655,-0.15971942634783529,-0.8222505990445966,-0.06491913045619915,-0.547326577237262,-0.006920984867841534,-0.33909002494303214,-0.3660524752899956,-0.4836055873808972,-0.3185923990764259,-0.6797059122950787,-0.21939512265014277,-0.48664966990420394,-0.1632574600432082,-0.3167038244974335
A,0.0,0.0,0.26769333911890225,-0.18024401477882673,0.46942957519684686,-0.4859950082308347,0.47015306866024326,-0.7691236564516878,0.38518734383321845,-1.0,0.19202887722857376,-0.7585609256957371,0.21154300397185768,-0.9609533214758831,0.23237277812074117,-0.7400219463969826,0.25251566555238525,-0.5349765226821512,1.9182027744182793e-17,-0.7134746211764033,0.032824245454321666,-0.920926024816747,0.08315315899430045,-0.6505084818391593,0.12329771263285891,-0.42852528378053945,-0.18477305741808467,-0.6346149317149345,-0.143752984080951,-0.8319278396125751,-0.05891236862771429,-0.5561654630014399,-0.004385055015149495,-0.3441028808033302,-0.3713319689884438,-0.5197095238743324,-0.30493670373827847,-0.6974059995176323,-0.20809613623766918,-0.5028032918939236,-0.153226282562382,-0.33372141782511816
A,0.0,0.0,0.27498313108274286,-0.18036517648882938,0.4690340752192188,-0.4868903395498838,0.4461256086646393,-0.7710094828598887,0.36067724956021174,-1.0,0.18831063374363338,-0.7423084537773146,0.1851658117474241,-0.9576198125385099,0.21634304217296763,-0.7398120704978517,0.24563326150565723,-0.5424134092159836,0.0,-0.693268630596697,0.01407883247385016,-0.9094826666895647,0.07342150579274842,-0.6362745902109184,0.12045381809501321,-0.4221787651254312,-0.17956060407552993,-0.6137443642327881,-0.15147817847410097,-0.8164617003854959,-0.06540387349012021,-0.5347830663624716,-0.008971896716467316,-0.3301886730255486,-0.3618937548119325,-0.49795665596804345,-0.3110196986619713,-0.6832063370352754,-0.21742573345699376,-0.47941733255830354,-0.16191798131795876,-0.311428565623101
A,0.0,0.0,0.2730320211498581,-0.18627171918635554,0.46635575291515546,-0.4924618868600167,0.4550048618396958,-0.7703390290364299,0.37921777608652946,-1.0,0.19611416299228754,-0.7523122147806207,0.19675014489055473,-0.9587002414643897,0.2188786118659439,-0.7433100780039793,0.24316561302988024,-0.5432116156804605,0.0,-0.7049080560781863,0.011322374478338287,-0.9173111959106894,0.06373156431709263,-0.6526199331988308,0.11187369839646968,-0.4363554465967511,-0.18499487905519868,-0.6258045477707308,-0.16171172035292988,-0.8234027078348957,-0.07881676330604293,-0.5506245260038765,-0.020219648142390804,-0.3454703413032966,-0.3675024178358186,-0.5106913125812462,-0.31827577026869847,-0.6934191567339352,-0.22710537214978613,-0.49543143506856474,-0.1708449366933679,-0.3267948584873509
A,0.0,0.0,0.2687880737936963,-0.1797303467493258,0.4719543244210598,-0.48687578850741886,0.4548945793137919,-0.7708615889063226,0.3685029013713037,-1.0,0.19366655960775836,-0.7493621919642302,0.19311392591235868,-0.9641823424692899,0.21785314337131284,-0.7489149733322229,0.24561822743189127,-0.5496527743085141,0.0,-0.7034869548327773,0.012002030170418768,-0.921485684287618,0.06907225001306007,-0.651648933608659,0.11815701002188284,-0.43595109102898316,-0.1811027610730295,-0.6249772806203606,-0.15705424715044786,-0.8240280184158096,-0.06891652672525042,-0.5454756144096712,-0.009610054676890993,-0.3432131943477218,-0.36155614063806496,-0.5080090765360675,-0.31341231827038735,-0.6856638206147605,-0.21961442822544955,-0.47751191063652804,-0.16240935939122036,-0.3115095030748685
A,0.0,0.0,0.24021688755985018,-0.12982294927491733,0.36032384376902277,-0.313812058958427,0.32691857898137666,-0.5010195552148672,0.23990509350793507,-0.6753102105041355,0.2035042471923571,-0.8553635445820097,0.24501498779297495,-0.9887536985645022,0.29342961267520845,-0.7576890930211991,0.3266045896980111,-0.575302214327408,0.0,-0.8513735583550416,0.08640534725825368,-1.0,0.13595540136509532,-0.6743891638141132,0.185481452855954,-0.45599635551260387,-0.1969567158087066,-0.8172208179211878,-0.06400071089960623,-0.907084336934365,-0.014533313284604613,-0.6116441380027281,0.03960426325289939,-0.3891910811876372,-0.3963435183449267,-0.741368120353101,-0.2505958560227801,-0.8402702744034164,-0.17965798051405243,-0.6364516849665749,-0.11253002792873398,-0.45443393598254656
A,0.0,0.0,0.2685257347778993,-0.21518529082914803,0.43034839750501797,-0.5050736197777976,0.39964896898896457,-0.7893662500712804,0.31736641804883786,-1.0,0.18752034920802865,-0.7373896850402235,0.15194956819732663,-0.9627219128501489,0.18476628867146916,-0.7531849603988855,0.21747760464754087,-0.572960303412372,0.0,-0.6800385093654697,-0.020308644560071573,-0.8994731887545003,0.05490702774035914,-0.6473271601321695,0.10111813325541348,-0.4545971188027033,-0.1728854503973786,-0.5993874337182549,-0.17279145658265394,-0.8157454317239239,-0.07199296538842781,-0.5619929422691194,-0.018487519930669973,-0.36575801378739886,-0.34512498321971313,-0.4900176253121944,-0.31924324039901997,-0.6872982034778419,-0.22210887072545982,-0.5126401176457851,-0.1694475077708573,-0.3549310360548754
A,0.0,0.0,0.2597224138595681,-0.22022139052216666,0.44021519317956265,-0.5148779878619228,0.4225176867224295,-0.7810327608649252,0.3388040898203546,-1.0,0.18782870909695332,-0.7477718267144479,0.17048219299216608,-0.9628907480949297,0.19273778116677684,-0.7534660136930913,0.2134801589524767,-0.5639280563294699,0.0,-0.6956583662079074,-0.00563303829513308,-0.9090832103582677,0.051322051711579074,-0.6481610441331244,0.09529153629572958,-0.4411659653340987,-0.17534880069470965,-0.6161767353914623,-0.17276674511779133,-0.8252030921855141,-0.08799815530758527,-0.5690596387355253,-0.03345078961601084,-0.3707923971030574,-0.3513955861951873,-0.5014623597281402,-0.32604299998905867,-0.6988564600731659,-0.23644891804068532,-0.5197124189007805,-0.18378201423500487,-0.3578566277924084
A,0.0,0.0,0.26330840925286353,-0.2044059790766044,0.4499489756101649,-0.501701255428894,0.4271168405140096,-0.7790304716991979,0.3382108796267602,-1.0,0.18958540348782993,-0.7400267853199022,0.16930865220589703,-0.9516591867254589,0.19084879657367396,-0.7450047792156553,0.21902892897167445,-0.5534844067752962,0.0,-0.6888548469156112,-0.007126457706592049,-0.902446884718223,0.0509374597861723,-0.6458916495731601,0.10040341296445898,-0.43978961046728654,-0.1752155655483319,-0.608450745297013,-0.17390062900960604,-0.8165187618671357,-0.08519832635076417,-0.5566614730059316,-0.025154773448320015,-0.3591310198641688,-0.34970702080938876,-0.49139296536077337,-0.3249019762931125,-0.6855766833645328,-0.2343899068579252,-0.5006043968438312,-0.17830517341547095,-0.3396897254846195
A,0.0,0.0,0.26830484987850084,-0.20009097492869884,0.4579927321687553,-0.4972530705204686,0.4349426884446693,-0.7770993763516781,0.350656644984287,-1.0,0.19240382697486283,-0.7353431086352289,0.18125347644423045,-0.9464734453776881,0.20857748687798136,-0.7280667110919078,0.23538919330371225,-0.5359041996686862,1.9391836497624894e-17,-0.687607219791961,-0.000651604156157161,-0.9025574777216726,0.06421013782505894,-0.63733053581484,0.110684480308059,-0.4341211928826201,-0.17646960281202193,-0.6080331254680661,-0.1719097312699691,-0.817973797996071,-0.07833264524828612,-0.5481385392651161,-0.022645734464008603,-0.3523193068272676,-0.352522966076355,-0.4922387445877144,-0.32326941920745944,-0.6856703239054875,-0.227259139553704,-0.4920655756565921,-0.1736234230590186,-0.3305812061505685
A,0.0,0.0,0.27168051995999365,-0.20003600990401607,0.4644445665850954,-0.4986549092121719,0.44747573337644747,-0.7746578973798707,0.36101841166869136,-1.0,0.1980426791074632,-0.762974547416985,0.18716859864845017,-0.967607857770129,0.20708784290681498,-0.7477196049970948,0.2337078498188767,-0.5447115949924186,0.0,-0.7142029174788805,-0.0036391779652865503,-0.9210069383031935,0.05074620728519362,-0.6550039173546108,0.10412869762137798,-0.437482822801121,-0.18575452788786903,-0.6321483749217417,-0.182761470743289,-0.8314739520795335,-0.09562835625706209,-0.56009572919486,-0.030849774037335662,-0.35193450379172175,-0.3699743422997211,-0.5128628921673724,-0.3390702851047776,-0.7030296553392434,-0.24831150312060155,-0.5079918925181112,-0.19124588076993948,-0.3387774686120161
A,0.0,0.0,0.2634648993534136,-0.18093688777018138,0.46194600292948673,-0.48871955639126163,0.44672953182513236,-0.7733838127439466,0.35391982980928766,-1.0,0.19587017707534427,-0.7612372905706297,0.18660455086098032,-0.9649901192801523,0.20734466329152074,-0.7391581319929809,0.23568401005740197,-0.5373901515785086,1.0219477502596075e-17,-0.7116300538064021,-0.0027306166461582926,-0.9171626683573826,0.051304069655823,-0.644689639371823,0.10137185809560355,-0.4352083402070824,-0.18467980787010646,-0.6294499222924707,-0.18053787184157816,-0.8258718064353578,-0.09431654464076343,-0.5491949890752913,-0.035317179450923435,-0.35015653928051127,-0.3686770355425049,-0.5114930776355698,-0.33888317159619746,-0.6945237301513053,-0.24706356913220065,-0.48971914151014756,-0.1919922128849767,-0.3242230450492024
A,0.0,0.0,0.26744381866889555,-0.1836615366202438,0.4706400076345643,-0.49529664812581065,0.4592909948305404,-0.7796329603405279,0.35597470895697286,-1.0,0.19275124025820534,-0.7606735843524767,0.1827950631027164,-0.9619374431840962,0.21385542963748225,-0.741650742740946,0.24582949853427674,-0.5394520127633565,-1.0324839726546237e-17,-0.7091706139964191,-0.0024627290238143987,-0.915704063798428,0.062357515493243705,-0.6483722931295554,0.11565269364345127,-0.4350973650796062,-0.18094082355401658,-0.6256643992075501,-0.1803392129718745,-0.8202282734022519,-0.08257241424263904,-0.5476847594461578,-0.016404817893531713,-0.3469593269353374,-0.3631849148267375,-0.5059905067453594,-0.33601299661268097,-0.6810845190575813,-0.23638204865769186,-0.4816842501534267,-0.17324329657568358,-0.320199561067807
A,0.0,0.0,0.26965111029961564,-0.19166484933007155,0.46216048189817155,-0.4950125006029286,0.44123443447039723,-0.7777562693673512,0.34796046824369486,-1.0,0.19379602559234332,-0.7355047780208405,0.18309861834146307,-0.9588063113116968,0.20060112428718088,-0.7469094618978999,0.22707659122201043,-0.5450084751442531,0.0,-0.6860084798709123,-0.0003036190748848465,-0.9117472742959728,0.052594369580540146,-0.6465228537765169,0.10185315731464963,-0.43058153114515496,-0.18285858390770082,-0.6049148308716061,-0.18075275927907605,-0.8248320086489166,-0.09362735765652903,-0.5549809547131541,-0.03146769854339004,-0.3513259947442631,-0.36599636491431864,-0.48746852965393933,-0.33860043595201883,-0.6875392827860116,-0.2469605665049896,-0.4938344636567195,-0.1885011336097961,-0.32619725954914747
A,0.0,0.0,0.2648345193404452,-0.18347742257577612,0.47185416488700727,-0.4879177403304355,0.46787611726989803,-0.7743482020396718,0.36862130973252244,-1.0,0.2027424285291472,-0.7551947311190609,0.19138733538614372,-0.982218463293751,0.2140080347220203,-0.7622599109361652,0.23910211908386322,-0.5564007832817116,0.0,-0.7056838428495134,0.00038576074141240285,-0.928839316540256,0.06281390960071279,-0.6606596330719077,0.10854609675131865,-0.4458938413691015,-0.19010279823552237,-0.6222683229554793,-0.18718489110014394,-0.8480811771285526,-0.09029509962826816,-0.5751067490403705,-0.031265429461092925,-0.36663771734662715,-0.3806205249641081,-0.5032966312988078,-0.3517197817746195,-0.7107321991355608,-0.2540144616435604,-0.5201179356205833,-0.19968312077659883,-0.3505977147221639
A,0.0,0.0,0.2709430219713465,-0.19937115324462332,0.47296960601967775,-0.5048706349927122,0.4548530393217825,-0.7835971752946728,0.35018844267975185,-1.0,0.195043469975995,-0.7484837570800497,0.17091164684782,-0.9770034957592687,0.20031778338324324,-0.7634121462330042,0.2321464979694176,-0.5654723050403482,0.0,-0.6943732210054027,-0.015130914890677121,-0.9188869786535553,0.05230079749979712,-0.6584692647722983,0.10744007864848791,-0.4509813931896969,-0.1812252745573713,-0.6091175739196535,-0.18879568908075622,-0.8278379128011485,-0.0937390674599432,-0.5603167142849566,-0.030361635418868212,-0.3604696750366067,-0.35961095025962203,-0.4888167689603028,-0.3434655767636436,-0.6854730968182279,-0.2508472541578173,-0.49603861381388886,-0.1942162139499417,-0.332754471456893
A,0.0,0.0,0.26542141916768475,-0.1817522998162525,0.44804823072221506,-0.49621735049614524,0.4296866123485907,-0.7765663519957774,0.35004206006955774,-1.0,0.18696472915025125,-0.7515718832826195,0.18010045061991384,-0.9596771781968266,0.20152699951920133,-0.7601473663270083,0.2277868653127146,-0.5697922464514025,0.0,-0.6982551132774434,0.00011017914836119048,-0.9089378706854817,0.057871761333689056,-0.649038658073345,0.11279653590089402,-0.4464978464169577,-0.17744101736853715,-0.6138255607061083,-0.1777157611086874,-0.8175814223658838,-0.09582805202320696,-0.5521823563827206,-0.03693187316438623,-0.35788878879107844,-0.3571826980599011,-0.49716476856276176,-0.32992214779755613,-0.6846706932883475,-0.23998694333811524,-0.4935314336114526,-0.185103752615672,-0.33467271033071744
A,0.0,0.0,0.26796876030492406,-0.19518377784482244,0.4651795932682022,-0.4995859774815319,0.44938775381027574,-0.7797956993006366,0.35463814807719657,-1.0,0.19948878940815817,-0.7491957031476844,0.18393650116221635,-0.9621457378853562,0.2021374721275853,-0.7518688721559424,0.22902612146518309,-0.5567104900950828,-1.0636365965373343e-17,-0.6994222174397229,0.004626389864245232,-0.91028899113301,0.05752430561038618,-0.652778770041033,0.10403751456764546,-0.4470781145407229,-0.18453790411211002,-0.6133231688069801,-0.18060063555107642,-0.8224818562630505,-0.09428850298755105,-0.5570116257547242,-0.034989480604255704,-0.358838725575076,-0.36696951363892155,-0.4896674288500861,-0.3375069228269987,-0.6821687437740223,-0.24394319019949712,-0.4913578703260077,-0.1869844929522092,-0.32778464331515517
A,0.0,0.0,0.2648255526432806,-0.19143604943775697,0.4596703688076419,-0.493465018901921,0.4422418008383111,-0.7766417108666656,0.34569043132608357,-1.0,0.19521927820801513,-0.7478362518779599,0.16581553463883292,-0.9620909501935522,0.1880228183212468,-0.7493588460652937,0.22175217883865875,-0.5532084178956046,0.0,-0.6960956959966526,-0.012172774466915996,-0.9060815229726942,0.047097439887872045,-0.6378885109811717,0.10020929102970091,-0.4309138391949537,-0.18185169756769176,-0.6086126056407001,-0.19518976259567883,-0.8094413122602765,-0.09815779393073146,-0.5392029700933114,-0.028535336854584804,-0.3451464162028265,-0.363855738549316,-0.48310524936811927,-0.345434762154077,-0.6679650321064358,-0.24222039109213345,-0.47762953258902985,-0.17577909724811389,-0.3210859002686552
A,0.0,0.0,0.26555993042579495,-0.18659428277027312,0.4545972312691195,-0.49210883850871845,0.4312671103669724,-0.7755388501020224,0.3427029232167988,-1.0,0.19885006575702907,-0.7428510707920242,0.1727876554805286,-0.954190261071123,0.19324514206610363,-0.7428030403745367,0.22124433383479603,-0.5443769244036397,1.0775947449097228e-17,-0.6921417527307347,-0.012186133875523558,-0.8991924531352777,0.046809732337562124,-0.6350576637474555,0.09647788219082498,-0.4275820416227316,-0.1842306762139895,-0.6059615120338118,-0.1961699537838599,-0.7999514828390507,-0.10109250658725466,-0.533602727314416,-0.03669713384370675,-0.3415821225023518,-0.3680819453463334,-0.48391158647122035,-0.3546013732468361,-0.6667096908338882,-0.25417597180703433,-0.4751015610121028,-0.192654022516582,-0.3192464645821887
A,0.0,0.0,0.2618361590089599,-0.18476846673737576,0.45856837837514985,-0.49478052435245123,0.4397173836329623,-0.7780567027207874,0.3400116772060278,-1.0,0.1983833483973766,-0.7394107375543069,0.17294183347345363,-0.9567106489728242,0.19572055303388122,-0.7446509178314087,0.22893209598447786,-0.5497305895025969,0.0,-0.6905481321950497,-0.016334002420978173,-0.905431948497071,0.041716544621799606,-0.6483645530912959,0.09793020299000897,-0.4492543485540547,-0.18363128683964286,-0.607774672552547,-0.19742466082037766,-0.8101175473873115,-0.10614020611786444,-0.5459114710937403,-0.0380786148381891,-0.35765162612535734,-0.3645246676753345,-0.4922602992038346,-0.35077334373955743,-0.6700621938193978,-0.25558376495926377,-0.47168086616201715,-0.19353768003034347,-0.3129146015711057
A,0.0,0.0,0.2618001186921468,-0.1948407408140479,0.45698386486405285,-0.5005995725795391,0.44944024242820335,-0.7786568780578788,0.3600765008516305,-1.0,0.1997034085526499,-0.7507886969945707,0.18413387920176918,-0.9697506196285766,0.20158990509778432,-0.757374317690546,0.22432645024979886,-0.5613920403852034,0.0,-0.7041295059577116,-0.00040945031475292756,-0.9222535887789819,0.05242903622535497,-0.6542793546089037,0.09556763410283231,-0.44495256705112474,-0.1851183525061467,-0.6234398281417939,-0.18586982551294107,-0.8265390231039815,-0.09782427426974286,-0.5547004751271645,-0.04213247509296312,-0.35717555444594307,-0.371572339387639,-0.5092792474187289,-0.3484634231677189,-0.700422446863877,-0.250943619492398,-0.5081140382161918,-0.19686751817368292,-0.3496914154026686
A,0.0,0.0,0.2674255738573218,-0.19477481165190946,0.45965612520969623,-0.5002241287941411,0.4305376902284689,-0.7797847810654674,0.3266355313183022,-1.0,0.19379319793324587,-0.7460118268283226,0.15618557921586157,-0.9620151061559593,0.17479588220919823,-0.7578957479881008,0.20978547282511972,-0.5645724843216623,0.0,-0.6941866305085382,-0.020258392240303076,-0.9031223663212476,0.027734826909697634,-0.6450420398742114,0.0811850081405934,-0.438416245844421,-0.17839985997101332,-0.6115224369776778,-0.19648358458043283,-0.8143741857916312,-0.1157484400992406,-0.548709085199181,-0.05029519612931836,-0.35134318023455574,-0.3537632629322667,-0.4921183243179165,-0.354746806068584,-0.6711418854147885,-0.2655614624916879,-0.4739069176511389,-0.20023706079428888,-0.31298949621770783
A,0.0,0.0,0.26055373002633103,-0.19777308225481322,0.45193948921064997,-0.502786904403625,0.43417732435948536,-0.7839440093563426,0.3361412354237462,-1.0,0.19779903940985646,-0.7391672757063061,0.16456804623280355,-0.9535667007413561,0.178966592480901,-0.7472202247073726,0.20843958700466034,-0.5552912308214549,0.0,-0.6885437860363408,-0.016371164330261746,-0.894100993487223,0.035298869087478486,-0.6390322409438961,0.08681516430218929,-0.4387460946005293,-0.18128534364982088,-0.6053204484602412,-0.19832391724182366,-0.7960498424760742,-0.11367883042356354,-0.5349261345984917,-0.04907509097554394,-0.34750615154672143,-0.3579463189197022,-0.4865581210496619,-0.34688295699593347,-0.6705326727802455,-0.2601081118487707,-0.4762206287323367,-0.20288221917165586,-0.3163641215823869
A,0.0,0.0,0.253730658631243,-0.19679968821560914,0.4423186716602639,-0.5057069659255923,0.4297003688193243,-0.7831813723294061,0.3228380714175937,-1.0,0.18992897779188284,-0.7468974999934843,0.16112265687715252,-0.9550929309638984,0.16998536862764496,-0.7562698833002358,0.1961374815320854,-0.5612289241267628,0.0,-0.6995007413347732,-0.018208535564702196,-0.8982223029812091,0.02223810201875842,-0.651223396940836,0.07402877738573939,-0.4466718058754075,-0.1783173919979559,-0.6195899040887204,-0.1959648333857301,-0.8117222530175909,-0.12092234245947155,-0.5562145561068133,-0.05616970908596863,-0.36250657535532627,-0.3558326619876021,-0.5044422985033035,-0.3458458324641281,-0.6787976772797837,-0.26324329450121764,-0.48495319552531646,-0.20321402990104967,-0.3224159119799625
A,0.0,0.0,0.2591827051996851,-0.19143862004066706,0.45291581651324836,-0.49206174092534405,0.4385450170932815,-0.7724485086216921,0.34798352377481534,-1.0,0.1993786176371861,-0.7464236623473293,0.17039100010711258,-0.9701305984098394,0.18255941276453738,-0.7628768682876834,0.2070660778887572,-0.5670724778299888,0.0,-0.6975200199359235,-0.013307961046349393,-0.9151550792058568,0.03727528208736464,-0.6547981265048595,0.08463088560491756,-0.4497068024392976,-0.18336817183560372,-0.6152441677642767,-0.1983354500900955,-0.8260839220724183,-0.11419048577121874,-0.557222336481182,-0.05434512401716566,-0.3597299340984731,-0.3651862409540695,-0.4985705426254311,-0.3550149984849222,-0.6904823309257442,-0.262331012692333,-0.4971440403692408,-0.20283861083181529,-0.33401488098475585
A,0.0,0.0,0.2509719932916692,-0.19927473773758078,0.42541464850198535,-0.5057324509461552,0.4047119722521208,-0.779887797378727,0.3167633174801304,-1.0,0.1771818316941908,-0.7405533666408276,0.14696072140703847,-0.9543242109480801,0.16231605908553373,-0.7776308515636422,0.19557663395382086,-0.5899792135462523,-1.0833305444928645e-17,-0.6844717524995388,-0.028389133407608316,-0.8880839179516425,0.020944357122246314,-0.6509731309288467,0.08575002654209708,-0.45376116656016185,-0.17110409608149635,-0.602648453141056,-0.18847941736050708,-0.7864334785623477,-0.11698698852899693,-0.5395704953595536,-0.05123948742829715,-0.35644968224306633,-0.346765482989602,-0.49083454065227466,-0.3343963337306166,-0.6634149114118807,-0.25868364086570206,-0.47693845421490305,-0.20246776215649057,-0.32371031004341305
A,0.0,0.0,0.2609589421905824,-0.20389412958514253,0.4521922731216354,-0.5017660387570131,0.42695034451927505,-0.7801309712893305,0.32987081572110644,-1.0,0.19363360599256585,-0.7382151992302117,0.15200080241029654,-0.9569743164760414,0.1685809116929337,-0.7636843199055615,0.20345202848552826,-0.5709628043096134,1.1044169535271743e-17,-0.6858009539291706,-0.032422749968659424,-0.894890168910107,0.019482297039640894,-0.6507589933955824,0.07862689313188698,-0.45276143412814496,-0.17881051410601279,-0.6023221263017833,-0.20822603658106936,-0.8120448405118778,-0.12541737704885836,-0.5556285881397363,-0.05540228363790297,-0.3637533795296841,-0.35472144535968875,-0.4825195500182848,-0.35460408503036056,-0.6665791478179326,-0.26616975337297544,-0.47812315637737207,-0.19989275843008641,-0.3186858265610839
A,0.0,0.0,0.2514824625141729,-0.2057915786234379,0.4326658817611982,-0.5066085939088931,0.4081292851905343,-0.7851102011918462,0.3208164395598697,-1.0,0.18645808704076938,-0.727348305463416,0.1482264949477555,-0.9486097813830009,0.1641495412605039,-0.7533460701504565,0.19151647398578292,-0.5692584006224701,0.0,-0.676341395796194,-0.023306667021064025,-0.8882000214502422,0.02903535512363088,-0.6408595789823344,0.07573292955600716,-0.4497298544896181,-0.1714751972414479,-0.5956247371881009,-0.20030032846726814,-0.8006672014586408,-0.11535956215962848,-0.5469077218991559,-0.05366394370953684,-0.3643416061315192,-0.3453771870068044,-0.47928305173457086,-0.3474745025921065,-0.6622146845571809,-0.2538030603650582,-0.4776819100572119,-0.19030318195652968,-0.32718093174105023
A,0.0,0.0,0.25527992826839063,-0.20315593352877856,0.4488469982893478,-0.5079013796360312,0.43574372220391316,-0.781358426866503,0.33790839031634456,-1.0,0.19176770352495115,-0.7503934723879221,0.15781385782101304,-0.9598290949861029,0.18054422694155953,-0.7790483166461067,0.21056615867213507,-0.5966887610389529,0.0,-0.7008110212386107,-0.02156952199488169,-0.900769317127425,0.03550871823464847,-0.6567455461585167,0.08576166016346728,-0.4622072135275396,-0.17907136267545642,-0.6187648468493212,-0.2005799844037582,-0.8251940221246026,-0.11408188154138496,-0.5724411216094819,-0.05391458455255211,-0.38302285384765783,-0.35979844352572105,-0.5001516063216228,-0.348605695203202,-0.6757835684467811,-0.2549414687664414,-0.49259030681480886,-0.19494032762559085,-0.34052033887910776
A,0.0,0.0,0.25363720173178184,-0.1928093931359412,0.44458633471237347,-0.4954646303539003,0.4283907643457209,-0.7747510755536096,0.3337876399587582,-1.0,0.18970459238870166,-0.7435909414847729,0.1551617258070095,-0.9619963781672887,0.1749337699898358,-0.7735673629456854,0.20438341917479955,-0.5859060822194352,0.0,-0.6960737346530949,-0.024511989222845604,-0.9037111490026946,0.027958033023200605,-0.6582821409422698,0.07782364258434775,-0.4611171640473548,-0.17569153484127994,-0.6153124190548699,-0.20393156924420025,-0.8257178413772653,-0.11885210032775527,-0.572544357751492,-0.05343130547242159,-0.3808748552979735,-0.3521331691334505,-0.49585545583382923,-0.3527684918507271,-0.6848572227943205,-0.258381596526327,-0.5019774105075872,-0.18972245473192606,-0.34336092675497726
A,0.0,0.0,0.2620294808332827,-0.19938598686260325,0.4590579750161629,-0.499989679835661,0.44308993840617533,-0.7787355246974134,0.3460346410068635,-1.0,0.19599454327139515,-0.7481924503918519,0.16661022617867896,-0.9631957672323409,0.1909565245173564,-0.7807579313304133,0.219993585310187,-0.5942140373112522,0.0,-0.6982535338803187,-0.01733343250450228,-0.9141919012405235,0.04064045960626151,-0.6706897110226584,0.09075361026871424,-0.4709940438340506,-0.17981805609088508,-0.6146380764781146,-0.19100037597720004,-0.819864396886469,-0.1018402820831424,-0.5731373817443501,-0.039707416321078506,-0.383356534855697,-0.3588823628101945,-0.4922069955921776,-0.34151259737751993,-0.6888104566519944,-0.2462257567312848,-0.5134946773862155,-0.1846679630268066,-0.3553370379042757
A,0.0,0.0,0.25546441301277206,-0.19381361451599224,0.4537715961999503,-0.4981769286185418,0.44733077809160926,-0.7747176208624024,0.3623146507406501,-1.0,0.1914915554280089,-0.758473337241492,0.16977138712696319,-0.9703247117302901,0.19505735061483417,-0.7805650258931399,0.21963988975866722,-0.5923269243085949,0.0,-0.7092109664178539,-0.014870277955860411,-0.9231734538625169,0.04243441697431409,-0.6788573860349091,0.08854804602238642,-0.47886026035113666,-0.17750672664984854,-0.6274532186187841,-0.19137510929678112,-0.8293324831731735,-0.10139049300913568,-0.5830063639764348,-0.03917152915535483,-0.3917297910890545,-0.35612725149297825,-0.5083431346766778,-0.3432504012024386,-0.6958840816586137,-0.24754770266213463,-0.5209009568078639,-0.1834300908448788,-0.36521699116281475
A,0.0,0.0,0.26766841976164407,-0.19887264025745383,0.4719287121573975,-0.5000534554985405,0.4593815657780445,-0.7743234357632354,0.3751521642179799,-1.0,0.1922014123634984,-0.7505850454533137,0.18179524890226867,-0.9727956053896525,0.21498802898477012,-0.7845778522206646,0.23757451588075554,-0.6015615738016912,-1.19138343549252e-17,-0.7026762801185995,-0.0029018952644720517,-0.9298224039926666,0.06041710839647864,-0.6865363905407655,0.10141731224264912,-0.4911533865636851,-0.17904313397776958,-0.6250777142725596,-0.17907237669896336,-0.8405998837246201,-0.08858578585683599,-0.5936186996801393,-0.037604665217876955,-0.40401628042492727,-0.3612316752764023,-0.5109057433941918,-0.33751638311122234,-0.7083734468278369,-0.2437918686530541,-0.5291934034339076,-0.19205607883158146,-0.37211576036267374
A,0.0,0.0,0.26337110863544555,-0.19904222004883168,0.4595415780447245,-0.495798536818511,0.45312256736789325,-0.7683821947280909,0.37392826652932437,-1.0,0.1973443092844606,-0.7680397678240445,0.1910958117710823,-0.9753530494463173,0.22243502920435643,-0.7832665441932589,0.24374190695246264,-0.5892029658255254,0.0,-0.72183156304219,0.0026409402454248055,-0.9373603585551596,0.0553444055757369,-0.6952904180591539,0.09242038044391832,-0.4881712444907031,-0.18754827349668712,-0.6400608977613775,-0.18264559615387313,-0.8501004211029475,-0.09966291709517928,-0.6033672571530114,-0.04854191940446697,-0.4034839708938085,-0.3759878007855435,-0.5192931315384673,-0.35016466961291576,-0.7144931667521018,-0.25856195363631385,-0.5362727882503716,-0.20421243431894037,-0.3723663466134085
A,0.0,0.0,0.26284871685921807,-0.1925874449009973,0.45925766561303755,-0.49683836684637367,0.4474776680541089,-0.77258954755803,0.35673913594028034,-1.0,0.19034261514415446,-0.748623704255481,0.18001592592464155,-0.952952981054133,0.21101580881821375,-0.7646055680116561,0.24048346813119262,-0.5769869630820095,0.0,-0.6916748957337585,-0.005479383385835503,-0.9114952714667862,0.05240130191846457,-0.6764193086228399,0.10217750332916163,-0.4727983370788646,-0.18099464755195174,-0.6043244122688334,-0.1833756026100863,-0.8166542651743582,-0.09259590430891053,-0.5735309063421006,-0.02910233176081463,-0.3752442852518165,-0.36327866933841846,-0.48159186626468464,-0.3397639286699316,-0.6751311002485333,-0.23909572306150562,-0.49803562932064743,-0.17201244311055905,-0.3341006192864732
A,0.0,0.0,0.268277864044703,-0.2046928170153726,0.4563722318308959,-0.51045211652552,0.44200473531669876,-0.7757453117845822,0.37730026940293215,-1.0,0.19306263468247584,-0.7605351983755972,0.19376529923415628,-0.9750798497217533,0.2300064646946179,-0.7807052457627446,0.2541545170759621,-0.6010843340698574,0.0,-0.7114712367958407,0.011000504660419776,-0.9226774469591382,0.08278502584856451,-0.6699517528980466,0.12798323537668974,-0.483265571491545,-0.18457740138856524,-0.6298430451161189,-0.17282261356734432,-0.8395122333037128,-0.07851211585426261,-0.5816924753802574,-0.026311972868148393,-0.3955580744732147,-0.3726272465840738,-0.511886898424868,-0.3279695123208643,-0.7045091309555132,-0.22941951766853902,-0.5191308122823769,-0.18488076175011853,-0.3607518908207599
A,0.0,0.0,0.25650785591883185,-0.21125214350120106,0.4463422615863467,-0.5188184416033325,0.4328745233042163,-0.7789391137606743,0.3515705975545332,-1.0,0.19575919359496982,-0.7752306544845661,0.17981907980788583,-0.9623685384517947,0.2064302290408572,-0.78439146343212,0.23188321656954367,-0.5956381757380067,0.0,-0.7205903769649913,-0.005959565453511196,-0.9179674563184945,0.04189237561718304,-0.6864037480085836,0.08506270989764689,-0.477477238399289,-0.1834506704219908,-0.6353052307093418,-0.18114525546004603,-0.8156436508761019,-0.1044719614170958,-0.5773338770941854,-0.04920841663818449,-0.3813995170962365,-0.363527458345332,-0.5128170660044963,-0.34596940806624205,-0.6871965469202073,-0.26102108013904396,-0.5065839769862,-0.2042660727107625,-0.34636282345515246
A,0.0,0.0,0.255509613333383,-0.21763776121926098,0.42918242316380123,-0.5201424914897925,0.40974036781708767,-0.7799344857424257,0.33296827903664844,-1.0,0.19033832484231997,-0.7472227122532037,0.17289655407560173,-0.9424742525596493,0.19776684731398544,-0.7677260426813378,0.22170172844336639,-0.5824990866273697,5.955374137960835e-18,-0.688895273569764,-0.0075032749123237945,-0.8891677317735287,0.042948866545959655,-0.6651255481925772,0.08756412089407009,-0.464658065018105,-0.17873719725663598,-0.5991582311233983,-0.17845584766547137,-0.7922848024782132,-0.10533599875649471,-0.5530016776061477,-0.05699888134004765,-0.36166841431856167,-0.35708226122579173,-0.47332893523362707,-0.3411664102898033,-0.6582868483487652,-0.26195600539126107,-0.47506822062431625,-0.21428299449874383,-0.316014466007288
A,0.0,0.0,0.2659937259418896,-0.20755991571836602,0.4508797383692734,-0.5116279896849112,0.4359437027121736,-0.7762083005730122,0.36555794635454303,-1.0,0.1989599247478728,-0.7562875423856107,0.18863854392510196,-0.936875853419336,0.21685151201400288,-0.7572299558498439,0.2423492931466778,-0.5697029862192515,0.0,-0.6983436499352154,-0.0017762567747681719,-0.8934182228633626,0.05635647461969596,-0.6607107755574154,0.10324625353076107,-0.451105897903375,-0.18561947099203907,-0.6067300779628779,-0.17697211844781427,-0.7928394071429993,-0.09373652284693078,-0.5443768148927879,-0.04014066587227605,-0.345742256156813,-0.3668740811789373,-0.47810776200255334,-0.34297429334705304,-0.6572653079857677,-0.25784099292644985,-0.4657932318041608,-0.20635541624220502,-0.2995555858042149
A,0.0,0.0,0.2669558096030498,-0.19566261762951945,0.45635205556520575,-0.5067675239072763,0.4265378567811695,-0.775111661496126,0.35049425987507743,-1.0,0.19817445643883033,-0.7517345166912176,0.17388953355331938,-0.9418965490279188,0.2024372653622311,-0.7662126859162227,0.2352653450731515,-0.57719298977362,0.0,-0.6936566158233962,-0.0089362026524406,-0.8947772120787878,0.0409918602203053,-0.6608612898911965,0.09122158026270578,-0.45343776762269533,-0.18383459728254453,-0.6035741882909913,-0.17612648382215895,-0.7923111104191981,-0.10313884440259573,-0.5397679514777715,-0.04770754532652535,-0.3428893565369307,-0.3628632421572414,-0.4749273949980915,-0.3429628806226668,-0.6518780930618143,-0.2595769999873397,-0.45625524024684805,-0.20195942014691864,-0.2928950336276359
A,0.0,0.0,0.2716934859005797,-0.20226832833147668,0.46346998346970153,-0.5090876086224968,0.44340628113414665,-0.77956287435319,0.3626390764884078,-1.0,0.19910612678743161,-0.7607346600383859,0.18427212230572312,-0.9518882385481119,0.22109307463460348,-0.7654902561356708,0.2537513705394568,-0.5758817424112171,0.0,-0.7028396521400235,-0.00038566266110485505,-0.9051102439579278,0.05894530580280075,-0.666697744120692,0.11086629052782011,-0.4606774906147892,-0.187247897900107,-0.6093719443228707,-0.16703561881245624,-0.7920778764907731,-0.08633049875299773,-0.5382566633666701,-0.0323385842551533,-0.34146425190608254,-0.3713798724804027,-0.4763098287652406,-0.3416203388760668,-0.6584444053590576,-0.2530293740863293,-0.4708997633352524,-0.19714106976301338,-0.30769124722300695
A,0.0,0.0,0.27639628624598456,-0.19403478256584306,0.45986464143427186,-0.5066370254229673,0.42185633795391375,-0.7804503063341468,0.34333062958242616,-1.0,0.20241205447980867,-0.7568562748735579,0.17001165373892888,-0.9494809890820477,0.20439718208315713,-0.7655921862543638,0.24737259751906057,-0.5717366818337635,1.5667965284763632e-18,-0.6961231356858287,-0.013996555768463868,-0.9045284007806305,0.04165338010131819,-0.6637955930743271,0.09927430108267664,-0.452586433413066,-0.18617099737316872,-0.6057431199541152,-0.18708905415580956,-0.7921750302446644,-0.10832744723044999,-0.5340856624082618,-0.044669181966416796,-0.3397472276388951,-0.36842217458140797,-0.47682031524898455,-0.34787022388882566,-0.6557761133721106,-0.2658939704495561,-0.45723938454664564,-0.2064839065156368,-0.29684754871760555
A,0.0,0.0,0.2726342959245989,-0.18868892765987016,0.45584065538756763,-0.5035958273884281,0.41262303854454907,-0.7739931794532807,0.3416711972242707,-1.0,0.19737681537744411,-0.7559826980059515,0.17249513771992628,-0.9467886774408404,0.20726731500601783,-0.7673652145928755,0.24589941762843076,-0.5808817084033081,-6.144217858655631e-18,-0.6942364238645171,-0.007836123597452524,-0.8919895361269066,0.05550667085437725,-0.6591570696141278,0.11354626126280364,-0.4559514179703905,-0.18081643980677048,-0.6008189663227973,-0.1721668514170194,-0.7851196029057015,-0.08429263816232044,-0.5327938082930036,-0.021375425401301756,-0.3405389262024765,-0.35469876114863635,-0.46930894414945334,-0.3285920341403288,-0.6395611617013508,-0.2385477550380124,-0.4466147326483985,-0.178898752931119,-0.28897772623651896
A,0.0,0.0,0.2676506654510157,-0.18668418432900583,0.4586553706742656,-0.5003090624541923,0.4331138656577163,-0.7720967291252322,0.368386722385314,-1.0,0.19910532356905192,-0.7554930333318605,0.19331657943551805,-0.9578890049974543,0.22112876421220687,-0.7719804838991551,0.24704201410806084,-0.5788504387036724,0.0,-0.7023178507052866,0.007455857490205777,-0.9161251008046407,0.05646602680969894,-0.677439825142763,0.10264133405812996,-0.465500617068615,-0.18506456174177768,-0.6161307656809392,-0.16917119979160453,-0.8136129509879809,-0.09401289395182143,-0.5548407560528716,-0.03727237213811168,-0.3536736172363614,-0.3682511164570539,-0.49215898975608946,-0.335572897829688,-0.6662036991189396,-0.24819456977802723,-0.4767631437808629,-0.18827674831746202,-0.31689879672774685
A,0.0,0.0,0.26320023670606346,-0.2004882933743281,0.44334936174145434,-0.5079369698081782,0.4101600230390326,-0.7755080430185932,0.3433188077794258,-1.0,0.19835712521301388,-0.7517619700472344,0.17548500201032435,-0.9481051523368166,0.20238822625073585,-0.7655018763798144,0.23251280148056305,-0.5839341421434407,0.0,-0.6984040590299484,-0.007128370137804499,-0.9043342020562725,0.0425982071386224,-0.6672406091121922,0.09151262375117511,-0.4697946125732109,-0.18149133486291144,-0.6125174380104109,-0.17243087078801994,-0.8019643578706005,-0.09969692446489485,-0.5489539971602581,-0.0460690929040942,-0.3609729911246541,-0.3581764959704781,-0.48623591593265375,-0.33737518078266077,-0.6613399870245835,-0.252289317197301,-0.4682172577677528,-0.19404731873596326,-0.3134139639235695
A,0.0,0.0,0.2628517027957941,-0.2123980331766538,0.4445714885507779,-0.5174898567606764,0.40822187439240937,-0.7819101554614337,0.3354401588449986,-1.0,0.18926835377766715,-0.7552740066386459,0.16683035834341695,-0.9581489551532432,0.19694110913162716,-0.7719424900493814,0.23089574016783262,-0.584177039043294,0.0,-0.6990915464404651,-0.008122585259077596,-0.898293637994226,0.04965047285456282,-0.6592638233063298,0.10287131636462264,-0.4662834868917759,-0.1760126948024041,-0.6134927570923209,-0.17282352103066176,-0.8019234607718703,-0.1010227887643077,-0.5439752522235188,-0.04885666254079509,-0.3640990248495439,-0.3513263015431726,-0.4901810460366861,-0.32550632646757416,-0.653294725215769,-0.25321050707805204,-0.46121677754146384,-0.2089099812626,-0.31812326422771997
A,0.0,0.0,0.2642803664636338,-0.2137068453730361,0.4377119104782425,-0.513849071055689,0.3937894590336267,-0.7777407953042103,0.32433357224278214,-1.0,0.1929334665419689,-0.7481784141539022,0.15600943429622322,-0.9538124059148884,0.18162984926429646,-0.7746450633164725,0.2158555420058557,-0.5965864122443864,0.0,-0.6900681674224418,-0.018055803954342725,-0.8984146305119143,0.03060633764840683,-0.6676942739186911,0.08134566646785342,-0.47726942732423466,-0.17489814108499238,-0.6025030928747749,-0.18167330221749278,-0.8007678411365715,-0.1131283076353812,-0.5547537503746044,-0.05812939906100507,-0.37198309488513054,-0.3462192797239657,-0.47685719231833823,-0.33502256706511485,-0.6606945012253599,-0.25819723986066795,-0.4763372405486833,-0.20302912558317807,-0.32480250415197165
A,0.0,0.0,0.26175729139051823,-0.20147263128419468,0.44708377351475836,-0.507813432293194,0.4103952604306718,-0.7773916094994526,0.3478073735829305,-1.0,0.19430024278808267,-0.7565006412791984,0.17297689787771298,-0.9517571111329544,0.2147857063980126,-0.756680285427193,0.24898505898341214,-0.5916033724957885,0.0,-0.7028854783441801,0.003142428043411053,-0.9050306874021669,0.07214946718394004,-0.6586657070911163,0.11426615405074128,-0.48313331829163925,-0.1761335951171713,-0.6177099044894848,-0.15536215603718728,-0.8062136364319826,-0.07209184669126646,-0.5387028127221817,-0.030706948120060796,-0.363725912725785,-0.3501257960813596,-0.49592754965607505,-0.31316910210090065,-0.6731347437479557,-0.23231542662563373,-0.4810136760058024,-0.19560061065436377,-0.3365085484748713
A,0.0,0.0,0.2602599884658965,-0.20751684729250391,0.4304271704627606,-0.5089819585516094,0.38926443123504356,-0.7763478115371233,0.3371237977952526,-1.0,0.18376603315163387,-0.72755974582823,0.1466978227919307,-0.9367187845888876,0.18377025104917116,-0.7508400300452177,0.22607303627752193,-0.5768766068969751,0.0,-0.6729776716718526,-0.019908536836569766,-0.8897758851462577,0.04321028786274496,-0.6591662105878147,0.09752777526658309,-0.4723800751681233,-0.16969345414975817,-0.5890777689146566,-0.17024441993391543,-0.7969402524393875,-0.08725772411193786,-0.5409328917177666,-0.031299485004557766,-0.3574158636427229,-0.3354983685442002,-0.46746910351417553,-0.31566332918271434,-0.6515441305341959,-0.23380076214568196,-0.4644198236193906,-0.18271501901919757,-0.31415191849479013
A,0.0,0.0,0.2584455368388693,-0.20859548544592335,0.41534967382494886,-0.5161925565052238,0.3554461470214973,-0.7832959076471979,0.318431373575274,-1.0,0.18440184130385825,-0.7321052827345216,0.14070685885830525,-0.9276600652060785,0.18352883115239318,-0.7387988992780273,0.22876274384114698,-0.5715291501170413,1.141762914723191e-17,-0.6729127558719104,-0.02193967266088535,-0.875073719724285,0.04846328582434829,-0.644578871330526,0.10023357381067921,-0.46606156892429246,-0.1660196259758992,-0.5821785937755916,-0.1758778374301266,-0.7756889811577757,-0.08495448525551282,-0.527038009319326,-0.027875004987902213,-0.35375866919081694,-0.3276783992818387,-0.4544708115123743,-0.31670697466473124,-0.6306161470043001,-0.22520434831439004,-0.4514960946242529,-0.16954463979646472,-0.30969432380595535
A,0.0,0.0,0.2573570012063521,-0.20601779309135906,0.411830205893185,-0.5133957440411114,0.35232337314834367,-0.7806998987659193,0.31017652529278505,-1.0,0.18083605067080577,-0.7257683836238944,0.134174609105558,-0.9302054787930755,0.17227820895522097,-0.7416524440822968,0.21365178895293474,-0.5730135725814218,1.1435402515617398e-17,-0.6655893953415599,-0.02674842604033444,-0.8726329575030403,0.041710719199673646,-0.6369769972853601,0.0949460880899224,-0.45809148748684325,-0.16660968586238403,-0.5766666875797383,-0.18333894051634414,-0.773217540617262,-0.092920941143896,-0.5207398464065314,-0.03320260654385063,-0.34913744178332373,-0.33017463402644837,-0.45226699843248513,-0.3214008796868128,-0.6255439005515188,-0.23336708629368658,-0.44373086562749614,-0.1785443356139018,-0.30556481960309984
A,0.0,0.0,0.25849171206440064,-0.21891186568721077,0.4112140285196166,-0.5154868186846845,0.364500658653174,-0.778360110425533,0.32858030736898386,-1.0,0.18949390652840875,-0.7468976195712331,0.1386677280881133,-0.9464173974199919,0.17641536049394127,-0.7644797996691388,0.21816648176946432,-0.5971986066397442,0.0,-0.6940832326515416,-0.020731148077204897,-0.8823540758726997,0.04853026746131639,-0.6446185713214081,0.09865064545646854,-0.4663446623105926,-0.1714134057495822,-0.6083047837031762,-0.18102627627173018,-0.7928642812830662,-0.09497250475333127,-0.536674177421887,-0.04128547624933899,-0.3603568260959743,-0.3382872277555359,-0.48541338714839133,-0.32530067881017793,-0.651907891595472,-0.24005176019659985,-0.4655330900452474,-0.19071123471747134,-0.32478923412282695
A,0.0,0.0,0.24307682268497696,-0.2130897272422493,0.39439261031076034,-0.51825593452589,0.3442057276238475,-0.7813392560118355,0.3047564362647301,-1.0,0.17928803310868635,-0.7155710307076313,0.13616937060120368,-0.9260847815375038,0.1689537196778326,-0.7462552185438427,0.20789665307298597,-0.5777930277717371,0.0,-0.6599786568704507,-0.019331074304222755,-0.8732190984117073,0.038967495831917075,-0.646616891657146,0.08838660677418851,-0.4656905003282299,-0.16535782199696641,-0.5772034204317404,-0.17499580040004978,-0.7822412399877946,-0.09406244318430655,-0.536846421023579,-0.03720976509965858,-0.36038888700015315,-0.3287252629667783,-0.46017559478520015,-0.3155695777536679,-0.6333039234372984,-0.23106845160815812,-0.45704517080217044,-0.17604738186381777,-0.3173837365479621
A,0.0,0.0,0.24249855748292243,-0.2100035761080788,0.394779780145217,-0.517985591617335,0.35893056563606657,-0.780763436820555,0.32441682961781376,-1.0,0.18108544517079922,-0.7419269067544234,0.16144096869879507,-0.9428043928359506,0.1912771750250191,-0.7595824089880772,0.22106331934956344,-0.5859071214120826,0.0,-0.688866012046781,0.003732636244401248,-0.8912390928947268,0.05946145199006966,-0.6585763124591296,0.1008068930623338,-0.4713243412375435,-0.1671663410446855,-0.6079083866508879,-0.14760860542367077,-0.8057160009698412,-0.07401679015673548,-0.5574082429211032,-0.030732535021643033,-0.3745418229621666,-0.33178333576613284,-0.49187465890514953,-0.2893833416138088,-0.6672981835581696,-0.21460733403552662,-0.4830711120313748,-0.17583300434873864,-0.33455059841228507
A,0.0,0.0,0.24080269786131678,-0.21380077410954526,0.3946185786555178,-0.5174461018817602,0.35437880764157426,-0.7801023400865269,0.298062819871304,-1.0,0.1744168394257787,-0.7305135850486503,0.13100240439247895,-0.929324665103346,0.1598442633329907,-0.7582846067735545,0.2018402205236174,-0.5846465505285208,0.0,-0.668767904140858,-0.01761950570526441,-0.8728169523208986,0.03798020192840976,-0.6486947604558738,0.09028584334199999,-0.46254935895666105,-0.16279418721253391,-0.5809687021491592,-0.1565008991857642,-0.7674421552524847,-0.08270719076150469,-0.5259547826773407,-0.030282974317593983,-0.35056049738888406,-0.3248274955532174,-0.4598316413353935,-0.2959554918980027,-0.63818512597311,-0.222880153478705,-0.45859394936117676,-0.1799936646195235,-0.3148325148464012
A,0.0,0.0,0.24774423329994621,-0.20122911470123875,0.41606577625637914,-0.516187679175128,0.3886378885491364,-0.7797653778224143,0.33878494892735583,-1.0,0.17431790448136686,-0.7296445577355085,0.16256056909477512,-0.9328572580748993,0.2021015139135101,-0.7532368005600111,0.23817631129426683,-0.5782337661994782,0.0,-0.6711159149019892,0.0004957828256423609,-0.875693099895592,0.06532508053115951,-0.6418137079858468,0.11602005584204822,-0.4520232189081325,-0.16826874194757963,-0.5896938340051983,-0.147029938553331,-0.7728796996966547,-0.06449930289794213,-0.5151952304255591,-0.012677267354137241,-0.3317832140699811,-0.34130073778303993,-0.4785140047576549,-0.29114105986118044,-0.6390623591736802,-0.21046261482467918,-0.4451704033986054,-0.16709082977196182,-0.29452174780870277
A,0.0,0.0,0.2511316961145067,-0.20113308042536776,0.42513358200953416,-0.5116649397108378,0.4038614807251117,-0.7818813269743901,0.33419861196421846,-1.0,0.17570483153781996,-0.7386527736072479,0.17280534722262494,-0.9383955104118868,0.21155377079461624,-0.7508832421583467,0.24123867533893342,-0.57377412599415,1.439525394298758e-18,-0.6840480951095788,0.018056061745977573,-0.8869539120439537,0.0792048910685594,-0.646519613386769,0.12004274859044173,-0.4529187956179885,-0.1684332755457138,-0.6005973379888522,-0.1269553241337443,-0.7740297704664065,-0.04935938101657858,-0.5123516694378304,-0.005934558987016224,-0.3287796126785872,-0.3386824028982154,-0.4834520179911886,-0.2769898616867192,-0.6427340871983109,-0.19676108103945364,-0.44788375308958694,-0.15730037457128276,-0.29846436590082465
A,0.0,0.0,0.26102227055558247,-0.21966670987564585,0.4279573125995097,-0.5244955979464944,0.4070737472984421,-0.7835882064249279,0.3489419095919407,-1.0,0.18110432074541866,-0.7476095606250436,0.18220050252113215,-0.950138326563731,0.21690125049924266,-0.7675036429484534,0.2408901750381472,-0.5781769464689017,-1.4526775388168043e-18,-0.6937994018111191,0.01939429236809742,-0.902793887028679,0.07150590003641334,-0.6708260984840073,0.10788275647646733,-0.46106445208194347,-0.17427845193165017,-0.6103633978232298,-0.13227759758737204,-0.7922042901908198,-0.061395597187585194,-0.5362782290818469,-0.020725546831673134,-0.3356108170382919,-0.351226117763279,-0.4909017907667799,-0.28481158222994807,-0.6665370647008095,-0.20870541273342305,-0.47558447741325743,-0.17216424410491388,-0.3107671398112373
A,0.0,0.0,0.2575401600728944,-0.20478889702847003,0.4264167457940521,-0.5133765353783422,0.40280739248844166,-0.7793378142240301,0.332184417262067,-1.0,0.1744055951432628,-0.7335856073361587,0.1738993490112839,-0.9422166485213364,0.20654761353163398,-0.7587280837849895,0.23431067989974852,-0.5759315754373776,0.0,-0.6782705569015522,0.013324967248234749,-0.8866990441506541,0.06759593313425505,-0.6558788724506751,0.11008209185094521,-0.4581947631110112,-0.16703924442305348,-0.596819063122966,-0.12756136151514694,-0.7829256252360529,-0.057039995056363806,-0.5308106216470789,-0.013687108763036662,-0.3421580546441109,-0.3333068372539656,-0.48029018916513866,-0.2748945490811094,-0.6473259723251517,-0.20077531150383737,-0.4564522960016121,-0.1618040089572932,-0.30118787851551015
A,0.0,0.0,0.2632661461500169,-0.21382276306785006,0.4339093496516377,-0.5185516708909443,0.4093223008677815,-0.7847718262166554,0.33136706774596164,-1.0,0.18680838099511968,-0.7564330528194697,0.1800841603143682,-0.9623536635838734,0.21452788940714432,-0.7685889093504217,0.24537360773371475,-0.5743043777617978,-2.9154484906289003e-18,-0.6984456566268612,0.01217438516465429,-0.909087548864373,0.07108053959054275,-0.6699860989810402,0.1168212299885156,-0.45871361706043223,-0.17709847281813457,-0.6109299193728398,-0.13642554886832176,-0.799294329478034,-0.06263693670220002,-0.5394308224819921,-0.02062088000137411,-0.33795503801991317,-0.3515203577460791,-0.48821309711006766,-0.29228974308128675,-0.6671081422657495,-0.2183325543394267,-0.475940844138485,-0.18251996903371268,-0.3131085151053153
A,0.0,0.0,0.26057563925213423,-0.2076043294840822,0.44261909977305924,-0.5187165244995412,0.423350050177207,-0.7858974092993026,0.3423388134112027,-1.0,0.18620634117722182,-0.7614079338122932,0.19199351827674996,-0.970822384427583,0.23096470971914607,-0.7693545931797157,0.2501102110217552,-0.5754620611791689,5.8982508782748585e-18,-0.7057076664182637,0.026268011319446102,-0.9172393615782113,0.08723668646048566,-0.6642762337955453,0.11746994455130307,-0.4568645983909157,-0.1763261455474058,-0.6207048504649407,-0.12454847198492922,-0.8102029531537929,-0.05061527553462209,-0.5458571547806423,-0.020706213052470016,-0.3490960969354484,-0.3530690029147507,-0.49958067449900184,-0.2841415181300231,-0.6855460737367285,-0.20928788228008383,-0.4955370155587577,-0.18362717185395241,-0.3346099807882829
A,0.0,0.0,0.25751405293131535,-0.2127708324126424,0.4309564794631311,-0.5193736694410602,0.4106734507866202,-0.7831031953505944,0.3341244312183182,-1.0,0.1777357762916102,-0.7505610461298224,0.1744862317959045,-0.9630589128478401,0.21514053126036933,-0.7764868609966331,0.2464310573715184,-0.5904468580402367,-5.735177865355391e-18,-0.6928986640715328,0.02199964181375891,-0.8976317406525619,0.08304855855860713,-0.6585742991201455,0.12494110912177671,-0.4558450247692572,-0.17191894136700644,-0.6073632202292021,-0.12656139014751902,-0.7980099098477006,-0.052559001327017525,-0.5443345537161959,-0.011707598688238771,-0.3470975274056075,-0.3457535680404987,-0.48693283693257383,-0.2825616907119074,-0.6694590299220345,-0.20302634581999485,-0.48399973027609444,-0.16543826516556612,-0.3207695353952994
A,0.0,0.0,0.26352492423945323,-0.21526016539457982,0.4363896254512334,-0.5248956682532955,0.42068117438567915,-0.7912678539611134,0.33947914616496144,-1.0,0.17518721014678496,-0.7574008847913356,0.17537331205385426,-0.9667182002958927,0.2220234542916315,-0.7733026088457089,0.25196397388933506,-0.5856844730727095,0.0,-0.6990655975857605,0.019284266844893306,-0.9035977628125479,0.08635949398901743,-0.6636969231832619,0.12654065899172853,-0.46108529810231036,-0.16986349900450787,-0.6126695529083933,-0.12331661764700434,-0.799042300105918,-0.04315912823605435,-0.5450414177502786,-0.004763602010500129,-0.35002036836411066,-0.33969669315930745,-0.48945970995417604,-0.27214902762163634,-0.6654448246568564,-0.19160469152440607,-0.475434733014682,-0.1572446060479325,-0.3136980732956191
A,0.0,0.0,0.27389947190142067,-0.21225975083969867,0.44746483420965716,-0.5226150777001628,0.42004028854213105,-0.7903802908188211,0.33407376482713547,-1.0,0.19123869637930604,-0.7708281770940006,0.1911024215975082,-0.966506148896566,0.22056339858446303,-0.7697848461419742,0.2438111187919036,-0.5713545423453823,-5.824801816686033e-18,-0.7145773718222878,0.025104862766848004,-0.919912004841795,0.07698725127883976,-0.6752985141199518,0.11545804916206512,-0.45778324052566016,-0.18007299723810774,-0.6258840905954876,-0.12657420722478221,-0.8114125899486486,-0.05894222180826802,-0.552491515470611,-0.021470530160158097,-0.3491142658876225,-0.3570482382280993,-0.49905163196948327,-0.28605069485727636,-0.6811886489665704,-0.2127229827636339,-0.48890130060256587,-0.17844496951907535,-0.32256943339217375
A,0.0,0.0,0.2734652332889098,-0.20427899321255172,0.46321595476145583,-0.5137130590341039,0.44342506520856373,-0.7892694181380767,0.3439185883791198,-1.0,0.1850656519806692,-0.7676392230413325,0.18183548576949962,-0.9815482061510888,0.22745464378066016,-0.7769742127082064,0.2574229774406661,-0.5791702465245949,-5.895950498258765e-18,-0.7087684758873196,0.020297400866897172,-0.9246988252688078,0.08921711924507716,-0.673309856629819,0.12817396262158218,-0.45891473970153845,-0.17711138635848883,-0.6172855146306699,-0.13474083227179484,-0.8197236152466331,-0.04763293723987433,-0.5546827742885497,-0.005491986386840265,-0.34827510684822854,-0.35507510063558606,-0.4877403801159,-0.29435203185501485,-0.6741562390854071,-0.2069466185914782,-0.48159025852429793,-0.16738546229994306,-0.31376651864324556
A,0.0,0.0,0.27778322654887017,-0.18522218774996435,0.4652832498150082,-0.5113065424009338,0.44336365091584284,-0.7875710040675559,0.34616143086207113,-1.0,0.18675615941463722,-0.7777451189829616,0.20376943800266545,-0.9758623034629644,0.24516220062694327,-0.7823617747297871,0.27254685344166063,-0.5809871548439723,-6.039171123241236e-18,-0.7209066140102109,0.029779573777891158,-0.9263017664313694,0.09025694623491778,-0.6735565420274691,0.13440890043369128,-0.45028399305375033,-0.17793567908002736,-0.635214490289278,-0.1345522533504116,-0.817803178074159,-0.059083545515887785,-0.5540548120389881,-0.01184612772532737,-0.3460033019328242,-0.3551827208055723,-0.5164778703916033,-0.2828885503817724,-0.6839252147957682,-0.20843743784028196,-0.48465568244266455,-0.16983739990166755,-0.314829541203814
A,0.0,0.0,0.2891037554096432,-0.19430534110874703,0.4779535590024106,-0.5123001661989114,0.44464414689419435,-0.7913000292201274,0.3472043246690006,-1.0,0.19334911756318457,-0.7785257264823426,0.20123623733706786,-0.9896867434265577,0.24628209550297203,-0.783315394643019,0.2755880536167193,-0.5748223338021905,0.0,-0.7196392284904027,0.02696673726356504,-0.9396102627320034,0.09428688457276212,-0.6806161612129298,0.13667426775313424,-0.453402943459338,-0.18174568467998092,-0.6272140139099467,-0.1267922082020986,-0.8303912062464643,-0.04632490670975641,-0.5522941219057472,-0.005465275948146326,-0.33224551890347304,-0.3624241840584624,-0.4964129652101288,-0.2908980255582364,-0.6878683512150967,-0.20811730030108058,-0.48780052787353534,-0.16818979487884037,-0.3092565338580896
A,0.0,0.0,0.28630734275385195,-0.20112870716653528,0.4774440400984815,-0.5185095859821085,0.4589067259856284,-0.7878903832295896,0.36498863921585295,-0.9926833662904145,0.19057411758361484,-0.7925543637774926,0.2008211675821131,-1.0,0.24539876804799934,-0.7899720693773764,0.27245644165140653,-0.5859588363699637,0.0,-0.7399448721581484,0.03328043077004494,-0.947197953101724,0.09264296470154297,-0.6885459159663058,0.1282274182020392,-0.46676139675569644,-0.18494275525963033,-0.6514943227878259,-0.13131845968220773,-0.8504251667147784,-0.05744120003032906,-0.5719652075438699,-0.018396816525719617,-0.3550050474776478,-0.370389706215507,-0.5216492947742328,-0.29995294299352343,-0.7035582979235907,-0.2185387466422619,-0.49691828766504087,-0.17689273423641638,-0.319511095911672
A,0.0,0.0,0.27664668608371185,-0.1994189329828207,0.4719306288749588,-0.5139870922272319,0.4610825210007214,-0.7898551656274931,0.3594056410477749,-1.0,0.18596484424554524,-0.769764997291438,0.20487775638598535,-0.9768178594264229,0.24621793740925788,-0.7782107433616244,0.2728090223810354,-0.5796682135700474,0.0,-0.720504572516316,0.042528124240247905,-0.941908450638836,0.09326622140496299,-0.685066554254661,0.1278329913690439,-0.46023218103750607,-0.17975922319550358,-0.638437432007202,-0.11448760758375515,-0.8375159772622588,-0.047413650675506375,-0.5632946913955084,-0.007212577455203357,-0.3469960357521518,-0.36137407744699107,-0.5186719658258111,-0.27889765881690665,-0.7040873590538133,-0.20427430194761156,-0.503095073970666,-0.1652880121089088,-0.32475152106081207
A,0.0,0.0,0.29406875936159543,-0.20652964579308875,0.48779943221140376,-0.5255879303779706,0.4465582001438773,-0.8006410608167797,0.3308032079582888,-0.999164808847998,0.1931699712439027,-0.79229286693788,0.1888828631064135,-1.0,0.23344246340264543,-0.796066808929046,0.2698425908496587,-0.5843537304161789,0.0,-0.7316287565384717,0.015161518627673766,-0.9499175890492502,0.08134830282553474,-0.6942989949826378,0.13353924728554833,-0.4660661648674224,-0.1790560446569467,-0.6369947629151875,-0.14406692967511056,-0.8474497976135218,-0.060368973226127436,-0.5716981168589168,-0.005967154414366065,-0.35403884944447617,-0.35322003517713413,-0.500064657351275,-0.29948014100475856,-0.6932259048324371,-0.2151227053427019,-0.48670021233252003,-0.1629551714063134,-0.30879731805073685
A,0.0,0.0,0.2717717239580466,-0.2049450002981625,0.46441257578452244,-0.5205597044929993,0.43195418811180397,-0.7945167369383762,0.3315250952753759,-1.0,0.18411806415296197,-0.7727390868538343,0.17834453384887108,-0.9882403321149686,0.21784229867423158,-0.7946687202129037,0.24832490325416073,-0.5966109467870194,-4.5602876613632606e-20,-0.7179954515169904,0.01260290010106512,-0.9419433330901662,0.07522147733782879,-0.6930928297872035,0.11900802610558288,-0.47375393296431484,-0.17511524231879408,-0.6306277956802208,-0.14277413830015487,-0.8410271634829742,-0.058030148800302925,-0.5728859346570802,-0.007170829123467289,-0.36389375989164807,-0.35175827499455375,-0.5022980380475648,-0.2955278970678774,-0.6876457531149537,-0.2115424878586633,-0.49164353512778725,-0.16462137551036277,-0.32452569734694114
A,0.0,0.0,0.2797293399969613,-0.21419165706001533,0.4659735444242428,-0.5269133721356803,0.43361125636009307,-0.7966599762522573,0.3290122515705329,-1.0,0.19428816761721007,-0.780256289377909,0.181318877402463,-0.9908855912480928,0.21361102533018655,-0.7919643177625958,0.24691216344605957,-0.5905538279395964,0.0,-0.7244945083943558,0.010181227355621401,-0.9373812067559814,0.06288359712352556,-0.6816180283801433,0.10840897888102823,-0.45801709869730534,-0.1839628391934813,-0.6353721463764423,-0.15470539421301843,-0.8367589604223468,-0.07822396467647386,-0.5667687226602446,-0.024338259062320847,-0.3541412885016387,-0.36616055895776844,-0.5055599262518514,-0.3067803890668528,-0.6952304049986382,-0.22828418661765296,-0.5000178717766227,-0.18193335902531232,-0.3271158483048257
A,0.0,0.0,0.2744322798895566,-0.22016959074625714,0.4611808574315599,-0.5246231320134359,0.43158296701290383,-0.792611317738132,0.32608216123267497,-1.0,0.18723245409935524,-0.7726478341930089,0.16698453781037287,-0.9887040513469277,0.19878436296689259,-0.7955103355633473,0.23436425421800794,-0.5951859523329496,2.9011717352845593e-18,-0.7154200526205539,3.23654119082146e-05,-0.9378575619791131,0.05590710622779935,-0.6904582579150896,0.10866592780785056,-0.46922597234184543,-0.17944487488837196,-0.6257890191661502,-0.15976391375958418,-0.8388519458716694,-0.07916154000284273,-0.5697859762970084,-0.01936364884742672,-0.3555406172194407,-0.35802997095109595,-0.49502363119849196,-0.31060204818315307,-0.68928063809887,-0.22792123399214043,-0.49733454108493813,-0.1750431450198722,-0.32537591648410735
A,0.0,0.0,0.2787649431849926,-0.22032285667577045,0.46939646774603494,-0.5238817008082365,0.4331405876085941,-0.800458140140631,0.3138179553069429,-1.0,0.19102503963914955,-0.767969319759754,0.17011513854827826,-0.9814135601555628,0.2042974196162338,-0.7941204212828893,0.2372813561306426,-0.599013116521157,0.0,-0.7136054971567752,0.0009969824872412213,-0.931155191727384,0.06612173804180722,-0.68107476826461,0.11258236636801976,-0.4614146669007969,-0.17817696162576388,-0.6230958362791048,-0.15657485584067543,-0.835609414989851,-0.07114664302287269,-0.5644162004469436,-0.021034672642348262,-0.34978914012058426,-0.3565153324985034,-0.49074237659346015,-0.3044214561837564,-0.6882374087967524,-0.22247911879446952,-0.49471585563332143,-0.18057036200372026,-0.3232664803630295
A,0.0,0.0,0.27016854142028623,-0.21619765223223908,0.4533704997673409,-0.5241258335635292,0.4120428909084279,-0.7976444277268404,0.3041426361424871,-1.0,0.18956234029741817,-0.7640338801532135,0.16694556425781368,-0.9648531216190397,0.1954333067108189,-0.7728961228218972,0.23270252816343082,-0.5764122791089157,-5.71948822979329e-18,-0.7092995516976296,0.0011468271968402318,-0.9197210478228368,0.05248578626751673,-0.6747125068606846,0.10262564941074187,-0.4555497263626587,-0.1750333373191645,-0.6206436868428915,-0.15876869610860606,-0.8171509043076346,-0.08287245495359095,-0.5570547056146568,-0.025394108214997716,-0.35127490623324986,-0.3461136537993464,-0.4915250320190762,-0.30567503575875454,-0.6719141367619919,-0.22854379343773498,-0.48146424563187706,-0.17850620696182387,-0.3175195348897763
A,0.0,0.0,0.27264406175139305,-0.2176938893038218,0.4550379176887337,-0.5191792630764975,0.4385703773099838,-0.7871067340861496,0.3446154275295995,-1.0,0.17877862740042136,-0.7515643169675904,0.17250416100951202,-0.9654975564377447,0.21920462348053837,-0.7741732430637412,0.252952799075338,-0.5745341077358295,7.158820091297041e-19,-0.6943676669466936,0.00663044371286783,-0.9117822681128671,0.07346701841056191,-0.6603680275586822,0.11849277346168872,-0.4448401602085045,-0.17149043011194118,-0.6047675383074693,-0.1444542645034317,-0.798710807623066,-0.06561654395116906,-0.5433810529368649,-0.021191044326263116,-0.34543879595449056,-0.3441037309430419,-0.48105936861351256,-0.29379930474374305,-0.6710015470276139,-0.21664397456595008,-0.49204042369528067,-0.1790812159061729,-0.333279063020912
A,0.0,0.0,0.26535216796245537,-0.21828349300459707,0.4510057397822988,-0.5220215860445289,0.42470901527570776,-0.7927793516689454,0.3253071395072464,-1.0,0.1808282248374674,-0.7529731092310037,0.16776595813938555,-0.9671813042188108,0.20160904130359605,-0.7762818386027285,0.23062760562565962,-0.5845033780355052,0.0,-0.6995220911818516,0.010051967479313523,-0.9137353952331453,0.07235273422525391,-0.6705269590094213,0.11430928423768896,-0.464075777407884,-0.17351028181087258,-0.614818953532497,-0.1467952945766605,-0.8275361623221863,-0.06811534816207715,-0.5690714617632902,-0.025494762765459603,-0.36850397877618796,-0.35146000867753785,-0.4927500409930289,-0.3033075653897262,-0.6876880641540315,-0.22509316753120934,-0.5038737982957271,-0.18839904648243203,-0.3435754761981742
A,0.0,0.0,0.2705100380404956,-0.21490141021384818,0.450403438661078,-0.5208413188611917,0.41143078894232865,-0.7905507305800362,0.31322282740204893,-1.0,0.18713143819340797,-0.7569894683251657,0.15811723339396733,-0.9598104602089363,0.19408657930524187,-0.7788474590413315,0.23504950354437654,-0.5892784231611853,0.0,-0.699883118011674,-0.0032839854475844458,-0.9058547033849078,0.06409133690931558,-0.6616992750641284,0.11712747978617426,-0.452516181770139,-0.17284032860813123,-0.6086749887711712,-0.16312747454597254,-0.8129803225321113,-0.07750576896516663,-0.5500069798604776,-0.023913528397075116,-0.35017514615447654,-0.34431179661577405,-0.4774776996618184,-0.31004478173490413,-0.6622890428107554,-0.22349830626116926,-0.47199067009375223,-0.1742734085925947,-0.31405548932735516
A,0.0,0.0,0.26696733384944793,-0.2072290186480885,0.4498005239261643,-0.516780695595709,0.413768173798284,-0.787047558753986,0.3304533457070608,-1.0,0.18728412056392876,-0.7605290709084095,0.16587665119274053,-0.9686095990030341,0.19651927208093548,-0.7858968904422603,0.22708900000832977,-0.595692284221361,0.0,-0.7050905085384327,-0.0030616700498505515,-0.9088597632851064,0.05639725690118062,-0.6626885426956265,0.10121615798038218,-0.45534891397436905,-0.17459456624953226,-0.6144364047293001,-0.1656388336005351,-0.8106724783477289,-0.08736954174952949,-0.5486289175901462,-0.03971032218502283,-0.352593052922998,-0.35046420821547114,-0.4855580567096091,-0.31942852346081685,-0.6603715581257015,-0.23964108699095482,-0.47168554253902234,-0.1958425868063645,-0.3187705473200649
A,0.0,0.0,0.2708893957371506,-0.21131359742891037,0.4608824449452436,-0.518701320821376,0.4250613374687092,-0.7875764360682899,0.33159405649276946,-1.0,0.1942192204406869,-0.7854613138068457,0.18227351055375215,-0.9892825025007468,0.20183890428361811,-0.7965612098858164,0.22544726443588958,-0.5983500632207711,0.0,-0.7300844453369161,2.1737596628305383e-05,-0.9248040574269338,0.05539200402900809,-0.6711961257085908,0.10203276163562237,-0.45963320505307126,-0.1817032560211257,-0.6372710776943992,-0.17437072424489355,-0.8258547051711012,-0.09341756165628977,-0.5602968470812029,-0.04124683329452714,-0.36161927912586356,-0.36352854406394136,-0.5027456017949623,-0.3278873081948768,-0.6713725445870381,-0.24231321525062585,-0.4754336689475993,-0.19355291171628347,-0.31939963539554295
A,0.0,0.0,0.2683723180936151,-0.21230375717980368,0.45092547664738974,-0.5144969298586605,0.40590489890218556,-0.7811953981871458,0.3265097544834454,-1.0,0.19079759245391187,-0.7637685696161896,0.1754770086124123,-0.9770789208222541,0.20108918829625078,-0.7866766093844537,0.22691589083195945,-0.5972791738264139,-5.783220161380089e-18,-0.7085591271297214,-0.0011234606863873963,-0.9094259579458631,0.057516968250638546,-0.656429548669986,0.10568352855686176,-0.4568758830576617,-0.17360573567170084,-0.6209743581816057,-0.1683579501604274,-0.8109218586172727,-0.09329569916485592,-0.5434430695083478,-0.041930795943328256,-0.352347441725708,-0.3447505335091885,-0.4953554224583964,-0.3212144005065892,-0.6649386620646102,-0.24164309921360316,-0.4715295845710757,-0.19314334287781637,-0.32163104768623385
A,0.0,0.0,0.2549609468494919,-0.20366699723948073,0.43810417764873466,-0.5083946328478213,0.3950136326187401,-0.778496583629876,0.3181207465039068,-1.0,0.18833346511623575,-0.7618731711972637,0.14932891868503925,-0.9654247228659582,0.174064896214914,-0.7850651895510196,0.20564291167131957,-0.5996074146293717,0.0,-0.7000643184766202,-0.02270458184800649,-0.8962843764406146,0.03653407158119912,-0.6550488270838916,0.08939862880499988,-0.45822425462894395,-0.1680062644396083,-0.6098004049720549,-0.1832641602256619,-0.7927206336620305,-0.10566554791914728,-0.5428069598338936,-0.04851482134390728,-0.3583704397326285,-0.3321032601069757,-0.4843888006651536,-0.3218280589836517,-0.6601341112935089,-0.24483089298005548,-0.4862337439475386,-0.19539948421474457,-0.34349367382593654
A,0.0,0.0,0.25213013121951683,-0.20952731061809698,0.4386114038259539,-0.5192582121990554,0.4059936186203329,-0.7889255024338288,0.323196400774127,-1.0,0.18651343891220734,-0.7508856614104032,0.13668734798254575,-0.9510799553026518,0.15862107769302997,-0.7716130193305264,0.19752329342618266,-0.5914627857206093,0.0,-0.6895537947020492,-0.029979733064262173,-0.8825698477295947,0.028045128354485444,-0.6394728739700867,0.0843887534051486,-0.4460268777652362,-0.1670448060084587,-0.6031847189458811,-0.1923398742104691,-0.7858469340711642,-0.11702580894639635,-0.5316554973858432,-0.058339019176600136,-0.34972083646056507,-0.3301310252706838,-0.48384617954622544,-0.33060495416576147,-0.6544390428235871,-0.25454525784524906,-0.46855404141604223,-0.20288457699772036,-0.32361472142784053
A,0.0,0.0,0.25809131162403753,-0.23156247059367976,0.43151079023333183,-0.523433341460778,0.41023043600056963,-0.7874438848148685,0.3388828241379177,-1.0,0.1796965847699209,-0.734428612098817,0.14693558856762698,-0.9430070454175383,0.17049890101349857,-0.7612569237487419,0.20005988998135352,-0.5788329180982568,0.0,-0.6740160252595411,-0.03171582173466909,-0.883912370788003,0.02601039534846771,-0.647387320563416,0.08164737372498206,-0.44682194423973404,-0.16285033695619827,-0.5878763517734421,-0.18183505344885606,-0.7829930327484028,-0.11052061399516289,-0.5416801441765812,-0.05526762376709216,-0.35327694125920384,-0.3235087416141145,-0.4695954645517808,-0.3188643080195747,-0.6509607626578109,-0.24554880059238918,-0.47906216229816356,-0.19598811551156387,-0.32791445587613904
A,0.0,0.0,0.2604072236532915,-0.22715389066888655,0.4383999486873298,-0.527356825123322,0.4170621166522127,-0.7902235072029437,0.3437426874006464,-1.0,0.18560963985550513,-0.7623023939736422,0.14476017781853523,-0.9407288938850733,0.16666547181611602,-0.7615255711822891,0.20448350699676546,-0.5838240603417745,-5.873787136767403e-18,-0.7017724185691628,-0.027966118825966852,-0.8730316746743237,0.031964045812590235,-0.6350290094529332,0.09341139231076033,-0.44218148053416567,-0.16738456742241464,-0.6106003980185708,-0.1880707969617587,-0.7660573810792595,-0.10935128009108279,-0.5222589657928952,-0.045964354994206015,-0.3426002619814801,-0.3275242500654109,-0.483159230471996,-0.33082196353001136,-0.638090139280169,-0.2510022225538449,-0.4513265467300871,-0.19321809947761667,-0.302998171817748
A,0.0,0.0,0.26449266157807305,-0.10098733418486026,0.35476712974565383,-0.48102107022882234,0.29095379513951525,-0.8036518669803213,0.21448800222668782,-1.0,0.19866550014666626,-0.5989533900474796,0.19828190485674305,-0.8546827380291115,0.18408696828545157,-0.6530839547419128,0.20970191075930347,-0.4674647311174646,0.0,-0.5386540252038626,0.026769210357689133,-0.7692402668925783,0.0569733165655318,-0.5301401884367812,0.10098424514288022,-0.3453307449184002,-0.17403193976805553,-0.4710378729836458,-0.13774726979761284,-0.6432389648105251,-0.07487736127491927,-0.4108113133514052,-0.036347003152879344,-0.24510254807828513,-0.3516545881185582,-0.39089326912559175,-0.2949685900376004,-0.5197285501370056,-0.2308288923877158,-0.3297479334102083,-0.19499878632664108,-0.21498729171659545
A,0.0,0.0,0.2730922334965903,-0.11421309187073939,0.46145062372486245,-0.4707466047528454,0.4860471697440564,-0.7802627456938975,0.4708427743502253,-1.0,0.19214729219158413,-0.7632577417951941,0.3419849104249589,-0.8811315173346106,0.35575555353224664,-0.6200198157287506,0.3404303598628975,-0.445237884145722,-4.326628920159897e-18,-0.7424425160461922,0.18809459906293402,-0.8127662616717409,0.20796918399132977,-0.5022283253856825,0.19200971198095254,-0.31838481234660937,-0.1714644377201128,-0.6867303893713178,0.03492528114962249,-0.6764443783764194,0.05487482189070936,-0.3867780982193261,0.03026118752041367,-0.2289754906405156,-0.3425866300973294,-0.6129834791302329,-0.12764109132246718,-0.5969390487373499,-0.0995600750959988,-0.3659538281720082,-0.11558991404282853,-0.24690869065041177
A,0.0,0.0,0.22969028094641608,-0.1414957013964203,0.32855417129386233,-0.4126362124955734,0.28466650118035675,-0.6327297313435596,0.1913966877088213,-0.7855648647157306,0.20334322467409383,-0.5960354880205571,0.23213031002424137,-0.7801052526061203,0.2338186050890718,-0.9019687815706164,0.2486506607475061,-1.0,-2.533483797185939e-17,-0.5677848143571316,0.009366187514195776,-0.7462355265656011,0.06321505261611267,-0.5485298102791619,0.13327231706388448,-0.37113869672265504,-0.1976038729067364,-0.5091679224771364,-0.1544668829061279,-0.6534434083798972,-0.08229784010339711,-0.38179222760478704,-0.033026064523355096,-0.1791962042865967,-0.39555920923395893,-0.42865496229236927,-0.3398143959540487,-0.5281831187444069,-0.24630472182031524,-0.33399207515737817,-0.18645807541409937,-0.1739568598305866
A,0.0,0.0,0.2257479731179687,-0.2933380795387776,0.35606222413219146,-0.5955273930927475,0.3204092256432831,-0.8502039683081372,0.2119947333849577,-0.9924029232779442,0.1760262516646382,-0.813583488016421,0.12137129985608756,-1.0,0.13988076911238856,-0.8100169907205903,0.17791654983269808,-0.6413578033216827,0.0,-0.738165394969728,-0.05384848619964467,-0.9057343367667873,0.01398914556551547,-0.663112998170787,0.07207025768824596,-0.493379803173679,-0.14805552123364749,-0.6418898753475225,-0.1940401957042042,-0.7951811422629208,-0.10922803037942164,-0.5609711618658787,-0.05380249243571167,-0.40958531766281386,-0.2857613475463997,-0.522801519387125,-0.31520700727757517,-0.6791580575749058,-0.24183870031410495,-0.5140304182989569,-0.19528705708828153,-0.39332021042273524
A,0.0,0.0,0.23551456117408004,-0.15004693524912058,0.44742689939903335,-0.468837637107186,0.4984359903224419,-0.758774030423871,0.4229636969949477,-1.0,0.2023822135564685,-0.7613976674419823,0.19480437967154318,-0.9476367268231732,0.1942589904277159,-0.6890521660686995,0.1955059335714601,-0.4821221352673958,0.0,-0.7194405871814878,0.00787875097030189,-0.8664420779852321,0.042379800275893095,-0.5645998835311486,0.06408181045072095,-0.3558291513893866,-0.18043430778087183,-0.6409501240061435,-0.1903477657033488,-0.7721035332983257,-0.1307924334729311,-0.48646401629491004,-0.09402224073995799,-0.2890101034504249,-0.3538018894528093,-0.5387963369894628,-0.36584825747197386,-0.6755770523081907,-0.2949584024701435,-0.4738092220838837,-0.24655244240422997,-0.31696783204219187
A,0.0,0.0,0.24888051362905553,-0.15832828263923732,0.4664875338491611,-0.4757415412668054,0.49274540960669083,-0.7684942238576256,0.4019620976923784,-1.0,0.18906762168236596,-0.7774662762600879,0.19956271184648017,-0.9645237251475816,0.20514018320453656,-0.7095880793958376,0.20891704151335228,-0.49226344235572567,1.7909078529362492e-17,-0.7308801537752305,0.009073027823008247,-0.8956436864841326,0.024839984779973196,-0.5866310686594762,0.045013293072419275,-0.3650794892653441,-0.17700048972173638,-0.6537205590444819,-0.18662557559593745,-0.7908229596238936,-0.13892542942072486,-0.49835898962376013,-0.09260461363438727,-0.2937901908110736,-0.3541850012977168,-0.5549643802654688,-0.35563313875100655,-0.6826729225681467,-0.28451342712749306,-0.4684445530820562,-0.2275814869177043,-0.30524526954227493
A,0.0,0.0,0.233271735971057,-0.17853371791003325,0.4316118046652473,-0.49312484394649114,0.43876757077529976,-0.775488172614568,0.3488647105970419,-1.0,0.18163458278782013,-0.7662039458770415,0.17448407998640997,-0.9401127109112585,0.1769785190678285,-0.7034069973263922,0.1904766376170031,-0.4974385202371998,0.0,-0.7175993289229279,-0.009884663838534424,-0.8721373045171508,0.008022873250866841,-0.5891607866051612,0.04595823993567063,-0.3718759212036438,-0.16912717565093224,-0.6449695273047714,-0.19575018077154593,-0.7742166872400669,-0.14685896871325035,-0.50642042117723,-0.08627567362284379,-0.3081511704740652,-0.3373722174435798,-0.5525496931793705,-0.3479959444095578,-0.676442216870692,-0.28139322791934834,-0.4730961517836729,-0.2174669028976924,-0.3131330487758897
A,0.0,0.0,0.24151302572768787,-0.18360908880975316,0.4529103003668479,-0.4883787221283549,0.4786311906153076,-0.7689459471877589,0.3873042432670883,-1.0,0.18451698385972132,-0.793782932332626,0.20460376004685735,-0.9454104630139876,0.21508969039743936,-0.7020990101599884,0.21885011365653603,-0.4916251920961333,0.0,-0.7462614647284108,0.01579111528309722,-0.8850251454952929,0.044811855247241954,-0.5932984012413588,0.06723397294430357,-0.3770085006791038,-0.17437369388724547,-0.6642326156154726,-0.18283232138052838,-0.7970421881638389,-0.1261286737387071,-0.5160365503385166,-0.08630742725645173,-0.31660809607098134,-0.35450208535245126,-0.5566776283529201,-0.3577693477906287,-0.6689964034276967,-0.28155017816338956,-0.46790995044914824,-0.23281322426132844,-0.3201182261106012
A,0.0,0.0,0.2562305470552736,-0.18352259935223927,0.45461502279334437,-0.4954892984034716,0.45959194743059145,-0.770634547909255,0.3849083631953143,-1.0,0.18634051421357822,-0.7885327141927795,0.21128787858530226,-0.9765482856892159,0.2252145339163488,-0.7536659896036229,0.22607981346484146,-0.5462457562106442,0.0,-0.7402616536765899,0.016444759833893527,-0.898159157258276,0.047448410432354135,-0.6097995876713703,0.06921771162862511,-0.3911426218718515,-0.17114340291874844,-0.6578889696365836,-0.17747227474500707,-0.8158648050557974,-0.12122938205827004,-0.5335403270000644,-0.08041930027651265,-0.3233528134960608,-0.3396298653429097,-0.546470785367206,-0.34518022433578105,-0.6848379187677631,-0.26777615215201256,-0.48002937945322144,-0.21506881146738832,-0.31667260684926585
A,0.0,0.0,0.2440256086279406,-0.2114053172191416,0.4429399699238349,-0.5140914329257186,0.47661949760191624,-0.7838080043626151,0.37724957705913637,-1.0,0.18872036875085066,-0.7923726750729368,0.1966883154761758,-0.9890926505574607,0.19270084448365066,-0.7685981173239972,0.19323542919598902,-0.5509918931136714,0.0,-0.7426492110924728,0.003480370587987062,-0.8999408748005491,0.01802192586359883,-0.6141431002630118,0.04685879145433998,-0.3876189521532551,-0.18102282971371356,-0.6606962681973518,-0.19565971588858422,-0.8077572981613436,-0.15330197457101993,-0.5320107788424149,-0.10744714259572415,-0.3248580074800641,-0.3596443538874728,-0.5548168944167249,-0.3718117177347819,-0.6850353320710642,-0.3049670401603777,-0.4895654739370607,-0.2492627595430114,-0.33381344341982194
A,0.0,0.0,0.24271855130665826,-0.19107800837145775,0.43939505354256087,-0.49119635776297726,0.4527207920816452,-0.7693738778222019,0.35789362186590723,-1.0,0.17756217569873847,-0.7660772412238089,0.18889989330899098,-0.941810146468535,0.19770678002449799,-0.7181663441165478,0.19942809410445497,-0.505665672883625,3.4223063745291636e-17,-0.720244445107597,0.008941130683342494,-0.866186976069886,0.02998181879403691,-0.5906077551626215,0.0528272273843162,-0.374415756435352,-0.16817940918704813,-0.6452343953498083,-0.17985811024201692,-0.7844699037652884,-0.12892697930176925,-0.5215805327034699,-0.08359199601612304,-0.32269508004195285,-0.33873166131415106,-0.5453952654482672,-0.3401780575124184,-0.6782223491153843,-0.2636488997601752,-0.4918488505850191,-0.20836145378646362,-0.3393000268073655
A,0.0,0.0,0.23456962402896242,-0.1940701896850754,0.4284938501219482,-0.4939708484660056,0.45094563733670595,-0.7686568189095755,0.36643411323837294,-1.0,0.17467679907845346,-0.7671896954444255,0.1987755925499356,-0.9550598576059305,0.20752815366573607,-0.7396792569969987,0.2053835602422848,-0.539382444904813,0.0,-0.7258691667483833,0.014114868075413647,-0.8774168452963166,0.031044657631886644,-0.5985067515235798,0.04983867282325399,-0.39003878634507766,-0.17204338246940862,-0.6541911719292246,-0.17744200571506852,-0.7924321777444187,-0.12911268271983686,-0.5252748687613905,-0.08910462821095305,-0.3335607180199989,-0.3484252103403063,-0.555746291141712,-0.35457661337422314,-0.6830321293765877,-0.2772429180290159,-0.5016963587819384,-0.22293162374402714,-0.35984577914362104
A,0.0,0.0,0.2504976741756282,-0.1264825748086593,0.3692035690459233,-0.43113751399665345,0.3327825084020524,-0.6894012871898689,0.22574446071620016,-0.881523605541042,0.20173322204770325,-0.6280396362447516,0.2727813492796093,-0.7830589991357981,0.32904949112008886,-0.9086340630050286,0.38381219347938506,-1.0,2.4924254229363015e-17,-0.6032985347061516,0.037523848177696065,-0.7884231862953341,0.09402944092415326,-0.5337282635037921,0.1508798787440449,-0.31701763885292505,-0.19334856653218366,-0.5312446670324722,-0.12779768392929933,-0.6563686065043258,-0.056204646795531936,-0.3675353630899158,-0.021306419717306957,-0.15962934850970614,-0.39316260283768006,-0.4293906926012119,-0.31186601514793283,-0.5450675198180361,-0.22413985607004405,-0.32668091543788647,-0.17857641697061305,-0.16510357970401013
A,0.0,0.0,0.24443978992886345,-0.2303386731680096,0.4439897305665347,-0.5175146675813627,0.45975351354142435,-0.7812741762783212,0.3779632320495329,-1.0,0.17400134295473635,-0.7985797978390728,0.20702498680691467,-0.9804241816949075,0.22208483901744092,-0.753548468990527,0.22359937978730593,-0.5593903381056828,-3.3395103566385806e-17,-0.75355882319123,0.02307933742351149,-0.8996858594271671,0.058514826927853585,-0.6144426331296344,0.08387241301354684,-0.41428727544744814,-0.15741389246723958,-0.6827751919963421,-0.14968142718003608,-0.8087833325886846,-0.09460610086401341,-0.543643129260391,-0.061062715404606074,-0.36108310170266456,-0.3140255785970558,-0.5850044777281737,-0.3060334399814382,-0.6991650989667811,-0.2359884981835889,-0.5138146481156834,-0.19762341414188073,-0.3746935932142895
A,0.0,0.0,0.22718456170114668,-0.20233857899752308,0.4159215845114008,-0.505917767858801,0.4547512728768163,-0.778167625904421,0.37171542648345335,-1.0,0.1758649832317032,-0.7800174463155612,0.17613955725026165,-0.9998443058368662,0.18180689206414483,-0.7761436066818623,0.18893802510889066,-0.5800807415530658,0.0,-0.7302034861971518,-0.0036117754333355764,-0.8971320001466176,0.019907961428284465,-0.6104709419074483,0.04239666655462284,-0.4154782474184855,-0.16703175324073438,-0.6488128090235035,-0.18353411177777432,-0.8082797860368479,-0.1281659846084144,-0.5384611879714019,-0.08572790248140578,-0.35871967900670626,-0.3340692163011246,-0.5388731923030933,-0.3492344846669047,-0.6753732154391678,-0.272751185511493,-0.48282311983462806,-0.2175188368130303,-0.3424146478339173
A,0.0,0.0,0.23470414159939407,-0.20512513611648267,0.41898936730915065,-0.5097725069790255,0.457623455981772,-0.7823195438258188,0.3671923708260863,-1.0,0.18222689939256498,-0.7896054243287011,0.17899383736871263,-0.9779069214003973,0.19203408689026033,-0.7522666392785383,0.20296409433757703,-0.5569306713821424,-3.516940460233036e-17,-0.7418957580844947,0.01084756776918263,-0.8995180332357106,0.03619010204986073,-0.6232992367689132,0.05968572338034426,-0.4192907643389611,-0.17116797149066593,-0.6599369985416464,-0.172756922106599,-0.8094037558786803,-0.12032351755842534,-0.544072831058743,-0.07943576392218558,-0.3539094128096058,-0.33957489102556665,-0.5496127281845247,-0.3398660317789175,-0.6747951321172175,-0.26732990084590785,-0.4871147657155439,-0.21583782605270393,-0.34432121616160266
A,0.0,0.0,0.2359930368165163,-0.19786427898393974,0.42264011497232734,-0.5032972589339436,0.4391878982922748,-0.7781594480915679,0.36051723913015643,-1.0,0.1831091163579109,-0.7774056278028325,0.16276936968227296,-0.9714093078363866,0.18123874705099313,-0.7397152691366943,0.1972969480491725,-0.5384494350763206,-3.5908652487544043e-17,-0.7229780186350439,-0.010417858579200572,-0.8893540607974739,0.023398791298954762,-0.606014611030777,0.0528844061546672,-0.40514607371738875,-0.16823134676873983,-0.6354595614001518,-0.18589310205732415,-0.8006479229959086,-0.1281693523465061,-0.5271256635879451,-0.08382064658638162,-0.33845883019015305,-0.3335179138663077,-0.5167514458326714,-0.3489119992208723,-0.6511757902688645,-0.27215035288410977,-0.4579349100486921,-0.21699413340940332,-0.3154538756731385
A,0.0,0.0,0.23942633422243131,-0.2008343436139282,0.41411070350574597,-0.5011958115035716,0.4266237612989275,-0.7778681229056326,0.33784674845415424,-1.0,0.1813526485128969,-0.7602507503034384,0.157202118473129,-0.9534777860586127,0.17866092995089042,-0.7356770113822132,0.19822267073589897,-0.5278356070436842,3.592013478478167e-17,-0.7074276155849047,-0.020141045823626726,-0.8653951690405765,0.014895927461203938,-0.5958626873874499,0.052132630654203184,-0.3865971841829555,-0.17242356230348013,-0.6217537849034388,-0.19593413962462214,-0.7657020139496536,-0.13915955371672406,-0.5061417349431664,-0.09213220186004975,-0.31670191917508306,-0.3433122145836824,-0.507802958001296,-0.3639861891919565,-0.641186217923552,-0.29021492606695626,-0.45587275036475194,-0.23632734028061012,-0.3122619869861277
A,0.0,0.0,0.23820778620462746,-0.19709039927930044,0.42490826129725084,-0.4999997905906134,0.45399123859021956,-0.7742175235877942,0.371754590391013,-1.0,0.18419527569885946,-0.7647390058489044,0.1772311541947864,-0.9665555668998551,0.19809937312335857,-0.7440753915208707,0.20708343236699142,-0.5300103464705763,0.0,-0.7142132596493207,-0.006928849755046942,-0.8890550956695414,0.02865897128582595,-0.6171716168285316,0.05694775375242046,-0.3995584934694322,-0.17785230091428067,-0.6301786729639035,-0.19202577455397216,-0.7896243803896273,-0.13068154762397222,-0.5233547565077379,-0.0858509131969079,-0.32351492264995335,-0.35576703819985367,-0.5168381240785588,-0.3618278563313245,-0.6503993331024102,-0.2833186820119875,-0.459516337734517,-0.23077900947678762,-0.30948137446938945
A,0.0,0.0,0.2292454554411085,-0.1949998993001061,0.4214252050965252,-0.5037848161029398,0.4437149383141279,-0.7845563593349952,0.3421855717336876,-1.0,0.1858837926952794,-0.7688086975935857,0.16462886515291564,-0.9534671226348361,0.19056035235734906,-0.7191611931547093,0.21693097382026882,-0.5199086019689128,0.0,-0.7181548614542922,-0.013949657815941319,-0.8756838152727685,0.031027272528341174,-0.595191727702155,0.07088516964579042,-0.39287852883276586,-0.1747040147157613,-0.6328098575303088,-0.19451337008293115,-0.7664431851068727,-0.1221086263226101,-0.4950557518861602,-0.0665902895020511,-0.30994242695167107,-0.34902824061454824,-0.5188466480276916,-0.35940265846889013,-0.6351127057090145,-0.2690785966392358,-0.4359580154493429,-0.20614919131527454,-0.293782446021512
A,0.0,0.0,0.2245339864668644,-0.20045868185719115,0.39938579097238863,-0.5092675111805156,0.4199051179023473,-0.7836352396669082,0.33521906738540336,-1.0,0.17388786043784737,-0.7478362698073697,0.15411131806422146,-0.9461124316453653,0.17249940407234945,-0.7322513861405799,0.19199191100594504,-0.5329698754919413,-3.6152156938603956e-17,-0.6929387797890896,-0.011541959938355526,-0.8626629042056632,0.024282813769588546,-0.5975216744434738,0.06076238957050745,-0.38688851197266805,-0.16479400363898283,-0.6083931291107105,-0.18403213067063506,-0.7624790741392394,-0.1183434527340417,-0.5018126885018545,-0.06441386511187884,-0.30683778708839293,-0.33010949633911874,-0.4958623454967615,-0.3398444820678254,-0.6290396639327269,-0.26232734264040497,-0.4436898744730331,-0.20573857102611948,-0.2973358042129029
A,0.0,0.0,0.2344334493822098,-0.19627586946176098,0.4216928866822863,-0.5041216313555917,0.4329483847427429,-0.7813108062165429,0.3365694754868692,-1.0,0.18269566552247032,-0.7642289313396712,0.16365543134475,-0.9512176805051705,0.18517055771754778,-0.7278652087303553,0.20749194207694696,-0.523934130432599,-3.6755419256623407e-17,-0.7131170266696486,-0.00885593880738249,-0.8793022548698879,0.029876331152991827,-0.605908815304023,0.06608398290658445,-0.38719308971076316,-0.16999637085282285,-0.6290910854623906,-0.18701122649901594,-0.7705010018345307,-0.11834537418036949,-0.5014941256669141,-0.06526096895674174,-0.3023551395933749,-0.3389734398035361,-0.5156819277648675,-0.3467830392659066,-0.6474846089037366,-0.26693438583238754,-0.4558384554919114,-0.21327541599266706,-0.30445256634409756
A,0.0,0.0,0.22146243213711683,-0.19569162919164743,0.3998044815072376,-0.5082442326810799,0.41126325571562145,-0.784439381685126,0.3151267326623118,-1.0,0.18195405715563895,-0.7555900770776923,0.1569873877060336,-0.9404580316066379,0.17098474299933902,-0.7135200040366002,0.19232126684718198,-0.5125678450278968,0.0,-0.7047652090308394,-0.019484117709441195,-0.8691262692477556,0.020035753417438035,-0.5967890894599038,0.059766670917326147,-0.38869809480937045,-0.16787475551843714,-0.6204159274478527,-0.2002213801104536,-0.7689051008739154,-0.1296815057874992,-0.49738164253695955,-0.07350447521009602,-0.30506510421626126,-0.3327971737446093,-0.5070056328617479,-0.35554782350302433,-0.6331915427116233,-0.2730685387876467,-0.4414768248693764,-0.21436744961300266,-0.29769249496144906
A,0.0,0.0,0.2438920597794134,-0.1048309808935392,0.3069207133476709,-0.3829099728683453,0.2134126722289993,-0.6326625066749915,0.06466680741865087,-0.7903285766433117,0.21907846717214258,-0.6068842351644254,0.2029595869681353,-0.827445654862955,0.1588158625982976,-0.9325506556166748,0.15171428298800524,-1.0,0.0,-0.566031732040536,-0.053023582677098176,-0.7731816270821595,0.0030091428631716737,-0.5321678046631158,0.09753054672132382,-0.31027510065605024,-0.19184931714962913,-0.48860560627984395,-0.22812906650025497,-0.5861816223723652,-0.13501123477816962,-0.29842334012598853,-0.0441055597136039,-0.10395809929915656,-0.36302684725997053,-0.3987732173604949,-0.38614098949695796,-0.43172969180302184,-0.2910041429976575,-0.19429858495162733,-0.2175414618556969,-0.03922539808516609
A,0.0,0.0,0.23004411284692805,-0.20059984949896267,0.4109803639505074,-0.4979018794215377,0.427735925127552,-0.7816035878805049,0.33786672045904326,-1.0,0.18388635324006838,-0.7589890087125716,0.17684760997833926,-0.9452011721748548,0.19051963063571847,-0.7233715265847254,0.2007956686128176,-0.5218246880786293,0.0,-0.705565697289818,-0.015113743970821035,-0.8596967126889488,0.03617741909687676,-0.5803385969115108,0.07760969930390973,-0.3720330386916135,-0.17006127293950352,-0.6184802557104742,-0.19669868816205863,-0.7530901116660954,-0.11632888662772059,-0.49486633650733314,-0.06073514148322145,-0.31132401744772603,-0.34097213952164385,-0.5032111604121039,-0.3590365894004572,-0.6230699644233973,-0.2671242469678979,-0.4432018374506083,-0.2029744757315335,-0.3097025835181398
A,0.0,0.0,0.21836603880480612,-0.1919534441766434,0.3957119650207636,-0.5047046903777705,0.4201743430064861,-0.7825122740726285,0.33108307664762515,-1.0,0.17908663899090171,-0.7532425901719889,0.1576578506996488,-0.9480429446307873,0.16705946006368044,-0.7256919542780221,0.1853941216776479,-0.52547427623282,0.0,-0.7003134222041825,-0.012768098224236616,-0.8734826872222067,0.015502391270378777,-0.5988395665773086,0.05212430576443341,-0.38487789866725713,-0.16791439884752393,-0.6168547801011334,-0.19370606296624926,-0.7697383609375189,-0.13497462715717803,-0.5062230161888557,-0.07999357921393785,-0.3150426104537441,-0.333910203994758,-0.5061552199787102,-0.34935065788382513,-0.6371606548754678,-0.2754657956284561,-0.450900206655382,-0.21740204607327784,-0.306598135849598
A,0.0,0.0,0.22695017328560643,-0.19529831284266502,0.4134857449621693,-0.504698729480135,0.4296990512835438,-0.7823899154598156,0.3367332711260903,-1.0,0.17990480917794385,-0.760989901624752,0.16183207153369022,-0.9493649819567768,0.17704889525805112,-0.7202820806942349,0.20135466433086685,-0.5200247576575403,-3.6881930609156035e-17,-0.7084373108295983,-0.003485509115352425,-0.8791179321467963,0.03192337114231117,-0.6002822097549538,0.07138188077484453,-0.3833711317776781,-0.1668469518929092,-0.6270602647951768,-0.18583569340219208,-0.7715774607513135,-0.11781064391048975,-0.49400017202951335,-0.05954181364660683,-0.29425377601256303,-0.331947697577955,-0.5195228390433829,-0.342731415475555,-0.648196179502545,-0.2619910968892295,-0.4516386749156028,-0.20212351696143244,-0.29964096957654657
A,0.0,0.0,0.2290546626352991,-0.19345106180200394,0.41106768366895746,-0.5049271621490619,0.4337959920622534,-0.779997411488904,0.3378402845644549,-1.0,0.17995696260408992,-0.7687173598890109,0.16321858283917656,-0.9552855326684283,0.17721418444388795,-0.7272028807754062,0.1934253329278966,-0.5208627963479292,0.0,-0.7164437459346922,-0.009695994375082341,-0.8789837006303065,0.025215802969587673,-0.5963151914521467,0.061023865108884696,-0.37569456898054776,-0.1693154183341401,-0.6338243425533807,-0.19008726300262727,-0.7701900956924838,-0.12379498149510491,-0.4900436632764809,-0.07033322563178193,-0.2887389217793026,-0.3378402288753119,-0.5246941233086908,-0.34849956527842907,-0.6503823934061619,-0.2705645590633193,-0.45031316937396343,-0.21665723978005683,-0.29685819050200646
A,0.0,0.0,0.23300026449126696,-0.19059149256421748,0.42590638047393137,-0.5069304073236847,0.43867966653562185,-0.7806567523103226,0.3565903650718324,-1.0,0.18758330593930364,-0.7710662883151472,0.17943163235813037,-0.9531460139220751,0.1927708462292622,-0.7244952046464315,0.20659692456920287,-0.5140981998906046,0.0,-0.7192569339600478,0.0013587319907259008,-0.8845694926349542,0.03376777236278425,-0.5996798888561825,0.0666524023732083,-0.3749294261951597,-0.17266155875395928,-0.6379956821081711,-0.18269555270921592,-0.7829831871751112,-0.11977369828644001,-0.49972444089995505,-0.06775368044036482,-0.29302341739429455,-0.3421684855536384,-0.5293300560546168,-0.3419631901659099,-0.6653322958976495,-0.26344860678208987,-0.46411699418235614,-0.2096544544009769,-0.307815357881916
A,0.0,0.0,0.23628913638877522,-0.1922677558369585,0.42403247367025915,-0.5026399056880451,0.4347364928490277,-0.7762482738922701,0.3444205813644268,-1.0,0.1922688338475797,-0.7998920041162421,0.18097516362066615,-0.9347395029285072,0.1894531082809822,-0.7067316562268564,0.2016990285035956,-0.5130616039896391,0.0,-0.7546426608684642,0.0061109549109992795,-0.8664531975567012,0.03315409911178139,-0.5829123921658003,0.0641145334087716,-0.3744065523657301,-0.17571773261112675,-0.6739405683219031,-0.1781762068165822,-0.7733778027750712,-0.11831571080453615,-0.49704728013637645,-0.06642975466380525,-0.3038965006413257,-0.34602302275029806,-0.5605931667280721,-0.33596271876679296,-0.6722022617044948,-0.2621179490085474,-0.4667003749022332,-0.21314953904254494,-0.31312038940219306
A,0.0,0.0,0.23801769097080047,-0.17405162333470883,0.42286971080977187,-0.4986197632583017,0.43157801949142005,-0.7804296347948134,0.33679230526211407,-1.0,0.18372548947303272,-0.7662372502083741,0.17221874875068782,-0.9316376597851971,0.19292606673099053,-0.7012822790977383,0.20965725076019645,-0.4945957339690458,3.7682216001803644e-17,-0.7166119165896242,-0.003817021791672334,-0.853029595155554,0.03605953648269601,-0.5701534907068353,0.07252003537559779,-0.35050407855046023,-0.16950649866245407,-0.6376927162409782,-0.1779290003495115,-0.7452214612412883,-0.10973364070919861,-0.4726423417936591,-0.05692812335233448,-0.2771793026689236,-0.3337665636431583,-0.5331879500986824,-0.3313355617792732,-0.6322836341793967,-0.25865441476427675,-0.4286743081014451,-0.20840365307094671,-0.2792461990811724
A,0.0,0.0,0.2372880583170956,-0.18210997580052196,0.4312165448105299,-0.49777519265245496,0.43605590372490255,-0.7785815729750994,0.34330383619885346,-1.0,0.1834692696958822,-0.7670909682697027,0.18159230550690109,-0.9443242085991115,0.2023111929816822,-0.7154517811560693,0.2180645225629693,-0.5104622444330082,0.0,-0.7143908110225009,0.0021082254330661823,-0.87184931962578,0.03656857580668888,-0.5860193283181758,0.06743014579201105,-0.3655751289044925,-0.1681389364752349,-0.632119856476852,-0.18625418721264622,-0.7556651442857837,-0.12292569717741211,-0.4812781973855583,-0.07166605654271896,-0.2868930883490595,-0.3355627166588374,-0.523664057960047,-0.34620954410934784,-0.6339336778837147,-0.2699483929372995,-0.4349411634585341,-0.2163795015060805,-0.28897089982680235
A,0.0,0.0,0.22503617813520937,-0.19380792269999428,0.4165996229695712,-0.5105850799479671,0.4289053469776265,-0.7839284696940586,0.33723544481989837,-1.0,0.18015417944286333,-0.791005013337778,0.18039514311062965,-0.9297039226300879,0.19045720004388575,-0.6990230420211194,0.20145749701932952,-0.4935015792987177,-1.8985470580594478e-17,-0.7422164144754252,0.0010060530088732685,-0.8598294941421639,0.02387882613634409,-0.5775395867477927,0.05389882134922939,-0.3595937041506639,-0.1705031869487505,-0.6653668289311454,-0.18639270877224345,-0.7604938515273022,-0.13347833450840596,-0.4937758126091317,-0.08368794816701045,-0.3013424586204205,-0.34032416605345867,-0.5637373877352402,-0.34556130301581306,-0.6636261440759088,-0.2815528851535418,-0.46262763773906285,-0.23227165551929488,-0.31465872694006547
A,0.0,0.0,0.23629576239679476,-0.2089155218490008,0.42005980582209,-0.5097914733830265,0.4359156639921671,-0.7819909167867942,0.3530145757329712,-1.0,0.17647345105503254,-0.7673940604812904,0.19073194919390948,-0.9196620342329922,0.20256614754606792,-0.6892759379126924,0.20718038366920638,-0.48243093362702816,-1.8955130124548046e-17,-0.7212156684517357,0.021304096742183174,-0.8483091939722567,0.04264596379343524,-0.5771122474881928,0.06216194681364279,-0.36092120335183975,-0.16826160101512422,-0.64678531541188,-0.1650258727486081,-0.7487706641683076,-0.12072998797530787,-0.49316521832507,-0.08432623783754076,-0.2993163219165697,-0.33818717428189926,-0.5496949450316746,-0.32930320914208205,-0.6661039906712316,-0.26505784261693527,-0.47559527812613644,-0.22330337383282017,-0.3214305873145108
A,0.0,0.0,0.2498837793950729,-0.16968852778093213,0.4559722326758593,-0.4805177827047521,0.48366556478453887,-0.7724239447309716,0.4056989450948394,-1.0,0.2045214355846597,-0.780933210232566,0.19874063906903192,-0.9086005384675409,0.19048262265885152,-0.6645817411698557,0.1968678619087005,-0.47295247660834955,2.0314718413834624e-17,-0.7508688099436226,0.007930704930905683,-0.8510746228816054,0.03383414609583527,-0.5662320652557664,0.057178957571853886,-0.3659334686781463,-0.17757702863248218,-0.6776476123112817,-0.18597005013418735,-0.7732709298358798,-0.13260336640688347,-0.5046229740855551,-0.09263447067867228,-0.31881765917628807,-0.3462187206770882,-0.5762075715962147,-0.36468340914140307,-0.6920048609848362,-0.30204124904077495,-0.4997284691920734,-0.2520798875826307,-0.35444111268135015
A,0.0,0.0,0.2461005468959745,-0.18024058532080822,0.43457592829834296,-0.4878005790271743,0.46172883507121315,-0.7684145348309376,0.3813973905779307,-1.0,0.19735102142888855,-0.8161738895556689,0.2076752382510166,-0.8953305008929047,0.2166963854379604,-0.6592788868447979,0.21828246886913935,-0.46320136551843005,0.0,-0.7872279301818904,0.012695220188143763,-0.8386929110782341,0.03948342837350977,-0.5561413426038595,0.05779030523984198,-0.353514691262297,-0.18597208061299006,-0.7099535711435245,-0.18956946767352462,-0.7631086831431337,-0.12792068174574264,-0.4922679170222601,-0.0849075496320789,-0.30452048143761745,-0.3647460963454974,-0.5969002091774025,-0.3618775829681932,-0.6592116505471021,-0.2784006599768494,-0.46003732761907346,-0.2254016347403306,-0.3217619185931035
A,0.0,0.0,0.2516957865712744,-0.16581636061741764,0.44925832277256245,-0.4839504821358352,0.46666316783676354,-0.7683724043936073,0.3769188344931616,-1.0,0.19818156286444077,-0.7976404999468222,0.21261967601048848,-0.9171040076071985,0.2204496454192008,-0.6749902491577491,0.22461711749891844,-0.468397818096466,-2.0202000285178336e-17,-0.7545805850656192,0.020855461047262516,-0.8413393408474483,0.04958356287658994,-0.5533758125240598,0.06825112817911065,-0.34171324939210385,-0.18203897054282242,-0.6728839310419544,-0.18169940241973476,-0.7482762154552871,-0.1196357300656972,-0.47672933660070743,-0.07487972056210601,-0.28400667202183033,-0.3581226520234159,-0.5594147139571547,-0.3509448695441637,-0.6378522848484777,-0.27648546488187764,-0.4315573874700541,-0.22606166948730694,-0.28576708120503136
A,0.0,0.0,0.24237144302978653,-0.17213896146928784,0.43930387042062785,-0.4918502882948561,0.4420847530728869,-0.77627955174713,0.35932470867885524,-1.0,0.18010802427852637,-0.7649073401300424,0.18798877229267072,-0.8931119975715845,0.19585461508414878,-0.6397778162482057,0.20371774084043603,-0.44427586237824096,0.0,-0.72436856484308,0.007438815853183933,-0.8190131196203843,0.03618544433599828,-0.5316889163437903,0.06491387454813694,-0.3377042945219707,-0.16813637348063148,-0.6503964449411498,-0.18347602755726658,-0.7258654805134935,-0.12400490236958699,-0.457342928990828,-0.07588465523997581,-0.28228247249997124,-0.3366101537892389,-0.5498425446218026,-0.34323880735767454,-0.6230865573274276,-0.272676727161798,-0.4207936825094535,-0.22201338230294787,-0.2868232985970472
A,0.0,0.0,0.24289195448526063,-0.19120495601418747,0.4253205390246656,-0.5034214065828798,0.42162319338243126,-0.7825071581022628,0.33198074598430743,-1.0,0.18233013511909685,-0.752052678602571,0.1879856942438434,-0.8822945070716425,0.20161720099558578,-0.6439952475377486,0.2146876522944074,-0.4579622434380587,0.0,-0.7132215274657782,0.013803294346820452,-0.8192789186467136,0.04737518192043553,-0.5434912153180422,0.07721934507230918,-0.3532510643403784,-0.1691462487724326,-0.6412087790818399,-0.1704131653536374,-0.7413224758337458,-0.1061012133525174,-0.47274384845510425,-0.05958240692656818,-0.29004804779941096,-0.34058593616035077,-0.5414893608726269,-0.3299194334068042,-0.6303794535909092,-0.25132253741717075,-0.4308375137644019,-0.20091080620145602,-0.29257751737066523
A,0.0,0.0,0.23487331756239635,-0.17717053983263395,0.43372026865618374,-0.4973878179712794,0.45784877397359564,-0.7818809836479615,0.359089010601938,-1.0,0.18722109422098032,-0.7802839992522402,0.2032758737276789,-0.9379954690461526,0.21133893320373354,-0.6907928584123988,0.22204922838015748,-0.5012264603021069,-1.9472869391597603e-17,-0.743992337479442,0.021071181807028126,-0.8605356382941046,0.04533145013357621,-0.568594679131365,0.07260564502317728,-0.37203538433558725,-0.1784028185494475,-0.677631186514783,-0.1730143763989163,-0.7608849268812704,-0.11425553653017245,-0.48319428088056704,-0.06227067942825136,-0.30275623365730353,-0.35562726481920137,-0.586676089866681,-0.3337635187245642,-0.6688033610010163,-0.265378287085361,-0.46021259106216916,-0.21499838967273643,-0.31659588786128173
A,0.0,0.0,0.22818789072724044,-0.19055240993262462,0.41903606035870533,-0.5092239729887501,0.43526999952557416,-0.7854654070293262,0.3451715057603794,-1.0,0.18294666421052566,-0.7829677878646705,0.19492812829373696,-0.9296798271303751,0.20714938321867804,-0.6950487995530006,0.2170810300407085,-0.5112230851138765,1.8969743100303132e-17,-0.7414732165098097,0.017240681281601705,-0.8675291590786245,0.044152811380232616,-0.5818579401892419,0.06774567633205278,-0.3870485724347648,-0.17438578547540534,-0.6715726855773899,-0.1700666174200052,-0.7791340236331493,-0.1123140911994002,-0.49962072245138095,-0.06702480484745552,-0.3175146876058381,-0.350248864036181,-0.5744308462816451,-0.3350622576557018,-0.6883289082916514,-0.26151095215285386,-0.48192160842669296,-0.21138516598296658,-0.33567836864851874
A,0.0,0.0,0.2301415326152175,-0.20039477627768587,0.42526353257109145,-0.5136096421388535,0.45422048971412315,-0.7940493187308788,0.352116246126541,-1.0,0.18270285319751955,-0.7742812517120253,0.19914723120066907,-0.9473676583198354,0.21267171087941117,-0.7082579089044702,0.2212326254535831,-0.5234991425310122,-1.9177236676226545e-17,-0.7295628378878499,0.022685409390417507,-0.8796897111026973,0.04911846533062952,-0.5923321067968288,0.06803558100757484,-0.39418318494651006,-0.17143587054732784,-0.6574156320559269,-0.16623495123461843,-0.7712769308960146,-0.10392012968942527,-0.49457454466175554,-0.058218636580455306,-0.3146534276557668,-0.34313813789112724,-0.5574747382079663,-0.32946481217369433,-0.6798343304006865,-0.2528989221836492,-0.473643946363554,-0.20393254989260254,-0.3248714274564676
A,0.0,0.0,0.23868341959252384,-0.19480250708023633,0.44971749170617575,-0.5062886729227192,0.488932405143207,-0.7908261176726584,0.38954469524269253,-1.0,0.17909255887296757,-0.7882301996889817,0.21146330102985522,-0.9608113060602398,0.23078462149942758,-0.717071455467244,0.24134266474279123,-0.5329581835922249,0.0,-0.7495966440387727,0.03428016483797304,-0.8890407628186483,0.06804868105556756,-0.6009331816678586,0.08965061720301436,-0.40673892369578035,-0.1686651402074136,-0.6815191155016829,-0.14947556158494238,-0.7873568779411638,-0.08501577582707145,-0.5143251647211218,-0.04060730809262219,-0.3368748040525278,-0.33946210418363265,-0.5863256177232044,-0.311216341464844,-0.6858893612948261,-0.23566220816638966,-0.48085607570095906,-0.18716129221379574,-0.33825099396439645
A,0.0,0.0,0.23086300817666358,-0.19496002287009442,0.4180945903623628,-0.5133107558019426,0.43771847969464883,-0.7868299252699976,0.3504810371734918,-1.0,0.1705766385437468,-0.7600258778225077,0.18888386983403854,-0.9400867011465156,0.20947390571553218,-0.7222395426879102,0.22212377514520237,-0.531455156121262,0.0,-0.712338966154658,0.029580788153295134,-0.8541399954289006,0.05770325336769508,-0.5777665030503968,0.08167453588758267,-0.3811625533373688,-0.16497843705471338,-0.640210809994753,-0.14621187598984758,-0.7531509243047696,-0.09419137442224758,-0.4851205894298147,-0.05316557803649704,-0.30787966424749763,-0.33587094823847324,-0.5425944120836056,-0.30540898278655204,-0.6478595945187712,-0.2365778540492447,-0.4513792899367282,-0.19125042370535655,-0.31555213723035297
A,0.0,0.0,0.24445905425527134,-0.15692037522506258,0.4520930992573964,-0.4823878685400497,0.4824249661943731,-0.7787350845364875,0.38074075976688326,-1.0,0.19511509152855566,-0.7707012030130925,0.20548668766518394,-0.9538515849380379,0.20823367589560807,-0.7275694978604724,0.20926911474662752,-0.5227499665406773,0.0,-0.7356037214087479,0.01660134263935287,-0.8768017877786963,0.03604164765965455,-0.5875604112876687,0.05484645251748051,-0.36980242559898124,-0.18696003070049952,-0.6617622829784046,-0.18203065720673647,-0.7911426486256002,-0.130156188424251,-0.5025707678078805,-0.09227037018262416,-0.2960585707540144,-0.37820350773330214,-0.5603385074492863,-0.3699613778571341,-0.6659282137375382,-0.28959789021725063,-0.45987753776191065,-0.2310663279281544,-0.3049470825145955
A,0.0,0.0,0.23533322504795728,-0.18762277277834988,0.4222161681827919,-0.5121074450727536,0.4315085075181762,-0.7887261944285682,0.3224715399597202,-1.0,0.1784514271162731,-0.7598460645664914,0.17290982455299492,-0.9377073115661921,0.19740956657099235,-0.7263886873401818,0.22149445011285782,-0.525180455632978,0.0,-0.7041238686230984,0.004854281476933655,-0.8574417879916102,0.036620147625507575,-0.5865376176044265,0.07227611868311541,-0.3733037987685219,-0.17622065378540092,-0.6164149833792794,-0.1850031484529961,-0.7399539489256345,-0.1228289993414257,-0.4683114680081387,-0.06699719239137635,-0.27783702097952906,-0.356838103172629,-0.5041217718248276,-0.35266717112583734,-0.6166720082824746,-0.2744585471393433,-0.4150361304237995,-0.21682544128223796,-0.26894390203183194
A,0.0,0.0,0.2328506398228666,-0.1873393482795116,0.41946776173019734,-0.5101763146561477,0.4289550100739761,-0.7923172033064575,0.3290470383152462,-1.0,0.17690773582302213,-0.7437463422866795,0.18137809136240443,-0.9446771044265523,0.20404781177352815,-0.7296862136004302,0.22542126179798538,-0.5364626590318788,0.0,-0.6910686463537289,0.017346566632667558,-0.859668757895649,0.05312617826479849,-0.5901828646387193,0.0886886502631527,-0.39308439715835447,-0.17403611211479647,-0.6110761063264668,-0.1626576484575685,-0.7447360881832622,-0.10101591687372773,-0.4707736880922014,-0.05155801738787494,-0.2901223410545404,-0.3575814388199969,-0.5091576167567667,-0.33534486479865616,-0.622142169789798,-0.25396174071117383,-0.41869525689382514,-0.20032228123981327,-0.2797020384291517
A,0.0,0.0,0.2374237589501977,-0.20346228233840638,0.4279233037838902,-0.5188040620405789,0.44778440309732387,-0.7966994301721855,0.3441479417869968,-1.0,0.1766674858885723,-0.7521944974093895,0.198436603197769,-0.9508998516630071,0.222566036842474,-0.7314563301905274,0.23332317399043223,-0.5312435086422242,0.0,-0.6983783062258333,0.033032322047768896,-0.8732895893875189,0.0688106861285144,-0.604924343769688,0.09530181190143215,-0.3948392521605557,-0.17548198700161438,-0.6156867722847956,-0.14894499092893973,-0.7638805816913897,-0.08982821534450783,-0.5016184965508974,-0.047720726800066476,-0.3111366688705253,-0.3599839862176254,-0.5060363852371179,-0.3217458703352364,-0.6299801699878544,-0.2409717125674953,-0.43874894109294016,-0.19245043306644138,-0.2921781390184005
A,0.0,0.0,0.24357914464029518,-0.20701091805487845,0.43599081218596564,-0.5226813521220195,0.4406521252277117,-0.7988629914733164,0.33131865024952345,-1.0,0.18107674785454844,-0.7661410991536837,0.1939570409722821,-0.9492748722315683,0.2190143045478456,-0.7228241280288569,0.23607279759801508,-0.5242727865940607,0.0,-0.7151908265744472,0.030712364110269005,-0.8739205113277015,0.07108904497008556,-0.60033702384636,0.10350765839310296,-0.3926292470502426,-0.17620736947672322,-0.6331879402009518,-0.14057979948117444,-0.7557079761798764,-0.0746273184075154,-0.48932188553212397,-0.026883723217339783,-0.30516968183001625,-0.3578800227757955,-0.5193932774274752,-0.3035287957357777,-0.6038471179349143,-0.22218383014526763,-0.40686685761701213,-0.17109635094215822,-0.2720609281492867
A,0.0,0.0,0.2230870895313182,-0.19453607510572526,0.4028865019357394,-0.5170301619679163,0.4030874162337419,-0.7908568119523783,0.30977830933032063,-1.0,0.17631809904336532,-0.7476916222021225,0.17560976892808658,-0.9300017330912954,0.19499612052168322,-0.720294337154943,0.21509845758781104,-0.5329811301922572,0.0,-0.6902802031388868,0.023152126022055568,-0.8435261211663394,0.056973890386818805,-0.5750907211911185,0.0852215402903417,-0.37464740147681935,-0.1700746948397972,-0.6095688189113331,-0.14736931194722316,-0.7319884873113472,-0.0850523357535675,-0.4680190848894778,-0.038931723448886436,-0.28645245315809187,-0.34721987119384823,-0.503177834896834,-0.31158061976614115,-0.6126614275418663,-0.23332802082861884,-0.42133724060161876,-0.18567993207356545,-0.2850105253734724
A,0.0,0.0,0.22899318707256436,-0.1962325222086776,0.40207325291077245,-0.506036253577734,0.4108240060513233,-0.7792270208522555,0.336093697292263,-1.0,0.17622009624518828,-0.7567614106149939,0.19853819847549584,-0.9302592689705923,0.21318206085509717,-0.7155135926644933,0.22449574402615263,-0.5194933734962145,-1.8068334981411375e-17,-0.7010475233960982,0.03717535700269436,-0.8510251503637666,0.06588821162823875,-0.5835750559565559,0.08964620590620831,-0.37389780572300907,-0.17294581246049848,-0.6193883967597168,-0.14216210089761624,-0.7458074728632245,-0.08794824311008631,-0.4857461608196721,-0.04878973182422045,-0.29572037220296543,-0.3514329010158633,-0.5101769951135696,-0.31228557993616096,-0.6313000804539992,-0.24037613710100714,-0.4473446476416247,-0.19949912861517885,-0.3040844978816675
A,0.0,0.0,0.23338185804739617,-0.1982314483183382,0.40695924837784264,-0.5203621308938469,0.409766172878587,-0.7949682456140712,0.3239865506809758,-1.0,0.17787558964121036,-0.7595454989379692,0.19142010592623906,-0.950216661247523,0.21367956985229494,-0.7271125500205176,0.22631915359071442,-0.5293697364638043,0.0,-0.7050739679178167,0.03520532648807296,-0.8694415111270128,0.06827708023912457,-0.5954242595449304,0.08893817635336693,-0.38499374451684487,-0.17382501111217386,-0.6276386967282179,-0.13563444001165398,-0.7568840464794471,-0.07760218665656284,-0.48558646335174854,-0.039483221219836794,-0.2930676985634816,-0.3562921902092614,-0.5219545076210079,-0.306117830254817,-0.6449448240449057,-0.23108874474446897,-0.44399049239175103,-0.1894567977733191,-0.2913459657834661
A,0.0,0.0,0.23066184721043692,-0.19737412132989265,0.4012193296187819,-0.521596616308547,0.4018650361440846,-0.7965055857628501,0.32124780157804145,-1.0,0.17853855089249773,-0.7417245179616937,0.17988784821028495,-0.9528545508017168,0.2041449247077356,-0.7407896839150925,0.2235486259607554,-0.5430974232232658,1.7992813700206905e-17,-0.6846618877003214,0.02774091488494452,-0.8662582594128755,0.06503252428525941,-0.5955626425589019,0.09391805330614537,-0.39193669509399953,-0.1735500738383369,-0.6056113777410748,-0.14004971820915843,-0.7502722662137753,-0.08042270504247111,-0.479714993076776,-0.03951994472722191,-0.2977968681888707,-0.35524416508808265,-0.4992785643141642,-0.3087962398782336,-0.6418760279387092,-0.23589481648547744,-0.4462977029571399,-0.1956642739126104,-0.3023805268670545
A,0.0,0.0,0.24242556750438665,-0.19364563771932922,0.411613502861265,-0.5219623854901365,0.40123069565018804,-0.8010575340925453,0.30301130874996207,-1.0,0.1815640939211071,-0.746283540856575,0.1815173199212537,-0.9527822569761253,0.20824489896896428,-0.7403361562337125,0.22922190496761619,-0.53578407119825,-1.8049465514131395e-17,-0.6922546579276531,0.028464587476179224,-0.8647120503173329,0.06601557104293673,-0.5957763266354097,0.09694635392018991,-0.3785175525352424,-0.17430353964383039,-0.6159773002969966,-0.13678657531874858,-0.741394591132824,-0.0737289728622574,-0.4666933078075216,-0.026869739617062387,-0.2700360565987368,-0.3519028566929391,-0.5125925158844534,-0.3009124576592422,-0.6196681992822237,-0.22565135827618235,-0.41832276016040043,-0.1782188934246031,-0.2694084233854679
A,0.0,0.0,0.23732167542466265,-0.16328731080835332,0.42652189436149757,-0.49542383859610967,0.42469618054277486,-0.7882294950698708,0.3362653309978106,-1.0,0.184339686948964,-0.7420609169751063,0.20818757007256997,-0.9424521622958479,0.23188623934132432,-0.7181210731389565,0.2406671753561814,-0.5138736356931048,0.0,-0.6892363668862677,0.04879194466043181,-0.8596147355673054,0.0869993124567827,-0.5802428733707161,0.10545706237071491,-0.3674234872415759,-0.18210953943904223,-0.6100976275786764,-0.13101067132030267,-0.7500386188994631,-0.06972809376570671,-0.4588160261136268,-0.034910134645731714,-0.25743578081143054,-0.37613259642244407,-0.5068690902264807,-0.31444194206376863,-0.6205409742210561,-0.2305753217853572,-0.41355406101160264,-0.18441229260394618,-0.26278878728948957
A,0.0,0.0,0.2412947565996981,-0.18052459505138627,0.42303125415770876,-0.5025897328658286,0.4262239120228577,-0.7799882175254093,0.3504486535872106,-1.0,0.1772863395377676,-0.730473153242487,0.19682419356804667,-0.9460847416799929,0.23160638117810517,-0.7351063623498952,0.2456353841489117,-0.536326544079373,0.0,-0.6791080554084882,0.046703376416016226,-0.8516610317842472,0.08882957542822162,-0.5766015012554715,0.10625527939323125,-0.37030865951154535,-0.17489178781925763,-0.6069669532401348,-0.12063734565429697,-0.7497832237558184,-0.06049342426170166,-0.46780731413826093,-0.03152851888605632,-0.2738150132692455,-0.36065021516397955,-0.5115507199066599,-0.2952562977777585,-0.6475387321628528,-0.21563825400326447,-0.44430746991541653,-0.1790533181634624,-0.29176341020418833
A,0.0,0.0,0.242510812995585,-0.1811340799198233,0.4152716952775618,-0.5046955597050433,0.4226089505229154,-0.7828384603025259,0.3433905170622933,-1.0,0.1787334958723249,-0.727491756338184,0.20016636701461493,-0.943338413625133,0.23238774771487966,-0.7359934026490182,0.24805157231858732,-0.5345825893626014,-9.096749976285193e-18,-0.6787119013769823,0.048312683477927575,-0.8516301856147003,0.08557741075494868,-0.583189689858308,0.10408547097093095,-0.3727670118721693,-0.1764412992572557,-0.6085586153385906,-0.11929416819986693,-0.7542653826191796,-0.06369916938721268,-0.4832879686367259,-0.035762738074638194,-0.2894150488747036,-0.3607463132048585,-0.5127821033639022,-0.2933779505119914,-0.642900426369814,-0.21621968116954868,-0.4451801857138041,-0.17860676663563693,-0.29400786012630326
A,0.0,0.0,0.25425354155648733,-0.18683246999127817,0.42876029645631686,-0.5196757002179052,0.4251474775612361,-0.7993778471734098,0.3315660297936976,-1.0,0.18435436581880366,-0.7419331204788292,0.2076301011891929,-0.9394967320095052,0.23892714930187042,-0.7230092352740094,0.2531317929344894,-0.5198415992878784,9.172937414216074e-18,-0.6889520785982378,0.044771091695498685,-0.8594673114194812,0.08761923592044572,-0.5877871105231188,0.11222226715517951,-0.37259993067951497,-0.17938543032332846,-0.6153045757842226,-0.12368606723169938,-0.7455670442552498,-0.06167920447543225,-0.46788849484580114,-0.029230894899806983,-0.2709125269294203,-0.3662008632277657,-0.5169129074115001,-0.3008068605218319,-0.6369779490198317,-0.21894538104049674,-0.43509098028682386,-0.17759221899563887,-0.2836367357961707
A,0.0,0.0,0.24127156113418272,-0.18283495841453812,0.41725290639808466,-0.5145224846804598,0.417671371281732,-0.791776643395525,0.34094269735216637,-1.0,0.18302052310075229,-0.7384762536981223,0.19683249432286187,-0.9504661781700641,0.2161019791247439,-0.7362546919028508,0.22833669171797935,-0.5361185421782239,4.6006011122631824e-18,-0.6836611726598203,0.03419136828252802,-0.8656849801197274,0.07034567878554135,-0.5962696147240802,0.09989754062152582,-0.3810238574509122,-0.18042502726862317,-0.6102422414113702,-0.13254297578019186,-0.7412987744153247,-0.0702113122464986,-0.46383036359987573,-0.030433932497877368,-0.26754814803776167,-0.36762831636441934,-0.5141384666706211,-0.30830511220530654,-0.6340695265462002,-0.23195672917182897,-0.4327114258232426,-0.19138198458881214,-0.2831839829722528
A,0.0,0.0,0.24096268479506813,-0.18248985737838433,0.4235876702932321,-0.5121144888819633,0.4392579278733404,-0.788889776459356,0.36009634233583215,-1.0,0.18198406280604942,-0.74144966054723,0.20963251402792782,-0.9498198723892309,0.23729623636545275,-0.729397225426807,0.2485475471620554,-0.5267461363363353,-2.295425128528653e-18,-0.691456323332626,0.05121133104320942,-0.8764354074551236,0.08485450925725325,-0.6054128676103678,0.10215981535648352,-0.3875284397659988,-0.1777194868451097,-0.6179626688640889,-0.12067422840397687,-0.7633172318478505,-0.06103585709862722,-0.48205635324700047,-0.028825014861308347,-0.2806368182033757,-0.3591202035034774,-0.518057779111656,-0.2959093956025978,-0.6450520427882912,-0.21579544591285352,-0.444408062251793,-0.1748404743438178,-0.2896872684661721
A,0.0,0.0,0.24793838755420622,-0.18284376426878948,0.4252085957132183,-0.5143864455879446,0.4339522172976283,-0.7906338498329205,0.3631134412807035,-1.0,0.18147483543234352,-0.7422998500272991,0.2109985723603643,-0.9551522425059131,0.23592135357762473,-0.7403448031375818,0.24637582174469824,-0.5403759438241944,0.0,-0.6935147497199026,0.04780063962595829,-0.8764448885231777,0.08093822087161659,-0.6025798508264003,0.10314051942932724,-0.38378389705553767,-0.17888492946758694,-0.624562644035376,-0.11855583124026553,-0.7596816163619912,-0.060430348147833615,-0.4763077106991738,-0.028011134503431286,-0.27710780742606833,-0.3629059082249496,-0.5305025884147166,-0.2976101120130528,-0.6471458370409172,-0.21981612733562444,-0.44057475469040397,-0.17949527946209534,-0.2894587956504176
A,0.0,0.0,0.23800800360343272,-0.1778588367375255,0.41798090537492455,-0.5105149399955229,0.43652721430372177,-0.7876168738942853,0.3603683133891544,-1.0,0.17598039690632944,-0.7411894945957923,0.20445250981800933,-0.9563926013723829,0.23885312436276665,-0.7504860051634153,0.25132500594166296,-0.554823547252363,0.0,-0.6929998937346935,0.047678723675947374,-0.8687865219644967,0.08873616666396926,-0.5976505627639369,0.10960787905818221,-0.3858420890315681,-0.17558351318578905,-0.6227478947048979,-0.1193193963076856,-0.7630084129359933,-0.05727273517195876,-0.48759626353162355,-0.026474510279037966,-0.29196923324622875,-0.3566926989602456,-0.5263009076374381,-0.2945177611230053,-0.6462191981985606,-0.21786747423167857,-0.44955825033408187,-0.18192554198706995,-0.3030888096815464
A,0.0,0.0,0.23721452500446438,-0.18745038189598026,0.4099425809258123,-0.5102688534947745,0.4218667019871359,-0.7850484932589001,0.34016301384710884,-1.0,0.17459611766008556,-0.7329236317755701,0.19124538741538408,-0.9448552338396872,0.22305267688033512,-0.7340585842423486,0.23903813677742503,-0.5426568232756633,0.0,-0.6827415263120261,0.037648181447189115,-0.8559801572216673,0.08048852165997036,-0.5909733531876556,0.10489524432200023,-0.3864723022216102,-0.1727517578351607,-0.6099911062752013,-0.12229132999878149,-0.7507574335556724,-0.060263813502334486,-0.4757663988772651,-0.028426427608327018,-0.2804079920396367,-0.3502515818309176,-0.5112458192185446,-0.2908973547889229,-0.6355721012959789,-0.20976202644344244,-0.4437931515195697,-0.16897822369741378,-0.29740825991848835
A,0.0,0.0,0.24425730822858513,-0.1843291946259185,0.4062693821553137,-0.5159169283506996,0.4070379787243095,-0.7856234320455489,0.34918999475216234,-1.0,0.17405990471836472,-0.7263558196862212,0.18933962835051638,-0.9416165522920664,0.21679609460374452,-0.7357594093289282,0.23084522508912506,-0.5413751101867136,0.0,-0.6756286912451992,0.03235367707227784,-0.8510406301012522,0.07254023994616304,-0.5871323248695545,0.09662972056005617,-0.3834517229251076,-0.1729133601320861,-0.6050758040680004,-0.1268475747626546,-0.7554679664808319,-0.06571730213647888,-0.4808656808235581,-0.03325065511001749,-0.28887777606008863,-0.35084561045485313,-0.5094193375343334,-0.28904225967775465,-0.639746524414555,-0.21334441090819536,-0.4453131159840546,-0.17711552590305593,-0.3012732324511475
A,0.0,0.0,0.23786437543954292,-0.16723401487953654,0.41811627495750897,-0.4947028674027983,0.4307127200220371,-0.7754520898226407,0.3928568207217941,-1.0,0.18734692781929366,-0.7391160829022833,0.21287053034529313,-0.9427423351229782,0.23460909187548787,-0.7289393181784808,0.24424563292148158,-0.5290942900276174,0.0,-0.6890431743212478,0.050864344433336414,-0.8617010893654824,0.08668098048514082,-0.5846610289799538,0.09883203472777757,-0.37141355774370155,-0.18248365157656415,-0.6127175633765403,-0.1301789168297129,-0.7740780338607635,-0.06311161030555273,-0.49528605523945396,-0.033960705928335416,-0.28927583080619945,-0.3713771431394871,-0.5134450957783139,-0.30767669668319897,-0.6550325604451337,-0.22296429157691752,-0.4699425610351019,-0.18492868445129726,-0.31701369314699546
A,0.0,0.0,0.24422018425436356,-0.18295664236743658,0.40536882430051047,-0.5106280406214302,0.4031342943091797,-0.784846417737392,0.33448687058296883,-1.0,0.17222368072581656,-0.7293747402028113,0.18610381125704242,-0.9356136116707822,0.21733268256585483,-0.7370346919684764,0.23420040641118126,-0.5423649287573121,0.0,-0.675532386866865,0.029834310894965067,-0.8537956835249513,0.07283407181860185,-0.5949086742770638,0.10104847533566406,-0.3818789114453101,-0.17075127615233426,-0.5977499713872175,-0.13138371607067623,-0.7537225040255058,-0.06595929354848992,-0.4862966438485834,-0.026741944583215625,-0.2847887354891407,-0.3449876377343853,-0.4933806994858901,-0.29661600519117653,-0.6298195092021637,-0.2137054787823793,-0.4413979072988266,-0.16679807795889695,-0.2891788312524415
A,0.0,0.0,0.24198560081044573,-0.1901709473678865,0.39803881828507626,-0.5117131466498624,0.38938495686377966,-0.7825963485418862,0.3346240104131082,-1.0,0.17183674690261802,-0.7312179561657586,0.17888026686050984,-0.9334498994108722,0.21312782176374628,-0.7356273052833585,0.23253996432113805,-0.5415554278213208,0.0,-0.6745542135817346,0.023431965107375052,-0.8597994787251904,0.07569246897958413,-0.6079892401208195,0.11128781828513876,-0.39586096831420975,-0.16965628217471362,-0.5951805824853319,-0.13165977130363507,-0.7452116079329407,-0.05530120454518464,-0.47517839398933026,-0.009340608295916333,-0.27637769880301977,-0.343192548038659,-0.4862853522989942,-0.28984867773533757,-0.6224655625892735,-0.20146645758558562,-0.42838542332150004,-0.1497841492262504,-0.2744150159221481
A,0.0,0.0,0.23773871881331882,-0.193273138860238,0.393386753076531,-0.5178726403751193,0.39152419537619126,-0.7867522510829631,0.33924797912174676,-1.0,0.1706929072044735,-0.7227327539496498,0.17577916335465862,-0.9441693939823923,0.21029767178296974,-0.7541135651034419,0.2325407975856804,-0.5621190005113971,0.0,-0.6647130838206609,0.013446959254331054,-0.8653584339474462,0.07616918449527502,-0.627047491777034,0.12207856100906901,-0.41967832208946626,-0.1683696942526222,-0.5861024632200607,-0.13685488760314332,-0.7407100192710974,-0.04733774907274206,-0.4797646815668404,0.006666054132117169,-0.285071919722117,-0.33957446731054114,-0.4794005844281365,-0.28907592994702164,-0.6296592490232806,-0.19385848842251732,-0.4396687882426172,-0.13962767864702175,-0.28383773087457753
A,0.0,0.0,0.24672903067644725,-0.19778194525216974,0.40419174768906657,-0.515985475379605,0.4031056874571787,-0.7843561110670171,0.3507014983533652,-1.0,0.17529173766884593,-0.7316898089258789,0.18484928681221738,-0.9435243135292476,0.22166811787265608,-0.7463552361213276,0.2422609455202374,-0.5496301897078404,0.0,-0.6738226107642931,0.02472959945853457,-0.8593304510710962,0.08575595807822181,-0.6147046679626448,0.12831829455646984,-0.40472093481753496,-0.17095858699117755,-0.594592211637415,-0.127131793436001,-0.7355478260455874,-0.04469169884097725,-0.4738059908128317,0.004471447822960844,-0.2759346307937278,-0.34374409165040104,-0.4861624484876476,-0.28738846722576245,-0.6257804648984701,-0.19557301974595726,-0.4370667448304384,-0.1429476357388777,-0.27988682452471136
A,0.0,0.0,0.2351398193815746,-0.20140243033060518,0.40073533701973674,-0.522966177726496,0.4035676195564983,-0.7957515522139509,0.3163115935912198,-1.0,0.17434588295572837,-0.7296090717254231,0.16323752768120792,-0.9488519906411755,0.19235820483607408,-0.7636151653354079,0.2169465863298786,-0.5676331539366519,0.0,-0.6721264695228371,0.007703601281204887,-0.8587272455993182,0.062143735667023414,-0.6145805768679549,0.11184067639567838,-0.40148070288210164,-0.1713170944255085,-0.5944976089003177,-0.14366732295223741,-0.7347765034308614,-0.0637285454417588,-0.46639269724096805,-0.005261495021429686,-0.26430328700169536,-0.3472217543717855,-0.48843822274245063,-0.29727613071978964,-0.6157340581821164,-0.20527268859525175,-0.41526733503938096,-0.14445382444552382,-0.25579838292531737
A,0.0,0.0,0.23402184140056453,-0.19557281554372039,0.3955766272041599,-0.519358120505928,0.387535135261582,-0.7888724927685281,0.3177290321967014,-1.0,0.1751461151865093,-0.7218089348579858,0.15913693530924503,-0.9244375213944223,0.18087367067649734,-0.7458937038912024,0.20421026849326027,-0.5558292709082767,-4.4349352722938566e-18,-0.663181693504369,0.0014502357706236235,-0.843657252311499,0.047248591744025056,-0.6046982515972298,0.09718752580284387,-0.39897606116377476,-0.16580951170562166,-0.5835674479644143,-0.14810650591722513,-0.7228101799522925,-0.07660442821268479,-0.46141206590319783,-0.01722927753757201,-0.2710571157080315,-0.33076117605338445,-0.47348256058846777,-0.2958148908454063,-0.595556653675923,-0.21829108570663594,-0.3911147452656162,-0.16239048492283775,-0.23771638246500987
A,0.0,0.0,0.23386097192829824,-0.20219199781653655,0.4017829552535382,-0.5201926016074025,0.39453894143643375,-0.7917337224454615,0.3074379504061153,-1.0,0.1717186094461616,-0.7187264296413762,0.15556084975894757,-0.9209240251831976,0.17715369434526282,-0.7359023814915472,0.19921230229004674,-0.5485360507127927,0.0,-0.6561786946310308,0.0016864591283007103,-0.845111546007453,0.04546829081121211,-0.596167445113217,0.08829297234265232,-0.38767315812827347,-0.16468435520608357,-0.5754308446314099,-0.14862360041258108,-0.720369936898324,-0.07741965375776172,-0.46219307973284784,-0.024350780305131225,-0.2715817938654462,-0.333272150215564,-0.47076962475325784,-0.30226294051073427,-0.619070991837229,-0.22352712614038395,-0.4332565287724465,-0.17460012483070667,-0.2834890100749694
A,0.0,0.0,0.23526385936328106,-0.2036386101113358,0.3980128966461533,-0.5162620880046215,0.3899842694015209,-0.7867370491330735,0.3106759321955915,-1.0,0.1761979970125401,-0.71006285119586,0.15017802013124426,-0.9090905700943719,0.16355340406335947,-0.7280345616597906,0.18760641041555004,-0.5363248091800553,0.0,-0.6479553154114327,-0.011298963033455001,-0.8313478186013177,0.028296879935208383,-0.594701995474855,0.07938706109376924,-0.38543469782988227,-0.16874210233591794,-0.5674997801030323,-0.15971758605701097,-0.7013835635689617,-0.0938867372669969,-0.4455355592602178,-0.0345477827412291,-0.2533824491497669,-0.3375184023297976,-0.46582483079625164,-0.31043490607040625,-0.6044951055173842,-0.24350637094250455,-0.4191081738599534,-0.19775574439960075,-0.26785874138606064
A,0.0,0.0,0.2334888580988041,-0.19867600795800802,0.39025869691354426,-0.5171140051806888,0.38068737878995057,-0.787638153253107,0.3038747756745492,-1.0,0.17853110503966557,-0.7121690128401584,0.15600747664792133,-0.8992906012732385,0.163725481720849,-0.7233238332878523,0.1825802907753415,-0.5384049353803123,0.0,-0.6522669235645074,-0.009771022791583681,-0.8233566762240119,0.025992283757581485,-0.5835554211496782,0.07381373600654885,-0.3818145130160532,-0.1684678778353904,-0.569786731019935,-0.1666563339674064,-0.6963701998161239,-0.103350032178012,-0.44507119736646295,-0.04561988134858333,-0.2646036807740948,-0.3362375758030779,-0.46300328865768814,-0.32304714773060833,-0.5912482553408124,-0.2533884520297062,-0.40676408103463735,-0.20293799658910464,-0.26600306729711193
A,0.0,0.0,0.24719083411694723,-0.167379745551396,0.41426005064475074,-0.4942259922207945,0.3999883465865835,-0.7849160008165287,0.32775186093840214,-1.0,0.19026460899717546,-0.6905188534028932,0.1656940334364698,-0.8739363092321882,0.17028617270409616,-0.6683763094500824,0.18668192442454978,-0.479102772281275,0.0,-0.6349174317641133,-0.011679504040532473,-0.7847654050359152,0.027137702463440754,-0.5159711892544803,0.06438601826933654,-0.3147437196904661,-0.1699508571435341,-0.5546614514469155,-0.18021160366418362,-0.671303948855853,-0.11598182687739768,-0.4080609855227684,-0.0639609043593731,-0.22886494456681858,-0.3389306308435829,-0.45482485465441824,-0.33560907174428783,-0.5688347288353784,-0.26854967651517675,-0.3829190601959654,-0.216676999659252,-0.24971646874481718
A,0.0,0.0,0.23781292303355675,-0.18021357074103125,0.4060993715270937,-0.49930083412521115,0.38935729290112636,-0.7798933147280175,0.30270394389860145,-1.0,0.17975197059047573,-0.689880629212549,0.1535645318295079,-0.8884837747669829,0.15888455125396356,-0.7100291116850052,0.17854864155925163,-0.5224366735050641,0.0,-0.6319852034103555,-0.008216812006656913,-0.8093778912989411,0.021166367591248673,-0.5621347918597095,0.06476023813021373,-0.3612049912629577,-0.1676558977821971,-0.5512347996233778,-0.1693347414136531,-0.681395882202203,-0.10913400470352151,-0.42242564184237735,-0.053398305826711165,-0.2452130321866295,-0.3331383098710766,-0.4476913862161432,-0.32640990049983726,-0.5810993582035359,-0.2551303089852886,-0.3941730519213601,-0.20442782429151068,-0.2563813313449529
A,0.0,0.0,0.23637361949062294,-0.18292561752569078,0.3938245597109471,-0.510405278786635,0.37843051772004277,-0.7913245865044137,0.2859795857751273,-1.0,0.17326248628884278,-0.6926668440408078,0.14304285996186217,-0.8844351223944658,0.1437582957380904,-0.7033725111880758,0.1646970637801938,-0.5213059344331047,0.0,-0.6354834252439245,-0.016565587578104335,-0.7997470174436184,0.01266045357110867,-0.5506025390139196,0.0629802321312751,-0.35163339596112697,-0.16024114037360138,-0.5556677632897318,-0.17526386040304195,-0.6814653621944632,-0.11483750572243978,-0.4217364948214542,-0.05247905679080333,-0.24482011454748512,-0.3164757047722614,-0.4551013729323513,-0.32254410772087555,-0.5787152199015968,-0.2546906382298537,-0.38665528683175926,-0.19867977369115603,-0.24863318463839668
A,0.0,0.0,0.251902463514991,-0.1993451136800254,0.40334951542259223,-0.521460355015587,0.3760688247721406,-0.8019494356483906,0.2722301606181298,-1.0,0.17807596954436716,-0.6997574248373353,0.1330579848835864,-0.8863146921030203,0.14028438832565923,-0.6942374976065543,0.17244822499402415,-0.5063562948412651,-1.815964043318773e-17,-0.6394173280055941,-0.039730445799809014,-0.799699870644213,-0.0022585420819855847,-0.5504085158751529,0.059842648964522904,-0.3494773465318323,-0.1621578361961681,-0.5593542346124255,-0.19605482748980696,-0.6790217875309469,-0.12975285127950648,-0.42259710874027934,-0.05709897161847321,-0.24214053287889342,-0.31763033866567386,-0.4611010744138354,-0.33639678162313236,-0.567728057729562,-0.26437090939440233,-0.3756225943758099,-0.19563481622442055,-0.23435105576553242
A,0.0,0.0,0.24417129041282873,-0.17912627652703475,0.40691115479550777,-0.503439628136021,0.38383519295341306,-0.7905914430200707,0.28233297927092244,-1.0,0.1770025637155583,-0.6891323121593015,0.14672099258405066,-0.8853724648358162,0.14907470425321953,-0.6875619098898863,0.1742038139831802,-0.4926205815750538,0.0,-0.6349181104918856,-0.024815962800903816,-0.7965113451168983,0.006449252879569415,-0.5379090175388347,0.06148667369678327,-0.3253171123664247,-0.1607192480015383,-0.5618960360234393,-0.18456639419160334,-0.6661504205262944,-0.12155593483210082,-0.40494461938848675,-0.052032670952039554,-0.22203128267178232,-0.31850158817279056,-0.47453789632197474,-0.327324880185786,-0.5519345205253575,-0.2613932487257593,-0.35718262430605124,-0.19521975638678704,-0.22270648534167975
A,0.0,0.0,0.24602892391488418,-0.184029071743763,0.4175724228212628,-0.5043553485680811,0.4062559420333739,-0.7895013187316597,0.3061129003860338,-1.0,0.1823437470772581,-0.705285801506427,0.1683210939403798,-0.8881718082142669,0.16674596117692891,-0.687329309516581,0.17949567588119023,-0.4858585974162475,0.0,-0.6514100382553665,-0.011632986012425269,-0.8113172782773187,0.010548707465927745,-0.5472435929794632,0.05736476612647853,-0.32658307494026756,-0.16517121200064327,-0.5764909173941042,-0.1761824119196256,-0.6862620264982314,-0.12201019314297533,-0.42061842698407953,-0.061285435870156856,-0.23071822804707345,-0.32574600059758596,-0.4822993275567187,-0.32401326453319845,-0.5794131316734727,-0.26043610717770815,-0.3855339654527149,-0.2035176584364383,-0.2444305522820542
A,0.0,0.0,0.243104852912278,-0.18180644747334856,0.40876600097448457,-0.5033388324145887,0.38995230998171376,-0.7860929436390975,0.29405477983804573,-1.0,0.1734487923980898,-0.7038513140782787,0.14660091664602784,-0.8916292799024446,0.1477307135755497,-0.6851434056971564,0.1653052357949263,-0.4868195898417415,0.0,-0.6485354276375015,-0.017403510915063036,-0.8151976185114034,0.005374174970783504,-0.5533305458208841,0.04628426905786346,-0.34207671380565313,-0.1578743616304495,-0.5705342166393287,-0.17999181834463768,-0.7001576800156586,-0.12424853838164984,-0.4338284123569257,-0.06482492355009119,-0.24634376494712848,-0.310623529334573,-0.46951708086162064,-0.3243695574112762,-0.5819410957961898,-0.25853618393102984,-0.38258514512132974,-0.2006178403982107,-0.23849506474472648
A,0.0,0.0,0.2309361466751728,-0.1871440664326275,0.389033391965117,-0.5079430569578461,0.373415994945588,-0.7888939573020097,0.2762517970816588,-1.0,0.1669282480442785,-0.7037373150360295,0.13304430192972092,-0.8853530239685129,0.1342067525628056,-0.6862484637727218,0.1522707516789487,-0.49748192285849646,0.0,-0.6493970671914381,-0.028110898791999062,-0.8080245603326195,-0.0006931140441613265,-0.5552391671550324,0.0442600948977275,-0.35323964740706043,-0.1522908783914915,-0.5755944900560925,-0.18459092711572583,-0.6881431702735376,-0.12201152832385696,-0.42888483287840584,-0.05694406651092257,-0.24926762464046567,-0.30011204064769753,-0.48216436540156143,-0.32291298435150456,-0.5793987743789974,-0.25542429014142226,-0.38993806535245007,-0.19445716024709184,-0.25650958743774216
A,0.0,0.0,0.23429669973861034,-0.1830994039682171,0.38747622701770235,-0.5004416235247109,0.3700570147462253,-0.7876441585200649,0.2713530399864852,-1.0,0.17020553812597514,-0.6884513274219964,0.13334203711149317,-0.8812110230757054,0.1296199717108224,-0.672087880536483,0.14650336669566638,-0.477143466198602,0.0,-0.6335696137044069,-0.037826911272474575,-0.7958366713426792,-0.0073947874745360935,-0.5341630773839928,0.04170987654728727,-0.32883243250070066,-0.15411010544542467,-0.5626791900032823,-0.19380131761010796,-0.6769454021662723,-0.1285088554058441,-0.4163949262652629,-0.05967782508511871,-0.23724460926845034,-0.3011850230698516,-0.4771603700825642,-0.32696653912226675,-0.5864517658844692,-0.2634210393786237,-0.39307644381279455,-0.20274528802498576,-0.2551042439979412
A,0.0,0.0,0.23250706532632898,-0.17596883689393306,0.3820956105038363,-0.4959521888247911,0.3561050456513753,-0.7848353257212475,0.2613870066612792,-1.0,0.16732929517331277,-0.6988367165275333,0.1305072382972192,-0.8765655276075021,0.13247353047844368,-0.6682709160585871,0.15047782041622046,-0.47616110306050835,0.0,-0.6451782389352654,-0.04314310569103565,-0.7886304299104341,-0.0018049548487290964,-0.5254609032333819,0.052543091994210665,-0.3280435631039501,-0.1492440926247287,-0.5738706940280891,-0.19442171956699947,-0.6689586573101406,-0.12201297399899277,-0.4074288633444913,-0.05259597261475744,-0.2355248675215378,-0.2924720225232874,-0.4860357334973313,-0.3253953035877688,-0.5760353521481181,-0.2563744335878227,-0.3768483626138535,-0.19296699112339344,-0.2448947525137085
A,0.0,0.0,0.24920680217948615,-0.14050853697283383,0.4289273319852951,-0.4730420686287621,0.4138385654356549,-0.7838188913385259,0.316794504858534,-1.0,0.18358363118239196,-0.6826084771025928,0.15908730197659468,-0.8625716149554503,0.13403267283370024,-0.6522769127956035,0.13620463938585192,-0.4656762365581063,9.403150053787173e-18,-0.6408008086546491,-0.026970850134080526,-0.7771524977609476,-0.001493543765551538,-0.4955727685016837,0.04314792408698055,-0.2913078888451066,-0.1597719413513804,-0.5767029606842105,-0.19356106733883746,-0.6705958994175358,-0.13875841905100825,-0.4010098943317832,-0.08263834888115314,-0.2225610459040487,-0.3132313895505723,-0.4959945948521813,-0.3343159755900616,-0.5774949046092441,-0.27708319428024936,-0.37384292426855675,-0.21523699837094912,-0.2365753901895374
A,0.0,0.0,0.22871684496905326,-0.1690015751892825,0.3946433805747868,-0.48786762202733813,0.37517570951068463,-0.7821342592498208,0.273892329686124,-1.0,0.16580200860059213,-0.691774728307428,0.11704576602871711,-0.8599486669256994,0.10446420846786718,-0.6536424480372067,0.11983268063610555,-0.45896175177941395,-9.106548341805964e-18,-0.64293232085641,-0.04718347781804837,-0.7806823012799123,-0.026088846313790732,-0.5176093121283557,0.023331019081140367,-0.308893776016643,-0.1461223491838195,-0.5792218944566127,-0.20480387588223203,-0.6657983133535075,-0.14902647944506536,-0.4093552789664123,-0.07807140527671097,-0.2309661290955144,-0.28618589237288466,-0.5019618912582529,-0.3296753748328825,-0.5798822773559508,-0.27192283763759645,-0.3809485097747433,-0.20460896634413792,-0.2419613597210382
A,0.0,0.0,0.23426581827602458,-0.16977268579117238,0.3943704622168375,-0.4856590115031925,0.3715402685492926,-0.7770447127106862,0.27517239439211644,-1.0,0.16863356750570835,-0.6941780124826336,0.12035514852558479,-0.8792570259178669,0.11064001504034542,-0.6683273718334422,0.125685611816814,-0.46772117484395476,0.0,-0.6421503726935969,-0.05560454533766501,-0.7848170512317338,-0.026097249727625987,-0.5159941059841613,0.027516282429751935,-0.3081342338884236,-0.14865354496153887,-0.576885771269897,-0.2074808064770481,-0.670168816909552,-0.14519353765100962,-0.412437282927536,-0.07299011103663305,-0.23545655833124152,-0.28868815182265806,-0.4996880888543798,-0.3330862201996064,-0.5984924252758236,-0.27385315435237945,-0.40523830897931523,-0.2086605595476855,-0.26708108981862505
A,0.0,0.0,0.23103156116492157,-0.16636544819077473,0.3947402615919717,-0.48505079303978743,0.3701489747687014,-0.7805031996074646,0.2732638387483581,-1.0,0.16803509896336108,-0.6991086512563436,0.13131740487507945,-0.877231515111379,0.12055252242715253,-0.6613792007707605,0.1308670729456898,-0.4646870884534466,0.0,-0.6524352113247647,-0.04413565737000023,-0.7903056020215072,-0.014884505537573804,-0.5145786375160785,0.034274144295140585,-0.30995550058825305,-0.1472950634334702,-0.5891194230561502,-0.20196709848977357,-0.6798538001942952,-0.1398196757567818,-0.41232958772737544,-0.07107002950683446,-0.23398703945384003,-0.2892739180743091,-0.5107953242262598,-0.32613180389565566,-0.5884474058881696,-0.2626796987292251,-0.3832375059453487,-0.1941270798559222,-0.24573384843666274
A,0.0,0.0,0.23040742547847995,-0.17247596918692215,0.38688807338915593,-0.4867532355863759,0.3635121801995309,-0.774916791995213,0.2760115556339201,-1.0,0.16458723878296244,-0.6894119356784214,0.12452506541734229,-0.8807377345394812,0.11791059364743764,-0.6720729231627863,0.13587632717442846,-0.4766472245030874,0.0,-0.6350981138817562,-0.04881272597183427,-0.7976696688086747,-0.021898336139300936,-0.5292807322216935,0.025657151054590106,-0.3216975053137623,-0.1433848749626189,-0.5663290732944003,-0.20139394137409844,-0.6836131053027539,-0.1397362472978649,-0.42485862399774965,-0.07243417091897318,-0.2464434045233159,-0.2796688308916554,-0.48513732536001997,-0.32390140923946786,-0.6039143064344142,-0.2643649709462587,-0.4112558828207107,-0.20269112885390803,-0.2698410681684347
A,0.0,0.0,0.23237240724112573,-0.1767429977076901,0.3900626741487188,-0.4896017099894814,0.3753623254974421,-0.7782640975614561,0.287209922708579,-1.0,0.16680777706790106,-0.7078329306195377,0.13078295551660776,-0.8939690539747845,0.12233490874288425,-0.6774568745204742,0.13682482167104099,-0.4768216490499588,0.0,-0.6536680486346722,-0.04079931136018163,-0.812495417318557,-0.019946334650183153,-0.5411810925681261,0.02077245639613521,-0.328289517073385,-0.14770140654603728,-0.5818023958245666,-0.19923011832173415,-0.703311305298472,-0.14451754390269078,-0.4404937279758957,-0.08399356254668355,-0.253655962389896,-0.2886645266121765,-0.49814420403688836,-0.3260774187392156,-0.6154212665387466,-0.2674859773235991,-0.42081371240000354,-0.2088564781455235,-0.27346812015609656
A,0.0,0.0,0.22761576199858244,-0.1701567892891721,0.39219605130585394,-0.48733084166764384,0.37591604436062526,-0.7768557982262931,0.2842888415055693,-1.0,0.16660388463298065,-0.7109626873442463,0.13127472644175356,-0.8955572276284011,0.12426881981612421,-0.6798670695462748,0.14133862556338178,-0.48248871076652433,1.7608980848146652e-17,-0.6589227499420195,-0.03801320017457538,-0.8092567090639339,-0.014237571801084878,-0.5373039655118161,0.0300599715039759,-0.3333063127291186,-0.1479056243132956,-0.5905029984772175,-0.1930290389145622,-0.7090042445174868,-0.13632994492299355,-0.4444597689944454,-0.07372451153868588,-0.26212460337170024,-0.29033932678270036,-0.5075499936147109,-0.32097252122425557,-0.6153873834856325,-0.2581688137603176,-0.4201617589894244,-0.1962303674740219,-0.2785496439688057
A,0.0,0.0,0.22576450064154924,-0.17877579989164172,0.39268189233151835,-0.4906322553480832,0.37253164564305286,-0.7787822771835435,0.2778225475493124,-1.0,0.16859436700459995,-0.7196842636420442,0.12289413630891781,-0.8951745085654508,0.11464154943668484,-0.6852976908760179,0.1359102033964274,-0.4992949125098227,1.7480139454140774e-17,-0.6679473828499348,-0.0449003752523584,-0.805658855884475,-0.018752656937411957,-0.5361112321606512,0.02924928129799031,-0.33428096292685233,-0.14786568152943297,-0.601318078869234,-0.2002286083095367,-0.6970571779160672,-0.14001229869675402,-0.4385321322969599,-0.07219016261358295,-0.2606178350899559,-0.289241752083384,-0.5196457294535024,-0.3230884678684134,-0.6170551113676435,-0.2586226143247955,-0.422326533187299,-0.19320608442414247,-0.2811444092859111
A,0.0,0.0,0.22659486721407865,-0.17232779452089148,0.3908472389226949,-0.488570170555123,0.365649328731053,-0.7773163419066527,0.2763397264004625,-1.0,0.16473524363898523,-0.7159108446836239,0.12404363658818843,-0.8981630508147653,0.1171653678971929,-0.6802697679252799,0.13825955665736753,-0.49019227322506675,0.0,-0.6621902148776088,-0.04134612238851545,-0.8039389196554491,-0.014468776243385,-0.5317450731208688,0.03392245507025192,-0.33689786252853465,-0.1455261024104059,-0.5908321100777468,-0.19083835131491841,-0.6886184127463113,-0.1345847179624168,-0.426448256813738,-0.07189196855096776,-0.25474261052341096,-0.2868686484162558,-0.5046317366143778,-0.3175979166102707,-0.5963474185701825,-0.25703297909088296,-0.3972436276834212,-0.1959830533654171,-0.2607897717138732
A,0.0,0.0,0.24051386608332417,-0.17448590257758567,0.4164461661357256,-0.48964414877430074,0.3930771145215432,-0.7835883612083591,0.2977436067508314,-1.0,0.17558043355432856,-0.7331131472496486,0.14362001062567878,-0.9102124105644324,0.13355937136609103,-0.6900324929658564,0.15203020924944033,-0.4906666254348681,1.7644575262237922e-17,-0.6801595802586438,-0.035460100410179704,-0.820958221523447,-0.013097280200126737,-0.5462910470523155,0.032500596568099845,-0.3308598804103024,-0.15267049161840945,-0.6104287695763143,-0.19391617963387567,-0.7028884661082224,-0.1402167819860139,-0.44131320174446,-0.07828460147905617,-0.2544697300063403,-0.29747545146553916,-0.5249495341045062,-0.3233434856973717,-0.6081378610708148,-0.26590925111936803,-0.4129435233222075,-0.2058784161791353,-0.27103733638560673
A,0.0,0.0,0.2357558945683466,-0.14602485591171646,0.40821755966845347,-0.47805390368083384,0.3993360653181803,-0.7818594871450995,0.3138267426821284,-1.0,0.17882415183138178,-0.6930213243294636,0.1480746084928757,-0.877498288927339,0.13397607677389417,-0.6584335934088271,0.1466947073938365,-0.4594915915447618,-1.7801409607137772e-17,-0.6432915754869106,-0.03380089984503929,-0.7784769106413513,-0.003763899895669568,-0.5030216720032566,0.04207450700915516,-0.298028270403121,-0.15911660366968114,-0.5729942375962582,-0.2008210523831535,-0.6841390327573826,-0.13905549815171386,-0.41552517755021573,-0.07691929864090816,-0.23025180781550322,-0.31419918065740576,-0.4840232802470621,-0.34174163266404917,-0.5686965312832677,-0.27466729834016856,-0.3672201533417356,-0.20844440414755336,-0.22738174566888927
A,0.0,0.0,0.2392151878623989,-0.15988243178386244,0.4216862220247044,-0.4860881869039401,0.4151419266429609,-0.7784937237305795,0.3179897064756029,-1.0,0.17415494211718613,-0.7131374151265581,0.1562369250057689,-0.8799333922503817,0.1553763088557147,-0.6471017692649795,0.17078047578528957,-0.443495684830633,0.0,-0.6645905459506606,-0.014003759620976337,-0.789027132724041,0.009065508845454682,-0.5016921565878697,0.04479057761203034,-0.2916650579839915,-0.15691279256327614,-0.5952086376861019,-0.1844885183172217,-0.6735222409186526,-0.1311101864466843,-0.4033771798879792,-0.07616944490548218,-0.22590881339375626,-0.3104610596855696,-0.5089090558302326,-0.32461685210081365,-0.5807731968976171,-0.26581391588802616,-0.37409460662441607,-0.21121815886313072,-0.23865055943375302
A,0.0,0.0,0.2358197401540007,-0.15939568311528823,0.4266717851054882,-0.4910345765611709,0.4280623163533924,-0.782685225704568,0.3265108519803646,-1.0,0.177078539095258,-0.7333020770566353,0.1743402998804903,-0.8946037130027278,0.17372616986581935,-0.6649922192719411,0.1889542821637345,-0.4628894153864536,0.0,-0.6855491248600695,-0.0035853014066962435,-0.8086465591558357,0.021406268787368347,-0.520650706912375,0.06133008216100669,-0.30823956429665905,-0.1674720328274105,-0.6158074911547871,-0.18309807239097123,-0.6927490742447145,-0.12297338834990619,-0.4194444556007515,-0.06394590313713766,-0.23717173821256846,-0.3340101195206748,-0.525368519002516,-0.3342889392349634,-0.5888584617091686,-0.2672613610711967,-0.38541933574126047,-0.2110917142187696,-0.25173166040563766
A,0.0,0.0,0.24195681552514106,-0.1698412130746215,0.44065436667050617,-0.4899727530250438,0.4324078642625472,-0.7771032823212299,0.33485745706886894,-1.0,0.1845086032374659,-0.7514271664433678,0.18765960443902505,-0.9012317614063637,0.18377162907364694,-0.6729709415146475,0.19372305037074128,-0.46367824651652867,0.0,-0.7044692252220139,0.009641131985902674,-0.8254824319355026,0.026294376862619553,-0.5439650508463234,0.05707423008972001,-0.3141959961423029,-0.17174399793048728,-0.6339278946293628,-0.17277398149945905,-0.7120120660672934,-0.12213006559265359,-0.43978922975935886,-0.07051168292650703,-0.23899113507057554,-0.34074082905618763,-0.5409994864781102,-0.3304213016717937,-0.6094506771643811,-0.2656312134428623,-0.39915380143380647,-0.21174203106121653,-0.2474736416335212
A,0.0,0.0,0.2434017559334661,-0.17207437276108375,0.4345966739806233,-0.49703225884723906,0.43609843081239275,-0.778748119938424,0.35289551067075825,-1.0,0.17940307732845195,-0.7234359971220292,0.19957218114711558,-0.9071405341837442,0.1993993667935151,-0.6890672817849846,0.2082724094879869,-0.4840231804629639,0.0,-0.6761820305423546,0.0250287894652248,-0.8212112854826525,0.03439645955892995,-0.5440580172743131,0.055992026983195574,-0.3221945407651707,-0.1733878276627203,-0.6065561111012858,-0.15681168357403685,-0.712782636764113,-0.11711103528579951,-0.4415542897744763,-0.07551362149834806,-0.24406069882180925,-0.3493644759392017,-0.5159840599001764,-0.32314699619253867,-0.6171252034955812,-0.26699424142505923,-0.41350978401946686,-0.2248902466290102,-0.26172834353112107
A,0.0,0.0,0.244899969899129,-0.16458323887870419,0.430278154641944,-0.48987995031136655,0.41497141965442136,-0.7781004087932618,0.32154919158141154,-1.0,0.1824282613626877,-0.7081586685728188,0.20137005281765305,-0.8888304745297503,0.19926777225719655,-0.6753573511475369,0.20668649562150201,-0.46898733878625737,0.0,-0.6640717513276266,0.021629146198041866,-0.8076529652674802,0.04346746659594383,-0.5416200245145729,0.07386263946979345,-0.3228309546767783,-0.1726478629246303,-0.599935237501597,-0.15024779548431896,-0.6918970298158941,-0.09686438348133343,-0.42391444236395315,-0.04999434843256882,-0.22922258710640114,-0.3440118203954926,-0.516000933431479,-0.30753152753068214,-0.5898305168486627,-0.24338623812825916,-0.3828709308478195,-0.19625218177533965,-0.2351946794052329
A,0.0,0.0,0.23822582546096216,-0.17415690977953552,0.4246560550236275,-0.492433517313599,0.4268428583667773,-0.7739348576406839,0.3442619049472802,-1.0,0.18147317698840182,-0.7254418363034498,0.2028979439547215,-0.9005907249479737,0.20978165925814674,-0.695841424804048,0.22063346503491654,-0.4902266134380902,0.0,-0.680992418254149,0.03321059428741108,-0.8182978716010461,0.053401121372575217,-0.5588960519214627,0.08204363095137363,-0.3405689797857297,-0.173661120950003,-0.6125094747628066,-0.13821781657220716,-0.7023441379568087,-0.08840748465907458,-0.44013005946946177,-0.04375276521189809,-0.24644099245102147,-0.3451177725097438,-0.519090465520941,-0.29523476912826996,-0.5975364973758195,-0.2290669133837345,-0.4020761392354684,-0.1835656496403453,-0.25867350730350164
A,0.0,0.0,0.2377380230945369,-0.17303344689780512,0.4235248668856194,-0.497113934515122,0.4384423873966191,-0.7771162459741109,0.3545806336794619,-1.0,0.18936198030585522,-0.7330754464320572,0.2156544396126737,-0.9058961676793331,0.21152130891683232,-0.685944822131748,0.21322173524087373,-0.4751032919689882,0.0,-0.6935003200203204,0.041415818252544985,-0.8320727257676227,0.05477180426647011,-0.5608564915086097,0.08012791005316883,-0.33819443193058474,-0.18109786534252983,-0.6270696104413412,-0.13492379924130288,-0.7167189606854388,-0.09040949378570357,-0.44128313430762045,-0.04996813276028652,-0.24510067783431486,-0.3585516240142383,-0.5352451696668198,-0.30274625618010537,-0.6104660401413444,-0.23561989348255086,-0.41067799319927817,-0.191501923484368,-0.27028178235708805
A,0.0,0.0,0.23914128684577327,-0.17843731550612144,0.4207867071322122,-0.501971359829471,0.4252205450221889,-0.7785396787222046,0.3425659215042073,-1.0,0.18401619629518295,-0.747143611037608,0.21220623105241854,-0.907501490051204,0.21523248414234894,-0.6917042859696826,0.21927417133141666,-0.4881006493600072,0.0,-0.7051531232960568,0.04048992884997643,-0.836182964613591,0.0608930366598919,-0.5696562699779337,0.09032016283476298,-0.3509206992359731,-0.17595614286924513,-0.6364961973524796,-0.12776175322450278,-0.7089585703470281,-0.08072938730362911,-0.4345292954081047,-0.04074739518430335,-0.24012874840436046,-0.35048022163576625,-0.541540108445244,-0.2923777329720283,-0.6127905414491436,-0.22749145675653995,-0.4067067054724515,-0.18708042887764706,-0.2619655110727342
A,0.0,0.0,0.23016594640311944,-0.1842195020997062,0.4088570306446204,-0.50307808096768,0.42329571617608847,-0.7756863870114016,0.3489870997298709,-1.0,0.1821548425693711,-0.7547021486773617,0.20480306268493717,-0.9155584026734325,0.2091847702379514,-0.7026197024017297,0.2154341091863113,-0.5022406572342729,1.648562353353148e-17,-0.7176654437806068,0.04704002187115984,-0.8357258528162209,0.062363285068605175,-0.5672654168368153,0.08713785729857391,-0.3507722575167564,-0.1762930201475739,-0.6514625830619198,-0.12735557638686187,-0.7085860585530191,-0.08186156694519989,-0.43696319456321586,-0.037335282842415975,-0.24569694987037274,-0.3531961865090403,-0.5567199443720634,-0.2956963027559441,-0.60624646559583,-0.22940956917817967,-0.3993185080117326,-0.18216115095767396,-0.2573959109815237
A,0.0,0.0,0.2234279613047965,-0.12604829472232787,0.4294635971724889,-0.4644126590137603,0.45499616041317514,-0.75894331435778,0.4071527517771834,-1.0,0.19217145962722523,-0.756038089888677,0.24640249064494943,-0.8885396315731217,0.2441299646117922,-0.673547811197454,0.2288833894926043,-0.46416595269885513,0.0,-0.7384421151671403,0.0715600528541628,-0.7956777424586471,0.07787372914354906,-0.5110875910571246,0.08297785965161941,-0.2973897234782918,-0.19212116089528336,-0.6820293211861983,-0.11153446506560391,-0.6931957138920711,-0.08757001620215103,-0.41718929224746093,-0.07313813664690429,-0.22828182268906955,-0.3876562849572778,-0.5956327849922805,-0.30279352252436925,-0.5968774862382622,-0.2530870501223122,-0.3816050368259151,-0.22959017130675188,-0.24615581357640914
A,0.0,0.0,0.23384353196493063,-0.1607265072428282,0.428976667228225,-0.48687418445211755,0.44470121720508327,-0.7697021159269904,0.3851436104696527,-1.0,0.1925130618415525,-0.7639782688996507,0.23540521796117164,-0.9210978450825659,0.24784484686102712,-0.7023458876149715,0.2490748604452423,-0.48816056075376707,1.7076227617136754e-17,-0.732503562416715,0.0662653000120144,-0.8186688717815195,0.07942870475973736,-0.5339482764777606,0.08476636372713722,-0.309626021922307,-0.18989379985995752,-0.6656667263016648,-0.11681396838458129,-0.7096316007439024,-0.08432435614476354,-0.43000613756648237,-0.062180897534841136,-0.2297699869899166,-0.38173632168462396,-0.5667864160513113,-0.29886733514369096,-0.6147656549603728,-0.2463441866597822,-0.40395187566245033,-0.22281606000018223,-0.255195479550441
A,0.0,0.0,0.248684792429345,-0.17475773027501249,0.4475739590943061,-0.4968792728724996,0.45766574309348007,-0.7730996324095611,0.3984708870803945,-1.0,0.1967179109952384,-0.7742524483051308,0.25548541487708537,-0.9199309164056025,0.25819737320683406,-0.6899316763636892,0.25251180375457205,-0.47504646942546064,0.0,-0.7431214081261898,0.0891328887077711,-0.8345115167901532,0.09820716742175453,-0.5568433110654656,0.10141768201946147,-0.3309109589819765,-0.18677969282208393,-0.6753416056747686,-0.08810805687135986,-0.716593614847909,-0.05695318630714748,-0.4470742296010563,-0.039796770968653465,-0.2510809415901294,-0.3715277561455095,-0.5747330651995648,-0.26312546296285894,-0.6029406149395924,-0.21179997135275697,-0.39549347233753246,-0.1902095623496845,-0.25055676374071784
A,0.0,0.0,0.2490120258362372,-0.18114186323044296,0.44087421251634296,-0.5016114975027149,0.4450156111152675,-0.775618729460258,0.3961133521269719,-1.0,0.19426802224196915,-0.7760112359051795,0.24875302721294074,-0.9210895246485519,0.25275677547693787,-0.6873256499123627,0.25001720141812195,-0.47060306034114396,0.0,-0.7418314536723009,0.08414937037389315,-0.8309571798787672,0.09656262694786007,-0.5507218885210725,0.10515708548716125,-0.32130259361010016,-0.1842713555909673,-0.6752209229675652,-0.08685451329538905,-0.6999417948549017,-0.05486696921261261,-0.4352765992021875,-0.036399359679441,-0.23982902574136572,-0.3676023972757545,-0.5751081798161519,-0.2590317958955249,-0.5984016513850766,-0.20479225412620422,-0.39277046474426125,-0.18199363309843453,-0.24674694014048032
A,0.0,0.0,0.24973938473699048,-0.17853350615287583,0.4411992260889205,-0.5001321497784473,0.452585110922107,-0.7739902770851907,0.39790162957611847,-1.0,0.19377504380948743,-0.7834447530006933,0.25300930084400514,-0.9300431386264347,0.2617821144982218,-0.6896896662730051,0.2566689626930144,-0.48039132397039286,0.0,-0.7514602776661732,0.08563573559788497,-0.8385584185210706,0.10534600430720906,-0.5537511397040212,0.10918967138481979,-0.3370650694417023,-0.18283661939217072,-0.6851322138150007,-0.08500079716726751,-0.7209638779362654,-0.04548032651701867,-0.44988048743213,-0.03197555073330084,-0.2602936706085859,-0.36283359929158016,-0.5843489076186488,-0.2534230041521635,-0.6089722901767537,-0.19961799233927952,-0.40177471467816345,-0.18445819487113863,-0.2621087696324836
A,0.0,0.0,0.24560066050545515,-0.18714582189787612,0.43383198984213045,-0.5057948316361669,0.44868978335537807,-0.7761434277504878,0.3969967976850806,-1.0,0.1984956344242297,-0.8051721606100241,0.2471302821352883,-0.9296756470669141,0.24740368515801978,-0.6943775126511296,0.24096371380811882,-0.4801451267113406,-3.181514038601997e-17,-0.7786801121876955,0.07916319316300373,-0.8354756131041096,0.08297114476921143,-0.549225040753003,0.08701215648099968,-0.3218787449858186,-0.18562553253092523,-0.7113709856186643,-0.09794497645774917,-0.7260305485609893,-0.06763860206769337,-0.4495519941840968,-0.045678032942672704,-0.2488965516974515,-0.36617329347643984,-0.6076565539765769,-0.2739376792818734,-0.628150628203021,-0.21741320576230985,-0.42125996461577553,-0.18988763407435974,-0.2764755731411845
A,0.0,0.0,0.25013769288169385,-0.185332271074767,0.44095619644655737,-0.5020542747905898,0.4509554937424199,-0.7748332981734174,0.39335768277104527,-1.0,0.19500164279274154,-0.7859082065472746,0.2535978023979447,-0.933208408121733,0.2567024567142852,-0.6973772402536791,0.2510231634480552,-0.4836281473566589,3.182119374208464e-17,-0.7601309423837376,0.07510404596958124,-0.8523777399935685,0.09140077695764692,-0.5759128654745684,0.10839615084883783,-0.35236678565203133,-0.1892478592607101,-0.6996701810508495,-0.09612613145004582,-0.7395831512706514,-0.06174980314812,-0.46195826922329963,-0.04081406649311938,-0.25893867455878267,-0.37903427330619205,-0.606943390957334,-0.26771554570555345,-0.6412919744684245,-0.2128423763408105,-0.4280624265100955,-0.1918280232836682,-0.27341509437215805
A,0.0,0.0,0.24816309369244155,-0.18133010459997384,0.44559271498008446,-0.4962937299421303,0.4648988802139232,-0.7700500878706952,0.407381593397722,-1.0,0.1984742412235875,-0.8017416124192303,0.25564086068254316,-0.9392551017260633,0.25291826768093334,-0.7051657328052315,0.24677109721513937,-0.48520472442855306,0.0,-0.7784048747581825,0.07934015831547042,-0.8473874803489151,0.08508064703304212,-0.5637037656321194,0.09507901817061806,-0.3310031621650323,-0.1894954638818652,-0.7171120210452088,-0.09537806593544287,-0.7304920773543736,-0.06620352917475203,-0.453709338753134,-0.045706081839998504,-0.24951417824443875,-0.3738393973034074,-0.6205237172158494,-0.27066380089987985,-0.6350856000933283,-0.21506663690735237,-0.4272817860609377,-0.1905558675989814,-0.2785261027483441
A,0.0,0.0,0.24113033276149215,-0.1756444492679847,0.4348557222565704,-0.49787235697321425,0.4515254299220057,-0.7718034462129773,0.39097692039718834,-1.0,0.19106663968340032,-0.7812262775493359,0.24100890674606587,-0.9300992403115862,0.24340714359590593,-0.6977308777786049,0.2436541891683315,-0.48748445378065836,0.0,-0.753054443311861,0.06730787121105923,-0.844140976652096,0.08251758391971854,-0.562528538501122,0.09923956718292273,-0.3462860129208036,-0.1856666118098419,-0.6920901990072679,-0.10298678511762632,-0.7392290608244177,-0.0647342374923255,-0.4591127559540687,-0.040517682487307125,-0.26270739946506877,-0.3700944565121387,-0.5984116104134807,-0.27369330918224033,-0.6291029035478896,-0.21470433982645912,-0.41905448138383605,-0.19058670853540627,-0.27547387918925836
A,0.0,0.0,0.24863612720667375,-0.18262005676646387,0.44434940073086154,-0.5023696803902439,0.459287451009838,-0.7755929908146921,0.39604253338843204,-1.0,0.19377586601274777,-0.7774868276715501,0.24255072923014792,-0.9357517311713034,0.24557828201384105,-0.702561004058511,0.24325379031682437,-0.4940832804030636,1.5755144371822313e-17,-0.7445768847942169,0.06494615408255874,-0.8548777851775714,0.08084237081669823,-0.5749790384040138,0.09733341289668257,-0.35131741628549235,-0.18471047938183108,-0.6811828052757831,-0.10769615653519872,-0.742834214125512,-0.06955738119741865,-0.464693681115073,-0.044699945705403435,-0.26185504888336786,-0.3674882782310036,-0.5862094556933064,-0.2830338824941956,-0.6382693999207744,-0.2213200339712221,-0.43070072584289837,-0.19278916062493168,-0.27851552526977197
A,0.0,0.0,0.2286818592191887,-0.1549872952573162,0.4117441482116135,-0.48760047928915995,0.41991529061146565,-0.7671206373385503,0.374639516888296,-1.0,0.19262142303411792,-0.7422275917618648,0.22711041598261925,-0.8994631519588283,0.22295592408539708,-0.6738696223300511,0.21821476230525497,-0.4649038127211645,0.0,-0.708141748437363,0.05176106515607423,-0.8154585103648985,0.0590998342088219,-0.5403743474414991,0.07119544216221724,-0.32544555043570356,-0.18529821941251934,-0.6431408192642214,-0.1335658765894189,-0.7039725484468635,-0.09270487724503021,-0.4232146087581135,-0.057035861980240965,-0.22838050541165128,-0.3687222688900098,-0.5521036492798658,-0.3099958341096421,-0.6017278775587995,-0.25119744382459475,-0.3968082051171768,-0.2145075915999445,-0.25684284899660076
A,0.0,0.0,0.23771638899990177,-0.1782104443247476,0.4187673849312386,-0.5029411212783331,0.4254214934727237,-0.7756332821818485,0.36420885006794046,-1.0,0.19263705608834553,-0.7806457779824657,0.2271437468974884,-0.9347059440471019,0.23292991898136098,-0.7122230406594682,0.2344639164097601,-0.5011182099795939,0.0,-0.7506848481733311,0.048734136039640344,-0.8447130345482338,0.07243441277381228,-0.5638513267500664,0.09657739056235541,-0.3423184080450048,-0.18377069923391884,-0.6841190318379198,-0.12748927623364528,-0.7259432619457716,-0.07470399171903712,-0.4477769807681574,-0.033053972633710904,-0.2538320120786197,-0.36336153826466216,-0.5818896572185526,-0.2957735143877091,-0.6075575062313664,-0.22582115957783977,-0.3986112259360391,-0.18121682962309682,-0.26093041511949877
A,0.0,0.0,0.24366591511555427,-0.18693154703456352,0.42800218585688404,-0.5023455274855934,0.43794733509372363,-0.7750252981432503,0.37796971215234815,-1.0,0.19295903693762856,-0.7835995467770747,0.2353164753732038,-0.9221813470136633,0.24151686300449124,-0.6958079995599513,0.2425292690820347,-0.4942981035828625,-3.077268982271675e-17,-0.7614669108659899,0.06025434277956003,-0.8497976055527717,0.08293961833400498,-0.5784835955295005,0.10541401796488958,-0.3651579275862411,-0.1832195094613153,-0.7029342221591889,-0.11385285589876867,-0.7191686211819276,-0.0628551823557383,-0.44949226679619403,-0.02558555396750562,-0.2644334536952198,-0.36230139397761335,-0.6079273840673907,-0.28171214448808235,-0.6181907689651769,-0.21133573215077953,-0.4089637823899363,-0.17124473152618452,-0.2713359489924018
A,0.0,0.0,0.2315883589925331,-0.1840985120780297,0.40481486763188274,-0.504233459747937,0.41157639633207266,-0.7757370507844028,0.3476359719482631,-1.0,0.18454530747177933,-0.7608531782882645,0.20303811462067267,-0.9256202888624757,0.21083366879617027,-0.7080991027221349,0.21673579476390625,-0.5076539400112645,0.0,-0.7263311131043783,0.035345786110192894,-0.8455788825850491,0.05913453386603363,-0.5772320953493646,0.08247827968819317,-0.3646905664643315,-0.17665670361110933,-0.6603603568034514,-0.13594177219601608,-0.7354042249183036,-0.0817668527531856,-0.4571291342198759,-0.040790621172710484,-0.2619768747554575,-0.35378887849521257,-0.5625015239128787,-0.3035517046358269,-0.6258161879943456,-0.2284753831955491,-0.41559312879495874,-0.181750992475884,-0.2710997924182322
A,0.0,0.0,0.23574546529317222,-0.17924940704061812,0.41790819000527674,-0.5025143159171046,0.4267024357283375,-0.7743062891072935,0.3625634395757449,-1.0,0.18853074656591637,-0.7719668213577945,0.20811952768782888,-0.934690962173925,0.22197169359613045,-0.7124273825941013,0.2311273575682407,-0.5101859612626232,3.0622596960478816e-17,-0.7363070307098584,0.03577300914306553,-0.8485615996977118,0.06446147939211776,-0.5754678535341401,0.09271144621798737,-0.36005371738401354,-0.1785865428454259,-0.6705822789490853,-0.1367844452727771,-0.7345734007766116,-0.08048088377454551,-0.45920220879918977,-0.037679619697267075,-0.2650517105426647,-0.35379483705532205,-0.5722873237025266,-0.30573393870405513,-0.6239436845426245,-0.23034800935122443,-0.41878528069800147,-0.18231165356762807,-0.27836938830311797
A,0.0,0.0,0.22958885063562198,-0.19069105445225532,0.40525876494280866,-0.5036363389177742,0.4180901623518347,-0.7770183888852752,0.35195549811233334,-1.0,0.18587438441942639,-0.7550073238457334,0.20728007417190192,-0.919727870324119,0.2053257799100573,-0.6987686163980511,0.21072231471839856,-0.5020391273978264,1.5278958970170498e-17,-0.7193916448769156,0.035926788457962135,-0.8461889908449531,0.05144164344984199,-0.5749192666946683,0.07754420247641024,-0.3591621801394269,-0.1782553348245309,-0.6562552359224378,-0.1370361813407424,-0.7422262894626143,-0.0894258970502615,-0.4683311322452262,-0.048311352139100934,-0.2709986215035398,-0.3560651052414148,-0.5631575850810404,-0.3078841876742555,-0.6310376094748547,-0.23750470221221226,-0.4231887020313115,-0.19115158442259375,-0.2774078499592909
A,0.0,0.0,0.23012515647467333,-0.1885933813240981,0.40154490151284916,-0.5018473429284952,0.40980943292752925,-0.7756500930157373,0.3431873512124966,-1.0,0.18481582795063084,-0.7438019714198145,0.2092007713539706,-0.915360288545819,0.21048686040478232,-0.7024561201877952,0.211120694101003,-0.4994893546105925,0.0,-0.7088669018230461,0.033803502882111605,-0.8337227774538218,0.053298923912700545,-0.5752801421158011,0.07788161966586124,-0.3605524138167724,-0.18013369497346576,-0.6479994787574281,-0.1381236676067682,-0.7282549053108488,-0.08834151926184508,-0.4586923405146849,-0.04767187191577285,-0.2574173818489572,-0.36185029030422844,-0.5602526829622803,-0.3077411242486875,-0.6147541622988449,-0.23515355264978088,-0.40891067133679077,-0.18655849373269762,-0.2604508280075678
A,0.0,0.0,0.228182589655573,-0.1852434943244036,0.40661138938805114,-0.4978252582355582,0.42317164894642384,-0.7729316648852566,0.3555242146118323,-1.0,0.1811664409981804,-0.7510240344952372,0.2039782564401894,-0.9187787752292944,0.2107365201105513,-0.7065619143614653,0.2145290037604496,-0.504547851407625,1.5669186767866698e-17,-0.7170612859125594,0.032417382703546195,-0.8363480565174355,0.05698664794710222,-0.5692622321359228,0.08213831586145677,-0.35406186016694907,-0.1785019956511157,-0.6551410227542839,-0.1395379000196412,-0.736097704800666,-0.08825829179367843,-0.4634475606945362,-0.0498533512110765,-0.2660675926465397,-0.3612694938323033,-0.5660822529427605,-0.3129269807751403,-0.6284069385775145,-0.24103953788566426,-0.42609884492529937,-0.1963715471103645,-0.2844495845083109
A,0.0,0.0,0.22915877320279476,-0.18204647654231423,0.40876643712947847,-0.4994153673662207,0.4148247984077693,-0.7738148500930013,0.3491022466317475,-1.0,0.18538413868671827,-0.7607522965416782,0.20773806707525339,-0.9175215046554371,0.20919968432246125,-0.6937310032715395,0.21283069102060817,-0.4988909311645185,0.0,-0.7225206986220852,0.03108789516348713,-0.8507137462348097,0.05073628952433133,-0.5743417046462246,0.07502965980777802,-0.36382886576558127,-0.17787184028032546,-0.6559638724584551,-0.1477719942856099,-0.7395854997505251,-0.0927649864852468,-0.45670359940537464,-0.04817393242278306,-0.26544345031769256,-0.3579883963806605,-0.5615881969976674,-0.3124532369756538,-0.645515222789745,-0.23913479862333917,-0.4353535163622032,-0.19267888606901426,-0.2931886750844402
A,0.0,0.0,0.23395904612585056,-0.19248633890418307,0.41822461354835827,-0.5003761427208607,0.437004688115908,-0.776943439461563,0.36521137021878874,-1.0,0.1847153025747328,-0.7536503648081387,0.2146065821365619,-0.9360368245132585,0.20680247200251653,-0.7109254708511882,0.20577054402193018,-0.5097578441270603,0.0,-0.7139418024399348,0.03543660763778509,-0.8588641596956639,0.04849161960014602,-0.5807363925585967,0.07131518631372262,-0.36479063957296304,-0.17945396509643938,-0.6500122633326031,-0.13616474228975767,-0.7545681088888753,-0.09095207849379561,-0.4703343173159354,-0.05439241427111792,-0.2704658223914935,-0.3627676750440928,-0.5587366024452471,-0.3071055365794615,-0.6526548329084592,-0.24087303641938043,-0.4371000564592894,-0.2017720593115127,-0.2850290668177189
A,0.0,0.0,0.2209430700278898,-0.1817131806367435,0.4073688044127824,-0.4973773293253785,0.4219430860337317,-0.7710626170480936,0.37437268829374465,-1.0,0.18306459864866137,-0.7625517851949383,0.21679461633972064,-0.9096634878344436,0.22021851969486952,-0.690357537954931,0.22282728482656605,-0.5054267762339096,0.0,-0.7295488693744249,0.05870342527978622,-0.838798461827965,0.07522786624020607,-0.5681295372397396,0.08609209520586995,-0.3693769151334463,-0.1753542382554864,-0.6699807784387558,-0.12212665337969289,-0.739046823863353,-0.0768546305056127,-0.46522445221049336,-0.045577250144017,-0.2846955353137538,-0.3563829869276532,-0.5809649387814073,-0.28584156192600413,-0.6393674631918936,-0.225014194048671,-0.43369711832206176,-0.19190513683560914,-0.30003557489054267
A,0.0,0.0,0.22758367587582515,-0.18934604458644227,0.40215739268396167,-0.5047978050457455,0.40871856815372876,-0.7754071286920875,0.3373340869888232,-1.0,0.18673322595922937,-0.7588265579285696,0.193924262606499,-0.9323658573046905,0.1934175849552552,-0.7138158976493615,0.19805554520811885,-0.5149342939155646,0.0,-0.7193694861948651,0.020777210313391112,-0.8581235318933255,0.0434155229763628,-0.589248545101917,0.07245246846964028,-0.37922045821267003,-0.17871585047652336,-0.6518944897910517,-0.15168896751791403,-0.754185465874725,-0.09486870439124986,-0.47639915788122,-0.04747836336813265,-0.280879352007015,-0.35676768261372016,-0.5554030004604861,-0.3124660229551653,-0.6474184600301388,-0.2372992992127944,-0.4420733424630244,-0.18814540722535203,-0.2969013324015197
A,0.0,0.0,0.23163761844525435,-0.1976838288174529,0.40135128423898164,-0.5065848580598673,0.400516156941829,-0.7769544069660093,0.34393631804012265,-1.0,0.18523834961781124,-0.7473574053061213,0.18644241360179686,-0.9159300488482309,0.19270418633918687,-0.7020114490794995,0.20185712906270026,-0.501802794564777,-1.6455134389233495e-17,-0.7072227491142961,0.01714384941241578,-0.8414737828555187,0.04571231614760765,-0.5781699901219967,0.0782609514351489,-0.36646306192724387,-0.17506485933148927,-0.6417751046634316,-0.14653963299573655,-0.725579111731034,-0.08706097228076787,-0.4544181041069673,-0.03958541488140466,-0.2600684094928433,-0.3516072284856829,-0.5502137436959291,-0.30649641267845523,-0.6348575425521669,-0.23037959381118037,-0.43003043767951743,-0.18258817447952558,-0.28146476594181324
A,0.0,0.0,0.2403328781325736,-0.20675001811302793,0.4139706065660643,-0.5060864973396311,0.42279343049454493,-0.7740961049612456,0.36558246528664473,-1.0,0.19157798909260773,-0.7788407921575041,0.21753838571134493,-0.916978185817859,0.2120273740836519,-0.6934165049044582,0.21400431075352222,-0.48373234974928714,0.0,-0.751942586456431,0.04779988111063412,-0.8447870621994803,0.056681473691000434,-0.5744014038284784,0.07979718739509915,-0.3505186560434134,-0.18086590524193422,-0.6902746987741397,-0.13153696600227768,-0.7274221372084569,-0.08919856515353146,-0.4598287393077644,-0.04477920045729645,-0.2645343240022543,-0.35974901011376337,-0.5922263619406487,-0.2983943485732303,-0.6147197597885411,-0.2330827007525776,-0.4129350044135056,-0.1857068206082064,-0.2731017033782549
A,0.0,0.0,0.23257807355162577,-0.19783367869108417,0.41544054811422076,-0.5072267015713069,0.42865734293194746,-0.7759540644087919,0.36840169849962545,-1.0,0.18587338066996473,-0.7634287231410352,0.21304477046795123,-0.923257638075557,0.2180553702873919,-0.7088721414560464,0.22387995847135575,-0.5044348186864532,-1.7223494438249282e-17,-0.7260520265017884,0.04831224586590934,-0.8529278983931896,0.06388110662312527,-0.5847821514152249,0.08496777142965964,-0.3638500146613136,-0.17790492607616146,-0.6616429652765365,-0.12714719130857063,-0.7451081697763645,-0.08322250877961355,-0.4737483797089135,-0.0446691557669854,-0.2742009994169959,-0.3564203740340574,-0.5668459374340871,-0.293693205268275,-0.6393368230505432,-0.2296956905595818,-0.4346780272642804,-0.1895692398996315,-0.2855341476016136
A,0.0,0.0,0.23820491642893038,-0.20251222791896695,0.4124957104402052,-0.5146289663841418,0.40782008187517615,-0.7785755576017979,0.3529052388499324,-1.0,0.1848303396912972,-0.7648071661068157,0.2042454886375031,-0.914644929505019,0.21212885346645693,-0.6958002608063718,0.22203125462066045,-0.4918952513032583,0.0,-0.7235631673569806,0.03749606911131562,-0.8496282375920547,0.060417563754684905,-0.5885830679100903,0.08950512025856852,-0.37506438098095873,-0.17487371042244118,-0.6539958902616726,-0.1343357732410801,-0.7327882152351458,-0.07836304730837547,-0.46937260739033715,-0.03157090536834514,-0.2796558094302044,-0.34973696640640256,-0.5516362791876206,-0.2955486384882324,-0.623316349574714,-0.22098514288447998,-0.4268422658571813,-0.17471010459971026,-0.2860413950428764
A,0.0,0.0,0.22965508538465781,-0.1947253639893102,0.41018367614543283,-0.5054169169211725,0.4142463172097428,-0.7753445895893689,0.36717963626806177,-1.0,0.18073484620065336,-0.7547908059839455,0.2013089432668298,-0.9237868215778793,0.20287284685947804,-0.7107277698309679,0.20768987367369549,-0.5078548488383405,0.0,-0.7112907852680279,0.04081322598288222,-0.8472930230639847,0.05913795846068814,-0.5837529783084697,0.07993923701033995,-0.3684451092395565,-0.1716175521891408,-0.6424947851325362,-0.13332000916610842,-0.740315272244252,-0.08168022310483963,-0.4726115964007659,-0.04218352968512761,-0.27729258924303224,-0.34538033957680325,-0.545782124156462,-0.2994349611934653,-0.6421349226936706,-0.2297515169753244,-0.4411392166726957,-0.1899535698465323,-0.293577329615655
A,0.0,0.0,0.2289524694535628,-0.2045051470564783,0.3940479359133646,-0.5174010683706124,0.3817285795941035,-0.7794483535006685,0.32910432707891063,-1.0,0.1798919220656777,-0.7539652986744577,0.17666963629524776,-0.9142521235517113,0.18498447304489968,-0.7049394744869897,0.20157280536603445,-0.5105854034023933,0.0,-0.7108491248354504,0.013608315824955608,-0.8440936027233568,0.04025728621567616,-0.5853683026270468,0.0769697869900949,-0.38101273562706783,-0.16876384584567547,-0.6439599399277536,-0.1490002812906112,-0.7280025296015993,-0.08810784575754828,-0.4697110471836384,-0.03335003339872583,-0.2901857973321039,-0.3365063884764422,-0.5461308911631602,-0.3020610384350179,-0.6164683700500202,-0.22717628151865152,-0.41874558022301056,-0.1731025934837629,-0.28560292768602
A,0.0,0.0,0.23466426440508542,-0.2122965308727182,0.39743885122394956,-0.5132765033687443,0.3867895886210171,-0.7776210545008689,0.32275703614040535,-1.0,0.18285626418013468,-0.7452049922703764,0.17192316352572837,-0.9255053375140405,0.18138341135735028,-0.7254445902705864,0.20114007229308759,-0.5239004414927139,1.7874608529158134e-17,-0.6910017926532791,0.008902741839691641,-0.8388267160453071,0.03494018668841499,-0.5778611863955279,0.07217800721958911,-0.36101821922390404,-0.17452471283492882,-0.6155248383530851,-0.1545127089272977,-0.7279593572920434,-0.10052667643624728,-0.463768456112026,-0.05114988958239345,-0.2669276458408935,-0.3509187057309799,-0.5139190729469788,-0.31793877690308664,-0.6336605883705632,-0.24555108403703022,-0.4328879120893888,-0.19806699816598952,-0.2789624440920821
A,0.0,0.0,0.22594814928100404,-0.20906711141041923,0.38467222446275806,-0.5132472817582006,0.3802198136716847,-0.7778718027874033,0.32757161146735736,-1.0,0.17606202972753315,-0.735548351801785,0.1812696330807196,-0.9173441598295373,0.19408885672500345,-0.7176380501197125,0.20797024281350757,-0.5217229681436351,-1.788793160925822e-17,-0.6902879872555375,0.023067748590999575,-0.8497488711878767,0.04521682308569461,-0.5980271641590074,0.0733518824712117,-0.3897313842367881,-0.16935485385063764,-0.6233233029807081,-0.1421315372810629,-0.7377031726458839,-0.09172423258684943,-0.47902889053168035,-0.04894748299383004,-0.2923095129134957,-0.3429122668507351,-0.5272326863953694,-0.3011353713758953,-0.627403443620044,-0.22980346752829198,-0.43108798814956795,-0.18288967849882162,-0.28803647207069727
A,0.0,0.0,0.21676959865233017,-0.19551228716501862,0.3914289633919702,-0.5091822216572747,0.39847850392563644,-0.7800262214365338,0.32642891251646083,-1.0,0.1740326201252728,-0.715467222625822,0.17438550901186703,-0.9161989629562656,0.1884455941757681,-0.7313978150730082,0.2055331134728231,-0.5425895907249478,0.0,-0.6608954206160083,0.016706685962265686,-0.8344557845586413,0.045810727566801414,-0.592279252016022,0.0793625010817329,-0.3902707825943264,-0.17270494858390548,-0.5861376901710675,-0.14544644229525178,-0.7156226551778108,-0.09351871036335752,-0.46337914548837283,-0.049523561577137325,-0.2799028657212947,-0.35211214726226875,-0.4899513771456694,-0.3127340173312186,-0.6220680403567092,-0.24770474259485287,-0.43193655320826185,-0.20654940880273295,-0.2856314805389085
A,0.0,0.0,0.22961176765391364,-0.2092610750895309,0.39155389108748073,-0.5144418467600232,0.3852175382348812,-0.7792500600342748,0.32149651367838733,-1.0,0.17648355934240845,-0.7312163594952286,0.17354637617412214,-0.9187543722681657,0.18274282916302212,-0.7268762889754218,0.20059300252247836,-0.5333011411986746,0.0,-0.679679812309727,0.016988854624758496,-0.8420823529687017,0.043758786325623404,-0.5963976270371745,0.07998879730281132,-0.3918623601584965,-0.17322567797781502,-0.6092031704939326,-0.14100308028635133,-0.7205002448016049,-0.09066634173138832,-0.46668793790627283,-0.0479213538206832,-0.2829810517216161,-0.35292793367230363,-0.5155421512195305,-0.2993049186765204,-0.6275281326178583,-0.2328533489290422,-0.43570630704463803,-0.1954211831469908,-0.29213022537269157
A,0.0,0.0,0.23321293944489488,-0.21232326192075218,0.3964216836077302,-0.5146921717440042,0.3867907346524322,-0.7780678606312986,0.3270587843929044,-1.0,0.17168110850163232,-0.7216502072650098,0.16515544070684077,-0.917095038745577,0.1861982757153097,-0.7255030892763233,0.20710161117555748,-0.5269559517919037,0.0,-0.6666079599880758,0.014978409051394635,-0.8354471806462244,0.045881593164144634,-0.5924465339475831,0.08029583030914807,-0.38275761475317055,-0.16848945651926717,-0.5937482236976654,-0.13845456293134267,-0.7149553031267613,-0.08322867520940878,-0.4630846736620994,-0.037730271083405154,-0.2732220475779712,-0.34383384196150774,-0.49682594601522956,-0.29848796528744687,-0.625508197310203,-0.22687912912668143,-0.4388232906938174,-0.18365187575062952,-0.2904097379844412
A,0.0,0.0,0.22127689969164946,-0.21107016582587837,0.38204501260302404,-0.5215933241241096,0.37491111289183005,-0.7830804815859375,0.30405530301996836,-1.0,0.17305609335483746,-0.7226465404046138,0.16667338762774364,-0.91996063243157,0.1833142906443343,-0.7251596605784333,0.20421521796229888,-0.535217929144519,-1.8629059707664715e-17,-0.6669970012566672,0.009067191921040517,-0.8465086658677959,0.04085349620606728,-0.5977577665375111,0.08034392481775325,-0.3979045146893673,-0.16615477930438144,-0.5889713850191682,-0.14903740002239266,-0.7266074482462724,-0.09230957972767113,-0.4689034039330072,-0.04230206985069707,-0.2901127988902036,-0.33674832654234294,-0.4851144773954574,-0.30386687269969265,-0.6233947789883618,-0.2364713136989271,-0.42547766047521507,-0.19112604506804673,-0.28022415213022767
A,0.0,0.0,0.22077303563893708,-0.21213804362488986,0.3774812064139904,-0.5218634254782053,0.3620406441516862,-0.7836665012285051,0.2999622486795745,-1.0,0.17123305737407707,-0.7164741505908284,0.15757580882806838,-0.9160065162661394,0.17362378388596453,-0.7178904339849831,0.19788323300172572,-0.5248797350626923,0.0,-0.6563546575699619,0.007228552949623504,-0.8312761141362821,0.03636335845225708,-0.5840410290355038,0.0689072768584957,-0.38299610232809117,-0.162627650611342,-0.577371929729375,-0.1579404687714601,-0.7327457218863555,-0.10256557219745602,-0.4801181301275647,-0.05632625529240828,-0.29461784414521647,-0.33101286160846094,-0.4726749650212059,-0.3139922228073005,-0.6212897863551811,-0.24291364559231388,-0.43517457204510873,-0.19609978573026132,-0.28897844608361634
A,0.0,0.0,0.2245456037894941,-0.21316050658158586,0.3746555305221665,-0.5183071705637602,0.35840619802205226,-0.7815618158381981,0.29262168904304364,-1.0,0.1717965302157291,-0.7138028952810317,0.1523083026049932,-0.9127124645493921,0.17079671110543473,-0.7258764412006473,0.1975994059108667,-0.5298808576627042,0.0,-0.6564974777672538,-0.0009300405635522121,-0.8366027682910157,0.02762536188091718,-0.6004926756280172,0.0655487960226553,-0.3954181639299475,-0.1652120605296446,-0.5792882957085822,-0.1611866495455709,-0.7186305373574899,-0.10550047247565561,-0.4738751905886935,-0.053255357443555924,-0.2922731061068805,-0.33444288840618264,-0.4750453701854981,-0.3099092434053111,-0.6011299067268695,-0.24161068797884983,-0.4142407982639862,-0.19253392073957695,-0.27187918843363107
A,0.0,0.0,0.22309410743515515,-0.21184434076218014,0.36950229002034995,-0.5180010059411778,0.3611703203685008,-0.7818939414759826,0.2975149132869505,-1.0,0.17299622399336745,-0.7125638004959095,0.14834024899046833,-0.9167593228524035,0.16412847593063798,-0.7359093193553654,0.19121067876006057,-0.5452090362655208,0.0,-0.6500789685953879,-0.0014489426796214211,-0.8273385783355017,0.03367092433964886,-0.5950547190940972,0.07166109154463922,-0.39697678391326346,-0.16528055565435074,-0.5676791113918388,-0.15840720339875666,-0.7248978236064488,-0.0953934223093683,-0.483564933945084,-0.04233676005342115,-0.30229332287333693,-0.33253770479428757,-0.457583535399487,-0.30999413060842285,-0.5987394825269116,-0.2343367085723969,-0.41524843190681426,-0.1817494417304636,-0.2716579821405965
A,0.0,0.0,0.21927272099817724,-0.21456229230093615,0.35083515856843667,-0.5256502071015007,0.328529789669139,-0.7842751922743377,0.27011564560428114,-1.0,0.16953166977726572,-0.7012985904585715,0.1480902688561282,-0.9038202041288588,0.1657708392121955,-0.7355715941221745,0.19734867246021665,-0.5434528160958632,-1.936983001968848e-17,-0.6402183750980994,-0.008874576182776083,-0.7978167096845644,0.029477460916183248,-0.578659445372794,0.07708047319519692,-0.38117639615184695,-0.16525286883216117,-0.5609907251073077,-0.16055325393149233,-0.6952862647245375,-0.10019753957117626,-0.4569501741521355,-0.044680501199868106,-0.2717554918934829,-0.33173781646117145,-0.45940021683195537,-0.3134762260243598,-0.5902008979426812,-0.24870669377433377,-0.4039377380184312,-0.20111333424094505,-0.25309372402593916
A,0.0,0.0,0.22538935721759232,-0.22309190216844715,0.36320238369379076,-0.5285741753698057,0.3442341551691276,-0.7850179582494431,0.2777435432556985,-1.0,0.17064238034624143,-0.7071888474820381,0.15987560622739516,-0.8895537058641717,0.17676830912858038,-0.7164592779354999,0.20216984390254883,-0.5292659548938757,0.0,-0.6431635817092447,-0.005831377465357822,-0.806047069309282,0.030280306288243443,-0.5870103043679464,0.07580078314196938,-0.3871758806076404,-0.16123666509608273,-0.5600011219551702,-0.16303692114776858,-0.6984566012610023,-0.10283915707164627,-0.46856449638848835,-0.0462105336912251,-0.2866175494310743,-0.32020840209988816,-0.45404065257825005,-0.3125798884593252,-0.5866935882367745,-0.24370790977662235,-0.41041803798057325,-0.19063391334893484,-0.2650231144321416
A,0.0,0.0,0.21673720634327734,-0.21820947103747995,0.3502127776201069,-0.5273098815070649,0.34064762658048764,-0.7838817128483446,0.27370377460778156,-1.0,0.17041668588054257,-0.7112982016549143,0.14531100266951275,-0.8878239993608149,0.15547694993512776,-0.7116815203091382,0.18131774612028712,-0.5207034777426844,0.0,-0.6479097694661529,-0.021598998045826025,-0.7998622127600051,0.011270654232713975,-0.579918026463623,0.05966771304224004,-0.3824502874800262,-0.15987948631781024,-0.5611418026586289,-0.18370289218491143,-0.6794547117505262,-0.120564022863201,-0.4462743509960313,-0.05535230639695514,-0.27050619452336805,-0.31228444347682266,-0.45058342183472055,-0.32426185833834364,-0.5514089011111872,-0.25597057604489587,-0.3672825440318722,-0.19432693791705358,-0.2308646104934939
A,0.0,0.0,0.2287982300383166,-0.20969951378494456,0.384015694097397,-0.5198625351471204,0.3615879604770224,-0.781375978720248,0.27966223844517135,-1.0,0.1826427321380794,-0.710467929665227,0.1510350703482781,-0.8816779617500173,0.15633080281696163,-0.7008795360129125,0.1842120879039255,-0.5001782368487757,0.0,-0.6471352752329388,-0.024734132695259068,-0.7776425256724367,0.0024175624871961643,-0.5467686422818657,0.05581439326344311,-0.34247025324652275,-0.16824211262519237,-0.5622075612341477,-0.19455610272985932,-0.638188850775717,-0.13648693574270168,-0.4034670508976323,-0.06806551669135305,-0.23010433886010934,-0.33222785104705377,-0.4579023668358794,-0.3433605441545837,-0.5310036978110326,-0.28241399739695483,-0.34745836260593044,-0.22257186677823218,-0.21508238531579574
A,0.0,0.0,0.21440837667095408,-0.2049423882755775,0.3547504229313972,-0.5169516193804387,0.34014438940696373,-0.7779719384674042,0.27216313824954236,-1.0,0.17460095849981055,-0.7173250938583445,0.1325790589034199,-0.8766069573611985,0.1375006659317094,-0.7001788816564596,0.16301591952920771,-0.5038689963057531,0.0,-0.6479745875900204,-0.041095032589115725,-0.7702214475917601,-0.013062585553793598,-0.5307995762811605,0.03938683548677245,-0.3304092754059231,-0.16482546896026254,-0.5585741679547389,-0.21562902767432562,-0.6388633230223372,-0.15711887699426236,-0.403323123843146,-0.08772789435190309,-0.23681814409438956,-0.3236334827802992,-0.44886618993181476,-0.36528705236738407,-0.537630946534346,-0.30335904695794924,-0.35592763630590796,-0.24037959793134367,-0.2308620701044369
A,0.0,0.0,0.22839953020005155,-0.197712948831001,0.3812270342728213,-0.5130423806641871,0.36116561110711004,-0.781764836014079,0.30754321608258134,-1.0,0.1892202185065046,-0.7176549335153758,0.14260772608225453,-0.8589527482932234,0.1389608346744576,-0.6713610689183742,0.16351970470593288,-0.48019089689428646,-2.095070099627716e-17,-0.651476589664556,-0.05232087850974844,-0.770278158248907,-0.02159881411084444,-0.534744986047953,0.03713435619472934,-0.3432884536365415,-0.16628796016287306,-0.5686987277016918,-0.2146494042459553,-0.6438738956132224,-0.15607803176602983,-0.4146204481868225,-0.08738563509754611,-0.2533097107528299,-0.31918714069102283,-0.466288776764721,-0.35863885925922606,-0.5504259990505693,-0.29948461717774594,-0.3666886405807042,-0.23621500037072418,-0.24168297681036033
A,0.0,0.0,0.23822451010200882,-0.1835754647500157,0.40179152940061985,-0.5000284950472854,0.3845764177805641,-0.7783297054453661,0.3324024731275907,-1.0,0.20238261944053676,-0.7286358173864316,0.16126575679570812,-0.8755691083733314,0.15678203842165422,-0.6741915909130343,0.1756147210142986,-0.48643349082276127,-4.317125691106288e-17,-0.6677838802609231,-0.0488780339462614,-0.7881620863793888,-0.005197379619993947,-0.5397704834561013,0.05770048724967115,-0.35774107007772543,-0.1727778101296598,-0.5840030166802272,-0.2150273936851135,-0.6719487227020872,-0.14773114212599406,-0.4310400510952818,-0.08331565953434938,-0.27194127123387113,-0.3309424544358069,-0.47809364331058735,-0.3627170734319039,-0.5654708833526236,-0.2955989494489315,-0.3711365823018159,-0.23417912373203248,-0.24853808420257767
A,0.0,0.0,0.2543542006374798,-0.19194922559148112,0.4309306811159356,-0.49852965958625883,0.41350767263848154,-0.7755363483939396,0.3589498459564655,-1.0,0.203561939454392,-0.7161355852791064,0.15340350515243245,-0.8742455809837668,0.14249079910487364,-0.6845104877068254,0.16244885934326925,-0.4780904160222986,2.2446169828659494e-17,-0.6564904230353751,-0.05279506678764921,-0.7945095311552217,-0.028617257364475696,-0.5563630735712402,0.027431359097381626,-0.3466327281088294,-0.17730942359272195,-0.5722097846460882,-0.2266601620146605,-0.6819924484263072,-0.16842465817654262,-0.45030072408736266,-0.09957881103132432,-0.269215761689404,-0.3384501880242329,-0.4625602412251312,-0.3804695181498251,-0.5558306629018321,-0.3111476211081492,-0.3733459791221447,-0.23771540385084733,-0.24036612158171985
A,0.0,0.0,0.2515890644364104,-0.17149559621604665,0.4485027149127131,-0.4929595702461595,0.441862393315073,-0.7736928850679243,0.39478074794648277,-1.0,0.19486328277939383,-0.7180619670786018,0.15652334375833657,-0.8925279577336762,0.15737117506083048,-0.6971421222197627,0.17868485830794828,-0.5047958707024341,-2.2569395657353953e-17,-0.6584373252064155,-0.052260167423463344,-0.8165567893276446,-0.019436595132047454,-0.5685750168219901,0.04029618428314994,-0.3764013333832993,-0.17598787498403035,-0.5767607649864086,-0.22028098752134656,-0.6909483929238239,-0.16043870444205524,-0.45331083519043625,-0.09463609235801784,-0.2923047084407115,-0.34271307099498605,-0.4725412757274531,-0.37963427827500135,-0.5881344281025808,-0.30942708970965194,-0.4056835333130281,-0.24382346486249265,-0.28127258720307247
A,0.0,0.0,0.252858144017857,-0.18084123222631593,0.4514649397422239,-0.4888287434316828,0.4445785378292046,-0.7688975542897869,0.3982328943448006,-1.0,0.20078539338967674,-0.7219769768144478,0.16381393990485518,-0.9010195690411908,0.1540618467458119,-0.714010519019026,0.174384284394293,-0.5140674709360786,0.0,-0.667489877105823,-0.041165966434840634,-0.8311073520065628,-0.0186976924982763,-0.5897501285968866,0.036677208871421965,-0.3855167363268776,-0.18260806589309742,-0.5862697693831137,-0.2191508823865842,-0.7171315246701627,-0.1677414334531729,-0.47162028504074144,-0.10822151004730364,-0.2924868549383303,-0.3578753490871967,-0.4792557069443169,-0.3868175635731271,-0.6014122037362408,-0.3175221189585413,-0.4050529223072589,-0.254307738236914,-0.2637118444264032
