sample_id,signer_id,symbol,symbol_type,handedness,repetition,hold_start_frame,hold_end_frame,landmark_path,source_video,split
VSL_ALPHA_S01_A_REP01,S01,A,letter,Right,1,30,90,data/vsl_alphabet_pilot/landmarks/S01/VSL_ALPHA_S01_A_REP01.npz,data/vsl_alphabet_pilot/videos/S01/VSL_ALPHA_S01_A_REP01.mp4,train
VSL_ALPHA_S01_A_REP02,S01,A,letter,Right,2,30,90,data/vsl_alphabet_pilot/landmarks/S01/VSL_ALPHA_S01_A_REP02.npz,data/vsl_alphabet_pilot/videos/S01/VSL_ALPHA_S01_A_REP02.mp4,train
VSL_ALPHA_S01_A_REP03,S01,A,letter,Right,3,30,90,data/vsl_alphabet_pilot/landmarks/S01/VSL_ALPHA_S01_A_REP03.npz,data/vsl_alphabet_pilot/videos/S01/VSL_ALPHA_S01_A_REP03.mp4,train
VSL_ALPHA_S01_A_REP04,S01,A,letter,Right,4,30,90,data/vsl_alphabet_pilot/landmarks/S01/VSL_ALPHA_S01_A_REP04.npz,data/vsl_alphabet_pilot/videos/S01/VSL_ALPHA_S01_A_REP04.mp4,train
VSL_ALPHA_S01_A_REP05,S01,A,letter,Right,5,30,90,data/vsl_alphabet_pilot/landmarks/S01/VSL_ALPHA_S01_A_REP05.npz,data/vsl_alphabet_pilot/videos/S01/VSL_ALPHA_S01_A_REP05.mp4,train
VSL_ALPHA_S01_B_REP01,S01,B,letter,Right,1,30,90,data/vsl_alphabet_pilot/landmarks/S01/VSL_ALPHA_S01_B_REP01.npz,data/vsl_alphabet_pilot/videos/S01/VSL_ALPHA_S01_B_REP01.mp4,train
VSL_ALPHA_S01_B_REP02,S01,B,letter,Right,2,30,90,data/vsl_alphabet_pilot/landmarks/S01/VSL_ALPHA_S01_B_REP02.npz,data/vsl_alphabet_pilot/videos/S01/VSL_ALPHA_S01_B_REP02.mp4,train
VSL_ALPHA_S01_B_REP03,S01,B,letter,Right,3,30,90,data/vsl_alphabet_pilot/landmarks/S01/VSL_ALPHA_S01_B_REP03.npz,data/vsl_alphabet_pilot/videos/S01/VSL_ALPHA_S01_B_REP03.mp4,train
VSL_ALPHA_S01_B_REP04,S01,B,letter,Right,4,30,90,data/vsl_alphabet_pilot/landmarks/S01/VSL_ALPHA_S01_B_REP04.npz,data/vsl_alphabet_pilot/videos/S01/VSL_ALPHA_S01_B_REP04.mp4,train
VSL_ALPHA_S01_B_REP05,S01,B,letter,Right,5,30,90,data/vsl_alphabet_pilot/landmarks/S01/VSL_ALPHA_S01_B_REP05.npz,data/vsl_alphabet_pilot/videos/S01/VSL_ALPHA_S01_B_REP05.mp4,train
VSL_ALPHA_S01_C_REP01,S01,C,letter,Right,1,30,90,data/vsl_alphabet_pilot/landmarks/S01/VSL_ALPHA_S01_C_REP01.npz,data/vsl_alphabet_pilot/videos/S01/VSL_ALPHA_S01_C_REP01.mp4,train
VSL_ALPHA_S01_C_REP02,S01,C,letter,Right,2,30,90,data/vsl_alphabet_pilot/landmarks/S01/VSL_ALPHA_S01_C_REP02.npz,data/vsl_alphabet_pilot/videos/S01/VSL_ALPHA_S01_C_REP02.mp4,train
VSL_ALPHA_S01_C_REP03,S01,C,letter,Right,3,30,90,data/vsl_alphabet_pilot/landmarks/S01/VSL_ALPHA_S01_C_REP03.npz,data/vsl_alphabet_pilot/videos/S01/VSL_ALPHA_S01_C_REP03.mp4,train
VSL_ALPHA_S01_C_REP04,S01,C,letter,Right,4,30,90,data/vsl_alphabet_pilot/landmarks/S01/VSL_ALPHA_S01_C_REP04.npz,data/vsl_alphabet_pilot/videos/S01/VSL_ALPHA_S01_C_REP04.mp4,train
VSL_ALPHA_S01_C_REP05,S01,C,letter,Right,5,30,90,data/vsl_alphabet_pilot/landmarks/S01/VSL_ALPHA_S01_C_REP05.npz,data/vsl_alphabet_pilot/videos/S01/VSL_ALPHA_S01_C_REP05.mp4,train
VSL_ALPHA_S01_D_REP01,S01,D,letter,Right,1,30,90,data/vsl_alphabet_pilot/landmarks/S01/VSL_ALPHA_S01_D_REP01.npz,data/vsl_alphabet_pilot/videos/S01/VSL_ALPHA_S01_D_REP01.mp4,train
VSL_ALPHA_S01_D_REP02,S01,D,letter,Right,2,30,90,data/vsl_alphabet_pilot/landmarks/S01/VSL_ALPHA_S01_D_REP02.npz,data/vsl_alphabet_pilot/videos/S01/VSL_ALPHA_S01_D_REP02.mp4,train
VSL_ALPHA_S01_D_REP03,S01,D,letter,Right,3,30,90,data/vsl_alphabet_pilot/landmarks/S01/VSL_ALPHA_S01_D_REP03.npz,data/vsl_alphabet_pilot/videos/S01/VSL_ALPHA_S01_D_REP03.mp4,train
VSL_ALPHA_S01_D_REP04,S01,D,letter,Right,4,30,90,data/vsl_alphabet_pilot/landmarks/S01/VSL_ALPHA_S01_D_REP04.npz,data/vsl_alphabet_pilot/videos/S01/VSL_ALPHA_S01_D_REP04.mp4,train
VSL_ALPHA_S01_D_REP05,S01,D,letter,Right,5,30,90,data/vsl_alphabet_pilot/landmarks/S01/VSL_ALPHA_S01_D_REP05.npz,data/vsl_alphabet_pilot/videos/S01/VSL_ALPHA_S01_D_REP05.mp4,train
VSL_ALPHA_S01_Đ_REP01,S01,Đ,letter,Right,1,30,90,data/vsl_alphabet_pilot/landmarks/S01/VSL_ALPHA_S01_Đ_REP01.npz,data/vsl_alphabet_pilot/videos/S01/VSL_ALPHA_S01_Đ_REP01.mp4,train
VSL_ALPHA_S01_Đ_REP02,S01,Đ,letter,Right,2,30,90,data/vsl_alphabet_pilot/landmarks/S01/VSL_ALPHA_S01_Đ_REP02.npz,data/vsl_alphabet_pilot/videos/S01/VSL_ALPHA_S01_Đ_REP02.mp4,train
VSL_ALPHA_S01_Đ_REP03,S01,Đ,letter,Right,3,30,90,data/vsl_alphabet_pilot/landmarks/S01/VSL_ALPHA_S01_Đ_REP03.npz,data/vsl_alphabet_pilot/videos/S01/VSL_ALPHA_S01_Đ_REP03.mp4,train
VSL_ALPHA_S01_Đ_REP04,S01,Đ,letter,Right,4,30,90,data/vsl_alphabet_pilot/landmarks/S01/VSL_ALPHA_S01_Đ_REP04.npz,data/vsl_alphabet_pilot/videos/S01/VSL_ALPHA_S01_Đ_REP04.mp4,train
VSL_ALPHA_S01_Đ_REP05,S01,Đ,letter,Right,5,30,90,data/vsl_alphabet_pilot/landmarks/S01/VSL_ALPHA_S01_Đ_REP05.npz,data/vsl_alphabet_pilot/videos/S01/VSL_ALPHA_S01_Đ_REP05.mp4,train
VSL_ALPHA_S01_E_REP01,S01,E,letter,Right,1,30,90,data/vsl_alphabet_pilot/landmarks/S01/VSL_ALPHA_S01_E_REP01.npz,data/vsl_alphabet_pilot/videos/S01/VSL_ALPHA_S01_E_REP01.mp4,train
VSL_ALPHA_S01_E_REP02,S01,E,letter,Right,2,30,90,data/vsl_alphabet_pilot/landmarks/S01/VSL_ALPHA_S01_E_REP02.npz,data/vsl_alphabet_pilot/videos/S01/VSL_ALPHA_S01_E_REP02.mp4,train
VSL_ALPHA_S01_E_REP03,S01,E,letter,Right,3,30,90,data/vsl_alphabet_pilot/landmarks/S01/VSL_ALPHA_S01_E_REP03.npz,data/vsl_alphabet_pilot/videos/S01/VSL_ALPHA_S01_E_REP03.mp4,train
VSL_ALPHA_S01_E_REP04,S01,E,letter,Right,4,30,90,data/vsl_alphabet_pilot/landmarks/S01/VSL_ALPHA_S01_E_REP04.npz,data/vsl_alphabet_pilot/videos/S01/VSL_ALPHA_S01_E_REP04.mp4,train
VSL_ALPHA_S01_E_REP05,S01,E,letter,Right,5,30,90,data/vsl_alphabet_pilot/landmarks/S01/VSL_ALPHA_S01_E_REP05.npz,data/vsl_alphabet_pilot/videos/S01/VSL_ALPHA_S01_E_REP05.mp4,train
VSL_ALPHA_S01_G_REP01,S01,G,letter,Right,1,30,90,data/vsl_alphabet_pilot/landmarks/S01/VSL_ALPHA_S01_G_REP01.npz,data/vsl_alphabet_pilot/videos/S01/VSL_ALPHA_S01_G_REP01.mp4,train
VSL_ALPHA_S01_G_REP02,S01,G,letter,Right,2,30,90,data/vsl_alphabet_pilot/landmarks/S01/VSL_ALPHA_S01_G_REP02.npz,data/vsl_alphabet_pilot/videos/S01/VSL_ALPHA_S01_G_REP02.mp4,train
VSL_ALPHA_S01_G_REP03,S01,G,letter,Right,3,30,90,data/vsl_alphabet_pilot/landmarks/S01/VSL_ALPHA_S01_G_REP03.npz,data/vsl_alphabet_pilot/videos/S01/VSL_ALPHA_S01_G_REP03.mp4,train
VSL_ALPHA_S01_G_REP04,S01,G,letter,Right,4,30,90,data/vsl_alphabet_pilot/landmarks/S01/VSL_ALPHA_S01_G_REP04.npz,data/vsl_alphabet_pilot/videos/S01/VSL_ALPHA_S01_G_REP04.mp4,train
VSL_ALPHA_S01_G_REP05,S01,G,letter,Right,5,30,90,data/vsl_alphabet_pilot/landmarks/S01/VSL_ALPHA_S01_G_REP05.npz,data/vsl_alphabet_pilot/videos/S01/VSL_ALPHA_S01_G_REP05.mp4,train
VSL_ALPHA_S01_H_REP01,S01,H,letter,Right,1,30,90,data/vsl_alphabet_pilot/landmarks/S01/VSL_ALPHA_S01_H_REP01.npz,data/vsl_alphabet_pilot/videos/S01/VSL_ALPHA_S01_H_REP01.mp4,train
VSL_ALPHA_S01_H_REP02,S01,H,letter,Right,2,30,90,data/vsl_alphabet_pilot/landmarks/S01/VSL_ALPHA_S01_H_REP02.npz,data/vsl_alphabet_pilot/videos/S01/VSL_ALPHA_S01_H_REP02.mp4,train
VSL_ALPHA_S01_H_REP03,S01,H,letter,Right,3,30,90,data/vsl_alphabet_pilot/landmarks/S01/VSL_ALPHA_S01_H_REP03.npz,data/vsl_alphabet_pilot/videos/S01/VSL_ALPHA_S01_H_REP03.mp4,train
VSL_ALPHA_S01_H_REP04,S01,H,letter,Right,4,30,90,data/vsl_alphabet_pilot/landmarks/S01/VSL_ALPHA_S01_H_REP04.npz,data/vsl_alphabet_pilot/videos/S01/VSL_ALPHA_S01_H_REP04.mp4,train
VSL_ALPHA_S01_H_REP05,S01,H,letter,Right,5,30,90,data/vsl_alphabet_pilot/landmarks/S01/VSL_ALPHA_S01_H_REP05.npz,data/vsl_alphabet_pilot/videos/S01/VSL_ALPHA_S01_H_REP05.mp4,train
VSL_ALPHA_S01_I_REP01,S01,I,letter,Right,1,30,90,data/vsl_alphabet_pilot/landmarks/S01/VSL_ALPHA_S01_I_REP01.npz,data/vsl_alphabet_pilot/videos/S01/VSL_ALPHA_S01_I_REP01.mp4,train
VSL_ALPHA_S01_I_REP02,S01,I,letter,Right,2,30,90,data/vsl_alphabet_pilot/landmarks/S01/VSL_ALPHA_S01_I_REP02.npz,data/vsl_alphabet_pilot/videos/S01/VSL_ALPHA_S01_I_REP02.mp4,train
VSL_ALPHA_S01_I_REP03,S01,I,letter,Right,3,30,90,data/vsl_alphabet_pilot/landmarks/S01/VSL_ALPHA_S01_I_REP03.npz,data/vsl_alphabet_pilot/videos/S01/VSL_ALPHA_S01_I_REP03.mp4,train
VSL_ALPHA_S01_I_REP04,S01,I,letter,Right,4,30,90,data/vsl_alphabet_pilot/landmarks/S01/VSL_ALPHA_S01_I_REP04.npz,data/vsl_alphabet_pilot/videos/S01/VSL_ALPHA_S01_I_REP04.mp4,train
VSL_ALPHA_S01_I_REP05,S01,I,letter,Right,5,30,90,data/vsl_alphabet_pilot/landmarks/S01/VSL_ALPHA_S01_I_REP05.npz,data/vsl_alphabet_pilot/videos/S01/VSL_ALPHA_S01_I_REP05.mp4,train
VSL_ALPHA_S01_K_REP01,S01,K,letter,Right,1,30,90,data/vsl_alphabet_pilot/landmarks/S01/VSL_ALPHA_S01_K_REP01.npz,data/vsl_alphabet_pilot/videos/S01/VSL_ALPHA_S01_K_REP01.mp4,train
VSL_ALPHA_S01_K_REP02,S01,K,letter,Right,2,30,90,data/vsl_alphabet_pilot/landmarks/S01/VSL_ALPHA_S01_K_REP02.npz,data/vsl_alphabet_pilot/videos/S01/VSL_ALPHA_S01_K_REP02.mp4,train
VSL_ALPHA_S01_K_REP03,S01,K,letter,Right,3,30,90,data/vsl_alphabet_pilot/landmarks/S01/VSL_ALPHA_S01_K_REP03.npz,data/vsl_alphabet_pilot/videos/S01/VSL_ALPHA_S01_K_REP03.mp4,train
VSL_ALPHA_S01_K_REP04,S01,K,letter,Right,4,30,90,data/vsl_alphabet_pilot/landmarks/S01/VSL_ALPHA_S01_K_REP04.npz,data/vsl_alphabet_pilot/videos/S01/VSL_ALPHA_S01_K_REP04.mp4,train
VSL_ALPHA_S01_K_REP05,S01,K,letter,Right,5,30,90,data/vsl_alphabet_pilot/landmarks/S01/VSL_ALPHA_S01_K_REP05.npz,data/vsl_alphabet_pilot/videos/S01/VSL_ALPHA_S01_K_REP05.mp4,train
VSL_ALPHA_S01_L_REP01,S01,L,letter,Right,1,30,90,data/vsl_alphabet_pilot/landmarks/S01/VSL_ALPHA_S01_L_REP01.npz,data/vsl_alphabet_pilot/videos/S01/VSL_ALPHA_S01_L_REP01.mp4,train
VSL_ALPHA_S01_L_REP02,S01,L,letter,Right,2,30,90,data/vsl_alphabet_pilot/landmarks/S01/VSL_ALPHA_S01_L_REP02.npz,data/vsl_alphabet_pilot/videos/S01/VSL_ALPHA_S01_L_REP02.mp4,train
VSL_ALPHA_S01_L_REP03,S01,L,letter,Right,3,30,90,data/vsl_alphabet_pilot/landmarks/S01/VSL_ALPHA_S01_L_REP03.npz,data/vsl_alphabet_pilot/videos/S01/VSL_ALPHA_S01_L_REP03.mp4,train
VSL_ALPHA_S01_L_REP04,S01,L,letter,Right,4,30,90,data/vsl_alphabet_pilot/landmarks/S01/VSL_ALPHA_S01_L_REP04.npz,data/vsl_alphabet_pilot/videos/S01/VSL_ALPHA_S01_L_REP04.mp4,train
VSL_ALPHA_S01_L_REP05,S01,L,letter,Right,5,30,90,data/vsl_alphabet_pilot/landmarks/S01/VSL_ALPHA_S01_L_REP05.npz,data/vsl_alphabet_pilot/videos/S01/VSL_ALPHA_S01_L_REP05.mp4,train
VSL_ALPHA_S01_M_REP01,S01,M,letter,Right,1,30,90,data/vsl_alphabet_pilot/landmarks/S01/VSL_ALPHA_S01_M_REP01.npz,data/vsl_alphabet_pilot/videos/S01/VSL_ALPHA_S01_M_REP01.mp4,train
VSL_ALPHA_S01_M_REP02,S01,M,letter,Right,2,30,90,data/vsl_alphabet_pilot/landmarks/S01/VSL_ALPHA_S01_M_REP02.npz,data/vsl_alphabet_pilot/videos/S01/VSL_ALPHA_S01_M_REP02.mp4,train
VSL_ALPHA_S01_M_REP03,S01,M,letter,Right,3,30,90,data/vsl_alphabet_pilot/landmarks/S01/VSL_ALPHA_S01_M_REP03.npz,data/vsl_alphabet_pilot/videos/S01/VSL_ALPHA_S01_M_REP03.mp4,train
VSL_ALPHA_S01_M_REP04,S01,M,letter,Right,4,30,90,data/vsl_alphabet_pilot/landmarks/S01/VSL_ALPHA_S01_M_REP04.npz,data/vsl_alphabet_pilot/videos/S01/VSL_ALPHA_S01_M_REP04.mp4,train
VSL_ALPHA_S01_M_REP05,S01,M,letter,Right,5,30,90,data/vsl_alphabet_pilot/landmarks/S01/VSL_ALPHA_S01_M_REP05.npz,data/vsl_alphabet_pilot/videos/S01/VSL_ALPHA_S01_M_REP05.mp4,train
VSL_ALPHA_S01_N_REP01,S01,N,letter,Right,1,30,90,data/vsl_alphabet_pilot/landmarks/S01/VSL_ALPHA_S01_N_REP01.npz,data/vsl_alphabet_pilot/videos/S01/VSL_ALPHA_S01_N_REP01.mp4,train
VSL_ALPHA_S01_N_REP02,S01,N,letter,Right,2,30,90,data/vsl_alphabet_pilot/landmarks/S01/VSL_ALPHA_S01_N_REP02.npz,data/vsl_alphabet_pilot/videos/S01/VSL_ALPHA_S01_N_REP02.mp4,train
VSL_ALPHA_S01_N_REP03,S01,N,letter,Right,3,30,90,data/vsl_alphabet_pilot/landmarks/S01/VSL_ALPHA_S01_N_REP03.npz,data/vsl_alphabet_pilot/videos/S01/VSL_ALPHA_S01_N_REP03.mp4,train
VSL_ALPHA_S01_N_REP04,S01,N,letter,Right,4,30,90,data/vsl_alphabet_pilot/landmarks/S01/VSL_ALPHA_S01_N_REP04.npz,data/vsl_alphabet_pilot/videos/S01/VSL_ALPHA_S01_N_REP04.mp4,train
VSL_ALPHA_S01_N_REP05,S01,N,letter,Right,5,30,90,data/vsl_alphabet_pilot/landmarks/S01/VSL_ALPHA_S01_N_REP05.npz,data/vsl_alphabet_pilot/videos/S01/VSL_ALPHA_S01_N_REP05.mp4,train
VSL_ALPHA_S01_O_REP01,S01,O,letter,Right,1,30,90,data/vsl_alphabet_pilot/landmarks/S01/VSL_ALPHA_S01_O_REP01.npz,data/vsl_alphabet_pilot/videos/S01/VSL_ALPHA_S01_O_REP01.mp4,train
VSL_ALPHA_S01_O_REP02,S01,O,letter,Right,2,30,90,data/vsl_alphabet_pilot/landmarks/S01/VSL_ALPHA_S01_O_REP02.npz,data/vsl_alphabet_pilot/videos/S01/VSL_ALPHA_S01_O_REP02.mp4,train
VSL_ALPHA_S01_O_REP03,S01,O,letter,Right,3,30,90,data/vsl_alphabet_pilot/landmarks/S01/VSL_ALPHA_S01_O_REP03.npz,data/vsl_alphabet_pilot/videos/S01/VSL_ALPHA_S01_O_REP03.mp4,train
VSL_ALPHA_S01_O_REP04,S01,O,letter,Right,4,30,90,data/vsl_alphabet_pilot/landmarks/S01/VSL_ALPHA_S01_O_REP04.npz,data/vsl_alphabet_pilot/videos/S01/VSL_ALPHA_S01_O_REP04.mp4,train
VSL_ALPHA_S01_O_REP05,S01,O,letter,Right,5,30,90,data/vsl_alphabet_pilot/landmarks/S01/VSL_ALPHA_S01_O_REP05.npz,data/vsl_alphabet_pilot/videos/S01/VSL_ALPHA_S01_O_REP05.mp4,train
VSL_ALPHA_S01_P_REP01,S01,P,letter,Right,1,30,90,data/vsl_alphabet_pilot/landmarks/S01/VSL_ALPHA_S01_P_REP01.npz,data/vsl_alphabet_pilot/videos/S01/VSL_ALPHA_S01_P_REP01.mp4,train
VSL_ALPHA_S01_P_REP02,S01,P,letter,Right,2,30,90,data/vsl_alphabet_pilot/landmarks/S01/VSL_ALPHA_S01_P_REP02.npz,data/vsl_alphabet_pilot/videos/S01/VSL_ALPHA_S01_P_REP02.mp4,train
VSL_ALPHA_S01_P_REP03,S01,P,letter,Right,3,30,90,data/vsl_alphabet_pilot/landmarks/S01/VSL_ALPHA_S01_P_REP03.npz,data/vsl_alphabet_pilot/videos/S01/VSL_ALPHA_S01_P_REP03.mp4,train
VSL_ALPHA_S01_P_REP04,S01,P,letter,Right,4,30,90,data/vsl_alphabet_pilot/landmarks/S01/VSL_ALPHA_S01_P_REP04.npz,data/vsl_alphabet_pilot/videos/S01/VSL_ALPHA_S01_P_REP04.mp4,train
VSL_ALPHA_S01_P_REP05,S01,P,letter,Right,5,30,90,data/vsl_alphabet_pilot/landmarks/S01/VSL_ALPHA_S01_P_REP05.npz,data/vsl_alphabet_pilot/videos/S01/VSL_ALPHA_S01_P_REP05.mp4,train
VSL_ALPHA_S01_Q_REP01,S01,Q,letter,Right,1,30,90,data/vsl_alphabet_pilot/landmarks/S01/VSL_ALPHA_S01_Q_REP01.npz,data/vsl_alphabet_pilot/videos/S01/VSL_ALPHA_S01_Q_REP01.mp4,train
VSL_ALPHA_S01_Q_REP02,S01,Q,letter,Right,2,30,90,data/vsl_alphabet_pilot/landmarks/S01/VSL_ALPHA_S01_Q_REP02.npz,data/vsl_alphabet_pilot/videos/S01/VSL_ALPHA_S01_Q_REP02.mp4,train
VSL_ALPHA_S01_Q_REP03,S01,Q,letter,Right,3,30,90,data/vsl_alphabet_pilot/landmarks/S01/VSL_ALPHA_S01_Q_REP03.npz,data/vsl_alphabet_pilot/videos/S01/VSL_ALPHA_S01_Q_REP03.mp4,train
VSL_ALPHA_S01_Q_REP04,S01,Q,letter,Right,4,30,90,data/vsl_alphabet_pilot/landmarks/S01/VSL_ALPHA_S01_Q_REP04.npz,data/vsl_alphabet_pilot/videos/S01/VSL_ALPHA_S01_Q_REP04.mp4,train
VSL_ALPHA_S01_Q_REP05,S01,Q,letter,Right,5,30,90,data/vsl_alphabet_pilot/landmarks/S01/VSL_ALPHA_S01_Q_REP05.npz,data/vsl_alphabet_pilot/videos/S01/VSL_ALPHA_S01_Q_REP05.mp4,train
VSL_ALPHA_S01_R_REP01,S01,R,letter,Right,1,30,90,data/vsl_alphabet_pilot/landmarks/S01/VSL_ALPHA_S01_R_REP01.npz,data/vsl_alphabet_pilot/videos/S01/VSL_ALPHA_S01_R_REP01.mp4,train
VSL_ALPHA_S01_R_REP02,S01,R,letter,Right,2,30,90,data/vsl_alphabet_pilot/landmarks/S01/VSL_ALPHA_S01_R_REP02.npz,data/vsl_alphabet_pilot/videos/S01/VSL_ALPHA_S01_R_REP02.mp4,train
VSL_ALPHA_S01_R_REP03,S01,R,letter,Right,3,30,90,data/vsl_alphabet_pilot/landmarks/S01/VSL_ALPHA_S01_R_REP03.npz,data/vsl_alphabet_pilot/videos/S01/VSL_ALPHA_S01_R_REP03.mp4,train
VSL_ALPHA_S01_R_REP04,S01,R,letter,Right,4,30,90,data/vsl_alphabet_pilot/landmarks/S01/VSL_ALPHA_S01_R_REP04.npz,data/vsl_alphabet_pilot/videos/S01/VSL_ALPHA_S01_R_REP04.mp4,train
VSL_ALPHA_S01_R_REP05,S01,R,letter,Right,5,30,90,data/vsl_alphabet_pilot/landmarks/S01/VSL_ALPHA_S01_R_REP05.npz,data/vsl_alphabet_pilot/videos/S01/VSL_ALPHA_S01_R_REP05.mp4,train
VSL_ALPHA_S01_S_REP01,S01,S,letter,Right,1,30,90,data/vsl_alphabet_pilot/landmarks/S01/VSL_ALPHA_S01_S_REP01.npz,data/vsl_alphabet_pilot/videos/S01/VSL_ALPHA_S01_S_REP01.mp4,train
VSL_ALPHA_S01_S_REP02,S01,S,letter,Right,2,30,90,data/vsl_alphabet_pilot/landmarks/S01/VSL_ALPHA_S01_S_REP02.npz,data/vsl_alphabet_pilot/videos/S01/VSL_ALPHA_S01_S_REP02.mp4,train
VSL_ALPHA_S01_S_REP03,S01,S,letter,Right,3,30,90,data/vsl_alphabet_pilot/landmarks/S01/VSL_ALPHA_S01_S_REP03.npz,data/vsl_alphabet_pilot/videos/S01/VSL_ALPHA_S01_S_REP03.mp4,train
VSL_ALPHA_S01_S_REP04,S01,S,letter,Right,4,30,90,data/vsl_alphabet_pilot/landmarks/S01/VSL_ALPHA_S01_S_REP04.npz,data/vsl_alphabet_pilot/videos/S01/VSL_ALPHA_S01_S_REP04.mp4,train
VSL_ALPHA_S01_S_REP05,S01,S,letter,Right,5,30,90,data/vsl_alphabet_pilot/landmarks/S01/VSL_ALPHA_S01_S_REP05.npz,data/vsl_alphabet_pilot/videos/S01/VSL_ALPHA_S01_S_REP05.mp4,train
VSL_ALPHA_S01_T_REP01,S01,T,letter,Right,1,30,90,data/vsl_alphabet_pilot/landmarks/S01/VSL_ALPHA_S01_T_REP01.npz,data/vsl_alphabet_pilot/videos/S01/VSL_ALPHA_S01_T_REP01.mp4,train
VSL_ALPHA_S01_T_REP02,S01,T,letter,Right,2,30,90,data/vsl_alphabet_pilot/landmarks/S01/VSL_ALPHA_S01_T_REP02.npz,data/vsl_alphabet_pilot/videos/S01/VSL_ALPHA_S01_T_REP02.mp4,train
VSL_ALPHA_S01_T_REP03,S01,T,letter,Right,3,30,90,data/vsl_alphabet_pilot/landmarks/S01/VSL_ALPHA_S01_T_REP03.npz,data/vsl_alphabet_pilot/videos/S01/VSL_ALPHA_S01_T_REP03.mp4,train
VSL_ALPHA_S01_T_REP04,S01,T,letter,Right,4,30,90,data/vsl_alphabet_pilot/landmarks/S01/VSL_ALPHA_S01_T_REP04.npz,data/vsl_alphabet_pilot/videos/S01/VSL_ALPHA_S01_T_REP04.mp4,train
VSL_ALPHA_S01_T_REP05,S01,T,letter,Right,5,30,90,data/vsl_alphabet_pilot/landmarks/S01/VSL_ALPHA_S01_T_REP05.npz,data/vsl_alphabet_pilot/videos/S01/VSL_ALPHA_S01_T_REP05.mp4,train
VSL_ALPHA_S01_U_REP01,S01,U,letter,Right,1,30,90,data/vsl_alphabet_pilot/landmarks/S01/VSL_ALPHA_S01_U_REP01.npz,data/vsl_alphabet_pilot/videos/S01/VSL_ALPHA_S01_U_REP01.mp4,train
VSL_ALPHA_S01_U_REP02,S01,U,letter,Right,2,30,90,data/vsl_alphabet_pilot/landmarks/S01/VSL_ALPHA_S01_U_REP02.npz,data/vsl_alphabet_pilot/videos/S01/VSL_ALPHA_S01_U_REP02.mp4,train
VSL_ALPHA_S01_U_REP03,S01,U,letter,Right,3,30,90,data/vsl_alphabet_pilot/landmarks/S01/VSL_ALPHA_S01_U_REP03.npz,data/vsl_alphabet_pilot/videos/S01/VSL_ALPHA_S01_U_REP03.mp4,train
VSL_ALPHA_S01_U_REP04,S01,U,letter,Right,4,30,90,data/vsl_alphabet_pilot/landmarks/S01/VSL_ALPHA_S01_U_REP04.npz,data/vsl_alphabet_pilot/videos/S01/VSL_ALPHA_S01_U_REP04.mp4,train
VSL_ALPHA_S01_U_REP05,S01,U,letter,Right,5,30,90,data/vsl_alphabet_pilot/landmarks/S01/VSL_ALPHA_S01_U_REP05.npz,data/vsl_alphabet_pilot/videos/S01/VSL_ALPHA_S01_U_REP05.mp4,train
VSL_ALPHA_S01_V_REP01,S01,V,letter,Right,1,30,90,data/vsl_alphabet_pilot/landmarks/S01/VSL_ALPHA_S01_V_REP01.npz,data/vsl_alphabet_pilot/videos/S01/VSL_ALPHA_S01_V_REP01.mp4,train
VSL_ALPHA_S01_V_REP02,S01,V,letter,Right,2,30,90,data/vsl_alphabet_pilot/landmarks/S01/VSL_ALPHA_S01_V_REP02.npz,data/vsl_alphabet_pilot/videos/S01/VSL_ALPHA_S01_V_REP02.mp4,train
VSL_ALPHA_S01_V_REP03,S01,V,letter,Right,3,30,90,data/vsl_alphabet_pilot/landmarks/S01/VSL_ALPHA_S01_V_REP03.npz,data/vsl_alphabet_pilot/videos/S01/VSL_ALPHA_S01_V_REP03.mp4,train
VSL_ALPHA_S01_V_REP04,S01,V,letter,Right,4,30,90,data/vsl_alphabet_pilot/landmarks/S01/VSL_ALPHA_S01_V_REP04.npz,data/vsl_alphabet_pilot/videos/S01/VSL_ALPHA_S01_V_REP04.mp4,train
VSL_ALPHA_S01_V_REP05,S01,V,letter,Right,5,30,90,data/vsl_alphabet_pilot/landmarks/S01/VSL_ALPHA_S01_V_REP05.npz,data/vsl_alphabet_pilot/videos/S01/VSL_ALPHA_S01_V_REP05.mp4,train
VSL_ALPHA_S01_X_REP01,S01,X,letter,Right,1,30,90,data/vsl_alphabet_pilot/landmarks/S01/VSL_ALPHA_S01_X_REP01.npz,data/vsl_alphabet_pilot/videos/S01/VSL_ALPHA_S01_X_REP01.mp4,train
VSL_ALPHA_S01_X_REP02,S01,X,letter,Right,2,30,90,data/vsl_alphabet_pilot/landmarks/S01/VSL_ALPHA_S01_X_REP02.npz,data/vsl_alphabet_pilot/videos/S01/VSL_ALPHA_S01_X_REP02.mp4,train
VSL_ALPHA_S01_X_REP03,S01,X,letter,Right,3,30,90,data/vsl_alphabet_pilot/landmarks/S01/VSL_ALPHA_S01_X_REP03.npz,data/vsl_alphabet_pilot/videos/S01/VSL_ALPHA_S01_X_REP03.mp4,train
VSL_ALPHA_S01_X_REP04,S01,X,letter,Right,4,30,90,data/vsl_alphabet_pilot/landmarks/S01/VSL_ALPHA_S01_X_REP04.npz,data/vsl_alphabet_pilot/videos/S01/VSL_ALPHA_S01_X_REP04.mp4,train
VSL_ALPHA_S01_X_REP05,S01,X,letter,Right,5,30,90,data/vsl_alphabet_pilot/landmarks/S01/VSL_ALPHA_S01_X_REP05.npz,data/vsl_alphabet_pilot/videos/S01/VSL_ALPHA_S01_X_REP05.mp4,train
VSL_ALPHA_S01_Y_REP01,S01,Y,letter,Right,1,30,90,data/vsl_alphabet_pilot/landmarks/S01/VSL_ALPHA_S01_Y_REP01.npz,data/vsl_alphabet_pilot/videos/S01/VSL_ALPHA_S01_Y_REP01.mp4,train
VSL_ALPHA_S01_Y_REP02,S01,Y,letter,Right,2,30,90,data/vsl_alphabet_pilot/landmarks/S01/VSL_ALPHA_S01_Y_REP02.npz,data/vsl_alphabet_pilot/videos/S01/VSL_ALPHA_S01_Y_REP02.mp4,train
VSL_ALPHA_S01_Y_REP03,S01,Y,letter,Right,3,30,90,data/vsl_alphabet_pilot/landmarks/S01/VSL_ALPHA_S01_Y_REP03.npz,data/vsl_alphabet_pilot/videos/S01/VSL_ALPHA_S01_Y_REP03.mp4,train
VSL_ALPHA_S01_Y_REP04,S01,Y,letter,Right,4,30,90,data/vsl_alphabet_pilot/landmarks/S01/VSL_ALPHA_S01_Y_REP04.npz,data/vsl_alphabet_pilot/videos/S01/VSL_ALPHA_S01_Y_REP04.mp4,train
VSL_ALPHA_S01_Y_REP05,S01,Y,letter,Right,5,30,90,data/vsl_alphabet_pilot/landmarks/S01/VSL_ALPHA_S01_Y_REP05.npz,data/vsl_alphabet_pilot/videos/S01/VSL_ALPHA_S01_Y_REP05.mp4,train
VSL_ALPHA_S01_Dau_mu_REP01,S01,Dau_mu,accent,Right,1,30,90,data/vsl_alphabet_pilot/landmarks/S01/VSL_ALPHA_S01_Dau_mu_REP01.npz,data/vsl_alphabet_pilot/videos/S01/VSL_ALPHA_S01_Dau_mu_REP01.mp4,train
VSL_ALPHA_S01_Dau_mu_REP02,S01,Dau_mu,accent,Right,2,30,90,data/vsl_alphabet_pilot/landmarks/S01/VSL_ALPHA_S01_Dau_mu_REP02.npz,data/vsl_alphabet_pilot/videos/S01/VSL_ALPHA_S01_Dau_mu_REP02.mp4,train
VSL_ALPHA_S01_Dau_mu_REP03,S01,Dau_mu,accent,Right,3,30,90,data/vsl_alphabet_pilot/landmarks/S01/VSL_ALPHA_S01_Dau_mu_REP03.npz,data/vsl_alphabet_pilot/videos/S01/VSL_ALPHA_S01_Dau_mu_REP03.mp4,train
VSL_ALPHA_S01_Dau_mu_REP04,S01,Dau_mu,accent,Right,4,30,90,data/vsl_alphabet_pilot/landmarks/S01/VSL_ALPHA_S01_Dau_mu_REP04.npz,data/vsl_alphabet_pilot/videos/S01/VSL_ALPHA_S01_Dau_mu_REP04.mp4,train
VSL_ALPHA_S01_Dau_mu_REP05,S01,Dau_mu,accent,Right,5,30,90,data/vsl_alphabet_pilot/landmarks/S01/VSL_ALPHA_S01_Dau_mu_REP05.npz,data/vsl_alphabet_pilot/videos/S01/VSL_ALPHA_S01_Dau_mu_REP05.mp4,train
VSL_ALPHA_S01_Dau_moc_REP01,S01,Dau_moc,accent,Right,1,30,90,data/vsl_alphabet_pilot/landmarks/S01/VSL_ALPHA_S01_Dau_moc_REP01.npz,data/vsl_alphabet_pilot/videos/S01/VSL_ALPHA_S01_Dau_moc_REP01.mp4,train
VSL_ALPHA_S01_Dau_moc_REP02,S01,Dau_moc,accent,Right,2,30,90,data/vsl_alphabet_pilot/landmarks/S01/VSL_ALPHA_S01_Dau_moc_REP02.npz,data/vsl_alphabet_pilot/videos/S01/VSL_ALPHA_S01_Dau_moc_REP02.mp4,train
VSL_ALPHA_S01_Dau_moc_REP03,S01,Dau_moc,accent,Right,3,30,90,data/vsl_alphabet_pilot/landmarks/S01/VSL_ALPHA_S01_Dau_moc_REP03.npz,data/vsl_alphabet_pilot/videos/S01/VSL_ALPHA_S01_Dau_moc_REP03.mp4,train
VSL_ALPHA_S01_Dau_moc_REP04,S01,Dau_moc,accent,Right,4,30,90,data/vsl_alphabet_pilot/landmarks/S01/VSL_ALPHA_S01_Dau_moc_REP04.npz,data/vsl_alphabet_pilot/videos/S01/VSL_ALPHA_S01_Dau_moc_REP04.mp4,train
VSL_ALPHA_S01_Dau_moc_REP05,S01,Dau_moc,accent,Right,5,30,90,data/vsl_alphabet_pilot/landmarks/S01/VSL_ALPHA_S01_Dau_moc_REP05.npz,data/vsl_alphabet_pilot/videos/S01/VSL_ALPHA_S01_Dau_moc_REP05.mp4,train
VSL_ALPHA_S04_A_REP01,S04,A,letter,Right,1,30,90,data/vsl_alphabet_pilot/landmarks/S04/VSL_ALPHA_S04_A_REP01.npz,data/vsl_alphabet_pilot/videos/S04/VSL_ALPHA_S04_A_REP01.mp4,train
VSL_ALPHA_S04_A_REP02,S04,A,letter,Right,2,30,90,data/vsl_alphabet_pilot/landmarks/S04/VSL_ALPHA_S04_A_REP02.npz,data/vsl_alphabet_pilot/videos/S04/VSL_ALPHA_S04_A_REP02.mp4,train
VSL_ALPHA_S04_A_REP03,S04,A,letter,Right,3,30,90,data/vsl_alphabet_pilot/landmarks/S04/VSL_ALPHA_S04_A_REP03.npz,data/vsl_alphabet_pilot/videos/S04/VSL_ALPHA_S04_A_REP03.mp4,train
VSL_ALPHA_S04_A_REP04,S04,A,letter,Right,4,30,90,data/vsl_alphabet_pilot/landmarks/S04/VSL_ALPHA_S04_A_REP04.npz,data/vsl_alphabet_pilot/videos/S04/VSL_ALPHA_S04_A_REP04.mp4,train
VSL_ALPHA_S04_A_REP05,S04,A,letter,Right,5,30,90,data/vsl_alphabet_pilot/landmarks/S04/VSL_ALPHA_S04_A_REP05.npz,data/vsl_alphabet_pilot/videos/S04/VSL_ALPHA_S04_A_REP05.mp4,train
VSL_ALPHA_S04_B_REP01,S04,B,letter,Right,1,30,90,data/vsl_alphabet_pilot/landmarks/S04/VSL_ALPHA_S04_B_REP01.npz,data/vsl_alphabet_pilot/videos/S04/VSL_ALPHA_S04_B_REP01.mp4,train
VSL_ALPHA_S04_B_REP02,S04,B,letter,Right,2,30,90,data/vsl_alphabet_pilot/landmarks/S04/VSL_ALPHA_S04_B_REP02.npz,data/vsl_alphabet_pilot/videos/S04/VSL_ALPHA_S04_B_REP02.mp4,train
VSL_ALPHA_S04_B_REP03,S04,B,letter,Right,3,30,90,data/vsl_alphabet_pilot/landmarks/S04/VSL_ALPHA_S04_B_REP03.npz,data/vsl_alphabet_pilot/videos/S04/VSL_ALPHA_S04_B_REP03.mp4,train
VSL_ALPHA_S04_B_REP04,S04,B,letter,Right,4,30,90,data/vsl_alphabet_pilot/landmarks/S04/VSL_ALPHA_S04_B_REP04.npz,data/vsl_alphabet_pilot/videos/S04/VSL_ALPHA_S04_B_REP04.mp4,train
VSL_ALPHA_S04_B_REP05,S04,B,letter,Right,5,30,90,data/vsl_alphabet_pilot/landmarks/S04/VSL_ALPHA_S04_B_REP05.npz,data/vsl_alphabet_pilot/videos/S04/VSL_ALPHA_S04_B_REP05.mp4,train
VSL_ALPHA_S04_C_REP01,S04,C,letter,Right,1,30,90,data/vsl_alphabet_pilot/landmarks/S04/VSL_ALPHA_S04_C_REP01.npz,data/vsl_alphabet_pilot/videos/S04/VSL_ALPHA_S04_C_REP01.mp4,train
VSL_ALPHA_S04_C_REP02,S04,C,letter,Right,2,30,90,data/vsl_alphabet_pilot/landmarks/S04/VSL_ALPHA_S04_C_REP02.npz,data/vsl_alphabet_pilot/videos/S04/VSL_ALPHA_S04_C_REP02.mp4,train
VSL_ALPHA_S04_C_REP03,S04,C,letter,Right,3,30,90,data/vsl_alphabet_pilot/landmarks/S04/VSL_ALPHA_S04_C_REP03.npz,data/vsl_alphabet_pilot/videos/S04/VSL_ALPHA_S04_C_REP03.mp4,train
VSL_ALPHA_S04_C_REP04,S04,C,letter,Right,4,30,90,data/vsl_alphabet_pilot/landmarks/S04/VSL_ALPHA_S04_C_REP04.npz,data/vsl_alphabet_pilot/videos/S04/VSL_ALPHA_S04_C_REP04.mp4,train
VSL_ALPHA_S04_C_REP05,S04,C,letter,Right,5,30,90,data/vsl_alphabet_pilot/landmarks/S04/VSL_ALPHA_S04_C_REP05.npz,data/vsl_alphabet_pilot/videos/S04/VSL_ALPHA_S04_C_REP05.mp4,train
VSL_ALPHA_S04_D_REP01,S04,D,letter,Right,1,30,90,data/vsl_alphabet_pilot/landmarks/S04/VSL_ALPHA_S04_D_REP01.npz,data/vsl_alphabet_pilot/videos/S04/VSL_ALPHA_S04_D_REP01.mp4,train
VSL_ALPHA_S04_D_REP02,S04,D,letter,Right,2,30,90,data/vsl_alphabet_pilot/landmarks/S04/VSL_ALPHA_S04_D_REP02.npz,data/vsl_alphabet_pilot/videos/S04/VSL_ALPHA_S04_D_REP02.mp4,train
VSL_ALPHA_S04_D_REP03,S04,D,letter,Right,3,30,90,data/vsl_alphabet_pilot/landmarks/S04/VSL_ALPHA_S04_D_REP03.npz,data/vsl_alphabet_pilot/videos/S04/VSL_ALPHA_S04_D_REP03.mp4,train
VSL_ALPHA_S04_D_REP04,S04,D,letter,Right,4,30,90,data/vsl_alphabet_pilot/landmarks/S04/VSL_ALPHA_S04_D_REP04.npz,data/vsl_alphabet_pilot/videos/S04/VSL_ALPHA_S04_D_REP04.mp4,train
VSL_ALPHA_S04_D_REP05,S04,D,letter,Right,5,30,90,data/vsl_alphabet_pilot/landmarks/S04/VSL_ALPHA_S04_D_REP05.npz,data/vsl_alphabet_pilot/videos/S04/VSL_ALPHA_S04_D_REP05.mp4,train
VSL_ALPHA_S04_Đ_REP01,S04,Đ,letter,Right,1,30,90,data/vsl_alphabet_pilot/landmarks/S04/VSL_ALPHA_S04_Đ_REP01.npz,data/vsl_alphabet_pilot/videos/S04/VSL_ALPHA_S04_Đ_REP01.mp4,train
VSL_ALPHA_S04_Đ_REP02,S04,Đ,letter,Right,2,30,90,data/vsl_alphabet_pilot/landmarks/S04/VSL_ALPHA_S04_Đ_REP02.npz,data/vsl_alphabet_pilot/videos/S04/VSL_ALPHA_S04_Đ_REP02.mp4,train
VSL_ALPHA_S04_Đ_REP03,S04,Đ,letter,Right,3,30,90,data/vsl_alphabet_pilot/landmarks/S04/VSL_ALPHA_S04_Đ_REP03.npz,data/vsl_alphabet_pilot/videos/S04/VSL_ALPHA_S04_Đ_REP03.mp4,train
VSL_ALPHA_S04_Đ_REP04,S04,Đ,letter,Right,4,30,90,data/vsl_alphabet_pilot/landmarks/S04/VSL_ALPHA_S04_Đ_REP04.npz,data/vsl_alphabet_pilot/videos/S04/VSL_ALPHA_S04_Đ_REP04.mp4,train
VSL_ALPHA_S04_Đ_REP05,S04,Đ,letter,Right,5,30,90,data/vsl_alphabet_pilot/landmarks/S04/VSL_ALPHA_S04_Đ_REP05.npz,data/vsl_alphabet_pilot/videos/S04/VSL_ALPHA_S04_Đ_REP05.mp4,train
VSL_ALPHA_S04_E_REP01,S04,E,letter,Right,1,30,90,data/vsl_alphabet_pilot/landmarks/S04/VSL_ALPHA_S04_E_REP01.npz,data/vsl_alphabet_pilot/videos/S04/VSL_ALPHA_S04_E_REP01.mp4,train
VSL_ALPHA_S04_E_REP02,S04,E,letter,Right,2,30,90,data/vsl_alphabet_pilot/landmarks/S04/VSL_ALPHA_S04_E_REP02.npz,data/vsl_alphabet_pilot/videos/S04/VSL_ALPHA_S04_E_REP02.mp4,train
VSL_ALPHA_S04_E_REP03,S04,E,letter,Right,3,30,90,data/vsl_alphabet_pilot/landmarks/S04/VSL_ALPHA_S04_E_REP03.npz,data/vsl_alphabet_pilot/videos/S04/VSL_ALPHA_S04_E_REP03.mp4,train
VSL_ALPHA_S04_E_REP04,S04,E,letter,Right,4,30,90,data/vsl_alphabet_pilot/landmarks/S04/VSL_ALPHA_S04_E_REP04.npz,data/vsl_alphabet_pilot/videos/S04/VSL_ALPHA_S04_E_REP04.mp4,train
VSL_ALPHA_S04_E_REP05,S04,E,letter,Right,5,30,90,data/vsl_alphabet_pilot/landmarks/S04/VSL_ALPHA_S04_E_REP05.npz,data/vsl_alphabet_pilot/videos/S04/VSL_ALPHA_S04_E_REP05.mp4,train
VSL_ALPHA_S04_G_REP01,S04,G,letter,Right,1,30,90,data/vsl_alphabet_pilot/landmarks/S04/VSL_ALPHA_S04_G_REP01.npz,data/vsl_alphabet_pilot/videos/S04/VSL_ALPHA_S04_G_REP01.mp4,train
VSL_ALPHA_S04_G_REP02,S04,G,letter,Right,2,30,90,data/vsl_alphabet_pilot/landmarks/S04/VSL_ALPHA_S04_G_REP02.npz,data/vsl_alphabet_pilot/videos/S04/VSL_ALPHA_S04_G_REP02.mp4,train
VSL_ALPHA_S04_G_REP03,S04,G,letter,Right,3,30,90,data/vsl_alphabet_pilot/landmarks/S04/VSL_ALPHA_S04_G_REP03.npz,data/vsl_alphabet_pilot/videos/S04/VSL_ALPHA_S04_G_REP03.mp4,train
VSL_ALPHA_S04_G_REP04,S04,G,letter,Right,4,30,90,data/vsl_alphabet_pilot/landmarks/S04/VSL_ALPHA_S04_G_REP04.npz,data/vsl_alphabet_pilot/videos/S04/VSL_ALPHA_S04_G_REP04.mp4,train
VSL_ALPHA_S04_G_REP05,S04,G,letter,Right,5,30,90,data/vsl_alphabet_pilot/landmarks/S04/VSL_ALPHA_S04_G_REP05.npz,data/vsl_alphabet_pilot/videos/S04/VSL_ALPHA_S04_G_REP05.mp4,train
VSL_ALPHA_S04_H_REP01,S04,H,letter,Right,1,30,90,data/vsl_alphabet_pilot/landmarks/S04/VSL_ALPHA_S04_H_REP01.npz,data/vsl_alphabet_pilot/videos/S04/VSL_ALPHA_S04_H_REP01.mp4,train
VSL_ALPHA_S04_H_REP02,S04,H,letter,Right,2,30,90,data/vsl_alphabet_pilot/landmarks/S04/VSL_ALPHA_S04_H_REP02.npz,data/vsl_alphabet_pilot/videos/S04/VSL_ALPHA_S04_H_REP02.mp4,train
VSL_ALPHA_S04_H_REP03,S04,H,letter,Right,3,30,90,data/vsl_alphabet_pilot/landmarks/S04/VSL_ALPHA_S04_H_REP03.npz,data/vsl_alphabet_pilot/videos/S04/VSL_ALPHA_S04_H_REP03.mp4,train
VSL_ALPHA_S04_H_REP04,S04,H,letter,Right,4,30,90,data/vsl_alphabet_pilot/landmarks/S04/VSL_ALPHA_S04_H_REP04.npz,data/vsl_alphabet_pilot/videos/S04/VSL_ALPHA_S04_H_REP04.mp4,train
VSL_ALPHA_S04_H_REP05,S04,H,letter,Right,5,30,90,data/vsl_alphabet_pilot/landmarks/S04/VSL_ALPHA_S04_H_REP05.npz,data/vsl_alphabet_pilot/videos/S04/VSL_ALPHA_S04_H_REP05.mp4,train
VSL_ALPHA_S04_I_REP01,S04,I,letter,Right,1,30,90,data/vsl_alphabet_pilot/landmarks/S04/VSL_ALPHA_S04_I_REP01.npz,data/vsl_alphabet_pilot/videos/S04/VSL_ALPHA_S04_I_REP01.mp4,train
VSL_ALPHA_S04_I_REP02,S04,I,letter,Right,2,30,90,data/vsl_alphabet_pilot/landmarks/S04/VSL_ALPHA_S04_I_REP02.npz,data/vsl_alphabet_pilot/videos/S04/VSL_ALPHA_S04_I_REP02.mp4,train
VSL_ALPHA_S04_I_REP03,S04,I,letter,Right,3,30,90,data/vsl_alphabet_pilot/landmarks/S04/VSL_ALPHA_S04_I_REP03.npz,data/vsl_alphabet_pilot/videos/S04/VSL_ALPHA_S04_I_REP03.mp4,train
VSL_ALPHA_S04_I_REP04,S04,I,letter,Right,4,30,90,data/vsl_alphabet_pilot/landmarks/S04/VSL_ALPHA_S04_I_REP04.npz,data/vsl_alphabet_pilot/videos/S04/VSL_ALPHA_S04_I_REP04.mp4,train
VSL_ALPHA_S04_I_REP05,S04,I,letter,Right,5,30,90,data/vsl_alphabet_pilot/landmarks/S04/VSL_ALPHA_S04_I_REP05.npz,data/vsl_alphabet_pilot/videos/S04/VSL_ALPHA_S04_I_REP05.mp4,train
VSL_ALPHA_S04_K_REP01,S04,K,letter,Right,1,30,90,data/vsl_alphabet_pilot/landmarks/S04/VSL_ALPHA_S04_K_REP01.npz,data/vsl_alphabet_pilot/videos/S04/VSL_ALPHA_S04_K_REP01.mp4,train
VSL_ALPHA_S04_K_REP02,S04,K,letter,Right,2,30,90,data/vsl_alphabet_pilot/landmarks/S04/VSL_ALPHA_S04_K_REP02.npz,data/vsl_alphabet_pilot/videos/S04/VSL_ALPHA_S04_K_REP02.mp4,train
VSL_ALPHA_S04_K_REP03,S04,K,letter,Right,3,30,90,data/vsl_alphabet_pilot/landmarks/S04/VSL_ALPHA_S04_K_REP03.npz,data/vsl_alphabet_pilot/videos/S04/VSL_ALPHA_S04_K_REP03.mp4,train
VSL_ALPHA_S04_K_REP04,S04,K,letter,Right,4,30,90,data/vsl_alphabet_pilot/landmarks/S04/VSL_ALPHA_S04_K_REP04.npz,data/vsl_alphabet_pilot/videos/S04/VSL_ALPHA_S04_K_REP04.mp4,train
VSL_ALPHA_S04_K_REP05,S04,K,letter,Right,5,30,90,data/vsl_alphabet_pilot/landmarks/S04/VSL_ALPHA_S04_K_REP05.npz,data/vsl_alphabet_pilot/videos/S04/VSL_ALPHA_S04_K_REP05.mp4,train
VSL_ALPHA_S04_L_REP01,S04,L,letter,Right,1,30,90,data/vsl_alphabet_pilot/landmarks/S04/VSL_ALPHA_S04_L_REP01.npz,data/vsl_alphabet_pilot/videos/S04/VSL_ALPHA_S04_L_REP01.mp4,train
VSL_ALPHA_S04_L_REP02,S04,L,letter,Right,2,30,90,data/vsl_alphabet_pilot/landmarks/S04/VSL_ALPHA_S04_L_REP02.npz,data/vsl_alphabet_pilot/videos/S04/VSL_ALPHA_S04_L_REP02.mp4,train
VSL_ALPHA_S04_L_REP03,S04,L,letter,Right,3,30,90,data/vsl_alphabet_pilot/landmarks/S04/VSL_ALPHA_S04_L_REP03.npz,data/vsl_alphabet_pilot/videos/S04/VSL_ALPHA_S04_L_REP03.mp4,train
VSL_ALPHA_S04_L_REP04,S04,L,letter,Right,4,30,90,data/vsl_alphabet_pilot/landmarks/S04/VSL_ALPHA_S04_L_REP04.npz,data/vsl_alphabet_pilot/videos/S04/VSL_ALPHA_S04_L_REP04.mp4,train
VSL_ALPHA_S04_L_REP05,S04,L,letter,Right,5,30,90,data/vsl_alphabet_pilot/landmarks/S04/VSL_ALPHA_S04_L_REP05.npz,data/vsl_alphabet_pilot/videos/S04/VSL_ALPHA_S04_L_REP05.mp4,train
VSL_ALPHA_S04_M_REP01,S04,M,letter,Right,1,30,90,data/vsl_alphabet_pilot/landmarks/S04/VSL_ALPHA_S04_M_REP01.npz,data/vsl_alphabet_pilot/videos/S04/VSL_ALPHA_S04_M_REP01.mp4,train
VSL_ALPHA_S04_M_REP02,S04,M,letter,Right,2,30,90,data/vsl_alphabet_pilot/landmarks/S04/VSL_ALPHA_S04_M_REP02.npz,data/vsl_alphabet_pilot/videos/S04/VSL_ALPHA_S04_M_REP02.mp4,train
VSL_ALPHA_S04_M_REP03,S04,M,letter,Right,3,30,90,data/vsl_alphabet_pilot/landmarks/S04/VSL_ALPHA_S04_M_REP03.npz,data/vsl_alphabet_pilot/videos/S04/VSL_ALPHA_S04_M_REP03.mp4,train
VSL_ALPHA_S04_M_REP04,S04,M,letter,Right,4,30,90,data/vsl_alphabet_pilot/landmarks/S04/VSL_ALPHA_S04_M_REP04.npz,data/vsl_alphabet_pilot/videos/S04/VSL_ALPHA_S04_M_REP04.mp4,train
VSL_ALPHA_S04_M_REP05,S04,M,letter,Right,5,30,90,data/vsl_alphabet_pilot/landmarks/S04/VSL_ALPHA_S04_M_REP05.npz,data/vsl_alphabet_pilot/videos/S04/VSL_ALPHA_S04_M_REP05.mp4,train
VSL_ALPHA_S04_N_REP01,S04,N,letter,Right,1,30,90,data/vsl_alphabet_pilot/landmarks/S04/VSL_ALPHA_S04_N_REP01.npz,data/vsl_alphabet_pilot/videos/S04/VSL_ALPHA_S04_N_REP01.mp4,train
VSL_ALPHA_S04_N_REP02,S04,N,letter,Right,2,30,90,data/vsl_alphabet_pilot/landmarks/S04/VSL_ALPHA_S04_N_REP02.npz,data/vsl_alphabet_pilot/videos/S04/VSL_ALPHA_S04_N_REP02.mp4,train
VSL_ALPHA_S04_N_REP03,S04,N,letter,Right,3,30,90,data/vsl_alphabet_pilot/landmarks/S04/VSL_ALPHA_S04_N_REP03.npz,data/vsl_alphabet_pilot/videos/S04/VSL_ALPHA_S04_N_REP03.mp4,train
VSL_ALPHA_S04_N_REP04,S04,N,letter,Right,4,30,90,data/vsl_alphabet_pilot/landmarks/S04/VSL_ALPHA_S04_N_REP04.npz,data/vsl_alphabet_pilot/videos/S04/VSL_ALPHA_S04_N_REP04.mp4,train
VSL_ALPHA_S04_N_REP05,S04,N,letter,Right,5,30,90,data/vsl_alphabet_pilot/landmarks/S04/VSL_ALPHA_S04_N_REP05.npz,data/vsl_alphabet_pilot/videos/S04/VSL_ALPHA_S04_N_REP05.mp4,train
VSL_ALPHA_S04_O_REP01,S04,O,letter,Right,1,30,90,data/vsl_alphabet_pilot/landmarks/S04/VSL_ALPHA_S04_O_REP01.npz,data/vsl_alphabet_pilot/videos/S04/VSL_ALPHA_S04_O_REP01.mp4,train
VSL_ALPHA_S04_O_REP02,S04,O,letter,Right,2,30,90,data/vsl_alphabet_pilot/landmarks/S04/VSL_ALPHA_S04_O_REP02.npz,data/vsl_alphabet_pilot/videos/S04/VSL_ALPHA_S04_O_REP02.mp4,train
VSL_ALPHA_S04_O_REP03,S04,O,letter,Right,3,30,90,data/vsl_alphabet_pilot/landmarks/S04/VSL_ALPHA_S04_O_REP03.npz,data/vsl_alphabet_pilot/videos/S04/VSL_ALPHA_S04_O_REP03.mp4,train
VSL_ALPHA_S04_O_REP04,S04,O,letter,Right,4,30,90,data/vsl_alphabet_pilot/landmarks/S04/VSL_ALPHA_S04_O_REP04.npz,data/vsl_alphabet_pilot/videos/S04/VSL_ALPHA_S04_O_REP04.mp4,train
VSL_ALPHA_S04_O_REP05,S04,O,letter,Right,5,30,90,data/vsl_alphabet_pilot/landmarks/S04/VSL_ALPHA_S04_O_REP05.npz,data/vsl_alphabet_pilot/videos/S04/VSL_ALPHA_S04_O_REP05.mp4,train
VSL_ALPHA_S04_P_REP01,S04,P,letter,Right,1,30,90,data/vsl_alphabet_pilot/landmarks/S04/VSL_ALPHA_S04_P_REP01.npz,data/vsl_alphabet_pilot/videos/S04/VSL_ALPHA_S04_P_REP01.mp4,train
VSL_ALPHA_S04_P_REP02,S04,P,letter,Right,2,30,90,data/vsl_alphabet_pilot/landmarks/S04/VSL_ALPHA_S04_P_REP02.npz,data/vsl_alphabet_pilot/videos/S04/VSL_ALPHA_S04_P_REP02.mp4,train
VSL_ALPHA_S04_P_REP03,S04,P,letter,Right,3,30,90,data/vsl_alphabet_pilot/landmarks/S04/VSL_ALPHA_S04_P_REP03.npz,data/vsl_alphabet_pilot/videos/S04/VSL_ALPHA_S04_P_REP03.mp4,train
VSL_ALPHA_S04_P_REP04,S04,P,letter,Right,4,30,90,data/vsl_alphabet_pilot/landmarks/S04/VSL_ALPHA_S04_P_REP04.npz,data/vsl_alphabet_pilot/videos/S04/VSL_ALPHA_S04_P_REP04.mp4,train
VSL_ALPHA_S04_P_REP05,S04,P,letter,Right,5,30,90,data/vsl_alphabet_pilot/landmarks/S04/VSL_ALPHA_S04_P_REP05.npz,data/vsl_alphabet_pilot/videos/S04/VSL_ALPHA_S04_P_REP05.mp4,train
VSL_ALPHA_S04_Q_REP01,S04,Q,letter,Right,1,30,90,data/vsl_alphabet_pilot/landmarks/S04/VSL_ALPHA_S04_Q_REP01.npz,data/vsl_alphabet_pilot/videos/S04/VSL_ALPHA_S04_Q_REP01.mp4,train
VSL_ALPHA_S04_Q_REP02,S04,Q,letter,Right,2,30,90,data/vsl_alphabet_pilot/landmarks/S04/VSL_ALPHA_S04_Q_REP02.npz,data/vsl_alphabet_pilot/videos/S04/VSL_ALPHA_S04_Q_REP02.mp4,train
VSL_ALPHA_S04_Q_REP03,S04,Q,letter,Right,3,30,90,data/vsl_alphabet_pilot/landmarks/S04/VSL_ALPHA_S04_Q_REP03.npz,data/vsl_alphabet_pilot/videos/S04/VSL_ALPHA_S04_Q_REP03.mp4,train
VSL_ALPHA_S04_Q_REP04,S04,Q,letter,Right,4,30,90,data/vsl_alphabet_pilot/landmarks/S04/VSL_ALPHA_S04_Q_REP04.npz,data/vsl_alphabet_pilot/videos/S04/VSL_ALPHA_S04_Q_REP04.mp4,train
VSL_ALPHA_S04_Q_REP05,S04,Q,letter,Right,5,30,90,data/vsl_alphabet_pilot/landmarks/S04/VSL_ALPHA_S04_Q_REP05.npz,data/vsl_alphabet_pilot/videos/S04/VSL_ALPHA_S04_Q_REP05.mp4,train
VSL_ALPHA_S04_R_REP01,S04,R,letter,Right,1,30,90,data/vsl_alphabet_pilot/landmarks/S04/VSL_ALPHA_S04_R_REP01.npz,data/vsl_alphabet_pilot/videos/S04/VSL_ALPHA_S04_R_REP01.mp4,train
VSL_ALPHA_S04_R_REP02,S04,R,letter,Right,2,30,90,data/vsl_alphabet_pilot/landmarks/S04/VSL_ALPHA_S04_R_REP02.npz,data/vsl_alphabet_pilot/videos/S04/VSL_ALPHA_S04_R_REP02.mp4,train
VSL_ALPHA_S04_R_REP03,S04,R,letter,Right,3,30,90,data/vsl_alphabet_pilot/landmarks/S04/VSL_ALPHA_S04_R_REP03.npz,data/vsl_alphabet_pilot/videos/S04/VSL_ALPHA_S04_R_REP03.mp4,train
VSL_ALPHA_S04_R_REP04,S04,R,letter,Right,4,30,90,data/vsl_alphabet_pilot/landmarks/S04/VSL_ALPHA_S04_R_REP04.npz,data/vsl_alphabet_pilot/videos/S04/VSL_ALPHA_S04_R_REP04.mp4,train
VSL_ALPHA_S04_R_REP05,S04,R,letter,Right,5,30,90,data/vsl_alphabet_pilot/landmarks/S04/VSL_ALPHA_S04_R_REP05.npz,data/vsl_alphabet_pilot/videos/S04/VSL_ALPHA_S04_R_REP05.mp4,train
VSL_ALPHA_S04_S_REP01,S04,S,letter,Right,1,30,90,data/vsl_alphabet_pilot/landmarks/S04/VSL_ALPHA_S04_S_REP01.npz,data/vsl_alphabet_pilot/videos/S04/VSL_ALPHA_S04_S_REP01.mp4,train
VSL_ALPHA_S04_S_REP02,S04,S,letter,Right,2,30,90,data/vsl_alphabet_pilot/landmarks/S04/VSL_ALPHA_S04_S_REP02.npz,data/vsl_alphabet_pilot/videos/S04/VSL_ALPHA_S04_S_REP02.mp4,train
VSL_ALPHA_S04_S_REP03,S04,S,letter,Right,3,30,90,data/vsl_alphabet_pilot/landmarks/S04/VSL_ALPHA_S04_S_REP03.npz,data/vsl_alphabet_pilot/videos/S04/VSL_ALPHA_S04_S_REP03.mp4,train
VSL_ALPHA_S04_S_REP04,S04,S,letter,Right,4,30,90,data/vsl_alphabet_pilot/landmarks/S04/VSL_ALPHA_S04_S_REP04.npz,data/vsl_alphabet_pilot/videos/S04/VSL_ALPHA_S04_S_REP04.mp4,train
VSL_ALPHA_S04_S_REP05,S04,S,letter,Right,5,30,90,data/vsl_alphabet_pilot/landmarks/S04/VSL_ALPHA_S04_S_REP05.npz,data/vsl_alphabet_pilot/videos/S04/VSL_ALPHA_S04_S_REP05.mp4,train
VSL_ALPHA_S04_T_REP01,S04,T,letter,Right,1,30,90,data/vsl_alphabet_pilot/landmarks/S04/VSL_ALPHA_S04_T_REP01.npz,data/vsl_alphabet_pilot/videos/S04/VSL_ALPHA_S04_T_REP01.mp4,train
VSL_ALPHA_S04_T_REP02,S04,T,letter,Right,2,30,90,data/vsl_alphabet_pilot/landmarks/S04/VSL_ALPHA_S04_T_REP02.npz,data/vsl_alphabet_pilot/videos/S04/VSL_ALPHA_S04_T_REP02.mp4,train
VSL_ALPHA_S04_T_REP03,S04,T,letter,Right,3,30,90,data/vsl_alphabet_pilot/landmarks/S04/VSL_ALPHA_S04_T_REP03.npz,data/vsl_alphabet_pilot/videos/S04/VSL_ALPHA_S04_T_REP03.mp4,train
VSL_ALPHA_S04_T_REP04,S04,T,letter,Right,4,30,90,data/vsl_alphabet_pilot/landmarks/S04/VSL_ALPHA_S04_T_REP04.npz,data/vsl_alphabet_pilot/videos/S04/VSL_ALPHA_S04_T_REP04.mp4,train
VSL_ALPHA_S04_T_REP05,S04,T,letter,Right,5,30,90,data/vsl_alphabet_pilot/landmarks/S04/VSL_ALPHA_S04_T_REP05.npz,data/vsl_alphabet_pilot/videos/S04/VSL_ALPHA_S04_T_REP05.mp4,train
VSL_ALPHA_S04_U_REP01,S04,U,letter,Right,1,30,90,data/vsl_alphabet_pilot/landmarks/S04/VSL_ALPHA_S04_U_REP01.npz,data/vsl_alphabet_pilot/videos/S04/VSL_ALPHA_S04_U_REP01.mp4,train
VSL_ALPHA_S04_U_REP02,S04,U,letter,Right,2,30,90,data/vsl_alphabet_pilot/landmarks/S04/VSL_ALPHA_S04_U_REP02.npz,data/vsl_alphabet_pilot/videos/S04/VSL_ALPHA_S04_U_REP02.mp4,train
VSL_ALPHA_S04_U_REP03,S04,U,letter,Right,3,30,90,data/vsl_alphabet_pilot/landmarks/S04/VSL_ALPHA_S04_U_REP03.npz,data/vsl_alphabet_pilot/videos/S04/VSL_ALPHA_S04_U_REP03.mp4,train
VSL_ALPHA_S04_U_REP04,S04,U,letter,Right,4,30,90,data/vsl_alphabet_pilot/landmarks/S04/VSL_ALPHA_S04_U_REP04.npz,data/vsl_alphabet_pilot/videos/S04/VSL_ALPHA_S04_U_REP04.mp4,train
VSL_ALPHA_S04_U_REP05,S04,U,letter,Right,5,30,90,data/vsl_alphabet_pilot/landmarks/S04/VSL_ALPHA_S04_U_REP05.npz,data/vsl_alphabet_pilot/videos/S04/VSL_ALPHA_S04_U_REP05.mp4,train
VSL_ALPHA_S04_V_REP01,S04,V,letter,Right,1,30,90,data/vsl_alphabet_pilot/landmarks/S04/VSL_ALPHA_S04_V_REP01.npz,data/vsl_alphabet_pilot/videos/S04/VSL_ALPHA_S04_V_REP01.mp4,train
VSL_ALPHA_S04_V_REP02,S04,V,letter,Right,2,30,90,data/vsl_alphabet_pilot/landmarks/S04/VSL_ALPHA_S04_V_REP02.npz,data/vsl_alphabet_pilot/videos/S04/VSL_ALPHA_S04_V_REP02.mp4,train
VSL_ALPHA_S04_V_REP03,S04,V,letter,Right,3,30,90,data/vsl_alphabet_pilot/landmarks/S04/VSL_ALPHA_S04_V_REP03.npz,data/vsl_alphabet_pilot/videos/S04/VSL_ALPHA_S04_V_REP03.mp4,train
VSL_ALPHA_S04_V_REP04,S04,V,letter,Right,4,30,90,data/vsl_alphabet_pilot/landmarks/S04/VSL_ALPHA_S04_V_REP04.npz,data/vsl_alphabet_pilot/videos/S04/VSL_ALPHA_S04_V_REP04.mp4,train
VSL_ALPHA_S04_V_REP05,S04,V,letter,Right,5,30,90,data/vsl_alphabet_pilot/landmarks/S04/VSL_ALPHA_S04_V_REP05.npz,data/vsl_alphabet_pilot/videos/S04/VSL_ALPHA_S04_V_REP05.mp4,train
VSL_ALPHA_S04_X_REP01,S04,X,letter,Right,1,30,90,data/vsl_alphabet_pilot/landmarks/S04/VSL_ALPHA_S04_X_REP01.npz,data/vsl_alphabet_pilot/videos/S04/VSL_ALPHA_S04_X_REP01.mp4,train
VSL_ALPHA_S04_X_REP02,S04,X,letter,Right,2,30,90,data/vsl_alphabet_pilot/landmarks/S04/VSL_ALPHA_S04_X_REP02.npz,data/vsl_alphabet_pilot/videos/S04/VSL_ALPHA_S04_X_REP02.mp4,train
VSL_ALPHA_S04_X_REP03,S04,X,letter,Right,3,30,90,data/vsl_alphabet_pilot/landmarks/S04/VSL_ALPHA_S04_X_REP03.npz,data/vsl_alphabet_pilot/videos/S04/VSL_ALPHA_S04_X_REP03.mp4,train
VSL_ALPHA_S04_X_REP04,S04,X,letter,Right,4,30,90,data/vsl_alphabet_pilot/landmarks/S04/VSL_ALPHA_S04_X_REP04.npz,data/vsl_alphabet_pilot/videos/S04/VSL_ALPHA_S04_X_REP04.mp4,train
VSL_ALPHA_S04_X_REP05,S04,X,letter,Right,5,30,90,data/vsl_alphabet_pilot/landmarks/S04/VSL_ALPHA_S04_X_REP05.npz,data/vsl_alphabet_pilot/videos/S04/VSL_ALPHA_S04_X_REP05.mp4,train
VSL_ALPHA_S04_Y_REP01,S04,Y,letter,Right,1,30,90,data/vsl_alphabet_pilot/landmarks/S04/VSL_ALPHA_S04_Y_REP01.npz,data/vsl_alphabet_pilot/videos/S04/VSL_ALPHA_S04_Y_REP01.mp4,train
VSL_ALPHA_S04_Y_REP02,S04,Y,letter,Right,2,30,90,data/vsl_alphabet_pilot/landmarks/S04/VSL_ALPHA_S04_Y_REP02.npz,data/vsl_alphabet_pilot/videos/S04/VSL_ALPHA_S04_Y_REP02.mp4,train
VSL_ALPHA_S04_Y_REP03,S04,Y,letter,Right,3,30,90,data/vsl_alphabet_pilot/landmarks/S04/VSL_ALPHA_S04_Y_REP03.npz,data/vsl_alphabet_pilot/videos/S04/VSL_ALPHA_S04_Y_REP03.mp4,train
VSL_ALPHA_S04_Y_REP04,S04,Y,letter,Right,4,30,90,data/vsl_alphabet_pilot/landmarks/S04/VSL_ALPHA_S04_Y_REP04.npz,data/vsl_alphabet_pilot/videos/S04/VSL_ALPHA_S04_Y_REP04.mp4,train
VSL_ALPHA_S04_Y_REP05,S04,Y,letter,Right,5,30,90,data/vsl_alphabet_pilot/landmarks/S04/VSL_ALPHA_S04_Y_REP05.npz,data/vsl_alphabet_pilot/videos/S04/VSL_ALPHA_S04_Y_REP05.mp4,train
VSL_ALPHA_S04_Dau_mu_REP01,S04,Dau_mu,accent,Right,1,30,90,data/vsl_alphabet_pilot/landmarks/S04/VSL_ALPHA_S04_Dau_mu_REP01.npz,data/vsl_alphabet_pilot/videos/S04/VSL_ALPHA_S04_Dau_mu_REP01.mp4,train
VSL_ALPHA_S04_Dau_mu_REP02,S04,Dau_mu,accent,Right,2,30,90,data/vsl_alphabet_pilot/landmarks/S04/VSL_ALPHA_S04_Dau_mu_REP02.npz,data/vsl_alphabet_pilot/videos/S04/VSL_ALPHA_S04_Dau_mu_REP02.mp4,train
VSL_ALPHA_S04_Dau_mu_REP03,S04,Dau_mu,accent,Right,3,30,90,data/vsl_alphabet_pilot/landmarks/S04/VSL_ALPHA_S04_Dau_mu_REP03.npz,data/vsl_alphabet_pilot/videos/S04/VSL_ALPHA_S04_Dau_mu_REP03.mp4,train
VSL_ALPHA_S04_Dau_mu_REP04,S04,Dau_mu,accent,Right,4,30,90,data/vsl_alphabet_pilot/landmarks/S04/VSL_ALPHA_S04_Dau_mu_REP04.npz,data/vsl_alphabet_pilot/videos/S04/VSL_ALPHA_S04_Dau_mu_REP04.mp4,train
VSL_ALPHA_S04_Dau_mu_REP05,S04,Dau_mu,accent,Right,5,30,90,data/vsl_alphabet_pilot/landmarks/S04/VSL_ALPHA_S04_Dau_mu_REP05.npz,data/vsl_alphabet_pilot/videos/S04/VSL_ALPHA_S04_Dau_mu_REP05.mp4,train
VSL_ALPHA_S04_Dau_moc_REP01,S04,Dau_moc,accent,Right,1,30,90,data/vsl_alphabet_pilot/landmarks/S04/VSL_ALPHA_S04_Dau_moc_REP01.npz,data/vsl_alphabet_pilot/videos/S04/VSL_ALPHA_S04_Dau_moc_REP01.mp4,train
VSL_ALPHA_S04_Dau_moc_REP02,S04,Dau_moc,accent,Right,2,30,90,data/vsl_alphabet_pilot/landmarks/S04/VSL_ALPHA_S04_Dau_moc_REP02.npz,data/vsl_alphabet_pilot/videos/S04/VSL_ALPHA_S04_Dau_moc_REP02.mp4,train
VSL_ALPHA_S04_Dau_moc_REP03,S04,Dau_moc,accent,Right,3,30,90,data/vsl_alphabet_pilot/landmarks/S04/VSL_ALPHA_S04_Dau_moc_REP03.npz,data/vsl_alphabet_pilot/videos/S04/VSL_ALPHA_S04_Dau_moc_REP03.mp4,train
VSL_ALPHA_S04_Dau_moc_REP04,S04,Dau_moc,accent,Right,4,30,90,data/vsl_alphabet_pilot/landmarks/S04/VSL_ALPHA_S04_Dau_moc_REP04.npz,data/vsl_alphabet_pilot/videos/S04/VSL_ALPHA_S04_Dau_moc_REP04.mp4,train
VSL_ALPHA_S04_Dau_moc_REP05,S04,Dau_moc,accent,Right,5,30,90,data/vsl_alphabet_pilot/landmarks/S04/VSL_ALPHA_S04_Dau_moc_REP05.npz,data/vsl_alphabet_pilot/videos/S04/VSL_ALPHA_S04_Dau_moc_REP05.mp4,train
VSL_ALPHA_S05_A_REP01,S05,A,letter,Right,1,30,90,data/vsl_alphabet_pilot/landmarks/S05/VSL_ALPHA_S05_A_REP01.npz,data/vsl_alphabet_pilot/videos/S05/VSL_ALPHA_S05_A_REP01.mp4,train
VSL_ALPHA_S05_A_REP02,S05,A,letter,Right,2,30,90,data/vsl_alphabet_pilot/landmarks/S05/VSL_ALPHA_S05_A_REP02.npz,data/vsl_alphabet_pilot/videos/S05/VSL_ALPHA_S05_A_REP02.mp4,train
VSL_ALPHA_S05_A_REP03,S05,A,letter,Right,3,30,90,data/vsl_alphabet_pilot/landmarks/S05/VSL_ALPHA_S05_A_REP03.npz,data/vsl_alphabet_pilot/videos/S05/VSL_ALPHA_S05_A_REP03.mp4,train
VSL_ALPHA_S05_A_REP04,S05,A,letter,Right,4,30,90,data/vsl_alphabet_pilot/landmarks/S05/VSL_ALPHA_S05_A_REP04.npz,data/vsl_alphabet_pilot/videos/S05/VSL_ALPHA_S05_A_REP04.mp4,train
VSL_ALPHA_S05_A_REP05,S05,A,letter,Right,5,30,90,data/vsl_alphabet_pilot/landmarks/S05/VSL_ALPHA_S05_A_REP05.npz,data/vsl_alphabet_pilot/videos/S05/VSL_ALPHA_S05_A_REP05.mp4,train
VSL_ALPHA_S05_B_REP01,S05,B,letter,Right,1,30,90,data/vsl_alphabet_pilot/landmarks/S05/VSL_ALPHA_S05_B_REP01.npz,data/vsl_alphabet_pilot/videos/S05/VSL_ALPHA_S05_B_REP01.mp4,train
VSL_ALPHA_S05_B_REP02,S05,B,letter,Right,2,30,90,data/vsl_alphabet_pilot/landmarks/S05/VSL_ALPHA_S05_B_REP02.npz,data/vsl_alphabet_pilot/videos/S05/VSL_ALPHA_S05_B_REP02.mp4,train
VSL_ALPHA_S05_B_REP03,S05,B,letter,Right,3,30,90,data/vsl_alphabet_pilot/landmarks/S05/VSL_ALPHA_S05_B_REP03.npz,data/vsl_alphabet_pilot/videos/S05/VSL_ALPHA_S05_B_REP03.mp4,train
VSL_ALPHA_S05_B_REP04,S05,B,letter,Right,4,30,90,data/vsl_alphabet_pilot/landmarks/S05/VSL_ALPHA_S05_B_REP04.npz,data/vsl_alphabet_pilot/videos/S05/VSL_ALPHA_S05_B_REP04.mp4,train
VSL_ALPHA_S05_B_REP05,S05,B,letter,Right,5,30,90,data/vsl_alphabet_pilot/landmarks/S05/VSL_ALPHA_S05_B_REP05.npz,data/vsl_alphabet_pilot/videos/S05/VSL_ALPHA_S05_B_REP05.mp4,train
VSL_ALPHA_S05_C_REP01,S05,C,letter,Right,1,30,90,data/vsl_alphabet_pilot/landmarks/S05/VSL_ALPHA_S05_C_REP01.npz,data/vsl_alphabet_pilot/videos/S05/VSL_ALPHA_S05_C_REP01.mp4,train
VSL_ALPHA_S05_C_REP02,S05,C,letter,Right,2,30,90,data/vsl_alphabet_pilot/landmarks/S05/VSL_ALPHA_S05_C_REP02.npz,data/vsl_alphabet_pilot/videos/S05/VSL_ALPHA_S05_C_REP02.mp4,train
VSL_ALPHA_S05_C_REP03,S05,C,letter,Right,3,30,90,data/vsl_alphabet_pilot/landmarks/S05/VSL_ALPHA_S05_C_REP03.npz,data/vsl_alphabet_pilot/videos/S05/VSL_ALPHA_S05_C_REP03.mp4,train
VSL_ALPHA_S05_C_REP04,S05,C,letter,Right,4,30,90,data/vsl_alphabet_pilot/landmarks/S05/VSL_ALPHA_S05_C_REP04.npz,data/vsl_alphabet_pilot/videos/S05/VSL_ALPHA_S05_C_REP04.mp4,train
VSL_ALPHA_S05_C_REP05,S05,C,letter,Right,5,30,90,data/vsl_alphabet_pilot/landmarks/S05/VSL_ALPHA_S05_C_REP05.npz,data/vsl_alphabet_pilot/videos/S05/VSL_ALPHA_S05_C_REP05.mp4,train
VSL_ALPHA_S05_D_REP01,S05,D,letter,Right,1,30,90,data/vsl_alphabet_pilot/landmarks/S05/VSL_ALPHA_S05_D_REP01.npz,data/vsl_alphabet_pilot/videos/S05/VSL_ALPHA_S05_D_REP01.mp4,train
VSL_ALPHA_S05_D_REP02,S05,D,letter,Right,2,30,90,data/vsl_alphabet_pilot/landmarks/S05/VSL_ALPHA_S05_D_REP02.npz,data/vsl_alphabet_pilot/videos/S05/VSL_ALPHA_S05_D_REP02.mp4,train
VSL_ALPHA_S05_D_REP03,S05,D,letter,Right,3,30,90,data/vsl_alphabet_pilot/landmarks/S05/VSL_ALPHA_S05_D_REP03.npz,data/vsl_alphabet_pilot/videos/S05/VSL_ALPHA_S05_D_REP03.mp4,train
VSL_ALPHA_S05_D_REP04,S05,D,letter,Right,4,30,90,data/vsl_alphabet_pilot/landmarks/S05/VSL_ALPHA_S05_D_REP04.npz,data/vsl_alphabet_pilot/videos/S05/VSL_ALPHA_S05_D_REP04.mp4,train
VSL_ALPHA_S05_D_REP05,S05,D,letter,Right,5,30,90,data/vsl_alphabet_pilot/landmarks/S05/VSL_ALPHA_S05_D_REP05.npz,data/vsl_alphabet_pilot/videos/S05/VSL_ALPHA_S05_D_REP05.mp4,train
VSL_ALPHA_S05_Đ_REP01,S05,Đ,letter,Right,1,30,90,data/vsl_alphabet_pilot/landmarks/S05/VSL_ALPHA_S05_Đ_REP01.npz,data/vsl_alphabet_pilot/videos/S05/VSL_ALPHA_S05_Đ_REP01.mp4,train
VSL_ALPHA_S05_Đ_REP02,S05,Đ,letter,Right,2,30,90,data/vsl_alphabet_pilot/landmarks/S05/VSL_ALPHA_S05_Đ_REP02.npz,data/vsl_alphabet_pilot/videos/S05/VSL_ALPHA_S05_Đ_REP02.mp4,train
VSL_ALPHA_S05_Đ_REP03,S05,Đ,letter,Right,3,30,90,data/vsl_alphabet_pilot/landmarks/S05/VSL_ALPHA_S05_Đ_REP03.npz,data/vsl_alphabet_pilot/videos/S05/VSL_ALPHA_S05_Đ_REP03.mp4,train
VSL_ALPHA_S05_Đ_REP04,S05,Đ,letter,Right,4,30,90,data/vsl_alphabet_pilot/landmarks/S05/VSL_ALPHA_S05_Đ_REP04.npz,data/vsl_alphabet_pilot/videos/S05/VSL_ALPHA_S05_Đ_REP04.mp4,train
VSL_ALPHA_S05_Đ_REP05,S05,Đ,letter,Right,5,30,90,data/vsl_alphabet_pilot/landmarks/S05/VSL_ALPHA_S05_Đ_REP05.npz,data/vsl_alphabet_pilot/videos/S05/VSL_ALPHA_S05_Đ_REP05.mp4,train
VSL_ALPHA_S05_E_REP01,S05,E,letter,Right,1,30,90,data/vsl_alphabet_pilot/landmarks/S05/VSL_ALPHA_S05_E_REP01.npz,data/vsl_alphabet_pilot/videos/S05/VSL_ALPHA_S05_E_REP01.mp4,train
VSL_ALPHA_S05_E_REP02,S05,E,letter,Right,2,30,90,data/vsl_alphabet_pilot/landmarks/S05/VSL_ALPHA_S05_E_REP02.npz,data/vsl_alphabet_pilot/videos/S05/VSL_ALPHA_S05_E_REP02.mp4,train
VSL_ALPHA_S05_E_REP03,S05,E,letter,Right,3,30,90,data/vsl_alphabet_pilot/landmarks/S05/VSL_ALPHA_S05_E_REP03.npz,data/vsl_alphabet_pilot/videos/S05/VSL_ALPHA_S05_E_REP03.mp4,train
VSL_ALPHA_S05_E_REP04,S05,E,letter,Right,4,30,90,data/vsl_alphabet_pilot/landmarks/S05/VSL_ALPHA_S05_E_REP04.npz,data/vsl_alphabet_pilot/videos/S05/VSL_ALPHA_S05_E_REP04.mp4,train
VSL_ALPHA_S05_E_REP05,S05,E,letter,Right,5,30,90,data/vsl_alphabet_pilot/landmarks/S05/VSL_ALPHA_S05_E_REP05.npz,data/vsl_alphabet_pilot/videos/S05/VSL_ALPHA_S05_E_REP05.mp4,train
VSL_ALPHA_S05_G_REP01,S05,G,letter,Right,1,30,90,data/vsl_alphabet_pilot/landmarks/S05/VSL_ALPHA_S05_G_REP01.npz,data/vsl_alphabet_pilot/videos/S05/VSL_ALPHA_S05_G_REP01.mp4,train
VSL_ALPHA_S05_G_REP02,S05,G,letter,Right,2,30,90,data/vsl_alphabet_pilot/landmarks/S05/VSL_ALPHA_S05_G_REP02.npz,data/vsl_alphabet_pilot/videos/S05/VSL_ALPHA_S05_G_REP02.mp4,train
VSL_ALPHA_S05_G_REP03,S05,G,letter,Right,3,30,90,data/vsl_alphabet_pilot/landmarks/S05/VSL_ALPHA_S05_G_REP03.npz,data/vsl_alphabet_pilot/videos/S05/VSL_ALPHA_S05_G_REP03.mp4,train
VSL_ALPHA_S05_G_REP04,S05,G,letter,Right,4,30,90,data/vsl_alphabet_pilot/landmarks/S05/VSL_ALPHA_S05_G_REP04.npz,data/vsl_alphabet_pilot/videos/S05/VSL_ALPHA_S05_G_REP04.mp4,train
VSL_ALPHA_S05_G_REP05,S05,G,letter,Right,5,30,90,data/vsl_alphabet_pilot/landmarks/S05/VSL_ALPHA_S05_G_REP05.npz,data/vsl_alphabet_pilot/videos/S05/VSL_ALPHA_S05_G_REP05.mp4,train
VSL_ALPHA_S05_H_REP01,S05,H,letter,Right,1,30,90,data/vsl_alphabet_pilot/landmarks/S05/VSL_ALPHA_S05_H_REP01.npz,data/vsl_alphabet_pilot/videos/S05/VSL_ALPHA_S05_H_REP01.mp4,train
VSL_ALPHA_S05_H_REP02,S05,H,letter,Right,2,30,90,data/vsl_alphabet_pilot/landmarks/S05/VSL_ALPHA_S05_H_REP02.npz,data/vsl_alphabet_pilot/videos/S05/VSL_ALPHA_S05_H_REP02.mp4,train
VSL_ALPHA_S05_H_REP03,S05,H,letter,Right,3,30,90,data/vsl_alphabet_pilot/landmarks/S05/VSL_ALPHA_S05_H_REP03.npz,data/vsl_alphabet_pilot/videos/S05/VSL_ALPHA_S05_H_REP03.mp4,train
VSL_ALPHA_S05_H_REP04,S05,H,letter,Right,4,30,90,data/vsl_alphabet_pilot/landmarks/S05/VSL_ALPHA_S05_H_REP04.npz,data/vsl_alphabet_pilot/videos/S05/VSL_ALPHA_S05_H_REP04.mp4,train
VSL_ALPHA_S05_H_REP05,S05,H,letter,Right,5,30,90,data/vsl_alphabet_pilot/landmarks/S05/VSL_ALPHA_S05_H_REP05.npz,data/vsl_alphabet_pilot/videos/S05/VSL_ALPHA_S05_H_REP05.mp4,train
VSL_ALPHA_S05_I_REP01,S05,I,letter,Right,1,30,90,data/vsl_alphabet_pilot/landmarks/S05/VSL_ALPHA_S05_I_REP01.npz,data/vsl_alphabet_pilot/videos/S05/VSL_ALPHA_S05_I_REP01.mp4,train
VSL_ALPHA_S05_I_REP02,S05,I,letter,Right,2,30,90,data/vsl_alphabet_pilot/landmarks/S05/VSL_ALPHA_S05_I_REP02.npz,data/vsl_alphabet_pilot/videos/S05/VSL_ALPHA_S05_I_REP02.mp4,train
VSL_ALPHA_S05_I_REP03,S05,I,letter,Right,3,30,90,data/vsl_alphabet_pilot/landmarks/S05/VSL_ALPHA_S05_I_REP03.npz,data/vsl_alphabet_pilot/videos/S05/VSL_ALPHA_S05_I_REP03.mp4,train
VSL_ALPHA_S05_I_REP04,S05,I,letter,Right,4,30,90,data/vsl_alphabet_pilot/landmarks/S05/VSL_ALPHA_S05_I_REP04.npz,data/vsl_alphabet_pilot/videos/S05/VSL_ALPHA_S05_I_REP04.mp4,train
VSL_ALPHA_S05_I_REP05,S05,I,letter,Right,5,30,90,data/vsl_alphabet_pilot/landmarks/S05/VSL_ALPHA_S05_I_REP05.npz,data/vsl_alphabet_pilot/videos/S05/VSL_ALPHA_S05_I_REP05.mp4,train
VSL_ALPHA_S05_K_REP01,S05,K,letter,Right,1,30,90,data/vsl_alphabet_pilot/landmarks/S05/VSL_ALPHA_S05_K_REP01.npz,data/vsl_alphabet_pilot/videos/S05/VSL_ALPHA_S05_K_REP01.mp4,train
VSL_ALPHA_S05_K_REP02,S05,K,letter,Right,2,30,90,data/vsl_alphabet_pilot/landmarks/S05/VSL_ALPHA_S05_K_REP02.npz,data/vsl_alphabet_pilot/videos/S05/VSL_ALPHA_S05_K_REP02.mp4,train
VSL_ALPHA_S05_K_REP03,S05,K,letter,Right,3,30,90,data/vsl_alphabet_pilot/landmarks/S05/VSL_ALPHA_S05_K_REP03.npz,data/vsl_alphabet_pilot/videos/S05/VSL_ALPHA_S05_K_REP03.mp4,train
VSL_ALPHA_S05_K_REP04,S05,K,letter,Right,4,30,90,data/vsl_alphabet_pilot/landmarks/S05/VSL_ALPHA_S05_K_REP04.npz,data/vsl_alphabet_pilot/videos/S05/VSL_ALPHA_S05_K_REP04.mp4,train
VSL_ALPHA_S05_K_REP05,S05,K,letter,Right,5,30,90,data/vsl_alphabet_pilot/landmarks/S05/VSL_ALPHA_S05_K_REP05.npz,data/vsl_alphabet_pilot/videos/S05/VSL_ALPHA_S05_K_REP05.mp4,train
VSL_ALPHA_S05_L_REP01,S05,L,letter,Right,1,30,90,data/vsl_alphabet_pilot/landmarks/S05/VSL_ALPHA_S05_L_REP01.npz,data/vsl_alphabet_pilot/videos/S05/VSL_ALPHA_S05_L_REP01.mp4,train
VSL_ALPHA_S05_L_REP02,S05,L,letter,Right,2,30,90,data/vsl_alphabet_pilot/landmarks/S05/VSL_ALPHA_S05_L_REP02.npz,data/vsl_alphabet_pilot/videos/S05/VSL_ALPHA_S05_L_REP02.mp4,train
VSL_ALPHA_S05_L_REP03,S05,L,letter,Right,3,30,90,data/vsl_alphabet_pilot/landmarks/S05/VSL_ALPHA_S05_L_REP03.npz,data/vsl_alphabet_pilot/videos/S05/VSL_ALPHA_S05_L_REP03.mp4,train
VSL_ALPHA_S05_L_REP04,S05,L,letter,Right,4,30,90,data/vsl_alphabet_pilot/landmarks/S05/VSL_ALPHA_S05_L_REP04.npz,data/vsl_alphabet_pilot/videos/S05/VSL_ALPHA_S05_L_REP04.mp4,train
VSL_ALPHA_S05_L_REP05,S05,L,letter,Right,5,30,90,data/vsl_alphabet_pilot/landmarks/S05/VSL_ALPHA_S05_L_REP05.npz,data/vsl_alphabet_pilot/videos/S05/VSL_ALPHA_S05_L_REP05.mp4,train
VSL_ALPHA_S05_M_REP01,S05,M,letter,Right,1,30,90,data/vsl_alphabet_pilot/landmarks/S05/VSL_ALPHA_S05_M_REP01.npz,data/vsl_alphabet_pilot/videos/S05/VSL_ALPHA_S05_M_REP01.mp4,train
VSL_ALPHA_S05_M_REP02,S05,M,letter,Right,2,30,90,data/vsl_alphabet_pilot/landmarks/S05/VSL_ALPHA_S05_M_REP02.npz,data/vsl_alphabet_pilot/videos/S05/VSL_ALPHA_S05_M_REP02.mp4,train
VSL_ALPHA_S05_M_REP03,S05,M,letter,Right,3,30,90,data/vsl_alphabet_pilot/landmarks/S05/VSL_ALPHA_S05_M_REP03.npz,data/vsl_alphabet_pilot/videos/S05/VSL_ALPHA_S05_M_REP03.mp4,train
VSL_ALPHA_S05_M_REP04,S05,M,letter,Right,4,30,90,data/vsl_alphabet_pilot/landmarks/S05/VSL_ALPHA_S05_M_REP04.npz,data/vsl_alphabet_pilot/videos/S05/VSL_ALPHA_S05_M_REP04.mp4,train
VSL_ALPHA_S05_M_REP05,S05,M,letter,Right,5,30,90,data/vsl_alphabet_pilot/landmarks/S05/VSL_ALPHA_S05_M_REP05.npz,data/vsl_alphabet_pilot/videos/S05/VSL_ALPHA_S05_M_REP05.mp4,train
VSL_ALPHA_S05_N_REP01,S05,N,letter,Right,1,30,90,data/vsl_alphabet_pilot/landmarks/S05/VSL_ALPHA_S05_N_REP01.npz,data/vsl_alphabet_pilot/videos/S05/VSL_ALPHA_S05_N_REP01.mp4,train
VSL_ALPHA_S05_N_REP02,S05,N,letter,Right,2,30,90,data/vsl_alphabet_pilot/landmarks/S05/VSL_ALPHA_S05_N_REP02.npz,data/vsl_alphabet_pilot/videos/S05/VSL_ALPHA_S05_N_REP02.mp4,train
VSL_ALPHA_S05_N_REP03,S05,N,letter,Right,3,30,90,data/vsl_alphabet_pilot/landmarks/S05/VSL_ALPHA_S05_N_REP03.npz,data/vsl_alphabet_pilot/videos/S05/VSL_ALPHA_S05_N_REP03.mp4,train
VSL_ALPHA_S05_N_REP04,S05,N,letter,Right,4,30,90,data/vsl_alphabet_pilot/landmarks/S05/VSL_ALPHA_S05_N_REP04.npz,data/vsl_alphabet_pilot/videos/S05/VSL_ALPHA_S05_N_REP04.mp4,train
VSL_ALPHA_S05_N_REP05,S05,N,letter,Right,5,30,90,data/vsl_alphabet_pilot/landmarks/S05/VSL_ALPHA_S05_N_REP05.npz,data/vsl_alphabet_pilot/videos/S05/VSL_ALPHA_S05_N_REP05.mp4,train
VSL_ALPHA_S05_O_REP01,S05,O,letter,Right,1,30,90,data/vsl_alphabet_pilot/landmarks/S05/VSL_ALPHA_S05_O_REP01.npz,data/vsl_alphabet_pilot/videos/S05/VSL_ALPHA_S05_O_REP01.mp4,train
VSL_ALPHA_S05_O_REP02,S05,O,letter,Right,2,30,90,data/vsl_alphabet_pilot/landmarks/S05/VSL_ALPHA_S05_O_REP02.npz,data/vsl_alphabet_pilot/videos/S05/VSL_ALPHA_S05_O_REP02.mp4,train
VSL_ALPHA_S05_O_REP03,S05,O,letter,Right,3,30,90,data/vsl_alphabet_pilot/landmarks/S05/VSL_ALPHA_S05_O_REP03.npz,data/vsl_alphabet_pilot/videos/S05/VSL_ALPHA_S05_O_REP03.mp4,train
VSL_ALPHA_S05_O_REP04,S05,O,letter,Right,4,30,90,data/vsl_alphabet_pilot/landmarks/S05/VSL_ALPHA_S05_O_REP04.npz,data/vsl_alphabet_pilot/videos/S05/VSL_ALPHA_S05_O_REP04.mp4,train
VSL_ALPHA_S05_O_REP05,S05,O,letter,Right,5,30,90,data/vsl_alphabet_pilot/landmarks/S05/VSL_ALPHA_S05_O_REP05.npz,data/vsl_alphabet_pilot/videos/S05/VSL_ALPHA_S05_O_REP05.mp4,train
VSL_ALPHA_S05_P_REP01,S05,P,letter,Right,1,30,90,data/vsl_alphabet_pilot/landmarks/S05/VSL_ALPHA_S05_P_REP01.npz,data/vsl_alphabet_pilot/videos/S05/VSL_ALPHA_S05_P_REP01.mp4,train
VSL_ALPHA_S05_P_REP02,S05,P,letter,Right,2,30,90,data/vsl_alphabet_pilot/landmarks/S05/VSL_ALPHA_S05_P_REP02.npz,data/vsl_alphabet_pilot/videos/S05/VSL_ALPHA_S05_P_REP02.mp4,train
VSL_ALPHA_S05_P_REP03,S05,P,letter,Right,3,30,90,data/vsl_alphabet_pilot/landmarks/S05/VSL_ALPHA_S05_P_REP03.npz,data/vsl_alphabet_pilot/videos/S05/VSL_ALPHA_S05_P_REP03.mp4,train
VSL_ALPHA_S05_P_REP04,S05,P,letter,Right,4,30,90,data/vsl_alphabet_pilot/landmarks/S05/VSL_ALPHA_S05_P_REP04.npz,data/vsl_alphabet_pilot/videos/S05/VSL_ALPHA_S05_P_REP04.mp4,train
VSL_ALPHA_S05_P_REP05,S05,P,letter,Right,5,30,90,data/vsl_alphabet_pilot/landmarks/S05/VSL_ALPHA_S05_P_REP05.npz,data/vsl_alphabet_pilot/videos/S05/VSL_ALPHA_S05_P_REP05.mp4,train
VSL_ALPHA_S05_Q_REP01,S05,Q,letter,Right,1,30,90,data/vsl_alphabet_pilot/landmarks/S05/VSL_ALPHA_S05_Q_REP01.npz,data/vsl_alphabet_pilot/videos/S05/VSL_ALPHA_S05_Q_REP01.mp4,train
VSL_ALPHA_S05_Q_REP02,S05,Q,letter,Right,2,30,90,data/vsl_alphabet_pilot/landmarks/S05/VSL_ALPHA_S05_Q_REP02.npz,data/vsl_alphabet_pilot/videos/S05/VSL_ALPHA_S05_Q_REP02.mp4,train
VSL_ALPHA_S05_Q_REP03,S05,Q,letter,Right,3,30,90,data/vsl_alphabet_pilot/landmarks/S05/VSL_ALPHA_S05_Q_REP03.npz,data/vsl_alphabet_pilot/videos/S05/VSL_ALPHA_S05_Q_REP03.mp4,train
VSL_ALPHA_S05_Q_REP04,S05,Q,letter,Right,4,30,90,data/vsl_alphabet_pilot/landmarks/S05/VSL_ALPHA_S05_Q_REP04.npz,data/vsl_alphabet_pilot/videos/S05/VSL_ALPHA_S05_Q_REP04.mp4,train
VSL_ALPHA_S05_Q_REP05,S05,Q,letter,Right,5,30,90,data/vsl_alphabet_pilot/landmarks/S05/VSL_ALPHA_S05_Q_REP05.npz,data/vsl_alphabet_pilot/videos/S05/VSL_ALPHA_S05_Q_REP05.mp4,train
VSL_ALPHA_S05_R_REP01,S05,R,letter,Right,1,30,90,data/vsl_alphabet_pilot/landmarks/S05/VSL_ALPHA_S05_R_REP01.npz,data/vsl_alphabet_pilot/videos/S05/VSL_ALPHA_S05_R_REP01.mp4,train
VSL_ALPHA_S05_R_REP02,S05,R,letter,Right,2,30,90,data/vsl_alphabet_pilot/landmarks/S05/VSL_ALPHA_S05_R_REP02.npz,data/vsl_alphabet_pilot/videos/S05/VSL_ALPHA_S05_R_REP02.mp4,train
VSL_ALPHA_S05_R_REP03,S05,R,letter,Right,3,30,90,data/vsl_alphabet_pilot/landmarks/S05/VSL_ALPHA_S05_R_REP03.npz,data/vsl_alphabet_pilot/videos/S05/VSL_ALPHA_S05_R_REP03.mp4,train
VSL_ALPHA_S05_R_REP04,S05,R,letter,Right,4,30,90,data/vsl_alphabet_pilot/landmarks/S05/VSL_ALPHA_S05_R_REP04.npz,data/vsl_alphabet_pilot/videos/S05/VSL_ALPHA_S05_R_REP04.mp4,train
VSL_ALPHA_S05_R_REP05,S05,R,letter,Right,5,30,90,data/vsl_alphabet_pilot/landmarks/S05/VSL_ALPHA_S05_R_REP05.npz,data/vsl_alphabet_pilot/videos/S05/VSL_ALPHA_S05_R_REP05.mp4,train
VSL_ALPHA_S05_S_REP01,S05,S,letter,Right,1,30,90,data/vsl_alphabet_pilot/landmarks/S05/VSL_ALPHA_S05_S_REP01.npz,data/vsl_alphabet_pilot/videos/S05/VSL_ALPHA_S05_S_REP01.mp4,train
VSL_ALPHA_S05_S_REP02,S05,S,letter,Right,2,30,90,data/vsl_alphabet_pilot/landmarks/S05/VSL_ALPHA_S05_S_REP02.npz,data/vsl_alphabet_pilot/videos/S05/VSL_ALPHA_S05_S_REP02.mp4,train
VSL_ALPHA_S05_S_REP03,S05,S,letter,Right,3,30,90,data/vsl_alphabet_pilot/landmarks/S05/VSL_ALPHA_S05_S_REP03.npz,data/vsl_alphabet_pilot/videos/S05/VSL_ALPHA_S05_S_REP03.mp4,train
VSL_ALPHA_S05_S_REP04,S05,S,letter,Right,4,30,90,data/vsl_alphabet_pilot/landmarks/S05/VSL_ALPHA_S05_S_REP04.npz,data/vsl_alphabet_pilot/videos/S05/VSL_ALPHA_S05_S_REP04.mp4,train
VSL_ALPHA_S05_S_REP05,S05,S,letter,Right,5,30,90,data/vsl_alphabet_pilot/landmarks/S05/VSL_ALPHA_S05_S_REP05.npz,data/vsl_alphabet_pilot/videos/S05/VSL_ALPHA_S05_S_REP05.mp4,train
VSL_ALPHA_S05_T_REP01,S05,T,letter,Right,1,30,90,data/vsl_alphabet_pilot/landmarks/S05/VSL_ALPHA_S05_T_REP01.npz,data/vsl_alphabet_pilot/videos/S05/VSL_ALPHA_S05_T_REP01.mp4,train
VSL_ALPHA_S05_T_REP02,S05,T,letter,Right,2,30,90,data/vsl_alphabet_pilot/landmarks/S05/VSL_ALPHA_S05_T_REP02.npz,data/vsl_alphabet_pilot/videos/S05/VSL_ALPHA_S05_T_REP02.mp4,train
VSL_ALPHA_S05_T_REP03,S05,T,letter,Right,3,30,90,data/vsl_alphabet_pilot/landmarks/S05/VSL_ALPHA_S05_T_REP03.npz,data/vsl_alphabet_pilot/videos/S05/VSL_ALPHA_S05_T_REP03.mp4,train
VSL_ALPHA_S05_T_REP04,S05,T,letter,Right,4,30,90,data/vsl_alphabet_pilot/landmarks/S05/VSL_ALPHA_S05_T_REP04.npz,data/vsl_alphabet_pilot/videos/S05/VSL_ALPHA_S05_T_REP04.mp4,train
VSL_ALPHA_S05_T_REP05,S05,T,letter,Right,5,30,90,data/vsl_alphabet_pilot/landmarks/S05/VSL_ALPHA_S05_T_REP05.npz,data/vsl_alphabet_pilot/videos/S05/VSL_ALPHA_S05_T_REP05.mp4,train
VSL_ALPHA_S05_U_REP01,S05,U,letter,Right,1,30,90,data/vsl_alphabet_pilot/landmarks/S05/VSL_ALPHA_S05_U_REP01.npz,data/vsl_alphabet_pilot/videos/S05/VSL_ALPHA_S05_U_REP01.mp4,train
VSL_ALPHA_S05_U_REP02,S05,U,letter,Right,2,30,90,data/vsl_alphabet_pilot/landmarks/S05/VSL_ALPHA_S05_U_REP02.npz,data/vsl_alphabet_pilot/videos/S05/VSL_ALPHA_S05_U_REP02.mp4,train
VSL_ALPHA_S05_U_REP03,S05,U,letter,Right,3,30,90,data/vsl_alphabet_pilot/landmarks/S05/VSL_ALPHA_S05_U_REP03.npz,data/vsl_alphabet_pilot/videos/S05/VSL_ALPHA_S05_U_REP03.mp4,train
VSL_ALPHA_S05_U_REP04,S05,U,letter,Right,4,30,90,data/vsl_alphabet_pilot/landmarks/S05/VSL_ALPHA_S05_U_REP04.npz,data/vsl_alphabet_pilot/videos/S05/VSL_ALPHA_S05_U_REP04.mp4,train
VSL_ALPHA_S05_U_REP05,S05,U,letter,Right,5,30,90,data/vsl_alphabet_pilot/landmarks/S05/VSL_ALPHA_S05_U_REP05.npz,data/vsl_alphabet_pilot/videos/S05/VSL_ALPHA_S05_U_REP05.mp4,train
VSL_ALPHA_S05_V_REP01,S05,V,letter,Right,1,30,90,data/vsl_alphabet_pilot/landmarks/S05/VSL_ALPHA_S05_V_REP01.npz,data/vsl_alphabet_pilot/videos/S05/VSL_ALPHA_S05_V_REP01.mp4,train
VSL_ALPHA_S05_V_REP02,S05,V,letter,Right,2,30,90,data/vsl_alphabet_pilot/landmarks/S05/VSL_ALPHA_S05_V_REP02.npz,data/vsl_alphabet_pilot/videos/S05/VSL_ALPHA_S05_V_REP02.mp4,train
VSL_ALPHA_S05_V_REP03,S05,V,letter,Right,3,30,90,data/vsl_alphabet_pilot/landmarks/S05/VSL_ALPHA_S05_V_REP03.npz,data/vsl_alphabet_pilot/videos/S05/VSL_ALPHA_S05_V_REP03.mp4,train
VSL_ALPHA_S05_V_REP04,S05,V,letter,Right,4,30,90,data/vsl_alphabet_pilot/landmarks/S05/VSL_ALPHA_S05_V_REP04.npz,data/vsl_alphabet_pilot/videos/S05/VSL_ALPHA_S05_V_REP04.mp4,train
VSL_ALPHA_S05_V_REP05,S05,V,letter,Right,5,30,90,data/vsl_alphabet_pilot/landmarks/S05/VSL_ALPHA_S05_V_REP05.npz,data/vsl_alphabet_pilot/videos/S05/VSL_ALPHA_S05_V_REP05.mp4,train
VSL_ALPHA_S05_X_REP01,S05,X,letter,Right,1,30,90,data/vsl_alphabet_pilot/landmarks/S05/VSL_ALPHA_S05_X_REP01.npz,data/vsl_alphabet_pilot/videos/S05/VSL_ALPHA_S05_X_REP01.mp4,train
VSL_ALPHA_S05_X_REP02,S05,X,letter,Right,2,30,90,data/vsl_alphabet_pilot/landmarks/S05/VSL_ALPHA_S05_X_REP02.npz,data/vsl_alphabet_pilot/videos/S05/VSL_ALPHA_S05_X_REP02.mp4,train
VSL_ALPHA_S05_X_REP03,S05,X,letter,Right,3,30,90,data/vsl_alphabet_pilot/landmarks/S05/VSL_ALPHA_S05_X_REP03.npz,data/vsl_alphabet_pilot/videos/S05/VSL_ALPHA_S05_X_REP03.mp4,train
VSL_ALPHA_S05_X_REP04,S05,X,letter,Right,4,30,90,data/vsl_alphabet_pilot/landmarks/S05/VSL_ALPHA_S05_X_REP04.npz,data/vsl_alphabet_pilot/videos/S05/VSL_ALPHA_S05_X_REP04.mp4,train
VSL_ALPHA_S05_X_REP05,S05,X,letter,Right,5,30,90,data/vsl_alphabet_pilot/landmarks/S05/VSL_ALPHA_S05_X_REP05.npz,data/vsl_alphabet_pilot/videos/S05/VSL_ALPHA_S05_X_REP05.mp4,train
VSL_ALPHA_S05_Y_REP01,S05,Y,letter,Right,1,30,90,data/vsl_alphabet_pilot/landmarks/S05/VSL_ALPHA_S05_Y_REP01.npz,data/vsl_alphabet_pilot/videos/S05/VSL_ALPHA_S05_Y_REP01.mp4,train
VSL_ALPHA_S05_Y_REP02,S05,Y,letter,Right,2,30,90,data/vsl_alphabet_pilot/landmarks/S05/VSL_ALPHA_S05_Y_REP02.npz,data/vsl_alphabet_pilot/videos/S05/VSL_ALPHA_S05_Y_REP02.mp4,train
VSL_ALPHA_S05_Y_REP03,S05,Y,letter,Right,3,30,90,data/vsl_alphabet_pilot/landmarks/S05/VSL_ALPHA_S05_Y_REP03.npz,data/vsl_alphabet_pilot/videos/S05/VSL_ALPHA_S05_Y_REP03.mp4,train
VSL_ALPHA_S05_Y_REP04,S05,Y,letter,Right,4,30,90,data/vsl_alphabet_pilot/landmarks/S05/VSL_ALPHA_S05_Y_REP04.npz,data/vsl_alphabet_pilot/videos/S05/VSL_ALPHA_S05_Y_REP04.mp4,train
VSL_ALPHA_S05_Y_REP05,S05,Y,letter,Right,5,30,90,data/vsl_alphabet_pilot/landmarks/S05/VSL_ALPHA_S05_Y_REP05.npz,data/vsl_alphabet_pilot/videos/S05/VSL_ALPHA_S05_Y_REP05.mp4,train
VSL_ALPHA_S05_Dau_mu_REP01,S05,Dau_mu,accent,Right,1,30,90,data/vsl_alphabet_pilot/landmarks/S05/VSL_ALPHA_S05_Dau_mu_REP01.npz,data/vsl_alphabet_pilot/videos/S05/VSL_ALPHA_S05_Dau_mu_REP01.mp4,train
VSL_ALPHA_S05_Dau_mu_REP02,S05,Dau_mu,accent,Right,2,30,90,data/vsl_alphabet_pilot/landmarks/S05/VSL_ALPHA_S05_Dau_mu_REP02.npz,data/vsl_alphabet_pilot/videos/S05/VSL_ALPHA_S05_Dau_mu_REP02.mp4,train
VSL_ALPHA_S05_Dau_mu_REP03,S05,Dau_mu,accent,Right,3,30,90,data/vsl_alphabet_pilot/landmarks/S05/VSL_ALPHA_S05_Dau_mu_REP03.npz,data/vsl_alphabet_pilot/videos/S05/VSL_ALPHA_S05_Dau_mu_REP03.mp4,train
VSL_ALPHA_S05_Dau_mu_REP04,S05,Dau_mu,accent,Right,4,30,90,data/vsl_alphabet_pilot/landmarks/S05/VSL_ALPHA_S05_Dau_mu_REP04.npz,data/vsl_alphabet_pilot/videos/S05/VSL_ALPHA_S05_Dau_mu_REP04.mp4,train
VSL_ALPHA_S05_Dau_mu_REP05,S05,Dau_mu,accent,Right,5,30,90,data/vsl_alphabet_pilot/landmarks/S05/VSL_ALPHA_S05_Dau_mu_REP05.npz,data/vsl_alphabet_pilot/videos/S05/VSL_ALPHA_S05_Dau_mu_REP05.mp4,train
VSL_ALPHA_S05_Dau_moc_REP01,S05,Dau_moc,accent,Right,1,30,90,data/vsl_alphabet_pilot/landmarks/S05/VSL_ALPHA_S05_Dau_moc_REP01.npz,data/vsl_alphabet_pilot/videos/S05/VSL_ALPHA_S05_Dau_moc_REP01.mp4,train
VSL_ALPHA_S05_Dau_moc_REP02,S05,Dau_moc,accent,Right,2,30,90,data/vsl_alphabet_pilot/landmarks/S05/VSL_ALPHA_S05_Dau_moc_REP02.npz,data/vsl_alphabet_pilot/videos/S05/VSL_ALPHA_S05_Dau_moc_REP02.mp4,train
VSL_ALPHA_S05_Dau_moc_REP03,S05,Dau_moc,accent,Right,3,30,90,data/vsl_alphabet_pilot/landmarks/S05/VSL_ALPHA_S05_Dau_moc_REP03.npz,data/vsl_alphabet_pilot/videos/S05/VSL_ALPHA_S05_Dau_moc_REP03.mp4,train
VSL_ALPHA_S05_Dau_moc_REP04,S05,Dau_moc,accent,Right,4,30,90,data/vsl_alphabet_pilot/landmarks/S05/VSL_ALPHA_S05_Dau_moc_REP04.npz,data/vsl_alphabet_pilot/videos/S05/VSL_ALPHA_S05_Dau_moc_REP04.mp4,train
VSL_ALPHA_S05_Dau_moc_REP05,S05,Dau_moc,accent,Right,5,30,90,data/vsl_alphabet_pilot/landmarks/S05/VSL_ALPHA_S05_Dau_moc_REP05.npz,data/vsl_alphabet_pilot/videos/S05/VSL_ALPHA_S05_Dau_moc_REP05.mp4,train
VSL_ALPHA_S06_A_REP01,S06,A,letter,Right,1,30,90,data/vsl_alphabet_pilot/landmarks/S06/VSL_ALPHA_S06_A_REP01.npz,data/vsl_alphabet_pilot/videos/S06/VSL_ALPHA_S06_A_REP01.mp4,train
VSL_ALPHA_S06_A_REP02,S06,A,letter,Right,2,30,90,data/vsl_alphabet_pilot/landmarks/S06/VSL_ALPHA_S06_A_REP02.npz,data/vsl_alphabet_pilot/videos/S06/VSL_ALPHA_S06_A_REP02.mp4,train
VSL_ALPHA_S06_A_REP03,S06,A,letter,Right,3,30,90,data/vsl_alphabet_pilot/landmarks/S06/VSL_ALPHA_S06_A_REP03.npz,data/vsl_alphabet_pilot/videos/S06/VSL_ALPHA_S06_A_REP03.mp4,train
VSL_ALPHA_S06_A_REP04,S06,A,letter,Right,4,30,90,data/vsl_alphabet_pilot/landmarks/S06/VSL_ALPHA_S06_A_REP04.npz,data/vsl_alphabet_pilot/videos/S06/VSL_ALPHA_S06_A_REP04.mp4,train
VSL_ALPHA_S06_A_REP05,S06,A,letter,Right,5,30,90,data/vsl_alphabet_pilot/landmarks/S06/VSL_ALPHA_S06_A_REP05.npz,data/vsl_alphabet_pilot/videos/S06/VSL_ALPHA_S06_A_REP05.mp4,train
VSL_ALPHA_S06_B_REP01,S06,B,letter,Right,1,30,90,data/vsl_alphabet_pilot/landmarks/S06/VSL_ALPHA_S06_B_REP01.npz,data/vsl_alphabet_pilot/videos/S06/VSL_ALPHA_S06_B_REP01.mp4,train
VSL_ALPHA_S06_B_REP02,S06,B,letter,Right,2,30,90,data/vsl_alphabet_pilot/landmarks/S06/VSL_ALPHA_S06_B_REP02.npz,data/vsl_alphabet_pilot/videos/S06/VSL_ALPHA_S06_B_REP02.mp4,train
VSL_ALPHA_S06_B_REP03,S06,B,letter,Right,3,30,90,data/vsl_alphabet_pilot/landmarks/S06/VSL_ALPHA_S06_B_REP03.npz,data/vsl_alphabet_pilot/videos/S06/VSL_ALPHA_S06_B_REP03.mp4,train
VSL_ALPHA_S06_B_REP04,S06,B,letter,Right,4,30,90,data/vsl_alphabet_pilot/landmarks/S06/VSL_ALPHA_S06_B_REP04.npz,data/vsl_alphabet_pilot/videos/S06/VSL_ALPHA_S06_B_REP04.mp4,train
VSL_ALPHA_S06_B_REP05,S06,B,letter,Right,5,30,90,data/vsl_alphabet_pilot/landmarks/S06/VSL_ALPHA_S06_B_REP05.npz,data/vsl_alphabet_pilot/videos/S06/VSL_ALPHA_S06_B_REP05.mp4,train
VSL_ALPHA_S06_C_REP01,S06,C,letter,Right,1,30,90,data/vsl_alphabet_pilot/landmarks/S06/VSL_ALPHA_S06_C_REP01.npz,data/vsl_alphabet_pilot/videos/S06/VSL_ALPHA_S06_C_REP01.mp4,train
VSL_ALPHA_S06_C_REP02,S06,C,letter,Right,2,30,90,data/vsl_alphabet_pilot/landmarks/S06/VSL_ALPHA_S06_C_REP02.npz,data/vsl_alphabet_pilot/videos/S06/VSL_ALPHA_S06_C_REP02.mp4,train
VSL_ALPHA_S06_C_REP03,S06,C,letter,Right,3,30,90,data/vsl_alphabet_pilot/landmarks/S06/VSL_ALPHA_S06_C_REP03.npz,data/vsl_alphabet_pilot/videos/S06/VSL_ALPHA_S06_C_REP03.mp4,train
VSL_ALPHA_S06_C_REP04,S06,C,letter,Right,4,30,90,data/vsl_alphabet_pilot/landmarks/S06/VSL_ALPHA_S06_C_REP04.npz,data/vsl_alphabet_pilot/videos/S06/VSL_ALPHA_S06_C_REP04.mp4,train
VSL_ALPHA_S06_C_REP05,S06,C,letter,Right,5,30,90,data/vsl_alphabet_pilot/landmarks/S06/VSL_ALPHA_S06_C_REP05.npz,data/vsl_alphabet_pilot/videos/S06/VSL_ALPHA_S06_C_REP05.mp4,train
VSL_ALPHA_S06_D_REP01,S06,D,letter,Right,1,30,90,data/vsl_alphabet_pilot/landmarks/S06/VSL_ALPHA_S06_D_REP01.npz,data/vsl_alphabet_pilot/videos/S06/VSL_ALPHA_S06_D_REP01.mp4,train
VSL_ALPHA_S06_D_REP02,S06,D,letter,Right,2,30,90,data/vsl_alphabet_pilot/landmarks/S06/VSL_ALPHA_S06_D_REP02.npz,data/vsl_alphabet_pilot/videos/S06/VSL_ALPHA_S06_D_REP02.mp4,train
VSL_ALPHA_S06_D_REP03,S06,D,letter,Right,3,30,90,data/vsl_alphabet_pilot/landmarks/S06/VSL_ALPHA_S06_D_REP03.npz,data/vsl_alphabet_pilot/videos/S06/VSL_ALPHA_S06_D_REP03.mp4,train
VSL_ALPHA_S06_D_REP04,S06,D,letter,Right,4,30,90,data/vsl_alphabet_pilot/landmarks/S06/VSL_ALPHA_S06_D_REP04.npz,data/vsl_alphabet_pilot/videos/S06/VSL_ALPHA_S06_D_REP04.mp4,train
VSL_ALPHA_S06_D_REP05,S06,D,letter,Right,5,30,90,data/vsl_alphabet_pilot/landmarks/S06/VSL_ALPHA_S06_D_REP05.npz,data/vsl_alphabet_pilot/videos/S06/VSL_ALPHA_S06_D_REP05.mp4,train
VSL_ALPHA_S06_Đ_REP01,S06,Đ,letter,Right,1,30,90,data/vsl_alphabet_pilot/landmarks/S06/VSL_ALPHA_S06_Đ_REP01.npz,data/vsl_alphabet_pilot/videos/S06/VSL_ALPHA_S06_Đ_REP01.mp4,train
VSL_ALPHA_S06_Đ_REP02,S06,Đ,letter,Right,2,30,90,data/vsl_alphabet_pilot/landmarks/S06/VSL_ALPHA_S06_Đ_REP02.npz,data/vsl_alphabet_pilot/videos/S06/VSL_ALPHA_S06_Đ_REP02.mp4,train
VSL_ALPHA_S06_Đ_REP03,S06,Đ,letter,Right,3,30,90,data/vsl_alphabet_pilot/landmarks/S06/VSL_ALPHA_S06_Đ_REP03.npz,data/vsl_alphabet_pilot/videos/S06/VSL_ALPHA_S06_Đ_REP03.mp4,train
VSL_ALPHA_S06_Đ_REP04,S06,Đ,letter,Right,4,30,90,data/vsl_alphabet_pilot/landmarks/S06/VSL_ALPHA_S06_Đ_REP04.npz,data/vsl_alphabet_pilot/videos/S06/VSL_ALPHA_S06_Đ_REP04.mp4,train
VSL_ALPHA_S06_Đ_REP05,S06,Đ,letter,Right,5,30,90,data/vsl_alphabet_pilot/landmarks/S06/VSL_ALPHA_S06_Đ_REP05.npz,data/vsl_alphabet_pilot/videos/S06/VSL_ALPHA_S06_Đ_REP05.mp4,train
VSL_ALPHA_S06_E_REP01,S06,E,letter,Right,1,30,90,data/vsl_alphabet_pilot/landmarks/S06/VSL_ALPHA_S06_E_REP01.npz,data/vsl_alphabet_pilot/videos/S06/VSL_ALPHA_S06_E_REP01.mp4,train
VSL_ALPHA_S06_E_REP02,S06,E,letter,Right,2,30,90,data/vsl_alphabet_pilot/landmarks/S06/VSL_ALPHA_S06_E_REP02.npz,data/vsl_alphabet_pilot/videos/S06/VSL_ALPHA_S06_E_REP02.mp4,train
VSL_ALPHA_S06_E_REP03,S06,E,letter,Right,3,30,90,data/vsl_alphabet_pilot/landmarks/S06/VSL_ALPHA_S06_E_REP03.npz,data/vsl_alphabet_pilot/videos/S06/VSL_ALPHA_S06_E_REP03.mp4,train
VSL_ALPHA_S06_E_REP04,S06,E,letter,Right,4,30,90,data/vsl_alphabet_pilot/landmarks/S06/VSL_ALPHA_S06_E_REP04.npz,data/vsl_alphabet_pilot/videos/S06/VSL_ALPHA_S06_E_REP04.mp4,train
VSL_ALPHA_S06_E_REP05,S06,E,letter,Right,5,30,90,data/vsl_alphabet_pilot/landmarks/S06/VSL_ALPHA_S06_E_REP05.npz,data/vsl_alphabet_pilot/videos/S06/VSL_ALPHA_S06_E_REP05.mp4,train
VSL_ALPHA_S06_G_REP01,S06,G,letter,Right,1,30,90,data/vsl_alphabet_pilot/landmarks/S06/VSL_ALPHA_S06_G_REP01.npz,data/vsl_alphabet_pilot/videos/S06/VSL_ALPHA_S06_G_REP01.mp4,train
VSL_ALPHA_S06_G_REP02,S06,G,letter,Right,2,30,90,data/vsl_alphabet_pilot/landmarks/S06/VSL_ALPHA_S06_G_REP02.npz,data/vsl_alphabet_pilot/videos/S06/VSL_ALPHA_S06_G_REP02.mp4,train
VSL_ALPHA_S06_G_REP03,S06,G,letter,Right,3,30,90,data/vsl_alphabet_pilot/landmarks/S06/VSL_ALPHA_S06_G_REP03.npz,data/vsl_alphabet_pilot/videos/S06/VSL_ALPHA_S06_G_REP03.mp4,train
VSL_ALPHA_S06_G_REP04,S06,G,letter,Right,4,30,90,data/vsl_alphabet_pilot/landmarks/S06/VSL_ALPHA_S06_G_REP04.npz,data/vsl_alphabet_pilot/videos/S06/VSL_ALPHA_S06_G_REP04.mp4,train
VSL_ALPHA_S06_G_REP05,S06,G,letter,Right,5,30,90,data/vsl_alphabet_pilot/landmarks/S06/VSL_ALPHA_S06_G_REP05.npz,data/vsl_alphabet_pilot/videos/S06/VSL_ALPHA_S06_G_REP05.mp4,train
VSL_ALPHA_S06_H_REP01,S06,H,letter,Right,1,30,90,data/vsl_alphabet_pilot/landmarks/S06/VSL_ALPHA_S06_H_REP01.npz,data/vsl_alphabet_pilot/videos/S06/VSL_ALPHA_S06_H_REP01.mp4,train
VSL_ALPHA_S06_H_REP02,S06,H,letter,Right,2,30,90,data/vsl_alphabet_pilot/landmarks/S06/VSL_ALPHA_S06_H_REP02.npz,data/vsl_alphabet_pilot/videos/S06/VSL_ALPHA_S06_H_REP02.mp4,train
VSL_ALPHA_S06_H_REP03,S06,H,letter,Right,3,30,90,data/vsl_alphabet_pilot/landmarks/S06/VSL_ALPHA_S06_H_REP03.npz,data/vsl_alphabet_pilot/videos/S06/VSL_ALPHA_S06_H_REP03.mp4,train
VSL_ALPHA_S06_H_REP04,S06,H,letter,Right,4,30,90,data/vsl_alphabet_pilot/landmarks/S06/VSL_ALPHA_S06_H_REP04.npz,data/vsl_alphabet_pilot/videos/S06/VSL_ALPHA_S06_H_REP04.mp4,train
VSL_ALPHA_S06_H_REP05,S06,H,letter,Right,5,30,90,data/vsl_alphabet_pilot/landmarks/S06/VSL_ALPHA_S06_H_REP05.npz,data/vsl_alphabet_pilot/videos/S06/VSL_ALPHA_S06_H_REP05.mp4,train
VSL_ALPHA_S06_I_REP01,S06,I,letter,Right,1,30,90,data/vsl_alphabet_pilot/landmarks/S06/VSL_ALPHA_S06_I_REP01.npz,data/vsl_alphabet_pilot/videos/S06/VSL_ALPHA_S06_I_REP01.mp4,train
VSL_ALPHA_S06_I_REP02,S06,I,letter,Right,2,30,90,data/vsl_alphabet_pilot/landmarks/S06/VSL_ALPHA_S06_I_REP02.npz,data/vsl_alphabet_pilot/videos/S06/VSL_ALPHA_S06_I_REP02.mp4,train
VSL_ALPHA_S06_I_REP03,S06,I,letter,Right,3,30,90,data/vsl_alphabet_pilot/landmarks/S06/VSL_ALPHA_S06_I_REP03.npz,data/vsl_alphabet_pilot/videos/S06/VSL_ALPHA_S06_I_REP03.mp4,train
VSL_ALPHA_S06_I_REP04,S06,I,letter,Right,4,30,90,data/vsl_alphabet_pilot/landmarks/S06/VSL_ALPHA_S06_I_REP04.npz,data/vsl_alphabet_pilot/videos/S06/VSL_ALPHA_S06_I_REP04.mp4,train
VSL_ALPHA_S06_I_REP05,S06,I,letter,Right,5,30,90,data/vsl_alphabet_pilot/landmarks/S06/VSL_ALPHA_S06_I_REP05.npz,data/vsl_alphabet_pilot/videos/S06/VSL_ALPHA_S06_I_REP05.mp4,train
VSL_ALPHA_S06_K_REP01,S06,K,letter,Right,1,30,90,data/vsl_alphabet_pilot/landmarks/S06/VSL_ALPHA_S06_K_REP01.npz,data/vsl_alphabet_pilot/videos/S06/VSL_ALPHA_S06_K_REP01.mp4,train
VSL_ALPHA_S06_K_REP02,S06,K,letter,Right,2,30,90,data/vsl_alphabet_pilot/landmarks/S06/VSL_ALPHA_S06_K_REP02.npz,data/vsl_alphabet_pilot/videos/S06/VSL_ALPHA_S06_K_REP02.mp4,train
VSL_ALPHA_S06_K_REP03,S06,K,letter,Right,3,30,90,data/vsl_alphabet_pilot/landmarks/S06/VSL_ALPHA_S06_K_REP03.npz,data/vsl_alphabet_pilot/videos/S06/VSL_ALPHA_S06_K_REP03.mp4,train
VSL_ALPHA_S06_K_REP04,S06,K,letter,Right,4,30,90,data/vsl_alphabet_pilot/landmarks/S06/VSL_ALPHA_S06_K_REP04.npz,data/vsl_alphabet_pilot/videos/S06/VSL_ALPHA_S06_K_REP04.mp4,train
VSL_ALPHA_S06_K_REP05,S06,K,letter,Right,5,30,90,data/vsl_alphabet_pilot/landmarks/S06/VSL_ALPHA_S06_K_REP05.npz,data/vsl_alphabet_pilot/videos/S06/VSL_ALPHA_S06_K_REP05.mp4,train
VSL_ALPHA_S06_L_REP01,S06,L,letter,Right,1,30,90,data/vsl_alphabet_pilot/landmarks/S06/VSL_ALPHA_S06_L_REP01.npz,data/vsl_alphabet_pilot/videos/S06/VSL_ALPHA_S06_L_REP01.mp4,train
VSL_ALPHA_S06_L_REP02,S06,L,letter,Right,2,30,90,data/vsl_alphabet_pilot/landmarks/S06/VSL_ALPHA_S06_L_REP02.npz,data/vsl_alphabet_pilot/videos/S06/VSL_ALPHA_S06_L_REP02.mp4,train
VSL_ALPHA_S06_L_REP03,S06,L,letter,Right,3,30,90,data/vsl_alphabet_pilot/landmarks/S06/VSL_ALPHA_S06_L_REP03.npz,data/vsl_alphabet_pilot/videos/S06/VSL_ALPHA_S06_L_REP03.mp4,train
VSL_ALPHA_S06_L_REP04,S06,L,letter,Right,4,30,90,data/vsl_alphabet_pilot/landmarks/S06/VSL_ALPHA_S06_L_REP04.npz,data/vsl_alphabet_pilot/videos/S06/VSL_ALPHA_S06_L_REP04.mp4,train
VSL_ALPHA_S06_L_REP05,S06,L,letter,Right,5,30,90,data/vsl_alphabet_pilot/landmarks/S06/VSL_ALPHA_S06_L_REP05.npz,data/vsl_alphabet_pilot/videos/S06/VSL_ALPHA_S06_L_REP05.mp4,train
VSL_ALPHA_S06_M_REP01,S06,M,letter,Right,1,30,90,data/vsl_alphabet_pilot/landmarks/S06/VSL_ALPHA_S06_M_REP01.npz,data/vsl_alphabet_pilot/videos/S06/VSL_ALPHA_S06_M_REP01.mp4,train
VSL_ALPHA_S06_M_REP02,S06,M,letter,Right,2,30,90,data/vsl_alphabet_pilot/landmarks/S06/VSL_ALPHA_S06_M_REP02.npz,data/vsl_alphabet_pilot/videos/S06/VSL_ALPHA_S06_M_REP02.mp4,train
VSL_ALPHA_S06_M_REP03,S06,M,letter,Right,3,30,90,data/vsl_alphabet_pilot/landmarks/S06/VSL_ALPHA_S06_M_REP03.npz,data/vsl_alphabet_pilot/videos/S06/VSL_ALPHA_S06_M_REP03.mp4,train
VSL_ALPHA_S06_M_REP04,S06,M,letter,Right,4,30,90,data/vsl_alphabet_pilot/landmarks/S06/VSL_ALPHA_S06_M_REP04.npz,data/vsl_alphabet_pilot/videos/S06/VSL_ALPHA_S06_M_REP04.mp4,train
VSL_ALPHA_S06_M_REP05,S06,M,letter,Right,5,30,90,data/vsl_alphabet_pilot/landmarks/S06/VSL_ALPHA_S06_M_REP05.npz,data/vsl_alphabet_pilot/videos/S06/VSL_ALPHA_S06_M_REP05.mp4,train
VSL_ALPHA_S06_N_REP01,S06,N,letter,Right,1,30,90,data/vsl_alphabet_pilot/landmarks/S06/VSL_ALPHA_S06_N_REP01.npz,data/vsl_alphabet_pilot/videos/S06/VSL_ALPHA_S06_N_REP01.mp4,train
VSL_ALPHA_S06_N_REP02,S06,N,letter,Right,2,30,90,data/vsl_alphabet_pilot/landmarks/S06/VSL_ALPHA_S06_N_REP02.npz,data/vsl_alphabet_pilot/videos/S06/VSL_ALPHA_S06_N_REP02.mp4,train
VSL_ALPHA_S06_N_REP03,S06,N,letter,Right,3,30,90,data/vsl_alphabet_pilot/landmarks/S06/VSL_ALPHA_S06_N_REP03.npz,data/vsl_alphabet_pilot/videos/S06/VSL_ALPHA_S06_N_REP03.mp4,train
VSL_ALPHA_S06_N_REP04,S06,N,letter,Right,4,30,90,data/vsl_alphabet_pilot/landmarks/S06/VSL_ALPHA_S06_N_REP04.npz,data/vsl_alphabet_pilot/videos/S06/VSL_ALPHA_S06_N_REP04.mp4,train
VSL_ALPHA_S06_N_REP05,S06,N,letter,Right,5,30,90,data/vsl_alphabet_pilot/landmarks/S06/VSL_ALPHA_S06_N_REP05.npz,data/vsl_alphabet_pilot/videos/S06/VSL_ALPHA_S06_N_REP05.mp4,train
VSL_ALPHA_S06_O_REP01,S06,O,letter,Right,1,30,90,data/vsl_alphabet_pilot/landmarks/S06/VSL_ALPHA_S06_O_REP01.npz,data/vsl_alphabet_pilot/videos/S06/VSL_ALPHA_S06_O_REP01.mp4,train
VSL_ALPHA_S06_O_REP02,S06,O,letter,Right,2,30,90,data/vsl_alphabet_pilot/landmarks/S06/VSL_ALPHA_S06_O_REP02.npz,data/vsl_alphabet_pilot/videos/S06/VSL_ALPHA_S06_O_REP02.mp4,train
VSL_ALPHA_S06_O_REP03,S06,O,letter,Right,3,30,90,data/vsl_alphabet_pilot/landmarks/S06/VSL_ALPHA_S06_O_REP03.npz,data/vsl_alphabet_pilot/videos/S06/VSL_ALPHA_S06_O_REP03.mp4,train
VSL_ALPHA_S06_O_REP04,S06,O,letter,Right,4,30,90,data/vsl_alphabet_pilot/landmarks/S06/VSL_ALPHA_S06_O_REP04.npz,data/vsl_alphabet_pilot/videos/S06/VSL_ALPHA_S06_O_REP04.mp4,train
VSL_ALPHA_S06_O_REP05,S06,O,letter,Right,5,30,90,data/vsl_alphabet_pilot/landmarks/S06/VSL_ALPHA_S06_O_REP05.npz,data/vsl_alphabet_pilot/videos/S06/VSL_ALPHA_S06_O_REP05.mp4,train
VSL_ALPHA_S06_P_REP01,S06,P,letter,Right,1,30,90,data/vsl_alphabet_pilot/landmarks/S06/VSL_ALPHA_S06_P_REP01.npz,data/vsl_alphabet_pilot/videos/S06/VSL_ALPHA_S06_P_REP01.mp4,train
VSL_ALPHA_S06_P_REP02,S06,P,letter,Right,2,30,90,data/vsl_alphabet_pilot/landmarks/S06/VSL_ALPHA_S06_P_REP02.npz,data/vsl_alphabet_pilot/videos/S06/VSL_ALPHA_S06_P_REP02.mp4,train
VSL_ALPHA_S06_P_REP03,S06,P,letter,Right,3,30,90,data/vsl_alphabet_pilot/landmarks/S06/VSL_ALPHA_S06_P_REP03.npz,data/vsl_alphabet_pilot/videos/S06/VSL_ALPHA_S06_P_REP03.mp4,train
VSL_ALPHA_S06_P_REP04,S06,P,letter,Right,4,30,90,data/vsl_alphabet_pilot/landmarks/S06/VSL_ALPHA_S06_P_REP04.npz,data/vsl_alphabet_pilot/videos/S06/VSL_ALPHA_S06_P_REP04.mp4,train
VSL_ALPHA_S06_P_REP05,S06,P,letter,Right,5,30,90,data/vsl_alphabet_pilot/landmarks/S06/VSL_ALPHA_S06_P_REP05.npz,data/vsl_alphabet_pilot/videos/S06/VSL_ALPHA_S06_P_REP05.mp4,train
VSL_ALPHA_S06_Q_REP01,S06,Q,letter,Right,1,30,90,data/vsl_alphabet_pilot/landmarks/S06/VSL_ALPHA_S06_Q_REP01.npz,data/vsl_alphabet_pilot/videos/S06/VSL_ALPHA_S06_Q_REP01.mp4,train
VSL_ALPHA_S06_Q_REP02,S06,Q,letter,Right,2,30,90,data/vsl_alphabet_pilot/landmarks/S06/VSL_ALPHA_S06_Q_REP02.npz,data/vsl_alphabet_pilot/videos/S06/VSL_ALPHA_S06_Q_REP02.mp4,train
VSL_ALPHA_S06_Q_REP03,S06,Q,letter,Right,3,30,90,data/vsl_alphabet_pilot/landmarks/S06/VSL_ALPHA_S06_Q_REP03.npz,data/vsl_alphabet_pilot/videos/S06/VSL_ALPHA_S06_Q_REP03.mp4,train
VSL_ALPHA_S06_Q_REP04,S06,Q,letter,Right,4,30,90,data/vsl_alphabet_pilot/landmarks/S06/VSL_ALPHA_S06_Q_REP04.npz,data/vsl_alphabet_pilot/videos/S06/VSL_ALPHA_S06_Q_REP04.mp4,train
VSL_ALPHA_S06_Q_REP05,S06,Q,letter,Right,5,30,90,data/vsl_alphabet_pilot/landmarks/S06/VSL_ALPHA_S06_Q_REP05.npz,data/vsl_alphabet_pilot/videos/S06/VSL_ALPHA_S06_Q_REP05.mp4,train
VSL_ALPHA_S06_R_REP01,S06,R,letter,Right,1,30,90,data/vsl_alphabet_pilot/landmarks/S06/VSL_ALPHA_S06_R_REP01.npz,data/vsl_alphabet_pilot/videos/S06/VSL_ALPHA_S06_R_REP01.mp4,train
VSL_ALPHA_S06_R_REP02,S06,R,letter,Right,2,30,90,data/vsl_alphabet_pilot/landmarks/S06/VSL_ALPHA_S06_R_REP02.npz,data/vsl_alphabet_pilot/videos/S06/VSL_ALPHA_S06_R_REP02.mp4,train
VSL_ALPHA_S06_R_REP03,S06,R,letter,Right,3,30,90,data/vsl_alphabet_pilot/landmarks/S06/VSL_ALPHA_S06_R_REP03.npz,data/vsl_alphabet_pilot/videos/S06/VSL_ALPHA_S06_R_REP03.mp4,train
VSL_ALPHA_S06_R_REP04,S06,R,letter,Right,4,30,90,data/vsl_alphabet_pilot/landmarks/S06/VSL_ALPHA_S06_R_REP04.npz,data/vsl_alphabet_pilot/videos/S06/VSL_ALPHA_S06_R_REP04.mp4,train
VSL_ALPHA_S06_R_REP05,S06,R,letter,Right,5,30,90,data/vsl_alphabet_pilot/landmarks/S06/VSL_ALPHA_S06_R_REP05.npz,data/vsl_alphabet_pilot/videos/S06/VSL_ALPHA_S06_R_REP05.mp4,train
VSL_ALPHA_S06_S_REP01,S06,S,letter,Right,1,30,90,data/vsl_alphabet_pilot/landmarks/S06/VSL_ALPHA_S06_S_REP01.npz,data/vsl_alphabet_pilot/videos/S06/VSL_ALPHA_S06_S_REP01.mp4,train
VSL_ALPHA_S06_S_REP02,S06,S,letter,Right,2,30,90,data/vsl_alphabet_pilot/landmarks/S06/VSL_ALPHA_S06_S_REP02.npz,data/vsl_alphabet_pilot/videos/S06/VSL_ALPHA_S06_S_REP02.mp4,train
VSL_ALPHA_S06_S_REP03,S06,S,letter,Right,3,30,90,data/vsl_alphabet_pilot/landmarks/S06/VSL_ALPHA_S06_S_REP03.npz,data/vsl_alphabet_pilot/videos/S06/VSL_ALPHA_S06_S_REP03.mp4,train
VSL_ALPHA_S06_S_REP04,S06,S,letter,Right,4,30,90,data/vsl_alphabet_pilot/landmarks/S06/VSL_ALPHA_S06_S_REP04.npz,data/vsl_alphabet_pilot/videos/S06/VSL_ALPHA_S06_S_REP04.mp4,train
VSL_ALPHA_S06_S_REP05,S06,S,letter,Right,5,30,90,data/vsl_alphabet_pilot/landmarks/S06/VSL_ALPHA_S06_S_REP05.npz,data/vsl_alphabet_pilot/videos/S06/VSL_ALPHA_S06_S_REP05.mp4,train
VSL_ALPHA_S06_T_REP01,S06,T,letter,Right,1,30,90,data/vsl_alphabet_pilot/landmarks/S06/VSL_ALPHA_S06_T_REP01.npz,data/vsl_alphabet_pilot/videos/S06/VSL_ALPHA_S06_T_REP01.mp4,train
VSL_ALPHA_S06_T_REP02,S06,T,letter,Right,2,30,90,data/vsl_alphabet_pilot/landmarks/S06/VSL_ALPHA_S06_T_REP02.npz,data/vsl_alphabet_pilot/videos/S06/VSL_ALPHA_S06_T_REP02.mp4,train
VSL_ALPHA_S06_T_REP03,S06,T,letter,Right,3,30,90,data/vsl_alphabet_pilot/landmarks/S06/VSL_ALPHA_S06_T_REP03.npz,data/vsl_alphabet_pilot/videos/S06/VSL_ALPHA_S06_T_REP03.mp4,train
VSL_ALPHA_S06_T_REP04,S06,T,letter,Right,4,30,90,data/vsl_alphabet_pilot/landmarks/S06/VSL_ALPHA_S06_T_REP04.npz,data/vsl_alphabet_pilot/videos/S06/VSL_ALPHA_S06_T_REP04.mp4,train
VSL_ALPHA_S06_T_REP05,S06,T,letter,Right,5,30,90,data/vsl_alphabet_pilot/landmarks/S06/VSL_ALPHA_S06_T_REP05.npz,data/vsl_alphabet_pilot/videos/S06/VSL_ALPHA_S06_T_REP05.mp4,train
VSL_ALPHA_S06_U_REP01,S06,U,letter,Right,1,30,90,data/vsl_alphabet_pilot/landmarks/S06/VSL_ALPHA_S06_U_REP01.npz,data/vsl_alphabet_pilot/videos/S06/VSL_ALPHA_S06_U_REP01.mp4,train
VSL_ALPHA_S06_U_REP02,S06,U,letter,Right,2,30,90,data/vsl_alphabet_pilot/landmarks/S06/VSL_ALPHA_S06_U_REP02.npz,data/vsl_alphabet_pilot/videos/S06/VSL_ALPHA_S06_U_REP02.mp4,train
VSL_ALPHA_S06_U_REP03,S06,U,letter,Right,3,30,90,data/vsl_alphabet_pilot/landmarks/S06/VSL_ALPHA_S06_U_REP03.npz,data/vsl_alphabet_pilot/videos/S06/VSL_ALPHA_S06_U_REP03.mp4,train
VSL_ALPHA_S06_U_REP04,S06,U,letter,Right,4,30,90,data/vsl_alphabet_pilot/landmarks/S06/VSL_ALPHA_S06_U_REP04.npz,data/vsl_alphabet_pilot/videos/S06/VSL_ALPHA_S06_U_REP04.mp4,train
VSL_ALPHA_S06_U_REP05,S06,U,letter,Right,5,30,90,data/vsl_alphabet_pilot/landmarks/S06/VSL_ALPHA_S06_U_REP05.npz,data/vsl_alphabet_pilot/videos/S06/VSL_ALPHA_S06_U_REP05.mp4,train
VSL_ALPHA_S06_V_REP01,S06,V,letter,Right,1,30,90,data/vsl_alphabet_pilot/landmarks/S06/VSL_ALPHA_S06_V_REP01.npz,data/vsl_alphabet_pilot/videos/S06/VSL_ALPHA_S06_V_REP01.mp4,train
VSL_ALPHA_S06_V_REP02,S06,V,letter,Right,2,30,90,data/vsl_alphabet_pilot/landmarks/S06/VSL_ALPHA_S06_V_REP02.npz,data/vsl_alphabet_pilot/videos/S06/VSL_ALPHA_S06_V_REP02.mp4,train
VSL_ALPHA_S06_V_REP03,S06,V,letter,Right,3,30,90,data/vsl_alphabet_pilot/landmarks/S06/VSL_ALPHA_S06_V_REP03.npz,data/vsl_alphabet_pilot/videos/S06/VSL_ALPHA_S06_V_REP03.mp4,train
VSL_ALPHA_S06_V_REP04,S06,V,letter,Right,4,30,90,data/vsl_alphabet_pilot/landmarks/S06/VSL_ALPHA_S06_V_REP04.npz,data/vsl_alphabet_pilot/videos/S06/VSL_ALPHA_S06_V_REP04.mp4,train
VSL_ALPHA_S06_V_REP05,S06,V,letter,Right,5,30,90,data/vsl_alphabet_pilot/landmarks/S06/VSL_ALPHA_S06_V_REP05.npz,data/vsl_alphabet_pilot/videos/S06/VSL_ALPHA_S06_V_REP05.mp4,train
VSL_ALPHA_S06_X_REP01,S06,X,letter,Right,1,30,90,data/vsl_alphabet_pilot/landmarks/S06/VSL_ALPHA_S06_X_REP01.npz,data/vsl_alphabet_pilot/videos/S06/VSL_ALPHA_S06_X_REP01.mp4,train
VSL_ALPHA_S06_X_REP02,S06,X,letter,Right,2,30,90,data/vsl_alphabet_pilot/landmarks/S06/VSL_ALPHA_S06_X_REP02.npz,data/vsl_alphabet_pilot/videos/S06/VSL_ALPHA_S06_X_REP02.mp4,train
VSL_ALPHA_S06_X_REP03,S06,X,letter,Right,3,30,90,data/vsl_alphabet_pilot/landmarks/S06/VSL_ALPHA_S06_X_REP03.npz,data/vsl_alphabet_pilot/videos/S06/VSL_ALPHA_S06_X_REP03.mp4,train
VSL_ALPHA_S06_X_REP04,S06,X,letter,Right,4,30,90,data/vsl_alphabet_pilot/landmarks/S06/VSL_ALPHA_S06_X_REP04.npz,data/vsl_alphabet_pilot/videos/S06/VSL_ALPHA_S06_X_REP04.mp4,train
VSL_ALPHA_S06_X_REP05,S06,X,letter,Right,5,30,90,data/vsl_alphabet_pilot/landmarks/S06/VSL_ALPHA_S06_X_REP05.npz,data/vsl_alphabet_pilot/videos/S06/VSL_ALPHA_S06_X_REP05.mp4,train
VSL_ALPHA_S06_Y_REP01,S06,Y,letter,Right,1,30,90,data/vsl_alphabet_pilot/landmarks/S06/VSL_ALPHA_S06_Y_REP01.npz,data/vsl_alphabet_pilot/videos/S06/VSL_ALPHA_S06_Y_REP01.mp4,train
VSL_ALPHA_S06_Y_REP02,S06,Y,letter,Right,2,30,90,data/vsl_alphabet_pilot/landmarks/S06/VSL_ALPHA_S06_Y_REP02.npz,data/vsl_alphabet_pilot/videos/S06/VSL_ALPHA_S06_Y_REP02.mp4,train
VSL_ALPHA_S06_Y_REP03,S06,Y,letter,Right,3,30,90,data/vsl_alphabet_pilot/landmarks/S06/VSL_ALPHA_S06_Y_REP03.npz,data/vsl_alphabet_pilot/videos/S06/VSL_ALPHA_S06_Y_REP03.mp4,train
VSL_ALPHA_S06_Y_REP04,S06,Y,letter,Right,4,30,90,data/vsl_alphabet_pilot/landmarks/S06/VSL_ALPHA_S06_Y_REP04.npz,data/vsl_alphabet_pilot/videos/S06/VSL_ALPHA_S06_Y_REP04.mp4,train
VSL_ALPHA_S06_Y_REP05,S06,Y,letter,Right,5,30,90,data/vsl_alphabet_pilot/landmarks/S06/VSL_ALPHA_S06_Y_REP05.npz,data/vsl_alphabet_pilot/videos/S06/VSL_ALPHA_S06_Y_REP05.mp4,train
VSL_ALPHA_S06_Dau_mu_REP01,S06,Dau_mu,accent,Right,1,30,90,data/vsl_alphabet_pilot/landmarks/S06/VSL_ALPHA_S06_Dau_mu_REP01.npz,data/vsl_alphabet_pilot/videos/S06/VSL_ALPHA_S06_Dau_mu_REP01.mp4,train
VSL_ALPHA_S06_Dau_mu_REP02,S06,Dau_mu,accent,Right,2,30,90,data/vsl_alphabet_pilot/landmarks/S06/VSL_ALPHA_S06_Dau_mu_REP02.npz,data/vsl_alphabet_pilot/videos/S06/VSL_ALPHA_S06_Dau_mu_REP02.mp4,train
VSL_ALPHA_S06_Dau_mu_REP03,S06,Dau_mu,accent,Right,3,30,90,data/vsl_alphabet_pilot/landmarks/S06/VSL_ALPHA_S06_Dau_mu_REP03.npz,data/vsl_alphabet_pilot/videos/S06/VSL_ALPHA_S06_Dau_mu_REP03.mp4,train
VSL_ALPHA_S06_Dau_mu_REP04,S06,Dau_mu,accent,Right,4,30,90,data/vsl_alphabet_pilot/landmarks/S06/VSL_ALPHA_S06_Dau_mu_REP04.npz,data/vsl_alphabet_pilot/videos/S06/VSL_ALPHA_S06_Dau_mu_REP04.mp4,train
VSL_ALPHA_S06_Dau_mu_REP05,S06,Dau_mu,accent,Right,5,30,90,data/vsl_alphabet_pilot/landmarks/S06/VSL_ALPHA_S06_Dau_mu_REP05.npz,data/vsl_alphabet_pilot/videos/S06/VSL_ALPHA_S06_Dau_mu_REP05.mp4,train
VSL_ALPHA_S06_Dau_moc_REP01,S06,Dau_moc,accent,Right,1,30,90,data/vsl_alphabet_pilot/landmarks/S06/VSL_ALPHA_S06_Dau_moc_REP01.npz,data/vsl_alphabet_pilot/videos/S06/VSL_ALPHA_S06_Dau_moc_REP01.mp4,train
VSL_ALPHA_S06_Dau_moc_REP02,S06,Dau_moc,accent,Right,2,30,90,data/vsl_alphabet_pilot/landmarks/S06/VSL_ALPHA_S06_Dau_moc_REP02.npz,data/vsl_alphabet_pilot/videos/S06/VSL_ALPHA_S06_Dau_moc_REP02.mp4,train
VSL_ALPHA_S06_Dau_moc_REP03,S06,Dau_moc,accent,Right,3,30,90,data/vsl_alphabet_pilot/landmarks/S06/VSL_ALPHA_S06_Dau_moc_REP03.npz,data/vsl_alphabet_pilot/videos/S06/VSL_ALPHA_S06_Dau_moc_REP03.mp4,train
VSL_ALPHA_S06_Dau_moc_REP04,S06,Dau_moc,accent,Right,4,30,90,data/vsl_alphabet_pilot/landmarks/S06/VSL_ALPHA_S06_Dau_moc_REP04.npz,data/vsl_alphabet_pilot/videos/S06/VSL_ALPHA_S06_Dau_moc_REP04.mp4,train
VSL_ALPHA_S06_Dau_moc_REP05,S06,Dau_moc,accent,Right,5,30,90,data/vsl_alphabet_pilot/landmarks/S06/VSL_ALPHA_S06_Dau_moc_REP05.npz,data/vsl_alphabet_pilot/videos/S06/VSL_ALPHA_S06_Dau_moc_REP05.mp4,train
VSL_ALPHA_S07_A_REP01,S07,A,letter,Right,1,30,90,data/vsl_alphabet_pilot/landmarks/S07/VSL_ALPHA_S07_A_REP01.npz,data/vsl_alphabet_pilot/videos/S07/VSL_ALPHA_S07_A_REP01.mp4,train
VSL_ALPHA_S07_A_REP02,S07,A,letter,Right,2,30,90,data/vsl_alphabet_pilot/landmarks/S07/VSL_ALPHA_S07_A_REP02.npz,data/vsl_alphabet_pilot/videos/S07/VSL_ALPHA_S07_A_REP02.mp4,train
VSL_ALPHA_S07_A_REP03,S07,A,letter,Right,3,30,90,data/vsl_alphabet_pilot/landmarks/S07/VSL_ALPHA_S07_A_REP03.npz,data/vsl_alphabet_pilot/videos/S07/VSL_ALPHA_S07_A_REP03.mp4,train
VSL_ALPHA_S07_A_REP04,S07,A,letter,Right,4,30,90,data/vsl_alphabet_pilot/landmarks/S07/VSL_ALPHA_S07_A_REP04.npz,data/vsl_alphabet_pilot/videos/S07/VSL_ALPHA_S07_A_REP04.mp4,train
VSL_ALPHA_S07_A_REP05,S07,A,letter,Right,5,30,90,data/vsl_alphabet_pilot/landmarks/S07/VSL_ALPHA_S07_A_REP05.npz,data/vsl_alphabet_pilot/videos/S07/VSL_ALPHA_S07_A_REP05.mp4,train
VSL_ALPHA_S07_B_REP01,S07,B,letter,Right,1,30,90,data/vsl_alphabet_pilot/landmarks/S07/VSL_ALPHA_S07_B_REP01.npz,data/vsl_alphabet_pilot/videos/S07/VSL_ALPHA_S07_B_REP01.mp4,train
VSL_ALPHA_S07_B_REP02,S07,B,letter,Right,2,30,90,data/vsl_alphabet_pilot/landmarks/S07/VSL_ALPHA_S07_B_REP02.npz,data/vsl_alphabet_pilot/videos/S07/VSL_ALPHA_S07_B_REP02.mp4,train
VSL_ALPHA_S07_B_REP03,S07,B,letter,Right,3,30,90,data/vsl_alphabet_pilot/landmarks/S07/VSL_ALPHA_S07_B_REP03.npz,data/vsl_alphabet_pilot/videos/S07/VSL_ALPHA_S07_B_REP03.mp4,train
VSL_ALPHA_S07_B_REP04,S07,B,letter,Right,4,30,90,data/vsl_alphabet_pilot/landmarks/S07/VSL_ALPHA_S07_B_REP04.npz,data/vsl_alphabet_pilot/videos/S07/VSL_ALPHA_S07_B_REP04.mp4,train
VSL_ALPHA_S07_B_REP05,S07,B,letter,Right,5,30,90,data/vsl_alphabet_pilot/landmarks/S07/VSL_ALPHA_S07_B_REP05.npz,data/vsl_alphabet_pilot/videos/S07/VSL_ALPHA_S07_B_REP05.mp4,train
VSL_ALPHA_S07_C_REP01,S07,C,letter,Right,1,30,90,data/vsl_alphabet_pilot/landmarks/S07/VSL_ALPHA_S07_C_REP01.npz,data/vsl_alphabet_pilot/videos/S07/VSL_ALPHA_S07_C_REP01.mp4,train
VSL_ALPHA_S07_C_REP02,S07,C,letter,Right,2,30,90,data/vsl_alphabet_pilot/landmarks/S07/VSL_ALPHA_S07_C_REP02.npz,data/vsl_alphabet_pilot/videos/S07/VSL_ALPHA_S07_C_REP02.mp4,train
VSL_ALPHA_S07_C_REP03,S07,C,letter,Right,3,30,90,data/vsl_alphabet_pilot/landmarks/S07/VSL_ALPHA_S07_C_REP03.npz,data/vsl_alphabet_pilot/videos/S07/VSL_ALPHA_S07_C_REP03.mp4,train
VSL_ALPHA_S07_C_REP04,S07,C,letter,Right,4,30,90,data/vsl_alphabet_pilot/landmarks/S07/VSL_ALPHA_S07_C_REP04.npz,data/vsl_alphabet_pilot/videos/S07/VSL_ALPHA_S07_C_REP04.mp4,train
VSL_ALPHA_S07_C_REP05,S07,C,letter,Right,5,30,90,data/vsl_alphabet_pilot/landmarks/S07/VSL_ALPHA_S07_C_REP05.npz,data/vsl_alphabet_pilot/videos/S07/VSL_ALPHA_S07_C_REP05.mp4,train
VSL_ALPHA_S07_D_REP01,S07,D,letter,Right,1,30,90,data/vsl_alphabet_pilot/landmarks/S07/VSL_ALPHA_S07_D_REP01.npz,data/vsl_alphabet_pilot/videos/S07/VSL_ALPHA_S07_D_REP01.mp4,train
VSL_ALPHA_S07_D_REP02,S07,D,letter,Right,2,30,90,data/vsl_alphabet_pilot/landmarks/S07/VSL_ALPHA_S07_D_REP02.npz,data/vsl_alphabet_pilot/videos/S07/VSL_ALPHA_S07_D_REP02.mp4,train
VSL_ALPHA_S07_D_REP03,S07,D,letter,Right,3,30,90,data/vsl_alphabet_pilot/landmarks/S07/VSL_ALPHA_S07_D_REP03.npz,data/vsl_alphabet_pilot/videos/S07/VSL_ALPHA_S07_D_REP03.mp4,train
VSL_ALPHA_S07_D_REP04,S07,D,letter,Right,4,30,90,data/vsl_alphabet_pilot/landmarks/S07/VSL_ALPHA_S07_D_REP04.npz,data/vsl_alphabet_pilot/videos/S07/VSL_ALPHA_S07_D_REP04.mp4,train
VSL_ALPHA_S07_D_REP05,S07,D,letter,Right,5,30,90,data/vsl_alphabet_pilot/landmarks/S07/VSL_ALPHA_S07_D_REP05.npz,data/vsl_alphabet_pilot/videos/S07/VSL_ALPHA_S07_D_REP05.mp4,train
VSL_ALPHA_S07_Đ_REP01,S07,Đ,letter,Right,1,30,90,data/vsl_alphabet_pilot/landmarks/S07/VSL_ALPHA_S07_Đ_REP01.npz,data/vsl_alphabet_pilot/videos/S07/VSL_ALPHA_S07_Đ_REP01.mp4,train
VSL_ALPHA_S07_Đ_REP02,S07,Đ,letter,Right,2,30,90,data/vsl_alphabet_pilot/landmarks/S07/VSL_ALPHA_S07_Đ_REP02.npz,data/vsl_alphabet_pilot/videos/S07/VSL_ALPHA_S07_Đ_REP02.mp4,train
VSL_ALPHA_S07_Đ_REP03,S07,Đ,letter,Right,3,30,90,data/vsl_alphabet_pilot/landmarks/S07/VSL_ALPHA_S07_Đ_REP03.npz,data/vsl_alphabet_pilot/videos/S07/VSL_ALPHA_S07_Đ_REP03.mp4,train
VSL_ALPHA_S07_Đ_REP04,S07,Đ,letter,Right,4,30,90,data/vsl_alphabet_pilot/landmarks/S07/VSL_ALPHA_S07_Đ_REP04.npz,data/vsl_alphabet_pilot/videos/S07/VSL_ALPHA_S07_Đ_REP04.mp4,train
VSL_ALPHA_S07_Đ_REP05,S07,Đ,letter,Right,5,30,90,data/vsl_alphabet_pilot/landmarks/S07/VSL_ALPHA_S07_Đ_REP05.npz,data/vsl_alphabet_pilot/videos/S07/VSL_ALPHA_S07_Đ_REP05.mp4,train
VSL_ALPHA_S07_E_REP01,S07,E,letter,Right,1,30,90,data/vsl_alphabet_pilot/landmarks/S07/VSL_ALPHA_S07_E_REP01.npz,data/vsl_alphabet_pilot/videos/S07/VSL_ALPHA_S07_E_REP01.mp4,train
VSL_ALPHA_S07_E_REP02,S07,E,letter,Right,2,30,90,data/vsl_alphabet_pilot/landmarks/S07/VSL_ALPHA_S07_E_REP02.npz,data/vsl_alphabet_pilot/videos/S07/VSL_ALPHA_S07_E_REP02.mp4,train
VSL_ALPHA_S07_E_REP03,S07,E,letter,Right,3,30,90,data/vsl_alphabet_pilot/landmarks/S07/VSL_ALPHA_S07_E_REP03.npz,data/vsl_alphabet_pilot/videos/S07/VSL_ALPHA_S07_E_REP03.mp4,train
VSL_ALPHA_S07_E_REP04,S07,E,letter,Right,4,30,90,data/vsl_alphabet_pilot/landmarks/S07/VSL_ALPHA_S07_E_REP04.npz,data/vsl_alphabet_pilot/videos/S07/VSL_ALPHA_S07_E_REP04.mp4,train
VSL_ALPHA_S07_E_REP05,S07,E,letter,Right,5,30,90,data/vsl_alphabet_pilot/landmarks/S07/VSL_ALPHA_S07_E_REP05.npz,data/vsl_alphabet_pilot/videos/S07/VSL_ALPHA_S07_E_REP05.mp4,train
VSL_ALPHA_S07_G_REP01,S07,G,letter,Right,1,30,90,data/vsl_alphabet_pilot/landmarks/S07/VSL_ALPHA_S07_G_REP01.npz,data/vsl_alphabet_pilot/videos/S07/VSL_ALPHA_S07_G_REP01.mp4,train
VSL_ALPHA_S07_G_REP02,S07,G,letter,Right,2,30,90,data/vsl_alphabet_pilot/landmarks/S07/VSL_ALPHA_S07_G_REP02.npz,data/vsl_alphabet_pilot/videos/S07/VSL_ALPHA_S07_G_REP02.mp4,train
VSL_ALPHA_S07_G_REP03,S07,G,letter,Right,3,30,90,data/vsl_alphabet_pilot/landmarks/S07/VSL_ALPHA_S07_G_REP03.npz,data/vsl_alphabet_pilot/videos/S07/VSL_ALPHA_S07_G_REP03.mp4,train
VSL_ALPHA_S07_G_REP04,S07,G,letter,Right,4,30,90,data/vsl_alphabet_pilot/landmarks/S07/VSL_ALPHA_S07_G_REP04.npz,data/vsl_alphabet_pilot/videos/S07/VSL_ALPHA_S07_G_REP04.mp4,train
VSL_ALPHA_S07_G_REP05,S07,G,letter,Right,5,30,90,data/vsl_alphabet_pilot/landmarks/S07/VSL_ALPHA_S07_G_REP05.npz,data/vsl_alphabet_pilot/videos/S07/VSL_ALPHA_S07_G_REP05.mp4,train
VSL_ALPHA_S07_H_REP01,S07,H,letter,Right,1,30,90,data/vsl_alphabet_pilot/landmarks/S07/VSL_ALPHA_S07_H_REP01.npz,data/vsl_alphabet_pilot/videos/S07/VSL_ALPHA_S07_H_REP01.mp4,train
VSL_ALPHA_S07_H_REP02,S07,H,letter,Right,2,30,90,data/vsl_alphabet_pilot/landmarks/S07/VSL_ALPHA_S07_H_REP02.npz,data/vsl_alphabet_pilot/videos/S07/VSL_ALPHA_S07_H_REP02.mp4,train
VSL_ALPHA_S07_H_REP03,S07,H,letter,Right,3,30,90,data/vsl_alphabet_pilot/landmarks/S07/VSL_ALPHA_S07_H_REP03.npz,data/vsl_alphabet_pilot/videos/S07/VSL_ALPHA_S07_H_REP03.mp4,train
VSL_ALPHA_S07_H_REP04,S07,H,letter,Right,4,30,90,data/vsl_alphabet_pilot/landmarks/S07/VSL_ALPHA_S07_H_REP04.npz,data/vsl_alphabet_pilot/videos/S07/VSL_ALPHA_S07_H_REP04.mp4,train
VSL_ALPHA_S07_H_REP05,S07,H,letter,Right,5,30,90,data/vsl_alphabet_pilot/landmarks/S07/VSL_ALPHA_S07_H_REP05.npz,data/vsl_alphabet_pilot/videos/S07/VSL_ALPHA_S07_H_REP05.mp4,train
VSL_ALPHA_S07_I_REP01,S07,I,letter,Right,1,30,90,data/vsl_alphabet_pilot/landmarks/S07/VSL_ALPHA_S07_I_REP01.npz,data/vsl_alphabet_pilot/videos/S07/VSL_ALPHA_S07_I_REP01.mp4,train
VSL_ALPHA_S07_I_REP02,S07,I,letter,Right,2,30,90,data/vsl_alphabet_pilot/landmarks/S07/VSL_ALPHA_S07_I_REP02.npz,data/vsl_alphabet_pilot/videos/S07/VSL_ALPHA_S07_I_REP02.mp4,train
VSL_ALPHA_S07_I_REP03,S07,I,letter,Right,3,30,90,data/vsl_alphabet_pilot/landmarks/S07/VSL_ALPHA_S07_I_REP03.npz,data/vsl_alphabet_pilot/videos/S07/VSL_ALPHA_S07_I_REP03.mp4,train
VSL_ALPHA_S07_I_REP04,S07,I,letter,Right,4,30,90,data/vsl_alphabet_pilot/landmarks/S07/VSL_ALPHA_S07_I_REP04.npz,data/vsl_alphabet_pilot/videos/S07/VSL_ALPHA_S07_I_REP04.mp4,train
VSL_ALPHA_S07_I_REP05,S07,I,letter,Right,5,30,90,data/vsl_alphabet_pilot/landmarks/S07/VSL_ALPHA_S07_I_REP05.npz,data/vsl_alphabet_pilot/videos/S07/VSL_ALPHA_S07_I_REP05.mp4,train
VSL_ALPHA_S07_K_REP01,S07,K,letter,Right,1,30,90,data/vsl_alphabet_pilot/landmarks/S07/VSL_ALPHA_S07_K_REP01.npz,data/vsl_alphabet_pilot/videos/S07/VSL_ALPHA_S07_K_REP01.mp4,train
VSL_ALPHA_S07_K_REP02,S07,K,letter,Right,2,30,90,data/vsl_alphabet_pilot/landmarks/S07/VSL_ALPHA_S07_K_REP02.npz,data/vsl_alphabet_pilot/videos/S07/VSL_ALPHA_S07_K_REP02.mp4,train
VSL_ALPHA_S07_K_REP03,S07,K,letter,Right,3,30,90,data/vsl_alphabet_pilot/landmarks/S07/VSL_ALPHA_S07_K_REP03.npz,data/vsl_alphabet_pilot/videos/S07/VSL_ALPHA_S07_K_REP03.mp4,train
VSL_ALPHA_S07_K_REP04,S07,K,letter,Right,4,30,90,data/vsl_alphabet_pilot/landmarks/S07/VSL_ALPHA_S07_K_REP04.npz,data/vsl_alphabet_pilot/videos/S07/VSL_ALPHA_S07_K_REP04.mp4,train
VSL_ALPHA_S07_K_REP05,S07,K,letter,Right,5,30,90,data/vsl_alphabet_pilot/landmarks/S07/VSL_ALPHA_S07_K_REP05.npz,data/vsl_alphabet_pilot/videos/S07/VSL_ALPHA_S07_K_REP05.mp4,train
VSL_ALPHA_S07_L_REP01,S07,L,letter,Right,1,30,90,data/vsl_alphabet_pilot/landmarks/S07/VSL_ALPHA_S07_L_REP01.npz,data/vsl_alphabet_pilot/videos/S07/VSL_ALPHA_S07_L_REP01.mp4,train
VSL_ALPHA_S07_L_REP02,S07,L,letter,Right,2,30,90,data/vsl_alphabet_pilot/landmarks/S07/VSL_ALPHA_S07_L_REP02.npz,data/vsl_alphabet_pilot/videos/S07/VSL_ALPHA_S07_L_REP02.mp4,train
VSL_ALPHA_S07_L_REP03,S07,L,letter,Right,3,30,90,data/vsl_alphabet_pilot/landmarks/S07/VSL_ALPHA_S07_L_REP03.npz,data/vsl_alphabet_pilot/videos/S07/VSL_ALPHA_S07_L_REP03.mp4,train
VSL_ALPHA_S07_L_REP04,S07,L,letter,Right,4,30,90,data/vsl_alphabet_pilot/landmarks/S07/VSL_ALPHA_S07_L_REP04.npz,data/vsl_alphabet_pilot/videos/S07/VSL_ALPHA_S07_L_REP04.mp4,train
VSL_ALPHA_S07_L_REP05,S07,L,letter,Right,5,30,90,data/vsl_alphabet_pilot/landmarks/S07/VSL_ALPHA_S07_L_REP05.npz,data/vsl_alphabet_pilot/videos/S07/VSL_ALPHA_S07_L_REP05.mp4,train
VSL_ALPHA_S07_M_REP01,S07,M,letter,Right,1,30,90,data/vsl_alphabet_pilot/landmarks/S07/VSL_ALPHA_S07_M_REP01.npz,data/vsl_alphabet_pilot/videos/S07/VSL_ALPHA_S07_M_REP01.mp4,train
VSL_ALPHA_S07_M_REP02,S07,M,letter,Right,2,30,90,data/vsl_alphabet_pilot/landmarks/S07/VSL_ALPHA_S07_M_REP02.npz,data/vsl_alphabet_pilot/videos/S07/VSL_ALPHA_S07_M_REP02.mp4,train
VSL_ALPHA_S07_M_REP03,S07,M,letter,Right,3,30,90,data/vsl_alphabet_pilot/landmarks/S07/VSL_ALPHA_S07_M_REP03.npz,data/vsl_alphabet_pilot/videos/S07/VSL_ALPHA_S07_M_REP03.mp4,train
VSL_ALPHA_S07_M_REP04,S07,M,letter,Right,4,30,90,data/vsl_alphabet_pilot/landmarks/S07/VSL_ALPHA_S07_M_REP04.npz,data/vsl_alphabet_pilot/videos/S07/VSL_ALPHA_S07_M_REP04.mp4,train
VSL_ALPHA_S07_M_REP05,S07,M,letter,Right,5,30,90,data/vsl_alphabet_pilot/landmarks/S07/VSL_ALPHA_S07_M_REP05.npz,data/vsl_alphabet_pilot/videos/S07/VSL_ALPHA_S07_M_REP05.mp4,train
VSL_ALPHA_S07_N_REP01,S07,N,letter,Right,1,30,90,data/vsl_alphabet_pilot/landmarks/S07/VSL_ALPHA_S07_N_REP01.npz,data/vsl_alphabet_pilot/videos/S07/VSL_ALPHA_S07_N_REP01.mp4,train
VSL_ALPHA_S07_N_REP02,S07,N,letter,Right,2,30,90,data/vsl_alphabet_pilot/landmarks/S07/VSL_ALPHA_S07_N_REP02.npz,data/vsl_alphabet_pilot/videos/S07/VSL_ALPHA_S07_N_REP02.mp4,train
VSL_ALPHA_S07_N_REP03,S07,N,letter,Right,3,30,90,data/vsl_alphabet_pilot/landmarks/S07/VSL_ALPHA_S07_N_REP03.npz,data/vsl_alphabet_pilot/videos/S07/VSL_ALPHA_S07_N_REP03.mp4,train
VSL_ALPHA_S07_N_REP04,S07,N,letter,Right,4,30,90,data/vsl_alphabet_pilot/landmarks/S07/VSL_ALPHA_S07_N_REP04.npz,data/vsl_alphabet_pilot/videos/S07/VSL_ALPHA_S07_N_REP04.mp4,train
VSL_ALPHA_S07_N_REP05,S07,N,letter,Right,5,30,90,data/vsl_alphabet_pilot/landmarks/S07/VSL_ALPHA_S07_N_REP05.npz,data/vsl_alphabet_pilot/videos/S07/VSL_ALPHA_S07_N_REP05.mp4,train
VSL_ALPHA_S07_O_REP01,S07,O,letter,Right,1,30,90,data/vsl_alphabet_pilot/landmarks/S07/VSL_ALPHA_S07_O_REP01.npz,data/vsl_alphabet_pilot/videos/S07/VSL_ALPHA_S07_O_REP01.mp4,train
VSL_ALPHA_S07_O_REP02,S07,O,letter,Right,2,30,90,data/vsl_alphabet_pilot/landmarks/S07/VSL_ALPHA_S07_O_REP02.npz,data/vsl_alphabet_pilot/videos/S07/VSL_ALPHA_S07_O_REP02.mp4,train
VSL_ALPHA_S07_O_REP03,S07,O,letter,Right,3,30,90,data/vsl_alphabet_pilot/landmarks/S07/VSL_ALPHA_S07_O_REP03.npz,data/vsl_alphabet_pilot/videos/S07/VSL_ALPHA_S07_O_REP03.mp4,train
VSL_ALPHA_S07_O_REP04,S07,O,letter,Right,4,30,90,data/vsl_alphabet_pilot/landmarks/S07/VSL_ALPHA_S07_O_REP04.npz,data/vsl_alphabet_pilot/videos/S07/VSL_ALPHA_S07_O_REP04.mp4,train
VSL_ALPHA_S07_O_REP05,S07,O,letter,Right,5,30,90,data/vsl_alphabet_pilot/landmarks/S07/VSL_ALPHA_S07_O_REP05.npz,data/vsl_alphabet_pilot/videos/S07/VSL_ALPHA_S07_O_REP05.mp4,train
VSL_ALPHA_S07_P_REP01,S07,P,letter,Right,1,30,90,data/vsl_alphabet_pilot/landmarks/S07/VSL_ALPHA_S07_P_REP01.npz,data/vsl_alphabet_pilot/videos/S07/VSL_ALPHA_S07_P_REP01.mp4,train
VSL_ALPHA_S07_P_REP02,S07,P,letter,Right,2,30,90,data/vsl_alphabet_pilot/landmarks/S07/VSL_ALPHA_S07_P_REP02.npz,data/vsl_alphabet_pilot/videos/S07/VSL_ALPHA_S07_P_REP02.mp4,train
VSL_ALPHA_S07_P_REP03,S07,P,letter,Right,3,30,90,data/vsl_alphabet_pilot/landmarks/S07/VSL_ALPHA_S07_P_REP03.npz,data/vsl_alphabet_pilot/videos/S07/VSL_ALPHA_S07_P_REP03.mp4,train
VSL_ALPHA_S07_P_REP04,S07,P,letter,Right,4,30,90,data/vsl_alphabet_pilot/landmarks/S07/VSL_ALPHA_S07_P_REP04.npz,data/vsl_alphabet_pilot/videos/S07/VSL_ALPHA_S07_P_REP04.mp4,train
VSL_ALPHA_S07_P_REP05,S07,P,letter,Right,5,30,90,data/vsl_alphabet_pilot/landmarks/S07/VSL_ALPHA_S07_P_REP05.npz,data/vsl_alphabet_pilot/videos/S07/VSL_ALPHA_S07_P_REP05.mp4,train
VSL_ALPHA_S07_Q_REP01,S07,Q,letter,Right,1,30,90,data/vsl_alphabet_pilot/landmarks/S07/VSL_ALPHA_S07_Q_REP01.npz,data/vsl_alphabet_pilot/videos/S07/VSL_ALPHA_S07_Q_REP01.mp4,train
VSL_ALPHA_S07_Q_REP02,S07,Q,letter,Right,2,30,90,data/vsl_alphabet_pilot/landmarks/S07/VSL_ALPHA_S07_Q_REP02.npz,data/vsl_alphabet_pilot/videos/S07/VSL_ALPHA_S07_Q_REP02.mp4,train
VSL_ALPHA_S07_Q_REP03,S07,Q,letter,Right,3,30,90,data/vsl_alphabet_pilot/landmarks/S07/VSL_ALPHA_S07_Q_REP03.npz,data/vsl_alphabet_pilot/videos/S07/VSL_ALPHA_S07_Q_REP03.mp4,train
VSL_ALPHA_S07_Q_REP04,S07,Q,letter,Right,4,30,90,data/vsl_alphabet_pilot/landmarks/S07/VSL_ALPHA_S07_Q_REP04.npz,data/vsl_alphabet_pilot/videos/S07/VSL_ALPHA_S07_Q_REP04.mp4,train
VSL_ALPHA_S07_Q_REP05,S07,Q,letter,Right,5,30,90,data/vsl_alphabet_pilot/landmarks/S07/VSL_ALPHA_S07_Q_REP05.npz,data/vsl_alphabet_pilot/videos/S07/VSL_ALPHA_S07_Q_REP05.mp4,train
VSL_ALPHA_S07_R_REP01,S07,R,letter,Right,1,30,90,data/vsl_alphabet_pilot/landmarks/S07/VSL_ALPHA_S07_R_REP01.npz,data/vsl_alphabet_pilot/videos/S07/VSL_ALPHA_S07_R_REP01.mp4,train
VSL_ALPHA_S07_R_REP02,S07,R,letter,Right,2,30,90,data/vsl_alphabet_pilot/landmarks/S07/VSL_ALPHA_S07_R_REP02.npz,data/vsl_alphabet_pilot/videos/S07/VSL_ALPHA_S07_R_REP02.mp4,train
VSL_ALPHA_S07_R_REP03,S07,R,letter,Right,3,30,90,data/vsl_alphabet_pilot/landmarks/S07/VSL_ALPHA_S07_R_REP03.npz,data/vsl_alphabet_pilot/videos/S07/VSL_ALPHA_S07_R_REP03.mp4,train
VSL_ALPHA_S07_R_REP04,S07,R,letter,Right,4,30,90,data/vsl_alphabet_pilot/landmarks/S07/VSL_ALPHA_S07_R_REP04.npz,data/vsl_alphabet_pilot/videos/S07/VSL_ALPHA_S07_R_REP04.mp4,train
VSL_ALPHA_S07_R_REP05,S07,R,letter,Right,5,30,90,data/vsl_alphabet_pilot/landmarks/S07/VSL_ALPHA_S07_R_REP05.npz,data/vsl_alphabet_pilot/videos/S07/VSL_ALPHA_S07_R_REP05.mp4,train
VSL_ALPHA_S07_S_REP01,S07,S,letter,Right,1,30,90,data/vsl_alphabet_pilot/landmarks/S07/VSL_ALPHA_S07_S_REP01.npz,data/vsl_alphabet_pilot/videos/S07/VSL_ALPHA_S07_S_REP01.mp4,train
VSL_ALPHA_S07_S_REP02,S07,S,letter,Right,2,30,90,data/vsl_alphabet_pilot/landmarks/S07/VSL_ALPHA_S07_S_REP02.npz,data/vsl_alphabet_pilot/videos/S07/VSL_ALPHA_S07_S_REP02.mp4,train
VSL_ALPHA_S07_S_REP03,S07,S,letter,Right,3,30,90,data/vsl_alphabet_pilot/landmarks/S07/VSL_ALPHA_S07_S_REP03.npz,data/vsl_alphabet_pilot/videos/S07/VSL_ALPHA_S07_S_REP03.mp4,train
VSL_ALPHA_S07_S_REP04,S07,S,letter,Right,4,30,90,data/vsl_alphabet_pilot/landmarks/S07/VSL_ALPHA_S07_S_REP04.npz,data/vsl_alphabet_pilot/videos/S07/VSL_ALPHA_S07_S_REP04.mp4,train
VSL_ALPHA_S07_S_REP05,S07,S,letter,Right,5,30,90,data/vsl_alphabet_pilot/landmarks/S07/VSL_ALPHA_S07_S_REP05.npz,data/vsl_alphabet_pilot/videos/S07/VSL_ALPHA_S07_S_REP05.mp4,train
VSL_ALPHA_S07_T_REP01,S07,T,letter,Right,1,30,90,data/vsl_alphabet_pilot/landmarks/S07/VSL_ALPHA_S07_T_REP01.npz,data/vsl_alphabet_pilot/videos/S07/VSL_ALPHA_S07_T_REP01.mp4,train
VSL_ALPHA_S07_T_REP02,S07,T,letter,Right,2,30,90,data/vsl_alphabet_pilot/landmarks/S07/VSL_ALPHA_S07_T_REP02.npz,data/vsl_alphabet_pilot/videos/S07/VSL_ALPHA_S07_T_REP02.mp4,train
VSL_ALPHA_S07_T_REP03,S07,T,letter,Right,3,30,90,data/vsl_alphabet_pilot/landmarks/S07/VSL_ALPHA_S07_T_REP03.npz,data/vsl_alphabet_pilot/videos/S07/VSL_ALPHA_S07_T_REP03.mp4,train
VSL_ALPHA_S07_T_REP04,S07,T,letter,Right,4,30,90,data/vsl_alphabet_pilot/landmarks/S07/VSL_ALPHA_S07_T_REP04.npz,data/vsl_alphabet_pilot/videos/S07/VSL_ALPHA_S07_T_REP04.mp4,train
VSL_ALPHA_S07_T_REP05,S07,T,letter,Right,5,30,90,data/vsl_alphabet_pilot/landmarks/S07/VSL_ALPHA_S07_T_REP05.npz,data/vsl_alphabet_pilot/videos/S07/VSL_ALPHA_S07_T_REP05.mp4,train
VSL_ALPHA_S07_U_REP01,S07,U,letter,Right,1,30,90,data/vsl_alphabet_pilot/landmarks/S07/VSL_ALPHA_S07_U_REP01.npz,data/vsl_alphabet_pilot/videos/S07/VSL_ALPHA_S07_U_REP01.mp4,train
VSL_ALPHA_S07_U_REP02,S07,U,letter,Right,2,30,90,data/vsl_alphabet_pilot/landmarks/S07/VSL_ALPHA_S07_U_REP02.npz,data/vsl_alphabet_pilot/videos/S07/VSL_ALPHA_S07_U_REP02.mp4,train
VSL_ALPHA_S07_U_REP03,S07,U,letter,Right,3,30,90,data/vsl_alphabet_pilot/landmarks/S07/VSL_ALPHA_S07_U_REP03.npz,data/vsl_alphabet_pilot/videos/S07/VSL_ALPHA_S07_U_REP03.mp4,train
VSL_ALPHA_S07_U_REP04,S07,U,letter,Right,4,30,90,data/vsl_alphabet_pilot/landmarks/S07/VSL_ALPHA_S07_U_REP04.npz,data/vsl_alphabet_pilot/videos/S07/VSL_ALPHA_S07_U_REP04.mp4,train
VSL_ALPHA_S07_U_REP05,S07,U,letter,Right,5,30,90,data/vsl_alphabet_pilot/landmarks/S07/VSL_ALPHA_S07_U_REP05.npz,data/vsl_alphabet_pilot/videos/S07/VSL_ALPHA_S07_U_REP05.mp4,train
VSL_ALPHA_S07_V_REP01,S07,V,letter,Right,1,30,90,data/vsl_alphabet_pilot/landmarks/S07/VSL_ALPHA_S07_V_REP01.npz,data/vsl_alphabet_pilot/videos/S07/VSL_ALPHA_S07_V_REP01.mp4,train
VSL_ALPHA_S07_V_REP02,S07,V,letter,Right,2,30,90,data/vsl_alphabet_pilot/landmarks/S07/VSL_ALPHA_S07_V_REP02.npz,data/vsl_alphabet_pilot/videos/S07/VSL_ALPHA_S07_V_REP02.mp4,train
VSL_ALPHA_S07_V_REP03,S07,V,letter,Right,3,30,90,data/vsl_alphabet_pilot/landmarks/S07/VSL_ALPHA_S07_V_REP03.npz,data/vsl_alphabet_pilot/videos/S07/VSL_ALPHA_S07_V_REP03.mp4,train
VSL_ALPHA_S07_V_REP04,S07,V,letter,Right,4,30,90,data/vsl_alphabet_pilot/landmarks/S07/VSL_ALPHA_S07_V_REP04.npz,data/vsl_alphabet_pilot/videos/S07/VSL_ALPHA_S07_V_REP04.mp4,train
VSL_ALPHA_S07_V_REP05,S07,V,letter,Right,5,30,90,data/vsl_alphabet_pilot/landmarks/S07/VSL_ALPHA_S07_V_REP05.npz,data/vsl_alphabet_pilot/videos/S07/VSL_ALPHA_S07_V_REP05.mp4,train
VSL_ALPHA_S07_X_REP01,S07,X,letter,Right,1,30,90,data/vsl_alphabet_pilot/landmarks/S07/VSL_ALPHA_S07_X_REP01.npz,data/vsl_alphabet_pilot/videos/S07/VSL_ALPHA_S07_X_REP01.mp4,train
VSL_ALPHA_S07_X_REP02,S07,X,letter,Right,2,30,90,data/vsl_alphabet_pilot/landmarks/S07/VSL_ALPHA_S07_X_REP02.npz,data/vsl_alphabet_pilot/videos/S07/VSL_ALPHA_S07_X_REP02.mp4,train
VSL_ALPHA_S07_X_REP03,S07,X,letter,Right,3,30,90,data/vsl_alphabet_pilot/landmarks/S07/VSL_ALPHA_S07_X_REP03.npz,data/vsl_alphabet_pilot/videos/S07/VSL_ALPHA_S07_X_REP03.mp4,train
VSL_ALPHA_S07_X_REP04,S07,X,letter,Right,4,30,90,data/vsl_alphabet_pilot/landmarks/S07/VSL_ALPHA_S07_X_REP04.npz,data/vsl_alphabet_pilot/videos/S07/VSL_ALPHA_S07_X_REP04.mp4,train
VSL_ALPHA_S07_X_REP05,S07,X,letter,Right,5,30,90,data/vsl_alphabet_pilot/landmarks/S07/VSL_ALPHA_S07_X_REP05.npz,data/vsl_alphabet_pilot/videos/S07/VSL_ALPHA_S07_X_REP05.mp4,train
VSL_ALPHA_S07_Y_REP01,S07,Y,letter,Right,1,30,90,data/vsl_alphabet_pilot/landmarks/S07/VSL_ALPHA_S07_Y_REP01.npz,data/vsl_alphabet_pilot/videos/S07/VSL_ALPHA_S07_Y_REP01.mp4,train
VSL_ALPHA_S07_Y_REP02,S07,Y,letter,Right,2,30,90,data/vsl_alphabet_pilot/landmarks/S07/VSL_ALPHA_S07_Y_REP02.npz,data/vsl_alphabet_pilot/videos/S07/VSL_ALPHA_S07_Y_REP02.mp4,train
VSL_ALPHA_S07_Y_REP03,S07,Y,letter,Right,3,30,90,data/vsl_alphabet_pilot/landmarks/S07/VSL_ALPHA_S07_Y_REP03.npz,data/vsl_alphabet_pilot/videos/S07/VSL_ALPHA_S07_Y_REP03.mp4,train
VSL_ALPHA_S07_Y_REP04,S07,Y,letter,Right,4,30,90,data/vsl_alphabet_pilot/landmarks/S07/VSL_ALPHA_S07_Y_REP04.npz,data/vsl_alphabet_pilot/videos/S07/VSL_ALPHA_S07_Y_REP04.mp4,train
VSL_ALPHA_S07_Y_REP05,S07,Y,letter,Right,5,30,90,data/vsl_alphabet_pilot/landmarks/S07/VSL_ALPHA_S07_Y_REP05.npz,data/vsl_alphabet_pilot/videos/S07/VSL_ALPHA_S07_Y_REP05.mp4,train
VSL_ALPHA_S07_Dau_mu_REP01,S07,Dau_mu,accent,Right,1,30,90,data/vsl_alphabet_pilot/landmarks/S07/VSL_ALPHA_S07_Dau_mu_REP01.npz,data/vsl_alphabet_pilot/videos/S07/VSL_ALPHA_S07_Dau_mu_REP01.mp4,train
VSL_ALPHA_S07_Dau_mu_REP02,S07,Dau_mu,accent,Right,2,30,90,data/vsl_alphabet_pilot/landmarks/S07/VSL_ALPHA_S07_Dau_mu_REP02.npz,data/vsl_alphabet_pilot/videos/S07/VSL_ALPHA_S07_Dau_mu_REP02.mp4,train
VSL_ALPHA_S07_Dau_mu_REP03,S07,Dau_mu,accent,Right,3,30,90,data/vsl_alphabet_pilot/landmarks/S07/VSL_ALPHA_S07_Dau_mu_REP03.npz,data/vsl_alphabet_pilot/videos/S07/VSL_ALPHA_S07_Dau_mu_REP03.mp4,train
VSL_ALPHA_S07_Dau_mu_REP04,S07,Dau_mu,accent,Right,4,30,90,data/vsl_alphabet_pilot/landmarks/S07/VSL_ALPHA_S07_Dau_mu_REP04.npz,data/vsl_alphabet_pilot/videos/S07/VSL_ALPHA_S07_Dau_mu_REP04.mp4,train
VSL_ALPHA_S07_Dau_mu_REP05,S07,Dau_mu,accent,Right,5,30,90,data/vsl_alphabet_pilot/landmarks/S07/VSL_ALPHA_S07_Dau_mu_REP05.npz,data/vsl_alphabet_pilot/videos/S07/VSL_ALPHA_S07_Dau_mu_REP05.mp4,train
VSL_ALPHA_S07_Dau_moc_REP01,S07,Dau_moc,accent,Right,1,30,90,data/vsl_alphabet_pilot/landmarks/S07/VSL_ALPHA_S07_Dau_moc_REP01.npz,data/vsl_alphabet_pilot/videos/S07/VSL_ALPHA_S07_Dau_moc_REP01.mp4,train
VSL_ALPHA_S07_Dau_moc_REP02,S07,Dau_moc,accent,Right,2,30,90,data/vsl_alphabet_pilot/landmarks/S07/VSL_ALPHA_S07_Dau_moc_REP02.npz,data/vsl_alphabet_pilot/videos/S07/VSL_ALPHA_S07_Dau_moc_REP02.mp4,train
VSL_ALPHA_S07_Dau_moc_REP03,S07,Dau_moc,accent,Right,3,30,90,data/vsl_alphabet_pilot/landmarks/S07/VSL_ALPHA_S07_Dau_moc_REP03.npz,data/vsl_alphabet_pilot/videos/S07/VSL_ALPHA_S07_Dau_moc_REP03.mp4,train
VSL_ALPHA_S07_Dau_moc_REP04,S07,Dau_moc,accent,Right,4,30,90,data/vsl_alphabet_pilot/landmarks/S07/VSL_ALPHA_S07_Dau_moc_REP04.npz,data/vsl_alphabet_pilot/videos/S07/VSL_ALPHA_S07_Dau_moc_REP04.mp4,train
VSL_ALPHA_S07_Dau_moc_REP05,S07,Dau_moc,accent,Right,5,30,90,data/vsl_alphabet_pilot/landmarks/S07/VSL_ALPHA_S07_Dau_moc_REP05.npz,data/vsl_alphabet_pilot/videos/S07/VSL_ALPHA_S07_Dau_moc_REP05.mp4,train
VSL_ALPHA_S08_A_REP01,S08,A,letter,Right,1,30,90,data/vsl_alphabet_pilot/landmarks/S08/VSL_ALPHA_S08_A_REP01.npz,data/vsl_alphabet_pilot/videos/S08/VSL_ALPHA_S08_A_REP01.mp4,train
VSL_ALPHA_S08_A_REP02,S08,A,letter,Right,2,30,90,data/vsl_alphabet_pilot/landmarks/S08/VSL_ALPHA_S08_A_REP02.npz,data/vsl_alphabet_pilot/videos/S08/VSL_ALPHA_S08_A_REP02.mp4,train
VSL_ALPHA_S08_A_REP03,S08,A,letter,Right,3,30,90,data/vsl_alphabet_pilot/landmarks/S08/VSL_ALPHA_S08_A_REP03.npz,data/vsl_alphabet_pilot/videos/S08/VSL_ALPHA_S08_A_REP03.mp4,train
VSL_ALPHA_S08_A_REP04,S08,A,letter,Right,4,30,90,data/vsl_alphabet_pilot/landmarks/S08/VSL_ALPHA_S08_A_REP04.npz,data/vsl_alphabet_pilot/videos/S08/VSL_ALPHA_S08_A_REP04.mp4,train
VSL_ALPHA_S08_A_REP05,S08,A,letter,Right,5,30,90,data/vsl_alphabet_pilot/landmarks/S08/VSL_ALPHA_S08_A_REP05.npz,data/vsl_alphabet_pilot/videos/S08/VSL_ALPHA_S08_A_REP05.mp4,train
VSL_ALPHA_S08_B_REP01,S08,B,letter,Right,1,30,90,data/vsl_alphabet_pilot/landmarks/S08/VSL_ALPHA_S08_B_REP01.npz,data/vsl_alphabet_pilot/videos/S08/VSL_ALPHA_S08_B_REP01.mp4,train
VSL_ALPHA_S08_B_REP02,S08,B,letter,Right,2,30,90,data/vsl_alphabet_pilot/landmarks/S08/VSL_ALPHA_S08_B_REP02.npz,data/vsl_alphabet_pilot/videos/S08/VSL_ALPHA_S08_B_REP02.mp4,train
VSL_ALPHA_S08_B_REP03,S08,B,letter,Right,3,30,90,data/vsl_alphabet_pilot/landmarks/S08/VSL_ALPHA_S08_B_REP03.npz,data/vsl_alphabet_pilot/videos/S08/VSL_ALPHA_S08_B_REP03.mp4,train
VSL_ALPHA_S08_B_REP04,S08,B,letter,Right,4,30,90,data/vsl_alphabet_pilot/landmarks/S08/VSL_ALPHA_S08_B_REP04.npz,data/vsl_alphabet_pilot/videos/S08/VSL_ALPHA_S08_B_REP04.mp4,train
VSL_ALPHA_S08_B_REP05,S08,B,letter,Right,5,30,90,data/vsl_alphabet_pilot/landmarks/S08/VSL_ALPHA_S08_B_REP05.npz,data/vsl_alphabet_pilot/videos/S08/VSL_ALPHA_S08_B_REP05.mp4,train
VSL_ALPHA_S08_C_REP01,S08,C,letter,Right,1,30,90,data/vsl_alphabet_pilot/landmarks/S08/VSL_ALPHA_S08_C_REP01.npz,data/vsl_alphabet_pilot/videos/S08/VSL_ALPHA_S08_C_REP01.mp4,train
VSL_ALPHA_S08_C_REP02,S08,C,letter,Right,2,30,90,data/vsl_alphabet_pilot/landmarks/S08/VSL_ALPHA_S08_C_REP02.npz,data/vsl_alphabet_pilot/videos/S08/VSL_ALPHA_S08_C_REP02.mp4,train
VSL_ALPHA_S08_C_REP03,S08,C,letter,Right,3,30,90,data/vsl_alphabet_pilot/landmarks/S08/VSL_ALPHA_S08_C_REP03.npz,data/vsl_alphabet_pilot/videos/S08/VSL_ALPHA_S08_C_REP03.mp4,train
VSL_ALPHA_S08_C_REP04,S08,C,letter,Right,4,30,90,data/vsl_alphabet_pilot/landmarks/S08/VSL_ALPHA_S08_C_REP04.npz,data/vsl_alphabet_pilot/videos/S08/VSL_ALPHA_S08_C_REP04.mp4,train
VSL_ALPHA_S08_C_REP05,S08,C,letter,Right,5,30,90,data/vsl_alphabet_pilot/landmarks/S08/VSL_ALPHA_S08_C_REP05.npz,data/vsl_alphabet_pilot/videos/S08/VSL_ALPHA_S08_C_REP05.mp4,train
VSL_ALPHA_S08_D_REP01,S08,D,letter,Right,1,30,90,data/vsl_alphabet_pilot/landmarks/S08/VSL_ALPHA_S08_D_REP01.npz,data/vsl_alphabet_pilot/videos/S08/VSL_ALPHA_S08_D_REP01.mp4,train
VSL_ALPHA_S08_D_REP02,S08,D,letter,Right,2,30,90,data/vsl_alphabet_pilot/landmarks/S08/VSL_ALPHA_S08_D_REP02.npz,data/vsl_alphabet_pilot/videos/S08/VSL_ALPHA_S08_D_REP02.mp4,train
VSL_ALPHA_S08_D_REP03,S08,D,letter,Right,3,30,90,data/vsl_alphabet_pilot/landmarks/S08/VSL_ALPHA_S08_D_REP03.npz,data/vsl_alphabet_pilot/videos/S08/VSL_ALPHA_S08_D_REP03.mp4,train
VSL_ALPHA_S08_D_REP04,S08,D,letter,Right,4,30,90,data/vsl_alphabet_pilot/landmarks/S08/VSL_ALPHA_S08_D_REP04.npz,data/vsl_alphabet_pilot/videos/S08/VSL_ALPHA_S08_D_REP04.mp4,train
VSL_ALPHA_S08_D_REP05,S08,D,letter,Right,5,30,90,data/vsl_alphabet_pilot/landmarks/S08/VSL_ALPHA_S08_D_REP05.npz,data/vsl_alphabet_pilot/videos/S08/VSL_ALPHA_S08_D_REP05.mp4,train
VSL_ALPHA_S08_Đ_REP01,S08,Đ,letter,Right,1,30,90,data/vsl_alphabet_pilot/landmarks/S08/VSL_ALPHA_S08_Đ_REP01.npz,data/vsl_alphabet_pilot/videos/S08/VSL_ALPHA_S08_Đ_REP01.mp4,train
VSL_ALPHA_S08_Đ_REP02,S08,Đ,letter,Right,2,30,90,data/vsl_alphabet_pilot/landmarks/S08/VSL_ALPHA_S08_Đ_REP02.npz,data/vsl_alphabet_pilot/videos/S08/VSL_ALPHA_S08_Đ_REP02.mp4,train
VSL_ALPHA_S08_Đ_REP03,S08,Đ,letter,Right,3,30,90,data/vsl_alphabet_pilot/landmarks/S08/VSL_ALPHA_S08_Đ_REP03.npz,data/vsl_alphabet_pilot/videos/S08/VSL_ALPHA_S08_Đ_REP03.mp4,train
VSL_ALPHA_S08_Đ_REP04,S08,Đ,letter,Right,4,30,90,data/vsl_alphabet_pilot/landmarks/S08/VSL_ALPHA_S08_Đ_REP04.npz,data/vsl_alphabet_pilot/videos/S08/VSL_ALPHA_S08_Đ_REP04.mp4,train
VSL_ALPHA_S08_Đ_REP05,S08,Đ,letter,Right,5,30,90,data/vsl_alphabet_pilot/landmarks/S08/VSL_ALPHA_S08_Đ_REP05.npz,data/vsl_alphabet_pilot/videos/S08/VSL_ALPHA_S08_Đ_REP05.mp4,train
VSL_ALPHA_S08_E_REP01,S08,E,letter,Right,1,30,90,data/vsl_alphabet_pilot/landmarks/S08/VSL_ALPHA_S08_E_REP01.npz,data/vsl_alphabet_pilot/videos/S08/VSL_ALPHA_S08_E_REP01.mp4,train
VSL_ALPHA_S08_E_REP02,S08,E,letter,Right,2,30,90,data/vsl_alphabet_pilot/landmarks/S08/VSL_ALPHA_S08_E_REP02.npz,data/vsl_alphabet_pilot/videos/S08/VSL_ALPHA_S08_E_REP02.mp4,train
VSL_ALPHA_S08_E_REP03,S08,E,letter,Right,3,30,90,data/vsl_alphabet_pilot/landmarks/S08/VSL_ALPHA_S08_E_REP03.npz,data/vsl_alphabet_pilot/videos/S08/VSL_ALPHA_S08_E_REP03.mp4,train
VSL_ALPHA_S08_E_REP04,S08,E,letter,Right,4,30,90,data/vsl_alphabet_pilot/landmarks/S08/VSL_ALPHA_S08_E_REP04.npz,data/vsl_alphabet_pilot/videos/S08/VSL_ALPHA_S08_E_REP04.mp4,train
VSL_ALPHA_S08_E_REP05,S08,E,letter,Right,5,30,90,data/vsl_alphabet_pilot/landmarks/S08/VSL_ALPHA_S08_E_REP05.npz,data/vsl_alphabet_pilot/videos/S08/VSL_ALPHA_S08_E_REP05.mp4,train
VSL_ALPHA_S08_G_REP01,S08,G,letter,Right,1,30,90,data/vsl_alphabet_pilot/landmarks/S08/VSL_ALPHA_S08_G_REP01.npz,data/vsl_alphabet_pilot/videos/S08/VSL_ALPHA_S08_G_REP01.mp4,train
VSL_ALPHA_S08_G_REP02,S08,G,letter,Right,2,30,90,data/vsl_alphabet_pilot/landmarks/S08/VSL_ALPHA_S08_G_REP02.npz,data/vsl_alphabet_pilot/videos/S08/VSL_ALPHA_S08_G_REP02.mp4,train
VSL_ALPHA_S08_G_REP03,S08,G,letter,Right,3,30,90,data/vsl_alphabet_pilot/landmarks/S08/VSL_ALPHA_S08_G_REP03.npz,data/vsl_alphabet_pilot/videos/S08/VSL_ALPHA_S08_G_REP03.mp4,train
VSL_ALPHA_S08_G_REP04,S08,G,letter,Right,4,30,90,data/vsl_alphabet_pilot/landmarks/S08/VSL_ALPHA_S08_G_REP04.npz,data/vsl_alphabet_pilot/videos/S08/VSL_ALPHA_S08_G_REP04.mp4,train
VSL_ALPHA_S08_G_REP05,S08,G,letter,Right,5,30,90,data/vsl_alphabet_pilot/landmarks/S08/VSL_ALPHA_S08_G_REP05.npz,data/vsl_alphabet_pilot/videos/S08/VSL_ALPHA_S08_G_REP05.mp4,train
VSL_ALPHA_S08_H_REP01,S08,H,letter,Right,1,30,90,data/vsl_alphabet_pilot/landmarks/S08/VSL_ALPHA_S08_H_REP01.npz,data/vsl_alphabet_pilot/videos/S08/VSL_ALPHA_S08_H_REP01.mp4,train
VSL_ALPHA_S08_H_REP02,S08,H,letter,Right,2,30,90,data/vsl_alphabet_pilot/landmarks/S08/VSL_ALPHA_S08_H_REP02.npz,data/vsl_alphabet_pilot/videos/S08/VSL_ALPHA_S08_H_REP02.mp4,train
VSL_ALPHA_S08_H_REP03,S08,H,letter,Right,3,30,90,data/vsl_alphabet_pilot/landmarks/S08/VSL_ALPHA_S08_H_REP03.npz,data/vsl_alphabet_pilot/videos/S08/VSL_ALPHA_S08_H_REP03.mp4,train
VSL_ALPHA_S08_H_REP04,S08,H,letter,Right,4,30,90,data/vsl_alphabet_pilot/landmarks/S08/VSL_ALPHA_S08_H_REP04.npz,data/vsl_alphabet_pilot/videos/S08/VSL_ALPHA_S08_H_REP04.mp4,train
VSL_ALPHA_S08_H_REP05,S08,H,letter,Right,5,30,90,data/vsl_alphabet_pilot/landmarks/S08/VSL_ALPHA_S08_H_REP05.npz,data/vsl_alphabet_pilot/videos/S08/VSL_ALPHA_S08_H_REP05.mp4,train
VSL_ALPHA_S08_I_REP01,S08,I,letter,Right,1,30,90,data/vsl_alphabet_pilot/landmarks/S08/VSL_ALPHA_S08_I_REP01.npz,data/vsl_alphabet_pilot/videos/S08/VSL_ALPHA_S08_I_REP01.mp4,train
VSL_ALPHA_S08_I_REP02,S08,I,letter,Right,2,30,90,data/vsl_alphabet_pilot/landmarks/S08/VSL_ALPHA_S08_I_REP02.npz,data/vsl_alphabet_pilot/videos/S08/VSL_ALPHA_S08_I_REP02.mp4,train
VSL_ALPHA_S08_I_REP03,S08,I,letter,Right,3,30,90,data/vsl_alphabet_pilot/landmarks/S08/VSL_ALPHA_S08_I_REP03.npz,data/vsl_alphabet_pilot/videos/S08/VSL_ALPHA_S08_I_REP03.mp4,train
VSL_ALPHA_S08_I_REP04,S08,I,letter,Right,4,30,90,data/vsl_alphabet_pilot/landmarks/S08/VSL_ALPHA_S08_I_REP04.npz,data/vsl_alphabet_pilot/videos/S08/VSL_ALPHA_S08_I_REP04.mp4,train
VSL_ALPHA_S08_I_REP05,S08,I,letter,Right,5,30,90,data/vsl_alphabet_pilot/landmarks/S08/VSL_ALPHA_S08_I_REP05.npz,data/vsl_alphabet_pilot/videos/S08/VSL_ALPHA_S08_I_REP05.mp4,train
VSL_ALPHA_S08_K_REP01,S08,K,letter,Right,1,30,90,data/vsl_alphabet_pilot/landmarks/S08/VSL_ALPHA_S08_K_REP01.npz,data/vsl_alphabet_pilot/videos/S08/VSL_ALPHA_S08_K_REP01.mp4,train
VSL_ALPHA_S08_K_REP02,S08,K,letter,Right,2,30,90,data/vsl_alphabet_pilot/landmarks/S08/VSL_ALPHA_S08_K_REP02.npz,data/vsl_alphabet_pilot/videos/S08/VSL_ALPHA_S08_K_REP02.mp4,train
VSL_ALPHA_S08_K_REP03,S08,K,letter,Right,3,30,90,data/vsl_alphabet_pilot/landmarks/S08/VSL_ALPHA_S08_K_REP03.npz,data/vsl_alphabet_pilot/videos/S08/VSL_ALPHA_S08_K_REP03.mp4,train
VSL_ALPHA_S08_K_REP04,S08,K,letter,Right,4,30,90,data/vsl_alphabet_pilot/landmarks/S08/VSL_ALPHA_S08_K_REP04.npz,data/vsl_alphabet_pilot/videos/S08/VSL_ALPHA_S08_K_REP04.mp4,train
VSL_ALPHA_S08_K_REP05,S08,K,letter,Right,5,30,90,data/vsl_alphabet_pilot/landmarks/S08/VSL_ALPHA_S08_K_REP05.npz,data/vsl_alphabet_pilot/videos/S08/VSL_ALPHA_S08_K_REP05.mp4,train
VSL_ALPHA_S08_L_REP01,S08,L,letter,Right,1,30,90,data/vsl_alphabet_pilot/landmarks/S08/VSL_ALPHA_S08_L_REP01.npz,data/vsl_alphabet_pilot/videos/S08/VSL_ALPHA_S08_L_REP01.mp4,train
VSL_ALPHA_S08_L_REP02,S08,L,letter,Right,2,30,90,data/vsl_alphabet_pilot/landmarks/S08/VSL_ALPHA_S08_L_REP02.npz,data/vsl_alphabet_pilot/videos/S08/VSL_ALPHA_S08_L_REP02.mp4,train
VSL_ALPHA_S08_L_REP03,S08,L,letter,Right,3,30,90,data/vsl_alphabet_pilot/landmarks/S08/VSL_ALPHA_S08_L_REP03.npz,data/vsl_alphabet_pilot/videos/S08/VSL_ALPHA_S08_L_REP03.mp4,train
VSL_ALPHA_S08_L_REP04,S08,L,letter,Right,4,30,90,data/vsl_alphabet_pilot/landmarks/S08/VSL_ALPHA_S08_L_REP04.npz,data/vsl_alphabet_pilot/videos/S08/VSL_ALPHA_S08_L_REP04.mp4,train
VSL_ALPHA_S08_L_REP05,S08,L,letter,Right,5,30,90,data/vsl_alphabet_pilot/landmarks/S08/VSL_ALPHA_S08_L_REP05.npz,data/vsl_alphabet_pilot/videos/S08/VSL_ALPHA_S08_L_REP05.mp4,train
VSL_ALPHA_S08_M_REP01,S08,M,letter,Right,1,30,90,data/vsl_alphabet_pilot/landmarks/S08/VSL_ALPHA_S08_M_REP01.npz,data/vsl_alphabet_pilot/videos/S08/VSL_ALPHA_S08_M_REP01.mp4,train
VSL_ALPHA_S08_M_REP02,S08,M,letter,Right,2,30,90,data/vsl_alphabet_pilot/landmarks/S08/VSL_ALPHA_S08_M_REP02.npz,data/vsl_alphabet_pilot/videos/S08/VSL_ALPHA_S08_M_REP02.mp4,train
VSL_ALPHA_S08_M_REP03,S08,M,letter,Right,3,30,90,data/vsl_alphabet_pilot/landmarks/S08/VSL_ALPHA_S08_M_REP03.npz,data/vsl_alphabet_pilot/videos/S08/VSL_ALPHA_S08_M_REP03.mp4,train
VSL_ALPHA_S08_M_REP04,S08,M,letter,Right,4,30,90,data/vsl_alphabet_pilot/landmarks/S08/VSL_ALPHA_S08_M_REP04.npz,data/vsl_alphabet_pilot/videos/S08/VSL_ALPHA_S08_M_REP04.mp4,train
VSL_ALPHA_S08_M_REP05,S08,M,letter,Right,5,30,90,data/vsl_alphabet_pilot/landmarks/S08/VSL_ALPHA_S08_M_REP05.npz,data/vsl_alphabet_pilot/videos/S08/VSL_ALPHA_S08_M_REP05.mp4,train
VSL_ALPHA_S08_N_REP01,S08,N,letter,Right,1,30,90,data/vsl_alphabet_pilot/landmarks/S08/VSL_ALPHA_S08_N_REP01.npz,data/vsl_alphabet_pilot/videos/S08/VSL_ALPHA_S08_N_REP01.mp4,train
VSL_ALPHA_S08_N_REP02,S08,N,letter,Right,2,30,90,data/vsl_alphabet_pilot/landmarks/S08/VSL_ALPHA_S08_N_REP02.npz,data/vsl_alphabet_pilot/videos/S08/VSL_ALPHA_S08_N_REP02.mp4,train
VSL_ALPHA_S08_N_REP03,S08,N,letter,Right,3,30,90,data/vsl_alphabet_pilot/landmarks/S08/VSL_ALPHA_S08_N_REP03.npz,data/vsl_alphabet_pilot/videos/S08/VSL_ALPHA_S08_N_REP03.mp4,train
VSL_ALPHA_S08_N_REP04,S08,N,letter,Right,4,30,90,data/vsl_alphabet_pilot/landmarks/S08/VSL_ALPHA_S08_N_REP04.npz,data/vsl_alphabet_pilot/videos/S08/VSL_ALPHA_S08_N_REP04.mp4,train
VSL_ALPHA_S08_N_REP05,S08,N,letter,Right,5,30,90,data/vsl_alphabet_pilot/landmarks/S08/VSL_ALPHA_S08_N_REP05.npz,data/vsl_alphabet_pilot/videos/S08/VSL_ALPHA_S08_N_REP05.mp4,train
VSL_ALPHA_S08_O_REP01,S08,O,letter,Right,1,30,90,data/vsl_alphabet_pilot/landmarks/S08/VSL_ALPHA_S08_O_REP01.npz,data/vsl_alphabet_pilot/videos/S08/VSL_ALPHA_S08_O_REP01.mp4,train
VSL_ALPHA_S08_O_REP02,S08,O,letter,Right,2,30,90,data/vsl_alphabet_pilot/landmarks/S08/VSL_ALPHA_S08_O_REP02.npz,data/vsl_alphabet_pilot/videos/S08/VSL_ALPHA_S08_O_REP02.mp4,train
VSL_ALPHA_S08_O_REP03,S08,O,letter,Right,3,30,90,data/vsl_alphabet_pilot/landmarks/S08/VSL_ALPHA_S08_O_REP03.npz,data/vsl_alphabet_pilot/videos/S08/VSL_ALPHA_S08_O_REP03.mp4,train
VSL_ALPHA_S08_O_REP04,S08,O,letter,Right,4,30,90,data/vsl_alphabet_pilot/landmarks/S08/VSL_ALPHA_S08_O_REP04.npz,data/vsl_alphabet_pilot/videos/S08/VSL_ALPHA_S08_O_REP04.mp4,train
VSL_ALPHA_S08_O_REP05,S08,O,letter,Right,5,30,90,data/vsl_alphabet_pilot/landmarks/S08/VSL_ALPHA_S08_O_REP05.npz,data/vsl_alphabet_pilot/videos/S08/VSL_ALPHA_S08_O_REP05.mp4,train
VSL_ALPHA_S08_P_REP01,S08,P,letter,Right,1,30,90,data/vsl_alphabet_pilot/landmarks/S08/VSL_ALPHA_S08_P_REP01.npz,data/vsl_alphabet_pilot/videos/S08/VSL_ALPHA_S08_P_REP01.mp4,train
VSL_ALPHA_S08_P_REP02,S08,P,letter,Right,2,30,90,data/vsl_alphabet_pilot/landmarks/S08/VSL_ALPHA_S08_P_REP02.npz,data/vsl_alphabet_pilot/videos/S08/VSL_ALPHA_S08_P_REP02.mp4,train
VSL_ALPHA_S08_P_REP03,S08,P,letter,Right,3,30,90,data/vsl_alphabet_pilot/landmarks/S08/VSL_ALPHA_S08_P_REP03.npz,data/vsl_alphabet_pilot/videos/S08/VSL_ALPHA_S08_P_REP03.mp4,train
VSL_ALPHA_S08_P_REP04,S08,P,letter,Right,4,30,90,data/vsl_alphabet_pilot/landmarks/S08/VSL_ALPHA_S08_P_REP04.npz,data/vsl_alphabet_pilot/videos/S08/VSL_ALPHA_S08_P_REP04.mp4,train
VSL_ALPHA_S08_P_REP05,S08,P,letter,Right,5,30,90,data/vsl_alphabet_pilot/landmarks/S08/VSL_ALPHA_S08_P_REP05.npz,data/vsl_alphabet_pilot/videos/S08/VSL_ALPHA_S08_P_REP05.mp4,train
VSL_ALPHA_S08_Q_REP01,S08,Q,letter,Right,1,30,90,data/vsl_alphabet_pilot/landmarks/S08/VSL_ALPHA_S08_Q_REP01.npz,data/vsl_alphabet_pilot/videos/S08/VSL_ALPHA_S08_Q_REP01.mp4,train
VSL_ALPHA_S08_Q_REP02,S08,Q,letter,Right,2,30,90,data/vsl_alphabet_pilot/landmarks/S08/VSL_ALPHA_S08_Q_REP02.npz,data/vsl_alphabet_pilot/videos/S08/VSL_ALPHA_S08_Q_REP02.mp4,train
VSL_ALPHA_S08_Q_REP03,S08,Q,letter,Right,3,30,90,data/vsl_alphabet_pilot/landmarks/S08/VSL_ALPHA_S08_Q_REP03.npz,data/vsl_alphabet_pilot/videos/S08/VSL_ALPHA_S08_Q_REP03.mp4,train
VSL_ALPHA_S08_Q_REP04,S08,Q,letter,Right,4,30,90,data/vsl_alphabet_pilot/landmarks/S08/VSL_ALPHA_S08_Q_REP04.npz,data/vsl_alphabet_pilot/videos/S08/VSL_ALPHA_S08_Q_REP04.mp4,train
VSL_ALPHA_S08_Q_REP05,S08,Q,letter,Right,5,30,90,data/vsl_alphabet_pilot/landmarks/S08/VSL_ALPHA_S08_Q_REP05.npz,data/vsl_alphabet_pilot/videos/S08/VSL_ALPHA_S08_Q_REP05.mp4,train
VSL_ALPHA_S08_R_REP01,S08,R,letter,Right,1,30,90,data/vsl_alphabet_pilot/landmarks/S08/VSL_ALPHA_S08_R_REP01.npz,data/vsl_alphabet_pilot/videos/S08/VSL_ALPHA_S08_R_REP01.mp4,train
VSL_ALPHA_S08_R_REP02,S08,R,letter,Right,2,30,90,data/vsl_alphabet_pilot/landmarks/S08/VSL_ALPHA_S08_R_REP02.npz,data/vsl_alphabet_pilot/videos/S08/VSL_ALPHA_S08_R_REP02.mp4,train
VSL_ALPHA_S08_R_REP03,S08,R,letter,Right,3,30,90,data/vsl_alphabet_pilot/landmarks/S08/VSL_ALPHA_S08_R_REP03.npz,data/vsl_alphabet_pilot/videos/S08/VSL_ALPHA_S08_R_REP03.mp4,train
VSL_ALPHA_S08_R_REP04,S08,R,letter,Right,4,30,90,data/vsl_alphabet_pilot/landmarks/S08/VSL_ALPHA_S08_R_REP04.npz,data/vsl_alphabet_pilot/videos/S08/VSL_ALPHA_S08_R_REP04.mp4,train
VSL_ALPHA_S08_R_REP05,S08,R,letter,Right,5,30,90,data/vsl_alphabet_pilot/landmarks/S08/VSL_ALPHA_S08_R_REP05.npz,data/vsl_alphabet_pilot/videos/S08/VSL_ALPHA_S08_R_REP05.mp4,train
VSL_ALPHA_S08_S_REP01,S08,S,letter,Right,1,30,90,data/vsl_alphabet_pilot/landmarks/S08/VSL_ALPHA_S08_S_REP01.npz,data/vsl_alphabet_pilot/videos/S08/VSL_ALPHA_S08_S_REP01.mp4,train
VSL_ALPHA_S08_S_REP02,S08,S,letter,Right,2,30,90,data/vsl_alphabet_pilot/landmarks/S08/VSL_ALPHA_S08_S_REP02.npz,data/vsl_alphabet_pilot/videos/S08/VSL_ALPHA_S08_S_REP02.mp4,train
VSL_ALPHA_S08_S_REP03,S08,S,letter,Right,3,30,90,data/vsl_alphabet_pilot/landmarks/S08/VSL_ALPHA_S08_S_REP03.npz,data/vsl_alphabet_pilot/videos/S08/VSL_ALPHA_S08_S_REP03.mp4,train
VSL_ALPHA_S08_S_REP04,S08,S,letter,Right,4,30,90,data/vsl_alphabet_pilot/landmarks/S08/VSL_ALPHA_S08_S_REP04.npz,data/vsl_alphabet_pilot/videos/S08/VSL_ALPHA_S08_S_REP04.mp4,train
VSL_ALPHA_S08_S_REP05,S08,S,letter,Right,5,30,90,data/vsl_alphabet_pilot/landmarks/S08/VSL_ALPHA_S08_S_REP05.npz,data/vsl_alphabet_pilot/videos/S08/VSL_ALPHA_S08_S_REP05.mp4,train
VSL_ALPHA_S08_T_REP01,S08,T,letter,Right,1,30,90,data/vsl_alphabet_pilot/landmarks/S08/VSL_ALPHA_S08_T_REP01.npz,data/vsl_alphabet_pilot/videos/S08/VSL_ALPHA_S08_T_REP01.mp4,train
VSL_ALPHA_S08_T_REP02,S08,T,letter,Right,2,30,90,data/vsl_alphabet_pilot/landmarks/S08/VSL_ALPHA_S08_T_REP02.npz,data/vsl_alphabet_pilot/videos/S08/VSL_ALPHA_S08_T_REP02.mp4,train
VSL_ALPHA_S08_T_REP03,S08,T,letter,Right,3,30,90,data/vsl_alphabet_pilot/landmarks/S08/VSL_ALPHA_S08_T_REP03.npz,data/vsl_alphabet_pilot/videos/S08/VSL_ALPHA_S08_T_REP03.mp4,train
VSL_ALPHA_S08_T_REP04,S08,T,letter,Right,4,30,90,data/vsl_alphabet_pilot/landmarks/S08/VSL_ALPHA_S08_T_REP04.npz,data/vsl_alphabet_pilot/videos/S08/VSL_ALPHA_S08_T_REP04.mp4,train
VSL_ALPHA_S08_T_REP05,S08,T,letter,Right,5,30,90,data/vsl_alphabet_pilot/landmarks/S08/VSL_ALPHA_S08_T_REP05.npz,data/vsl_alphabet_pilot/videos/S08/VSL_ALPHA_S08_T_REP05.mp4,train
VSL_ALPHA_S08_U_REP01,S08,U,letter,Right,1,30,90,data/vsl_alphabet_pilot/landmarks/S08/VSL_ALPHA_S08_U_REP01.npz,data/vsl_alphabet_pilot/videos/S08/VSL_ALPHA_S08_U_REP01.mp4,train
VSL_ALPHA_S08_U_REP02,S08,U,letter,Right,2,30,90,data/vsl_alphabet_pilot/landmarks/S08/VSL_ALPHA_S08_U_REP02.npz,data/vsl_alphabet_pilot/videos/S08/VSL_ALPHA_S08_U_REP02.mp4,train
VSL_ALPHA_S08_U_REP03,S08,U,letter,Right,3,30,90,data/vsl_alphabet_pilot/landmarks/S08/VSL_ALPHA_S08_U_REP03.npz,data/vsl_alphabet_pilot/videos/S08/VSL_ALPHA_S08_U_REP03.mp4,train
VSL_ALPHA_S08_U_REP04,S08,U,letter,Right,4,30,90,data/vsl_alphabet_pilot/landmarks/S08/VSL_ALPHA_S08_U_REP04.npz,data/vsl_alphabet_pilot/videos/S08/VSL_ALPHA_S08_U_REP04.mp4,train
VSL_ALPHA_S08_U_REP05,S08,U,letter,Right,5,30,90,data/vsl_alphabet_pilot/landmarks/S08/VSL_ALPHA_S08_U_REP05.npz,data/vsl_alphabet_pilot/videos/S08/VSL_ALPHA_S08_U_REP05.mp4,train
VSL_ALPHA_S08_V_REP01,S08,V,letter,Right,1,30,90,data/vsl_alphabet_pilot/landmarks/S08/VSL_ALPHA_S08_V_REP01.npz,data/vsl_alphabet_pilot/videos/S08/VSL_ALPHA_S08_V_REP01.mp4,train
VSL_ALPHA_S08_V_REP02,S08,V,letter,Right,2,30,90,data/vsl_alphabet_pilot/landmarks/S08/VSL_ALPHA_S08_V_REP02.npz,data/vsl_alphabet_pilot/videos/S08/VSL_ALPHA_S08_V_REP02.mp4,train
VSL_ALPHA_S08_V_REP03,S08,V,letter,Right,3,30,90,data/vsl_alphabet_pilot/landmarks/S08/VSL_ALPHA_S08_V_REP03.npz,data/vsl_alphabet_pilot/videos/S08/VSL_ALPHA_S08_V_REP03.mp4,train
VSL_ALPHA_S08_V_REP04,S08,V,letter,Right,4,30,90,data/vsl_alphabet_pilot/landmarks/S08/VSL_ALPHA_S08_V_REP04.npz,data/vsl_alphabet_pilot/videos/S08/VSL_ALPHA_S08_V_REP04.mp4,train
VSL_ALPHA_S08_V_REP05,S08,V,letter,Right,5,30,90,data/vsl_alphabet_pilot/landmarks/S08/VSL_ALPHA_S08_V_REP05.npz,data/vsl_alphabet_pilot/videos/S08/VSL_ALPHA_S08_V_REP05.mp4,train
VSL_ALPHA_S08_X_REP01,S08,X,letter,Right,1,30,90,data/vsl_alphabet_pilot/landmarks/S08/VSL_ALPHA_S08_X_REP01.npz,data/vsl_alphabet_pilot/videos/S08/VSL_ALPHA_S08_X_REP01.mp4,train
VSL_ALPHA_S08_X_REP02,S08,X,letter,Right,2,30,90,data/vsl_alphabet_pilot/landmarks/S08/VSL_ALPHA_S08_X_REP02.npz,data/vsl_alphabet_pilot/videos/S08/VSL_ALPHA_S08_X_REP02.mp4,train
VSL_ALPHA_S08_X_REP03,S08,X,letter,Right,3,30,90,data/vsl_alphabet_pilot/landmarks/S08/VSL_ALPHA_S08_X_REP03.npz,data/vsl_alphabet_pilot/videos/S08/VSL_ALPHA_S08_X_REP03.mp4,train
VSL_ALPHA_S08_X_REP04,S08,X,letter,Right,4,30,90,data/vsl_alphabet_pilot/landmarks/S08/VSL_ALPHA_S08_X_REP04.npz,data/vsl_alphabet_pilot/videos/S08/VSL_ALPHA_S08_X_REP04.mp4,train
VSL_ALPHA_S08_X_REP05,S08,X,letter,Right,5,30,90,data/vsl_alphabet_pilot/landmarks/S08/VSL_ALPHA_S08_X_REP05.npz,data/vsl_alphabet_pilot/videos/S08/VSL_ALPHA_S08_X_REP05.mp4,train
VSL_ALPHA_S08_Y_REP01,S08,Y,letter,Right,1,30,90,data/vsl_alphabet_pilot/landmarks/S08/VSL_ALPHA_S08_Y_REP01.npz,data/vsl_alphabet_pilot/videos/S08/VSL_ALPHA_S08_Y_REP01.mp4,train
VSL_ALPHA_S08_Y_REP02,S08,Y,letter,Right,2,30,90,data/vsl_alphabet_pilot/landmarks/S08/VSL_ALPHA_S08_Y_REP02.npz,data/vsl_alphabet_pilot/videos/S08/VSL_ALPHA_S08_Y_REP02.mp4,train
VSL_ALPHA_S08_Y_REP03,S08,Y,letter,Right,3,30,90,data/vsl_alphabet_pilot/landmarks/S08/VSL_ALPHA_S08_Y_REP03.npz,data/vsl_alphabet_pilot/videos/S08/VSL_ALPHA_S08_Y_REP03.mp4,train
VSL_ALPHA_S08_Y_REP04,S08,Y,letter,Right,4,30,90,data/vsl_alphabet_pilot/landmarks/S08/VSL_ALPHA_S08_Y_REP04.npz,data/vsl_alphabet_pilot/videos/S08/VSL_ALPHA_S08_Y_REP04.mp4,train
VSL_ALPHA_S08_Y_REP05,S08,Y,letter,Right,5,30,90,data/vsl_alphabet_pilot/landmarks/S08/VSL_ALPHA_S08_Y_REP05.npz,data/vsl_alphabet_pilot/videos/S08/VSL_ALPHA_S08_Y_REP05.mp4,train
VSL_ALPHA_S08_Dau_mu_REP01,S08,Dau_mu,accent,Right,1,30,90,data/vsl_alphabet_pilot/landmarks/S08/VSL_ALPHA_S08_Dau_mu_REP01.npz,data/vsl_alphabet_pilot/videos/S08/VSL_ALPHA_S08_Dau_mu_REP01.mp4,train
VSL_ALPHA_S08_Dau_mu_REP02,S08,Dau_mu,accent,Right,2,30,90,data/vsl_alphabet_pilot/landmarks/S08/VSL_ALPHA_S08_Dau_mu_REP02.npz,data/vsl_alphabet_pilot/videos/S08/VSL_ALPHA_S08_Dau_mu_REP02.mp4,train
VSL_ALPHA_S08_Dau_mu_REP03,S08,Dau_mu,accent,Right,3,30,90,data/vsl_alphabet_pilot/landmarks/S08/VSL_ALPHA_S08_Dau_mu_REP03.npz,data/vsl_alphabet_pilot/videos/S08/VSL_ALPHA_S08_Dau_mu_REP03.mp4,train
VSL_ALPHA_S08_Dau_mu_REP04,S08,Dau_mu,accent,Right,4,30,90,data/vsl_alphabet_pilot/landmarks/S08/VSL_ALPHA_S08_Dau_mu_REP04.npz,data/vsl_alphabet_pilot/videos/S08/VSL_ALPHA_S08_Dau_mu_REP04.mp4,train
VSL_ALPHA_S08_Dau_mu_REP05,S08,Dau_mu,accent,Right,5,30,90,data/vsl_alphabet_pilot/landmarks/S08/VSL_ALPHA_S08_Dau_mu_REP05.npz,data/vsl_alphabet_pilot/videos/S08/VSL_ALPHA_S08_Dau_mu_REP05.mp4,train
VSL_ALPHA_S08_Dau_moc_REP01,S08,Dau_moc,accent,Right,1,30,90,data/vsl_alphabet_pilot/landmarks/S08/VSL_ALPHA_S08_Dau_moc_REP01.npz,data/vsl_alphabet_pilot/videos/S08/VSL_ALPHA_S08_Dau_moc_REP01.mp4,train
VSL_ALPHA_S08_Dau_moc_REP02,S08,Dau_moc,accent,Right,2,30,90,data/vsl_alphabet_pilot/landmarks/S08/VSL_ALPHA_S08_Dau_moc_REP02.npz,data/vsl_alphabet_pilot/videos/S08/VSL_ALPHA_S08_Dau_moc_REP02.mp4,train
VSL_ALPHA_S08_Dau_moc_REP03,S08,Dau_moc,accent,Right,3,30,90,data/vsl_alphabet_pilot/landmarks/S08/VSL_ALPHA_S08_Dau_moc_REP03.npz,data/vsl_alphabet_pilot/videos/S08/VSL_ALPHA_S08_Dau_moc_REP03.mp4,train
VSL_ALPHA_S08_Dau_moc_REP04,S08,Dau_moc,accent,Right,4,30,90,data/vsl_alphabet_pilot/landmarks/S08/VSL_ALPHA_S08_Dau_moc_REP04.npz,data/vsl_alphabet_pilot/videos/S08/VSL_ALPHA_S08_Dau_moc_REP04.mp4,train
VSL_ALPHA_S08_Dau_moc_REP05,S08,Dau_moc,accent,Right,5,30,90,data/vsl_alphabet_pilot/landmarks/S08/VSL_ALPHA_S08_Dau_moc_REP05.npz,data/vsl_alphabet_pilot/videos/S08/VSL_ALPHA_S08_Dau_moc_REP05.mp4,train
VSL_ALPHA_S09_A_REP01,S09,A,letter,Right,1,30,90,data/vsl_alphabet_pilot/landmarks/S09/VSL_ALPHA_S09_A_REP01.npz,data/vsl_alphabet_pilot/videos/S09/VSL_ALPHA_S09_A_REP01.mp4,train
VSL_ALPHA_S09_A_REP02,S09,A,letter,Right,2,30,90,data/vsl_alphabet_pilot/landmarks/S09/VSL_ALPHA_S09_A_REP02.npz,data/vsl_alphabet_pilot/videos/S09/VSL_ALPHA_S09_A_REP02.mp4,train
VSL_ALPHA_S09_A_REP03,S09,A,letter,Right,3,30,90,data/vsl_alphabet_pilot/landmarks/S09/VSL_ALPHA_S09_A_REP03.npz,data/vsl_alphabet_pilot/videos/S09/VSL_ALPHA_S09_A_REP03.mp4,train
VSL_ALPHA_S09_A_REP04,S09,A,letter,Right,4,30,90,data/vsl_alphabet_pilot/landmarks/S09/VSL_ALPHA_S09_A_REP04.npz,data/vsl_alphabet_pilot/videos/S09/VSL_ALPHA_S09_A_REP04.mp4,train
VSL_ALPHA_S09_A_REP05,S09,A,letter,Right,5,30,90,data/vsl_alphabet_pilot/landmarks/S09/VSL_ALPHA_S09_A_REP05.npz,data/vsl_alphabet_pilot/videos/S09/VSL_ALPHA_S09_A_REP05.mp4,train
VSL_ALPHA_S09_B_REP01,S09,B,letter,Right,1,30,90,data/vsl_alphabet_pilot/landmarks/S09/VSL_ALPHA_S09_B_REP01.npz,data/vsl_alphabet_pilot/videos/S09/VSL_ALPHA_S09_B_REP01.mp4,train
VSL_ALPHA_S09_B_REP02,S09,B,letter,Right,2,30,90,data/vsl_alphabet_pilot/landmarks/S09/VSL_ALPHA_S09_B_REP02.npz,data/vsl_alphabet_pilot/videos/S09/VSL_ALPHA_S09_B_REP02.mp4,train
VSL_ALPHA_S09_B_REP03,S09,B,letter,Right,3,30,90,data/vsl_alphabet_pilot/landmarks/S09/VSL_ALPHA_S09_B_REP03.npz,data/vsl_alphabet_pilot/videos/S09/VSL_ALPHA_S09_B_REP03.mp4,train
VSL_ALPHA_S09_B_REP04,S09,B,letter,Right,4,30,90,data/vsl_alphabet_pilot/landmarks/S09/VSL_ALPHA_S09_B_REP04.npz,data/vsl_alphabet_pilot/videos/S09/VSL_ALPHA_S09_B_REP04.mp4,train
VSL_ALPHA_S09_B_REP05,S09,B,letter,Right,5,30,90,data/vsl_alphabet_pilot/landmarks/S09/VSL_ALPHA_S09_B_REP05.npz,data/vsl_alphabet_pilot/videos/S09/VSL_ALPHA_S09_B_REP05.mp4,train
VSL_ALPHA_S09_C_REP01,S09,C,letter,Right,1,30,90,data/vsl_alphabet_pilot/landmarks/S09/VSL_ALPHA_S09_C_REP01.npz,data/vsl_alphabet_pilot/videos/S09/VSL_ALPHA_S09_C_REP01.mp4,train
VSL_ALPHA_S09_C_REP02,S09,C,letter,Right,2,30,90,data/vsl_alphabet_pilot/landmarks/S09/VSL_ALPHA_S09_C_REP02.npz,data/vsl_alphabet_pilot/videos/S09/VSL_ALPHA_S09_C_REP02.mp4,train
VSL_ALPHA_S09_C_REP03,S09,C,letter,Right,3,30,90,data/vsl_alphabet_pilot/landmarks/S09/VSL_ALPHA_S09_C_REP03.npz,data/vsl_alphabet_pilot/videos/S09/VSL_ALPHA_S09_C_REP03.mp4,train
VSL_ALPHA_S09_C_REP04,S09,C,letter,Right,4,30,90,data/vsl_alphabet_pilot/landmarks/S09/VSL_ALPHA_S09_C_REP04.npz,data/vsl_alphabet_pilot/videos/S09/VSL_ALPHA_S09_C_REP04.mp4,train
VSL_ALPHA_S09_C_REP05,S09,C,letter,Right,5,30,90,data/vsl_alphabet_pilot/landmarks/S09/VSL_ALPHA_S09_C_REP05.npz,data/vsl_alphabet_pilot/videos/S09/VSL_ALPHA_S09_C_REP05.mp4,train
VSL_ALPHA_S09_D_REP01,S09,D,letter,Right,1,30,90,data/vsl_alphabet_pilot/landmarks/S09/VSL_ALPHA_S09_D_REP01.npz,data/vsl_alphabet_pilot/videos/S09/VSL_ALPHA_S09_D_REP01.mp4,train
VSL_ALPHA_S09_D_REP02,S09,D,letter,Right,2,30,90,data/vsl_alphabet_pilot/landmarks/S09/VSL_ALPHA_S09_D_REP02.npz,data/vsl_alphabet_pilot/videos/S09/VSL_ALPHA_S09_D_REP02.mp4,train
VSL_ALPHA_S09_D_REP03,S09,D,letter,Right,3,30,90,data/vsl_alphabet_pilot/landmarks/S09/VSL_ALPHA_S09_D_REP03.npz,data/vsl_alphabet_pilot/videos/S09/VSL_ALPHA_S09_D_REP03.mp4,train
VSL_ALPHA_S09_D_REP04,S09,D,letter,Right,4,30,90,data/vsl_alphabet_pilot/landmarks/S09/VSL_ALPHA_S09_D_REP04.npz,data/vsl_alphabet_pilot/videos/S09/VSL_ALPHA_S09_D_REP04.mp4,train
VSL_ALPHA_S09_D_REP05,S09,D,letter,Right,5,30,90,data/vsl_alphabet_pilot/landmarks/S09/VSL_ALPHA_S09_D_REP05.npz,data/vsl_alphabet_pilot/videos/S09/VSL_ALPHA_S09_D_REP05.mp4,train
VSL_ALPHA_S09_Đ_REP01,S09,Đ,letter,Right,1,30,90,data/vsl_alphabet_pilot/landmarks/S09/VSL_ALPHA_S09_Đ_REP01.npz,data/vsl_alphabet_pilot/videos/S09/VSL_ALPHA_S09_Đ_REP01.mp4,train
VSL_ALPHA_S09_Đ_REP02,S09,Đ,letter,Right,2,30,90,data/vsl_alphabet_pilot/landmarks/S09/VSL_ALPHA_S09_Đ_REP02.npz,data/vsl_alphabet_pilot/videos/S09/VSL_ALPHA_S09_Đ_REP02.mp4,train
VSL_ALPHA_S09_Đ_REP03,S09,Đ,letter,Right,3,30,90,data/vsl_alphabet_pilot/landmarks/S09/VSL_ALPHA_S09_Đ_REP03.npz,data/vsl_alphabet_pilot/videos/S09/VSL_ALPHA_S09_Đ_REP03.mp4,train
VSL_ALPHA_S09_Đ_REP04,S09,Đ,letter,Right,4,30,90,data/vsl_alphabet_pilot/landmarks/S09/VSL_ALPHA_S09_Đ_REP04.npz,data/vsl_alphabet_pilot/videos/S09/VSL_ALPHA_S09_Đ_REP04.mp4,train
VSL_ALPHA_S09_Đ_REP05,S09,Đ,letter,Right,5,30,90,data/vsl_alphabet_pilot/landmarks/S09/VSL_ALPHA_S09_Đ_REP05.npz,data/vsl_alphabet_pilot/videos/S09/VSL_ALPHA_S09_Đ_REP05.mp4,train
VSL_ALPHA_S09_E_REP01,S09,E,letter,Right,1,30,90,data/vsl_alphabet_pilot/landmarks/S09/VSL_ALPHA_S09_E_REP01.npz,data/vsl_alphabet_pilot/videos/S09/VSL_ALPHA_S09_E_REP01.mp4,train
VSL_ALPHA_S09_E_REP02,S09,E,letter,Right,2,30,90,data/vsl_alphabet_pilot/landmarks/S09/VSL_ALPHA_S09_E_REP02.npz,data/vsl_alphabet_pilot/videos/S09/VSL_ALPHA_S09_E_REP02.mp4,train
VSL_ALPHA_S09_E_REP03,S09,E,letter,Right,3,30,90,data/vsl_alphabet_pilot/landmarks/S09/VSL_ALPHA_S09_E_REP03.npz,data/vsl_alphabet_pilot/videos/S09/VSL_ALPHA_S09_E_REP03.mp4,train
VSL_ALPHA_S09_E_REP04,S09,E,letter,Right,4,30,90,data/vsl_alphabet_pilot/landmarks/S09/VSL_ALPHA_S09_E_REP04.npz,data/vsl_alphabet_pilot/videos/S09/VSL_ALPHA_S09_E_REP04.mp4,train
VSL_ALPHA_S09_E_REP05,S09,E,letter,Right,5,30,90,data/vsl_alphabet_pilot/landmarks/S09/VSL_ALPHA_S09_E_REP05.npz,data/vsl_alphabet_pilot/videos/S09/VSL_ALPHA_S09_E_REP05.mp4,train
VSL_ALPHA_S09_G_REP01,S09,G,letter,Right,1,30,90,data/vsl_alphabet_pilot/landmarks/S09/VSL_ALPHA_S09_G_REP01.npz,data/vsl_alphabet_pilot/videos/S09/VSL_ALPHA_S09_G_REP01.mp4,train
VSL_ALPHA_S09_G_REP02,S09,G,letter,Right,2,30,90,data/vsl_alphabet_pilot/landmarks/S09/VSL_ALPHA_S09_G_REP02.npz,data/vsl_alphabet_pilot/videos/S09/VSL_ALPHA_S09_G_REP02.mp4,train
VSL_ALPHA_S09_G_REP03,S09,G,letter,Right,3,30,90,data/vsl_alphabet_pilot/landmarks/S09/VSL_ALPHA_S09_G_REP03.npz,data/vsl_alphabet_pilot/videos/S09/VSL_ALPHA_S09_G_REP03.mp4,train
VSL_ALPHA_S09_G_REP04,S09,G,letter,Right,4,30,90,data/vsl_alphabet_pilot/landmarks/S09/VSL_ALPHA_S09_G_REP04.npz,data/vsl_alphabet_pilot/videos/S09/VSL_ALPHA_S09_G_REP04.mp4,train
VSL_ALPHA_S09_G_REP05,S09,G,letter,Right,5,30,90,data/vsl_alphabet_pilot/landmarks/S09/VSL_ALPHA_S09_G_REP05.npz,data/vsl_alphabet_pilot/videos/S09/VSL_ALPHA_S09_G_REP05.mp4,train
VSL_ALPHA_S09_H_REP01,S09,H,letter,Right,1,30,90,data/vsl_alphabet_pilot/landmarks/S09/VSL_ALPHA_S09_H_REP01.npz,data/vsl_alphabet_pilot/videos/S09/VSL_ALPHA_S09_H_REP01.mp4,train
VSL_ALPHA_S09_H_REP02,S09,H,letter,Right,2,30,90,data/vsl_alphabet_pilot/landmarks/S09/VSL_ALPHA_S09_H_REP02.npz,data/vsl_alphabet_pilot/videos/S09/VSL_ALPHA_S09_H_REP02.mp4,train
VSL_ALPHA_S09_H_REP03,S09,H,letter,Right,3,30,90,data/vsl_alphabet_pilot/landmarks/S09/VSL_ALPHA_S09_H_REP03.npz,data/vsl_alphabet_pilot/videos/S09/VSL_ALPHA_S09_H_REP03.mp4,train
VSL_ALPHA_S09_H_REP04,S09,H,letter,Right,4,30,90,data/vsl_alphabet_pilot/landmarks/S09/VSL_ALPHA_S09_H_REP04.npz,data/vsl_alphabet_pilot/videos/S09/VSL_ALPHA_S09_H_REP04.mp4,train
VSL_ALPHA_S09_H_REP05,S09,H,letter,Right,5,30,90,data/vsl_alphabet_pilot/landmarks/S09/VSL_ALPHA_S09_H_REP05.npz,data/vsl_alphabet_pilot/videos/S09/VSL_ALPHA_S09_H_REP05.mp4,train
VSL_ALPHA_S09_I_REP01,S09,I,letter,Right,1,30,90,data/vsl_alphabet_pilot/landmarks/S09/VSL_ALPHA_S09_I_REP01.npz,data/vsl_alphabet_pilot/videos/S09/VSL_ALPHA_S09_I_REP01.mp4,train
VSL_ALPHA_S09_I_REP02,S09,I,letter,Right,2,30,90,data/vsl_alphabet_pilot/landmarks/S09/VSL_ALPHA_S09_I_REP02.npz,data/vsl_alphabet_pilot/videos/S09/VSL_ALPHA_S09_I_REP02.mp4,train
VSL_ALPHA_S09_I_REP03,S09,I,letter,Right,3,30,90,data/vsl_alphabet_pilot/landmarks/S09/VSL_ALPHA_S09_I_REP03.npz,data/vsl_alphabet_pilot/videos/S09/VSL_ALPHA_S09_I_REP03.mp4,train
VSL_ALPHA_S09_I_REP04,S09,I,letter,Right,4,30,90,data/vsl_alphabet_pilot/landmarks/S09/VSL_ALPHA_S09_I_REP04.npz,data/vsl_alphabet_pilot/videos/S09/VSL_ALPHA_S09_I_REP04.mp4,train
VSL_ALPHA_S09_I_REP05,S09,I,letter,Right,5,30,90,data/vsl_alphabet_pilot/landmarks/S09/VSL_ALPHA_S09_I_REP05.npz,data/vsl_alphabet_pilot/videos/S09/VSL_ALPHA_S09_I_REP05.mp4,train
VSL_ALPHA_S09_K_REP01,S09,K,letter,Right,1,30,90,data/vsl_alphabet_pilot/landmarks/S09/VSL_ALPHA_S09_K_REP01.npz,data/vsl_alphabet_pilot/videos/S09/VSL_ALPHA_S09_K_REP01.mp4,train
VSL_ALPHA_S09_K_REP02,S09,K,letter,Right,2,30,90,data/vsl_alphabet_pilot/landmarks/S09/VSL_ALPHA_S09_K_REP02.npz,data/vsl_alphabet_pilot/videos/S09/VSL_ALPHA_S09_K_REP02.mp4,train
VSL_ALPHA_S09_K_REP03,S09,K,letter,Right,3,30,90,data/vsl_alphabet_pilot/landmarks/S09/VSL_ALPHA_S09_K_REP03.npz,data/vsl_alphabet_pilot/videos/S09/VSL_ALPHA_S09_K_REP03.mp4,train
VSL_ALPHA_S09_K_REP04,S09,K,letter,Right,4,30,90,data/vsl_alphabet_pilot/landmarks/S09/VSL_ALPHA_S09_K_REP04.npz,data/vsl_alphabet_pilot/videos/S09/VSL_ALPHA_S09_K_REP04.mp4,train
VSL_ALPHA_S09_K_REP05,S09,K,letter,Right,5,30,90,data/vsl_alphabet_pilot/landmarks/S09/VSL_ALPHA_S09_K_REP05.npz,data/vsl_alphabet_pilot/videos/S09/VSL_ALPHA_S09_K_REP05.mp4,train
VSL_ALPHA_S09_L_REP01,S09,L,letter,Right,1,30,90,data/vsl_alphabet_pilot/landmarks/S09/VSL_ALPHA_S09_L_REP01.npz,data/vsl_alphabet_pilot/videos/S09/VSL_ALPHA_S09_L_REP01.mp4,train
VSL_ALPHA_S09_L_REP02,S09,L,letter,Right,2,30,90,data/vsl_alphabet_pilot/landmarks/S09/VSL_ALPHA_S09_L_REP02.npz,data/vsl_alphabet_pilot/videos/S09/VSL_ALPHA_S09_L_REP02.mp4,train
VSL_ALPHA_S09_L_REP03,S09,L,letter,Right,3,30,90,data/vsl_alphabet_pilot/landmarks/S09/VSL_ALPHA_S09_L_REP03.npz,data/vsl_alphabet_pilot/videos/S09/VSL_ALPHA_S09_L_REP03.mp4,train
VSL_ALPHA_S09_L_REP04,S09,L,letter,Right,4,30,90,data/vsl_alphabet_pilot/landmarks/S09/VSL_ALPHA_S09_L_REP04.npz,data/vsl_alphabet_pilot/videos/S09/VSL_ALPHA_S09_L_REP04.mp4,train
VSL_ALPHA_S09_L_REP05,S09,L,letter,Right,5,30,90,data/vsl_alphabet_pilot/landmarks/S09/VSL_ALPHA_S09_L_REP05.npz,data/vsl_alphabet_pilot/videos/S09/VSL_ALPHA_S09_L_REP05.mp4,train
VSL_ALPHA_S09_M_REP01,S09,M,letter,Right,1,30,90,data/vsl_alphabet_pilot/landmarks/S09/VSL_ALPHA_S09_M_REP01.npz,data/vsl_alphabet_pilot/videos/S09/VSL_ALPHA_S09_M_REP01.mp4,train
VSL_ALPHA_S09_M_REP02,S09,M,letter,Right,2,30,90,data/vsl_alphabet_pilot/landmarks/S09/VSL_ALPHA_S09_M_REP02.npz,data/vsl_alphabet_pilot/videos/S09/VSL_ALPHA_S09_M_REP02.mp4,train
VSL_ALPHA_S09_M_REP03,S09,M,letter,Right,3,30,90,data/vsl_alphabet_pilot/landmarks/S09/VSL_ALPHA_S09_M_REP03.npz,data/vsl_alphabet_pilot/videos/S09/VSL_ALPHA_S09_M_REP03.mp4,train
VSL_ALPHA_S09_M_REP04,S09,M,letter,Right,4,30,90,data/vsl_alphabet_pilot/landmarks/S09/VSL_ALPHA_S09_M_REP04.npz,data/vsl_alphabet_pilot/videos/S09/VSL_ALPHA_S09_M_REP04.mp4,train
VSL_ALPHA_S09_M_REP05,S09,M,letter,Right,5,30,90,data/vsl_alphabet_pilot/landmarks/S09/VSL_ALPHA_S09_M_REP05.npz,data/vsl_alphabet_pilot/videos/S09/VSL_ALPHA_S09_M_REP05.mp4,train
VSL_ALPHA_S09_N_REP01,S09,N,letter,Right,1,30,90,data/vsl_alphabet_pilot/landmarks/S09/VSL_ALPHA_S09_N_REP01.npz,data/vsl_alphabet_pilot/videos/S09/VSL_ALPHA_S09_N_REP01.mp4,train
VSL_ALPHA_S09_N_REP02,S09,N,letter,Right,2,30,90,data/vsl_alphabet_pilot/landmarks/S09/VSL_ALPHA_S09_N_REP02.npz,data/vsl_alphabet_pilot/videos/S09/VSL_ALPHA_S09_N_REP02.mp4,train
VSL_ALPHA_S09_N_REP03,S09,N,letter,Right,3,30,90,data/vsl_alphabet_pilot/landmarks/S09/VSL_ALPHA_S09_N_REP03.npz,data/vsl_alphabet_pilot/videos/S09/VSL_ALPHA_S09_N_REP03.mp4,train
VSL_ALPHA_S09_N_REP04,S09,N,letter,Right,4,30,90,data/vsl_alphabet_pilot/landmarks/S09/VSL_ALPHA_S09_N_REP04.npz,data/vsl_alphabet_pilot/videos/S09/VSL_ALPHA_S09_N_REP04.mp4,train
VSL_ALPHA_S09_N_REP05,S09,N,letter,Right,5,30,90,data/vsl_alphabet_pilot/landmarks/S09/VSL_ALPHA_S09_N_REP05.npz,data/vsl_alphabet_pilot/videos/S09/VSL_ALPHA_S09_N_REP05.mp4,train
VSL_ALPHA_S09_O_REP01,S09,O,letter,Right,1,30,90,data/vsl_alphabet_pilot/landmarks/S09/VSL_ALPHA_S09_O_REP01.npz,data/vsl_alphabet_pilot/videos/S09/VSL_ALPHA_S09_O_REP01.mp4,train
VSL_ALPHA_S09_O_REP02,S09,O,letter,Right,2,30,90,data/vsl_alphabet_pilot/landmarks/S09/VSL_ALPHA_S09_O_REP02.npz,data/vsl_alphabet_pilot/videos/S09/VSL_ALPHA_S09_O_REP02.mp4,train
VSL_ALPHA_S09_O_REP03,S09,O,letter,Right,3,30,90,data/vsl_alphabet_pilot/landmarks/S09/VSL_ALPHA_S09_O_REP03.npz,data/vsl_alphabet_pilot/videos/S09/VSL_ALPHA_S09_O_REP03.mp4,train
VSL_ALPHA_S09_O_REP04,S09,O,letter,Right,4,30,90,data/vsl_alphabet_pilot/landmarks/S09/VSL_ALPHA_S09_O_REP04.npz,data/vsl_alphabet_pilot/videos/S09/VSL_ALPHA_S09_O_REP04.mp4,train
VSL_ALPHA_S09_O_REP05,S09,O,letter,Right,5,30,90,data/vsl_alphabet_pilot/landmarks/S09/VSL_ALPHA_S09_O_REP05.npz,data/vsl_alphabet_pilot/videos/S09/VSL_ALPHA_S09_O_REP05.mp4,train
VSL_ALPHA_S09_P_REP01,S09,P,letter,Right,1,30,90,data/vsl_alphabet_pilot/landmarks/S09/VSL_ALPHA_S09_P_REP01.npz,data/vsl_alphabet_pilot/videos/S09/VSL_ALPHA_S09_P_REP01.mp4,train
VSL_ALPHA_S09_P_REP02,S09,P,letter,Right,2,30,90,data/vsl_alphabet_pilot/landmarks/S09/VSL_ALPHA_S09_P_REP02.npz,data/vsl_alphabet_pilot/videos/S09/VSL_ALPHA_S09_P_REP02.mp4,train
VSL_ALPHA_S09_P_REP03,S09,P,letter,Right,3,30,90,data/vsl_alphabet_pilot/landmarks/S09/VSL_ALPHA_S09_P_REP03.npz,data/vsl_alphabet_pilot/videos/S09/VSL_ALPHA_S09_P_REP03.mp4,train
VSL_ALPHA_S09_P_REP04,S09,P,letter,Right,4,30,90,data/vsl_alphabet_pilot/landmarks/S09/VSL_ALPHA_S09_P_REP04.npz,data/vsl_alphabet_pilot/videos/S09/VSL_ALPHA_S09_P_REP04.mp4,train
VSL_ALPHA_S09_P_REP05,S09,P,letter,Right,5,30,90,data/vsl_alphabet_pilot/landmarks/S09/VSL_ALPHA_S09_P_REP05.npz,data/vsl_alphabet_pilot/videos/S09/VSL_ALPHA_S09_P_REP05.mp4,train
VSL_ALPHA_S09_Q_REP01,S09,Q,letter,Right,1,30,90,data/vsl_alphabet_pilot/landmarks/S09/VSL_ALPHA_S09_Q_REP01.npz,data/vsl_alphabet_pilot/videos/S09/VSL_ALPHA_S09_Q_REP01.mp4,train
VSL_ALPHA_S09_Q_REP02,S09,Q,letter,Right,2,30,90,data/vsl_alphabet_pilot/landmarks/S09/VSL_ALPHA_S09_Q_REP02.npz,data/vsl_alphabet_pilot/videos/S09/VSL_ALPHA_S09_Q_REP02.mp4,train
VSL_ALPHA_S09_Q_REP03,S09,Q,letter,Right,3,30,90,data/vsl_alphabet_pilot/landmarks/S09/VSL_ALPHA_S09_Q_REP03.npz,data/vsl_alphabet_pilot/videos/S09/VSL_ALPHA_S09_Q_REP03.mp4,train
VSL_ALPHA_S09_Q_REP04,S09,Q,letter,Right,4,30,90,data/vsl_alphabet_pilot/landmarks/S09/VSL_ALPHA_S09_Q_REP04.npz,data/vsl_alphabet_pilot/videos/S09/VSL_ALPHA_S09_Q_REP04.mp4,train
VSL_ALPHA_S09_Q_REP05,S09,Q,letter,Right,5,30,90,data/vsl_alphabet_pilot/landmarks/S09/VSL_ALPHA_S09_Q_REP05.npz,data/vsl_alphabet_pilot/videos/S09/VSL_ALPHA_S09_Q_REP05.mp4,train
VSL_ALPHA_S09_R_REP01,S09,R,letter,Right,1,30,90,data/vsl_alphabet_pilot/landmarks/S09/VSL_ALPHA_S09_R_REP01.npz,data/vsl_alphabet_pilot/videos/S09/VSL_ALPHA_S09_R_REP01.mp4,train
VSL_ALPHA_S09_R_REP02,S09,R,letter,Right,2,30,90,data/vsl_alphabet_pilot/landmarks/S09/VSL_ALPHA_S09_R_REP02.npz,data/vsl_alphabet_pilot/videos/S09/VSL_ALPHA_S09_R_REP02.mp4,train
VSL_ALPHA_S09_R_REP03,S09,R,letter,Right,3,30,90,data/vsl_alphabet_pilot/landmarks/S09/VSL_ALPHA_S09_R_REP03.npz,data/vsl_alphabet_pilot/videos/S09/VSL_ALPHA_S09_R_REP03.mp4,train
VSL_ALPHA_S09_R_REP04,S09,R,letter,Right,4,30,90,data/vsl_alphabet_pilot/landmarks/S09/VSL_ALPHA_S09_R_REP04.npz,data/vsl_alphabet_pilot/videos/S09/VSL_ALPHA_S09_R_REP04.mp4,train
VSL_ALPHA_S09_R_REP05,S09,R,letter,Right,5,30,90,data/vsl_alphabet_pilot/landmarks/S09/VSL_ALPHA_S09_R_REP05.npz,data/vsl_alphabet_pilot/videos/S09/VSL_ALPHA_S09_R_REP05.mp4,train
VSL_ALPHA_S09_S_REP01,S09,S,letter,Right,1,30,90,data/vsl_alphabet_pilot/landmarks/S09/VSL_ALPHA_S09_S_REP01.npz,data/vsl_alphabet_pilot/videos/S09/VSL_ALPHA_S09_S_REP01.mp4,train
VSL_ALPHA_S09_S_REP02,S09,S,letter,Right,2,30,90,data/vsl_alphabet_pilot/landmarks/S09/VSL_ALPHA_S09_S_REP02.npz,data/vsl_alphabet_pilot/videos/S09/VSL_ALPHA_S09_S_REP02.mp4,train
VSL_ALPHA_S09_S_REP03,S09,S,letter,Right,3,30,90,data/vsl_alphabet_pilot/landmarks/S09/VSL_ALPHA_S09_S_REP03.npz,data/vsl_alphabet_pilot/videos/S09/VSL_ALPHA_S09_S_REP03.mp4,train
VSL_ALPHA_S09_S_REP04,S09,S,letter,Right,4,30,90,data/vsl_alphabet_pilot/landmarks/S09/VSL_ALPHA_S09_S_REP04.npz,data/vsl_alphabet_pilot/videos/S09/VSL_ALPHA_S09_S_REP04.mp4,train
VSL_ALPHA_S09_S_REP05,S09,S,letter,Right,5,30,90,data/vsl_alphabet_pilot/landmarks/S09/VSL_ALPHA_S09_S_REP05.npz,data/vsl_alphabet_pilot/videos/S09/VSL_ALPHA_S09_S_REP05.mp4,train
VSL_ALPHA_S09_T_REP01,S09,T,letter,Right,1,30,90,data/vsl_alphabet_pilot/landmarks/S09/VSL_ALPHA_S09_T_REP01.npz,data/vsl_alphabet_pilot/videos/S09/VSL_ALPHA_S09_T_REP01.mp4,train
VSL_ALPHA_S09_T_REP02,S09,T,letter,Right,2,30,90,data/vsl_alphabet_pilot/landmarks/S09/VSL_ALPHA_S09_T_REP02.npz,data/vsl_alphabet_pilot/videos/S09/VSL_ALPHA_S09_T_REP02.mp4,train
VSL_ALPHA_S09_T_REP03,S09,T,letter,Right,3,30,90,data/vsl_alphabet_pilot/landmarks/S09/VSL_ALPHA_S09_T_REP03.npz,data/vsl_alphabet_pilot/videos/S09/VSL_ALPHA_S09_T_REP03.mp4,train
VSL_ALPHA_S09_T_REP04,S09,T,letter,Right,4,30,90,data/vsl_alphabet_pilot/landmarks/S09/VSL_ALPHA_S09_T_REP04.npz,data/vsl_alphabet_pilot/videos/S09/VSL_ALPHA_S09_T_REP04.mp4,train
VSL_ALPHA_S09_T_REP05,S09,T,letter,Right,5,30,90,data/vsl_alphabet_pilot/landmarks/S09/VSL_ALPHA_S09_T_REP05.npz,data/vsl_alphabet_pilot/videos/S09/VSL_ALPHA_S09_T_REP05.mp4,train
VSL_ALPHA_S09_U_REP01,S09,U,letter,Right,1,30,90,data/vsl_alphabet_pilot/landmarks/S09/VSL_ALPHA_S09_U_REP01.npz,data/vsl_alphabet_pilot/videos/S09/VSL_ALPHA_S09_U_REP01.mp4,train
VSL_ALPHA_S09_U_REP02,S09,U,letter,Right,2,30,90,data/vsl_alphabet_pilot/landmarks/S09/VSL_ALPHA_S09_U_REP02.npz,data/vsl_alphabet_pilot/videos/S09/VSL_ALPHA_S09_U_REP02.mp4,train
VSL_ALPHA_S09_U_REP03,S09,U,letter,Right,3,30,90,data/vsl_alphabet_pilot/landmarks/S09/VSL_ALPHA_S09_U_REP03.npz,data/vsl_alphabet_pilot/videos/S09/VSL_ALPHA_S09_U_REP03.mp4,train
VSL_ALPHA_S09_U_REP04,S09,U,letter,Right,4,30,90,data/vsl_alphabet_pilot/landmarks/S09/VSL_ALPHA_S09_U_REP04.npz,data/vsl_alphabet_pilot/videos/S09/VSL_ALPHA_S09_U_REP04.mp4,train
VSL_ALPHA_S09_U_REP05,S09,U,letter,Right,5,30,90,data/vsl_alphabet_pilot/landmarks/S09/VSL_ALPHA_S09_U_REP05.npz,data/vsl_alphabet_pilot/videos/S09/VSL_ALPHA_S09_U_REP05.mp4,train
VSL_ALPHA_S09_V_REP01,S09,V,letter,Right,1,30,90,data/vsl_alphabet_pilot/landmarks/S09/VSL_ALPHA_S09_V_REP01.npz,data/vsl_alphabet_pilot/videos/S09/VSL_ALPHA_S09_V_REP01.mp4,train
VSL_ALPHA_S09_V_REP02,S09,V,letter,Right,2,30,90,data/vsl_alphabet_pilot/landmarks/S09/VSL_ALPHA_S09_V_REP02.npz,data/vsl_alphabet_pilot/videos/S09/VSL_ALPHA_S09_V_REP02.mp4,train
VSL_ALPHA_S09_V_REP03,S09,V,letter,Right,3,30,90,data/vsl_alphabet_pilot/landmarks/S09/VSL_ALPHA_S09_V_REP03.npz,data/vsl_alphabet_pilot/videos/S09/VSL_ALPHA_S09_V_REP03.mp4,train
VSL_ALPHA_S09_V_REP04,S09,V,letter,Right,4,30,90,data/vsl_alphabet_pilot/landmarks/S09/VSL_ALPHA_S09_V_REP04.npz,data/vsl_alphabet_pilot/videos/S09/VSL_ALPHA_S09_V_REP04.mp4,train
VSL_ALPHA_S09_V_REP05,S09,V,letter,Right,5,30,90,data/vsl_alphabet_pilot/landmarks/S09/VSL_ALPHA_S09_V_REP05.npz,data/vsl_alphabet_pilot/videos/S09/VSL_ALPHA_S09_V_REP05.mp4,train
VSL_ALPHA_S09_X_REP01,S09,X,letter,Right,1,30,90,data/vsl_alphabet_pilot/landmarks/S09/VSL_ALPHA_S09_X_REP01.npz,data/vsl_alphabet_pilot/videos/S09/VSL_ALPHA_S09_X_REP01.mp4,train
VSL_ALPHA_S09_X_REP02,S09,X,letter,Right,2,30,90,data/vsl_alphabet_pilot/landmarks/S09/VSL_ALPHA_S09_X_REP02.npz,data/vsl_alphabet_pilot/videos/S09/VSL_ALPHA_S09_X_REP02.mp4,train
VSL_ALPHA_S09_X_REP03,S09,X,letter,Right,3,30,90,data/vsl_alphabet_pilot/landmarks/S09/VSL_ALPHA_S09_X_REP03.npz,data/vsl_alphabet_pilot/videos/S09/VSL_ALPHA_S09_X_REP03.mp4,train
VSL_ALPHA_S09_X_REP04,S09,X,letter,Right,4,30,90,data/vsl_alphabet_pilot/landmarks/S09/VSL_ALPHA_S09_X_REP04.npz,data/vsl_alphabet_pilot/videos/S09/VSL_ALPHA_S09_X_REP04.mp4,train
VSL_ALPHA_S09_X_REP05,S09,X,letter,Right,5,30,90,data/vsl_alphabet_pilot/landmarks/S09/VSL_ALPHA_S09_X_REP05.npz,data/vsl_alphabet_pilot/videos/S09/VSL_ALPHA_S09_X_REP05.mp4,train
VSL_ALPHA_S09_Y_REP01,S09,Y,letter,Right,1,30,90,data/vsl_alphabet_pilot/landmarks/S09/VSL_ALPHA_S09_Y_REP01.npz,data/vsl_alphabet_pilot/videos/S09/VSL_ALPHA_S09_Y_REP01.mp4,train
VSL_ALPHA_S09_Y_REP02,S09,Y,letter,Right,2,30,90,data/vsl_alphabet_pilot/landmarks/S09/VSL_ALPHA_S09_Y_REP02.npz,data/vsl_alphabet_pilot/videos/S09/VSL_ALPHA_S09_Y_REP02.mp4,train
VSL_ALPHA_S09_Y_REP03,S09,Y,letter,Right,3,30,90,data/vsl_alphabet_pilot/landmarks/S09/VSL_ALPHA_S09_Y_REP03.npz,data/vsl_alphabet_pilot/videos/S09/VSL_ALPHA_S09_Y_REP03.mp4,train
VSL_ALPHA_S09_Y_REP04,S09,Y,letter,Right,4,30,90,data/vsl_alphabet_pilot/landmarks/S09/VSL_ALPHA_S09_Y_REP04.npz,data/vsl_alphabet_pilot/videos/S09/VSL_ALPHA_S09_Y_REP04.mp4,train
VSL_ALPHA_S09_Y_REP05,S09,Y,letter,Right,5,30,90,data/vsl_alphabet_pilot/landmarks/S09/VSL_ALPHA_S09_Y_REP05.npz,data/vsl_alphabet_pilot/videos/S09/VSL_ALPHA_S09_Y_REP05.mp4,train
VSL_ALPHA_S09_Dau_mu_REP01,S09,Dau_mu,accent,Right,1,30,90,data/vsl_alphabet_pilot/landmarks/S09/VSL_ALPHA_S09_Dau_mu_REP01.npz,data/vsl_alphabet_pilot/videos/S09/VSL_ALPHA_S09_Dau_mu_REP01.mp4,train
VSL_ALPHA_S09_Dau_mu_REP02,S09,Dau_mu,accent,Right,2,30,90,data/vsl_alphabet_pilot/landmarks/S09/VSL_ALPHA_S09_Dau_mu_REP02.npz,data/vsl_alphabet_pilot/videos/S09/VSL_ALPHA_S09_Dau_mu_REP02.mp4,train
VSL_ALPHA_S09_Dau_mu_REP03,S09,Dau_mu,accent,Right,3,30,90,data/vsl_alphabet_pilot/landmarks/S09/VSL_ALPHA_S09_Dau_mu_REP03.npz,data/vsl_alphabet_pilot/videos/S09/VSL_ALPHA_S09_Dau_mu_REP03.mp4,train
VSL_ALPHA_S09_Dau_mu_REP04,S09,Dau_mu,accent,Right,4,30,90,data/vsl_alphabet_pilot/landmarks/S09/VSL_ALPHA_S09_Dau_mu_REP04.npz,data/vsl_alphabet_pilot/videos/S09/VSL_ALPHA_S09_Dau_mu_REP04.mp4,train
VSL_ALPHA_S09_Dau_mu_REP05,S09,Dau_mu,accent,Right,5,30,90,data/vsl_alphabet_pilot/landmarks/S09/VSL_ALPHA_S09_Dau_mu_REP05.npz,data/vsl_alphabet_pilot/videos/S09/VSL_ALPHA_S09_Dau_mu_REP05.mp4,train
VSL_ALPHA_S09_Dau_moc_REP01,S09,Dau_moc,accent,Right,1,30,90,data/vsl_alphabet_pilot/landmarks/S09/VSL_ALPHA_S09_Dau_moc_REP01.npz,data/vsl_alphabet_pilot/videos/S09/VSL_ALPHA_S09_Dau_moc_REP01.mp4,train
VSL_ALPHA_S09_Dau_moc_REP02,S09,Dau_moc,accent,Right,2,30,90,data/vsl_alphabet_pilot/landmarks/S09/VSL_ALPHA_S09_Dau_moc_REP02.npz,data/vsl_alphabet_pilot/videos/S09/VSL_ALPHA_S09_Dau_moc_REP02.mp4,train
VSL_ALPHA_S09_Dau_moc_REP03,S09,Dau_moc,accent,Right,3,30,90,data/vsl_alphabet_pilot/landmarks/S09/VSL_ALPHA_S09_Dau_moc_REP03.npz,data/vsl_alphabet_pilot/videos/S09/VSL_ALPHA_S09_Dau_moc_REP03.mp4,train
VSL_ALPHA_S09_Dau_moc_REP04,S09,Dau_moc,accent,Right,4,30,90,data/vsl_alphabet_pilot/landmarks/S09/VSL_ALPHA_S09_Dau_moc_REP04.npz,data/vsl_alphabet_pilot/videos/S09/VSL_ALPHA_S09_Dau_moc_REP04.mp4,train
VSL_ALPHA_S09_Dau_moc_REP05,S09,Dau_moc,accent,Right,5,30,90,data/vsl_alphabet_pilot/landmarks/S09/VSL_ALPHA_S09_Dau_moc_REP05.npz,data/vsl_alphabet_pilot/videos/S09/VSL_ALPHA_S09_Dau_moc_REP05.mp4,train
VSL_ALPHA_S10_A_REP01,S10,A,letter,Right,1,30,90,data/vsl_alphabet_pilot/landmarks/S10/VSL_ALPHA_S10_A_REP01.npz,data/vsl_alphabet_pilot/videos/S10/VSL_ALPHA_S10_A_REP01.mp4,train
VSL_ALPHA_S10_A_REP02,S10,A,letter,Right,2,30,90,data/vsl_alphabet_pilot/landmarks/S10/VSL_ALPHA_S10_A_REP02.npz,data/vsl_alphabet_pilot/videos/S10/VSL_ALPHA_S10_A_REP02.mp4,train
VSL_ALPHA_S10_A_REP03,S10,A,letter,Right,3,30,90,data/vsl_alphabet_pilot/landmarks/S10/VSL_ALPHA_S10_A_REP03.npz,data/vsl_alphabet_pilot/videos/S10/VSL_ALPHA_S10_A_REP03.mp4,train
VSL_ALPHA_S10_A_REP04,S10,A,letter,Right,4,30,90,data/vsl_alphabet_pilot/landmarks/S10/VSL_ALPHA_S10_A_REP04.npz,data/vsl_alphabet_pilot/videos/S10/VSL_ALPHA_S10_A_REP04.mp4,train
VSL_ALPHA_S10_A_REP05,S10,A,letter,Right,5,30,90,data/vsl_alphabet_pilot/landmarks/S10/VSL_ALPHA_S10_A_REP05.npz,data/vsl_alphabet_pilot/videos/S10/VSL_ALPHA_S10_A_REP05.mp4,train
VSL_ALPHA_S10_B_REP01,S10,B,letter,Right,1,30,90,data/vsl_alphabet_pilot/landmarks/S10/VSL_ALPHA_S10_B_REP01.npz,data/vsl_alphabet_pilot/videos/S10/VSL_ALPHA_S10_B_REP01.mp4,train
VSL_ALPHA_S10_B_REP02,S10,B,letter,Right,2,30,90,data/vsl_alphabet_pilot/landmarks/S10/VSL_ALPHA_S10_B_REP02.npz,data/vsl_alphabet_pilot/videos/S10/VSL_ALPHA_S10_B_REP02.mp4,train
VSL_ALPHA_S10_B_REP03,S10,B,letter,Right,3,30,90,data/vsl_alphabet_pilot/landmarks/S10/VSL_ALPHA_S10_B_REP03.npz,data/vsl_alphabet_pilot/videos/S10/VSL_ALPHA_S10_B_REP03.mp4,train
VSL_ALPHA_S10_B_REP04,S10,B,letter,Right,4,30,90,data/vsl_alphabet_pilot/landmarks/S10/VSL_ALPHA_S10_B_REP04.npz,data/vsl_alphabet_pilot/videos/S10/VSL_ALPHA_S10_B_REP04.mp4,train
VSL_ALPHA_S10_B_REP05,S10,B,letter,Right,5,30,90,data/vsl_alphabet_pilot/landmarks/S10/VSL_ALPHA_S10_B_REP05.npz,data/vsl_alphabet_pilot/videos/S10/VSL_ALPHA_S10_B_REP05.mp4,train
VSL_ALPHA_S10_C_REP01,S10,C,letter,Right,1,30,90,data/vsl_alphabet_pilot/landmarks/S10/VSL_ALPHA_S10_C_REP01.npz,data/vsl_alphabet_pilot/videos/S10/VSL_ALPHA_S10_C_REP01.mp4,train
VSL_ALPHA_S10_C_REP02,S10,C,letter,Right,2,30,90,data/vsl_alphabet_pilot/landmarks/S10/VSL_ALPHA_S10_C_REP02.npz,data/vsl_alphabet_pilot/videos/S10/VSL_ALPHA_S10_C_REP02.mp4,train
VSL_ALPHA_S10_C_REP03,S10,C,letter,Right,3,30,90,data/vsl_alphabet_pilot/landmarks/S10/VSL_ALPHA_S10_C_REP03.npz,data/vsl_alphabet_pilot/videos/S10/VSL_ALPHA_S10_C_REP03.mp4,train
VSL_ALPHA_S10_C_REP04,S10,C,letter,Right,4,30,90,data/vsl_alphabet_pilot/landmarks/S10/VSL_ALPHA_S10_C_REP04.npz,data/vsl_alphabet_pilot/videos/S10/VSL_ALPHA_S10_C_REP04.mp4,train
VSL_ALPHA_S10_C_REP05,S10,C,letter,Right,5,30,90,data/vsl_alphabet_pilot/landmarks/S10/VSL_ALPHA_S10_C_REP05.npz,data/vsl_alphabet_pilot/videos/S10/VSL_ALPHA_S10_C_REP05.mp4,train
VSL_ALPHA_S10_D_REP01,S10,D,letter,Right,1,30,90,data/vsl_alphabet_pilot/landmarks/S10/VSL_ALPHA_S10_D_REP01.npz,data/vsl_alphabet_pilot/videos/S10/VSL_ALPHA_S10_D_REP01.mp4,train
VSL_ALPHA_S10_D_REP02,S10,D,letter,Right,2,30,90,data/vsl_alphabet_pilot/landmarks/S10/VSL_ALPHA_S10_D_REP02.npz,data/vsl_alphabet_pilot/videos/S10/VSL_ALPHA_S10_D_REP02.mp4,train
VSL_ALPHA_S10_D_REP03,S10,D,letter,Right,3,30,90,data/vsl_alphabet_pilot/landmarks/S10/VSL_ALPHA_S10_D_REP03.npz,data/vsl_alphabet_pilot/videos/S10/VSL_ALPHA_S10_D_REP03.mp4,train
VSL_ALPHA_S10_D_REP04,S10,D,letter,Right,4,30,90,data/vsl_alphabet_pilot/landmarks/S10/VSL_ALPHA_S10_D_REP04.npz,data/vsl_alphabet_pilot/videos/S10/VSL_ALPHA_S10_D_REP04.mp4,train
VSL_ALPHA_S10_D_REP05,S10,D,letter,Right,5,30,90,data/vsl_alphabet_pilot/landmarks/S10/VSL_ALPHA_S10_D_REP05.npz,data/vsl_alphabet_pilot/videos/S10/VSL_ALPHA_S10_D_REP05.mp4,train
VSL_ALPHA_S10_Đ_REP01,S10,Đ,letter,Right,1,30,90,data/vsl_alphabet_pilot/landmarks/S10/VSL_ALPHA_S10_Đ_REP01.npz,data/vsl_alphabet_pilot/videos/S10/VSL_ALPHA_S10_Đ_REP01.mp4,train
VSL_ALPHA_S10_Đ_REP02,S10,Đ,letter,Right,2,30,90,data/vsl_alphabet_pilot/landmarks/S10/VSL_ALPHA_S10_Đ_REP02.npz,data/vsl_alphabet_pilot/videos/S10/VSL_ALPHA_S10_Đ_REP02.mp4,train
VSL_ALPHA_S10_Đ_REP03,S10,Đ,letter,Right,3,30,90,data/vsl_alphabet_pilot/landmarks/S10/VSL_ALPHA_S10_Đ_REP03.npz,data/vsl_alphabet_pilot/videos/S10/VSL_ALPHA_S10_Đ_REP03.mp4,train
VSL_ALPHA_S10_Đ_REP04,S10,Đ,letter,Right,4,30,90,data/vsl_alphabet_pilot/landmarks/S10/VSL_ALPHA_S10_Đ_REP04.npz,data/vsl_alphabet_pilot/videos/S10/VSL_ALPHA_S10_Đ_REP04.mp4,train
VSL_ALPHA_S10_Đ_REP05,S10,Đ,letter,Right,5,30,90,data/vsl_alphabet_pilot/landmarks/S10/VSL_ALPHA_S10_Đ_REP05.npz,data/vsl_alphabet_pilot/videos/S10/VSL_ALPHA_S10_Đ_REP05.mp4,train
VSL_ALPHA_S10_E_REP01,S10,E,letter,Right,1,30,90,data/vsl_alphabet_pilot/landmarks/S10/VSL_ALPHA_S10_E_REP01.npz,data/vsl_alphabet_pilot/videos/S10/VSL_ALPHA_S10_E_REP01.mp4,train
VSL_ALPHA_S10_E_REP02,S10,E,letter,Right,2,30,90,data/vsl_alphabet_pilot/landmarks/S10/VSL_ALPHA_S10_E_REP02.npz,data/vsl_alphabet_pilot/videos/S10/VSL_ALPHA_S10_E_REP02.mp4,train
VSL_ALPHA_S10_E_REP03,S10,E,letter,Right,3,30,90,data/vsl_alphabet_pilot/landmarks/S10/VSL_ALPHA_S10_E_REP03.npz,data/vsl_alphabet_pilot/videos/S10/VSL_ALPHA_S10_E_REP03.mp4,train
VSL_ALPHA_S10_E_REP04,S10,E,letter,Right,4,30,90,data/vsl_alphabet_pilot/landmarks/S10/VSL_ALPHA_S10_E_REP04.npz,data/vsl_alphabet_pilot/videos/S10/VSL_ALPHA_S10_E_REP04.mp4,train
VSL_ALPHA_S10_E_REP05,S10,E,letter,Right,5,30,90,data/vsl_alphabet_pilot/landmarks/S10/VSL_ALPHA_S10_E_REP05.npz,data/vsl_alphabet_pilot/videos/S10/VSL_ALPHA_S10_E_REP05.mp4,train
VSL_ALPHA_S10_G_REP01,S10,G,letter,Right,1,30,90,data/vsl_alphabet_pilot/landmarks/S10/VSL_ALPHA_S10_G_REP01.npz,data/vsl_alphabet_pilot/videos/S10/VSL_ALPHA_S10_G_REP01.mp4,train
VSL_ALPHA_S10_G_REP02,S10,G,letter,Right,2,30,90,data/vsl_alphabet_pilot/landmarks/S10/VSL_ALPHA_S10_G_REP02.npz,data/vsl_alphabet_pilot/videos/S10/VSL_ALPHA_S10_G_REP02.mp4,train
VSL_ALPHA_S10_G_REP03,S10,G,letter,Right,3,30,90,data/vsl_alphabet_pilot/landmarks/S10/VSL_ALPHA_S10_G_REP03.npz,data/vsl_alphabet_pilot/videos/S10/VSL_ALPHA_S10_G_REP03.mp4,train
VSL_ALPHA_S10_G_REP04,S10,G,letter,Right,4,30,90,data/vsl_alphabet_pilot/landmarks/S10/VSL_ALPHA_S10_G_REP04.npz,data/vsl_alphabet_pilot/videos/S10/VSL_ALPHA_S10_G_REP04.mp4,train
VSL_ALPHA_S10_G_REP05,S10,G,letter,Right,5,30,90,data/vsl_alphabet_pilot/landmarks/S10/VSL_ALPHA_S10_G_REP05.npz,data/vsl_alphabet_pilot/videos/S10/VSL_ALPHA_S10_G_REP05.mp4,train
VSL_ALPHA_S10_H_REP01,S10,H,letter,Right,1,30,90,data/vsl_alphabet_pilot/landmarks/S10/VSL_ALPHA_S10_H_REP01.npz,data/vsl_alphabet_pilot/videos/S10/VSL_ALPHA_S10_H_REP01.mp4,train
VSL_ALPHA_S10_H_REP02,S10,H,letter,Right,2,30,90,data/vsl_alphabet_pilot/landmarks/S10/VSL_ALPHA_S10_H_REP02.npz,data/vsl_alphabet_pilot/videos/S10/VSL_ALPHA_S10_H_REP02.mp4,train
VSL_ALPHA_S10_H_REP03,S10,H,letter,Right,3,30,90,data/vsl_alphabet_pilot/landmarks/S10/VSL_ALPHA_S10_H_REP03.npz,data/vsl_alphabet_pilot/videos/S10/VSL_ALPHA_S10_H_REP03.mp4,train
VSL_ALPHA_S10_H_REP04,S10,H,letter,Right,4,30,90,data/vsl_alphabet_pilot/landmarks/S10/VSL_ALPHA_S10_H_REP04.npz,data/vsl_alphabet_pilot/videos/S10/VSL_ALPHA_S10_H_REP04.mp4,train
VSL_ALPHA_S10_H_REP05,S10,H,letter,Right,5,30,90,data/vsl_alphabet_pilot/landmarks/S10/VSL_ALPHA_S10_H_REP05.npz,data/vsl_alphabet_pilot/videos/S10/VSL_ALPHA_S10_H_REP05.mp4,train
VSL_ALPHA_S10_I_REP01,S10,I,letter,Right,1,30,90,data/vsl_alphabet_pilot/landmarks/S10/VSL_ALPHA_S10_I_REP01.npz,data/vsl_alphabet_pilot/videos/S10/VSL_ALPHA_S10_I_REP01.mp4,train
VSL_ALPHA_S10_I_REP02,S10,I,letter,Right,2,30,90,data/vsl_alphabet_pilot/landmarks/S10/VSL_ALPHA_S10_I_REP02.npz,data/vsl_alphabet_pilot/videos/S10/VSL_ALPHA_S10_I_REP02.mp4,train
VSL_ALPHA_S10_I_REP03,S10,I,letter,Right,3,30,90,data/vsl_alphabet_pilot/landmarks/S10/VSL_ALPHA_S10_I_REP03.npz,data/vsl_alphabet_pilot/videos/S10/VSL_ALPHA_S10_I_REP03.mp4,train
VSL_ALPHA_S10_I_REP04,S10,I,letter,Right,4,30,90,data/vsl_alphabet_pilot/landmarks/S10/VSL_ALPHA_S10_I_REP04.npz,data/vsl_alphabet_pilot/videos/S10/VSL_ALPHA_S10_I_REP04.mp4,train
VSL_ALPHA_S10_I_REP05,S10,I,letter,Right,5,30,90,data/vsl_alphabet_pilot/landmarks/S10/VSL_ALPHA_S10_I_REP05.npz,data/vsl_alphabet_pilot/videos/S10/VSL_ALPHA_S10_I_REP05.mp4,train
VSL_ALPHA_S10_K_REP01,S10,K,letter,Right,1,30,90,data/vsl_alphabet_pilot/landmarks/S10/VSL_ALPHA_S10_K_REP01.npz,data/vsl_alphabet_pilot/videos/S10/VSL_ALPHA_S10_K_REP01.mp4,train
VSL_ALPHA_S10_K_REP02,S10,K,letter,Right,2,30,90,data/vsl_alphabet_pilot/landmarks/S10/VSL_ALPHA_S10_K_REP02.npz,data/vsl_alphabet_pilot/videos/S10/VSL_ALPHA_S10_K_REP02.mp4,train
VSL_ALPHA_S10_K_REP03,S10,K,letter,Right,3,30,90,data/vsl_alphabet_pilot/landmarks/S10/VSL_ALPHA_S10_K_REP03.npz,data/vsl_alphabet_pilot/videos/S10/VSL_ALPHA_S10_K_REP03.mp4,train
VSL_ALPHA_S10_K_REP04,S10,K,letter,Right,4,30,90,data/vsl_alphabet_pilot/landmarks/S10/VSL_ALPHA_S10_K_REP04.npz,data/vsl_alphabet_pilot/videos/S10/VSL_ALPHA_S10_K_REP04.mp4,train
VSL_ALPHA_S10_K_REP05,S10,K,letter,Right,5,30,90,data/vsl_alphabet_pilot/landmarks/S10/VSL_ALPHA_S10_K_REP05.npz,data/vsl_alphabet_pilot/videos/S10/VSL_ALPHA_S10_K_REP05.mp4,train
VSL_ALPHA_S10_L_REP01,S10,L,letter,Right,1,30,90,data/vsl_alphabet_pilot/landmarks/S10/VSL_ALPHA_S10_L_REP01.npz,data/vsl_alphabet_pilot/videos/S10/VSL_ALPHA_S10_L_REP01.mp4,train
VSL_ALPHA_S10_L_REP02,S10,L,letter,Right,2,30,90,data/vsl_alphabet_pilot/landmarks/S10/VSL_ALPHA_S10_L_REP02.npz,data/vsl_alphabet_pilot/videos/S10/VSL_ALPHA_S10_L_REP02.mp4,train
VSL_ALPHA_S10_L_REP03,S10,L,letter,Right,3,30,90,data/vsl_alphabet_pilot/landmarks/S10/VSL_ALPHA_S10_L_REP03.npz,data/vsl_alphabet_pilot/videos/S10/VSL_ALPHA_S10_L_REP03.mp4,train
VSL_ALPHA_S10_L_REP04,S10,L,letter,Right,4,30,90,data/vsl_alphabet_pilot/landmarks/S10/VSL_ALPHA_S10_L_REP04.npz,data/vsl_alphabet_pilot/videos/S10/VSL_ALPHA_S10_L_REP04.mp4,train
VSL_ALPHA_S10_L_REP05,S10,L,letter,Right,5,30,90,data/vsl_alphabet_pilot/landmarks/S10/VSL_ALPHA_S10_L_REP05.npz,data/vsl_alphabet_pilot/videos/S10/VSL_ALPHA_S10_L_REP05.mp4,train
VSL_ALPHA_S10_M_REP01,S10,M,letter,Right,1,30,90,data/vsl_alphabet_pilot/landmarks/S10/VSL_ALPHA_S10_M_REP01.npz,data/vsl_alphabet_pilot/videos/S10/VSL_ALPHA_S10_M_REP01.mp4,train
VSL_ALPHA_S10_M_REP02,S10,M,letter,Right,2,30,90,data/vsl_alphabet_pilot/landmarks/S10/VSL_ALPHA_S10_M_REP02.npz,data/vsl_alphabet_pilot/videos/S10/VSL_ALPHA_S10_M_REP02.mp4,train
VSL_ALPHA_S10_M_REP03,S10,M,letter,Right,3,30,90,data/vsl_alphabet_pilot/landmarks/S10/VSL_ALPHA_S10_M_REP03.npz,data/vsl_alphabet_pilot/videos/S10/VSL_ALPHA_S10_M_REP03.mp4,train
VSL_ALPHA_S10_M_REP04,S10,M,letter,Right,4,30,90,data/vsl_alphabet_pilot/landmarks/S10/VSL_ALPHA_S10_M_REP04.npz,data/vsl_alphabet_pilot/videos/S10/VSL_ALPHA_S10_M_REP04.mp4,train
VSL_ALPHA_S10_M_REP05,S10,M,letter,Right,5,30,90,data/vsl_alphabet_pilot/landmarks/S10/VSL_ALPHA_S10_M_REP05.npz,data/vsl_alphabet_pilot/videos/S10/VSL_ALPHA_S10_M_REP05.mp4,train
VSL_ALPHA_S10_N_REP01,S10,N,letter,Right,1,30,90,data/vsl_alphabet_pilot/landmarks/S10/VSL_ALPHA_S10_N_REP01.npz,data/vsl_alphabet_pilot/videos/S10/VSL_ALPHA_S10_N_REP01.mp4,train
VSL_ALPHA_S10_N_REP02,S10,N,letter,Right,2,30,90,data/vsl_alphabet_pilot/landmarks/S10/VSL_ALPHA_S10_N_REP02.npz,data/vsl_alphabet_pilot/videos/S10/VSL_ALPHA_S10_N_REP02.mp4,train
VSL_ALPHA_S10_N_REP03,S10,N,letter,Right,3,30,90,data/vsl_alphabet_pilot/landmarks/S10/VSL_ALPHA_S10_N_REP03.npz,data/vsl_alphabet_pilot/videos/S10/VSL_ALPHA_S10_N_REP03.mp4,train
VSL_ALPHA_S10_N_REP04,S10,N,letter,Right,4,30,90,data/vsl_alphabet_pilot/landmarks/S10/VSL_ALPHA_S10_N_REP04.npz,data/vsl_alphabet_pilot/videos/S10/VSL_ALPHA_S10_N_REP04.mp4,train
VSL_ALPHA_S10_N_REP05,S10,N,letter,Right,5,30,90,data/vsl_alphabet_pilot/landmarks/S10/VSL_ALPHA_S10_N_REP05.npz,data/vsl_alphabet_pilot/videos/S10/VSL_ALPHA_S10_N_REP05.mp4,train
VSL_ALPHA_S10_O_REP01,S10,O,letter,Right,1,30,90,data/vsl_alphabet_pilot/landmarks/S10/VSL_ALPHA_S10_O_REP01.npz,data/vsl_alphabet_pilot/videos/S10/VSL_ALPHA_S10_O_REP01.mp4,train
VSL_ALPHA_S10_O_REP02,S10,O,letter,Right,2,30,90,data/vsl_alphabet_pilot/landmarks/S10/VSL_ALPHA_S10_O_REP02.npz,data/vsl_alphabet_pilot/videos/S10/VSL_ALPHA_S10_O_REP02.mp4,train
VSL_ALPHA_S10_O_REP03,S10,O,letter,Right,3,30,90,data/vsl_alphabet_pilot/landmarks/S10/VSL_ALPHA_S10_O_REP03.npz,data/vsl_alphabet_pilot/videos/S10/VSL_ALPHA_S10_O_REP03.mp4,train
VSL_ALPHA_S10_O_REP04,S10,O,letter,Right,4,30,90,data/vsl_alphabet_pilot/landmarks/S10/VSL_ALPHA_S10_O_REP04.npz,data/vsl_alphabet_pilot/videos/S10/VSL_ALPHA_S10_O_REP04.mp4,train
VSL_ALPHA_S10_O_REP05,S10,O,letter,Right,5,30,90,data/vsl_alphabet_pilot/landmarks/S10/VSL_ALPHA_S10_O_REP05.npz,data/vsl_alphabet_pilot/videos/S10/VSL_ALPHA_S10_O_REP05.mp4,train
VSL_ALPHA_S10_P_REP01,S10,P,letter,Right,1,30,90,data/vsl_alphabet_pilot/landmarks/S10/VSL_ALPHA_S10_P_REP01.npz,data/vsl_alphabet_pilot/videos/S10/VSL_ALPHA_S10_P_REP01.mp4,train
VSL_ALPHA_S10_P_REP02,S10,P,letter,Right,2,30,90,data/vsl_alphabet_pilot/landmarks/S10/VSL_ALPHA_S10_P_REP02.npz,data/vsl_alphabet_pilot/videos/S10/VSL_ALPHA_S10_P_REP02.mp4,train
VSL_ALPHA_S10_P_REP03,S10,P,letter,Right,3,30,90,data/vsl_alphabet_pilot/landmarks/S10/VSL_ALPHA_S10_P_REP03.npz,data/vsl_alphabet_pilot/videos/S10/VSL_ALPHA_S10_P_REP03.mp4,train
VSL_ALPHA_S10_P_REP04,S10,P,letter,Right,4,30,90,data/vsl_alphabet_pilot/landmarks/S10/VSL_ALPHA_S10_P_REP04.npz,data/vsl_alphabet_pilot/videos/S10/VSL_ALPHA_S10_P_REP04.mp4,train
VSL_ALPHA_S10_P_REP05,S10,P,letter,Right,5,30,90,data/vsl_alphabet_pilot/landmarks/S10/VSL_ALPHA_S10_P_REP05.npz,data/vsl_alphabet_pilot/videos/S10/VSL_ALPHA_S10_P_REP05.mp4,train
VSL_ALPHA_S10_Q_REP01,S10,Q,letter,Right,1,30,90,data/vsl_alphabet_pilot/landmarks/S10/VSL_ALPHA_S10_Q_REP01.npz,data/vsl_alphabet_pilot/videos/S10/VSL_ALPHA_S10_Q_REP01.mp4,train
VSL_ALPHA_S10_Q_REP02,S10,Q,letter,Right,2,30,90,data/vsl_alphabet_pilot/landmarks/S10/VSL_ALPHA_S10_Q_REP02.npz,data/vsl_alphabet_pilot/videos/S10/VSL_ALPHA_S10_Q_REP02.mp4,train
VSL_ALPHA_S10_Q_REP03,S10,Q,letter,Right,3,30,90,data/vsl_alphabet_pilot/landmarks/S10/VSL_ALPHA_S10_Q_REP03.npz,data/vsl_alphabet_pilot/videos/S10/VSL_ALPHA_S10_Q_REP03.mp4,train
VSL_ALPHA_S10_Q_REP04,S10,Q,letter,Right,4,30,90,data/vsl_alphabet_pilot/landmarks/S10/VSL_ALPHA_S10_Q_REP04.npz,data/vsl_alphabet_pilot/videos/S10/VSL_ALPHA_S10_Q_REP04.mp4,train
VSL_ALPHA_S10_Q_REP05,S10,Q,letter,Right,5,30,90,data/vsl_alphabet_pilot/landmarks/S10/VSL_ALPHA_S10_Q_REP05.npz,data/vsl_alphabet_pilot/videos/S10/VSL_ALPHA_S10_Q_REP05.mp4,train
VSL_ALPHA_S10_R_REP01,S10,R,letter,Right,1,30,90,data/vsl_alphabet_pilot/landmarks/S10/VSL_ALPHA_S10_R_REP01.npz,data/vsl_alphabet_pilot/videos/S10/VSL_ALPHA_S10_R_REP01.mp4,train
VSL_ALPHA_S10_R_REP02,S10,R,letter,Right,2,30,90,data/vsl_alphabet_pilot/landmarks/S10/VSL_ALPHA_S10_R_REP02.npz,data/vsl_alphabet_pilot/videos/S10/VSL_ALPHA_S10_R_REP02.mp4,train
VSL_ALPHA_S10_R_REP03,S10,R,letter,Right,3,30,90,data/vsl_alphabet_pilot/landmarks/S10/VSL_ALPHA_S10_R_REP03.npz,data/vsl_alphabet_pilot/videos/S10/VSL_ALPHA_S10_R_REP03.mp4,train
VSL_ALPHA_S10_R_REP04,S10,R,letter,Right,4,30,90,data/vsl_alphabet_pilot/landmarks/S10/VSL_ALPHA_S10_R_REP04.npz,data/vsl_alphabet_pilot/videos/S10/VSL_ALPHA_S10_R_REP04.mp4,train
VSL_ALPHA_S10_R_REP05,S10,R,letter,Right,5,30,90,data/vsl_alphabet_pilot/landmarks/S10/VSL_ALPHA_S10_R_REP05.npz,data/vsl_alphabet_pilot/videos/S10/VSL_ALPHA_S10_R_REP05.mp4,train
VSL_ALPHA_S10_S_REP01,S10,S,letter,Right,1,30,90,data/vsl_alphabet_pilot/landmarks/S10/VSL_ALPHA_S10_S_REP01.npz,data/vsl_alphabet_pilot/videos/S10/VSL_ALPHA_S10_S_REP01.mp4,train
VSL_ALPHA_S10_S_REP02,S10,S,letter,Right,2,30,90,data/vsl_alphabet_pilot/landmarks/S10/VSL_ALPHA_S10_S_REP02.npz,data/vsl_alphabet_pilot/videos/S10/VSL_ALPHA_S10_S_REP02.mp4,train
VSL_ALPHA_S10_S_REP03,S10,S,letter,Right,3,30,90,data/vsl_alphabet_pilot/landmarks/S10/VSL_ALPHA_S10_S_REP03.npz,data/vsl_alphabet_pilot/videos/S10/VSL_ALPHA_S10_S_REP03.mp4,train
VSL_ALPHA_S10_S_REP04,S10,S,letter,Right,4,30,90,data/vsl_alphabet_pilot/landmarks/S10/VSL_ALPHA_S10_S_REP04.npz,data/vsl_alphabet_pilot/videos/S10/VSL_ALPHA_S10_S_REP04.mp4,train
VSL_ALPHA_S10_S_REP05,S10,S,letter,Right,5,30,90,data/vsl_alphabet_pilot/landmarks/S10/VSL_ALPHA_S10_S_REP05.npz,data/vsl_alphabet_pilot/videos/S10/VSL_ALPHA_S10_S_REP05.mp4,train
VSL_ALPHA_S10_T_REP01,S10,T,letter,Right,1,30,90,data/vsl_alphabet_pilot/landmarks/S10/VSL_ALPHA_S10_T_REP01.npz,data/vsl_alphabet_pilot/videos/S10/VSL_ALPHA_S10_T_REP01.mp4,train
VSL_ALPHA_S10_T_REP02,S10,T,letter,Right,2,30,90,data/vsl_alphabet_pilot/landmarks/S10/VSL_ALPHA_S10_T_REP02.npz,data/vsl_alphabet_pilot/videos/S10/VSL_ALPHA_S10_T_REP02.mp4,train
VSL_ALPHA_S10_T_REP03,S10,T,letter,Right,3,30,90,data/vsl_alphabet_pilot/landmarks/S10/VSL_ALPHA_S10_T_REP03.npz,data/vsl_alphabet_pilot/videos/S10/VSL_ALPHA_S10_T_REP03.mp4,train
VSL_ALPHA_S10_T_REP04,S10,T,letter,Right,4,30,90,data/vsl_alphabet_pilot/landmarks/S10/VSL_ALPHA_S10_T_REP04.npz,data/vsl_alphabet_pilot/videos/S10/VSL_ALPHA_S10_T_REP04.mp4,train
VSL_ALPHA_S10_T_REP05,S10,T,letter,Right,5,30,90,data/vsl_alphabet_pilot/landmarks/S10/VSL_ALPHA_S10_T_REP05.npz,data/vsl_alphabet_pilot/videos/S10/VSL_ALPHA_S10_T_REP05.mp4,train
VSL_ALPHA_S10_U_REP01,S10,U,letter,Right,1,30,90,data/vsl_alphabet_pilot/landmarks/S10/VSL_ALPHA_S10_U_REP01.npz,data/vsl_alphabet_pilot/videos/S10/VSL_ALPHA_S10_U_REP01.mp4,train
VSL_ALPHA_S10_U_REP02,S10,U,letter,Right,2,30,90,data/vsl_alphabet_pilot/landmarks/S10/VSL_ALPHA_S10_U_REP02.npz,data/vsl_alphabet_pilot/videos/S10/VSL_ALPHA_S10_U_REP02.mp4,train
VSL_ALPHA_S10_U_REP03,S10,U,letter,Right,3,30,90,data/vsl_alphabet_pilot/landmarks/S10/VSL_ALPHA_S10_U_REP03.npz,data/vsl_alphabet_pilot/videos/S10/VSL_ALPHA_S10_U_REP03.mp4,train
VSL_ALPHA_S10_U_REP04,S10,U,letter,Right,4,30,90,data/vsl_alphabet_pilot/landmarks/S10/VSL_ALPHA_S10_U_REP04.npz,data/vsl_alphabet_pilot/videos/S10/VSL_ALPHA_S10_U_REP04.mp4,train
VSL_ALPHA_S10_U_REP05,S10,U,letter,Right,5,30,90,data/vsl_alphabet_pilot/landmarks/S10/VSL_ALPHA_S10_U_REP05.npz,data/vsl_alphabet_pilot/videos/S10/VSL_ALPHA_S10_U_REP05.mp4,train
VSL_ALPHA_S10_V_REP01,S10,V,letter,Right,1,30,90,data/vsl_alphabet_pilot/landmarks/S10/VSL_ALPHA_S10_V_REP01.npz,data/vsl_alphabet_pilot/videos/S10/VSL_ALPHA_S10_V_REP01.mp4,train
VSL_ALPHA_S10_V_REP02,S10,V,letter,Right,2,30,90,data/vsl_alphabet_pilot/landmarks/S10/VSL_ALPHA_S10_V_REP02.npz,data/vsl_alphabet_pilot/videos/S10/VSL_ALPHA_S10_V_REP02.mp4,train
VSL_ALPHA_S10_V_REP03,S10,V,letter,Right,3,30,90,data/vsl_alphabet_pilot/landmarks/S10/VSL_ALPHA_S10_V_REP03.npz,data/vsl_alphabet_pilot/videos/S10/VSL_ALPHA_S10_V_REP03.mp4,train
VSL_ALPHA_S10_V_REP04,S10,V,letter,Right,4,30,90,data/vsl_alphabet_pilot/landmarks/S10/VSL_ALPHA_S10_V_REP04.npz,data/vsl_alphabet_pilot/videos/S10/VSL_ALPHA_S10_V_REP04.mp4,train
VSL_ALPHA_S10_V_REP05,S10,V,letter,Right,5,30,90,data/vsl_alphabet_pilot/landmarks/S10/VSL_ALPHA_S10_V_REP05.npz,data/vsl_alphabet_pilot/videos/S10/VSL_ALPHA_S10_V_REP05.mp4,train
VSL_ALPHA_S10_X_REP01,S10,X,letter,Right,1,30,90,data/vsl_alphabet_pilot/landmarks/S10/VSL_ALPHA_S10_X_REP01.npz,data/vsl_alphabet_pilot/videos/S10/VSL_ALPHA_S10_X_REP01.mp4,train
VSL_ALPHA_S10_X_REP02,S10,X,letter,Right,2,30,90,data/vsl_alphabet_pilot/landmarks/S10/VSL_ALPHA_S10_X_REP02.npz,data/vsl_alphabet_pilot/videos/S10/VSL_ALPHA_S10_X_REP02.mp4,train
VSL_ALPHA_S10_X_REP03,S10,X,letter,Right,3,30,90,data/vsl_alphabet_pilot/landmarks/S10/VSL_ALPHA_S10_X_REP03.npz,data/vsl_alphabet_pilot/videos/S10/VSL_ALPHA_S10_X_REP03.mp4,train
VSL_ALPHA_S10_X_REP04,S10,X,letter,Right,4,30,90,data/vsl_alphabet_pilot/landmarks/S10/VSL_ALPHA_S10_X_REP04.npz,data/vsl_alphabet_pilot/videos/S10/VSL_ALPHA_S10_X_REP04.mp4,train
VSL_ALPHA_S10_X_REP05,S10,X,letter,Right,5,30,90,data/vsl_alphabet_pilot/landmarks/S10/VSL_ALPHA_S10_X_REP05.npz,data/vsl_alphabet_pilot/videos/S10/VSL_ALPHA_S10_X_REP05.mp4,train
VSL_ALPHA_S10_Y_REP01,S10,Y,letter,Right,1,30,90,data/vsl_alphabet_pilot/landmarks/S10/VSL_ALPHA_S10_Y_REP01.npz,data/vsl_alphabet_pilot/videos/S10/VSL_ALPHA_S10_Y_REP01.mp4,train
VSL_ALPHA_S10_Y_REP02,S10,Y,letter,Right,2,30,90,data/vsl_alphabet_pilot/landmarks/S10/VSL_ALPHA_S10_Y_REP02.npz,data/vsl_alphabet_pilot/videos/S10/VSL_ALPHA_S10_Y_REP02.mp4,train
VSL_ALPHA_S10_Y_REP03,S10,Y,letter,Right,3,30,90,data/vsl_alphabet_pilot/landmarks/S10/VSL_ALPHA_S10_Y_REP03.npz,data/vsl_alphabet_pilot/videos/S10/VSL_ALPHA_S10_Y_REP03.mp4,train
VSL_ALPHA_S10_Y_REP04,S10,Y,letter,Right,4,30,90,data/vsl_alphabet_pilot/landmarks/S10/VSL_ALPHA_S10_Y_REP04.npz,data/vsl_alphabet_pilot/videos/S10/VSL_ALPHA_S10_Y_REP04.mp4,train
VSL_ALPHA_S10_Y_REP05,S10,Y,letter,Right,5,30,90,data/vsl_alphabet_pilot/landmarks/S10/VSL_ALPHA_S10_Y_REP05.npz,data/vsl_alphabet_pilot/videos/S10/VSL_ALPHA_S10_Y_REP05.mp4,train
VSL_ALPHA_S10_Dau_mu_REP01,S10,Dau_mu,accent,Right,1,30,90,data/vsl_alphabet_pilot/landmarks/S10/VSL_ALPHA_S10_Dau_mu_REP01.npz,data/vsl_alphabet_pilot/videos/S10/VSL_ALPHA_S10_Dau_mu_REP01.mp4,train
VSL_ALPHA_S10_Dau_mu_REP02,S10,Dau_mu,accent,Right,2,30,90,data/vsl_alphabet_pilot/landmarks/S10/VSL_ALPHA_S10_Dau_mu_REP02.npz,data/vsl_alphabet_pilot/videos/S10/VSL_ALPHA_S10_Dau_mu_REP02.mp4,train
VSL_ALPHA_S10_Dau_mu_REP03,S10,Dau_mu,accent,Right,3,30,90,data/vsl_alphabet_pilot/landmarks/S10/VSL_ALPHA_S10_Dau_mu_REP03.npz,data/vsl_alphabet_pilot/videos/S10/VSL_ALPHA_S10_Dau_mu_REP03.mp4,train
VSL_ALPHA_S10_Dau_mu_REP04,S10,Dau_mu,accent,Right,4,30,90,data/vsl_alphabet_pilot/landmarks/S10/VSL_ALPHA_S10_Dau_mu_REP04.npz,data/vsl_alphabet_pilot/videos/S10/VSL_ALPHA_S10_Dau_mu_REP04.mp4,train
VSL_ALPHA_S10_Dau_mu_REP05,S10,Dau_mu,accent,Right,5,30,90,data/vsl_alphabet_pilot/landmarks/S10/VSL_ALPHA_S10_Dau_mu_REP05.npz,data/vsl_alphabet_pilot/videos/S10/VSL_ALPHA_S10_Dau_mu_REP05.mp4,train
VSL_ALPHA_S10_Dau_moc_REP01,S10,Dau_moc,accent,Right,1,30,90,data/vsl_alphabet_pilot/landmarks/S10/VSL_ALPHA_S10_Dau_moc_REP01.npz,data/vsl_alphabet_pilot/videos/S10/VSL_ALPHA_S10_Dau_moc_REP01.mp4,train
VSL_ALPHA_S10_Dau_moc_REP02,S10,Dau_moc,accent,Right,2,30,90,data/vsl_alphabet_pilot/landmarks/S10/VSL_ALPHA_S10_Dau_moc_REP02.npz,data/vsl_alphabet_pilot/videos/S10/VSL_ALPHA_S10_Dau_moc_REP02.mp4,train
VSL_ALPHA_S10_Dau_moc_REP03,S10,Dau_moc,accent,Right,3,30,90,data/vsl_alphabet_pilot/landmarks/S10/VSL_ALPHA_S10_Dau_moc_REP03.npz,data/vsl_alphabet_pilot/videos/S10/VSL_ALPHA_S10_Dau_moc_REP03.mp4,train
VSL_ALPHA_S10_Dau_moc_REP04,S10,Dau_moc,accent,Right,4,30,90,data/vsl_alphabet_pilot/landmarks/S10/VSL_ALPHA_S10_Dau_moc_REP04.npz,data/vsl_alphabet_pilot/videos/S10/VSL_ALPHA_S10_Dau_moc_REP04.mp4,train
VSL_ALPHA_S10_Dau_moc_REP05,S10,Dau_moc,accent,Right,5,30,90,data/vsl_alphabet_pilot/landmarks/S10/VSL_ALPHA_S10_Dau_moc_REP05.npz,data/vsl_alphabet_pilot/videos/S10/VSL_ALPHA_S10_Dau_moc_REP05.mp4,train
VSL_ALPHA_S11_A_REP01,S11,A,letter,Right,1,30,90,data/vsl_alphabet_pilot/landmarks/S11/VSL_ALPHA_S11_A_REP01.npz,data/vsl_alphabet_pilot/videos/S11/VSL_ALPHA_S11_A_REP01.mp4,train
VSL_ALPHA_S11_A_REP02,S11,A,letter,Right,2,30,90,data/vsl_alphabet_pilot/landmarks/S11/VSL_ALPHA_S11_A_REP02.npz,data/vsl_alphabet_pilot/videos/S11/VSL_ALPHA_S11_A_REP02.mp4,train
VSL_ALPHA_S11_A_REP03,S11,A,letter,Right,3,30,90,data/vsl_alphabet_pilot/landmarks/S11/VSL_ALPHA_S11_A_REP03.npz,data/vsl_alphabet_pilot/videos/S11/VSL_ALPHA_S11_A_REP03.mp4,train
VSL_ALPHA_S11_A_REP04,S11,A,letter,Right,4,30,90,data/vsl_alphabet_pilot/landmarks/S11/VSL_ALPHA_S11_A_REP04.npz,data/vsl_alphabet_pilot/videos/S11/VSL_ALPHA_S11_A_REP04.mp4,train
VSL_ALPHA_S11_A_REP05,S11,A,letter,Right,5,30,90,data/vsl_alphabet_pilot/landmarks/S11/VSL_ALPHA_S11_A_REP05.npz,data/vsl_alphabet_pilot/videos/S11/VSL_ALPHA_S11_A_REP05.mp4,train
VSL_ALPHA_S11_B_REP01,S11,B,letter,Right,1,30,90,data/vsl_alphabet_pilot/landmarks/S11/VSL_ALPHA_S11_B_REP01.npz,data/vsl_alphabet_pilot/videos/S11/VSL_ALPHA_S11_B_REP01.mp4,train
VSL_ALPHA_S11_B_REP02,S11,B,letter,Right,2,30,90,data/vsl_alphabet_pilot/landmarks/S11/VSL_ALPHA_S11_B_REP02.npz,data/vsl_alphabet_pilot/videos/S11/VSL_ALPHA_S11_B_REP02.mp4,train
VSL_ALPHA_S11_B_REP03,S11,B,letter,Right,3,30,90,data/vsl_alphabet_pilot/landmarks/S11/VSL_ALPHA_S11_B_REP03.npz,data/vsl_alphabet_pilot/videos/S11/VSL_ALPHA_S11_B_REP03.mp4,train
VSL_ALPHA_S11_B_REP04,S11,B,letter,Right,4,30,90,data/vsl_alphabet_pilot/landmarks/S11/VSL_ALPHA_S11_B_REP04.npz,data/vsl_alphabet_pilot/videos/S11/VSL_ALPHA_S11_B_REP04.mp4,train
VSL_ALPHA_S11_B_REP05,S11,B,letter,Right,5,30,90,data/vsl_alphabet_pilot/landmarks/S11/VSL_ALPHA_S11_B_REP05.npz,data/vsl_alphabet_pilot/videos/S11/VSL_ALPHA_S11_B_REP05.mp4,train
VSL_ALPHA_S11_C_REP01,S11,C,letter,Right,1,30,90,data/vsl_alphabet_pilot/landmarks/S11/VSL_ALPHA_S11_C_REP01.npz,data/vsl_alphabet_pilot/videos/S11/VSL_ALPHA_S11_C_REP01.mp4,train
VSL_ALPHA_S11_C_REP02,S11,C,letter,Right,2,30,90,data/vsl_alphabet_pilot/landmarks/S11/VSL_ALPHA_S11_C_REP02.npz,data/vsl_alphabet_pilot/videos/S11/VSL_ALPHA_S11_C_REP02.mp4,train
VSL_ALPHA_S11_C_REP03,S11,C,letter,Right,3,30,90,data/vsl_alphabet_pilot/landmarks/S11/VSL_ALPHA_S11_C_REP03.npz,data/vsl_alphabet_pilot/videos/S11/VSL_ALPHA_S11_C_REP03.mp4,train
VSL_ALPHA_S11_C_REP04,S11,C,letter,Right,4,30,90,data/vsl_alphabet_pilot/landmarks/S11/VSL_ALPHA_S11_C_REP04.npz,data/vsl_alphabet_pilot/videos/S11/VSL_ALPHA_S11_C_REP04.mp4,train
VSL_ALPHA_S11_C_REP05,S11,C,letter,Right,5,30,90,data/vsl_alphabet_pilot/landmarks/S11/VSL_ALPHA_S11_C_REP05.npz,data/vsl_alphabet_pilot/videos/S11/VSL_ALPHA_S11_C_REP05.mp4,train
VSL_ALPHA_S11_D_REP01,S11,D,letter,Right,1,30,90,data/vsl_alphabet_pilot/landmarks/S11/VSL_ALPHA_S11_D_REP01.npz,data/vsl_alphabet_pilot/videos/S11/VSL_ALPHA_S11_D_REP01.mp4,train
VSL_ALPHA_S11_D_REP02,S11,D,letter,Right,2,30,90,data/vsl_alphabet_pilot/landmarks/S11/VSL_ALPHA_S11_D_REP02.npz,data/vsl_alphabet_pilot/videos/S11/VSL_ALPHA_S11_D_REP02.mp4,train
VSL_ALPHA_S11_D_REP03,S11,D,letter,Right,3,30,90,data/vsl_alphabet_pilot/landmarks/S11/VSL_ALPHA_S11_D_REP03.npz,data/vsl_alphabet_pilot/videos/S11/VSL_ALPHA_S11_D_REP03.mp4,train
VSL_ALPHA_S11_D_REP04,S11,D,letter,Right,4,30,90,data/vsl_alphabet_pilot/landmarks/S11/VSL_ALPHA_S11_D_REP04.npz,data/vsl_alphabet_pilot/videos/S11/VSL_ALPHA_S11_D_REP04.mp4,train
VSL_ALPHA_S11_D_REP05,S11,D,letter,Right,5,30,90,data/vsl_alphabet_pilot/landmarks/S11/VSL_ALPHA_S11_D_REP05.npz,data/vsl_alphabet_pilot/videos/S11/VSL_ALPHA_S11_D_REP05.mp4,train
VSL_ALPHA_S11_Đ_REP01,S11,Đ,letter,Right,1,30,90,data/vsl_alphabet_pilot/landmarks/S11/VSL_ALPHA_S11_Đ_REP01.npz,data/vsl_alphabet_pilot/videos/S11/VSL_ALPHA_S11_Đ_REP01.mp4,train
VSL_ALPHA_S11_Đ_REP02,S11,Đ,letter,Right,2,30,90,data/vsl_alphabet_pilot/landmarks/S11/VSL_ALPHA_S11_Đ_REP02.npz,data/vsl_alphabet_pilot/videos/S11/VSL_ALPHA_S11_Đ_REP02.mp4,train
VSL_ALPHA_S11_Đ_REP03,S11,Đ,letter,Right,3,30,90,data/vsl_alphabet_pilot/landmarks/S11/VSL_ALPHA_S11_Đ_REP03.npz,data/vsl_alphabet_pilot/videos/S11/VSL_ALPHA_S11_Đ_REP03.mp4,train
VSL_ALPHA_S11_Đ_REP04,S11,Đ,letter,Right,4,30,90,data/vsl_alphabet_pilot/landmarks/S11/VSL_ALPHA_S11_Đ_REP04.npz,data/vsl_alphabet_pilot/videos/S11/VSL_ALPHA_S11_Đ_REP04.mp4,train
VSL_ALPHA_S11_Đ_REP05,S11,Đ,letter,Right,5,30,90,data/vsl_alphabet_pilot/landmarks/S11/VSL_ALPHA_S11_Đ_REP05.npz,data/vsl_alphabet_pilot/videos/S11/VSL_ALPHA_S11_Đ_REP05.mp4,train
VSL_ALPHA_S11_E_REP01,S11,E,letter,Right,1,30,90,data/vsl_alphabet_pilot/landmarks/S11/VSL_ALPHA_S11_E_REP01.npz,data/vsl_alphabet_pilot/videos/S11/VSL_ALPHA_S11_E_REP01.mp4,train
VSL_ALPHA_S11_E_REP02,S11,E,letter,Right,2,30,90,data/vsl_alphabet_pilot/landmarks/S11/VSL_ALPHA_S11_E_REP02.npz,data/vsl_alphabet_pilot/videos/S11/VSL_ALPHA_S11_E_REP02.mp4,train
VSL_ALPHA_S11_E_REP03,S11,E,letter,Right,3,30,90,data/vsl_alphabet_pilot/landmarks/S11/VSL_ALPHA_S11_E_REP03.npz,data/vsl_alphabet_pilot/videos/S11/VSL_ALPHA_S11_E_REP03.mp4,train
VSL_ALPHA_S11_E_REP04,S11,E,letter,Right,4,30,90,data/vsl_alphabet_pilot/landmarks/S11/VSL_ALPHA_S11_E_REP04.npz,data/vsl_alphabet_pilot/videos/S11/VSL_ALPHA_S11_E_REP04.mp4,train
VSL_ALPHA_S11_E_REP05,S11,E,letter,Right,5,30,90,data/vsl_alphabet_pilot/landmarks/S11/VSL_ALPHA_S11_E_REP05.npz,data/vsl_alphabet_pilot/videos/S11/VSL_ALPHA_S11_E_REP05.mp4,train
VSL_ALPHA_S11_G_REP01,S11,G,letter,Right,1,30,90,data/vsl_alphabet_pilot/landmarks/S11/VSL_ALPHA_S11_G_REP01.npz,data/vsl_alphabet_pilot/videos/S11/VSL_ALPHA_S11_G_REP01.mp4,train
VSL_ALPHA_S11_G_REP02,S11,G,letter,Right,2,30,90,data/vsl_alphabet_pilot/landmarks/S11/VSL_ALPHA_S11_G_REP02.npz,data/vsl_alphabet_pilot/videos/S11/VSL_ALPHA_S11_G_REP02.mp4,train
VSL_ALPHA_S11_G_REP03,S11,G,letter,Right,3,30,90,data/vsl_alphabet_pilot/landmarks/S11/VSL_ALPHA_S11_G_REP03.npz,data/vsl_alphabet_pilot/videos/S11/VSL_ALPHA_S11_G_REP03.mp4,train
VSL_ALPHA_S11_G_REP04,S11,G,letter,Right,4,30,90,data/vsl_alphabet_pilot/landmarks/S11/VSL_ALPHA_S11_G_REP04.npz,data/vsl_alphabet_pilot/videos/S11/VSL_ALPHA_S11_G_REP04.mp4,train
VSL_ALPHA_S11_G_REP05,S11,G,letter,Right,5,30,90,data/vsl_alphabet_pilot/landmarks/S11/VSL_ALPHA_S11_G_REP05.npz,data/vsl_alphabet_pilot/videos/S11/VSL_ALPHA_S11_G_REP05.mp4,train
VSL_ALPHA_S11_H_REP01,S11,H,letter,Right,1,30,90,data/vsl_alphabet_pilot/landmarks/S11/VSL_ALPHA_S11_H_REP01.npz,data/vsl_alphabet_pilot/videos/S11/VSL_ALPHA_S11_H_REP01.mp4,train
VSL_ALPHA_S11_H_REP02,S11,H,letter,Right,2,30,90,data/vsl_alphabet_pilot/landmarks/S11/VSL_ALPHA_S11_H_REP02.npz,data/vsl_alphabet_pilot/videos/S11/VSL_ALPHA_S11_H_REP02.mp4,train
VSL_ALPHA_S11_H_REP03,S11,H,letter,Right,3,30,90,data/vsl_alphabet_pilot/landmarks/S11/VSL_ALPHA_S11_H_REP03.npz,data/vsl_alphabet_pilot/videos/S11/VSL_ALPHA_S11_H_REP03.mp4,train
VSL_ALPHA_S11_H_REP04,S11,H,letter,Right,4,30,90,data/vsl_alphabet_pilot/landmarks/S11/VSL_ALPHA_S11_H_REP04.npz,data/vsl_alphabet_pilot/videos/S11/VSL_ALPHA_S11_H_REP04.mp4,train
VSL_ALPHA_S11_H_REP05,S11,H,letter,Right,5,30,90,data/vsl_alphabet_pilot/landmarks/S11/VSL_ALPHA_S11_H_REP05.npz,data/vsl_alphabet_pilot/videos/S11/VSL_ALPHA_S11_H_REP05.mp4,train
VSL_ALPHA_S11_I_REP01,S11,I,letter,Right,1,30,90,data/vsl_alphabet_pilot/landmarks/S11/VSL_ALPHA_S11_I_REP01.npz,data/vsl_alphabet_pilot/videos/S11/VSL_ALPHA_S11_I_REP01.mp4,train
VSL_ALPHA_S11_I_REP02,S11,I,letter,Right,2,30,90,data/vsl_alphabet_pilot/landmarks/S11/VSL_ALPHA_S11_I_REP02.npz,data/vsl_alphabet_pilot/videos/S11/VSL_ALPHA_S11_I_REP02.mp4,train
VSL_ALPHA_S11_I_REP03,S11,I,letter,Right,3,30,90,data/vsl_alphabet_pilot/landmarks/S11/VSL_ALPHA_S11_I_REP03.npz,data/vsl_alphabet_pilot/videos/S11/VSL_ALPHA_S11_I_REP03.mp4,train
VSL_ALPHA_S11_I_REP04,S11,I,letter,Right,4,30,90,data/vsl_alphabet_pilot/landmarks/S11/VSL_ALPHA_S11_I_REP04.npz,data/vsl_alphabet_pilot/videos/S11/VSL_ALPHA_S11_I_REP04.mp4,train
VSL_ALPHA_S11_I_REP05,S11,I,letter,Right,5,30,90,data/vsl_alphabet_pilot/landmarks/S11/VSL_ALPHA_S11_I_REP05.npz,data/vsl_alphabet_pilot/videos/S11/VSL_ALPHA_S11_I_REP05.mp4,train
VSL_ALPHA_S11_K_REP01,S11,K,letter,Right,1,30,90,data/vsl_alphabet_pilot/landmarks/S11/VSL_ALPHA_S11_K_REP01.npz,data/vsl_alphabet_pilot/videos/S11/VSL_ALPHA_S11_K_REP01.mp4,train
VSL_ALPHA_S11_K_REP02,S11,K,letter,Right,2,30,90,data/vsl_alphabet_pilot/landmarks/S11/VSL_ALPHA_S11_K_REP02.npz,data/vsl_alphabet_pilot/videos/S11/VSL_ALPHA_S11_K_REP02.mp4,train
VSL_ALPHA_S11_K_REP03,S11,K,letter,Right,3,30,90,data/vsl_alphabet_pilot/landmarks/S11/VSL_ALPHA_S11_K_REP03.npz,data/vsl_alphabet_pilot/videos/S11/VSL_ALPHA_S11_K_REP03.mp4,train
VSL_ALPHA_S11_K_REP04,S11,K,letter,Right,4,30,90,data/vsl_alphabet_pilot/landmarks/S11/VSL_ALPHA_S11_K_REP04.npz,data/vsl_alphabet_pilot/videos/S11/VSL_ALPHA_S11_K_REP04.mp4,train
VSL_ALPHA_S11_K_REP05,S11,K,letter,Right,5,30,90,data/vsl_alphabet_pilot/landmarks/S11/VSL_ALPHA_S11_K_REP05.npz,data/vsl_alphabet_pilot/videos/S11/VSL_ALPHA_S11_K_REP05.mp4,train
VSL_ALPHA_S11_L_REP01,S11,L,letter,Right,1,30,90,data/vsl_alphabet_pilot/landmarks/S11/VSL_ALPHA_S11_L_REP01.npz,data/vsl_alphabet_pilot/videos/S11/VSL_ALPHA_S11_L_REP01.mp4,train
VSL_ALPHA_S11_L_REP02,S11,L,letter,Right,2,30,90,data/vsl_alphabet_pilot/landmarks/S11/VSL_ALPHA_S11_L_REP02.npz,data/vsl_alphabet_pilot/videos/S11/VSL_ALPHA_S11_L_REP02.mp4,train
VSL_ALPHA_S11_L_REP03,S11,L,letter,Right,3,30,90,data/vsl_alphabet_pilot/landmarks/S11/VSL_ALPHA_S11_L_REP03.npz,data/vsl_alphabet_pilot/videos/S11/VSL_ALPHA_S11_L_REP03.mp4,train
VSL_ALPHA_S11_L_REP04,S11,L,letter,Right,4,30,90,data/vsl_alphabet_pilot/landmarks/S11/VSL_ALPHA_S11_L_REP04.npz,data/vsl_alphabet_pilot/videos/S11/VSL_ALPHA_S11_L_REP04.mp4,train
VSL_ALPHA_S11_L_REP05,S11,L,letter,Right,5,30,90,data/vsl_alphabet_pilot/landmarks/S11/VSL_ALPHA_S11_L_REP05.npz,data/vsl_alphabet_pilot/videos/S11/VSL_ALPHA_S11_L_REP05.mp4,train
VSL_ALPHA_S11_M_REP01,S11,M,letter,Right,1,30,90,data/vsl_alphabet_pilot/landmarks/S11/VSL_ALPHA_S11_M_REP01.npz,data/vsl_alphabet_pilot/videos/S11/VSL_ALPHA_S11_M_REP01.mp4,train
VSL_ALPHA_S11_M_REP02,S11,M,letter,Right,2,30,90,data/vsl_alphabet_pilot/landmarks/S11/VSL_ALPHA_S11_M_REP02.npz,data/vsl_alphabet_pilot/videos/S11/VSL_ALPHA_S11_M_REP02.mp4,train
VSL_ALPHA_S11_M_REP03,S11,M,letter,Right,3,30,90,data/vsl_alphabet_pilot/landmarks/S11/VSL_ALPHA_S11_M_REP03.npz,data/vsl_alphabet_pilot/videos/S11/VSL_ALPHA_S11_M_REP03.mp4,train
VSL_ALPHA_S11_M_REP04,S11,M,letter,Right,4,30,90,data/vsl_alphabet_pilot/landmarks/S11/VSL_ALPHA_S11_M_REP04.npz,data/vsl_alphabet_pilot/videos/S11/VSL_ALPHA_S11_M_REP04.mp4,train
VSL_ALPHA_S11_M_REP05,S11,M,letter,Right,5,30,90,data/vsl_alphabet_pilot/landmarks/S11/VSL_ALPHA_S11_M_REP05.npz,data/vsl_alphabet_pilot/videos/S11/VSL_ALPHA_S11_M_REP05.mp4,train
VSL_ALPHA_S11_N_REP01,S11,N,letter,Right,1,30,90,data/vsl_alphabet_pilot/landmarks/S11/VSL_ALPHA_S11_N_REP01.npz,data/vsl_alphabet_pilot/videos/S11/VSL_ALPHA_S11_N_REP01.mp4,train
VSL_ALPHA_S11_N_REP02,S11,N,letter,Right,2,30,90,data/vsl_alphabet_pilot/landmarks/S11/VSL_ALPHA_S11_N_REP02.npz,data/vsl_alphabet_pilot/videos/S11/VSL_ALPHA_S11_N_REP02.mp4,train
VSL_ALPHA_S11_N_REP03,S11,N,letter,Right,3,30,90,data/vsl_alphabet_pilot/landmarks/S11/VSL_ALPHA_S11_N_REP03.npz,data/vsl_alphabet_pilot/videos/S11/VSL_ALPHA_S11_N_REP03.mp4,train
VSL_ALPHA_S11_N_REP04,S11,N,letter,Right,4,30,90,data/vsl_alphabet_pilot/landmarks/S11/VSL_ALPHA_S11_N_REP04.npz,data/vsl_alphabet_pilot/videos/S11/VSL_ALPHA_S11_N_REP04.mp4,train
VSL_ALPHA_S11_N_REP05,S11,N,letter,Right,5,30,90,data/vsl_alphabet_pilot/landmarks/S11/VSL_ALPHA_S11_N_REP05.npz,data/vsl_alphabet_pilot/videos/S11/VSL_ALPHA_S11_N_REP05.mp4,train
VSL_ALPHA_S11_O_REP01,S11,O,letter,Right,1,30,90,data/vsl_alphabet_pilot/landmarks/S11/VSL_ALPHA_S11_O_REP01.npz,data/vsl_alphabet_pilot/videos/S11/VSL_ALPHA_S11_O_REP01.mp4,train
VSL_ALPHA_S11_O_REP02,S11,O,letter,Right,2,30,90,data/vsl_alphabet_pilot/landmarks/S11/VSL_ALPHA_S11_O_REP02.npz,data/vsl_alphabet_pilot/videos/S11/VSL_ALPHA_S11_O_REP02.mp4,train
VSL_ALPHA_S11_O_REP03,S11,O,letter,Right,3,30,90,data/vsl_alphabet_pilot/landmarks/S11/VSL_ALPHA_S11_O_REP03.npz,data/vsl_alphabet_pilot/videos/S11/VSL_ALPHA_S11_O_REP03.mp4,train
VSL_ALPHA_S11_O_REP04,S11,O,letter,Right,4,30,90,data/vsl_alphabet_pilot/landmarks/S11/VSL_ALPHA_S11_O_REP04.npz,data/vsl_alphabet_pilot/videos/S11/VSL_ALPHA_S11_O_REP04.mp4,train
VSL_ALPHA_S11_O_REP05,S11,O,letter,Right,5,30,90,data/vsl_alphabet_pilot/landmarks/S11/VSL_ALPHA_S11_O_REP05.npz,data/vsl_alphabet_pilot/videos/S11/VSL_ALPHA_S11_O_REP05.mp4,train
VSL_ALPHA_S11_P_REP01,S11,P,letter,Right,1,30,90,data/vsl_alphabet_pilot/landmarks/S11/VSL_ALPHA_S11_P_REP01.npz,data/vsl_alphabet_pilot/videos/S11/VSL_ALPHA_S11_P_REP01.mp4,train
VSL_ALPHA_S11_P_REP02,S11,P,letter,Right,2,30,90,data/vsl_alphabet_pilot/landmarks/S11/VSL_ALPHA_S11_P_REP02.npz,data/vsl_alphabet_pilot/videos/S11/VSL_ALPHA_S11_P_REP02.mp4,train
VSL_ALPHA_S11_P_REP03,S11,P,letter,Right,3,30,90,data/vsl_alphabet_pilot/landmarks/S11/VSL_ALPHA_S11_P_REP03.npz,data/vsl_alphabet_pilot/videos/S11/VSL_ALPHA_S11_P_REP03.mp4,train
VSL_ALPHA_S11_P_REP04,S11,P,letter,Right,4,30,90,data/vsl_alphabet_pilot/landmarks/S11/VSL_ALPHA_S11_P_REP04.npz,data/vsl_alphabet_pilot/videos/S11/VSL_ALPHA_S11_P_REP04.mp4,train
VSL_ALPHA_S11_P_REP05,S11,P,letter,Right,5,30,90,data/vsl_alphabet_pilot/landmarks/S11/VSL_ALPHA_S11_P_REP05.npz,data/vsl_alphabet_pilot/videos/S11/VSL_ALPHA_S11_P_REP05.mp4,train
VSL_ALPHA_S11_Q_REP01,S11,Q,letter,Right,1,30,90,data/vsl_alphabet_pilot/landmarks/S11/VSL_ALPHA_S11_Q_REP01.npz,data/vsl_alphabet_pilot/videos/S11/VSL_ALPHA_S11_Q_REP01.mp4,train
VSL_ALPHA_S11_Q_REP02,S11,Q,letter,Right,2,30,90,data/vsl_alphabet_pilot/landmarks/S11/VSL_ALPHA_S11_Q_REP02.npz,data/vsl_alphabet_pilot/videos/S11/VSL_ALPHA_S11_Q_REP02.mp4,train
VSL_ALPHA_S11_Q_REP03,S11,Q,letter,Right,3,30,90,data/vsl_alphabet_pilot/landmarks/S11/VSL_ALPHA_S11_Q_REP03.npz,data/vsl_alphabet_pilot/videos/S11/VSL_ALPHA_S11_Q_REP03.mp4,train
VSL_ALPHA_S11_Q_REP04,S11,Q,letter,Right,4,30,90,data/vsl_alphabet_pilot/landmarks/S11/VSL_ALPHA_S11_Q_REP04.npz,data/vsl_alphabet_pilot/videos/S11/VSL_ALPHA_S11_Q_REP04.mp4,train
VSL_ALPHA_S11_Q_REP05,S11,Q,letter,Right,5,30,90,data/vsl_alphabet_pilot/landmarks/S11/VSL_ALPHA_S11_Q_REP05.npz,data/vsl_alphabet_pilot/videos/S11/VSL_ALPHA_S11_Q_REP05.mp4,train
VSL_ALPHA_S11_R_REP01,S11,R,letter,Right,1,30,90,data/vsl_alphabet_pilot/landmarks/S11/VSL_ALPHA_S11_R_REP01.npz,data/vsl_alphabet_pilot/videos/S11/VSL_ALPHA_S11_R_REP01.mp4,train
VSL_ALPHA_S11_R_REP02,S11,R,letter,Right,2,30,90,data/vsl_alphabet_pilot/landmarks/S11/VSL_ALPHA_S11_R_REP02.npz,data/vsl_alphabet_pilot/videos/S11/VSL_ALPHA_S11_R_REP02.mp4,train
VSL_ALPHA_S11_R_REP03,S11,R,letter,Right,3,30,90,data/vsl_alphabet_pilot/landmarks/S11/VSL_ALPHA_S11_R_REP03.npz,data/vsl_alphabet_pilot/videos/S11/VSL_ALPHA_S11_R_REP03.mp4,train
VSL_ALPHA_S11_R_REP04,S11,R,letter,Right,4,30,90,data/vsl_alphabet_pilot/landmarks/S11/VSL_ALPHA_S11_R_REP04.npz,data/vsl_alphabet_pilot/videos/S11/VSL_ALPHA_S11_R_REP04.mp4,train
VSL_ALPHA_S11_R_REP05,S11,R,letter,Right,5,30,90,data/vsl_alphabet_pilot/landmarks/S11/VSL_ALPHA_S11_R_REP05.npz,data/vsl_alphabet_pilot/videos/S11/VSL_ALPHA_S11_R_REP05.mp4,train
VSL_ALPHA_S11_S_REP01,S11,S,letter,Right,1,30,90,data/vsl_alphabet_pilot/landmarks/S11/VSL_ALPHA_S11_S_REP01.npz,data/vsl_alphabet_pilot/videos/S11/VSL_ALPHA_S11_S_REP01.mp4,train
VSL_ALPHA_S11_S_REP02,S11,S,letter,Right,2,30,90,data/vsl_alphabet_pilot/landmarks/S11/VSL_ALPHA_S11_S_REP02.npz,data/vsl_alphabet_pilot/videos/S11/VSL_ALPHA_S11_S_REP02.mp4,train
VSL_ALPHA_S11_S_REP03,S11,S,letter,Right,3,30,90,data/vsl_alphabet_pilot/landmarks/S11/VSL_ALPHA_S11_S_REP03.npz,data/vsl_alphabet_pilot/videos/S11/VSL_ALPHA_S11_S_REP03.mp4,train
VSL_ALPHA_S11_S_REP04,S11,S,letter,Right,4,30,90,data/vsl_alphabet_pilot/landmarks/S11/VSL_ALPHA_S11_S_REP04.npz,data/vsl_alphabet_pilot/videos/S11/VSL_ALPHA_S11_S_REP04.mp4,train
VSL_ALPHA_S11_S_REP05,S11,S,letter,Right,5,30,90,data/vsl_alphabet_pilot/landmarks/S11/VSL_ALPHA_S11_S_REP05.npz,data/vsl_alphabet_pilot/videos/S11/VSL_ALPHA_S11_S_REP05.mp4,train
VSL_ALPHA_S11_T_REP01,S11,T,letter,Right,1,30,90,data/vsl_alphabet_pilot/landmarks/S11/VSL_ALPHA_S11_T_REP01.npz,data/vsl_alphabet_pilot/videos/S11/VSL_ALPHA_S11_T_REP01.mp4,train
VSL_ALPHA_S11_T_REP02,S11,T,letter,Right,2,30,90,data/vsl_alphabet_pilot/landmarks/S11/VSL_ALPHA_S11_T_REP02.npz,data/vsl_alphabet_pilot/videos/S11/VSL_ALPHA_S11_T_REP02.mp4,train
VSL_ALPHA_S11_T_REP03,S11,T,letter,Right,3,30,90,data/vsl_alphabet_pilot/landmarks/S11/VSL_ALPHA_S11_T_REP03.npz,data/vsl_alphabet_pilot/videos/S11/VSL_ALPHA_S11_T_REP03.mp4,train
VSL_ALPHA_S11_T_REP04,S11,T,letter,Right,4,30,90,data/vsl_alphabet_pilot/landmarks/S11/VSL_ALPHA_S11_T_REP04.npz,data/vsl_alphabet_pilot/videos/S11/VSL_ALPHA_S11_T_REP04.mp4,train
VSL_ALPHA_S11_T_REP05,S11,T,letter,Right,5,30,90,data/vsl_alphabet_pilot/landmarks/S11/VSL_ALPHA_S11_T_REP05.npz,data/vsl_alphabet_pilot/videos/S11/VSL_ALPHA_S11_T_REP05.mp4,train
VSL_ALPHA_S11_U_REP01,S11,U,letter,Right,1,30,90,data/vsl_alphabet_pilot/landmarks/S11/VSL_ALPHA_S11_U_REP01.npz,data/vsl_alphabet_pilot/videos/S11/VSL_ALPHA_S11_U_REP01.mp4,train
VSL_ALPHA_S11_U_REP02,S11,U,letter,Right,2,30,90,data/vsl_alphabet_pilot/landmarks/S11/VSL_ALPHA_S11_U_REP02.npz,data/vsl_alphabet_pilot/videos/S11/VSL_ALPHA_S11_U_REP02.mp4,train
VSL_ALPHA_S11_U_REP03,S11,U,letter,Right,3,30,90,data/vsl_alphabet_pilot/landmarks/S11/VSL_ALPHA_S11_U_REP03.npz,data/vsl_alphabet_pilot/videos/S11/VSL_ALPHA_S11_U_REP03.mp4,train
VSL_ALPHA_S11_U_REP04,S11,U,letter,Right,4,30,90,data/vsl_alphabet_pilot/landmarks/S11/VSL_ALPHA_S11_U_REP04.npz,data/vsl_alphabet_pilot/videos/S11/VSL_ALPHA_S11_U_REP04.mp4,train
VSL_ALPHA_S11_U_REP05,S11,U,letter,Right,5,30,90,data/vsl_alphabet_pilot/landmarks/S11/VSL_ALPHA_S11_U_REP05.npz,data/vsl_alphabet_pilot/videos/S11/VSL_ALPHA_S11_U_REP05.mp4,train
VSL_ALPHA_S11_V_REP01,S11,V,letter,Right,1,30,90,data/vsl_alphabet_pilot/landmarks/S11/VSL_ALPHA_S11_V_REP01.npz,data/vsl_alphabet_pilot/videos/S11/VSL_ALPHA_S11_V_REP01.mp4,train
VSL_ALPHA_S11_V_REP02,S11,V,letter,Right,2,30,90,data/vsl_alphabet_pilot/landmarks/S11/VSL_ALPHA_S11_V_REP02.npz,data/vsl_alphabet_pilot/videos/S11/VSL_ALPHA_S11_V_REP02.mp4,train
VSL_ALPHA_S11_V_REP03,S11,V,letter,Right,3,30,90,data/vsl_alphabet_pilot/landmarks/S11/VSL_ALPHA_S11_V_REP03.npz,data/vsl_alphabet_pilot/videos/S11/VSL_ALPHA_S11_V_REP03.mp4,train
VSL_ALPHA_S11_V_REP04,S11,V,letter,Right,4,30,90,data/vsl_alphabet_pilot/landmarks/S11/VSL_ALPHA_S11_V_REP04.npz,data/vsl_alphabet_pilot/videos/S11/VSL_ALPHA_S11_V_REP04.mp4,train
VSL_ALPHA_S11_V_REP05,S11,V,letter,Right,5,30,90,data/vsl_alphabet_pilot/landmarks/S11/VSL_ALPHA_S11_V_REP05.npz,data/vsl_alphabet_pilot/videos/S11/VSL_ALPHA_S11_V_REP05.mp4,train
VSL_ALPHA_S11_X_REP01,S11,X,letter,Right,1,30,90,data/vsl_alphabet_pilot/landmarks/S11/VSL_ALPHA_S11_X_REP01.npz,data/vsl_alphabet_pilot/videos/S11/VSL_ALPHA_S11_X_REP01.mp4,train
VSL_ALPHA_S11_X_REP02,S11,X,letter,Right,2,30,90,data/vsl_alphabet_pilot/landmarks/S11/VSL_ALPHA_S11_X_REP02.npz,data/vsl_alphabet_pilot/videos/S11/VSL_ALPHA_S11_X_REP02.mp4,train
VSL_ALPHA_S11_X_REP03,S11,X,letter,Right,3,30,90,data/vsl_alphabet_pilot/landmarks/S11/VSL_ALPHA_S11_X_REP03.npz,data/vsl_alphabet_pilot/videos/S11/VSL_ALPHA_S11_X_REP03.mp4,train
VSL_ALPHA_S11_X_REP04,S11,X,letter,Right,4,30,90,data/vsl_alphabet_pilot/landmarks/S11/VSL_ALPHA_S11_X_REP04.npz,data/vsl_alphabet_pilot/videos/S11/VSL_ALPHA_S11_X_REP04.mp4,train
VSL_ALPHA_S11_X_REP05,S11,X,letter,Right,5,30,90,data/vsl_alphabet_pilot/landmarks/S11/VSL_ALPHA_S11_X_REP05.npz,data/vsl_alphabet_pilot/videos/S11/VSL_ALPHA_S11_X_REP05.mp4,train
VSL_ALPHA_S11_Y_REP01,S11,Y,letter,Right,1,30,90,data/vsl_alphabet_pilot/landmarks/S11/VSL_ALPHA_S11_Y_REP01.npz,data/vsl_alphabet_pilot/videos/S11/VSL_ALPHA_S11_Y_REP01.mp4,train
VSL_ALPHA_S11_Y_REP02,S11,Y,letter,Right,2,30,90,data/vsl_alphabet_pilot/landmarks/S11/VSL_ALPHA_S11_Y_REP02.npz,data/vsl_alphabet_pilot/videos/S11/VSL_ALPHA_S11_Y_REP02.mp4,train
VSL_ALPHA_S11_Y_REP03,S11,Y,letter,Right,3,30,90,data/vsl_alphabet_pilot/landmarks/S11/VSL_ALPHA_S11_Y_REP03.npz,data/vsl_alphabet_pilot/videos/S11/VSL_ALPHA_S11_Y_REP03.mp4,train
VSL_ALPHA_S11_Y_REP04,S11,Y,letter,Right,4,30,90,data/vsl_alphabet_pilot/landmarks/S11/VSL_ALPHA_S11_Y_REP04.npz,data/vsl_alphabet_pilot/videos/S11/VSL_ALPHA_S11_Y_REP04.mp4,train
VSL_ALPHA_S11_Y_REP05,S11,Y,letter,Right,5,30,90,data/vsl_alphabet_pilot/landmarks/S11/VSL_ALPHA_S11_Y_REP05.npz,data/vsl_alphabet_pilot/videos/S11/VSL_ALPHA_S11_Y_REP05.mp4,train
VSL_ALPHA_S11_Dau_mu_REP01,S11,Dau_mu,accent,Right,1,30,90,data/vsl_alphabet_pilot/landmarks/S11/VSL_ALPHA_S11_Dau_mu_REP01.npz,data/vsl_alphabet_pilot/videos/S11/VSL_ALPHA_S11_Dau_mu_REP01.mp4,train
VSL_ALPHA_S11_Dau_mu_REP02,S11,Dau_mu,accent,Right,2,30,90,data/vsl_alphabet_pilot/landmarks/S11/VSL_ALPHA_S11_Dau_mu_REP02.npz,data/vsl_alphabet_pilot/videos/S11/VSL_ALPHA_S11_Dau_mu_REP02.mp4,train
VSL_ALPHA_S11_Dau_mu_REP03,S11,Dau_mu,accent,Right,3,30,90,data/vsl_alphabet_pilot/landmarks/S11/VSL_ALPHA_S11_Dau_mu_REP03.npz,data/vsl_alphabet_pilot/videos/S11/VSL_ALPHA_S11_Dau_mu_REP03.mp4,train
VSL_ALPHA_S11_Dau_mu_REP04,S11,Dau_mu,accent,Right,4,30,90,data/vsl_alphabet_pilot/landmarks/S11/VSL_ALPHA_S11_Dau_mu_REP04.npz,data/vsl_alphabet_pilot/videos/S11/VSL_ALPHA_S11_Dau_mu_REP04.mp4,train
VSL_ALPHA_S11_Dau_mu_REP05,S11,Dau_mu,accent,Right,5,30,90,data/vsl_alphabet_pilot/landmarks/S11/VSL_ALPHA_S11_Dau_mu_REP05.npz,data/vsl_alphabet_pilot/videos/S11/VSL_ALPHA_S11_Dau_mu_REP05.mp4,train
VSL_ALPHA_S11_Dau_moc_REP01,S11,Dau_moc,accent,Right,1,30,90,data/vsl_alphabet_pilot/landmarks/S11/VSL_ALPHA_S11_Dau_moc_REP01.npz,data/vsl_alphabet_pilot/videos/S11/VSL_ALPHA_S11_Dau_moc_REP01.mp4,train
VSL_ALPHA_S11_Dau_moc_REP02,S11,Dau_moc,accent,Right,2,30,90,data/vsl_alphabet_pilot/landmarks/S11/VSL_ALPHA_S11_Dau_moc_REP02.npz,data/vsl_alphabet_pilot/videos/S11/VSL_ALPHA_S11_Dau_moc_REP02.mp4,train
VSL_ALPHA_S11_Dau_moc_REP03,S11,Dau_moc,accent,Right,3,30,90,data/vsl_alphabet_pilot/landmarks/S11/VSL_ALPHA_S11_Dau_moc_REP03.npz,data/vsl_alphabet_pilot/videos/S11/VSL_ALPHA_S11_Dau_moc_REP03.mp4,train
VSL_ALPHA_S11_Dau_moc_REP04,S11,Dau_moc,accent,Right,4,30,90,data/vsl_alphabet_pilot/landmarks/S11/VSL_ALPHA_S11_Dau_moc_REP04.npz,data/vsl_alphabet_pilot/videos/S11/VSL_ALPHA_S11_Dau_moc_REP04.mp4,train
VSL_ALPHA_S11_Dau_moc_REP05,S11,Dau_moc,accent,Right,5,30,90,data/vsl_alphabet_pilot/landmarks/S11/VSL_ALPHA_S11_Dau_moc_REP05.npz,data/vsl_alphabet_pilot/videos/S11/VSL_ALPHA_S11_Dau_moc_REP05.mp4,train
VSL_ALPHA_S13_A_REP01,S13,A,letter,Right,1,30,90,data/vsl_alphabet_pilot/landmarks/S13/VSL_ALPHA_S13_A_REP01.npz,data/vsl_alphabet_pilot/videos/S13/VSL_ALPHA_S13_A_REP01.mp4,train
VSL_ALPHA_S13_A_REP02,S13,A,letter,Right,2,30,90,data/vsl_alphabet_pilot/landmarks/S13/VSL_ALPHA_S13_A_REP02.npz,data/vsl_alphabet_pilot/videos/S13/VSL_ALPHA_S13_A_REP02.mp4,train
VSL_ALPHA_S13_A_REP03,S13,A,letter,Right,3,30,90,data/vsl_alphabet_pilot/landmarks/S13/VSL_ALPHA_S13_A_REP03.npz,data/vsl_alphabet_pilot/videos/S13/VSL_ALPHA_S13_A_REP03.mp4,train
VSL_ALPHA_S13_A_REP04,S13,A,letter,Right,4,30,90,data/vsl_alphabet_pilot/landmarks/S13/VSL_ALPHA_S13_A_REP04.npz,data/vsl_alphabet_pilot/videos/S13/VSL_ALPHA_S13_A_REP04.mp4,train
VSL_ALPHA_S13_A_REP05,S13,A,letter,Right,5,30,90,data/vsl_alphabet_pilot/landmarks/S13/VSL_ALPHA_S13_A_REP05.npz,data/vsl_alphabet_pilot/videos/S13/VSL_ALPHA_S13_A_REP05.mp4,train
VSL_ALPHA_S13_B_REP01,S13,B,letter,Right,1,30,90,data/vsl_alphabet_pilot/landmarks/S13/VSL_ALPHA_S13_B_REP01.npz,data/vsl_alphabet_pilot/videos/S13/VSL_ALPHA_S13_B_REP01.mp4,train
VSL_ALPHA_S13_B_REP02,S13,B,letter,Right,2,30,90,data/vsl_alphabet_pilot/landmarks/S13/VSL_ALPHA_S13_B_REP02.npz,data/vsl_alphabet_pilot/videos/S13/VSL_ALPHA_S13_B_REP02.mp4,train
VSL_ALPHA_S13_B_REP03,S13,B,letter,Right,3,30,90,data/vsl_alphabet_pilot/landmarks/S13/VSL_ALPHA_S13_B_REP03.npz,data/vsl_alphabet_pilot/videos/S13/VSL_ALPHA_S13_B_REP03.mp4,train
VSL_ALPHA_S13_B_REP04,S13,B,letter,Right,4,30,90,data/vsl_alphabet_pilot/landmarks/S13/VSL_ALPHA_S13_B_REP04.npz,data/vsl_alphabet_pilot/videos/S13/VSL_ALPHA_S13_B_REP04.mp4,train
VSL_ALPHA_S13_B_REP05,S13,B,letter,Right,5,30,90,data/vsl_alphabet_pilot/landmarks/S13/VSL_ALPHA_S13_B_REP05.npz,data/vsl_alphabet_pilot/videos/S13/VSL_ALPHA_S13_B_REP05.mp4,train
VSL_ALPHA_S13_C_REP01,S13,C,letter,Right,1,30,90,data/vsl_alphabet_pilot/landmarks/S13/VSL_ALPHA_S13_C_REP01.npz,data/vsl_alphabet_pilot/videos/S13/VSL_ALPHA_S13_C_REP01.mp4,train
VSL_ALPHA_S13_C_REP02,S13,C,letter,Right,2,30,90,data/vsl_alphabet_pilot/landmarks/S13/VSL_ALPHA_S13_C_REP02.npz,data/vsl_alphabet_pilot/videos/S13/VSL_ALPHA_S13_C_REP02.mp4,train
VSL_ALPHA_S13_C_REP03,S13,C,letter,Right,3,30,90,data/vsl_alphabet_pilot/landmarks/S13/VSL_ALPHA_S13_C_REP03.npz,data/vsl_alphabet_pilot/videos/S13/VSL_ALPHA_S13_C_REP03.mp4,train
VSL_ALPHA_S13_C_REP04,S13,C,letter,Right,4,30,90,data/vsl_alphabet_pilot/landmarks/S13/VSL_ALPHA_S13_C_REP04.npz,data/vsl_alphabet_pilot/videos/S13/VSL_ALPHA_S13_C_REP04.mp4,train
VSL_ALPHA_S13_C_REP05,S13,C,letter,Right,5,30,90,data/vsl_alphabet_pilot/landmarks/S13/VSL_ALPHA_S13_C_REP05.npz,data/vsl_alphabet_pilot/videos/S13/VSL_ALPHA_S13_C_REP05.mp4,train
VSL_ALPHA_S13_D_REP01,S13,D,letter,Right,1,30,90,data/vsl_alphabet_pilot/landmarks/S13/VSL_ALPHA_S13_D_REP01.npz,data/vsl_alphabet_pilot/videos/S13/VSL_ALPHA_S13_D_REP01.mp4,train
VSL_ALPHA_S13_D_REP02,S13,D,letter,Right,2,30,90,data/vsl_alphabet_pilot/landmarks/S13/VSL_ALPHA_S13_D_REP02.npz,data/vsl_alphabet_pilot/videos/S13/VSL_ALPHA_S13_D_REP02.mp4,train
VSL_ALPHA_S13_D_REP03,S13,D,letter,Right,3,30,90,data/vsl_alphabet_pilot/landmarks/S13/VSL_ALPHA_S13_D_REP03.npz,data/vsl_alphabet_pilot/videos/S13/VSL_ALPHA_S13_D_REP03.mp4,train
VSL_ALPHA_S13_D_REP04,S13,D,letter,Right,4,30,90,data/vsl_alphabet_pilot/landmarks/S13/VSL_ALPHA_S13_D_REP04.npz,data/vsl_alphabet_pilot/videos/S13/VSL_ALPHA_S13_D_REP04.mp4,train
VSL_ALPHA_S13_D_REP05,S13,D,letter,Right,5,30,90,data/vsl_alphabet_pilot/landmarks/S13/VSL_ALPHA_S13_D_REP05.npz,data/vsl_alphabet_pilot/videos/S13/VSL_ALPHA_S13_D_REP05.mp4,train
VSL_ALPHA_S13_Đ_REP01,S13,Đ,letter,Right,1,30,90,data/vsl_alphabet_pilot/landmarks/S13/VSL_ALPHA_S13_Đ_REP01.npz,data/vsl_alphabet_pilot/videos/S13/VSL_ALPHA_S13_Đ_REP01.mp4,train
VSL_ALPHA_S13_Đ_REP02,S13,Đ,letter,Right,2,30,90,data/vsl_alphabet_pilot/landmarks/S13/VSL_ALPHA_S13_Đ_REP02.npz,data/vsl_alphabet_pilot/videos/S13/VSL_ALPHA_S13_Đ_REP02.mp4,train
VSL_ALPHA_S13_Đ_REP03,S13,Đ,letter,Right,3,30,90,data/vsl_alphabet_pilot/landmarks/S13/VSL_ALPHA_S13_Đ_REP03.npz,data/vsl_alphabet_pilot/videos/S13/VSL_ALPHA_S13_Đ_REP03.mp4,train
VSL_ALPHA_S13_Đ_REP04,S13,Đ,letter,Right,4,30,90,data/vsl_alphabet_pilot/landmarks/S13/VSL_ALPHA_S13_Đ_REP04.npz,data/vsl_alphabet_pilot/videos/S13/VSL_ALPHA_S13_Đ_REP04.mp4,train
VSL_ALPHA_S13_Đ_REP05,S13,Đ,letter,Right,5,30,90,data/vsl_alphabet_pilot/landmarks/S13/VSL_ALPHA_S13_Đ_REP05.npz,data/vsl_alphabet_pilot/videos/S13/VSL_ALPHA_S13_Đ_REP05.mp4,train
VSL_ALPHA_S13_E_REP01,S13,E,letter,Right,1,30,90,data/vsl_alphabet_pilot/landmarks/S13/VSL_ALPHA_S13_E_REP01.npz,data/vsl_alphabet_pilot/videos/S13/VSL_ALPHA_S13_E_REP01.mp4,train
VSL_ALPHA_S13_E_REP02,S13,E,letter,Right,2,30,90,data/vsl_alphabet_pilot/landmarks/S13/VSL_ALPHA_S13_E_REP02.npz,data/vsl_alphabet_pilot/videos/S13/VSL_ALPHA_S13_E_REP02.mp4,train
VSL_ALPHA_S13_E_REP03,S13,E,letter,Right,3,30,90,data/vsl_alphabet_pilot/landmarks/S13/VSL_ALPHA_S13_E_REP03.npz,data/vsl_alphabet_pilot/videos/S13/VSL_ALPHA_S13_E_REP03.mp4,train
VSL_ALPHA_S13_E_REP04,S13,E,letter,Right,4,30,90,data/vsl_alphabet_pilot/landmarks/S13/VSL_ALPHA_S13_E_REP04.npz,data/vsl_alphabet_pilot/videos/S13/VSL_ALPHA_S13_E_REP04.mp4,train
VSL_ALPHA_S13_E_REP05,S13,E,letter,Right,5,30,90,data/vsl_alphabet_pilot/landmarks/S13/VSL_ALPHA_S13_E_REP05.npz,data/vsl_alphabet_pilot/videos/S13/VSL_ALPHA_S13_E_REP05.mp4,train
VSL_ALPHA_S13_G_REP01,S13,G,letter,Right,1,30,90,data/vsl_alphabet_pilot/landmarks/S13/VSL_ALPHA_S13_G_REP01.npz,data/vsl_alphabet_pilot/videos/S13/VSL_ALPHA_S13_G_REP01.mp4,train
VSL_ALPHA_S13_G_REP02,S13,G,letter,Right,2,30,90,data/vsl_alphabet_pilot/landmarks/S13/VSL_ALPHA_S13_G_REP02.npz,data/vsl_alphabet_pilot/videos/S13/VSL_ALPHA_S13_G_REP02.mp4,train
VSL_ALPHA_S13_G_REP03,S13,G,letter,Right,3,30,90,data/vsl_alphabet_pilot/landmarks/S13/VSL_ALPHA_S13_G_REP03.npz,data/vsl_alphabet_pilot/videos/S13/VSL_ALPHA_S13_G_REP03.mp4,train
VSL_ALPHA_S13_G_REP04,S13,G,letter,Right,4,30,90,data/vsl_alphabet_pilot/landmarks/S13/VSL_ALPHA_S13_G_REP04.npz,data/vsl_alphabet_pilot/videos/S13/VSL_ALPHA_S13_G_REP04.mp4,train
VSL_ALPHA_S13_G_REP05,S13,G,letter,Right,5,30,90,data/vsl_alphabet_pilot/landmarks/S13/VSL_ALPHA_S13_G_REP05.npz,data/vsl_alphabet_pilot/videos/S13/VSL_ALPHA_S13_G_REP05.mp4,train
VSL_ALPHA_S13_H_REP01,S13,H,letter,Right,1,30,90,data/vsl_alphabet_pilot/landmarks/S13/VSL_ALPHA_S13_H_REP01.npz,data/vsl_alphabet_pilot/videos/S13/VSL_ALPHA_S13_H_REP01.mp4,train
VSL_ALPHA_S13_H_REP02,S13,H,letter,Right,2,30,90,data/vsl_alphabet_pilot/landmarks/S13/VSL_ALPHA_S13_H_REP02.npz,data/vsl_alphabet_pilot/videos/S13/VSL_ALPHA_S13_H_REP02.mp4,train
VSL_ALPHA_S13_H_REP03,S13,H,letter,Right,3,30,90,data/vsl_alphabet_pilot/landmarks/S13/VSL_ALPHA_S13_H_REP03.npz,data/vsl_alphabet_pilot/videos/S13/VSL_ALPHA_S13_H_REP03.mp4,train
VSL_ALPHA_S13_H_REP04,S13,H,letter,Right,4,30,90,data/vsl_alphabet_pilot/landmarks/S13/VSL_ALPHA_S13_H_REP04.npz,data/vsl_alphabet_pilot/videos/S13/VSL_ALPHA_S13_H_REP04.mp4,train
VSL_ALPHA_S13_H_REP05,S13,H,letter,Right,5,30,90,data/vsl_alphabet_pilot/landmarks/S13/VSL_ALPHA_S13_H_REP05.npz,data/vsl_alphabet_pilot/videos/S13/VSL_ALPHA_S13_H_REP05.mp4,train
VSL_ALPHA_S13_I_REP01,S13,I,letter,Right,1,30,90,data/vsl_alphabet_pilot/landmarks/S13/VSL_ALPHA_S13_I_REP01.npz,data/vsl_alphabet_pilot/videos/S13/VSL_ALPHA_S13_I_REP01.mp4,train
VSL_ALPHA_S13_I_REP02,S13,I,letter,Right,2,30,90,data/vsl_alphabet_pilot/landmarks/S13/VSL_ALPHA_S13_I_REP02.npz,data/vsl_alphabet_pilot/videos/S13/VSL_ALPHA_S13_I_REP02.mp4,train
VSL_ALPHA_S13_I_REP03,S13,I,letter,Right,3,30,90,data/vsl_alphabet_pilot/landmarks/S13/VSL_ALPHA_S13_I_REP03.npz,data/vsl_alphabet_pilot/videos/S13/VSL_ALPHA_S13_I_REP03.mp4,train
VSL_ALPHA_S13_I_REP04,S13,I,letter,Right,4,30,90,data/vsl_alphabet_pilot/landmarks/S13/VSL_ALPHA_S13_I_REP04.npz,data/vsl_alphabet_pilot/videos/S13/VSL_ALPHA_S13_I_REP04.mp4,train
VSL_ALPHA_S13_I_REP05,S13,I,letter,Right,5,30,90,data/vsl_alphabet_pilot/landmarks/S13/VSL_ALPHA_S13_I_REP05.npz,data/vsl_alphabet_pilot/videos/S13/VSL_ALPHA_S13_I_REP05.mp4,train
VSL_ALPHA_S13_K_REP01,S13,K,letter,Right,1,30,90,data/vsl_alphabet_pilot/landmarks/S13/VSL_ALPHA_S13_K_REP01.npz,data/vsl_alphabet_pilot/videos/S13/VSL_ALPHA_S13_K_REP01.mp4,train
VSL_ALPHA_S13_K_REP02,S13,K,letter,Right,2,30,90,data/vsl_alphabet_pilot/landmarks/S13/VSL_ALPHA_S13_K_REP02.npz,data/vsl_alphabet_pilot/videos/S13/VSL_ALPHA_S13_K_REP02.mp4,train
VSL_ALPHA_S13_K_REP03,S13,K,letter,Right,3,30,90,data/vsl_alphabet_pilot/landmarks/S13/VSL_ALPHA_S13_K_REP03.npz,data/vsl_alphabet_pilot/videos/S13/VSL_ALPHA_S13_K_REP03.mp4,train
VSL_ALPHA_S13_K_REP04,S13,K,letter,Right,4,30,90,data/vsl_alphabet_pilot/landmarks/S13/VSL_ALPHA_S13_K_REP04.npz,data/vsl_alphabet_pilot/videos/S13/VSL_ALPHA_S13_K_REP04.mp4,train
VSL_ALPHA_S13_K_REP05,S13,K,letter,Right,5,30,90,data/vsl_alphabet_pilot/landmarks/S13/VSL_ALPHA_S13_K_REP05.npz,data/vsl_alphabet_pilot/videos/S13/VSL_ALPHA_S13_K_REP05.mp4,train
VSL_ALPHA_S13_L_REP01,S13,L,letter,Right,1,30,90,data/vsl_alphabet_pilot/landmarks/S13/VSL_ALPHA_S13_L_REP01.npz,data/vsl_alphabet_pilot/videos/S13/VSL_ALPHA_S13_L_REP01.mp4,train
VSL_ALPHA_S13_L_REP02,S13,L,letter,Right,2,30,90,data/vsl_alphabet_pilot/landmarks/S13/VSL_ALPHA_S13_L_REP02.npz,data/vsl_alphabet_pilot/videos/S13/VSL_ALPHA_S13_L_REP02.mp4,train
VSL_ALPHA_S13_L_REP03,S13,L,letter,Right,3,30,90,data/vsl_alphabet_pilot/landmarks/S13/VSL_ALPHA_S13_L_REP03.npz,data/vsl_alphabet_pilot/videos/S13/VSL_ALPHA_S13_L_REP03.mp4,train
VSL_ALPHA_S13_L_REP04,S13,L,letter,Right,4,30,90,data/vsl_alphabet_pilot/landmarks/S13/VSL_ALPHA_S13_L_REP04.npz,data/vsl_alphabet_pilot/videos/S13/VSL_ALPHA_S13_L_REP04.mp4,train
VSL_ALPHA_S13_L_REP05,S13,L,letter,Right,5,30,90,data/vsl_alphabet_pilot/landmarks/S13/VSL_ALPHA_S13_L_REP05.npz,data/vsl_alphabet_pilot/videos/S13/VSL_ALPHA_S13_L_REP05.mp4,train
VSL_ALPHA_S13_M_REP01,S13,M,letter,Right,1,30,90,data/vsl_alphabet_pilot/landmarks/S13/VSL_ALPHA_S13_M_REP01.npz,data/vsl_alphabet_pilot/videos/S13/VSL_ALPHA_S13_M_REP01.mp4,train
VSL_ALPHA_S13_M_REP02,S13,M,letter,Right,2,30,90,data/vsl_alphabet_pilot/landmarks/S13/VSL_ALPHA_S13_M_REP02.npz,data/vsl_alphabet_pilot/videos/S13/VSL_ALPHA_S13_M_REP02.mp4,train
VSL_ALPHA_S13_M_REP03,S13,M,letter,Right,3,30,90,data/vsl_alphabet_pilot/landmarks/S13/VSL_ALPHA_S13_M_REP03.npz,data/vsl_alphabet_pilot/videos/S13/VSL_ALPHA_S13_M_REP03.mp4,train
VSL_ALPHA_S13_M_REP04,S13,M,letter,Right,4,30,90,data/vsl_alphabet_pilot/landmarks/S13/VSL_ALPHA_S13_M_REP04.npz,data/vsl_alphabet_pilot/videos/S13/VSL_ALPHA_S13_M_REP04.mp4,train
VSL_ALPHA_S13_M_REP05,S13,M,letter,Right,5,30,90,data/vsl_alphabet_pilot/landmarks/S13/VSL_ALPHA_S13_M_REP05.npz,data/vsl_alphabet_pilot/videos/S13/VSL_ALPHA_S13_M_REP05.mp4,train
VSL_ALPHA_S13_N_REP01,S13,N,letter,Right,1,30,90,data/vsl_alphabet_pilot/landmarks/S13/VSL_ALPHA_S13_N_REP01.npz,data/vsl_alphabet_pilot/videos/S13/VSL_ALPHA_S13_N_REP01.mp4,train
VSL_ALPHA_S13_N_REP02,S13,N,letter,Right,2,30,90,data/vsl_alphabet_pilot/landmarks/S13/VSL_ALPHA_S13_N_REP02.npz,data/vsl_alphabet_pilot/videos/S13/VSL_ALPHA_S13_N_REP02.mp4,train
VSL_ALPHA_S13_N_REP03,S13,N,letter,Right,3,30,90,data/vsl_alphabet_pilot/landmarks/S13/VSL_ALPHA_S13_N_REP03.npz,data/vsl_alphabet_pilot/videos/S13/VSL_ALPHA_S13_N_REP03.mp4,train
VSL_ALPHA_S13_N_REP04,S13,N,letter,Right,4,30,90,data/vsl_alphabet_pilot/landmarks/S13/VSL_ALPHA_S13_N_REP04.npz,data/vsl_alphabet_pilot/videos/S13/VSL_ALPHA_S13_N_REP04.mp4,train
VSL_ALPHA_S13_N_REP05,S13,N,letter,Right,5,30,90,data/vsl_alphabet_pilot/landmarks/S13/VSL_ALPHA_S13_N_REP05.npz,data/vsl_alphabet_pilot/videos/S13/VSL_ALPHA_S13_N_REP05.mp4,train
VSL_ALPHA_S13_O_REP01,S13,O,letter,Right,1,30,90,data/vsl_alphabet_pilot/landmarks/S13/VSL_ALPHA_S13_O_REP01.npz,data/vsl_alphabet_pilot/videos/S13/VSL_ALPHA_S13_O_REP01.mp4,train
VSL_ALPHA_S13_O_REP02,S13,O,letter,Right,2,30,90,data/vsl_alphabet_pilot/landmarks/S13/VSL_ALPHA_S13_O_REP02.npz,data/vsl_alphabet_pilot/videos/S13/VSL_ALPHA_S13_O_REP02.mp4,train
VSL_ALPHA_S13_O_REP03,S13,O,letter,Right,3,30,90,data/vsl_alphabet_pilot/landmarks/S13/VSL_ALPHA_S13_O_REP03.npz,data/vsl_alphabet_pilot/videos/S13/VSL_ALPHA_S13_O_REP03.mp4,train
VSL_ALPHA_S13_O_REP04,S13,O,letter,Right,4,30,90,data/vsl_alphabet_pilot/landmarks/S13/VSL_ALPHA_S13_O_REP04.npz,data/vsl_alphabet_pilot/videos/S13/VSL_ALPHA_S13_O_REP04.mp4,train
VSL_ALPHA_S13_O_REP05,S13,O,letter,Right,5,30,90,data/vsl_alphabet_pilot/landmarks/S13/VSL_ALPHA_S13_O_REP05.npz,data/vsl_alphabet_pilot/videos/S13/VSL_ALPHA_S13_O_REP05.mp4,train
VSL_ALPHA_S13_P_REP01,S13,P,letter,Right,1,30,90,data/vsl_alphabet_pilot/landmarks/S13/VSL_ALPHA_S13_P_REP01.npz,data/vsl_alphabet_pilot/videos/S13/VSL_ALPHA_S13_P_REP01.mp4,train
VSL_ALPHA_S13_P_REP02,S13,P,letter,Right,2,30,90,data/vsl_alphabet_pilot/landmarks/S13/VSL_ALPHA_S13_P_REP02.npz,data/vsl_alphabet_pilot/videos/S13/VSL_ALPHA_S13_P_REP02.mp4,train
VSL_ALPHA_S13_P_REP03,S13,P,letter,Right,3,30,90,data/vsl_alphabet_pilot/landmarks/S13/VSL_ALPHA_S13_P_REP03.npz,data/vsl_alphabet_pilot/videos/S13/VSL_ALPHA_S13_P_REP03.mp4,train
VSL_ALPHA_S13_P_REP04,S13,P,letter,Right,4,30,90,data/vsl_alphabet_pilot/landmarks/S13/VSL_ALPHA_S13_P_REP04.npz,data/vsl_alphabet_pilot/videos/S13/VSL_ALPHA_S13_P_REP04.mp4,train
VSL_ALPHA_S13_P_REP05,S13,P,letter,Right,5,30,90,data/vsl_alphabet_pilot/landmarks/S13/VSL_ALPHA_S13_P_REP05.npz,data/vsl_alphabet_pilot/videos/S13/VSL_ALPHA_S13_P_REP05.mp4,train
VSL_ALPHA_S13_Q_REP01,S13,Q,letter,Right,1,30,90,data/vsl_alphabet_pilot/landmarks/S13/VSL_ALPHA_S13_Q_REP01.npz,data/vsl_alphabet_pilot/videos/S13/VSL_ALPHA_S13_Q_REP01.mp4,train
VSL_ALPHA_S13_Q_REP02,S13,Q,letter,Right,2,30,90,data/vsl_alphabet_pilot/landmarks/S13/VSL_ALPHA_S13_Q_REP02.npz,data/vsl_alphabet_pilot/videos/S13/VSL_ALPHA_S13_Q_REP02.mp4,train
VSL_ALPHA_S13_Q_REP03,S13,Q,letter,Right,3,30,90,data/vsl_alphabet_pilot/landmarks/S13/VSL_ALPHA_S13_Q_REP03.npz,data/vsl_alphabet_pilot/videos/S13/VSL_ALPHA_S13_Q_REP03.mp4,train
VSL_ALPHA_S13_Q_REP04,S13,Q,letter,Right,4,30,90,data/vsl_alphabet_pilot/landmarks/S13/VSL_ALPHA_S13_Q_REP04.npz,data/vsl_alphabet_pilot/videos/S13/VSL_ALPHA_S13_Q_REP04.mp4,train
VSL_ALPHA_S13_Q_REP05,S13,Q,letter,Right,5,30,90,data/vsl_alphabet_pilot/landmarks/S13/VSL_ALPHA_S13_Q_REP05.npz,data/vsl_alphabet_pilot/videos/S13/VSL_ALPHA_S13_Q_REP05.mp4,train
VSL_ALPHA_S13_R_REP01,S13,R,letter,Right,1,30,90,data/vsl_alphabet_pilot/landmarks/S13/VSL_ALPHA_S13_R_REP01.npz,data/vsl_alphabet_pilot/videos/S13/VSL_ALPHA_S13_R_REP01.mp4,train
VSL_ALPHA_S13_R_REP02,S13,R,letter,Right,2,30,90,data/vsl_alphabet_pilot/landmarks/S13/VSL_ALPHA_S13_R_REP02.npz,data/vsl_alphabet_pilot/videos/S13/VSL_ALPHA_S13_R_REP02.mp4,train
VSL_ALPHA_S13_R_REP03,S13,R,letter,Right,3,30,90,data/vsl_alphabet_pilot/landmarks/S13/VSL_ALPHA_S13_R_REP03.npz,data/vsl_alphabet_pilot/videos/S13/VSL_ALPHA_S13_R_REP03.mp4,train
VSL_ALPHA_S13_R_REP04,S13,R,letter,Right,4,30,90,data/vsl_alphabet_pilot/landmarks/S13/VSL_ALPHA_S13_R_REP04.npz,data/vsl_alphabet_pilot/videos/S13/VSL_ALPHA_S13_R_REP04.mp4,train
VSL_ALPHA_S13_R_REP05,S13,R,letter,Right,5,30,90,data/vsl_alphabet_pilot/landmarks/S13/VSL_ALPHA_S13_R_REP05.npz,data/vsl_alphabet_pilot/videos/S13/VSL_ALPHA_S13_R_REP05.mp4,train
VSL_ALPHA_S13_S_REP01,S13,S,letter,Right,1,30,90,data/vsl_alphabet_pilot/landmarks/S13/VSL_ALPHA_S13_S_REP01.npz,data/vsl_alphabet_pilot/videos/S13/VSL_ALPHA_S13_S_REP01.mp4,train
VSL_ALPHA_S13_S_REP02,S13,S,letter,Right,2,30,90,data/vsl_alphabet_pilot/landmarks/S13/VSL_ALPHA_S13_S_REP02.npz,data/vsl_alphabet_pilot/videos/S13/VSL_ALPHA_S13_S_REP02.mp4,train
VSL_ALPHA_S13_S_REP03,S13,S,letter,Right,3,30,90,data/vsl_alphabet_pilot/landmarks/S13/VSL_ALPHA_S13_S_REP03.npz,data/vsl_alphabet_pilot/videos/S13/VSL_ALPHA_S13_S_REP03.mp4,train
VSL_ALPHA_S13_S_REP04,S13,S,letter,Right,4,30,90,data/vsl_alphabet_pilot/landmarks/S13/VSL_ALPHA_S13_S_REP04.npz,data/vsl_alphabet_pilot/videos/S13/VSL_ALPHA_S13_S_REP04.mp4,train
VSL_ALPHA_S13_S_REP05,S13,S,letter,Right,5,30,90,data/vsl_alphabet_pilot/landmarks/S13/VSL_ALPHA_S13_S_REP05.npz,data/vsl_alphabet_pilot/videos/S13/VSL_ALPHA_S13_S_REP05.mp4,train
VSL_ALPHA_S13_T_REP01,S13,T,letter,Right,1,30,90,data/vsl_alphabet_pilot/landmarks/S13/VSL_ALPHA_S13_T_REP01.npz,data/vsl_alphabet_pilot/videos/S13/VSL_ALPHA_S13_T_REP01.mp4,train
VSL_ALPHA_S13_T_REP02,S13,T,letter,Right,2,30,90,data/vsl_alphabet_pilot/landmarks/S13/VSL_ALPHA_S13_T_REP02.npz,data/vsl_alphabet_pilot/videos/S13/VSL_ALPHA_S13_T_REP02.mp4,train
VSL_ALPHA_S13_T_REP03,S13,T,letter,Right,3,30,90,data/vsl_alphabet_pilot/landmarks/S13/VSL_ALPHA_S13_T_REP03.npz,data/vsl_alphabet_pilot/videos/S13/VSL_ALPHA_S13_T_REP03.mp4,train
VSL_ALPHA_S13_T_REP04,S13,T,letter,Right,4,30,90,data/vsl_alphabet_pilot/landmarks/S13/VSL_ALPHA_S13_T_REP04.npz,data/vsl_alphabet_pilot/videos/S13/VSL_ALPHA_S13_T_REP04.mp4,train
VSL_ALPHA_S13_T_REP05,S13,T,letter,Right,5,30,90,data/vsl_alphabet_pilot/landmarks/S13/VSL_ALPHA_S13_T_REP05.npz,data/vsl_alphabet_pilot/videos/S13/VSL_ALPHA_S13_T_REP05.mp4,train
VSL_ALPHA_S13_U_REP01,S13,U,letter,Right,1,30,90,data/vsl_alphabet_pilot/landmarks/S13/VSL_ALPHA_S13_U_REP01.npz,data/vsl_alphabet_pilot/videos/S13/VSL_ALPHA_S13_U_REP01.mp4,train
VSL_ALPHA_S13_U_REP02,S13,U,letter,Right,2,30,90,data/vsl_alphabet_pilot/landmarks/S13/VSL_ALPHA_S13_U_REP02.npz,data/vsl_alphabet_pilot/videos/S13/VSL_ALPHA_S13_U_REP02.mp4,train
VSL_ALPHA_S13_U_REP03,S13,U,letter,Right,3,30,90,data/vsl_alphabet_pilot/landmarks/S13/VSL_ALPHA_S13_U_REP03.npz,data/vsl_alphabet_pilot/videos/S13/VSL_ALPHA_S13_U_REP03.mp4,train
VSL_ALPHA_S13_U_REP04,S13,U,letter,Right,4,30,90,data/vsl_alphabet_pilot/landmarks/S13/VSL_ALPHA_S13_U_REP04.npz,data/vsl_alphabet_pilot/videos/S13/VSL_ALPHA_S13_U_REP04.mp4,train
VSL_ALPHA_S13_U_REP05,S13,U,letter,Right,5,30,90,data/vsl_alphabet_pilot/landmarks/S13/VSL_ALPHA_S13_U_REP05.npz,data/vsl_alphabet_pilot/videos/S13/VSL_ALPHA_S13_U_REP05.mp4,train
VSL_ALPHA_S13_V_REP01,S13,V,letter,Right,1,30,90,data/vsl_alphabet_pilot/landmarks/S13/VSL_ALPHA_S13_V_REP01.npz,data/vsl_alphabet_pilot/videos/S13/VSL_ALPHA_S13_V_REP01.mp4,train
VSL_ALPHA_S13_V_REP02,S13,V,letter,Right,2,30,90,data/vsl_alphabet_pilot/landmarks/S13/VSL_ALPHA_S13_V_REP02.npz,data/vsl_alphabet_pilot/videos/S13/VSL_ALPHA_S13_V_REP02.mp4,train
VSL_ALPHA_S13_V_REP03,S13,V,letter,Right,3,30,90,data/vsl_alphabet_pilot/landmarks/S13/VSL_ALPHA_S13_V_REP03.npz,data/vsl_alphabet_pilot/videos/S13/VSL_ALPHA_S13_V_REP03.mp4,train
VSL_ALPHA_S13_V_REP04,S13,V,letter,Right,4,30,90,data/vsl_alphabet_pilot/landmarks/S13/VSL_ALPHA_S13_V_REP04.npz,data/vsl_alphabet_pilot/videos/S13/VSL_ALPHA_S13_V_REP04.mp4,train
VSL_ALPHA_S13_V_REP05,S13,V,letter,Right,5,30,90,data/vsl_alphabet_pilot/landmarks/S13/VSL_ALPHA_S13_V_REP05.npz,data/vsl_alphabet_pilot/videos/S13/VSL_ALPHA_S13_V_REP05.mp4,train
VSL_ALPHA_S13_X_REP01,S13,X,letter,Right,1,30,90,data/vsl_alphabet_pilot/landmarks/S13/VSL_ALPHA_S13_X_REP01.npz,data/vsl_alphabet_pilot/videos/S13/VSL_ALPHA_S13_X_REP01.mp4,train
VSL_ALPHA_S13_X_REP02,S13,X,letter,Right,2,30,90,data/vsl_alphabet_pilot/landmarks/S13/VSL_ALPHA_S13_X_REP02.npz,data/vsl_alphabet_pilot/videos/S13/VSL_ALPHA_S13_X_REP02.mp4,train
VSL_ALPHA_S13_X_REP03,S13,X,letter,Right,3,30,90,data/vsl_alphabet_pilot/landmarks/S13/VSL_ALPHA_S13_X_REP03.npz,data/vsl_alphabet_pilot/videos/S13/VSL_ALPHA_S13_X_REP03.mp4,train
VSL_ALPHA_S13_X_REP04,S13,X,letter,Right,4,30,90,data/vsl_alphabet_pilot/landmarks/S13/VSL_ALPHA_S13_X_REP04.npz,data/vsl_alphabet_pilot/videos/S13/VSL_ALPHA_S13_X_REP04.mp4,train
VSL_ALPHA_S13_X_REP05,S13,X,letter,Right,5,30,90,data/vsl_alphabet_pilot/landmarks/S13/VSL_ALPHA_S13_X_REP05.npz,data/vsl_alphabet_pilot/videos/S13/VSL_ALPHA_S13_X_REP05.mp4,train
VSL_ALPHA_S13_Y_REP01,S13,Y,letter,Right,1,30,90,data/vsl_alphabet_pilot/landmarks/S13/VSL_ALPHA_S13_Y_REP01.npz,data/vsl_alphabet_pilot/videos/S13/VSL_ALPHA_S13_Y_REP01.mp4,train
VSL_ALPHA_S13_Y_REP02,S13,Y,letter,Right,2,30,90,data/vsl_alphabet_pilot/landmarks/S13/VSL_ALPHA_S13_Y_REP02.npz,data/vsl_alphabet_pilot/videos/S13/VSL_ALPHA_S13_Y_REP02.mp4,train
VSL_ALPHA_S13_Y_REP03,S13,Y,letter,Right,3,30,90,data/vsl_alphabet_pilot/landmarks/S13/VSL_ALPHA_S13_Y_REP03.npz,data/vsl_alphabet_pilot/videos/S13/VSL_ALPHA_S13_Y_REP03.mp4,train
VSL_ALPHA_S13_Y_REP04,S13,Y,letter,Right,4,30,90,data/vsl_alphabet_pilot/landmarks/S13/VSL_ALPHA_S13_Y_REP04.npz,data/vsl_alphabet_pilot/videos/S13/VSL_ALPHA_S13_Y_REP04.mp4,train
VSL_ALPHA_S13_Y_REP05,S13,Y,letter,Right,5,30,90,data/vsl_alphabet_pilot/landmarks/S13/VSL_ALPHA_S13_Y_REP05.npz,data/vsl_alphabet_pilot/videos/S13/VSL_ALPHA_S13_Y_REP05.mp4,train
VSL_ALPHA_S13_Dau_mu_REP01,S13,Dau_mu,accent,Right,1,30,90,data/vsl_alphabet_pilot/landmarks/S13/VSL_ALPHA_S13_Dau_mu_REP01.npz,data/vsl_alphabet_pilot/videos/S13/VSL_ALPHA_S13_Dau_mu_REP01.mp4,train
VSL_ALPHA_S13_Dau_mu_REP02,S13,Dau_mu,accent,Right,2,30,90,data/vsl_alphabet_pilot/landmarks/S13/VSL_ALPHA_S13_Dau_mu_REP02.npz,data/vsl_alphabet_pilot/videos/S13/VSL_ALPHA_S13_Dau_mu_REP02.mp4,train
VSL_ALPHA_S13_Dau_mu_REP03,S13,Dau_mu,accent,Right,3,30,90,data/vsl_alphabet_pilot/landmarks/S13/VSL_ALPHA_S13_Dau_mu_REP03.npz,data/vsl_alphabet_pilot/videos/S13/VSL_ALPHA_S13_Dau_mu_REP03.mp4,train
VSL_ALPHA_S13_Dau_mu_REP04,S13,Dau_mu,accent,Right,4,30,90,data/vsl_alphabet_pilot/landmarks/S13/VSL_ALPHA_S13_Dau_mu_REP04.npz,data/vsl_alphabet_pilot/videos/S13/VSL_ALPHA_S13_Dau_mu_REP04.mp4,train
VSL_ALPHA_S13_Dau_mu_REP05,S13,Dau_mu,accent,Right,5,30,90,data/vsl_alphabet_pilot/landmarks/S13/VSL_ALPHA_S13_Dau_mu_REP05.npz,data/vsl_alphabet_pilot/videos/S13/VSL_ALPHA_S13_Dau_mu_REP05.mp4,train
VSL_ALPHA_S13_Dau_moc_REP01,S13,Dau_moc,accent,Right,1,30,90,data/vsl_alphabet_pilot/landmarks/S13/VSL_ALPHA_S13_Dau_moc_REP01.npz,data/vsl_alphabet_pilot/videos/S13/VSL_ALPHA_S13_Dau_moc_REP01.mp4,train
VSL_ALPHA_S13_Dau_moc_REP02,S13,Dau_moc,accent,Right,2,30,90,data/vsl_alphabet_pilot/landmarks/S13/VSL_ALPHA_S13_Dau_moc_REP02.npz,data/vsl_alphabet_pilot/videos/S13/VSL_ALPHA_S13_Dau_moc_REP02.mp4,train
VSL_ALPHA_S13_Dau_moc_REP03,S13,Dau_moc,accent,Right,3,30,90,data/vsl_alphabet_pilot/landmarks/S13/VSL_ALPHA_S13_Dau_moc_REP03.npz,data/vsl_alphabet_pilot/videos/S13/VSL_ALPHA_S13_Dau_moc_REP03.mp4,train
VSL_ALPHA_S13_Dau_moc_REP04,S13,Dau_moc,accent,Right,4,30,90,data/vsl_alphabet_pilot/landmarks/S13/VSL_ALPHA_S13_Dau_moc_REP04.npz,data/vsl_alphabet_pilot/videos/S13/VSL_ALPHA_S13_Dau_moc_REP04.mp4,train
VSL_ALPHA_S13_Dau_moc_REP05,S13,Dau_moc,accent,Right,5,30,90,data/vsl_alphabet_pilot/landmarks/S13/VSL_ALPHA_S13_Dau_moc_REP05.npz,data/vsl_alphabet_pilot/videos/S13/VSL_ALPHA_S13_Dau_moc_REP05.mp4,train
