gloss,video_count,sample_videos,dialects_represented,avg_frames,avg_fps
thương yêu,6,W03373B.mp4;W03373N.mp4;W03373T.mp4;W03450B.mp4;W03450N.mp4,B (Miền Bắc / North);N (Miền Nam / South);T (Miền Trung / Central),110.7,30.0
thành lập,4,W03175.mp4;W03175B.mp4;W03175N.mp4;W03175T.mp4,B (Miền Bắc / North);N (Miền Nam / South);Neutral / Unspecified;T (Miền Trung / Central),112.8,30.0
đặc biệt,4,W01122.mp4;W01122B.mp4;W01122N.mp4;W01122T.mp4,B (Miền Bắc / North);N (Miền Nam / South);Neutral / Unspecified;T (Miền Trung / Central),139.8,30.0
thường xuyên,4,D0156.mp4;D0156B.mp4;D0156T.mp4;D0156N.mp4,B (Miền Bắc / North);N (Miền Nam / South);Neutral / Unspecified;T (Miền Trung / Central),137.8,30.0
môn kĩ thuật,4,W02243.mp4;W02243B.mp4;W02243N.mp4;W02243T.mp4,B (Miền Bắc / North);N (Miền Nam / South);Neutral / Unspecified;T (Miền Trung / Central),106.2,30.0
tưởng tượng,4,W03732.mp4;W03732N.mp4;W03732T.mp4;W03732B.mp4,B (Miền Bắc / North);N (Miền Nam / South);Neutral / Unspecified;T (Miền Trung / Central),112.2,28.5
chăm sóc sức khỏe,3,W00508B.mp4;W00508N.mp4;W00508T.mp4,B (Miền Bắc / North);N (Miền Nam / South);T (Miền Trung / Central),154.3,30.0
chăn (cái chăn),3,W00509B.mp4;W00509T.mp4;W00509N.mp4,B (Miền Bắc / North);N (Miền Nam / South);T (Miền Trung / Central),116.7,30.0
chăn nuôi,3,W00510B.mp4;W00510N.mp4;W00510T.mp4,B (Miền Bắc / North);N (Miền Nam / South);T (Miền Trung / Central),114.7,30.0
đèn báo giao thông,3,W01154B.mp4;W01154N.mp4;W01154T.mp4,B (Miền Bắc / North);N (Miền Nam / South);T (Miền Trung / Central),103.0,30.0
đèn pin,3,W01159N.mp4;W01159T.mp4;W01159B.mp4,B (Miền Bắc / North);N (Miền Nam / South);T (Miền Trung / Central),147.7,30.0
hoặc,3,D0188N.mp4;D0188T.mp4;D0188B.mp4,B (Miền Bắc / North);N (Miền Nam / South);T (Miền Trung / Central),80.7,30.0
ưu tiên,3,W03758B.mp4;W03758T.mp4;W03758N.mp4,B (Miền Bắc / North);N (Miền Nam / South);T (Miền Trung / Central),133.3,30.0
đèn vàng,3,W01161B.mp4;W01161N.mp4;W01161T.mp4,B (Miền Bắc / North);N (Miền Nam / South);T (Miền Trung / Central),113.0,30.0
kẹo,3,W01743B.mp4;W01743N.mp4;W01743T.mp4,B (Miền Bắc / North);N (Miền Nam / South);T (Miền Trung / Central),74.7,26.0
cộng (toán học),3,W00857B.mp4;W00857N.mp4;W00857T.mp4,B (Miền Bắc / North);N (Miền Nam / South);T (Miền Trung / Central),80.0,30.0
không đẹp,3,D0129B.mp4;D0129N.mp4;D0129T.mp4,B (Miền Bắc / North);N (Miền Nam / South);T (Miền Trung / Central),93.3,30.0
dấu sắc,3,D0525N.mp4;D0525T.mp4;D0525B.mp4,B (Miền Bắc / North);N (Miền Nam / South);T (Miền Trung / Central),127.0,30.0
chả cá,3,W00484B.mp4;W00484N.mp4;W00484T.mp4,B (Miền Bắc / North);N (Miền Nam / South);T (Miền Trung / Central),149.0,30.0
chảo,3,W00493N.mp4;W00493T.mp4;W00493B.mp4,B (Miền Bắc / North);N (Miền Nam / South);T (Miền Trung / Central),269.7,30.0
lung tung,3,D0020B.mp4;D0020N.mp4;D0020T.mp4,B (Miền Bắc / North);N (Miền Nam / South);T (Miền Trung / Central),159.3,30.0
mùa hè,3,W02270B.mp4;W02270N.mp4;W02270T.mp4,B (Miền Bắc / North);N (Miền Nam / South);T (Miền Trung / Central),94.7,30.0
câu thơ,3,W00444B.mp4;W00444N.mp4;W00444T.mp4,B (Miền Bắc / North);N (Miền Nam / South);T (Miền Trung / Central),103.0,30.0
cột điện,3,W00863B.mp4;W00863N.mp4;W00863T.mp4,B (Miền Bắc / North);N (Miền Nam / South);T (Miền Trung / Central),94.7,30.0
huyện,3,W01721B.mp4;W01721N.mp4;W01721T.mp4,B (Miền Bắc / North);N (Miền Nam / South);T (Miền Trung / Central),116.7,30.0
mexico (nước mexico),3,W02200B.mp4;W02200N.mp4;W02200T.mp4,B (Miền Bắc / North);N (Miền Nam / South);T (Miền Trung / Central),96.0,30.0
đèn xanh,3,W01162N.mp4;W01162T.mp4;W01162B.mp4,B (Miền Bắc / North);N (Miền Nam / South);T (Miền Trung / Central),120.0,30.0
6,3,D0535B.mp4;D0535N.mp4;D0535T.mp4,B (Miền Bắc / North);N (Miền Nam / South);T (Miền Trung / Central),160.3,30.0
đèn điện,3,W01155B.mp4;W01155N.mp4;W01155T.mp4,B (Miền Bắc / North);N (Miền Nam / South);T (Miền Trung / Central),94.0,30.0
đèo hải vân,3,W01165B.mp4;W01165N.mp4;W01165T.mp4,B (Miền Bắc / North);N (Miền Nam / South);T (Miền Trung / Central),85.0,30.0
luật chơi,3,W02064N.mp4;W02064T.mp4;W02064B.mp4,B (Miền Bắc / North);N (Miền Nam / South);T (Miền Trung / Central),114.0,30.0
màu nâu,3,W02137N.mp4;W02137T.mp4;W02137B.mp4,B (Miền Bắc / North);N (Miền Nam / South);T (Miền Trung / Central),109.7,30.0
bố dượng,3,W00326B.mp4;W00326N.mp4;W00326T.mp4,B (Miền Bắc / North);N (Miền Nam / South);T (Miền Trung / Central),84.7,30.0
cây cổ thụ,3,W00459B.mp4;W00459T.mp4;W00459N.mp4,B (Miền Bắc / North);N (Miền Nam / South);T (Miền Trung / Central),101.0,30.0
lĩnh vực,3,W02012B.mp4;W02012N.mp4;W02012T.mp4,B (Miền Bắc / North);N (Miền Nam / South);T (Miền Trung / Central),106.3,30.0
ai,3,W00004B.mp4;W00004N.mp4;W00004T.mp4,B (Miền Bắc / North);N (Miền Nam / South);T (Miền Trung / Central),117.3,30.0
kết quả,3,W01754B.mp4;W01754N.mp4;W01754T.mp4,B (Miền Bắc / North);N (Miền Nam / South);T (Miền Trung / Central),120.7,30.0
cây ngô,3,W00469B.mp4;W00469N.mp4;W00469T.mp4,B (Miền Bắc / North);N (Miền Nam / South);T (Miền Trung / Central),121.0,30.0
khỏi bệnh,3,W01824B.mp4;W01824N.mp4;W01824T.mp4,B (Miền Bắc / North);N (Miền Nam / South);T (Miền Trung / Central),148.7,30.0
chặt,3,W00513B.mp4;W00513N.mp4;W00513T.mp4,B (Miền Bắc / North);N (Miền Nam / South);T (Miền Trung / Central),97.7,30.0
cây phượng,3,W00470B.mp4;W00470N.mp4;W00470T.mp4,B (Miền Bắc / North);N (Miền Nam / South);T (Miền Trung / Central),122.0,30.0
anh (nước anh),3,W00009B.mp4;W00009N.mp4;W00009T.mp4,B (Miền Bắc / North);N (Miền Nam / South);T (Miền Trung / Central),113.3,30.0
bốt cảnh sát,3,W00337B.mp4;W00337T.mp4;W00337N.mp4,B (Miền Bắc / North);N (Miền Nam / South);T (Miền Trung / Central),178.0,30.0
bốt điện,3,W00338B.mp4;W00338N.mp4;W00338T.mp4,B (Miền Bắc / North);N (Miền Nam / South);T (Miền Trung / Central),150.3,30.0
anh dũng,3,W00012B.mp4;W00012N.mp4;W00012T.mp4,B (Miền Bắc / North);N (Miền Nam / South);T (Miền Trung / Central),132.0,30.0
anh em,3,W00013N.mp4;W00013T.mp4;W00013B.mp4,B (Miền Bắc / North);N (Miền Nam / South);T (Miền Trung / Central),141.7,30.0
"anh hai, anh cả",3,D0143B.mp4;D0143N.mp4;D0143T.mp4,B (Miền Bắc / North);N (Miền Nam / South);T (Miền Trung / Central),70.7,30.0
màu trắng,3,W02140B.mp4;W02140N.mp4;W02140T.mp4,B (Miền Bắc / North);N (Miền Nam / South);T (Miền Trung / Central),86.0,30.0
đùa,3,D0437N.mp4;D0437T.mp4;D0437B.mp4,B (Miền Bắc / North);N (Miền Nam / South);T (Miền Trung / Central),94.3,30.0
anh ruột,3,W00019B.mp4;W00019N.mp4;W00019T.mp4,B (Miền Bắc / North);N (Miền Nam / South);T (Miền Trung / Central),142.3,30.0
anh rể,3,W00018B.mp4;W00018N.mp4;W00018T.mp4,B (Miền Bắc / North);N (Miền Nam / South);T (Miền Trung / Central),93.0,30.0
là gì?,3,W01911B.mp4;W01911N.mp4;W01911T.mp4,B (Miền Bắc / North);N (Miền Nam / South);T (Miền Trung / Central),93.7,30.0
cây thân gỗ,3,W00474B.mp4;W00474N.mp4;W00474T.mp4,B (Miền Bắc / North);N (Miền Nam / South);T (Miền Trung / Central),102.3,30.0
đúng không?,3,D0119T.mp4;D0119B.mp4;D0119N.mp4,B (Miền Bắc / North);N (Miền Nam / South);T (Miền Trung / Central),99.7,30.0
kỉ niệm,3,W01866B.mp4;W01866N.mp4;W01866T.mp4,B (Miền Bắc / North);N (Miền Nam / South);T (Miền Trung / Central),115.3,30.0
chị,3,W00570B.mp4;W00570N.mp4;W00570T.mp4,B (Miền Bắc / North);N (Miền Nam / South);T (Miền Trung / Central),112.7,30.0
đại diện,3,W01082B.mp4;W01082N.mp4;W01082T.mp4,B (Miền Bắc / North);N (Miền Nam / South);T (Miền Trung / Central),78.7,30.0
dịch vụ,3,W01033B.mp4;W01033N.mp4;W01033T.mp4,B (Miền Bắc / North);N (Miền Nam / South);T (Miền Trung / Central),101.7,30.0
ban đêm,3,W00086B.mp4;W00086N.mp4;W00086T.mp4,B (Miền Bắc / North);N (Miền Nam / South);T (Miền Trung / Central),145.3,30.0
bao giờ?,3,W00145B.mp4;W00145N.mp4;W00145T.mp4,B (Miền Bắc / North);N (Miền Nam / South);T (Miền Trung / Central),127.3,30.0
"chị hai, chị cả",3,D0144N.mp4;D0144T.mp4;D0144B.mp4,B (Miền Bắc / North);N (Miền Nam / South);T (Miền Trung / Central),92.0,30.0
chị họ,3,D0152B.mp4;D0152N.mp4;D0152T.mp4,B (Miền Bắc / North);N (Miền Nam / South);T (Miền Trung / Central),129.7,30.0
bộ đội,3,W00328B.mp4;W00328N.mp4;W00328T.mp4,B (Miền Bắc / North);N (Miền Nam / South);T (Miền Trung / Central),131.7,30.0
hẹn,3,D0163N.mp4;D0163B.mp4;D0163T.mp4,B (Miền Bắc / North);N (Miền Nam / South);T (Miền Trung / Central),114.0,30.0
bột màu,3,W00341B.mp4;W00341N.mp4;W00341T.mp4,B (Miền Bắc / North);N (Miền Nam / South);T (Miền Trung / Central),127.7,30.0
đẹp không?,3,D0195B.mp4;D0195N.mp4;D0195T.mp4,B (Miền Bắc / North);N (Miền Nam / South);T (Miền Trung / Central),90.3,30.0
cây xanh tươi,3,W03945N.mp4;W03945T.mp4;W03945B.mp4,B (Miền Bắc / North);N (Miền Nam / South);T (Miền Trung / Central),143.0,30.0
cây ăn quả,3,W00456B.mp4;W00456N.mp4;W00456T.mp4,B (Miền Bắc / North);N (Miền Nam / South);T (Miền Trung / Central),101.7,30.0
đẹp không? (người),3,D0128B.mp4;D0128N.mp4;D0128T.mp4,B (Miền Bắc / North);N (Miền Nam / South);T (Miền Trung / Central),101.7,30.0
chống đối,3,W00633B.mp4;W00633N.mp4;W00633T.mp4,B (Miền Bắc / North);N (Miền Nam / South);T (Miền Trung / Central),76.3,30.0
hệ thống,3,W01582B.mp4;W01582N.mp4;W01582T.mp4,B (Miền Bắc / North);N (Miền Nam / South);T (Miền Trung / Central),99.0,30.0
hàng ngày,3,D0170B.mp4;D0170N.mp4;D0170T.mp4,B (Miền Bắc / North);N (Miền Nam / South);T (Miền Trung / Central),102.3,30.0
bụi phấn,3,W00359B.mp4;W00359N.mp4;W00359T.mp4,B (Miền Bắc / North);N (Miền Nam / South);T (Miền Trung / Central),119.7,30.0
dỗi,3,D0271B.mp4;D0271N.mp4;D0271T.mp4,B (Miền Bắc / North);N (Miền Nam / South);T (Miền Trung / Central),136.3,30.0
màu xanh da trời,3,W02142B.mp4;W02142N.mp4;W02142T.mp4,B (Miền Bắc / North);N (Miền Nam / South);T (Miền Trung / Central),94.7,30.0
màu xanh lá cây,3,W02143B.mp4;W02143N.mp4;W02143T.mp4,B (Miền Bắc / North);N (Miền Nam / South);T (Miền Trung / Central),107.7,30.0
bức tranh,3,W00386B.mp4;W00386N.mp4;W00386T.mp4,B (Miền Bắc / North);N (Miền Nam / South);T (Miền Trung / Central),168.7,30.0
đề nghị,3,W01177B.mp4;W01177N.mp4;W01177T.mp4,B (Miền Bắc / North);N (Miền Nam / South);T (Miền Trung / Central),175.0,30.0
bra-xin (nước bra-xin),3,W00355N.mp4;W00355B.mp4;W00355T.mp4,B (Miền Bắc / North);N (Miền Nam / South);T (Miền Trung / Central),127.7,30.0
bru-nây (nước bru-nây),3,W00356B.mp4;W00356N.mp4;W00356T.mp4,B (Miền Bắc / North);N (Miền Nam / South);T (Miền Trung / Central),179.7,26.0
lễ halloween 31/10,3,D0048B.mp4;D0048N.mp4;D0048T.mp4,B (Miền Bắc / North);N (Miền Nam / South);T (Miền Trung / Central),166.0,30.0
lễ hội,3,W01978N.mp4;W01978T.mp4;W01978B.mp4,B (Miền Bắc / North);N (Miền Nam / South);T (Miền Trung / Central),97.0,30.0
buông màn,3,W00374B.mp4;W00374N.mp4;W00374T.mp4,B (Miền Bắc / North);N (Miền Nam / South);T (Miền Trung / Central),139.7,30.0
lễ hội hóa trang,3,W01982B.mp4;W01982N.mp4;W01982T.mp4,B (Miền Bắc / North);N (Miền Nam / South);T (Miền Trung / Central),133.0,30.0
cô giáo,3,W00812B.mp4;W00812N.mp4;W00812T.mp4,B (Miền Bắc / North);N (Miền Nam / South);T (Miền Trung / Central),99.3,30.0
e thẹn,3,W01348B.mp4;W01348N.mp4;W01348T.mp4,B (Miền Bắc / North);N (Miền Nam / South);T (Miền Trung / Central),91.3,30.0
cam-pu-chia (nước cam-pu-chia),3,W00407B.mp4;W00407N.mp4;W00407T.mp4,B (Miền Bắc / North);N (Miền Nam / South);T (Miền Trung / Central),129.3,30.0
buổi sáng,3,W00368N.mp4;W00368B.mp4;W00368T.mp4,B (Miền Bắc / North);N (Miền Nam / South);T (Miền Trung / Central),145.3,30.0
buổi trưa,3,W00370B.mp4;W00370N.mp4;W00370T.mp4,B (Miền Bắc / North);N (Miền Nam / South);T (Miền Trung / Central),135.0,30.0
buổi tối,3,W00369B.mp4;W00369T.mp4;W00369N.mp4,B (Miền Bắc / North);N (Miền Nam / South);T (Miền Trung / Central),135.0,30.0
buổi đêm,3,W00367B.mp4;W00367N.mp4;W00367T.mp4,B (Miền Bắc / North);N (Miền Nam / South);T (Miền Trung / Central),96.0,30.0
hành quân,3,W01557B.mp4;W01557N.mp4;W01557T.mp4,B (Miền Bắc / North);N (Miền Nam / South);T (Miền Trung / Central),201.3,30.0
lễ nô-en,3,W01979B.mp4;W01979T.mp4;W01979N.mp4,B (Miền Bắc / North);N (Miền Nam / South);T (Miền Trung / Central),123.3,30.0
em họ,3,D0153T.mp4;D0153B.mp4;D0153N.mp4,B (Miền Bắc / North);N (Miền Nam / South);T (Miền Trung / Central),122.0,30.0
chủ tịch,3,W00649B.mp4;W00649N.mp4;W00649T.mp4,B (Miền Bắc / North);N (Miền Nam / South);T (Miền Trung / Central),95.3,30.0
em rể,3,W01351B.mp4;W01351N.mp4;W01351T.mp4,B (Miền Bắc / North);N (Miền Nam / South);T (Miền Trung / Central),101.7,30.0
bài thơ,3,W00075B.mp4;W00075N.mp4;W00075T.mp4,B (Miền Bắc / North);N (Miền Nam / South);T (Miền Trung / Central),145.0,30.0
em trai,3,W01352B.mp4;W01352T.mp4;W01352N.mp4,B (Miền Bắc / North);N (Miền Nam / South);T (Miền Trung / Central),104.3,30.0
lào (nước lào),3,W01945B.mp4;W01945N.mp4;W01945T.mp4,B (Miền Bắc / North);N (Miền Nam / South);T (Miền Trung / Central),115.3,30.0
cửa hàng,3,W00935B.mp4;W00935T.mp4;W00935N.mp4,B (Miền Bắc / North);N (Miền Nam / South);T (Miền Trung / Central),108.0,30.0
công nghiệp,3,D0307B.mp4;D0307T.mp4;D0307N.mp4,B (Miền Bắc / North);N (Miền Nam / South);T (Miền Trung / Central),100.3,30.0
gạo,3,W01384B.mp4;W01384N.mp4;W01384T.mp4,B (Miền Bắc / North);N (Miền Nam / South);T (Miền Trung / Central),109.0,30.0
địa chỉ,3,D0001N.mp4;D0001T.mp4;D0001B.mp4,B (Miền Bắc / North);N (Miền Nam / South);T (Miền Trung / Central),132.0,30.0
đồng phục,3,W01294B.mp4;W01294N.mp4;W01294T.mp4,B (Miền Bắc / North);N (Miền Nam / South);T (Miền Trung / Central),155.0,30.0
ga tàu,3,W01364B.mp4;W01364N.mp4;W01364T.mp4,B (Miền Bắc / North);N (Miền Nam / South);T (Miền Trung / Central),97.7,30.0
lười,3,W02078B.mp4;W02078N.mp4;W02078T.mp4,B (Miền Bắc / North);N (Miền Nam / South);T (Miền Trung / Central),112.3,30.0
bán hàng,3,W00107B.mp4;W00107N.mp4;W00107T.mp4,B (Miền Bắc / North);N (Miền Nam / South);T (Miền Trung / Central),117.0,30.0
công viên,3,W00850B.mp4;W00850N.mp4;W00850T.mp4,B (Miền Bắc / North);N (Miền Nam / South);T (Miền Trung / Central),91.7,30.0
da ngăm (nước da ngăm đen),3,D0347N.mp4;D0347T.mp4;D0347B.mp4,B (Miền Bắc / North);N (Miền Nam / South);T (Miền Trung / Central),104.3,30.0
chữa bài,3,W00708B.mp4;W00708N.mp4;W00708T.mp4,B (Miền Bắc / North);N (Miền Nam / South);T (Miền Trung / Central),115.3,30.0
da trắng,3,D0346B.mp4;D0346N.mp4;D0346T.mp4,B (Miền Bắc / North);N (Miền Nam / South);T (Miền Trung / Central),119.7,30.0
bánh cuốn,3,W00129N.mp4;W00129T.mp4;W00129B.mp4,B (Miền Bắc / North);N (Miền Nam / South);T (Miền Trung / Central),148.3,30.0
lái tàu hỏa,3,W01920B.mp4;W01920T.mp4;W01920N.mp4,B (Miền Bắc / North);N (Miền Nam / South);T (Miền Trung / Central),92.7,30.0
kinh nghiệm,3,W01898B.mp4;W01898N.mp4;W01898T.mp4,B (Miền Bắc / North);N (Miền Nam / South);T (Miền Trung / Central),83.3,30.0
lười học,3,W02079B.mp4;W02079N.mp4;W02079T.mp4,B (Miền Bắc / North);N (Miền Nam / South);T (Miền Trung / Central),128.3,30.0
họp,3,W01677B.mp4;W01677N.mp4;W01677T.mp4,B (Miền Bắc / North);N (Miền Nam / South);T (Miền Trung / Central),102.0,30.0
ghen tị,3,D0019B.mp4;D0019N.mp4;D0019T.mp4,B (Miền Bắc / North);N (Miền Nam / South);T (Miền Trung / Central),120.3,30.0
gầy (miền nam: ốm),3,W01403N.mp4;W01403T.mp4;W01403B.mp4,B (Miền Bắc / North);N (Miền Nam / South);T (Miền Trung / Central),142.0,30.0
bánh mì,3,W00137B.mp4;W00137N.mp4;W00137T.mp4,B (Miền Bắc / North);N (Miền Nam / South);T (Miền Trung / Central),147.0,30.0
con bê,3,W00734B.mp4;W00734N.mp4;W00734T.mp4,B (Miền Bắc / North);N (Miền Nam / South);T (Miền Trung / Central),91.3,30.0
chia,3,W00575B.mp4;W00575N.mp4;W00575T.mp4,B (Miền Bắc / North);N (Miền Nam / South);T (Miền Trung / Central),88.7,30.0
chia ba,3,D0250B.mp4;D0250N.mp4;D0250T.mp4,B (Miền Bắc / North);N (Miền Nam / South);T (Miền Trung / Central),96.0,30.0
con bò,3,W00735T.mp4;W00735B.mp4;W00735N.mp4,B (Miền Bắc / North);N (Miền Nam / South);T (Miền Trung / Central),73.7,30.0
họp nhóm,3,D0452N.mp4;D0452B.mp4;D0452T.mp4,B (Miền Bắc / North);N (Miền Nam / South);T (Miền Trung / Central),117.3,30.0
hỏi,3,W01672N.mp4;W01672B.mp4;W01672T.mp4,B (Miền Bắc / North);N (Miền Nam / South);T (Miền Trung / Central),113.0,30.0
héc-tô-gam (hg),3,W01576B.mp4;W01576N.mp4;W01576T.mp4,B (Miền Bắc / North);N (Miền Nam / South);T (Miền Trung / Central),108.0,30.0
con chuột,3,W00742B.mp4;W00742N.mp4;W00742T.mp4,B (Miền Bắc / North);N (Miền Nam / South);T (Miền Trung / Central),94.7,30.0
báo (con báo),3,W00160B.mp4;W00160N.mp4;W00160T.mp4,B (Miền Bắc / North);N (Miền Nam / South);T (Miền Trung / Central),131.3,30.0
héc-tô-mét (hm),3,W01577T.mp4;W01577N.mp4;W01577B.mp4,B (Miền Bắc / North);N (Miền Nam / South);T (Miền Trung / Central),95.0,30.0
chia đôi,3,D0249B.mp4;D0249N.mp4;D0249T.mp4,B (Miền Bắc / North);N (Miền Nam / South);T (Miền Trung / Central),109.3,30.0
con chó,3,W00739B.mp4;W00739N.mp4;W00739T.mp4,B (Miền Bắc / North);N (Miền Nam / South);T (Miền Trung / Central),71.3,30.0
cơ hội,3,W00868B.mp4;W00868T.mp4;W00868N.mp4,B (Miền Bắc / North);N (Miền Nam / South);T (Miền Trung / Central),85.3,30.0
héc-tô-mét vuông (hm2),3,W01578N.mp4;W01578T.mp4;W01578B.mp4,B (Miền Bắc / North);N (Miền Nam / South);T (Miền Trung / Central),97.3,30.0
con cá,3,W00737B.mp4;W00737N.mp4;W00737T.mp4,B (Miền Bắc / North);N (Miền Nam / South);T (Miền Trung / Central),78.7,30.0
đợi,3,W01304B.mp4;W01304N.mp4;W01304T.mp4,B (Miền Bắc / North);N (Miền Nam / South);T (Miền Trung / Central),90.3,30.0
di truyền,3,W01032B.mp4;W01032N.mp4;W01032T.mp4,B (Miền Bắc / North);N (Miền Nam / South);T (Miền Trung / Central),86.7,30.0
miến điện (nước mi-an-ma),3,D0005B.mp4;D0005N.mp4;D0005T.mp4,B (Miền Bắc / North);N (Miền Nam / South);T (Miền Trung / Central),203.3,30.0
cơm bình dân,3,W00885B.mp4;W00885N.mp4;W00885T.mp4,B (Miền Bắc / North);N (Miền Nam / South);T (Miền Trung / Central),108.0,30.0
hỏng,3,W01675B.mp4;W01675N.mp4;W01675T.mp4,B (Miền Bắc / North);N (Miền Nam / South);T (Miền Trung / Central),98.0,30.0
con cọp,3,W00747B.mp4;W00747N.mp4;W00747T.mp4,B (Miền Bắc / North);N (Miền Nam / South);T (Miền Trung / Central),101.7,30.0
hối hận,3,W01692B.mp4;W01692N.mp4;W01692T.mp4,B (Miền Bắc / North);N (Miền Nam / South);T (Miền Trung / Central),107.3,30.0
mùa xuân,3,W02272N.mp4;W02272T.mp4;W02272B.mp4,B (Miền Bắc / North);N (Miền Nam / South);T (Miền Trung / Central),130.7,30.0
bé trai,3,W00220N.mp4;W00220T.mp4;W00220B.mp4,B (Miền Bắc / North);N (Miền Nam / South);T (Miền Trung / Central),129.0,30.0
liên bang nga (nước nga),3,W01996B.mp4;W01996N.mp4;W01996T.mp4,B (Miền Bắc / North);N (Miền Nam / South);T (Miền Trung / Central),102.3,30.0
cướp,3,W00943B.mp4;W00943N.mp4;W00943T.mp4,B (Miền Bắc / North);N (Miền Nam / South);T (Miền Trung / Central),96.0,30.0
ở ngoài,3,W02580B.mp4;W02580N.mp4;W02580T.mp4,B (Miền Bắc / North);N (Miền Nam / South);T (Miền Trung / Central),199.0,30.0
liên hoan,3,W01998B.mp4;W01998N.mp4;W01998T.mp4,B (Miền Bắc / North);N (Miền Nam / South);T (Miền Trung / Central),97.7,30.0
chiếc gối,3,W00584B.mp4;W00584N.mp4;W00584T.mp4,B (Miền Bắc / North);N (Miền Nam / South);T (Miền Trung / Central),116.0,30.0
ủy quyền,3,W03751B.mp4;W03751N.mp4;W03751T.mp4,B (Miền Bắc / North);N (Miền Nam / South);T (Miền Trung / Central),158.0,30.0
liên lạc,3,W02000B.mp4;W02000N.mp4;W02000T.mp4,B (Miền Bắc / North);N (Miền Nam / South);T (Miền Trung / Central),109.0,30.0
chiếu,3,W00598.mp4;W00598T.mp4;W00598B.mp4,B (Miền Bắc / North);Neutral / Unspecified;T (Miền Trung / Central),105.7,30.0
giao tiếp,3,W01453B.mp4;W01453N.mp4;W01453T.mp4,B (Miền Bắc / North);N (Miền Nam / South);T (Miền Trung / Central),128.3,30.0
bìa vở,3,W00255B.mp4;W00255T.mp4;W00255N.mp4,B (Miền Bắc / North);N (Miền Nam / South);T (Miền Trung / Central),159.7,30.0
bình an,3,W00274B.mp4;W00274N.mp4;W00274T.mp4,B (Miền Bắc / North);N (Miền Nam / South);T (Miền Trung / Central),151.0,30.0
liên quan,3,W02001B.mp4;W02001N.mp4;W02001T.mp4,B (Miền Bắc / North);N (Miền Nam / South);T (Miền Trung / Central),120.0,30.0
gỗ,3,W01516B.mp4;W01516N.mp4;W01516T.mp4,B (Miền Bắc / North);N (Miền Nam / South);T (Miền Trung / Central),107.0,30.0
hồi hộp,3,W01690B.mp4;W01690N.mp4;W01690T.mp4,B (Miền Bắc / North);N (Miền Nam / South);T (Miền Trung / Central),86.3,30.0
kiểm tra,3,W01878N.mp4;W01878T.mp4;W01878B.mp4,B (Miền Bắc / North);N (Miền Nam / South);T (Miền Trung / Central),93.7,30.0
con kiến,3,W00768B.mp4;W00768N.mp4;W00768T.mp4,B (Miền Bắc / North);N (Miền Nam / South);T (Miền Trung / Central),92.7,30.0
1 000 000 (một triệu),3,D0551B.mp4;D0551N.mp4;D0551T.mp4,B (Miền Bắc / North);N (Miền Nam / South);T (Miền Trung / Central),68.3,24.0
bình thường,3,W00286B.mp4;W00286T.mp4;W00286N.mp4,B (Miền Bắc / North);N (Miền Nam / South);T (Miền Trung / Central),114.0,30.0
con lợn (con heo),3,W00770B.mp4;W00770N.mp4;W00770T.mp4,B (Miền Bắc / North);N (Miền Nam / South);T (Miền Trung / Central),92.0,30.0
con muỗi,3,W00773B.mp4;W00773N.mp4;W00773T.mp4,B (Miền Bắc / North);N (Miền Nam / South);T (Miền Trung / Central),101.7,30.0
con mèo,3,W00772B.mp4;W00772N.mp4;W00772T.mp4,B (Miền Bắc / North);N (Miền Nam / South);T (Miền Trung / Central),91.3,30.0
liếc nhìn,3,D0272B.mp4;D0272N.mp4;D0272T.mp4,B (Miền Bắc / North);N (Miền Nam / South);T (Miền Trung / Central),90.3,30.0
bít tết (bò),3,D0077T.mp4;D0077B.mp4;D0077N.mp4,B (Miền Bắc / North);N (Miền Nam / South);T (Miền Trung / Central),122.7,30.0
giá trị,3,W01433B.mp4;W01433N.mp4;W01433T.mp4,B (Miền Bắc / North);N (Miền Nam / South);T (Miền Trung / Central),209.3,49.9
con người,3,W00777B.mp4;W00777N.mp4;W00777T.mp4,B (Miền Bắc / North);N (Miền Nam / South);T (Miền Trung / Central),89.7,30.0
chuyên gia,3,W00691B.mp4;W00691N.mp4;W00691T.mp4,B (Miền Bắc / North);N (Miền Nam / South);T (Miền Trung / Central),97.0,30.0
giá trị phần trăm,3,W01434B.mp4;W01434N.mp4;W01434T.mp4,B (Miền Bắc / North);N (Miền Nam / South);T (Miền Trung / Central),118.7,30.0
con ngựa,3,W00778B.mp4;W00778N.mp4;W00778T.mp4,B (Miền Bắc / North);N (Miền Nam / South);T (Miền Trung / Central),103.3,30.0
h,3,D0500B.mp4;D0500N.mp4;D0500T.mp4,B (Miền Bắc / North);N (Miền Nam / South);T (Miền Trung / Central),94.3,24.0
con nuôi,3,W00780B.mp4;W00780N.mp4;W00780T.mp4,B (Miền Bắc / North);N (Miền Nam / South);T (Miền Trung / Central),136.0,30.0
bón phân,3,W00304N.mp4;W00304T.mp4;W00304B.mp4,B (Miền Bắc / North);N (Miền Nam / South);T (Miền Trung / Central),126.3,30.0
1 000 000 000 (một tỉ),3,D0552B.mp4;D0552N.mp4;D0552T.mp4,B (Miền Bắc / North);N (Miền Nam / South);T (Miền Trung / Central),84.3,24.0
bông hoa,3,W00336B.mp4;W00336N.mp4;W00336T.mp4,B (Miền Bắc / North);N (Miền Nam / South);T (Miền Trung / Central),126.7,30.0
kém,3,W01738N.mp4;W01738T.mp4;W01738B.mp4,B (Miền Bắc / North);N (Miền Nam / South);T (Miền Trung / Central),86.7,30.0
10 000 (mười nghìn),3,D0550B.mp4;D0550N.mp4;D0550T.mp4,B (Miền Bắc / North);N (Miền Nam / South);T (Miền Trung / Central),79.3,24.0
11,3,D0540B.mp4;D0540N.mp4;D0540T.mp4,B (Miền Bắc / North);N (Miền Nam / South);T (Miền Trung / Central),182.3,30.0
gián tiếp,3,W01447B.mp4;W01447N.mp4;W01447T.mp4,B (Miền Bắc / North);N (Miền Nam / South);T (Miền Trung / Central),91.7,30.0
dám làm,3,D0209N.mp4;D0209T.mp4;D0209B.mp4,B (Miền Bắc / North);N (Miền Nam / South);T (Miền Trung / Central),85.3,30.0
ham chơi,3,D0342B.mp4;D0342T.mp4;D0342N.mp4,B (Miền Bắc / North);N (Miền Nam / South);T (Miền Trung / Central),107.3,30.0
hay là (hoặc là),3,D0243B.mp4;D0243N.mp4;D0243T.mp4,B (Miền Bắc / North);N (Miền Nam / South);T (Miền Trung / Central),112.0,30.0
hi sinh,3,W01583B.mp4;W01583N.mp4;W01583T.mp4,B (Miền Bắc / North);N (Miền Nam / South);T (Miền Trung / Central),89.7,30.0
hi vọng,3,W01584T.mp4;W01584B.mp4;W01584N.mp4,B (Miền Bắc / North);N (Miền Nam / South);T (Miền Trung / Central),73.0,30.0
chuẩn bị,3,W00662B.mp4;W00662N.mp4;W00662T.mp4,B (Miền Bắc / North);N (Miền Nam / South);T (Miền Trung / Central),78.7,30.0
12,3,D0541B.mp4;D0541N.mp4;D0541T.mp4,B (Miền Bắc / North);N (Miền Nam / South);T (Miền Trung / Central),155.7,30.0
bút màu,3,W00383B.mp4;W00383N.mp4;W00383T.mp4,B (Miền Bắc / North);N (Miền Nam / South);T (Miền Trung / Central),151.0,30.0
23,3,D0542N.mp4;D0542T.mp4;D0542B.mp4,B (Miền Bắc / North);N (Miền Nam / South);T (Miền Trung / Central),116.7,24.0
cần không?,3,D0122T.mp4;D0122B.mp4;D0122N.mp4,B (Miền Bắc / North);N (Miền Nam / South);T (Miền Trung / Central),82.0,30.0
dân tộc,3,W00988B.mp4;W00988T.mp4;W00988N.mp4,B (Miền Bắc / North);N (Miền Nam / South);T (Miền Trung / Central),79.3,30.0
hiểu,3,W01591B.mp4;W01591N.mp4;W01591T.mp4,B (Miền Bắc / North);N (Miền Nam / South);T (Miền Trung / Central),99.3,30.0
giúp đỡ,3,W01497B.mp4;W01497N.mp4;W01497T.mp4,B (Miền Bắc / North);N (Miền Nam / South);T (Miền Trung / Central),95.3,30.0
môn lịch sử,3,W02244B.mp4;W02244N.mp4;W02244T.mp4,B (Miền Bắc / North);N (Miền Nam / South);T (Miền Trung / Central),104.0,30.0
máy in,3,W02148B.mp4;W02148N.mp4;W02148T.mp4,B (Miền Bắc / North);N (Miền Nam / South);T (Miền Trung / Central),120.0,30.0
dân tộc thiểu số,3,W00989B.mp4;W00989N.mp4;W00989T.mp4,B (Miền Bắc / North);N (Miền Nam / South);T (Miền Trung / Central),101.7,30.0
con tôm,3,W00797B.mp4;W00797T.mp4;W00797N.mp4,B (Miền Bắc / North);N (Miền Nam / South);T (Miền Trung / Central),84.3,30.0
cháu gái,3,W00495B.mp4;W00495N.mp4;W00495T.mp4,B (Miền Bắc / North);N (Miền Nam / South);T (Miền Trung / Central),87.7,30.0
cháu họ,3,D0154B.mp4;D0154N.mp4;D0154T.mp4,B (Miền Bắc / North);N (Miền Nam / South);T (Miền Trung / Central),130.7,30.0
cháu ngoại,3,W00496B.mp4;W00496T.mp4;W00496N.mp4,B (Miền Bắc / North);N (Miền Nam / South);T (Miền Trung / Central),132.0,30.0
cháu nội,3,W00497B.mp4;W00497N.mp4;W00497T.mp4,B (Miền Bắc / North);N (Miền Nam / South);T (Miền Trung / Central),108.3,30.0
con voi,3,W00803B.mp4;W00803N.mp4;W00803T.mp4,B (Miền Bắc / North);N (Miền Nam / South);T (Miền Trung / Central),108.7,30.0
mâm ngũ quả,3,W02178B.mp4;W02178N.mp4;W02178T.mp4,B (Miền Bắc / North);N (Miền Nam / South);T (Miền Trung / Central),105.0,30.0
bạn,3,W00110B.mp4;W00110N.mp4;W00110T.mp4,B (Miền Bắc / North);N (Miền Nam / South);T (Miền Trung / Central),154.3,30.0
bạn gái,3,W00111B.mp4;W00111N.mp4;W00111T.mp4,B (Miền Bắc / North);N (Miền Nam / South);T (Miền Trung / Central),173.3,30.0
bạn trai,3,W00112B.mp4;W00112N.mp4;W00112T.mp4,B (Miền Bắc / North);N (Miền Nam / South);T (Miền Trung / Central),147.0,30.0
châm cứu,3,W00516T.mp4;W00516N.mp4;W00516B.mp4,B (Miền Bắc / North);N (Miền Nam / South);T (Miền Trung / Central),116.7,30.0
mách,3,D0065B.mp4;D0065N.mp4;D0065T.mp4,B (Miền Bắc / North);N (Miền Nam / South);T (Miền Trung / Central),116.0,30.0
môn đạo đức,3,W02239B.mp4;W02239T.mp4;W02239N.mp4,B (Miền Bắc / North);N (Miền Nam / South);T (Miền Trung / Central),103.0,30.0
hoa,3,W01619B.mp4;W01619N.mp4;W01619T.mp4,B (Miền Bắc / North);N (Miền Nam / South);T (Miền Trung / Central),100.7,30.0
ngày của cha,3,D0055B.mp4;D0055N.mp4;D0055T.mp4,B (Miền Bắc / North);N (Miền Nam / South);T (Miền Trung / Central),147.7,30.0
hứa,3,D0165B.mp4;D0165N.mp4;D0165T.mp4,B (Miền Bắc / North);N (Miền Nam / South);T (Miền Trung / Central),147.3,30.0
con ếch,3,W00758B.mp4;W00758N.mp4;W00758T.mp4,B (Miền Bắc / North);N (Miền Nam / South);T (Miền Trung / Central),92.0,30.0
dây điện,3,W01016B.mp4;W01016N.mp4;W01016T.mp4,B (Miền Bắc / North);N (Miền Nam / South);T (Miền Trung / Central),108.7,30.0
lạnh lùng,3,D0270N.mp4;D0270T.mp4;D0270B.mp4,B (Miền Bắc / North);N (Miền Nam / South);T (Miền Trung / Central),107.7,30.0
bản đồ việt nam,3,W00099B.mp4;W00099N.mp4;W00099T.mp4,B (Miền Bắc / North);N (Miền Nam / South);T (Miền Trung / Central),136.7,30.0
muốn,3,W02221B.mp4;W02221N.mp4;W02221T.mp4,B (Miền Bắc / North);N (Miền Nam / South);T (Miền Trung / Central),117.3,30.0
muốn không?,3,D0189B.mp4;D0189N.mp4;D0189T.mp4,B (Miền Bắc / North);N (Miền Nam / South);T (Miền Trung / Central),89.3,30.0
bảng cộng,3,W00119B.mp4;W00119T.mp4;W00119N.mp4,B (Miền Bắc / North);N (Miền Nam / South);T (Miền Trung / Central),154.0,30.0
giấy,3,W01470B.mp4;W01470N.mp4;W01470T.mp4,B (Miền Bắc / North);N (Miền Nam / South);T (Miền Trung / Central),115.3,30.0
giấy màu,3,W01472B.mp4;W01472N.mp4;W01472T.mp4,B (Miền Bắc / North);N (Miền Nam / South);T (Miền Trung / Central),105.3,30.0
cung điện,3,D0182B.mp4;D0182N.mp4;D0182T.mp4,B (Miền Bắc / North);N (Miền Nam / South);T (Miền Trung / Central),104.0,30.0
bảng nhân,3,W00124B.mp4;W00124N.mp4;W00124T.mp4,B (Miền Bắc / North);N (Miền Nam / South);T (Miền Trung / Central),147.3,30.0
bảng trừ,3,W00126B.mp4;W00126T.mp4;W00126N.mp4,B (Miền Bắc / North);N (Miền Nam / South);T (Miền Trung / Central),132.3,30.0
bảng đen,3,W00121B.mp4;W00121N.mp4;W00121T.mp4,B (Miền Bắc / North);N (Miền Nam / South);T (Miền Trung / Central),152.3,30.0
cỏ,3,W00357N.mp4;W00357B.mp4;W00357T.mp4,B (Miền Bắc / North);N (Miền Nam / South);T (Miền Trung / Central),79.0,24.0
dép quai hậu,3,W01022B.mp4;W01022T.mp4;W01022N.mp4,B (Miền Bắc / North);N (Miền Nam / South);T (Miền Trung / Central),99.0,30.0
bảo vệ môi trường,3,W00159B.mp4;W00159N.mp4;W00159T.mp4,B (Miền Bắc / North);N (Miền Nam / South);T (Miền Trung / Central),161.0,30.0
chính xác,3,W00620B.mp4;W00620N.mp4;W00620T.mp4,B (Miền Bắc / North);N (Miền Nam / South);T (Miền Trung / Central),89.7,30.0
cố gắng,3,W00820N.mp4;W00820T.mp4;W00820B.mp4,B (Miền Bắc / North);N (Miền Nam / South);T (Miền Trung / Central),93.7,30.0
giấy nháp,3,W01473B.mp4;W01473N.mp4;W01473T.mp4,B (Miền Bắc / North);N (Miền Nam / South);T (Miền Trung / Central),115.7,30.0
không cho,3,D0033B.mp4;D0033T.mp4;D0033N.mp4,B (Miền Bắc / North);N (Miền Nam / South);T (Miền Trung / Central),120.3,30.0
giấy ăn,3,W01471B.mp4;W01471T.mp4;W01471N.mp4,B (Miền Bắc / North);N (Miền Nam / South);T (Miền Trung / Central),109.7,30.0
chùa,3,W00655B.mp4;W00655N.mp4;W00655T.mp4,B (Miền Bắc / North);N (Miền Nam / South);T (Miền Trung / Central),120.0,30.0
kí tên,3,W01872B.mp4;W01872N.mp4;W01872T.mp4,B (Miền Bắc / North);N (Miền Nam / South);T (Miền Trung / Central),106.7,30.0
bẫy chuột (hành động),3,W00214B.mp4;W00214T.mp4;W00214N.mp4,B (Miền Bắc / North);N (Miền Nam / South);T (Miền Trung / Central),112.7,30.0
hoa sen,3,W01629B.mp4;W01629N.mp4;W01629T.mp4,B (Miền Bắc / North);N (Miền Nam / South);T (Miền Trung / Central),111.0,30.0
mã lai (nước ma-lai-xi-a),3,D0223B.mp4;D0223N.mp4;D0223T.mp4,B (Miền Bắc / North);N (Miền Nam / South);T (Miền Trung / Central),128.7,30.0
màn,3,W02120B.mp4;W02120N.mp4;W02120T.mp4,B (Miền Bắc / North);N (Miền Nam / South);T (Miền Trung / Central),114.0,30.0
không dám,3,D0210B.mp4;D0210N.mp4;D0210T.mp4,B (Miền Bắc / North);N (Miền Nam / South);T (Miền Trung / Central),93.0,30.0
lúc nào,3,W02066B.mp4;W02066N.mp4;W02066T.mp4,B (Miền Bắc / North);N (Miền Nam / South);T (Miền Trung / Central),106.3,30.0
cá kho,3,W00398B.mp4;W00398N.mp4;W00398T.mp4,B (Miền Bắc / North);N (Miền Nam / South);T (Miền Trung / Central),123.0,30.0
không hiểu,3,W01840N.mp4;W01840B.mp4;W01840T.mp4,B (Miền Bắc / North);N (Miền Nam / South);T (Miền Trung / Central),123.3,30.0
loài vật,3,W02024B.mp4;W02024N.mp4;W02024T.mp4,B (Miền Bắc / North);N (Miền Nam / South);T (Miền Trung / Central),87.3,30.0
không muốn,3,D0190B.mp4;D0190N.mp4;D0190T.mp4,B (Miền Bắc / North);N (Miền Nam / South);T (Miền Trung / Central),75.0,30.0
bắn bi,3,W00186B.mp4;W00186N.mp4;W00186T.mp4,B (Miền Bắc / North);N (Miền Nam / South);T (Miền Trung / Central),132.0,30.0
không nghe lời,3,D0031B.mp4;D0031N.mp4;D0031T.mp4,B (Miền Bắc / North);N (Miền Nam / South);T (Miền Trung / Central),110.7,30.0
môn địa lý,3,W04066B.mp4;W04066N.mp4;W04066T.mp4,B (Miền Bắc / North);N (Miền Nam / South);T (Miền Trung / Central),98.7,30.0
bắp ngô,3,W00196N.mp4;W00196T.mp4;W00196B.mp4,B (Miền Bắc / North);N (Miền Nam / South);T (Miền Trung / Central),101.7,30.0
chúc mừng,3,W00663B.mp4;W00663N.mp4;W00663T.mp4,B (Miền Bắc / North);N (Miền Nam / South);T (Miền Trung / Central),81.7,30.0
chúc thọ,3,W00665B.mp4;W00665N.mp4;W00665T.mp4,B (Miền Bắc / North);N (Miền Nam / South);T (Miền Trung / Central),110.0,30.0
chúc tết,3,W00664B.mp4;W00664N.mp4;W00664T.mp4,B (Miền Bắc / North);N (Miền Nam / South);T (Miền Trung / Central),116.0,30.0
hoạt hình,3,W01655B.mp4;W01655N.mp4;W01655T.mp4,B (Miền Bắc / North);N (Miền Nam / South);T (Miền Trung / Central),106.3,30.0
không nên,3,D0035B.mp4;D0035N.mp4;D0035T.mp4,B (Miền Bắc / North);N (Miền Nam / South);T (Miền Trung / Central),88.3,30.0
bắt đền,3,W00198.mp4;W00198B.mp4;W00198N.mp4,B (Miền Bắc / North);N (Miền Nam / South);Neutral / Unspecified,130.7,30.0
dấu huyền,3,D0524B.mp4;D0524N.mp4;D0524T.mp4,B (Miền Bắc / North);N (Miền Nam / South);T (Miền Trung / Central),129.0,30.0
cái gương,3,W00404B.mp4;W00404T.mp4;W00404N.mp4,B (Miền Bắc / North);N (Miền Nam / South);T (Miền Trung / Central),188.3,26.0
bẻ ngô,3,W00216B.mp4;W00216T.mp4;W00216N.mp4,B (Miền Bắc / North);N (Miền Nam / South);T (Miền Trung / Central),127.3,30.0
dấu hỏi,3,D0526B.mp4;D0526N.mp4;D0526T.mp4,B (Miền Bắc / North);N (Miền Nam / South);T (Miền Trung / Central),113.3,30.0
không quen,3,D0109B.mp4;D0109N.mp4;D0109T.mp4,B (Miền Bắc / North);N (Miền Nam / South);T (Miền Trung / Central),83.3,30.0
dấu ngã,3,D0527B.mp4;D0527T.mp4;D0527N.mp4,B (Miền Bắc / North);N (Miền Nam / South);T (Miền Trung / Central),111.3,30.0
mật khẩu,3,W02187B.mp4;W02187N.mp4;W02187T.mp4,B (Miền Bắc / North);N (Miền Nam / South);T (Miền Trung / Central),117.7,30.0
mắng,3,W02164B.mp4;W02164N.mp4;W02164T.mp4,B (Miền Bắc / North);N (Miền Nam / South);T (Miền Trung / Central),96.7,30.0
mỗi ngày,3,D0169B.mp4;D0169N.mp4;D0169T.mp4,B (Miền Bắc / North);N (Miền Nam / South);T (Miền Trung / Central),116.3,30.0
một tiếng,3,D0410B.mp4;D0410N.mp4;D0410T.mp4,B (Miền Bắc / North);N (Miền Nam / South);T (Miền Trung / Central),98.7,30.0
mới,3,W02264B.mp4;W02264N.mp4;W02264T.mp4,B (Miền Bắc / North);N (Miền Nam / South);T (Miền Trung / Central),82.7,30.0
mỳ tôm,3,D0080B.mp4;D0080N.mp4;D0080T.mp4,B (Miền Bắc / North);N (Miền Nam / South);T (Miền Trung / Central),97.3,30.0
mỳ ý,3,D0082B.mp4;D0082N.mp4;D0082T.mp4,B (Miền Bắc / North);N (Miền Nam / South);T (Miền Trung / Central),101.0,30.0
nghi ngờ,3,W02359B.mp4;W02359N.mp4;W02359T.mp4,B (Miền Bắc / North);N (Miền Nam / South);T (Miền Trung / Central),110.7,30.0
nghiêm khắc,3,W02373B.mp4;W02373T.mp4;W02373N.mp4,B (Miền Bắc / North);N (Miền Nam / South);T (Miền Trung / Central),89.3,30.0
nghé,3,W02354B.mp4;W02354N.mp4;W02354T.mp4,B (Miền Bắc / North);N (Miền Nam / South);T (Miền Trung / Central),92.0,30.0
nghệ thuật,3,W02357B.mp4;W02357N.mp4;W02357T.mp4,B (Miền Bắc / North);N (Miền Nam / South);T (Miền Trung / Central),86.7,30.0
nghỉ hè,3,W02360B.mp4;W02360N.mp4;W02360T.mp4,B (Miền Bắc / North);N (Miền Nam / South);T (Miền Trung / Central),112.0,30.0
nghỉ học,3,W02361B.mp4;W02361N.mp4;W02361T.mp4,B (Miền Bắc / North);N (Miền Nam / South);T (Miền Trung / Central),93.3,30.0
nguy hiểm,3,W02405B.mp4;W02405N.mp4;W02405T.mp4,B (Miền Bắc / North);N (Miền Nam / South);T (Miền Trung / Central),111.0,30.0
quả dưa hấu,3,W02731B.mp4;W02731N.mp4;W02731T.mp4,B (Miền Bắc / North);N (Miền Nam / South);T (Miền Trung / Central),83.7,30.0
ngày của mẹ,3,D0054B.mp4;D0054N.mp4;D0054T.mp4,B (Miền Bắc / North);N (Miền Nam / South);T (Miền Trung / Central),139.3,30.0
ngày gia đình việt nam 28/6,3,D0056B.mp4;D0056N.mp4;D0056T.mp4,B (Miền Bắc / North);N (Miền Nam / South);T (Miền Trung / Central),169.7,30.0
ngày giải phóng miền nam 30/4,3,D0044B.mp4;D0044N.mp4;D0044T.mp4,B (Miền Bắc / North);N (Miền Nam / South);T (Miền Trung / Central),138.7,30.0
ngày giải phóng thủ đô 10/10,3,D0043B.mp4;D0043T.mp4;D0043N.mp4,B (Miền Bắc / North);N (Miền Nam / South);T (Miền Trung / Central),156.7,30.0
ngày giỗ tổ hùng vương (âm lịch 10/3),3,D0051B.mp4;D0051N.mp4;D0051T.mp4,B (Miền Bắc / North);N (Miền Nam / South);T (Miền Trung / Central),151.3,30.0
ngày nay,3,W02336B.mp4;W02336N.mp4;W02336T.mp4,B (Miền Bắc / North);N (Miền Nam / South);T (Miền Trung / Central),100.3,30.0
ngày ngôn ngữ kí hiệu quốc tế 23/9,3,D0052B.mp4;D0052T.mp4;D0052N.mp4,B (Miền Bắc / North);N (Miền Nam / South);T (Miền Trung / Central),118.0,30.0
ngày người khuyết tật thế giới 3/12,3,D0046B.mp4;D0046N.mp4;D0046T.mp4,B (Miền Bắc / North);N (Miền Nam / South);T (Miền Trung / Central),151.0,30.0
ngày người khuyết tật việt nam 18/4,3,D0045B.mp4;D0045T.mp4;D0045N.mp4,B (Miền Bắc / North);N (Miền Nam / South);T (Miền Trung / Central),139.3,30.0
ngày phụ nữ việt nam 20/10,3,D0049B.mp4;D0049T.mp4;D0049N.mp4,B (Miền Bắc / North);N (Miền Nam / South);T (Miền Trung / Central),139.7,30.0
ngày quốc tế lao động,3,W02337B.mp4;W02337N.mp4;W02337T.mp4,B (Miền Bắc / North);N (Miền Nam / South);T (Miền Trung / Central),165.3,30.0
ngày quốc tế phụ nữ 8/3,3,D0042B.mp4;D0042N.mp4;D0042T.mp4,B (Miền Bắc / North);N (Miền Nam / South);T (Miền Trung / Central),136.7,30.0
ngày sinh,3,W02338B.mp4;W02338N.mp4;W02338T.mp4,B (Miền Bắc / North);N (Miền Nam / South);T (Miền Trung / Central),111.7,30.0
ngày thành lập quân đội nhân dân việt nam,3,D0058B.mp4;D0058N.mp4;D0058T.mp4,B (Miền Bắc / North);N (Miền Nam / South);T (Miền Trung / Central),151.0,30.0
ngày tháng,3,W02329B.mp4;W02329T.mp4;W02329N.mp4,B (Miền Bắc / North);N (Miền Nam / South);T (Miền Trung / Central),128.0,30.0
ngày thương bình liệt sĩ 27/7,3,D0050B.mp4;D0050N.mp4;D0050T.mp4,B (Miền Bắc / North);N (Miền Nam / South);T (Miền Trung / Central),122.0,30.0
ngày thầy thuốc việt nam,3,D0057B.mp4;D0057N.mp4;D0057T.mp4,B (Miền Bắc / North);N (Miền Nam / South);T (Miền Trung / Central),164.0,30.0
ngũ quả,3,W02402B.mp4;W02402N.mp4;W02402T.mp4,B (Miền Bắc / North);N (Miền Nam / South);T (Miền Trung / Central),112.3,30.0
người lái xe (ô tô),3,W02430B.mp4;W02430N.mp4;W02430T.mp4,B (Miền Bắc / North);N (Miền Nam / South);T (Miền Trung / Central),106.3,30.0
người quen,3,W02435B.mp4;W02435N.mp4;W02435T.mp4,B (Miền Bắc / North);N (Miền Nam / South);T (Miền Trung / Central),95.0,30.0
người xưa,3,W02438B.mp4;W02438N.mp4;W02438T.mp4,B (Miền Bắc / North);N (Miền Nam / South);T (Miền Trung / Central),115.7,30.0
người xấu,3,W02437B.mp4;W02437N.mp4;W02437T.mp4,B (Miền Bắc / North);N (Miền Nam / South);T (Miền Trung / Central),98.3,30.0
người yêu,3,W02439B.mp4;W02439N.mp4;W02439T.mp4,B (Miền Bắc / North);N (Miền Nam / South);T (Miền Trung / Central),119.7,30.0
ngọn cây,3,W02394B.mp4;W02394N.mp4;W02394T.mp4,B (Miền Bắc / North);N (Miền Nam / South);T (Miền Trung / Central),89.3,30.0
ngồi,3,W02400N.mp4;W02400T.mp4;W02400B.mp4,B (Miền Bắc / North);N (Miền Nam / South);T (Miền Trung / Central),86.0,30.0
ngữ pháp,3,W03327B.mp4;W03327N.mp4;W03327T.mp4,B (Miền Bắc / North);N (Miền Nam / South);T (Miền Trung / Central),97.3,30.0
nhiệt kế,3,W02497N.mp4;W02497T.mp4;W02497B.mp4,B (Miền Bắc / North);N (Miền Nam / South);T (Miền Trung / Central),118.3,30.0
nhà nước,3,W01075B.mp4;W01075N.mp4;W01075T.mp4,B (Miền Bắc / North);N (Miền Nam / South);T (Miền Trung / Central),106.3,30.0
nhà trường,3,W02455N.mp4;W02455T.mp4;W02455B.mp4,B (Miền Bắc / North);N (Miền Nam / South);T (Miền Trung / Central),107.0,30.0
nhà văn hóa,3,D0470B.mp4;D0470N.mp4;D0470T.mp4,B (Miền Bắc / North);N (Miền Nam / South);T (Miền Trung / Central),109.7,30.0
nhân (toán học),3,W02473B.mp4;W02473N.mp4;W02473T.mp4,B (Miền Bắc / North);N (Miền Nam / South);T (Miền Trung / Central),78.0,30.0
nhân hậu,3,W02479N.mp4;W02479T.mp4;W02479B.mp4,B (Miền Bắc / North);N (Miền Nam / South);T (Miền Trung / Central),92.7,30.0
nhãn vở,3,W02461B.mp4;W02461N.mp4;W02461T.mp4,B (Miền Bắc / North);N (Miền Nam / South);T (Miền Trung / Central),134.3,30.0
nhưng,3,D0242B.mp4;D0242N.mp4;D0242T.mp4,B (Miền Bắc / North);N (Miền Nam / South);T (Miền Trung / Central),103.0,30.0
nhầm,3,D0060B.mp4;D0060N.mp4;D0060T.mp4,B (Miền Bắc / North);N (Miền Nam / South);T (Miền Trung / Central),101.0,30.0
nhập ngũ,3,W01259B.mp4;W01259N.mp4;W01259T.mp4,B (Miền Bắc / North);N (Miền Nam / South);T (Miền Trung / Central),111.7,30.0
nhập trường,3,W02490B.mp4;W02490N.mp4;W02490T.mp4,B (Miền Bắc / North);N (Miền Nam / South);T (Miền Trung / Central),97.7,30.0
nhật (nước nhật),3,W02492B.mp4;W02492N.mp4;W02492T.mp4,B (Miền Bắc / North);N (Miền Nam / South);T (Miền Trung / Central),107.0,30.0
no,3,W02520B.mp4;W02520N.mp4;W02520T.mp4,B (Miền Bắc / North);N (Miền Nam / South);T (Miền Trung / Central),114.3,30.0
nên không?,3,D0123B.mp4;D0123N.mp4;D0123T.mp4,B (Miền Bắc / North);N (Miền Nam / South);T (Miền Trung / Central),76.7,30.0
nước việt nam,3,W02555B.mp4;W02555N.mp4;W02555T.mp4,B (Miền Bắc / North);N (Miền Nam / South);T (Miền Trung / Central),84.0,30.0
nước ép trái cây,3,D0396N.mp4;D0396B.mp4;D0396T.mp4,B (Miền Bắc / North);N (Miền Nam / South);T (Miền Trung / Central),148.0,30.0
nạp điện,3,W02292B.mp4;W02292N.mp4;W02292T.mp4,B (Miền Bắc / North);N (Miền Nam / South);T (Miền Trung / Central),92.0,30.0
nội dung,3,W02540B.mp4;W02540N.mp4;W02540T.mp4,B (Miền Bắc / North);N (Miền Nam / South);T (Miền Trung / Central),74.0,30.0
p,3,D0509N.mp4;D0509T.mp4;D0509B.mp4,B (Miền Bắc / North);N (Miền Nam / South);T (Miền Trung / Central),77.3,24.0
phi-líp-pin (nước phi-líp-pin),3,W02654B.mp4;W02654N.mp4;W02654T.mp4,B (Miền Bắc / North);N (Miền Nam / South);T (Miền Trung / Central),86.3,30.0
phim hoạt hình,3,W02656B.mp4;W02656N.mp4;W02656T.mp4,B (Miền Bắc / North);N (Miền Nam / South);T (Miền Trung / Central),112.0,30.0
phim truyện,3,W02658B.mp4;W02658N.mp4;W02658T.mp4,B (Miền Bắc / North);N (Miền Nam / South);T (Miền Trung / Central),83.3,30.0
phiên dịch,3,W02651B.mp4;W02651T.mp4;W02651N.mp4,B (Miền Bắc / North);N (Miền Nam / South);T (Miền Trung / Central),106.0,30.0
phá,3,W02589B.mp4;W02589T.mp4;W02589N.mp4,B (Miền Bắc / North);N (Miền Nam / South);T (Miền Trung / Central),119.7,30.0
phó hiệu trưởng,3,D0214B.mp4;D0214N.mp4;D0214T.mp4,B (Miền Bắc / North);N (Miền Nam / South);T (Miền Trung / Central),122.3,30.0
phương tiện giao thông,3,W02716B.mp4;W02716N.mp4;W02716T.mp4,B (Miền Bắc / North);N (Miền Nam / South);T (Miền Trung / Central),98.3,30.0
phải không?,3,D0120B.mp4;D0120N.mp4;D0120T.mp4,B (Miền Bắc / North);N (Miền Nam / South);T (Miền Trung / Central),113.0,30.0
phản bội,3,W02597B.mp4;W02597N.mp4;W02597T.mp4,B (Miền Bắc / North);N (Miền Nam / South);T (Miền Trung / Central),116.3,30.0
phấn (viết bảng),3,W02630N.mp4;W02630T.mp4;W02630B.mp4,B (Miền Bắc / North);N (Miền Nam / South);T (Miền Trung / Central),104.3,30.0
phở,3,W02696B.mp4;W02696N.mp4;W02696T.mp4,B (Miền Bắc / North);N (Miền Nam / South);T (Miền Trung / Central),78.3,30.0
phở cuốn,3,W02697B.mp4;W02697N.mp4;W02697T.mp4,B (Miền Bắc / North);N (Miền Nam / South);T (Miền Trung / Central),91.0,30.0
quyết tâm,3,W02820B.mp4;W02820T.mp4;W02820N.mp4,B (Miền Bắc / North);N (Miền Nam / South);T (Miền Trung / Central),82.3,30.0
quyết định,3,W02814B.mp4;W02814N.mp4;W02814T.mp4,B (Miền Bắc / North);N (Miền Nam / South);T (Miền Trung / Central),95.0,30.0
quyền lợi,3,W02813B.mp4;W02813N.mp4;W02813T.mp4,B (Miền Bắc / North);N (Miền Nam / South);T (Miền Trung / Central),91.7,30.0
quyển vở,3,W02818T.mp4;W02818B.mp4;W02818N.mp4,B (Miền Bắc / North);N (Miền Nam / South);T (Miền Trung / Central),75.3,30.0
quê,3,W02797B.mp4;W02797N.mp4;W02797T.mp4,B (Miền Bắc / North);N (Miền Nam / South);T (Miền Trung / Central),131.3,30.0
quả bưởi,3,W02724B.mp4;W02724T.mp4;W02724N.mp4,B (Miền Bắc / North);N (Miền Nam / South);T (Miền Trung / Central),78.7,30.0
quả dừa,3,W02732B.mp4;W02732N.mp4;W02732T.mp4,B (Miền Bắc / North);N (Miền Nam / South);T (Miền Trung / Central),75.0,30.0
quả dừa xiêm,3,W02733B.mp4;W02733N.mp4;W02733T.mp4,B (Miền Bắc / North);N (Miền Nam / South);T (Miền Trung / Central),119.3,30.0
quả khế,3,W02742B.mp4;W02742N.mp4;W02742T.mp4,B (Miền Bắc / North);N (Miền Nam / South);T (Miền Trung / Central),104.7,30.0
quả nhãn,3,W02748B.mp4;W02748N.mp4;W02748T.mp4,B (Miền Bắc / North);N (Miền Nam / South);T (Miền Trung / Central),82.7,30.0
quả roi,3,W02754N.mp4;W02754B.mp4;W02754T.mp4,B (Miền Bắc / North);N (Miền Nam / South);T (Miền Trung / Central),82.3,30.0
quả đu đủ,3,W02737B.mp4;W02737N.mp4;W02737T.mp4,B (Miền Bắc / North);N (Miền Nam / South);T (Miền Trung / Central),174.3,30.0
quần bò,3,W02787B.mp4;W02787N.mp4;W02787T.mp4,B (Miền Bắc / North);N (Miền Nam / South);T (Miền Trung / Central),94.7,30.0
quận,3,W02790B.mp4;W02790N.mp4;W02790T.mp4,B (Miền Bắc / North);N (Miền Nam / South);T (Miền Trung / Central),81.3,30.0
ra ngoài,3,W02825B.mp4;W02825T.mp4;W02825N.mp4,B (Miền Bắc / North);N (Miền Nam / South);T (Miền Trung / Central),83.0,30.0
rong chơi,3,W02868B.mp4;W02868N.mp4;W02868T.mp4,B (Miền Bắc / North);N (Miền Nam / South);T (Miền Trung / Central),94.3,30.0
rưỡi,3,W02897B.mp4;W02897N.mp4;W02897T.mp4,B (Miền Bắc / North);N (Miền Nam / South);T (Miền Trung / Central),104.3,30.0
rượu,3,W02898N.mp4;W02898B.mp4;W02898T.mp4,B (Miền Bắc / North);N (Miền Nam / South);T (Miền Trung / Central),102.7,30.0
rằm trung thu,3,W02847B.mp4;W02847N.mp4;W02847T.mp4,B (Miền Bắc / North);N (Miền Nam / South);T (Miền Trung / Central),95.0,30.0
sinh sản,3,W02956B.mp4;W02956N.mp4;W02956T.mp4,B (Miền Bắc / North);N (Miền Nam / South);T (Miền Trung / Central),81.3,30.0
sinh đôi,3,D0423B.mp4;D0423N.mp4;D0423T.mp4,B (Miền Bắc / North);N (Miền Nam / South);T (Miền Trung / Central),101.7,30.0
sinh đẻ,3,W02953B.mp4;W02953N.mp4;W02953T.mp4,B (Miền Bắc / North);N (Miền Nam / South);T (Miền Trung / Central),107.0,30.0
suýt,3,D0072N.mp4;D0072T.mp4;D0072B.mp4,B (Miền Bắc / North);N (Miền Nam / South);T (Miền Trung / Central),98.0,30.0
sân trường,3,W02940B.mp4;W02940N.mp4;W02940T.mp4,B (Miền Bắc / North);N (Miền Nam / South);T (Miền Trung / Central),114.0,30.0
sơ mi,3,W03011B.mp4;W03011N.mp4;W03011T.mp4,B (Miền Bắc / North);N (Miền Nam / South);T (Miền Trung / Central),104.0,30.0
sắp xếp,3,W02931B.mp4;W02931N.mp4;W02931T.mp4,B (Miền Bắc / North);N (Miền Nam / South);T (Miền Trung / Central),73.3,30.0
sắt,3,W02932B.mp4;W02932N.mp4;W02932T.mp4,B (Miền Bắc / North);N (Miền Nam / South);T (Miền Trung / Central),112.3,30.0
sống sót,3,D0155B.mp4;D0155N.mp4;D0155T.mp4,B (Miền Bắc / North);N (Miền Nam / South);T (Miền Trung / Central),107.0,30.0
sữa,3,W03042B.mp4;W03042T.mp4;W03042N.mp4,B (Miền Bắc / North);N (Miền Nam / South);T (Miền Trung / Central),120.7,30.0
sữa bò,3,W03036B.mp4;W03036N.mp4;W03036T.mp4,B (Miền Bắc / North);N (Miền Nam / South);T (Miền Trung / Central),92.0,30.0
sữa bột,3,W03037B.mp4;W03037N.mp4;W03037T.mp4,B (Miền Bắc / North);N (Miền Nam / South);T (Miền Trung / Central),106.3,30.0
sữa dê,3,W03038B.mp4;W03038N.mp4;W03038T.mp4,B (Miền Bắc / North);N (Miền Nam / South);T (Miền Trung / Central),81.7,30.0
sữa hộp,3,W03040B.mp4;W03040T.mp4;W03040N.mp4,B (Miền Bắc / North);N (Miền Nam / South);T (Miền Trung / Central),138.3,30.0
t,3,D0513B.mp4;D0513N.mp4;D0513T.mp4,B (Miền Bắc / North);N (Miền Nam / South);T (Miền Trung / Central),108.7,24.0
tay chân sạch sẽ,3,D0432N.mp4;D0432T.mp4;D0432B.mp4,B (Miền Bắc / North);N (Miền Nam / South);T (Miền Trung / Central),246.0,30.0
tha thứ,3,W03138B.mp4;W03138N.mp4;W03138T.mp4,B (Miền Bắc / North);N (Miền Nam / South);T (Miền Trung / Central),135.3,30.0
tham dự,3,W03153B.mp4;W03153N.mp4;W03153T.mp4,B (Miền Bắc / North);N (Miền Nam / South);T (Miền Trung / Central),105.3,30.0
tham quan,3,W03156B.mp4;W03156T.mp4;W03156N.mp4,B (Miền Bắc / North);N (Miền Nam / South);T (Miền Trung / Central),117.3,30.0
tham ăn,3,D0024N.mp4;D0024B.mp4;D0024T.mp4,B (Miền Bắc / North);N (Miền Nam / South);T (Miền Trung / Central),180.0,30.0
thi cử,3,W03243B.mp4;W03243T.mp4;W03243N.mp4,B (Miền Bắc / North);N (Miền Nam / South);T (Miền Trung / Central),81.0,30.0
thiết kế,3,W03265N.mp4;W03265T.mp4;W03265B.mp4,B (Miền Bắc / North);N (Miền Nam / South);T (Miền Trung / Central),119.0,30.0
thiếu thốn,3,D0206B.mp4;D0206N.mp4;D0206T.mp4,B (Miền Bắc / North);N (Miền Nam / South);T (Miền Trung / Central),108.7,30.0
thiệp sinh nhật,3,D0108B.mp4;D0108N.mp4;D0108T.mp4,B (Miền Bắc / North);N (Miền Nam / South);T (Miền Trung / Central),131.7,30.0
thuê,3,W03329N.mp4;W03329B.mp4;W03329T.mp4,B (Miền Bắc / North);N (Miền Nam / South);T (Miền Trung / Central),85.0,30.0
thuỷ điện,3,W03339N.mp4;W03339T.mp4;W03339B.mp4,B (Miền Bắc / North);N (Miền Nam / South);T (Miền Trung / Central),89.3,30.0
thái độ,3,W03148B.mp4;W03148N.mp4;W03148T.mp4,B (Miền Bắc / North);N (Miền Nam / South);T (Miền Trung / Central),123.3,30.0
tháng,3,W03167B.mp4;W03167T.mp4;W03167N.mp4,B (Miền Bắc / North);N (Miền Nam / South);T (Miền Trung / Central),105.7,30.0
thân cây,3,W03204B.mp4;W03204N.mp4;W03204T.mp4,B (Miền Bắc / North);N (Miền Nam / South);T (Miền Trung / Central),116.0,30.0
thìa,3,W03251B.mp4;W03251N.mp4;W03251T.mp4,B (Miền Bắc / North);N (Miền Nam / South);T (Miền Trung / Central),174.3,30.0
thích thú,3,W03252B.mp4;W03252N.mp4;W03252T.mp4,B (Miền Bắc / North);N (Miền Nam / South);T (Miền Trung / Central),123.3,30.0
thói quen,3,D0029B.mp4;D0029N.mp4;D0029T.mp4,B (Miền Bắc / North);N (Miền Nam / South);T (Miền Trung / Central),121.0,30.0
thông minh,3,W03288N.mp4;W03288T.mp4;W03288B.mp4,B (Miền Bắc / North);N (Miền Nam / South);T (Miền Trung / Central),77.3,30.0
thông tin,3,W03292N.mp4;W03292T.mp4;W03292B.mp4,B (Miền Bắc / North);N (Miền Nam / South);T (Miền Trung / Central),80.3,30.0
thú dữ,3,W03323B.mp4;W03323N.mp4;W03323T.mp4,B (Miền Bắc / North);N (Miền Nam / South);T (Miền Trung / Central),88.7,30.0
thú y,3,W03324B.mp4;W03324N.mp4;W03324T.mp4,B (Miền Bắc / North);N (Miền Nam / South);T (Miền Trung / Central),108.0,30.0
thăm hỏi,3,W03197B.mp4;W03197N.mp4;W03197T.mp4,B (Miền Bắc / North);N (Miền Nam / South);T (Miền Trung / Central),117.0,30.0
thơm,3,W03314B.mp4;W03314N.mp4;W03314T.mp4,B (Miền Bắc / North);N (Miền Nam / South);T (Miền Trung / Central),95.7,30.0
thầy cô,3,W03222B.mp4;W03222N.mp4;W03222T.mp4,B (Miền Bắc / North);N (Miền Nam / South);T (Miền Trung / Central),117.3,30.0
thầy giáo,3,W03224B.mp4;W03224N.mp4;W03224T.mp4,B (Miền Bắc / North);N (Miền Nam / South);T (Miền Trung / Central),97.3,30.0
thế nào?,3,W03239B.mp4;W03239N.mp4;W03239T.mp4,B (Miền Bắc / North);N (Miền Nam / South);T (Miền Trung / Central),83.7,30.0
thủ công,3,W03320B.mp4;W03320N.mp4;W03320T.mp4,B (Miền Bắc / North);N (Miền Nam / South);T (Miền Trung / Central),125.7,30.0
thủ tướng,3,W03321B.mp4;W03321N.mp4;W03321T.mp4,B (Miền Bắc / North);N (Miền Nam / South);T (Miền Trung / Central),122.0,30.0
thủy điện hòa bình,3,W03345B.mp4;W03345N.mp4;W03345T.mp4,B (Miền Bắc / North);N (Miền Nam / South);T (Miền Trung / Central),120.3,30.0
thừa,3,W03359N.mp4;W03359T.mp4;W03359B.mp4,B (Miền Bắc / North);N (Miền Nam / South);T (Miền Trung / Central),77.0,30.0
thừa thiên – huế,3,W03361B.mp4;W03361N.mp4;W03361T.mp4,B (Miền Bắc / North);N (Miền Nam / South);T (Miền Trung / Central),106.3,30.0
tiếc,3,W03392B.mp4;W03392N.mp4;W03392T.mp4,B (Miền Bắc / North);N (Miền Nam / South);T (Miền Trung / Central),148.7,30.0
tiếng anh,3,W03409B.mp4;W03409N.mp4;W03409T.mp4,B (Miền Bắc / North);N (Miền Nam / South);T (Miền Trung / Central),86.7,30.0
tiếp tục,3,W03421B.mp4;W03421N.mp4;W03421T.mp4,B (Miền Bắc / North);N (Miền Nam / South);T (Miền Trung / Central),93.7,30.0
tiết kiệm,3,W03422B.mp4;W03422N.mp4;W03422T.mp4,B (Miền Bắc / North);N (Miền Nam / South);T (Miền Trung / Central),125.3,30.0
toa xe,3,W03471B.mp4;W03471N.mp4;W03471T.mp4,B (Miền Bắc / North);N (Miền Nam / South);T (Miền Trung / Central),138.0,30.0
toà án,3,W03472B.mp4;W03472N.mp4;W03472T.mp4,B (Miền Bắc / North);N (Miền Nam / South);T (Miền Trung / Central),140.0,30.0
tre,3,W03571B.mp4;W03571N.mp4;W03571T.mp4,B (Miền Bắc / North);N (Miền Nam / South);T (Miền Trung / Central),119.0,30.0
trong ngoài,3,W03611B.mp4;W03611N.mp4;W03611T.mp4,B (Miền Bắc / North);N (Miền Nam / South);T (Miền Trung / Central),227.7,30.0
trung quốc (nước trung quốc),3,W03642B.mp4;W03642T.mp4;W03642N.mp4,B (Miền Bắc / North);N (Miền Nam / South);T (Miền Trung / Central),121.0,30.0
trung thu,3,W03645T.mp4;W03645B.mp4;W03645N.mp4,B (Miền Bắc / North);N (Miền Nam / South);T (Miền Trung / Central),228.0,30.0
trông chờ,3,W03620B.mp4;W03620N.mp4;W03620T.mp4,B (Miền Bắc / North);N (Miền Nam / South);T (Miền Trung / Central),140.7,30.0
trông nom,3,W03622B.mp4;W03622N.mp4;W03622T.mp4,B (Miền Bắc / North);N (Miền Nam / South);T (Miền Trung / Central),123.7,30.0
trúng tuyển,3,W03649B.mp4;W03649N.mp4;W03649T.mp4,B (Miền Bắc / North);N (Miền Nam / South);T (Miền Trung / Central),126.0,30.0
trăng,3,W03550B.mp4;W03550T.mp4;W03550N.mp4,B (Miền Bắc / North);N (Miền Nam / South);T (Miền Trung / Central),194.7,30.0
trước,3,W03669B.mp4;W03669N.mp4;W03669T.mp4,B (Miền Bắc / North);N (Miền Nam / South);T (Miền Trung / Central),125.7,30.0
trường mầm non,3,W03673B.mp4;W03673N.mp4;W03673T.mp4,B (Miền Bắc / North);N (Miền Nam / South);T (Miền Trung / Central),145.7,30.0
trường ptcs (cấp 2),3,W03674B.mp4;W03674N.mp4;W03674T.mp4,B (Miền Bắc / North);N (Miền Nam / South);T (Miền Trung / Central),143.7,30.0
trường thpt ( cấp 3),3,W03675B.mp4;W03675N.mp4;W03675T.mp4,B (Miền Bắc / North);N (Miền Nam / South);T (Miền Trung / Central),124.7,30.0
trắng muốt,3,W03552B.mp4;W03552N.mp4;W03552T.mp4,B (Miền Bắc / North);N (Miền Nam / South);T (Miền Trung / Central),115.3,30.0
trẻ con/con nít,3,D0464B.mp4;D0464N.mp4;D0464T.mp4,B (Miền Bắc / North);N (Miền Nam / South);T (Miền Trung / Central),91.3,30.0
trọc đầu,3,W03602N.mp4;W03602T.mp4;W03602B.mp4,B (Miền Bắc / North);N (Miền Nam / South);T (Miền Trung / Central),141.7,30.0
trốn chạy,3,W03619B.mp4;W03619N.mp4;W03619T.mp4,B (Miền Bắc / North);N (Miền Nam / South);T (Miền Trung / Central),212.0,30.0
trụi lá,3,W03636B.mp4;W03636N.mp4;W03636T.mp4,B (Miền Bắc / North);N (Miền Nam / South);T (Miền Trung / Central),182.0,30.0
trứng,3,W03659B.mp4;W03659N.mp4;W03659T.mp4,B (Miền Bắc / North);N (Miền Nam / South);T (Miền Trung / Central),113.7,30.0
tuần,3,W03685B.mp4;W03685N.mp4;W03685T.mp4,B (Miền Bắc / North);N (Miền Nam / South);T (Miền Trung / Central),112.0,30.0
tuần lễ người điếc thế giới,3,D0053N.mp4;D0053T.mp4;D0053B.mp4,B (Miền Bắc / North);N (Miền Nam / South);T (Miền Trung / Central),187.0,30.0
tuần này,3,D0416B.mp4;D0416N.mp4;D0416T.mp4,B (Miền Bắc / North);N (Miền Nam / South);T (Miền Trung / Central),106.3,30.0
tuần sau,3,D0417B.mp4;D0417N.mp4;D0417T.mp4,B (Miền Bắc / North);N (Miền Nam / South);T (Miền Trung / Central),112.0,30.0
tuần trước,3,D0418B.mp4;D0418N.mp4;D0418T.mp4,B (Miền Bắc / North);N (Miền Nam / South);T (Miền Trung / Central),104.7,30.0
tàu hoả,3,W03085B.mp4;W03085N.mp4;W03085T.mp4,B (Miền Bắc / North);N (Miền Nam / South);T (Miền Trung / Central),123.3,30.0
tái phạm,3,W03071B.mp4;W03071N.mp4;W03071T.mp4,B (Miền Bắc / North);N (Miền Nam / South);T (Miền Trung / Central),108.7,30.0
tìm hiểu,3,W03433B.mp4;W03433N.mp4;W03433T.mp4,B (Miền Bắc / North);N (Miền Nam / South);T (Miền Trung / Central),117.7,30.0
tóc ngắn,3,D0429B.mp4;D0429N.mp4;D0429T.mp4,B (Miền Bắc / North);N (Miền Nam / South);T (Miền Trung / Central),103.7,30.0
tô màu,3,W03486B.mp4;W03486N.mp4;W03486T.mp4,B (Miền Bắc / North);N (Miền Nam / South);T (Miền Trung / Central),139.0,30.0
tôi yêu bạn,3,W04056B.mp4;W04056N.mp4;W04056T.mp4,B (Miền Bắc / North);N (Miền Nam / South);T (Miền Trung / Central),109.3,30.0
tương ớt,3,D0111B.mp4;D0111N.mp4;D0111T.mp4,B (Miền Bắc / North);N (Miền Nam / South);T (Miền Trung / Central),124.0,30.0
tưới cây,3,W03727B.mp4;W03727N.mp4;W03727T.mp4,B (Miền Bắc / North);N (Miền Nam / South);T (Miền Trung / Central),145.7,30.0
tấm vải,3,W03105B.mp4;W03105N.mp4;W03105T.mp4,B (Miền Bắc / North);N (Miền Nam / South);T (Miền Trung / Central),123.7,30.0
tết hàn thực,3,D0040B.mp4;D0040N.mp4;D0040T.mp4,B (Miền Bắc / North);N (Miền Nam / South);T (Miền Trung / Central),114.0,30.0
tết trung thu,3,W03134B.mp4;W03134T.mp4;W03134N.mp4,B (Miền Bắc / North);N (Miền Nam / South);T (Miền Trung / Central),93.3,30.0
tổng kết/bế giảng,3,D0430B.mp4;D0430N.mp4;D0430T.mp4,B (Miền Bắc / North);N (Miền Nam / South);T (Miền Trung / Central),145.3,30.0
tổng thống,3,W03505B.mp4;W03505T.mp4;W03505N.mp4,B (Miền Bắc / North);N (Miền Nam / South);T (Miền Trung / Central),136.0,30.0
tờ báo,3,W03508B.mp4;W03508N.mp4;W03508T.mp4,B (Miền Bắc / North);N (Miền Nam / South);T (Miền Trung / Central),125.3,30.0
tờ giấy,3,W03509B.mp4;W03509N.mp4;W03509T.mp4,B (Miền Bắc / North);N (Miền Nam / South);T (Miền Trung / Central),130.7,30.0
từ chối,3,D0103B.mp4;D0103N.mp4;D0103T.mp4,B (Miền Bắc / North);N (Miền Nam / South);T (Miền Trung / Central),124.3,30.0
từ trái nghĩa,3,W03714B.mp4;W03714N.mp4;W03714T.mp4,B (Miền Bắc / North);N (Miền Nam / South);T (Miền Trung / Central),132.0,30.0
tự do,3,W03717B.mp4;W03717N.mp4;W03717T.mp4,B (Miền Bắc / North);N (Miền Nam / South);T (Miền Trung / Central),121.3,30.0
tự lập,3,W03719N.mp4;W03719T.mp4;W03719B.mp4,B (Miền Bắc / North);N (Miền Nam / South);T (Miền Trung / Central),125.3,30.0
tự tin,3,W03720B.mp4;W03720N.mp4;W03720T.mp4,B (Miền Bắc / North);N (Miền Nam / South);T (Miền Trung / Central),133.3,30.0
tự vệ,3,W03722B.mp4;W03722N.mp4;W03722T.mp4,B (Miền Bắc / North);N (Miền Nam / South);T (Miền Trung / Central),140.0,30.0
ung thư,3,D0213T.mp4;D0213B.mp4;D0213N.mp4,B (Miền Bắc / North);N (Miền Nam / South);T (Miền Trung / Central),111.7,30.0
vui chơi,3,W03888N.mp4;W03888T.mp4;W03888B.mp4,B (Miền Bắc / North);N (Miền Nam / South);T (Miền Trung / Central),118.7,30.0
vui mừng,3,W03889B.mp4;W03889N.mp4;W03889T.mp4,B (Miền Bắc / North);N (Miền Nam / South);T (Miền Trung / Central),113.0,30.0
vui sướng,3,W03890B.mp4;W03890N.mp4;W03890T.mp4,B (Miền Bắc / North);N (Miền Nam / South);T (Miền Trung / Central),155.0,30.0
vì sao?,3,W03825B.mp4;W03825N.mp4;W03825T.mp4,B (Miền Bắc / North);N (Miền Nam / South);T (Miền Trung / Central),141.0,30.0
ví dụ,3,W03828B.mp4;W03828N.mp4;W03828T.mp4,B (Miền Bắc / North);N (Miền Nam / South);T (Miền Trung / Central),124.3,30.0
vô duyên,3,D0066B.mp4;D0066N.mp4;D0066T.mp4,B (Miền Bắc / North);N (Miền Nam / South);T (Miền Trung / Central),105.7,30.0
văn nghệ,3,W03793B.mp4;W03793N.mp4;W03793T.mp4,B (Miền Bắc / North);N (Miền Nam / South);T (Miền Trung / Central),133.0,30.0
vải lụa,3,D0326B.mp4;D0326N.mp4;D0326T.mp4,B (Miền Bắc / North);N (Miền Nam / South);T (Miền Trung / Central),115.7,30.0
vấn đề,3,W03799B.mp4;W03799N.mp4;W03799T.mp4,B (Miền Bắc / North);N (Miền Nam / South);T (Miền Trung / Central),133.3,30.0
vẫn,3,D0168B.mp4;D0168N.mp4;D0168T.mp4,B (Miền Bắc / North);N (Miền Nam / South);T (Miền Trung / Central),105.7,30.0
vật nuôi,3,W03809B.mp4;W03809N.mp4;W03809T.mp4,B (Miền Bắc / North);N (Miền Nam / South);T (Miền Trung / Central),170.7,30.0
vắng,3,W03795B.mp4;W03795N.mp4;W03795T.mp4,B (Miền Bắc / North);N (Miền Nam / South);T (Miền Trung / Central),167.3,30.0
x,3,D0517B.mp4;D0517T.mp4;D0517N.mp4,B (Miền Bắc / North);N (Miền Nam / South);T (Miền Trung / Central),128.3,28.0
xanh xao,3,W03938B.mp4;W03938N.mp4;W03938T.mp4,B (Miền Bắc / North);N (Miền Nam / South);T (Miền Trung / Central),117.7,30.0
xe cảnh sát,3,W03962B.mp4;W03962N.mp4;W03962T.mp4,B (Miền Bắc / North);N (Miền Nam / South);T (Miền Trung / Central),127.7,30.0
xe khách,3,W03967B.mp4;W03967N.mp4;W03967T.mp4,B (Miền Bắc / North);N (Miền Nam / South);T (Miền Trung / Central),131.0,30.0
xem,3,D0192B.mp4;D0192N.mp4;D0192T.mp4,B (Miền Bắc / North);N (Miền Nam / South);T (Miền Trung / Central),96.7,30.0
xuất hiện,3,W04010B.mp4;W04010N.mp4;W04010T.mp4,B (Miền Bắc / North);N (Miền Nam / South);T (Miền Trung / Central),121.3,30.0
xà phòng,3,W03930B.mp4;W03930N.mp4;W03930T.mp4,B (Miền Bắc / North);N (Miền Nam / South);T (Miền Trung / Central),107.7,30.0
xà phòng giặt,3,W03931B.mp4;W03931N.mp4;W03931T.mp4,B (Miền Bắc / North);N (Miền Nam / South);T (Miền Trung / Central),117.7,30.0
xây,3,W03956B.mp4;W03956N.mp4;W03956T.mp4,B (Miền Bắc / North);N (Miền Nam / South);T (Miền Trung / Central),136.3,30.0
xã hội,3,W03935B.mp4;W03935N.mp4;W03935T.mp4,B (Miền Bắc / North);N (Miền Nam / South);T (Miền Trung / Central),133.3,30.0
xưa,3,W04025B.mp4;W04025N.mp4;W04025T.mp4,B (Miền Bắc / North);N (Miền Nam / South);T (Miền Trung / Central),137.7,30.0
yêu cầu,3,W04057B.mp4;W04057N.mp4;W04057T.mp4,B (Miền Bắc / North);N (Miền Nam / South);T (Miền Trung / Central),199.7,30.0
yêu mến (yêu quí),3,W04058B.mp4;W04058N.mp4;W04058T.mp4,B (Miền Bắc / North);N (Miền Nam / South);T (Miền Trung / Central),129.7,30.0
yếu,3,W04059B.mp4;W04059N.mp4;W04059T.mp4,B (Miền Bắc / North);N (Miền Nam / South);T (Miền Trung / Central),101.3,30.0
áo phông,3,W00035B.mp4;W00035N.mp4;W00035T.mp4,B (Miền Bắc / North);N (Miền Nam / South);T (Miền Trung / Central),159.0,30.0
áo đồng phục,3,W00032B.mp4;W00032N.mp4;W00032T.mp4,B (Miền Bắc / North);N (Miền Nam / South);T (Miền Trung / Central),165.7,30.0
â,3,D0491B.mp4;D0491N.mp4;D0491T.mp4,B (Miền Bắc / North);N (Miền Nam / South);T (Miền Trung / Central),110.0,24.0
ân hận,3,W00057B.mp4;W00057N.mp4;W00057T.mp4,B (Miền Bắc / North);N (Miền Nam / South);T (Miền Trung / Central),127.3,30.0
ê,3,D0497B.mp4;D0497N.mp4;D0497T.mp4,B (Miền Bắc / North);N (Miền Nam / South);T (Miền Trung / Central),111.3,24.0
ô,3,D0507B.mp4;D0507N.mp4;D0507T.mp4,B (Miền Bắc / North);N (Miền Nam / South);T (Miền Trung / Central),73.3,24.0
ông bà,3,D0151B.mp4;D0151N.mp4;D0151T.mp4,B (Miền Bắc / North);N (Miền Nam / South);T (Miền Trung / Central),112.7,30.0
ông ngoại,3,W02575N.mp4;W02575B.mp4;W02575T.mp4,B (Miền Bắc / North);N (Miền Nam / South);T (Miền Trung / Central),100.7,30.0
ông nội,3,W02576B.mp4;W02576N.mp4;W02576T.mp4,B (Miền Bắc / North);N (Miền Nam / South);T (Miền Trung / Central),117.0,30.0
ý nghĩa,3,W04038N.mp4;W04038T.mp4;W04038B.mp4,B (Miền Bắc / North);N (Miền Nam / South);T (Miền Trung / Central),123.0,30.0
ă,3,D0490B.mp4;D0490N.mp4;D0490T.mp4,B (Miền Bắc / North);N (Miền Nam / South);T (Miền Trung / Central),115.0,24.0
đen láy (như đen nhánh),3,W01153B.mp4;W01153N.mp4;W01153T.mp4,B (Miền Bắc / North);N (Miền Nam / South);T (Miền Trung / Central),115.7,30.0
đi dạo,3,D0157B.mp4;D0157N.mp4;D0157T.mp4,B (Miền Bắc / North);N (Miền Nam / South);T (Miền Trung / Central),127.3,30.0
điện,3,W01205N.mp4;W01205T.mp4;W01205B.mp4,B (Miền Bắc / North);N (Miền Nam / South);T (Miền Trung / Central),98.0,30.0
chơi,2,W00639B.mp4;W00639T.mp4,B (Miền Bắc / North);T (Miền Trung / Central),76.0,30.0
bệ hạ,2,W00234B.mp4;W00234T.mp4,B (Miền Bắc / North);T (Miền Trung / Central),149.0,30.0
cổng trường,2,W00825N.mp4;W00825T.mp4,N (Miền Nam / South);T (Miền Trung / Central),114.0,30.0
5000 (năm nghìn),2,D0549T.mp4;D0549B.mp4,B (Miền Bắc / North);T (Miền Trung / Central),80.5,27.0
luân phiên,2,W00638.mp4;W00638N.mp4,N (Miền Nam / South);Neutral / Unspecified,86.0,27.0
cây bàng,2,W00457B.mp4;W00457T.mp4,B (Miền Bắc / North);T (Miền Trung / Central),132.0,30.0
anh họ,2,W00014N.mp4;W00014T.mp4,N (Miền Nam / South);T (Miền Trung / Central),135.0,30.0
khổ,2,W01842N.mp4;W01842.mp4,N (Miền Nam / South);Neutral / Unspecified,155.0,30.0
chị chồng,2,W00571B.mp4;W00571N.mp4,B (Miền Bắc / North);N (Miền Nam / South),127.0,30.0
bột ngọt,2,W00342T.mp4;W00342N.mp4,N (Miền Nam / South);T (Miền Trung / Central),122.0,30.0
làm bài tập,2,W01924.mp4;W01924N.mp4,N (Miền Nam / South);Neutral / Unspecified,107.0,30.0
lễ bế giảng,2,W01977.mp4;W01977B.mp4,B (Miền Bắc / North);Neutral / Unspecified,153.5,30.0
lá cây,2,W01912B.mp4;W01912N.mp4,B (Miền Bắc / North);N (Miền Nam / South),118.0,30.0
g,2,D0498B.mp4;D0498N.mp4,B (Miền Bắc / North);N (Miền Nam / South),124.0,24.0
lâu,2,D0167.mp4;D0167B.mp4,B (Miền Bắc / North);Neutral / Unspecified,183.0,30.0
bên cạnh,2,W00236.mp4;W00236N.mp4,N (Miền Nam / South);Neutral / Unspecified,166.0,30.0
giao thông,2,W01430B.mp4;W01430N.mp4,B (Miền Bắc / North);N (Miền Nam / South),108.0,30.0
lượm,2,D0316.mp4;W02084.mp4,Neutral / Unspecified,96.5,30.0
con ong,2,W00781N.mp4;W00781T.mp4,N (Miền Nam / South);T (Miền Trung / Central),93.0,30.0
giám sát,2,D0255.mp4;W01426.mp4,Neutral / Unspecified,127.5,30.0
hội thảo,2,W01696.mp4;W01696N.mp4,N (Miền Nam / South);Neutral / Unspecified,116.0,30.0
khó khăn,2,W01803B.mp4;W01803N.mp4,B (Miền Bắc / North);N (Miền Nam / South),116.0,30.0
con sư tử,2,W00794N.mp4;W00794T.mp4,N (Miền Nam / South);T (Miền Trung / Central),117.0,30.0
tác động,2,W01301.mp4;W03055.mp4,Neutral / Unspecified,88.5,27.0
bảng chia,2,W00115T.mp4;W00115N.mp4,N (Miền Nam / South);T (Miền Trung / Central),128.0,30.0
tên là gì?,2,W03129N.mp4;W03129T.mp4,N (Miền Nam / South);T (Miền Trung / Central),111.5,30.0
vào mùa,2,W03782.mp4;W03782B.mp4,B (Miền Bắc / North);Neutral / Unspecified,136.0,30.0
rửa chân,2,D0412.mp4;W02886.mp4,Neutral / Unspecified,99.5,30.0
tò mò,2,W03467B.mp4;W03467T.mp4,B (Miền Bắc / North);T (Miền Trung / Central),148.0,30.0
rửa mặt,2,W02887.mp4;D0413.mp4,Neutral / Unspecified,110.0,30.0
sao,2,W02919N.mp4;W02919T.mp4,N (Miền Nam / South);T (Miền Trung / Central),88.0,30.0
bắc nam,2,W00184N.mp4;W00184T.mp4,N (Miền Nam / South);T (Miền Trung / Central),167.0,30.0
tôn trọng,2,W03491.mp4;W03501.mp4,Neutral / Unspecified,118.0,30.0
điều hòa,2,W01213T.mp4;W01213B.mp4,B (Miền Bắc / North);T (Miền Trung / Central),138.0,30.0
điều phối,2,W01212B.mp4;W01212N.mp4,B (Miền Bắc / North);N (Miền Nam / South),97.5,30.0
vầng trăng,2,W03805N.mp4;W03805T.mp4,N (Miền Nam / South);T (Miền Trung / Central),147.0,30.0
đánh răng,2,D0414.mp4;W01112.mp4,Neutral / Unspecified,101.5,30.0
quân đội,2,W02784N.mp4;W02784B.mp4,B (Miền Bắc / North);N (Miền Nam / South),81.0,30.0
ngắt hoa,2,W02345B.mp4;W02345N.mp4,B (Miền Bắc / North);N (Miền Nam / South),97.5,30.0
bướng bỉnh,2,W00390N.mp4;W00390T.mp4,N (Miền Nam / South);T (Miền Trung / Central),154.0,30.0
về 2 (miền bắc),2,D0159B.mp4;D0159T.mp4,B (Miền Bắc / North);T (Miền Trung / Central),132.5,30.0
ngày nhà giáo việt nam,2,W02328N.mp4;W02328T.mp4,N (Miền Nam / South);T (Miền Trung / Central),153.0,30.0
tập thể dục,2,W03116B.mp4;W03116T.mp4,B (Miền Bắc / North);T (Miền Trung / Central),138.0,30.0
tết dương,2,W03132N.mp4;W03132T.mp4,N (Miền Nam / South);T (Miền Trung / Central),107.5,30.0
xe cứu hỏa,2,W03964B.mp4;W03964N.mp4,B (Miền Bắc / North);N (Miền Nam / South),158.0,30.0
trường tiểu học,2,W03663T.mp4;W03663N.mp4,N (Miền Nam / South);T (Miền Trung / Central),130.0,30.0
cháu trai,2,W00498B.mp4;W00498N.mp4,B (Miền Bắc / North);N (Miền Nam / South),90.0,30.0
thêu,2,W03242B.mp4;W03242N.mp4,B (Miền Bắc / North);N (Miền Nam / South),114.0,30.0
tết âm,2,W03131T.mp4;W03131N.mp4,N (Miền Nam / South);T (Miền Trung / Central),101.0,30.0
suy nghĩ,2,W03025N.mp4;W03025T.mp4,N (Miền Nam / South);T (Miền Trung / Central),101.5,30.0
hợp đồng,2,W01707B.mp4;W01707T.mp4,B (Miền Bắc / North);T (Miền Trung / Central),95.0,30.0
sân chơi,2,W02936B.mp4;W02936T.mp4,B (Miền Bắc / North);T (Miền Trung / Central),135.0,30.0
rõ ràng,2,W02864B.mp4;W02864T.mp4,B (Miền Bắc / North);T (Miền Trung / Central),82.0,30.0
xì hơi (đánh rắm),2,W00175.mp4;W00175N.mp4,N (Miền Nam / South);Neutral / Unspecified,78.0,27.0
sĩ diện,2,W02947B.mp4;W02947N.mp4,B (Miền Bắc / North);N (Miền Nam / South),106.0,30.0
quả táo,2,W02757B.mp4;W02757N.mp4,B (Miền Bắc / North);N (Miền Nam / South),83.5,30.0
sơ đồ,2,W03010N.mp4;W03010T.mp4,N (Miền Nam / South);T (Miền Trung / Central),95.0,30.0
quả điều,2,W01211.mp4;W01211N.mp4,N (Miền Nam / South);Neutral / Unspecified,114.0,30.0
ngô,2,W02395T.mp4;W02395N.mp4,N (Miền Nam / South);T (Miền Trung / Central),65.0,30.0
chính phủ,2,W00617T.mp4;W00617B.mp4,B (Miền Bắc / North);T (Miền Trung / Central),93.0,30.0
trái nghĩa,2,W03531N.mp4;W03531T.mp4,N (Miền Nam / South);T (Miền Trung / Central),115.0,30.0
33,2,D0543N.mp4;D0543T.mp4,N (Miền Nam / South);T (Miền Trung / Central),217.5,30.0
chia cắt,1,W00577.mp4,Neutral / Unspecified,93.0,30.0
chia hết,1,W00579.mp4,Neutral / Unspecified,110.0,30.0
chia phần,1,W00580.mp4,Neutral / Unspecified,101.0,30.0
chia rẽ,1,D0335.mp4,Neutral / Unspecified,251.0,30.0
chia sẻ,1,W00581.mp4,Neutral / Unspecified,103.0,30.0
chia tay,1,W00582.mp4,Neutral / Unspecified,134.0,30.0
chia đều,1,W00578.mp4,Neutral / Unspecified,122.0,30.0
chim bồ câu,1,W00602.mp4,Neutral / Unspecified,132.0,30.0
chim chuyền cành,1,W00693.mp4,Neutral / Unspecified,121.0,30.0
chim chào mào,1,W00603.mp4,Neutral / Unspecified,134.0,30.0
chim chích chòe,1,W00604.mp4,Neutral / Unspecified,107.0,30.0
chim chóc,1,W00605.mp4,Neutral / Unspecified,100.0,30.0
chim gõ kiến,1,W00608.mp4,Neutral / Unspecified,133.0,30.0
chim phượng hoàng,1,W00609.mp4,Neutral / Unspecified,126.0,30.0
chim sâu,1,W00610.mp4,Neutral / Unspecified,106.0,30.0
chim sơn ca,1,W00612.mp4,Neutral / Unspecified,89.0,30.0
chim sẻ,1,W00611.mp4,Neutral / Unspecified,93.0,30.0
chim yến,1,W00614.mp4,Neutral / Unspecified,137.0,30.0
chim đại bàng,1,W00606.mp4,Neutral / Unspecified,120.0,30.0
chiên/rán (1)(2),1,D0373.mp4,Neutral / Unspecified,242.0,30.0
chiêng,1,W00593.mp4,Neutral / Unspecified,144.0,30.0
chiếm đoạt,1,W00585.mp4,Neutral / Unspecified,97.0,30.0
chiến khu,1,W00588.mp4,Neutral / Unspecified,97.0,30.0
chiến thắng,1,W00591.mp4,Neutral / Unspecified,97.0,30.0
chiếu phim,1,W00599.mp4,Neutral / Unspecified,97.0,30.0
chiều cao,1,W00594.mp4,Neutral / Unspecified,142.0,30.0
chiều dài,1,W00595.mp4,Neutral / Unspecified,104.0,30.0
chiều rộng,1,W00596.mp4,Neutral / Unspecified,113.0,30.0
chiều tối,1,W00597.mp4,Neutral / Unspecified,102.0,30.0
chong chóng,1,W00630.mp4,Neutral / Unspecified,107.0,30.0
chu vi,1,W00641.mp4,Neutral / Unspecified,124.0,30.0
chui,1,W00669.mp4,Neutral / Unspecified,89.0,30.0
chum,1,W00672.mp4,Neutral / Unspecified,79.0,30.0
chung kết,1,W00678.mp4,Neutral / Unspecified,89.0,30.0
chung tay,1,D0411.mp4,Neutral / Unspecified,89.0,30.0
chuyên biệt,1,W00689.mp4,Neutral / Unspecified,64.0,24.0
chuyên cần,1,W00690.mp4,Neutral / Unspecified,133.0,30.0
chuyền bóng,1,W00692.mp4,Neutral / Unspecified,87.0,30.0
chuyển giao,1,W00700.mp4,Neutral / Unspecified,119.0,30.0
chuyển hướng,1,W00701.mp4,Neutral / Unspecified,107.0,30.0
chuyển vế,1,W00702.mp4,Neutral / Unspecified,91.0,30.0
chuyển đồ,1,W00694.mp4,Neutral / Unspecified,76.0,30.0
chuyển đổi số đo,1,W00696.mp4,Neutral / Unspecified,131.0,30.0
chuyển động,1,W00697.mp4,Neutral / Unspecified,73.0,30.0
chuyển động quay,1,W00699.mp4,Neutral / Unspecified,201.0,30.0
chuyển động đều,1,W00698.mp4,Neutral / Unspecified,107.0,30.0
chuyện lớn,1,D0238.mp4,Neutral / Unspecified,133.0,30.0
chuyện nhỏ,1,D0237.mp4,Neutral / Unspecified,94.0,30.0
chuyện trò,1,W00703.mp4,Neutral / Unspecified,83.0,30.0
chuông,1,W00683.mp4,Neutral / Unspecified,87.0,30.0
chuông nhà,1,W00684.mp4,Neutral / Unspecified,89.0,30.0
chuồng,1,W00685.mp4,Neutral / Unspecified,127.0,30.0
chuỗi hạt,1,W00679.mp4,Neutral / Unspecified,154.0,30.0
chuột quang,1,W00686.mp4,Neutral / Unspecified,92.0,30.0
chàng trai,1,W00488.mp4,Neutral / Unspecified,91.0,30.0
chào,1,W00489.mp4,Neutral / Unspecified,116.0,30.0
chào cờ,1,W00490.mp4,Neutral / Unspecified,92.0,30.0
chào mừng,1,W00492.mp4,Neutral / Unspecified,81.0,30.0
chày,1,W00499.mp4,Neutral / Unspecified,98.0,30.0
cháo sườn,1,D0090.mp4,Neutral / Unspecified,137.0,30.0
chát,1,W00494.mp4,Neutral / Unspecified,76.0,30.0
cháy rừng,1,W00500.mp4,Neutral / Unspecified,88.0,30.0
châm chọc,1,W00515.mp4,Neutral / Unspecified,130.0,30.0
chân dung,1,W00522.mp4,Neutral / Unspecified,67.0,30.0
chân tay,1,W00525.mp4,Neutral / Unspecified,116.0,30.0
chân đất,1,W00523.mp4,Neutral / Unspecified,109.0,30.0
châu á thái bình dương,1,W00542.mp4,Neutral / Unspecified,92.0,30.0
châu đại dương,1,W00544.mp4,Neutral / Unspecified,122.0,30.0
chè đỗ đỏ,1,W00548.mp4,Neutral / Unspecified,95.0,30.0
chèn ép,1,W00552.mp4,Neutral / Unspecified,121.0,30.0
chèo thuyền,1,W00554.mp4,Neutral / Unspecified,154.0,30.0
chém,1,W00550.mp4,Neutral / Unspecified,106.0,30.0
chén,1,W00553.mp4,Neutral / Unspecified,127.0,30.0
chép bài,1,W00555.mp4,Neutral / Unspecified,90.0,30.0
chìa khóa,1,W00583.mp4,Neutral / Unspecified,108.0,30.0
chín,1,W00616.mp4,Neutral / Unspecified,117.0,30.0
chính quyền,1,W00618.mp4,Neutral / Unspecified,106.0,30.0
chính tả,1,W00619.mp4,Neutral / Unspecified,83.0,30.0
chó cắn,1,D0229.mp4,Neutral / Unspecified,94.0,30.0
chó sói,1,W00623.mp4,Neutral / Unspecified,91.0,30.0
chó xù,1,W00624.mp4,Neutral / Unspecified,119.0,30.0
chõ xôi,1,D0472.mp4,Neutral / Unspecified,119.0,30.0
chùa hương,1,W00657.mp4,Neutral / Unspecified,146.0,30.0
chùa một cột,1,W00658.mp4,Neutral / Unspecified,99.0,30.0
chùa yên tử,1,D0471.mp4,Neutral / Unspecified,149.0,30.0
chùm hoa,1,W00673.mp4,Neutral / Unspecified,79.0,30.0
chùm khế,1,W00674.mp4,Neutral / Unspecified,89.0,30.0
chùm nho,1,W00676.mp4,Neutral / Unspecified,95.0,30.0
chùm vải,1,W00677.mp4,Neutral / Unspecified,91.0,30.0
chú ( người),1,W00506.mp4,Neutral / Unspecified,80.0,24.0
chú hề,1,W00650.mp4,Neutral / Unspecified,94.0,30.0
chú rể,1,W00651.mp4,Neutral / Unspecified,99.0,30.0
chú tễu,1,W00652.mp4,Neutral / Unspecified,145.0,30.0
chú ý,1,W00654.mp4,Neutral / Unspecified,76.0,30.0
chúi đầu,1,W00671.mp4,Neutral / Unspecified,86.0,30.0
chúng tôi (2 người) (đại từ),1,D0130.mp4,Neutral / Unspecified,106.0,30.0
chúng tôi (3 người) (đại từ),1,D0131.mp4,Neutral / Unspecified,121.0,30.0
chúng tôi (4 người) (đại từ),1,D0132.mp4,Neutral / Unspecified,89.0,30.0
chúng tôi (5 người) (đại từ),1,D0133.mp4,Neutral / Unspecified,99.0,30.0
chúng tôi (đại từ),1,D0134.mp4,Neutral / Unspecified,128.0,30.0
chăm học,1,W00507.mp4,Neutral / Unspecified,102.0,30.0
chương trình,1,W00713.mp4,Neutral / Unspecified,76.0,30.0
chạy,1,W00501.mp4,Neutral / Unspecified,81.0,30.0
chạy (động vật),1,D0175.mp4,Neutral / Unspecified,84.0,30.0
chạy bàn,1,W00502.mp4,Neutral / Unspecified,143.0,30.0
chạy chậm,1,W00503.mp4,Neutral / Unspecified,93.0,30.0
chạy nhanh,1,W00504.mp4,Neutral / Unspecified,60.0,30.0
chấm dứt,1,W00519.mp4,Neutral / Unspecified,106.0,30.0
chấm điểm,1,W00520.mp4,Neutral / Unspecified,80.0,30.0
chất dẻo,1,W00529.mp4,Neutral / Unspecified,79.0,30.0
chất hữu cơ,1,W00534.mp4,Neutral / Unspecified,139.0,30.0
chất lượng,1,W00537.mp4,Neutral / Unspecified,81.0,30.0
chất lỏng,1,W00536.mp4,Neutral / Unspecified,114.0,30.0
chất rắn,1,W00538.mp4,Neutral / Unspecified,94.0,30.0
chất thải,1,W00539.mp4,Neutral / Unspecified,106.0,30.0
chất đốt,1,W00530.mp4,Neutral / Unspecified,105.0,30.0
chất độc,1,W00531.mp4,Neutral / Unspecified,78.0,30.0
chất độc màu da cam,1,W00533.mp4,Neutral / Unspecified,80.0,30.0
chậm chạp,1,D0178.mp4,Neutral / Unspecified,104.0,30.0
chật chội,1,W00540.mp4,Neutral / Unspecified,92.0,30.0
chậu,1,W00545.mp4,Neutral / Unspecified,91.0,30.0
chặn,1,W00512.mp4,Neutral / Unspecified,135.0,30.0
chặt chẽ,1,W00514.mp4,Neutral / Unspecified,94.0,30.0
chỉ,1,W00564.mp4,Neutral / Unspecified,95.0,30.0
chỉ dẫn,1,W00565.mp4,Neutral / Unspecified,102.0,30.0
chỉ huy,1,W00567.mp4,Neutral / Unspecified,118.0,30.0
chỉ khâu,1,W00568.mp4,Neutral / Unspecified,137.0,30.0
chỉnh sửa,1,W00615.mp4,Neutral / Unspecified,86.0,30.0
chị dâu,1,W00572.mp4,Neutral / Unspecified,129.0,30.0
chọi gà,1,W00625.mp4,Neutral / Unspecified,100.0,30.0
chọi trâu,1,W00626.mp4,Neutral / Unspecified,107.0,30.0
chọn lọc,1,W00628.mp4,Neutral / Unspecified,123.0,30.0
chọn lựa,1,W00629.mp4,Neutral / Unspecified,96.0,30.0
chồi non,1,W00632.mp4,Neutral / Unspecified,98.0,30.0
chớp mắt,1,W00640.mp4,Neutral / Unspecified,99.0,30.0
chợ bến thành,1,W00634.mp4,Neutral / Unspecified,97.0,30.0
chợ nổi,1,W00635.mp4,Neutral / Unspecified,115.0,30.0
chợ nổi cái bè,1,W00636.mp4,Neutral / Unspecified,134.0,30.0
chợ nổi cái răng,1,W00637.mp4,Neutral / Unspecified,148.0,30.0
chục,1,W00666.mp4,Neutral / Unspecified,86.0,30.0
chục nghìn,1,W00667.mp4,Neutral / Unspecified,85.0,30.0
chục triệu,1,W00668.mp4,Neutral / Unspecified,84.0,30.0
chụp đèn,1,W00688.mp4,Neutral / Unspecified,99.0,30.0
chụp ảnh,1,W00687.mp4,Neutral / Unspecified,78.0,30.0
chủ nghĩa xã hội,1,W00645.mp4,Neutral / Unspecified,104.0,30.0
chủ ngữ,1,W00646.mp4,Neutral / Unspecified,124.0,30.0
chủ nhiệm,1,W00647.mp4,Neutral / Unspecified,75.0,30.0
chủ đề,1,W00642.mp4,Neutral / Unspecified,113.0,30.0
chủ động,1,W00644.mp4,Neutral / Unspecified,116.0,30.0
chức năng,1,W00710.mp4,Neutral / Unspecified,112.0,30.0
chức vụ,1,W00717.mp4,Neutral / Unspecified,256.0,30.0
chứng cớ,1,W00718.mp4,Neutral / Unspecified,110.0,30.0
chứng kiến,1,W00712.mp4,Neutral / Unspecified,109.0,30.0
chứng minh,1,W00719.mp4,Neutral / Unspecified,122.0,30.0
chứng nhận,1,W00720.mp4,Neutral / Unspecified,97.0,30.0
chữ,1,W00714.mp4,Neutral / Unspecified,92.0,30.0
chữ cái,1,W00705.mp4,Neutral / Unspecified,90.0,30.0
chữ hoa,1,W00706.mp4,Neutral / Unspecified,94.0,30.0
chữ viết,1,W00707.mp4,Neutral / Unspecified,104.0,30.0
chữa bệnh,1,W00716.mp4,Neutral / Unspecified,99.0,30.0
chữa cháy,1,W00709.mp4,Neutral / Unspecified,123.0,30.0
co dãn,1,W00721.mp4,Neutral / Unspecified,117.0,30.0
co giật,1,W00722.mp4,Neutral / Unspecified,98.0,30.0
cocacola,1,D0407.mp4,Neutral / Unspecified,119.0,30.0
coi thường,1,W00731.mp4,Neutral / Unspecified,80.0,24.0
con ba ba,1,W00733.mp4,Neutral / Unspecified,92.0,30.0
con bướm,1,W00736.mp4,Neutral / Unspecified,108.0,30.0
con chim,1,W00738.mp4,Neutral / Unspecified,182.0,30.0
con chuồn chuồn,1,W00741.mp4,Neutral / Unspecified,71.0,30.0
con chuột nhắt,1,W00743.mp4,Neutral / Unspecified,89.0,30.0
con chồn,1,W00740.mp4,Neutral / Unspecified,86.0,30.0
con cua,1,W00749.mp4,Neutral / Unspecified,87.0,30.0
con cá sấu,1,D0059.mp4,Neutral / Unspecified,106.0,30.0
con cò,1,W00745.mp4,Neutral / Unspecified,197.0,30.0
con cóc,1,W00746.mp4,Neutral / Unspecified,94.0,30.0
con công,1,W00748.mp4,Neutral / Unspecified,98.0,30.0
con cú mèo,1,W00750.mp4,Neutral / Unspecified,107.0,30.0
con cừu,1,W00751.mp4,Neutral / Unspecified,127.0,30.0
con dâu,1,W00752.mp4,Neutral / Unspecified,90.0,30.0
con dê,1,W00753.mp4,Neutral / Unspecified,83.0,30.0
con dế,1,W00754.mp4,Neutral / Unspecified,79.0,30.0
con ghẹ,1,W00762.mp4,Neutral / Unspecified,100.0,30.0
con gián,1,W00763.mp4,Neutral / Unspecified,77.0,30.0
con gà,1,W00759.mp4,Neutral / Unspecified,95.0,30.0
con gái,1,W00760.mp4,Neutral / Unspecified,87.0,30.0
con gấu,1,W00761.mp4,Neutral / Unspecified,84.0,30.0
con hoẵng,1,W00764.mp4,Neutral / Unspecified,95.0,30.0
con hàu,1,D0387.mp4,Neutral / Unspecified,128.0,30.0
con hươu,1,W00766.mp4,Neutral / Unspecified,92.0,30.0
con khỉ,1,W00767.mp4,Neutral / Unspecified,205.0,30.0
con lươn,1,W00771.mp4,Neutral / Unspecified,79.0,30.0
con mực,1,W00774.mp4,Neutral / Unspecified,86.0,30.0
con nai,1,W00775.mp4,Neutral / Unspecified,152.0,30.0
con ngỗng,1,W00776.mp4,Neutral / Unspecified,93.0,30.0
con nhím,1,W00779.mp4,Neutral / Unspecified,99.0,30.0
con quạ,1,W00783.mp4,Neutral / Unspecified,106.0,30.0
con ruồi,1,W00786.mp4,Neutral / Unspecified,83.0,30.0
con rùa,1,W00787N.mp4,N (Miền Nam / South),99.0,30.0
con rắn,1,W00784.mp4,Neutral / Unspecified,106.0,30.0
con rối,1,W00785.mp4,Neutral / Unspecified,86.0,30.0
con sâu,1,W00788.mp4,Neutral / Unspecified,94.0,30.0
con sò,1,W00789.mp4,Neutral / Unspecified,105.0,30.0
con sóc,1,W00790.mp4,Neutral / Unspecified,106.0,30.0
con sói,1,W00791.mp4,Neutral / Unspecified,75.0,30.0
con sông,1,W00792.mp4,Neutral / Unspecified,188.0,30.0
con số,1,W00793.mp4,Neutral / Unspecified,86.0,30.0
con tem,1,W00795.mp4,Neutral / Unspecified,90.0,30.0
con thỏ,1,W00796.mp4,Neutral / Unspecified,195.0,30.0
con trai,1,W04068.mp4,Neutral / Unspecified,79.0,30.0
con trai (động vật),1,W00798.mp4,Neutral / Unspecified,74.0,24.0
con trăn,1,W00799.mp4,Neutral / Unspecified,94.0,30.0
con trỏ,1,W00800.mp4,Neutral / Unspecified,103.0,30.0
con vượn,1,D0449.mp4,Neutral / Unspecified,103.0,30.0
con vẹt,1,W00801.mp4,Neutral / Unspecified,104.0,30.0
con vịt,1,W00802.mp4,Neutral / Unspecified,92.0,30.0
con đom đóm,1,W00756.mp4,Neutral / Unspecified,131.0,30.0
con đường,1,W00757.mp4,Neutral / Unspecified,96.0,30.0
con đẻ,1,W00755.mp4,Neutral / Unspecified,103.0,30.0
con ốc,1,W00782.mp4,Neutral / Unspecified,89.0,30.0
cong,1,W00804.mp4,Neutral / Unspecified,86.0,30.0
cu ba (nước cu ba),1,W00887.mp4,Neutral / Unspecified,104.0,30.0
cua đồng,1,D0386.mp4,Neutral / Unspecified,119.0,30.0
cung cấp,1,D0099.mp4,Neutral / Unspecified,115.0,30.0
cung tên,1,D0220.mp4,Neutral / Unspecified,109.0,30.0
cuối năm,1,D0421.mp4,Neutral / Unspecified,126.0,30.0
cuối tháng,1,D0420.mp4,Neutral / Unspecified,108.0,30.0
cuối tuần,1,D0419.mp4,Neutral / Unspecified,115.0,30.0
cuốn,1,W00924.mp4,Neutral / Unspecified,97.0,30.0
cuống hoa,1,W00899.mp4,Neutral / Unspecified,101.0,30.0
cuống lá,1,W00926.mp4,Neutral / Unspecified,96.0,30.0
cuộc sống,1,W00923.mp4,Neutral / Unspecified,111.0,30.0
cuộc đời,1,W00922.mp4,Neutral / Unspecified,90.0,30.0
cuộn giấy vệ sinh,1,W00925.mp4,Neutral / Unspecified,115.0,30.0
cà mau,1,W00397.mp4,Neutral / Unspecified,153.0,30.0
cày,1,W00426.mp4,Neutral / Unspecified,108.0,24.0
cày ruộng,1,W00427.mp4,Neutral / Unspecified,257.0,30.0
cá kiếm,1,D0074.mp4,Neutral / Unspecified,166.0,30.0
cá mập,1,W00601.mp4,Neutral / Unspecified,80.0,24.0
cá voi,1,D0073.mp4,Neutral / Unspecified,132.0,30.0
các bạn,1,W00400.mp4,Neutral / Unspecified,154.0,30.0
các bạn (2 người),1,D0135.mp4,Neutral / Unspecified,108.0,30.0
cách ly,1,D0286.mp4,Neutral / Unspecified,161.0,30.0
cái bè,1,W00402.mp4,Neutral / Unspecified,159.0,30.0
cái gùi,1,D0239.mp4,Neutral / Unspecified,84.0,30.0
cái neo,1,D0468.mp4,Neutral / Unspecified,132.0,30.0
cái nhíp,1,W00405.mp4,Neutral / Unspecified,201.0,24.0
cái túi,1,W00406.mp4,Neutral / Unspecified,137.0,30.0
cái vợt cá,1,D0447.mp4,Neutral / Unspecified,99.0,30.0
cánh buồm,1,D0344.mp4,Neutral / Unspecified,134.0,30.0
cánh tay,1,W00410.mp4,Neutral / Unspecified,153.0,30.0
cáp treo,1,W00453.mp4,Neutral / Unspecified,136.0,30.0
cát,1,W00424.mp4,Neutral / Unspecified,128.0,30.0
câu chuyện,1,W00439.mp4,Neutral / Unspecified,90.0,30.0
câu cá,1,W00438.mp4,Neutral / Unspecified,143.0,30.0
câu ghép,1,W00443.mp4,Neutral / Unspecified,141.0,30.0
câu văn,1,W00445.mp4,Neutral / Unspecified,89.0,24.0
câu đơn,1,W00442.mp4,Neutral / Unspecified,127.0,30.0
câu đố,1,W00440.mp4,Neutral / Unspecified,103.0,24.0
câu đối,1,W00441.mp4,Neutral / Unspecified,75.0,24.0
cây cọ,1,D0473.mp4,Neutral / Unspecified,154.0,30.0
cây cối,1,W00460.mp4,Neutral / Unspecified,143.0,30.0
cây gỗ,1,W00464.mp4,Neutral / Unspecified,134.0,30.0
cây khế,1,W00465.mp4,Neutral / Unspecified,119.0,30.0
cây nến,1,D0435.mp4,Neutral / Unspecified,116.0,30.0
cây sả,1,W00471.mp4,Neutral / Unspecified,121.0,30.0
cây số,1,W00473.mp4,Neutral / Unspecified,212.0,30.0
cây thông,1,W02096.mp4,Neutral / Unspecified,116.0,30.0
cây tre,1,W00476.mp4,Neutral / Unspecified,179.0,30.0
cây trồng,1,W00477.mp4,Neutral / Unspecified,143.0,30.0
cây xanh,1,W00478.mp4,Neutral / Unspecified,80.0,30.0
cây đa,1,W00462.mp4,Neutral / Unspecified,106.0,30.0
cãi nhau,1,W00401.mp4,Neutral / Unspecified,167.0,24.0
còi,1,W00729.mp4,Neutral / Unspecified,78.0,30.0
còi xương,1,W00730.mp4,Neutral / Unspecified,92.0,30.0
còn bạn?,1,D0121.mp4,Neutral / Unspecified,154.0,30.0
còng,1,W00806.mp4,Neutral / Unspecified,94.0,30.0
còng (cái còng),1,W00805.mp4,Neutral / Unspecified,93.0,30.0
có ích,1,W00726.mp4,Neutral / Unspecified,88.0,30.0
có … không?,1,D0098.mp4,Neutral / Unspecified,130.0,30.0
cô dâu,1,W00809.mp4,Neutral / Unspecified,129.0,30.0
cô vy (covid),1,D0284.mp4,Neutral / Unspecified,111.0,30.0
cô đơn,1,W00811.mp4,Neutral / Unspecified,106.0,30.0
cô-lôm-bi-a (nước cô-lôm-bi-a),1,W00829.mp4,Neutral / Unspecified,98.0,30.0
côn trùng,1,W00837.mp4,Neutral / Unspecified,80.0,30.0
công bằng,1,W00838.mp4,Neutral / Unspecified,89.0,30.0
công chúa,1,W00839.mp4,Neutral / Unspecified,99.0,30.0
công cộng,1,W00840.mp4,Neutral / Unspecified,85.0,30.0
công cụ,1,W00841.mp4,Neutral / Unspecified,76.0,30.0
công nhận,1,W00843.mp4,Neutral / Unspecified,105.0,30.0
công sức,1,W00844.mp4,Neutral / Unspecified,90.0,30.0
công thức,1,W00846.mp4,Neutral / Unspecified,89.0,30.0
công trường,1,W00848B.mp4,B (Miền Bắc / North),107.0,30.0
công tắc,1,W00845.mp4,Neutral / Unspecified,97.0,30.0
công việc,1,W00851.mp4,Neutral / Unspecified,121.0,30.0
công văn,1,W04061.mp4,Neutral / Unspecified,262.0,30.0
công ước,1,W00849.mp4,Neutral / Unspecified,90.0,30.0
cõng,1,W00807.mp4,Neutral / Unspecified,173.0,30.0
cù,1,W00900.mp4,Neutral / Unspecified,71.0,30.0
cùi chỏ,1,W00915.mp4,Neutral / Unspecified,109.0,30.0
cùng / với (giới từ),1,D0166.mp4,Neutral / Unspecified,88.0,30.0
cúc áo,1,W00894.mp4,Neutral / Unspecified,92.0,30.0
cúi,1,W00895.mp4,Neutral / Unspecified,101.0,30.0
căm thù,1,D0127.mp4,Neutral / Unspecified,114.0,30.0
cũng vậy/cũng thế,1,D0118.mp4,Neutral / Unspecified,315.0,30.0
cơ bắp,1,W00867.mp4,Neutral / Unspecified,129.0,30.0
cơ quan,1,W00870.mp4,Neutral / Unspecified,99.0,30.0
cơ sở,1,W00871.mp4,Neutral / Unspecified,89.0,30.0
cơ thể,1,W00872.mp4,Neutral / Unspecified,104.0,30.0
cơm,1,W00884.mp4,Neutral / Unspecified,93.0,30.0
cơm hộp,1,W00877.mp4,Neutral / Unspecified,107.0,30.0
cơm rang,1,D0091.mp4,Neutral / Unspecified,136.0,30.0
cưa,1,W00932.mp4,Neutral / Unspecified,104.0,30.0
cưa (cái cưa),1,W00931.mp4,Neutral / Unspecified,90.0,30.0
cướp biển,1,W00944.mp4,Neutral / Unspecified,105.0,30.0
cướp cờ,1,W00945.mp4,Neutral / Unspecified,99.0,30.0
cướp giật,1,W00946.mp4,Neutral / Unspecified,88.0,30.0
cười nhếch mép,1,D0022.mp4,Neutral / Unspecified,93.0,30.0
cười vỡ bụng,1,D0023.mp4,Neutral / Unspecified,117.0,30.0
cưỡi ngựa,1,W00941.mp4,Neutral / Unspecified,147.0,30.0
cạnh,1,W00411.mp4,Neutral / Unspecified,136.0,30.0
cạnh bên (toán),1,W00412.mp4,Neutral / Unspecified,148.0,30.0
cạnh tranh,1,D0466.mp4,Neutral / Unspecified,120.0,30.0
cạnh đáy,1,W00413.mp4,Neutral / Unspecified,149.0,30.0
cạnh đối diện,1,W00414.mp4,Neutral / Unspecified,152.0,30.0
cả ngày,1,D0372.mp4,Neutral / Unspecified,111.0,30.0
cảng hải phòng,1,D0319.mp4,Neutral / Unspecified,85.0,30.0
cảng sài gòn,1,D0320.mp4,Neutral / Unspecified,125.0,30.0
cảnh giác,1,D0254.mp4,Neutral / Unspecified,167.0,30.0
cảnh vật,1,W00409.mp4,Neutral / Unspecified,155.0,30.0
cấp cứu,1,W00432.mp4,Neutral / Unspecified,117.0,30.0
cấp dưỡng,1,W00433.mp4,Neutral / Unspecified,133.0,30.0
cất giấu,1,W00434.mp4,Neutral / Unspecified,133.0,30.0
cất giữ,1,W00435.mp4,Neutral / Unspecified,110.0,24.0
cất tiếng khóc,1,W00436.mp4,Neutral / Unspecified,105.0,24.0
cất tiếng nói,1,W00437.mp4,Neutral / Unspecified,158.0,30.0
cấy,1,W00479.mp4,Neutral / Unspecified,105.0,30.0
cấy lúa,1,W00480.mp4,Neutral / Unspecified,123.0,30.0
cần khởi động,1,W00431.mp4,Neutral / Unspecified,125.0,30.0
cầu (cây cầu),1,W00446.mp4,Neutral / Unspecified,262.0,30.0
cầu cứu,1,W00447.mp4,Neutral / Unspecified,132.0,30.0
cầu giao,1,W00448.mp4,Neutral / Unspecified,130.0,30.0
cầu kì,1,W00449.mp4,Neutral / Unspecified,142.0,30.0
cầu long biên,1,W01831.mp4,Neutral / Unspecified,91.0,24.0
cầu nguyện,1,W00450.mp4,Neutral / Unspecified,311.0,30.0
cầu thang,1,W03165.mp4,Neutral / Unspecified,109.0,30.0
cầu thê húc (hồ gươm),1,D0345.mp4,Neutral / Unspecified,130.0,30.0
cầu thủ,1,W00451.mp4,Neutral / Unspecified,159.0,30.0
cầu tre,1,W00452.mp4,Neutral / Unspecified,315.0,30.0
cầu trượt,1,W00454.mp4,Neutral / Unspecified,252.0,30.0
cầu vượt,1,W00455.mp4,Neutral / Unspecified,102.0,30.0
cắm trại,1,D0095.mp4,Neutral / Unspecified,120.0,30.0
cắt lông mũi,1,D0276.mp4,Neutral / Unspecified,137.0,30.0
cắt nhau,1,W00430.mp4,Neutral / Unspecified,130.0,24.0
cặp sách,1,W00428.mp4,Neutral / Unspecified,156.0,30.0
cặp tóc,1,W00429.mp4,Neutral / Unspecified,141.0,30.0
cỏ may,1,W00724.mp4,Neutral / Unspecified,215.0,30.0
cố ý (như cố tình),1,W00831.mp4,Neutral / Unspecified,75.0,30.0
cố đô huế,1,D0285.mp4,Neutral / Unspecified,138.0,30.0
cố định,1,W00827.mp4,Neutral / Unspecified,82.0,30.0
cốc,1,W00832.mp4,Neutral / Unspecified,109.0,30.0
cối giã,1,W00833.mp4,Neutral / Unspecified,101.0,30.0
cối xay gió,1,W00834.mp4,Neutral / Unspecified,79.0,30.0
cối xay lúa,1,W00835.mp4,Neutral / Unspecified,97.0,30.0
cốm,1,W00836.mp4,Neutral / Unspecified,126.0,30.0
cống,1,W00856.mp4,Neutral / Unspecified,132.0,30.0
cốp xe,1,W00859.mp4,Neutral / Unspecified,95.0,30.0
cổ,1,W00814.mp4,Neutral / Unspecified,94.0,30.0
cổ chân,1,W00816.mp4,Neutral / Unspecified,120.0,30.0
cổ họng,1,W00818.mp4,Neutral / Unspecified,107.0,30.0
cổ kính,1,W00819.mp4,Neutral / Unspecified,197.0,30.0
cổ tay,1,W00822.mp4,Neutral / Unspecified,112.0,30.0
cổ truyền,1,W00823.mp4,Neutral / Unspecified,132.0,30.0
cổ tích,1,W00830.mp4,Neutral / Unspecified,233.0,30.0
cổ vũ,1,W00824.mp4,Neutral / Unspecified,90.0,30.0
cổ áo,1,W00815.mp4,Neutral / Unspecified,94.0,30.0
cổ đại,1,W00817.mp4,Neutral / Unspecified,244.0,30.0
cổng,1,W00854.mp4,Neutral / Unspecified,78.0,30.0
cỗ,1,W00826.mp4,Neutral / Unspecified,105.0,30.0
cộng hòa séc (nước cộng hòa séc),1,W00858.mp4,Neutral / Unspecified,93.0,30.0
cột,1,W00861.mp4,Neutral / Unspecified,95.0,30.0
cột nhà,1,W00865.mp4,Neutral / Unspecified,102.0,30.0
cột sống,1,W00866.mp4,Neutral / Unspecified,103.0,30.0
cột đèn,1,W00862.mp4,Neutral / Unspecified,114.0,30.0
cờ,1,W00878.mp4,Neutral / Unspecified,119.0,30.0
cờ ca rô,1,W00880.mp4,Neutral / Unspecified,62.0,24.0
cờ tướng,1,W00881.mp4,Neutral / Unspecified,107.0,30.0
cờ vua,1,W00882.mp4,Neutral / Unspecified,101.0,30.0
cởi mở,1,W00883.mp4,Neutral / Unspecified,123.0,30.0
cởi áo,1,W00876.mp4,Neutral / Unspecified,99.0,30.0
cụ,1,W00910.mp4,Neutral / Unspecified,90.0,30.0
cụ già,1,W00912.mp4,Neutral / Unspecified,104.0,30.0
cụ thể,1,W00893.mp4,Neutral / Unspecified,134.0,30.0
cụ đồ,1,W00911.mp4,Neutral / Unspecified,132.0,30.0
cục tẩy,1,W00914.mp4,Neutral / Unspecified,90.0,30.0
cụm từ,1,W00918.mp4,Neutral / Unspecified,94.0,30.0
củ cà rốt,1,W00901.mp4,Neutral / Unspecified,79.0,30.0
củ cải trắng,1,W00902.mp4,Neutral / Unspecified,86.0,30.0
củ gừng,1,W00903.mp4,Neutral / Unspecified,89.0,30.0
củ hành tây,1,W00904.mp4,Neutral / Unspecified,115.0,30.0
củ khoai lang,1,W00890.mp4,Neutral / Unspecified,110.0,30.0
củ khoai tây,1,W00905.mp4,Neutral / Unspecified,109.0,30.0
củ nghệ,1,W00906.mp4,Neutral / Unspecified,94.0,30.0
củ su hào,1,W00907.mp4,Neutral / Unspecified,106.0,30.0
củ sả,1,W00909.mp4,Neutral / Unspecified,115.0,30.0
củ tỏi,1,W00908.mp4,Neutral / Unspecified,99.0,30.0
củ từ,1,W00892.mp4,Neutral / Unspecified,80.0,30.0
củ đậu,1,W00889.mp4,Neutral / Unspecified,98.0,30.0
củi,1,W00916.mp4,Neutral / Unspecified,116.0,30.0
cứu,1,W00947.mp4,Neutral / Unspecified,79.0,30.0
cứu hộ,1,W00948.mp4,Neutral / Unspecified,92.0,30.0
cứu sống,1,D0317.mp4,Neutral / Unspecified,93.0,30.0
cử chỉ điệu bộ,1,W00929.mp4,Neutral / Unspecified,80.0,30.0
cử động,1,W00930.mp4,Neutral / Unspecified,78.0,30.0
cửa khẩu,1,W00936.mp4,Neutral / Unspecified,79.0,30.0
cửa kính,1,W00937.mp4,Neutral / Unspecified,99.0,30.0
cửa sổ,1,W00939.mp4,Neutral / Unspecified,86.0,30.0
cực khổ,1,D0101.mp4,Neutral / Unspecified,141.0,30.0
d,1,D0494.mp4,Neutral / Unspecified,88.0,24.0
dai,1,W00951.mp4,Neutral / Unspecified,86.0,30.0
danh bạ,1,W00963.mp4,Neutral / Unspecified,105.0,30.0
danh dự,1,W00964.mp4,Neutral / Unspecified,100.0,30.0
danh hiệu,1,W00965.mp4,Neutral / Unspecified,114.0,30.0
danh lam thắng cảnh,1,W00966.mp4,Neutral / Unspecified,136.0,30.0
danh mục,1,W00967.mp4,Neutral / Unspecified,88.0,30.0
danh nhân,1,W00968.mp4,Neutral / Unspecified,110.0,30.0
danh sách,1,W00969.mp4,Neutral / Unspecified,85.0,30.0
danh từ,1,W00970.mp4,Neutral / Unspecified,85.0,30.0
danh từ riêng,1,W00971.mp4,Neutral / Unspecified,105.0,30.0
dao,1,W00973.mp4,Neutral / Unspecified,86.0,30.0
di chuyển,1,W01029.mp4,Neutral / Unspecified,59.0,30.0
dinh độc lập,1,W01046.mp4,Neutral / Unspecified,123.0,30.0
diêm,1,W01034.mp4,Neutral / Unspecified,96.0,30.0
diều,1,W01044.mp4,Neutral / Unspecified,137.0,30.0
diễn thuyết,1,W01038.mp4,Neutral / Unspecified,102.0,30.0
diện tích,1,W01039.mp4,Neutral / Unspecified,108.0,24.0
diện tích toàn phần,1,W01040.mp4,Neutral / Unspecified,94.0,24.0
diện tích xung quanh,1,W01041.mp4,Neutral / Unspecified,105.0,30.0
diệt chủng,1,W01042.mp4,Neutral / Unspecified,163.0,30.0
do thái,1,D0007.mp4,Neutral / Unspecified,150.0,30.0
doanh nghiệp,1,W01051.mp4,Neutral / Unspecified,89.0,30.0
doanh trại,1,W01053.mp4,Neutral / Unspecified,95.0,30.0
du học,1,W01062.mp4,Neutral / Unspecified,96.0,30.0
du thuyền,1,W01064.mp4,Neutral / Unspecified,85.0,30.0
dung tích,1,W01310.mp4,Neutral / Unspecified,87.0,24.0
duy nhất,1,D0465.mp4,Neutral / Unspecified,141.0,30.0
duyên dáng,1,W01070.mp4,Neutral / Unspecified,91.0,30.0
duyệt binh,1,W01071.mp4,Neutral / Unspecified,93.0,30.0
dài,1,W00952.mp4,Neutral / Unspecified,90.0,30.0
dài hơn,1,W00954.mp4,Neutral / Unspecified,97.0,30.0
dài hạn,1,W00953.mp4,Neutral / Unspecified,105.0,30.0
dài nhất,1,W00955.mp4,Neutral / Unspecified,116.0,30.0
dàn bài,1,W00959.mp4,Neutral / Unspecified,107.0,30.0
dàn nhạc,1,W00960.mp4,Neutral / Unspecified,85.0,30.0
dán,1,W00972.mp4,Neutral / Unspecified,91.0,30.0
dân ca,1,W00982.mp4,Neutral / Unspecified,84.0,30.0
dân chài,1,W00983.mp4,Neutral / Unspecified,98.0,30.0
dân chủ,1,D0114.mp4,Neutral / Unspecified,80.0,30.0
dân số,1,W00987.mp4,Neutral / Unspecified,82.0,30.0
dân tộc chăm,1,D0308.mp4,Neutral / Unspecified,107.0,30.0
dân tộc khơ me,1,D0310.mp4,Neutral / Unspecified,131.0,30.0
dân tộc mông,1,D0312.mp4,Neutral / Unspecified,117.0,30.0
dân tộc mường,1,D0309.mp4,Neutral / Unspecified,126.0,30.0
dân tộc thái,1,D0311.mp4,Neutral / Unspecified,107.0,30.0
dây buộc tóc,1,W01014.mp4,Neutral / Unspecified,130.0,30.0
dây chun,1,W01015.mp4,Neutral / Unspecified,101.0,30.0
dây thần kinh,1,W01017.mp4,Neutral / Unspecified,67.0,24.0
dây thừng,1,W01018.mp4,Neutral / Unspecified,111.0,30.0
dây xích,1,W01019.mp4,Neutral / Unspecified,95.0,30.0
dãy nhà,1,W00975.mp4,Neutral / Unspecified,94.0,30.0
dãy núi,1,W00976.mp4,Neutral / Unspecified,106.0,30.0
dãy núi hoàng liên sơn,1,D0245.mp4,Neutral / Unspecified,122.0,30.0
dãy số,1,W00977.mp4,Neutral / Unspecified,92.0,30.0
dãy số liệu,1,W00978.mp4,Neutral / Unspecified,126.0,30.0
dê con,1,W01024.mp4,Neutral / Unspecified,120.0,30.0
dê mẹ,1,W01025.mp4,Neutral / Unspecified,121.0,30.0
dòng chữ,1,W01055.mp4,Neutral / Unspecified,84.0,30.0
dòng họ,1,W01056.mp4,Neutral / Unspecified,132.0,30.0
dòng sông,1,W01058.mp4,Neutral / Unspecified,94.0,30.0
dòng sông chảy,1,D0439.mp4,Neutral / Unspecified,111.0,30.0
dũng cảm,1,W01068.mp4,Neutral / Unspecified,93.0,30.0
dạy,1,W00979.mp4,Neutral / Unspecified,82.0,30.0
dải phân cách,1,W00958.mp4,Neutral / Unspecified,212.0,30.0
dấu bằng,1,W00998.mp4,Neutral / Unspecified,78.0,30.0
dấu chia,1,W01004.mp4,Neutral / Unspecified,87.0,30.0
dấu chấm,1,W01001.mp4,Neutral / Unspecified,108.0,30.0
dấu chấm hỏi,1,W01002.mp4,Neutral / Unspecified,103.0,30.0
dấu chấm than,1,W01003.mp4,Neutral / Unspecified,79.0,30.0
dấu gạch ngang,1,W01005.mp4,Neutral / Unspecified,72.0,30.0
dấu hai chấm,1,W01006.mp4,Neutral / Unspecified,84.0,30.0
dấu ngoặc đơn,1,W01009.mp4,Neutral / Unspecified,93.0,30.0
dấu nhân,1,W01010.mp4,Neutral / Unspecified,84.0,30.0
dấu nặng,1,D0528.mp4,Neutral / Unspecified,101.0,30.0
dấu phẩy,1,W01011.mp4,Neutral / Unspecified,92.0,30.0
dầu gội đầu,1,W00994.mp4,Neutral / Unspecified,98.0,30.0
dầu hoả,1,W00995.mp4,Neutral / Unspecified,85.0,30.0
dầu khí,1,W00996.mp4,Neutral / Unspecified,88.0,30.0
dầu mỏ,1,W00997.mp4,Neutral / Unspecified,103.0,30.0
dầu ăn,1,W00993.mp4,Neutral / Unspecified,64.0,30.0
dẫn chương trình,1,W00990.mp4,Neutral / Unspecified,89.0,30.0
dẫn chứng,1,W00991.mp4,Neutral / Unspecified,134.0,30.0
dập,1,W00992.mp4,Neutral / Unspecified,64.0,30.0
dắt,1,W00981.mp4,Neutral / Unspecified,93.0,30.0
dặn dò,1,W00980.mp4,Neutral / Unspecified,71.0,30.0
dẻo,1,W01021.mp4,Neutral / Unspecified,98.0,30.0
dễ chịu,1,W01026.mp4,Neutral / Unspecified,93.0,30.0
dễ thương,1,W01027.mp4,Neutral / Unspecified,105.0,30.0
dệt,1,W01028.mp4,Neutral / Unspecified,100.0,30.0
dịu dàng,1,D0436.mp4,Neutral / Unspecified,131.0,30.0
dọc,1,W01054.mp4,Neutral / Unspecified,82.0,30.0
dốc,1,W01060.mp4,Neutral / Unspecified,219.0,30.0
dốt,1,W01061.mp4,Neutral / Unspecified,240.0,30.0
dụng cụ,1,W01069.mp4,Neutral / Unspecified,98.0,30.0
dừng lại,1,D0183.mp4,Neutral / Unspecified,128.0,30.0
dự trữ,1,W02097.mp4,Neutral / Unspecified,115.0,30.0
dự án,1,D0259.mp4,Neutral / Unspecified,114.0,30.0
dựng phim,1,W01076.mp4,Neutral / Unspecified,95.0,30.0
e,1,D0496.mp4,Neutral / Unspecified,80.0,24.0
em dâu,1,W01349.mp4,Neutral / Unspecified,110.0,30.0
em gái,1,W01350.mp4,Neutral / Unspecified,120.0,30.0
em út,1,W01353.mp4,Neutral / Unspecified,104.0,30.0
email,1,W01354.mp4,Neutral / Unspecified,128.0,30.0
f,1,D0521.mp4,Neutral / Unspecified,86.0,24.0
gai,1,W01375.mp4,Neutral / Unspecified,120.0,30.0
gan,1,W01377.mp4,Neutral / Unspecified,142.0,30.0
gan dạ,1,W01378N.mp4,N (Miền Nam / South),124.0,30.0
gan lì,1,W01379.mp4,Neutral / Unspecified,119.0,30.0
gang tay,1,W01381.mp4,Neutral / Unspecified,119.0,30.0
ghi chép,1,W01410.mp4,Neutral / Unspecified,112.0,30.0
ghi chú,1,W01411.mp4,Neutral / Unspecified,113.0,30.0
ghi hình,1,W01412.mp4,Neutral / Unspecified,113.0,30.0
ghi nhớ,1,W01413.mp4,Neutral / Unspecified,90.0,30.0
ghé thăm,1,W01406.mp4,Neutral / Unspecified,110.0,30.0
ghép hình,1,W01407.mp4,Neutral / Unspecified,129.0,30.0
gia lai,1,W01415.mp4,Neutral / Unspecified,105.0,30.0
giai đoạn,1,W01423.mp4,Neutral / Unspecified,126.0,30.0
gian dối,1,D0337.mp4,Neutral / Unspecified,147.0,30.0
gian khổ,1,W01443.mp4,Neutral / Unspecified,91.0,30.0
gian lận,1,W00985.mp4,Neutral / Unspecified,82.0,24.0
giao hoán,1,W01450.mp4,Neutral / Unspecified,123.0,30.0
giao hàng,1,W01429.mp4,Neutral / Unspecified,104.0,30.0
giao lưu,1,W01451.mp4,Neutral / Unspecified,119.0,30.0
giao thừa,1,W01452.mp4,Neutral / Unspecified,116.0,30.0
gieo xúc xắc,1,W01477.mp4,Neutral / Unspecified,133.0,30.0
giàn khoan,1,W01444.mp4,Neutral / Unspecified,123.0,30.0
giàn mướp,1,W01427.mp4,Neutral / Unspecified,141.0,30.0
giàn nho,1,W01445.mp4,Neutral / Unspecified,119.0,30.0
giàu có,1,W01459.mp4,Neutral / Unspecified,191.0,30.0
giá sách,1,W01420.mp4,Neutral / Unspecified,120.0,30.0
giá trị tuyệt đối,1,W01435.mp4,Neutral / Unspecified,126.0,30.0
giám khảo,1,W01442.mp4,Neutral / Unspecified,116.0,30.0
giám đốc,1,W01441.mp4,Neutral / Unspecified,80.0,30.0
giáo dục,1,W01456.mp4,Neutral / Unspecified,99.0,30.0
giáo sĩ,1,W01458.mp4,Neutral / Unspecified,115.0,30.0
giã,1,W01432.mp4,Neutral / Unspecified,90.0,30.0
giãn cách xã hội,1,D0287.mp4,Neutral / Unspecified,124.0,30.0
gió lào,1,W01482.mp4,Neutral / Unspecified,131.0,30.0
giông bão,1,W01489.mp4,Neutral / Unspecified,106.0,30.0
giơ tay,1,W01491.mp4,Neutral / Unspecified,105.0,30.0
giường,1,W01498.mp4,Neutral / Unspecified,106.0,30.0
giả bộ (giống giả vờ),1,W01417T.mp4,T (Miền Trung / Central),205.0,30.0
giả mạo,1,W01418.mp4,Neutral / Unspecified,109.0,30.0
giả sử,1,W01419.mp4,Neutral / Unspecified,118.0,30.0
giải lao,1,W01437.mp4,Neutral / Unspecified,103.0,30.0
giải quyết,1,W01438.mp4,Neutral / Unspecified,102.0,30.0
giải thích,1,W01424.mp4,Neutral / Unspecified,449.0,59.9
giải vô địch,1,W01440.mp4,Neutral / Unspecified,124.0,30.0
giảm,1,W01425.mp4,Neutral / Unspecified,110.0,30.0
giấc ngủ,1,W01462.mp4,Neutral / Unspecified,147.0,30.0
giấy tờ,1,W01474.mp4,Neutral / Unspecified,121.0,30.0
giầy ba ta,1,W01467.mp4,Neutral / Unspecified,228.0,30.0
giầy dép,1,W01468.mp4,Neutral / Unspecified,208.0,30.0
giầy thể thao,1,W01469.mp4,Neutral / Unspecified,235.0,30.0
giẫm,1,W01463.mp4,Neutral / Unspecified,100.0,30.0
giận dỗi,1,W01464.mp4,Neutral / Unspecified,80.0,30.0
giận dữ,1,W01465.mp4,Neutral / Unspecified,104.0,30.0
giật mình,1,W01466.mp4,Neutral / Unspecified,102.0,30.0
giẻ lau,1,W01476.mp4,Neutral / Unspecified,128.0,30.0
giếng nước,1,W01478.mp4,Neutral / Unspecified,117.0,30.0
giết,1,W01479.mp4,Neutral / Unspecified,81.0,30.0
giọng ca,1,W01486.mp4,Neutral / Unspecified,144.0,30.0
giọng nói,1,W01487.mp4,Neutral / Unspecified,92.0,30.0
giỏi,1,W01485.mp4,Neutral / Unspecified,326.0,30.0
giống nhau,1,W01490.mp4,Neutral / Unspecified,106.0,30.0
giỗ,1,D0041.mp4,Neutral / Unspecified,97.0,30.0
giới hạn,1,W01493.mp4,Neutral / Unspecified,113.0,30.0
giới thiệu,1,W01494.mp4,Neutral / Unspecified,139.0,30.0
giữ nguyên,1,W02626.mp4,Neutral / Unspecified,88.0,30.0
gà mái,1,W01365N.mp4,N (Miền Nam / South),224.0,30.0
gà nướng lu,1,D0390.mp4,Neutral / Unspecified,135.0,30.0
gà rừng,1,W01366.mp4,Neutral / Unspecified,168.0,30.0
gà trống,1,W01368.mp4,Neutral / Unspecified,134.0,30.0
gà tây,1,W01367.mp4,Neutral / Unspecified,137.0,30.0
gánh,1,W01382.mp4,Neutral / Unspecified,128.0,30.0
gáy,1,W01389.mp4,Neutral / Unspecified,121.0,30.0
gãi đầu gãi tai,1,W01376.mp4,Neutral / Unspecified,179.0,59.9
gãy chân,1,W01387.mp4,Neutral / Unspecified,113.0,30.0
gãy tay,1,W01388.mp4,Neutral / Unspecified,132.0,30.0
góc bẹt,1,W01501.mp4,Neutral / Unspecified,113.0,30.0
góc bếp,1,W01502.mp4,Neutral / Unspecified,127.0,30.0
góc học tập,1,W01503.mp4,Neutral / Unspecified,111.0,30.0
góc nhọn,1,W01505.mp4,Neutral / Unspecified,114.0,30.0
góc tù,1,W01506.mp4,Neutral / Unspecified,226.0,30.0
góc vuông,1,W01507.mp4,Neutral / Unspecified,98.0,30.0
góc vườn,1,W01508.mp4,Neutral / Unspecified,138.0,30.0
gói,1,W01510.mp4,Neutral / Unspecified,79.0,30.0
gói (đgt),1,W01509.mp4,Neutral / Unspecified,98.0,30.0
góp tiền,1,D0451.mp4,Neutral / Unspecified,141.0,30.0
góp ý,1,W01513.mp4,Neutral / Unspecified,114.0,30.0
gù lưng,1,W04070.mp4,Neutral / Unspecified,117.0,30.0
găng tay,1,W01393.mp4,Neutral / Unspecified,144.0,30.0
gương,1,W01523.mp4,Neutral / Unspecified,100.0,30.0
gương mẫu,1,W01525.mp4,Neutral / Unspecified,124.0,30.0
gương mặt,1,W01524.mp4,Neutral / Unspecified,96.0,30.0
gạo nếp,1,W01385.mp4,Neutral / Unspecified,128.0,30.0
gấp ba,1,D0248.mp4,Neutral / Unspecified,111.0,30.0
gấp giấy,1,W01398.mp4,Neutral / Unspecified,133.0,30.0
gấp quần áo,1,W01399.mp4,Neutral / Unspecified,129.0,30.0
gấp đôi,1,D0247.mp4,Neutral / Unspecified,79.0,30.0
gần gũi,1,W01397.mp4,Neutral / Unspecified,106.0,30.0
gật gù,1,W01401.mp4,Neutral / Unspecified,103.0,30.0
gật đầu,1,W01400.mp4,Neutral / Unspecified,111.0,30.0
gậy của người già,1,W01404.mp4,Neutral / Unspecified,142.0,30.0
gắn bó,1,W01392.mp4,Neutral / Unspecified,124.0,30.0
gắp thức ăn,1,W01394.mp4,Neutral / Unspecified,136.0,30.0
gặm cỏ,1,W01390.mp4,Neutral / Unspecified,176.0,30.0
gặm xương (con chó gặm xương),1,W01391.mp4,Neutral / Unspecified,145.0,30.0
gặp gỡ,1,W01395.mp4,Neutral / Unspecified,133.0,30.0
gặt lúa,1,W01396.mp4,Neutral / Unspecified,126.0,30.0
gọi,1,W01511.mp4,Neutral / Unspecified,249.0,30.0
gọn gàng,1,W01512.mp4,Neutral / Unspecified,125.0,30.0
gọt bút chì,1,W01515.mp4,Neutral / Unspecified,98.0,30.0
gọt bút chì (cái),1,W01514.mp4,Neutral / Unspecified,127.0,30.0
gỏi/nộm,1,D0378.mp4,Neutral / Unspecified,105.0,30.0
gốm sứ,1,W01517.mp4,Neutral / Unspecified,132.0,30.0
gợi ý,1,W01518.mp4,Neutral / Unspecified,96.0,30.0
gửi,1,W01519.mp4,Neutral / Unspecified,195.0,30.0
gửi quà,1,W01520.mp4,Neutral / Unspecified,116.0,30.0
gửi thư,1,W01522.mp4,Neutral / Unspecified,98.0,30.0
hai là,1,D0147.mp4,Neutral / Unspecified,147.0,30.0
hai phân số bằng nhau,1,W02617.mp4,Neutral / Unspecified,144.0,30.0
hiếu thảo,1,W01593.mp4,Neutral / Unspecified,138.0,30.0
hiện nay,1,W01588.mp4,Neutral / Unspecified,80.0,30.0
hiện đại,1,W01587.mp4,Neutral / Unspecified,117.0,30.0
hiệu (toán học),1,W01595.mp4,Neutral / Unspecified,108.0,30.0
hiệu cầm đồ,1,W01596.mp4,Neutral / Unspecified,109.0,30.0
hiệu thuốc,1,W01594.mp4,Neutral / Unspecified,220.0,30.0
hoa cúc,1,W01620.mp4,Neutral / Unspecified,140.0,30.0
hoa dâm bụt,1,D0482.mp4,Neutral / Unspecified,121.0,30.0
hoa giấy,1,D0481.mp4,Neutral / Unspecified,134.0,30.0
hoa hậu,1,D0467.mp4,Neutral / Unspecified,83.0,30.0
hoa hồng,1,W01622.mp4,Neutral / Unspecified,119.0,30.0
hoa lay ơn,1,W01625.mp4,Neutral / Unspecified,72.0,24.0
hoa mai,1,D0488.mp4,Neutral / Unspecified,137.0,30.0
hoa đào,1,W01621.mp4,Neutral / Unspecified,126.0,30.0
hoan hô,1,W04063.mp4,Neutral / Unspecified,231.0,30.0
hoang mang,1,W01764.mp4,Neutral / Unspecified,80.0,24.0
hoàn thành,1,W01641.mp4,Neutral / Unspecified,158.0,30.0
hoàng hôn,1,W01646.mp4,Neutral / Unspecified,151.0,30.0
hoàng tử,1,W01649.mp4,Neutral / Unspecified,129.0,30.0
hoàng đế,1,W01645.mp4,Neutral / Unspecified,97.0,24.0
hoán vị,1,W01643.mp4,Neutral / Unspecified,174.0,30.0
hoãn,1,D0350.mp4,Neutral / Unspecified,110.0,30.0
hoạt động,1,W01651B.mp4,B (Miền Bắc / North),81.0,30.0
hoảng sợ,1,W01650.mp4,Neutral / Unspecified,131.0,30.0
hung thủ,1,W01712.mp4,Neutral / Unspecified,139.0,30.0
hung ác,1,W01711.mp4,Neutral / Unspecified,121.0,30.0
hung-ga-ri (nước hung-ga-ri),1,W01714.mp4,Neutral / Unspecified,139.0,30.0
huy hiệu,1,W01718.mp4,Neutral / Unspecified,134.0,30.0
huân chương,1,W01710.mp4,Neutral / Unspecified,126.0,30.0
huỷ,1,D0351.mp4,Neutral / Unspecified,82.0,30.0
huỷ diệt,1,W01719.mp4,Neutral / Unspecified,98.0,24.0
hà giang,1,W01526.mp4,Neutral / Unspecified,105.0,30.0
hà lan (nước hà lan),1,W01527.mp4,Neutral / Unspecified,91.0,30.0
hài hước,1,W01532.mp4,Neutral / Unspecified,110.0,30.0
hài lòng,1,D0199.mp4,Neutral / Unspecified,148.0,30.0
hàm răng,1,W01536.mp4,Neutral / Unspecified,108.0,30.0
hàng chục,1,W01539.mp4,Neutral / Unspecified,114.0,30.0
hàng chục nghìn,1,W01540.mp4,Neutral / Unspecified,99.0,30.0
hàng chục triệu,1,W01541.mp4,Neutral / Unspecified,94.0,30.0
hàng dọc,1,W01542.mp4,Neutral / Unspecified,111.0,30.0
hàng ngang,1,W01545.mp4,Neutral / Unspecified,103.0,30.0
hàng nghìn,1,W01546.mp4,Neutral / Unspecified,105.0,30.0
hàng triệu,1,W01550.mp4,Neutral / Unspecified,100.0,30.0
hàng trăm,1,W01547.mp4,Neutral / Unspecified,91.0,30.0
hàng trăm nghìn,1,W01548.mp4,Neutral / Unspecified,94.0,30.0
hàng xóm,1,W01552.mp4,Neutral / Unspecified,97.0,30.0
hàng đơn vị,1,W01543.mp4,Neutral / Unspecified,86.0,30.0
hành lang,1,W01556.mp4,Neutral / Unspecified,90.0,30.0
hành tinh,1,W01558.mp4,Neutral / Unspecified,145.0,30.0
hành vi,1,W01559.mp4,Neutral / Unspecified,101.0,30.0
hành động,1,W01554.mp4,Neutral / Unspecified,96.0,30.0
háo hức,1,D0262.mp4,Neutral / Unspecified,134.0,30.0
hát ru,1,W01560.mp4,Neutral / Unspecified,105.0,30.0
hãng máy bay,1,W00122.mp4,Neutral / Unspecified,100.0,30.0
hãng tàu thuyền,1,W00142.mp4,Neutral / Unspecified,93.0,24.0
hãng xe máy,1,W00125.mp4,Neutral / Unspecified,74.0,24.0
hãng ô tô,1,W04072.mp4,Neutral / Unspecified,71.0,24.0
héc-ta (ha),1,W01575B.mp4,B (Miền Bắc / North),99.0,30.0
héo,1,W01579.mp4,Neutral / Unspecified,111.0,30.0
hét (giống la),1,W01580.mp4,Neutral / Unspecified,71.0,30.0
hên/gặp may,1,D0266.mp4,Neutral / Unspecified,110.0,30.0
hình,1,W01599.mp4,Neutral / Unspecified,95.0,30.0
hình bình hành,1,W01600.mp4,Neutral / Unspecified,102.0,30.0
hình chiếu,1,W01602.mp4,Neutral / Unspecified,89.0,30.0
hình cầu,1,W01601.mp4,Neutral / Unspecified,108.0,30.0
hình dáng,1,W01603.mp4,Neutral / Unspecified,82.0,30.0
hình elip,1,W01604.mp4,Neutral / Unspecified,94.0,30.0
hình học,1,W01605.mp4,Neutral / Unspecified,116.0,30.0
hình hộp chữ nhật,1,W01606.mp4,Neutral / Unspecified,117.0,30.0
hình lập phương,1,W01608.mp4,Neutral / Unspecified,113.0,30.0
hình phạt,1,W01610.mp4,Neutral / Unspecified,144.0,30.0
hình thang,1,W01612.mp4,Neutral / Unspecified,114.0,30.0
hình trụ,1,W01616.mp4,Neutral / Unspecified,151.0,30.0
hình tứ giác,1,W01617.mp4,Neutral / Unspecified,150.0,30.0
hình vuông,1,W03908.mp4,Neutral / Unspecified,120.0,30.0
hình vẽ,1,W01618.mp4,Neutral / Unspecified,127.0,30.0
hòa bình,1,W01634.mp4,Neutral / Unspecified,144.0,30.0
hòa nhập,1,W01637.mp4,Neutral / Unspecified,136.0,30.0
hòn bi (giống viên bi),1,W01674B.mp4,B (Miền Bắc / North),97.0,30.0
hòn đá,1,W01661.mp4,Neutral / Unspecified,130.0,30.0
hóa đơn,1,W00258.mp4,Neutral / Unspecified,142.0,30.0
hói đầu,1,D0021.mp4,Neutral / Unspecified,120.0,30.0
hót,1,W01678.mp4,Neutral / Unspecified,126.0,30.0
hót rác,1,W01662.mp4,Neutral / Unspecified,125.0,30.0
hót rác (cái hót rác),1,W01679.mp4,Neutral / Unspecified,117.0,30.0
hôi,1,D0173.mp4,Neutral / Unspecified,167.0,30.0
hôn,1,W01700.mp4,Neutral / Unspecified,121.0,30.0
hùng vĩ,1,D0240.mp4,Neutral / Unspecified,198.0,30.0
hùng vương,1,W01715.mp4,Neutral / Unspecified,116.0,30.0
hú vía,1,D0070.mp4,Neutral / Unspecified,113.0,30.0
hút nước,1,W01716.mp4,Neutral / Unspecified,106.0,30.0
hút thuốc lá,1,W01717.mp4,Neutral / Unspecified,121.0,30.0
hăm dọa,1,W01050.mp4,Neutral / Unspecified,257.0,30.0
hăng hái,1,W01569.mp4,Neutral / Unspecified,84.0,30.0
hơi nước,1,W01706.mp4,Neutral / Unspecified,167.0,30.0
hưng yên,1,W01723.mp4,Neutral / Unspecified,116.0,30.0
hướng dẫn,1,W01724.mp4,Neutral / Unspecified,111.0,30.0
hạ long,1,W01530.mp4,Neutral / Unspecified,220.0,30.0
hạn hán,1,W01537.mp4,Neutral / Unspecified,101.0,30.0
hạt,1,W01562.mp4,Neutral / Unspecified,108.0,30.0
hạt cườm,1,W01563.mp4,Neutral / Unspecified,123.0,30.0
hạt lúa,1,W01567.mp4,Neutral / Unspecified,107.0,30.0
hạt lạc,1,W01566.mp4,Neutral / Unspecified,101.0,30.0
hạt tiêu,1,W01568.mp4,Neutral / Unspecified,106.0,30.0
hải dương,1,W01533.mp4,Neutral / Unspecified,89.0,30.0
hải sản,1,D0388.mp4,Neutral / Unspecified,127.0,30.0
hải đảo,1,W01534.mp4,Neutral / Unspecified,111.0,30.0
hấp,1,D0380.mp4,Neutral / Unspecified,114.0,30.0
hấp dẫn,1,D0017.mp4,Neutral / Unspecified,115.0,30.0
hậu giang,1,W01572.mp4,Neutral / Unspecified,108.0,30.0
hậu quả,1,W01573.mp4,Neutral / Unspecified,136.0,30.0
hắt hơi,1,W01571.mp4,Neutral / Unspecified,116.0,30.0
hằng đẳng thức,1,W01570.mp4,Neutral / Unspecified,103.0,30.0
hệ bài tiết,1,W00076.mp4,Neutral / Unspecified,151.0,30.0
họ (2 người) (đại từ),1,D0136.mp4,Neutral / Unspecified,128.0,30.0
họ (đại từ),1,D0137.mp4,Neutral / Unspecified,120.0,30.0
họa sỹ,1,W01638.mp4,Neutral / Unspecified,221.0,59.9
học bổng,1,W01665.mp4,Neutral / Unspecified,123.0,30.0
học giỏi,1,W01656.mp4,Neutral / Unspecified,130.0,30.0
học kém,1,W01666.mp4,Neutral / Unspecified,152.0,30.0
học nhóm,1,W01668.mp4,Neutral / Unspecified,112.0,30.0
học phí,1,W01669.mp4,Neutral / Unspecified,112.0,30.0
học sinh miền nam,1,W01658.mp4,Neutral / Unspecified,163.0,30.0
học trung bình,1,W01659.mp4,Neutral / Unspecified,125.0,30.0
học trò,1,W01671.mp4,Neutral / Unspecified,118.0,30.0
học tập,1,W01670.mp4,Neutral / Unspecified,120.0,30.0
họng,1,W01676.mp4,Neutral / Unspecified,134.0,30.0
hỏi han,1,W01660.mp4,Neutral / Unspecified,124.0,30.0
hỏi thăm,1,W01673B.mp4,B (Miền Bắc / North),101.0,30.0
hối lộ,1,W01693.mp4,Neutral / Unspecified,138.0,30.0
hốt hoảng,1,D0236.mp4,Neutral / Unspecified,114.0,30.0
hồ chí minh,1,W01681.mp4,Neutral / Unspecified,113.0,30.0
hồ dán,1,W01682.mp4,Neutral / Unspecified,123.0,30.0
hồ hoàn kiếm,1,W01684.mp4,Neutral / Unspecified,140.0,30.0
hồ nước,1,W01686.mp4,Neutral / Unspecified,132.0,30.0
hỗn số,1,W01701.mp4,Neutral / Unspecified,115.0,30.0
hội chứng đao - down,1,D0367.mp4,Neutral / Unspecified,109.0,30.0
hội nghị,1,W01695B.mp4,B (Miền Bắc / North),100.0,30.0
hội thoại,1,D0295.mp4,Neutral / Unspecified,108.0,30.0
hội trường,1,W01698.mp4,Neutral / Unspecified,122.0,30.0
hộp,1,W01702.mp4,Neutral / Unspecified,114.0,30.0
hộp bút,1,W01703.mp4,Neutral / Unspecified,108.0,30.0
hộp sữa,1,W01704.mp4,Neutral / Unspecified,128.0,30.0
hợp lí,1,W01708.mp4,Neutral / Unspecified,134.0,30.0
hợp tác,1,W01709.mp4,Neutral / Unspecified,98.0,30.0
hữu nghị,1,D0217.mp4,Neutral / Unspecified,98.0,30.0
i,1,D0501.mp4,Neutral / Unspecified,60.0,24.0
i-rắc (nước i-rắc),1,W01726.mp4,Neutral / Unspecified,113.0,30.0
in (ấn),1,W01728B.mp4,B (Miền Bắc / North),112.0,30.0
internet,1,D0484.mp4,Neutral / Unspecified,127.0,30.0
italia (nước italia),1,W01733.mp4,Neutral / Unspecified,102.0,30.0
j,1,D0522.mp4,Neutral / Unspecified,80.0,24.0
k,1,D0502.mp4,Neutral / Unspecified,65.0,24.0
keo kiệt,1,W01739.mp4,Neutral / Unspecified,101.0,30.0
khai mạc,1,W01766.mp4,Neutral / Unspecified,121.0,30.0
khe cửa,1,W01787.mp4,Neutral / Unspecified,110.0,30.0
khe núi,1,W01788.mp4,Neutral / Unspecified,123.0,30.0
khen,1,W01789.mp4,Neutral / Unspecified,108.0,30.0
khen tặng,1,W01791.mp4,Neutral / Unspecified,100.0,30.0
khiêm tốn,1,W01796.mp4,Neutral / Unspecified,129.0,30.0
khiêng,1,W01800.mp4,Neutral / Unspecified,133.0,30.0
khoa học,1,W01804.mp4,Neutral / Unspecified,122.0,30.0
khoan,1,W01815.mp4,Neutral / Unspecified,102.0,30.0
khoan (cái khoan),1,W01808.mp4,Neutral / Unspecified,102.0,30.0
khoan (khoan đã),1,W02217.mp4,Neutral / Unspecified,88.0,30.0
khoang tàu,1,W01816.mp4,Neutral / Unspecified,258.0,30.0
khoanh tay,1,W01820.mp4,Neutral / Unspecified,130.0,30.0
khoe,1,W01822.mp4,Neutral / Unspecified,101.0,30.0
khoá (cái khóa),1,W01810.mp4,Neutral / Unspecified,133.0,30.0
khoác tay,1,W01814.mp4,Neutral / Unspecified,135.0,30.0
khoác vai,1,W01807.mp4,Neutral / Unspecified,101.0,30.0
khoác áo,1,W01813.mp4,Neutral / Unspecified,136.0,30.0
khoáng sản,1,D0305.mp4,Neutral / Unspecified,111.0,30.0
khoảng cách,1,W01809.mp4,Neutral / Unspecified,108.0,30.0
khoẻ mạnh,1,W01823.mp4,Neutral / Unspecified,131.0,30.0
khu rừng,1,W01849.mp4,Neutral / Unspecified,131.0,30.0
khu vườn,1,W01851.mp4,Neutral / Unspecified,108.0,30.0
khu vực cách ly,1,D0474.mp4,Neutral / Unspecified,142.0,30.0
khung cửa số,1,W01856.mp4,Neutral / Unspecified,129.0,30.0
khung thành,1,W01857.mp4,Neutral / Unspecified,137.0,30.0
khuy,1,W01859.mp4,Neutral / Unspecified,120.0,30.0
khuyên tai,1,W01860.mp4,Neutral / Unspecified,102.0,30.0
khuyến khích,1,D0030.mp4,Neutral / Unspecified,134.0,30.0
khuôn hình,1,W01858.mp4,Neutral / Unspecified,110.0,30.0
khác,1,W01757.mp4,Neutral / Unspecified,109.0,30.0
khách,1,W01758.mp4,Neutral / Unspecified,88.0,30.0
khách mời,1,W01759.mp4,Neutral / Unspecified,112.0,30.0
khách sạn,1,W01760.mp4,Neutral / Unspecified,119.0,30.0
khách vip,1,W01761.mp4,Neutral / Unspecified,109.0,30.0
khám bệnh,1,W01767.mp4,Neutral / Unspecified,94.0,30.0
khám phá,1,W01768.mp4,Neutral / Unspecified,102.0,30.0
kháng cự,1,W01770.mp4,Neutral / Unspecified,89.0,24.0
kháng sinh,1,W01771.mp4,Neutral / Unspecified,94.0,30.0
khánh hòa,1,W01772.mp4,Neutral / Unspecified,118.0,30.0
khát nước,1,W01774.mp4,Neutral / Unspecified,98.0,30.0
khát vọng,1,W01775.mp4,Neutral / Unspecified,119.0,30.0
kháu khỉnh,1,D0280.mp4,Neutral / Unspecified,119.0,30.0
khâm phục,1,W01783.mp4,Neutral / Unspecified,121.0,30.0
khâu vá,1,W01784.mp4,Neutral / Unspecified,119.0,30.0
khéo,1,W01792.mp4,Neutral / Unspecified,96.0,30.0
khép cửa,1,W01793.mp4,Neutral / Unspecified,105.0,30.0
khí cầu,1,W01794.mp4,Neutral / Unspecified,132.0,30.0
khó tiêu,1,W00562.mp4,Neutral / Unspecified,99.0,24.0
khóa cửa,1,W01811.mp4,Neutral / Unspecified,205.0,30.0
khóa quần,1,W01806.mp4,Neutral / Unspecified,114.0,30.0
khóc,1,W01821.mp4,Neutral / Unspecified,136.0,30.0
khói,1,W01825.mp4,Neutral / Unspecified,130.0,30.0
khóm dứa,1,W01826.mp4,Neutral / Unspecified,165.0,30.0
khô héo,1,W01828.mp4,Neutral / Unspecified,132.0,30.0
không bình đẳng,1,D0323.mp4,Neutral / Unspecified,92.0,30.0
không có,1,D0112.mp4,Neutral / Unspecified,207.0,30.0
không có chi,1,D0113.mp4,Neutral / Unspecified,125.0,30.0
không cần,1,D0034.mp4,Neutral / Unspecified,104.0,30.0
không gian,1,W01833.mp4,Neutral / Unspecified,162.0,30.0
không khí,1,W01841.mp4,Neutral / Unspecified,114.0,30.0
không ngon,1,D0198.mp4,Neutral / Unspecified,70.0,30.0
không thẳng hàng,1,W01834.mp4,Neutral / Unspecified,277.0,30.0
khúc khuỷu,1,W01854.mp4,Neutral / Unspecified,143.0,30.0
khăn mặt,1,W01777.mp4,Neutral / Unspecified,110.0,30.0
khăn quàng,1,W01779.mp4,Neutral / Unspecified,98.0,30.0
khăn quàng đỏ,1,W01780.mp4,Neutral / Unspecified,105.0,30.0
khả năng,1,D0096.mp4,Neutral / Unspecified,131.0,30.0
khẩu hiệu,1,W01785.mp4,Neutral / Unspecified,99.0,30.0
khẩu trang,1,W01786.mp4,Neutral / Unspecified,115.0,30.0
khắc phục,1,W01776.mp4,Neutral / Unspecified,122.0,30.0
khố,1,W01836.mp4,Neutral / Unspecified,224.0,30.0
khối lượng,1,W01832.mp4,Neutral / Unspecified,108.0,24.0
khổ công,1,D0208.mp4,Neutral / Unspecified,129.0,30.0
khổ thơ,1,W01829.mp4,Neutral / Unspecified,182.0,30.0
khổng lồ,1,W01835.mp4,Neutral / Unspecified,110.0,30.0
khớp xương,1,W01847.mp4,Neutral / Unspecified,109.0,30.0
khờ dại,1,D0100.mp4,Neutral / Unspecified,137.0,30.0
khởi nghiệp,1,D0325.mp4,Neutral / Unspecified,102.0,30.0
ki-lô-gam,1,W01864.mp4,Neutral / Unspecified,113.0,30.0
ki-lô-mét (km),1,W01869.mp4,Neutral / Unspecified,110.0,30.0
ki-lô-mét vuông (km2),1,W01865.mp4,Neutral / Unspecified,99.0,30.0
kia,1,D0124.mp4,Neutral / Unspecified,96.0,30.0
kim,1,W01890.mp4,Neutral / Unspecified,126.0,30.0
kim cương,1,D0321.mp4,Neutral / Unspecified,106.0,30.0
kim đồng,1,D0479.mp4,Neutral / Unspecified,121.0,30.0
kinh ngạc,1,W01897.mp4,Neutral / Unspecified,116.0,30.0
kiên giang,1,W01881.mp4,Neutral / Unspecified,129.0,30.0
kiên quyết,1,W01882.mp4,Neutral / Unspecified,141.0,30.0
kiên trì (giống: kiên nhẫn),1,W01883.mp4,Neutral / Unspecified,102.0,30.0
"kiêu (kiêu căng, kiêu xa)",1,W01888.mp4,Neutral / Unspecified,112.0,30.0
kiếm (cái kiếm),1,W01879.mp4,Neutral / Unspecified,117.0,30.0
kiến thức,1,W01885.mp4,Neutral / Unspecified,107.0,30.0
kiến trúc,1,W01886.mp4,Neutral / Unspecified,111.0,30.0
kiến trúc sư,1,W01887.mp4,Neutral / Unspecified,114.0,30.0
kon tum,1,W01908.mp4,Neutral / Unspecified,103.0,30.0
kèn,1,W01735.mp4,Neutral / Unspecified,119.0,30.0
kéo,1,W01740.mp4,Neutral / Unspecified,93.0,30.0
kéo co,1,D0294.mp4,Neutral / Unspecified,99.0,30.0
kêu,1,W01755.mp4,Neutral / Unspecified,94.0,30.0
kêu gọi,1,W01756.mp4,Neutral / Unspecified,202.0,30.0
kì diệu,1,W01861.mp4,Neutral / Unspecified,113.0,30.0
kì lạ,1,W01862.mp4,Neutral / Unspecified,105.0,30.0
kí duyệt,1,W01863.mp4,Neutral / Unspecified,105.0,30.0
kí hiệu,1,W01867.mp4,Neutral / Unspecified,134.0,30.0
kính,1,W01900.mp4,Neutral / Unspecified,113.0,30.0
kính hiển vi,1,W01902.mp4,Neutral / Unspecified,140.0,30.0
kính lão,1,W01903.mp4,Neutral / Unspecified,118.0,30.0
kính lúp,1,W01904.mp4,Neutral / Unspecified,147.0,30.0
kính trọng,1,W01906.mp4,Neutral / Unspecified,142.0,30.0
kẹp,1,W01744.mp4,Neutral / Unspecified,97.0,30.0
kẹt xe/tắc đường,1,D0185.mp4,Neutral / Unspecified,101.0,30.0
kẻ cắp,1,W01734.mp4,Neutral / Unspecified,106.0,30.0
kẻ thù,1,W01737.mp4,Neutral / Unspecified,134.0,30.0
kết bạn,1,W01750.mp4,Neutral / Unspecified,99.0,30.0
kết hợp,1,W01751.mp4,Neutral / Unspecified,97.0,30.0
kết luận,1,D0483.mp4,Neutral / Unspecified,131.0,30.0
kể chuyện,1,W01746.mp4,Neutral / Unspecified,107.0,30.0
kỉ luật,1,W01871.mp4,Neutral / Unspecified,116.0,30.0
kịch,1,W01035.mp4,Neutral / Unspecified,101.0,30.0
kịch bản,1,W01876.mp4,Neutral / Unspecified,128.0,30.0
kịch câm,1,W01036.mp4,Neutral / Unspecified,75.0,24.0
kịp thời,1,D0068.mp4,Neutral / Unspecified,116.0,30.0
kỹ năng,1,D0097.mp4,Neutral / Unspecified,116.0,30.0
l,1,D0503.mp4,Neutral / Unspecified,67.0,24.0
la bàn,1,W01909.mp4,Neutral / Unspecified,125.0,30.0
la hét,1,W01910.mp4,Neutral / Unspecified,130.0,30.0
lang thang,1,W01930.mp4,Neutral / Unspecified,113.0,30.0
lao phổi,1,W01944.mp4,Neutral / Unspecified,132.0,30.0
lau chùi,1,W01948.mp4,Neutral / Unspecified,112.0,30.0
lau khô,1,W01949.mp4,Neutral / Unspecified,133.0,30.0
lau miệng,1,D0228.mp4,Neutral / Unspecified,126.0,30.0
lau nhà,1,W01950.mp4,Neutral / Unspecified,120.0,30.0
leo trèo,1,W01973.mp4,Neutral / Unspecified,116.0,30.0
linh hồn,1,W02010.mp4,Neutral / Unspecified,125.0,30.0
liên kết,1,W01999.mp4,Neutral / Unspecified,152.0,30.0
liên tục,1,W02002.mp4,Neutral / Unspecified,105.0,30.0
liền sau,1,W02003.mp4,Neutral / Unspecified,110.0,30.0
liền trước,1,W02004.mp4,Neutral / Unspecified,119.0,30.0
liều lĩnh,1,W02006.mp4,Neutral / Unspecified,114.0,30.0
liều mình,1,W02008.mp4,Neutral / Unspecified,132.0,30.0
liệt (liệt tay chân),1,W02005.mp4,Neutral / Unspecified,95.0,30.0
lo sợ,1,W02016.mp4,Neutral / Unspecified,108.0,30.0
loa,1,W02021.mp4,Neutral / Unspecified,98.0,30.0
lon bia,1,W02026.mp4,Neutral / Unspecified,100.0,30.0
long an,1,W02027.mp4,Neutral / Unspecified,121.0,30.0
long lanh (mắt),1,D0269.mp4,Neutral / Unspecified,130.0,30.0
long vương,1,D0225.mp4,Neutral / Unspecified,137.0,30.0
loạn thị,1,W02025.mp4,Neutral / Unspecified,98.0,30.0
luyện tập,1,W02074.mp4,Neutral / Unspecified,126.0,30.0
luyện từ và câu,1,W02075.mp4,Neutral / Unspecified,119.0,30.0
luật lệ,1,W02065.mp4,Neutral / Unspecified,111.0,30.0
luộc,1,D0375.mp4,Neutral / Unspecified,89.0,30.0
luộc rau,1,D0455.mp4,Neutral / Unspecified,156.0,30.0
làm quen,1,W01925B.mp4,B (Miền Bắc / North),80.0,30.0
làm ruộng,1,W01926.mp4,Neutral / Unspecified,98.0,30.0
làm việc,1,W01928.mp4,Neutral / Unspecified,97.0,30.0
làm được,1,D0438.mp4,Neutral / Unspecified,100.0,30.0
làn sóng,1,W01932.mp4,Neutral / Unspecified,113.0,30.0
làng gốm bát tràng,1,W00173.mp4,Neutral / Unspecified,131.0,30.0
làng xóm,1,W01939.mp4,Neutral / Unspecified,140.0,30.0
lá thư,1,W01913.mp4,Neutral / Unspecified,130.0,30.0
lâm đồng,1,W01961.mp4,Neutral / Unspecified,129.0,30.0
lây bệnh,1,W01966.mp4,Neutral / Unspecified,105.0,30.0
lây nhiễm,1,W01967.mp4,Neutral / Unspecified,101.0,30.0
lãng phí,1,D0314.mp4,Neutral / Unspecified,108.0,30.0
lãnh đạo,1,W01942.mp4,Neutral / Unspecified,144.0,30.0
lão già,1,W01947.mp4,Neutral / Unspecified,129.0,30.0
lên ngôi,1,W01987.mp4,Neutral / Unspecified,119.0,30.0
lên xe,1,W01989.mp4,Neutral / Unspecified,129.0,30.0
lên đường,1,W01986.mp4,Neutral / Unspecified,76.0,30.0
lí do,1,W01992.mp4,Neutral / Unspecified,110.0,30.0
lò xo,1,W02018.mp4,Neutral / Unspecified,130.0,30.0
lông,1,W02039.mp4,Neutral / Unspecified,116.0,30.0
lông gà,1,W02040.mp4,Neutral / Unspecified,120.0,30.0
lùi bước,1,W02070.mp4,Neutral / Unspecified,122.0,30.0
lúa,1,W02060.mp4,Neutral / Unspecified,114.0,30.0
lúng túng,1,W02071.mp4,Neutral / Unspecified,126.0,30.0
lý do,1,D0296.mp4,Neutral / Unspecified,89.0,30.0
lăng bác hồ,1,W01953.mp4,Neutral / Unspecified,127.0,30.0
lĩnh hội,1,W02011.mp4,Neutral / Unspecified,125.0,30.0
lũ quét,1,W02059.mp4,Neutral / Unspecified,124.0,30.0
lũy tre,1,W02073.mp4,Neutral / Unspecified,122.0,30.0
lơ lửng,1,W02046.mp4,Neutral / Unspecified,125.0,30.0
lưu,1,W00155.mp4,Neutral / Unspecified,72.0,24.0
lưu ý,1,W02098.mp4,Neutral / Unspecified,142.0,30.0
lương thực,1,W02090.mp4,Neutral / Unspecified,118.0,30.0
lưới,1,W02083.mp4,Neutral / Unspecified,121.0,30.0
lướt ván,1,W02091.mp4,Neutral / Unspecified,130.0,30.0
lưỡi,1,W02080.mp4,Neutral / Unspecified,115.0,30.0
lưỡi câu,1,W02081.mp4,Neutral / Unspecified,286.0,30.0
lược,1,W02077.mp4,Neutral / Unspecified,91.0,30.0
lượt về (trong thể thao),1,D0328.mp4,Neutral / Unspecified,119.0,30.0
lượt đi,1,D0327.mp4,Neutral / Unspecified,109.0,30.0
lạc long quân,1,W01914.mp4,Neutral / Unspecified,107.0,30.0
lạc quan,1,W01915.mp4,Neutral / Unspecified,138.0,30.0
lạng sơn,1,W01940.mp4,Neutral / Unspecified,182.0,30.0
lấm lem,1,D0341.mp4,Neutral / Unspecified,109.0,30.0
lấy,1,W01970.mp4,Neutral / Unspecified,106.0,30.0
lầu (tầng),1,W01964.mp4,Neutral / Unspecified,119.0,30.0
lẩu,1,D0377.mp4,Neutral / Unspecified,106.0,30.0
lẫn lộn,1,W01962.mp4,Neutral / Unspecified,106.0,30.0
lắc đầu,1,W01951.mp4,Neutral / Unspecified,102.0,30.0
lắng nghe,1,W01955.mp4,Neutral / Unspecified,102.0,30.0
lắp ráp,1,W01960.mp4,Neutral / Unspecified,125.0,30.0
lặn,1,W01956.mp4,Neutral / Unspecified,143.0,30.0
lặng lẽ,1,W01957.mp4,Neutral / Unspecified,155.0,30.0
lều trại,1,W01991.mp4,Neutral / Unspecified,126.0,30.0
lễ phép,1,W01983.mp4,Neutral / Unspecified,108.0,30.0
lễ vật,1,W01984.mp4,Neutral / Unspecified,98.0,30.0
lọ hoa,1,W02019.mp4,Neutral / Unspecified,144.0,30.0
lọ mực,1,W02020.mp4,Neutral / Unspecified,85.0,30.0
lọng,1,W02032.mp4,Neutral / Unspecified,132.0,30.0
lốc xoáy,1,D0431.mp4,Neutral / Unspecified,121.0,30.0
lối đi,1,W02037.mp4,Neutral / Unspecified,111.0,30.0
lồng bàn,1,W02041.mp4,Neutral / Unspecified,116.0,30.0
lồng chim,1,W02042.mp4,Neutral / Unspecified,129.0,30.0
lồng tiếng,1,W02043.mp4,Neutral / Unspecified,223.0,30.0
lỗi chính tả,1,W02035.mp4,Neutral / Unspecified,126.0,30.0
lỗi lầm,1,W02036.mp4,Neutral / Unspecified,114.0,30.0
lớn hơn 1 (toán học),1,D0297.mp4,Neutral / Unspecified,113.0,30.0
lớn hơn 2 (toán học),1,D0298.mp4,Neutral / Unspecified,85.0,30.0
lớp,1,W02052.mp4,Neutral / Unspecified,115.0,30.0
lớp phó,1,W02055.mp4,Neutral / Unspecified,113.0,30.0
lớp trưởng,1,W02057.mp4,Neutral / Unspecified,107.0,30.0
lời giải,1,W02047.mp4,Neutral / Unspecified,102.0,30.0
lời nói,1,W02048.mp4,Neutral / Unspecified,115.0,30.0
lợi ích,1,W02049.mp4,Neutral / Unspecified,117.0,30.0
lục giác,1,W02068.mp4,Neutral / Unspecified,106.0,30.0
lục địa,1,W02067.mp4,Neutral / Unspecified,137.0,30.0
lửa,1,W02076.mp4,Neutral / Unspecified,83.0,30.0
lựu,1,W02099.mp4,Neutral / Unspecified,121.0,30.0
lựu đạn,1,W02100.mp4,Neutral / Unspecified,109.0,30.0
m,1,D0504.mp4,Neutral / Unspecified,95.0,24.0
ma,1,W02104.mp4,Neutral / Unspecified,101.0,30.0
ma cao,1,D0006.mp4,Neutral / Unspecified,115.0,30.0
ma cà rồng,1,W02105.mp4,Neutral / Unspecified,133.0,30.0
ma quỷ,1,W02106.mp4,Neutral / Unspecified,99.0,30.0
ma sát,1,W02107.mp4,Neutral / Unspecified,101.0,30.0
ma túy,1,W02108.mp4,Neutral / Unspecified,117.0,30.0
may mắn,1,D0102.mp4,Neutral / Unspecified,150.0,30.0
mi-li-mét (mm),1,W02208.mp4,Neutral / Unspecified,111.0,30.0
minh hoạ,1,W02215.mp4,Neutral / Unspecified,112.0,30.0
miêu tả,1,W02214.mp4,Neutral / Unspecified,110.0,30.0
miến,1,D0394.mp4,Neutral / Unspecified,119.0,30.0
miền bắc việt nam,1,W02211.mp4,Neutral / Unspecified,112.0,30.0
miền nam việt nam,1,W02212.mp4,Neutral / Unspecified,120.0,30.0
mua bán,1,W02266.mp4,Neutral / Unspecified,114.0,30.0
mua vé,1,W02267.mp4,Neutral / Unspecified,105.0,30.0
mui xe,1,W02280.mp4,Neutral / Unspecified,135.0,30.0
muối,1,D0456.mp4,Neutral / Unspecified,122.0,30.0
muối i-ốt,1,W01725.mp4,Neutral / Unspecified,62.0,24.0
muộn,1,W02281.mp4,Neutral / Unspecified,108.0,30.0
màu cam,1,W02132.mp4,Neutral / Unspecified,94.0,30.0
màu nhiệm,1,W02138.mp4,Neutral / Unspecified,128.0,30.0
màu đen,1,W02133B.mp4,B (Miền Bắc / North),140.0,30.0
màu đỏ,1,W02134.mp4,Neutral / Unspecified,91.0,30.0
má,1,W02144.mp4,Neutral / Unspecified,114.0,30.0
má (giống: mẹ),1,W02110.mp4,Neutral / Unspecified,108.0,30.0
má hồng,1,D0200.mp4,Neutral / Unspecified,140.0,30.0
mái chèo,1,W02116.mp4,Neutral / Unspecified,122.0,30.0
mái hiên,1,W02117.mp4,Neutral / Unspecified,141.0,30.0
mái nhà,1,W02118.mp4,Neutral / Unspecified,149.0,30.0
mái tóc,1,W02119.mp4,Neutral / Unspecified,125.0,30.0
mái vòm,1,W03859.mp4,Neutral / Unspecified,143.0,30.0
máy bơm,1,W02146.mp4,Neutral / Unspecified,130.0,30.0
máy chiếu,1,W02147.mp4,Neutral / Unspecified,109.0,30.0
máy khâu,1,W02149.mp4,Neutral / Unspecified,118.0,30.0
máy quay,1,W02150.mp4,Neutral / Unspecified,142.0,30.0
máy tính (laptop),1,W02151.mp4,Neutral / Unspecified,94.0,30.0
máy tính bỏ túi,1,W02152.mp4,Neutral / Unspecified,115.0,30.0
máy vi tính,1,W00732.mp4,Neutral / Unspecified,173.0,30.0
máy xúc,1,D0318.mp4,Neutral / Unspecified,99.0,30.0
máy ảnh,1,W02145.mp4,Neutral / Unspecified,122.0,30.0
mâm cơm,1,W02177.mp4,Neutral / Unspecified,155.0,30.0
mây,1,W02195.mp4,Neutral / Unspecified,121.0,30.0
mã vạch,1,W02109.mp4,Neutral / Unspecified,115.0,30.0
mèo cào,1,D0230.mp4,Neutral / Unspecified,94.0,30.0
mét (m),1,W02197.mp4,Neutral / Unspecified,93.0,30.0
mét khối (m3),1,W02198.mp4,Neutral / Unspecified,95.0,30.0
mét vuông (m2),1,W02199.mp4,Neutral / Unspecified,114.0,30.0
mê say (như: say mê),1,W02202.mp4,Neutral / Unspecified,131.0,30.0
mê tín,1,W02203.mp4,Neutral / Unspecified,140.0,30.0
mênh mông,1,W02205.mp4,Neutral / Unspecified,114.0,30.0
mía,1,D0399.mp4,Neutral / Unspecified,138.0,30.0
mít tinh,1,D0204.mp4,Neutral / Unspecified,229.0,30.0
móc áo,1,W02218.mp4,Neutral / Unspecified,118.0,30.0
móng chân,1,W02223.mp4,Neutral / Unspecified,110.0,30.0
móng tay,1,W02225.mp4,Neutral / Unspecified,121.0,30.0
móng vuốt,1,W02226.mp4,Neutral / Unspecified,138.0,30.0
mô hình,1,W02227.mp4,Neutral / Unspecified,130.0,30.0
mô tả,1,D0426.mp4,Neutral / Unspecified,125.0,30.0
môi,1,W02235.mp4,Neutral / Unspecified,120.0,30.0
môi trường,1,W02236.mp4,Neutral / Unspecified,116.0,30.0
môn giáo dục công dân,1,W02240N.mp4,N (Miền Nam / South),94.0,30.0
môn giáo dục thể chất,1,W02241.mp4,Neutral / Unspecified,120.0,30.0
môn khoa học,1,W02242.mp4,Neutral / Unspecified,105.0,30.0
môn mĩ thuật,1,W02245.mp4,Neutral / Unspecified,130.0,30.0
môn ngoại ngữ,1,W02246.mp4,Neutral / Unspecified,121.0,30.0
môn sinh học,1,W02247.mp4,Neutral / Unspecified,134.0,30.0
môn tin học và công nghệ,1,W02249.mp4,Neutral / Unspecified,111.0,30.0
môn tiếng việt,1,W02248.mp4,Neutral / Unspecified,123.0,30.0
môn toán,1,W02250.mp4,Neutral / Unspecified,117.0,30.0
môn tự nhiên và xã hội,1,W02251.mp4,Neutral / Unspecified,136.0,30.0
môn âm nhạc,1,W02238.mp4,Neutral / Unspecified,137.0,30.0
mõm,1,W02220.mp4,Neutral / Unspecified,114.0,30.0
mù chữ,1,D0038.mp4,Neutral / Unspecified,144.0,30.0
mùa thu,1,W02271.mp4,Neutral / Unspecified,127.0,30.0
mùa đông,1,W02269.mp4,Neutral / Unspecified,114.0,30.0
múa,1,W02276.mp4,Neutral / Unspecified,132.0,30.0
múa lân,1,W02277.mp4,Neutral / Unspecified,99.0,30.0
múa rối,1,W02273.mp4,Neutral / Unspecified,112.0,30.0
múa sạp,1,W02278.mp4,Neutral / Unspecified,138.0,30.0
măng,1,W02162.mp4,Neutral / Unspecified,120.0,30.0
mĩ thuật,1,W02209.mp4,Neutral / Unspecified,103.0,30.0
mũ,1,W02275.mp4,Neutral / Unspecified,90.0,30.0
mũ lưỡi trai,1,W02265.mp4,Neutral / Unspecified,111.0,30.0
mũi tên,1,D0219.mp4,Neutral / Unspecified,129.0,30.0
mũm mĩm,1,D0427.mp4,Neutral / Unspecified,125.0,30.0
mơ ngủ,1,W02255.mp4,Neutral / Unspecified,100.0,30.0
mơ ước,1,W02256.mp4,Neutral / Unspecified,80.0,30.0
mưa phùn,1,W02282.mp4,Neutral / Unspecified,111.0,30.0
mạch lạc,1,W02112.mp4,Neutral / Unspecified,152.0,30.0
mạch máu,1,W02113.mp4,Neutral / Unspecified,146.0,30.0
mạng lưới,1,W02125.mp4,Neutral / Unspecified,157.0,30.0
mạnh bạo (giống: mạnh dạn),1,W02129.mp4,Neutral / Unspecified,126.0,30.0
mạnh mẽ,1,W02131.mp4,Neutral / Unspecified,113.0,30.0
mất (chết) (chỉ người),1,D0252.mp4,Neutral / Unspecified,112.0,30.0
mất ngủ,1,W02182.mp4,Neutral / Unspecified,102.0,30.0
mất trí,1,W02183.mp4,Neutral / Unspecified,119.0,30.0
mấy giờ?,1,W02196.mp4,Neutral / Unspecified,127.0,30.0
mầm cây,1,W02180.mp4,Neutral / Unspecified,100.0,30.0
mầm non,1,W02181.mp4,Neutral / Unspecified,111.0,30.0
mẫu số,1,W02191.mp4,Neutral / Unspecified,135.0,30.0
mẫu số bé,1,W02192.mp4,Neutral / Unspecified,68.0,30.0
mẫu số chung,1,W02193.mp4,Neutral / Unspecified,153.0,30.0
mẫu số lớn,1,W02194.mp4,Neutral / Unspecified,120.0,30.0
đứng đầu (hàng đầu),1,D0028.mp4,Neutral / Unspecified,98.0,30.0
mật ong,1,W02189.mp4,Neutral / Unspecified,115.0,30.0
mắc áo,1,W02155.mp4,Neutral / Unspecified,91.0,30.0
mắm,1,W02161.mp4,Neutral / Unspecified,110.0,30.0
40,1,D0544.mp4,Neutral / Unspecified,76.0,30.0
mặc,1,W02156.mp4,Neutral / Unspecified,100.0,30.0
mặc kệ,1,W02159.mp4,Neutral / Unspecified,114.0,30.0
mặc quần áo,1,W02160.mp4,Neutral / Unspecified,109.0,30.0
mặt,1,W02166.mp4,Neutral / Unspecified,130.0,30.0
mặt dài,1,W02175.mp4,Neutral / Unspecified,106.0,30.0
mặt nạ,1,W02173.mp4,Neutral / Unspecified,107.0,30.0
mặt trời lặn,1,W02222.mp4,Neutral / Unspecified,126.0,30.0
mặt trời mọc,1,W02219.mp4,Neutral / Unspecified,98.0,30.0
mặt vuông,1,W02172.mp4,Neutral / Unspecified,95.0,30.0
mặt đất,1,W02171.mp4,Neutral / Unspecified,121.0,30.0
mềm mại,1,W02204.mp4,Neutral / Unspecified,129.0,30.0
mệt không?,1,D0370.mp4,Neutral / Unspecified,72.0,30.0
mệt mỏi,1,D0369.mp4,Neutral / Unspecified,183.0,30.0
mọc ria mép,1,D0283.mp4,Neutral / Unspecified,76.0,30.0
mọc râu,1,D0282.mp4,Neutral / Unspecified,101.0,30.0
mọc tóc,1,D0281.mp4,Neutral / Unspecified,79.0,30.0
mồ côi,1,W02229.mp4,Neutral / Unspecified,97.0,30.0
mồ côi cha mẹ,1,W02230.mp4,Neutral / Unspecified,97.0,30.0
mồ hôi,1,W02231.mp4,Neutral / Unspecified,130.0,30.0
mồ hôi nhễ nhại,1,D0197.mp4,Neutral / Unspecified,161.0,30.0
mỗi,1,W02237.mp4,Neutral / Unspecified,102.0,30.0
0 (số không),1,D0529.mp4,Neutral / Unspecified,81.0,30.0
mộc nhĩ,1,W02234.mp4,Neutral / Unspecified,113.0,30.0
một cặp,1,W02252.mp4,Neutral / Unspecified,94.0,30.0
một là,1,D0146.mp4,Neutral / Unspecified,115.0,30.0
một mình,1,W02254.mp4,Neutral / Unspecified,99.0,30.0
đựng,1,W01328.mp4,Neutral / Unspecified,121.0,30.0
một tiết học,1,D0409.mp4,Neutral / Unspecified,122.0,30.0
một ít/ một chút,1,D0184.mp4,Neutral / Unspecified,244.0,30.0
một đôi,1,W02253.mp4,Neutral / Unspecified,94.0,30.0
mớ rau,1,W02262.mp4,Neutral / Unspecified,129.0,30.0
ơ,1,D0508N.mp4,N (Miền Nam / South),89.0,24.0
mời,1,W02263.mp4,Neutral / Unspecified,123.0,30.0
mở,1,W02257.mp4,Neutral / Unspecified,110.0,30.0
mở cửa,1,W02258.mp4,Neutral / Unspecified,122.0,30.0
mở màn,1,W02260.mp4,Neutral / Unspecified,131.0,30.0
mở rộng,1,W02261.mp4,Neutral / Unspecified,121.0,30.0
mở đầu,1,W02259.mp4,Neutral / Unspecified,108.0,30.0
mục lục,1,W02279.mp4,Neutral / Unspecified,102.0,30.0
mục tiêu,1,D0422.mp4,Neutral / Unspecified,135.0,30.0
mục đích,1,W03355.mp4,Neutral / Unspecified,92.0,30.0
mứt,1,W02283.mp4,Neutral / Unspecified,102.0,30.0
ư,1,D0515N.mp4,N (Miền Nam / South),118.0,24.0
mỳ vằn thắn,1,D0081B.mp4,B (Miền Bắc / North),118.0,30.0
ưu điểm,1,W03757.mp4,Neutral / Unspecified,148.0,30.0
n,1,D0505.mp4,Neutral / Unspecified,76.0,24.0
nam bán cầu,1,W02284.mp4,Neutral / Unspecified,106.0,30.0
nam định,1,W02285.mp4,Neutral / Unspecified,97.0,30.0
nghe,1,W02353.mp4,Neutral / Unspecified,132.0,30.0
ả rập (nước ả rập),1,D0008.mp4,Neutral / Unspecified,99.0,30.0
ảo thuật,1,W00027.mp4,Neutral / Unspecified,109.0,30.0
nghiêm túc,1,W02374.mp4,Neutral / Unspecified,141.0,30.0
nghiên cứu,1,W02367.mp4,Neutral / Unspecified,123.0,30.0
nghiến răng,1,W02375.mp4,Neutral / Unspecified,153.0,30.0
ấm no,1,W00053.mp4,Neutral / Unspecified,159.0,30.0
nghênh nghênh (đầu),1,D0459.mp4,Neutral / Unspecified,129.0,30.0
nghĩ,1,W02368.mp4,Neutral / Unspecified,125.0,30.0
nghĩa bóng,1,W02370.mp4,Neutral / Unspecified,125.0,30.0
nghĩa trang,1,W02371.mp4,Neutral / Unspecified,107.0,30.0
nghĩa đen,1,W02366.mp4,Neutral / Unspecified,114.0,30.0
nghẹn ngào,1,W02355.mp4,Neutral / Unspecified,153.0,30.0
nghệ sĩ,1,W02356.mp4,Neutral / Unspecified,103.0,30.0
ấm trà,1,W00055.mp4,Neutral / Unspecified,135.0,30.0
ấm áp,1,W00051.mp4,Neutral / Unspecified,98.0,30.0
nghỉ hưu,1,W02362.mp4,Neutral / Unspecified,133.0,30.0
ấm đun nước,1,W00052.mp4,Neutral / Unspecified,175.0,30.0
nghỉ mát,1,W02363.mp4,Neutral / Unspecified,135.0,30.0
nghỉ ngơi,1,W02364.mp4,Neutral / Unspecified,136.0,30.0
nghị lực,1,W02369.mp4,Neutral / Unspecified,109.0,30.0
ngoan ngoãn,1,W02381.mp4,Neutral / Unspecified,148.0,30.0
ngon giấc,1,W02388.mp4,Neutral / Unspecified,158.0,30.0
ngon miệng,1,W02390.mp4,Neutral / Unspecified,110.0,30.0
ngoại hình,1,W02378.mp4,Neutral / Unspecified,119.0,30.0
ngoắc tay,1,W02382.mp4,Neutral / Unspecified,125.0,30.0
ngoằn ngoèo,1,W02385.mp4,Neutral / Unspecified,148.0,30.0
ngoặc kép,1,W02384.mp4,Neutral / Unspecified,137.0,30.0
ngoặc đơn,1,W02383.mp4,Neutral / Unspecified,129.0,30.0
ấn,1,W00059.mp4,Neutral / Unspecified,135.0,30.0
nguyên nhân,1,W02407B.mp4,B (Miền Bắc / North),101.0,30.0
nguyện vọng,1,W02418.mp4,Neutral / Unspecified,143.0,30.0
nguệch ngoạc,1,W02403.mp4,Neutral / Unspecified,105.0,30.0
nguồn gốc,1,W02404.mp4,Neutral / Unspecified,101.0,30.0
nguội,1,D0383.mp4,Neutral / Unspecified,142.0,30.0
ngà voi,1,W02324.mp4,Neutral / Unspecified,114.0,30.0
ngành nghề,1,W02333.mp4,Neutral / Unspecified,125.0,30.0
ấn tượng,1,W00061.mp4,Neutral / Unspecified,144.0,30.0
ầm ĩ,1,W00048.mp4,Neutral / Unspecified,102.0,30.0
ẩm mốc,1,W00049.mp4,Neutral / Unspecified,154.0,30.0
5,1,D0534.mp4,Neutral / Unspecified,112.0,30.0
5 > 3 (toán học),1,D0180.mp4,Neutral / Unspecified,136.0,30.0
7,1,D0536.mp4,Neutral / Unspecified,105.0,30.0
ngày khai trường,1,W02327B.mp4,B (Miền Bắc / North),144.0,30.0
7up,1,D0408.mp4,Neutral / Unspecified,112.0,30.0
8,1,D0537.mp4,Neutral / Unspecified,121.0,30.0
80,1,D0545.mp4,Neutral / Unspecified,129.0,30.0
9,1,D0538.mp4,Neutral / Unspecified,113.0,30.0
90,1,D0546N.mp4,N (Miền Nam / South),81.0,24.0
a,1,D0489.mp4,Neutral / Unspecified,93.0,24.0
ai bảo,1,W04071.mp4,Neutral / Unspecified,99.0,24.0
ai cho,1,D0032.mp4,Neutral / Unspecified,114.0,30.0
albania (nước albania),1,D0012.mp4,Neutral / Unspecified,145.0,30.0
an giang,1,W00006.mp4,Neutral / Unspecified,123.0,30.0
an ninh,1,W00007.mp4,Neutral / Unspecified,151.0,30.0
anh chị,1,W00010B.mp4,B (Miền Bắc / North),165.0,30.0
anh chị em,1,W00011.mp4,Neutral / Unspecified,127.0,30.0
ngày xưa,1,W02339.mp4,Neutral / Unspecified,114.0,30.0
ngày đêm,1,W02334.mp4,Neutral / Unspecified,114.0,30.0
ngán,1,D0384.mp4,Neutral / Unspecified,165.0,30.0
ngâm hạt,1,W02346.mp4,Neutral / Unspecified,116.0,30.0
ngân hàng,1,W02348.mp4,Neutral / Unspecified,124.0,30.0
ngây thơ,1,W02352.mp4,Neutral / Unspecified,165.0,30.0
ngã,1,W02330.mp4,Neutral / Unspecified,88.0,30.0
ngã ba,1,W02325.mp4,Neutral / Unspecified,217.0,30.0
ngói,1,W02387.mp4,Neutral / Unspecified,139.0,30.0
ngón chân,1,W02392.mp4,Neutral / Unspecified,109.0,30.0
ngón tay,1,W02393.mp4,Neutral / Unspecified,120.0,30.0
anh hùng,1,W00015.mp4,Neutral / Unspecified,102.0,30.0
ngôn ngữ,1,W02401.mp4,Neutral / Unspecified,109.0,30.0
ngôn ngữ kí hiệu,1,W04073.mp4,Neutral / Unspecified,110.0,30.0
ngõ,1,W02391.mp4,Neutral / Unspecified,132.0,30.0
ngăn chặn,1,W02342.mp4,Neutral / Unspecified,213.0,30.0
ngăn cản,1,W02340.mp4,Neutral / Unspecified,194.0,30.0
anh vợ,1,W00020.mp4,Neutral / Unspecified,135.0,30.0
ngước nhìn,1,W02422.mp4,Neutral / Unspecified,151.0,30.0
người bán hàng,1,W02426.mp4,Neutral / Unspecified,145.0,30.0
người gửi,1,W02428.mp4,Neutral / Unspecified,129.0,30.0
ao chuôm,1,W00026.mp4,Neutral / Unspecified,139.0,30.0
người lạ,1,W02431.mp4,Neutral / Unspecified,110.0,30.0
người máy,1,W02432.mp4,Neutral / Unspecified,109.0,30.0
người nhận,1,W02433.mp4,Neutral / Unspecified,120.0,30.0
người nước ngoài,1,D0013.mp4,Neutral / Unspecified,114.0,30.0
b,1,D0492.mp4,Neutral / Unspecified,93.0,24.0
ba chân bốn cẳng,1,W00065.mp4,Neutral / Unspecified,149.0,30.0
ba là,1,D0148.mp4,Neutral / Unspecified,93.0,30.0
ban giám hiệu,1,W00087.mp4,Neutral / Unspecified,147.0,30.0
ngưỡng mộ,1,W02440.mp4,Neutral / Unspecified,117.0,30.0
ngược lại,1,W02424.mp4,Neutral / Unspecified,139.0,30.0
ngược đãi,1,W02423.mp4,Neutral / Unspecified,107.0,30.0
ngạc nhiên,1,W02332.mp4,Neutral / Unspecified,87.0,30.0
ngẩng đầu,1,W02349.mp4,Neutral / Unspecified,113.0,30.0
ngập lụt,1,W02350.mp4,Neutral / Unspecified,125.0,30.0
ngập ngừng,1,D0201.mp4,Neutral / Unspecified,158.0,30.0
ngắn,1,W02343.mp4,Neutral / Unspecified,112.0,30.0
ngắn nhất,1,W02344.mp4,Neutral / Unspecified,103.0,30.0
ban ngày,1,W00089.mp4,Neutral / Unspecified,93.0,24.0
bao la,1,W00146.mp4,Neutral / Unspecified,197.0,30.0
bao nhiêu?,1,W00147.mp4,Neutral / Unspecified,134.0,30.0
ngộ nghĩnh,1,W02399.mp4,Neutral / Unspecified,170.0,30.0
ngộ độc,1,W02398.mp4,Neutral / Unspecified,107.0,30.0
ngừng lại,1,D0179.mp4,Neutral / Unspecified,152.0,30.0
bao tay (dùng cho trẻ sơ sinh),1,W00150.mp4,Neutral / Unspecified,144.0,30.0
ngữ điệu,1,W02421.mp4,Neutral / Unspecified,97.0,30.0
nhanh nhẹn,1,W02462.mp4,Neutral / Unspecified,102.0,30.0
nhi đồng,1,W02495.mp4,Neutral / Unspecified,72.0,30.0
nhiều hơn,1,W02498.mp4,Neutral / Unspecified,100.0,30.0
nhiều vô cùng,1,W03865.mp4,Neutral / Unspecified,114.0,30.0
bay,1,W00174.mp4,Neutral / Unspecified,136.0,30.0
nhiệt độ,1,W01298.mp4,Neutral / Unspecified,95.0,24.0
nhu cầu,1,W02508.mp4,Neutral / Unspecified,122.0,30.0
nhà bác học,1,W02441.mp4,Neutral / Unspecified,131.0,30.0
nhà cửa,1,W02443.mp4,Neutral / Unspecified,113.0,30.0
nhà kho,1,D0379.mp4,Neutral / Unspecified,121.0,30.0
bay liệng (bay lượn),1,W00176.mp4,Neutral / Unspecified,151.0,30.0
nhà rông,1,D0313.mp4,Neutral / Unspecified,112.0,30.0
nhà sàn,1,W02447.mp4,Neutral / Unspecified,121.0,30.0
nhà thơ,1,W02449.mp4,Neutral / Unspecified,114.0,30.0
nhà thờ,1,W02450.mp4,Neutral / Unspecified,151.0,30.0
nhà thờ đức bà,1,W02451.mp4,Neutral / Unspecified,131.0,30.0
nhà toán học,1,W02453.mp4,Neutral / Unspecified,128.0,30.0
bay nhanh (máy bay),1,D0177.mp4,Neutral / Unspecified,102.0,30.0
nhà tù,1,W02456.mp4,Neutral / Unspecified,112.0,30.0
nhà tầng,1,W02448.mp4,Neutral / Unspecified,123.0,30.0
biến đổi,1,W00262N.mp4,N (Miền Nam / South),155.0,30.0
nhà vệ sinh,1,D0485.mp4,Neutral / Unspecified,119.0,30.0
nhào lộn,1,W02463.mp4,Neutral / Unspecified,126.0,30.0
nhát gan,1,W02464.mp4,Neutral / Unspecified,95.0,30.0
nháy mắt,1,W02468.mp4,Neutral / Unspecified,90.0,30.0
biển hiệu,1,W00261.mp4,Neutral / Unspecified,153.0,30.0
nhân chứng,1,W02477.mp4,Neutral / Unspecified,153.0,30.0
nhân cách hoá,1,W02476.mp4,Neutral / Unspecified,122.0,30.0
nhân dân,1,W02478.mp4,Neutral / Unspecified,122.0,30.0
biển đông,1,W00260.mp4,Neutral / Unspecified,125.0,30.0
nhân viên,1,D0004.mp4,Neutral / Unspecified,125.0,30.0
nhân vật,1,W02481.mp4,Neutral / Unspecified,109.0,30.0
biểu thị,1,W00270.mp4,Neutral / Unspecified,141.0,30.0
nhìn,1,W02499.mp4,Neutral / Unspecified,168.0,30.0
nhóm,1,W02503.mp4,Neutral / Unspecified,117.0,30.0
nhõng nhẽo,1,D0265.mp4,Neutral / Unspecified,99.0,30.0
nhút nhát,1,D0453.mp4,Neutral / Unspecified,144.0,30.0
nhăn mặt,1,W02471.mp4,Neutral / Unspecified,152.0,30.0
như hình với bóng,1,W02513.mp4,Neutral / Unspecified,124.0,30.0
biểu thức,1,W00271.mp4,Neutral / Unspecified,119.0,30.0
nhường nhịn,1,W02515.mp4,Neutral / Unspecified,135.0,30.0
nhược điểm,1,W02514.mp4,Neutral / Unspecified,126.0,30.0
nhạy cảm,1,W02469.mp4,Neutral / Unspecified,129.0,30.0
nhảy bao bố,1,D0292.mp4,Neutral / Unspecified,133.0,30.0
nhảy cao,1,W02465.mp4,Neutral / Unspecified,122.0,30.0
nhảy dù,1,W02466.mp4,Neutral / Unspecified,168.0,30.0
nhảy lò cò,1,D0293.mp4,Neutral / Unspecified,123.0,30.0
nhảy múa,1,W02467.mp4,Neutral / Unspecified,128.0,30.0
nhấn mạnh,1,D0092.mp4,Neutral / Unspecified,106.0,30.0
nhấp nháy,1,W02488.mp4,Neutral / Unspecified,135.0,30.0
biểu đồ,1,W00265.mp4,Neutral / Unspecified,162.0,30.0
nhận,1,W02485.mp4,Neutral / Unspecified,85.0,30.0
nhận hàng,1,W02483.mp4,Neutral / Unspecified,135.0,30.0
nhận thức,1,W02486.mp4,Neutral / Unspecified,94.0,30.0
nhận xét,1,W02487.mp4,Neutral / Unspecified,129.0,30.0
nhập khẩu,1,D0014.mp4,Neutral / Unspecified,137.0,30.0
biểu đồ cột,1,W00266.mp4,Neutral / Unspecified,141.0,30.0
biểu đồ hình quạt,1,W00267.mp4,Neutral / Unspecified,141.0,30.0
biện pháp,1,W00263.mp4,Neutral / Unspecified,162.0,30.0
nhắc nhở,1,W02470.mp4,Neutral / Unspecified,106.0,30.0
nhắm mắt,1,D0433.mp4,Neutral / Unspecified,122.0,30.0
nhặt rau,1,W02472.mp4,Neutral / Unspecified,114.0,30.0
nhẹ hơn,1,W02493.mp4,Neutral / Unspecified,123.0,30.0
nhẹ nhàng,1,W02494.mp4,Neutral / Unspecified,137.0,30.0
nhọn,1,W02504.mp4,Neutral / Unspecified,153.0,30.0
nhọn hoắt,1,W02505.mp4,Neutral / Unspecified,66.0,30.0
nhỏ hơn,1,W02501.mp4,Neutral / Unspecified,133.0,30.0
nhỏ tuổi,1,W02502.mp4,Neutral / Unspecified,117.0,30.0
nhỏ/ nhỏ bé,1,W02500.mp4,Neutral / Unspecified,123.0,30.0
nhổ củ cải,1,W02506.mp4,Neutral / Unspecified,130.0,30.0
nhổ lông mày,1,D0275.mp4,Neutral / Unspecified,108.0,30.0
nhổ râu,1,D0274.mp4,Neutral / Unspecified,84.0,30.0
nhổ răng,1,D0277.mp4,Neutral / Unspecified,101.0,30.0
nhổ tóc,1,D0273.mp4,Neutral / Unspecified,133.0,30.0
nhộn nhịp (đông người),1,D0301.mp4,Neutral / Unspecified,138.0,30.0
nhụy hoa,1,W02512.mp4,Neutral / Unspecified,94.0,30.0
ninh bình,1,W02518.mp4,Neutral / Unspecified,111.0,30.0
ninh thuận,1,W02519.mp4,Neutral / Unspecified,105.0,30.0
niềm vui,1,W02517.mp4,Neutral / Unspecified,114.0,30.0
bom nguyên tử,1,W00303.mp4,Neutral / Unspecified,158.0,30.0
náo nức,1,W02291.mp4,Neutral / Unspecified,83.0,30.0
"náo động, náo nhiệt",1,W02290.mp4,Neutral / Unspecified,120.0,30.0
nén,1,W02305.mp4,Neutral / Unspecified,113.0,30.0
nét mặt,1,W02311.mp4,Neutral / Unspecified,130.0,30.0
bom đạn,1,W00302.mp4,Neutral / Unspecified,152.0,30.0
nóc nhà,1,W02522.mp4,Neutral / Unspecified,124.0,30.0
nói chuyện,1,W02523.mp4,Neutral / Unspecified,135.0,30.0
nói dối,1,W02524.mp4,Neutral / Unspecified,135.0,30.0
nói leo,1,W02526.mp4,Neutral / Unspecified,110.0,30.0
nói ngập ngừng,1,D0202.mp4,Neutral / Unspecified,147.0,30.0
nón,1,W02527.mp4,Neutral / Unspecified,112.0,30.0
nóng tính,1,D0125.mp4,Neutral / Unspecified,126.0,30.0
nô lệ,1,W02528.mp4,Neutral / Unspecified,142.0,30.0
nông nghiệp,1,W02544.mp4,Neutral / Unspecified,127.0,30.0
nông thôn,1,W02546.mp4,Neutral / Unspecified,128.0,30.0
núi cao,1,D0193.mp4,Neutral / Unspecified,161.0,30.0
núi lửa,1,W02551.mp4,Neutral / Unspecified,141.0,30.0
núi thấp,1,D0194.mp4,Neutral / Unspecified,108.0,30.0
năm là,1,D0150.mp4,Neutral / Unspecified,110.0,30.0
năm ngoái,1,W02294.mp4,Neutral / Unspecified,113.0,30.0
năm tới,1,D0349.mp4,Neutral / Unspecified,111.0,30.0
năn nỉ,1,D0261.mp4,Neutral / Unspecified,122.0,30.0
năng khiếu,1,W02297.mp4,Neutral / Unspecified,122.0,30.0
năng lực,1,W02298.mp4,Neutral / Unspecified,110.0,30.0
nơ,1,W02549.mp4,Neutral / Unspecified,147.0,30.0
nơi chốn,1,W02550.mp4,Neutral / Unspecified,139.0,30.0
nước mắm,1,D0457.mp4,Neutral / Unspecified,114.0,30.0
nước mắt,1,W02554.mp4,Neutral / Unspecified,156.0,30.0
nước tương (xì dầu),1,W03728.mp4,Neutral / Unspecified,118.0,30.0
nước tới chân mới nhảy,1,W00648.mp4,Neutral / Unspecified,248.0,30.0
boong tàu,1,W00312.mp4,Neutral / Unspecified,159.0,30.0
"nước ép (cam, cà chua,..)",1,D0395.mp4,Neutral / Unspecified,102.0,30.0
bun-ga-ri (nước bun-ga-ri),1,W00360.mp4,Neutral / Unspecified,144.0,30.0
nướng,1,D0374.mp4,Neutral / Unspecified,95.0,30.0
nạn nhân,1,W02289.mp4,Neutral / Unspecified,96.0,30.0
buôn làng,1,W00371.mp4,Neutral / Unspecified,150.0,30.0
nấm,1,W02303.mp4,Neutral / Unspecified,100.0,30.0
nấu nướng,1,D0104.mp4,Neutral / Unspecified,101.0,30.0
nắn nót,1,W02296.mp4,Neutral / Unspecified,334.0,30.0
nắp,1,W02302.mp4,Neutral / Unspecified,87.0,30.0
nằm,1,W02295.mp4,Neutral / Unspecified,102.0,30.0
nặn,1,W02300.mp4,Neutral / Unspecified,112.0,30.0
nặng hơn,1,W02301.mp4,Neutral / Unspecified,95.0,30.0
nẻ,1,W02304.mp4,Neutral / Unspecified,114.0,30.0
nếm,1,W02321.mp4,Neutral / Unspecified,109.0,30.0
nến,1,W02323.mp4,Neutral / Unspecified,106.0,30.0
nền nhà,1,W02322.mp4,Neutral / Unspecified,112.0,30.0
nỏ,1,W02521.mp4,Neutral / Unspecified,169.0,30.0
nối tiếp,1,W02539.mp4,Neutral / Unspecified,138.0,30.0
nốt ruồi,1,W02548.mp4,Neutral / Unspecified,102.0,30.0
nồi,1,W02532.mp4,Neutral / Unspecified,103.0,30.0
nồi cơm điện,1,W02534.mp4,Neutral / Unspecified,153.0,30.0
nổ lốp xe,1,W02529.mp4,Neutral / Unspecified,108.0,30.0
nổ mìn,1,W02530.mp4,Neutral / Unspecified,107.0,30.0
nổ súng,1,W02531.mp4,Neutral / Unspecified,135.0,30.0
nổi bật,1,W02535.mp4,Neutral / Unspecified,81.0,30.0
nổi da gà,1,D0018.mp4,Neutral / Unspecified,143.0,30.0
nổi dậy,1,W02536.mp4,Neutral / Unspecified,107.0,30.0
nổi giận,1,W02537.mp4,Neutral / Unspecified,110.0,30.0
nổi nóng,1,W02538.mp4,Neutral / Unspecified,118.0,30.0
buồn nôn,1,W00372.mp4,Neutral / Unspecified,178.0,30.0
nội quy,1,W02541.mp4,Neutral / Unspecified,112.0,30.0
nội tiếp,1,W02542.mp4,Neutral / Unspecified,126.0,30.0
nứt nẻ (ruộng),1,D0222.mp4,Neutral / Unspecified,134.0,30.0
o,1,D0506.mp4,Neutral / Unspecified,73.0,24.0
oa-sinh-tơn,1,W02556.mp4,Neutral / Unspecified,150.0,30.0
buồn thảm,1,D0064.mp4,Neutral / Unspecified,156.0,30.0
pa-ki-xtan (nước pa-ki-xtan),1,W02582.mp4,Neutral / Unspecified,160.0,30.0
paris,1,W00852.mp4,Neutral / Unspecified,113.0,30.0
pha chế,1,W02585.mp4,Neutral / Unspecified,108.0,30.0
pha cà phê,1,W02584.mp4,Neutral / Unspecified,145.0,30.0
pha lê,1,W02586.mp4,Neutral / Unspecified,113.0,30.0
phao,1,W02602.mp4,Neutral / Unspecified,115.0,30.0
phi công,1,W02645.mp4,Neutral / Unspecified,130.0,30.0
phi ngựa,1,W02647.mp4,Neutral / Unspecified,111.0,30.0
phi tiêu,1,W02648.mp4,Neutral / Unspecified,133.0,30.0
buồng trứng,1,W00377.mp4,Neutral / Unspecified,138.0,30.0
buổi chiều,1,W00366.mp4,Neutral / Unspecified,139.0,30.0
buộc dây,1,W00363.mp4,Neutral / Unspecified,162.0,30.0
phim tài liệu,1,W02657.mp4,Neutral / Unspecified,119.0,30.0
buộc tóc,1,W00364.mp4,Neutral / Unspecified,222.0,30.0
phiền hà,1,D0211.mp4,Neutral / Unspecified,114.0,30.0
phong bì,1,W02660.mp4,Neutral / Unspecified,252.0,30.0
phong cách,1,W02661.mp4,Neutral / Unspecified,113.0,30.0
phong kiến,1,W02662.mp4,Neutral / Unspecified,114.0,30.0
phong toả,1,D0475.mp4,Neutral / Unspecified,116.0,30.0
phong trào,1,W02665.mp4,Neutral / Unspecified,117.0,30.0
phong tục,1,W02666.mp4,Neutral / Unspecified,115.0,30.0
phun nước,1,W02710.mp4,Neutral / Unspecified,91.0,30.0
phà,1,W02587.mp4,Neutral / Unspecified,133.0,30.0
bà nà,1,W00067.mp4,Neutral / Unspecified,133.0,30.0
pháo hoa,1,W02605.mp4,Neutral / Unspecified,94.0,30.0
pháo sáng,1,W02606.mp4,Neutral / Unspecified,117.0,30.0
pháo đài,1,W01079.mp4,Neutral / Unspecified,116.0,24.0
phát biểu,1,W02608.mp4,Neutral / Unspecified,85.0,30.0
phát hiện,1,W02610.mp4,Neutral / Unspecified,75.0,30.0
phát động,1,W02609.mp4,Neutral / Unspecified,92.0,30.0
phân biệt,1,D0322.mp4,Neutral / Unspecified,87.0,30.0
phân công,1,W02614.mp4,Neutral / Unspecified,96.0,30.0
phân loại,1,W02615.mp4,Neutral / Unspecified,160.0,30.0
phân số,1,W02616.mp4,Neutral / Unspecified,111.0,30.0
phân số thập phân,1,W02618.mp4,Neutral / Unspecified,143.0,30.0
phân số tối giản,1,W02619.mp4,Neutral / Unspecified,114.0,30.0
phân tích,1,W02620.mp4,Neutral / Unspecified,123.0,30.0
phân vân,1,D0227.mp4,Neutral / Unspecified,148.0,30.0
phép mầu,1,W02640.mp4,Neutral / Unspecified,126.0,30.0
phép tính,1,W02641.mp4,Neutral / Unspecified,89.0,30.0
phê bình,1,W02643.mp4,Neutral / Unspecified,102.0,30.0
phích nước,1,W02649.mp4,Neutral / Unspecified,127.0,30.0
phòng bệnh,1,W02668.mp4,Neutral / Unspecified,119.0,30.0
phòng chống,1,W02669.mp4,Neutral / Unspecified,103.0,30.0
phòng chức năng,1,W02670.mp4,Neutral / Unspecified,80.0,30.0
phòng học tin học,1,W02675.mp4,Neutral / Unspecified,121.0,30.0
phòng máy tính,1,W02677.mp4,Neutral / Unspecified,102.0,24.0
phòng mĩ thuật,1,W02678.mp4,Neutral / Unspecified,133.0,30.0
phòng thí nghiệm,1,W02679.mp4,Neutral / Unspecified,110.0,30.0
phòng thư viện,1,W02680.mp4,Neutral / Unspecified,117.0,30.0
phòng y tế,1,W02682.mp4,Neutral / Unspecified,123.0,30.0
phòng âm nhạc,1,W02667.mp4,Neutral / Unspecified,100.0,30.0
phòng đa năng,1,W02672.mp4,Neutral / Unspecified,98.0,30.0
bà rịa - vũng tàu,1,W00068.mp4,Neutral / Unspecified,157.0,30.0
phóng viên,1,D0469.mp4,Neutral / Unspecified,177.0,30.0
phô tô,1,W02685.mp4,Neutral / Unspecified,95.0,30.0
phù hợp,1,W02699.mp4,Neutral / Unspecified,108.0,30.0
phú thọ,1,W02702.mp4,Neutral / Unspecified,110.0,30.0
phơi quần áo,1,W02698.mp4,Neutral / Unspecified,116.0,30.0
phương hướng,1,W02713.mp4,Neutral / Unspecified,100.0,30.0
phương pháp,1,W02714.mp4,Neutral / Unspecified,108.0,30.0
phương tiện,1,W02715.mp4,Neutral / Unspecified,103.0,30.0
bài báo,1,W00071.mp4,Neutral / Unspecified,117.0,30.0
phương tây,1,D0009.mp4,Neutral / Unspecified,99.0,30.0
phương đông,1,D0010.mp4,Neutral / Unspecified,126.0,30.0
bàn bạc,1,W00091.mp4,Neutral / Unspecified,158.0,30.0
bàn chân,1,W00093.mp4,Neutral / Unspecified,176.0,30.0
phản xạ,1,W02600.mp4,Neutral / Unspecified,130.0,30.0
phản động,1,W02598.mp4,Neutral / Unspecified,92.0,30.0
bàn chải đánh răng,1,W00092.mp4,Neutral / Unspecified,124.0,30.0
phấn trang điểm,1,W02634.mp4,Neutral / Unspecified,100.0,30.0
phấn đấu,1,W02631.mp4,Neutral / Unspecified,102.0,30.0
phấp phới,1,W02635.mp4,Neutral / Unspecified,83.0,30.0
phần trăm,1,W02628.mp4,Neutral / Unspecified,103.0,30.0
phẫu thuật bụng,1,D0365.mp4,Neutral / Unspecified,110.0,30.0
phẫu thuật chân,1,D0361.mp4,Neutral / Unspecified,124.0,30.0
phẫu thuật cổ,1,D0364.mp4,Neutral / Unspecified,98.0,30.0
phẫu thuật mũi,1,D0363.mp4,Neutral / Unspecified,81.0,30.0
phẫu thuật mắt,1,D0362.mp4,Neutral / Unspecified,105.0,30.0
phẫu thuật tay,1,D0360.mp4,Neutral / Unspecified,115.0,30.0
phật (tượng),1,W02637.mp4,Neutral / Unspecified,147.0,30.0
phễu,1,W02644.mp4,Neutral / Unspecified,165.0,30.0
phố,1,W02689.mp4,Neutral / Unspecified,76.0,30.0
phố cổ,1,W02690.mp4,Neutral / Unspecified,129.0,30.0
phố cổ hội an,1,W02691.mp4,Neutral / Unspecified,146.0,30.0
phổ biến,1,W02686.mp4,Neutral / Unspecified,97.0,30.0
phổi,1,W02693.mp4,Neutral / Unspecified,114.0,30.0
bàn ghế,1,W00094.mp4,Neutral / Unspecified,190.0,30.0
bàn là,1,W00095.mp4,Neutral / Unspecified,155.0,30.0
phụ huynh,1,W02704.mp4,Neutral / Unspecified,124.0,30.0
phụ thuộc,1,D0352.mp4,Neutral / Unspecified,113.0,30.0
phục hồi,1,W02707.mp4,Neutral / Unspecified,130.0,30.0
phục vụ,1,W02709.mp4,Neutral / Unspecified,110.0,30.0
phủ nhận,1,W02701.mp4,Neutral / Unspecified,182.0,30.0
phức tạp,1,W02712.mp4,Neutral / Unspecified,84.0,30.0
pi-a-nô (dương cầm),1,W02718.mp4,Neutral / Unspecified,103.0,30.0
pê-ru (nước pê-ru),1,W02583.mp4,Neutral / Unspecified,154.0,30.0
q,1,D0510.mp4,Neutral / Unspecified,82.0,24.0
quan (chức vụ),1,D0233.mp4,Neutral / Unspecified,118.0,30.0
quan hệ,1,W02763.mp4,Neutral / Unspecified,123.0,30.0
quan hệ từ,1,D0231.mp4,Neutral / Unspecified,99.0,30.0
quan sát,1,D0256.mp4,Neutral / Unspecified,126.0,30.0
quan trọng,1,W02766.mp4,Neutral / Unspecified,85.0,30.0
quan tâm,1,W02765.mp4,Neutral / Unspecified,111.0,30.0
quan điểm,1,W02762.mp4,Neutral / Unspecified,107.0,30.0
quang hợp,1,W02769.mp4,Neutral / Unspecified,110.0,30.0
quanh năm,1,D0246.mp4,Neutral / Unspecified,148.0,30.0
quay cóp,1,W02778.mp4,Neutral / Unspecified,93.0,30.0
quay phim,1,W02779.mp4,Neutral / Unspecified,95.0,30.0
quy nhơn,1,D0016.mp4,Neutral / Unspecified,118.0,30.0
quy nạp,1,W02810.mp4,Neutral / Unspecified,101.0,30.0
quy tắc,1,W02811.mp4,Neutral / Unspecified,121.0,30.0
quy định,1,W02808.mp4,Neutral / Unspecified,86.0,30.0
quy đồng mẫu số,1,W02809.mp4,Neutral / Unspecified,94.0,30.0
quyên góp,1,D0334.mp4,Neutral / Unspecified,108.0,30.0
quyến luyến,1,D0164.mp4,Neutral / Unspecified,142.0,30.0
bàn phím (máy vi tính),1,W00096.mp4,Neutral / Unspecified,167.0,30.0
bàn tay,1,W00097.mp4,Neutral / Unspecified,184.0,30.0
bàn tán,1,W00098.mp4,Neutral / Unspecified,246.0,30.0
bán buôn,1,W00105.mp4,Neutral / Unspecified,189.0,30.0
quà,1,W02780.mp4,Neutral / Unspecified,101.0,30.0
quàng khăn,1,W02771.mp4,Neutral / Unspecified,126.0,30.0
quá cảnh,1,W02761.mp4,Neutral / Unspecified,97.0,30.0
quát mắng,1,W02776.mp4,Neutral / Unspecified,106.0,30.0
bán kính (hình tròn),1,W00108.mp4,Neutral / Unspecified,176.0,30.0
quét dọn,1,W02794.mp4,Neutral / Unspecified,98.0,30.0
quét nhà,1,W02795.mp4,Neutral / Unspecified,82.0,30.0
bán đảo,1,W00106.mp4,Neutral / Unspecified,193.0,30.0
quên,1,W02798.mp4,Neutral / Unspecified,106.0,30.0
quý giá,1,W02812.mp4,Neutral / Unspecified,124.0,30.0
quý hiếm,1,W02816.mp4,Neutral / Unspecified,97.0,30.0
quạt cây,1,W02777.mp4,Neutral / Unspecified,114.0,30.0
quạt treo tường,1,W02783.mp4,Neutral / Unspecified,138.0,30.0
quạt trần,1,W03560.mp4,Neutral / Unspecified,141.0,30.0
quả,1,W02721.mp4,Neutral / Unspecified,97.0,30.0
bánh bột lọc,1,W00127.mp4,Neutral / Unspecified,135.0,30.0
quả bầu,1,W02722.mp4,Neutral / Unspecified,120.0,30.0
quả bầu hồ lô,1,D0145.mp4,Neutral / Unspecified,110.0,30.0
quả cam,1,W02725.mp4,Neutral / Unspecified,126.0,30.0
quả chanh,1,W02728.mp4,Neutral / Unspecified,104.0,30.0
quả chuối,1,W02730.mp4,Neutral / Unspecified,118.0,30.0
quả chôm chôm,1,W02729.mp4,Neutral / Unspecified,112.0,30.0
bánh canh,1,D0393.mp4,Neutral / Unspecified,118.0,30.0
bánh cốm,1,W00128.mp4,Neutral / Unspecified,141.0,30.0
bánh gai,1,W00133.mp4,Neutral / Unspecified,119.0,30.0
quả gấc,1,W02739.mp4,Neutral / Unspecified,99.0,30.0
quả hồng,1,W02740.mp4,Neutral / Unspecified,74.0,30.0
quả hồng xiêm,1,W02741.mp4,Neutral / Unspecified,133.0,30.0
bánh giò,1,W00135.mp4,Neutral / Unspecified,143.0,30.0
quả lê,1,W02744.mp4,Neutral / Unspecified,123.0,30.0
quả mít,1,W02745.mp4,Neutral / Unspecified,126.0,30.0
quả mướp,1,W02746.mp4,Neutral / Unspecified,97.0,30.0
quả na,1,W02747.mp4,Neutral / Unspecified,107.0,30.0
quả nho,1,W02749.mp4,Neutral / Unspecified,90.0,30.0
bánh giầy,1,W00134.mp4,Neutral / Unspecified,162.0,30.0
quả quýt,1,W02753.mp4,Neutral / Unspecified,92.0,30.0
quả quất,1,W02752.mp4,Neutral / Unspecified,127.0,30.0
bánh gối,1,W00136.mp4,Neutral / Unspecified,273.0,30.0
quả su su,1,W02756.mp4,Neutral / Unspecified,126.0,30.0
quả sầu riêng,1,W02755.mp4,Neutral / Unspecified,95.0,30.0
quả thanh long,1,W02758.mp4,Neutral / Unspecified,103.0,30.0
bánh hamburger,1,D0391.mp4,Neutral / Unspecified,127.0,30.0
quả vải,1,W02759.mp4,Neutral / Unspecified,126.0,30.0
quả xoài,1,W02760.mp4,Neutral / Unspecified,115.0,30.0
bánh pizza,1,W00140.mp4,Neutral / Unspecified,154.0,30.0
bánh pía,1,W00141.mp4,Neutral / Unspecified,161.0,30.0
quả đất,1,W02734.mp4,Neutral / Unspecified,95.0,30.0
quả địa cầu,1,W02735.mp4,Neutral / Unspecified,119.0,30.0
quả ổi,1,W02750.mp4,Neutral / Unspecified,108.0,30.0
quả ớt,1,W02751.mp4,Neutral / Unspecified,83.0,30.0
quảng bình,1,W02772.mp4,Neutral / Unspecified,105.0,30.0
quảng cáo,1,W02773.mp4,Neutral / Unspecified,103.0,30.0
quảng nam,1,W02781.mp4,Neutral / Unspecified,127.0,30.0
quảng ngãi,1,W02774.mp4,Neutral / Unspecified,97.0,30.0
quảng ninh,1,W02775.mp4,Neutral / Unspecified,225.0,30.0
quảng trị,1,W02782.mp4,Neutral / Unspecified,105.0,30.0
bánh sandwich,1,D0392.mp4,Neutral / Unspecified,92.0,30.0
quần yếm,1,W02789.mp4,Neutral / Unspecified,139.0,30.0
quần âu,1,W02786.mp4,Neutral / Unspecified,109.0,30.0
quần đùi,1,W02788.mp4,Neutral / Unspecified,100.0,30.0
bánh trung thu,1,W00130.mp4,Neutral / Unspecified,117.0,30.0
quốc ca,1,W02799.mp4,Neutral / Unspecified,114.0,30.0
quốc gia,1,W02800.mp4,Neutral / Unspecified,102.0,30.0
quốc hội,1,W02801.mp4,Neutral / Unspecified,117.0,30.0
quốc khánh,1,W02802.mp4,Neutral / Unspecified,108.0,30.0
quốc tế,1,W02805.mp4,Neutral / Unspecified,121.0,30.0
quốc tử giám,1,W02807.mp4,Neutral / Unspecified,88.0,30.0
quỳ,1,W02815.mp4,Neutral / Unspecified,115.0,30.0
r,1,D0511.mp4,Neutral / Unspecified,64.0,24.0
ra lệnh,1,W02823.mp4,Neutral / Unspecified,121.0,30.0
bánh tráng,1,D0110.mp4,Neutral / Unspecified,159.0,30.0
rau,1,W02835.mp4,Neutral / Unspecified,91.0,30.0
rau bắp cải,1,W02836.mp4,Neutral / Unspecified,105.0,30.0
rau cải,1,W02837.mp4,Neutral / Unspecified,145.0,30.0
rau cải thảo,1,W02839.mp4,Neutral / Unspecified,112.0,30.0
rau diếp cá,1,D0329.mp4,Neutral / Unspecified,83.0,30.0
rau dền,1,W02841.mp4,Neutral / Unspecified,95.0,30.0
rau mùng tơi,1,W02844.mp4,Neutral / Unspecified,103.0,30.0
rau ngò/rau mùi,1,D0330.mp4,Neutral / Unspecified,101.0,30.0
rau ngót,1,W02845.mp4,Neutral / Unspecified,116.0,30.0
reo hò,1,W02855.mp4,Neutral / Unspecified,103.0,30.0
ria mép,1,D0289.mp4,Neutral / Unspecified,97.0,30.0
riêng biệt,1,W02860.mp4,Neutral / Unspecified,121.0,30.0
riêng tư,1,W02861.mp4,Neutral / Unspecified,105.0,30.0
rong biển,1,W02867.mp4,Neutral / Unspecified,115.0,30.0
bánh xe,1,W00144.mp4,Neutral / Unspecified,486.0,30.0
ru ngủ,1,W02876.mp4,Neutral / Unspecified,124.0,30.0
ruộng bậc thang,1,W02878.mp4,Neutral / Unspecified,110.0,30.0
ruột già,1,W02879.mp4,Neutral / Unspecified,92.0,30.0
ruột non,1,W02880.mp4,Neutral / Unspecified,94.0,30.0
rào chắn,1,W02832.mp4,Neutral / Unspecified,139.0,30.0
rách,1,W02828.mp4,Neutral / Unspecified,111.0,30.0
râu,1,W02851.mp4,Neutral / Unspecified,123.0,30.0
rèn luyện,1,W02854.mp4,Neutral / Unspecified,151.0,30.0
rèn sắt,1,W02853.mp4,Neutral / Unspecified,98.0,30.0
rình mò,1,W02862.mp4,Neutral / Unspecified,100.0,30.0
rìu,1,W02863.mp4,Neutral / Unspecified,197.0,30.0
róc rách,1,W02865N.mp4,N (Miền Nam / South),83.0,30.0
rón rén,1,W02866.mp4,Neutral / Unspecified,97.0,30.0
bánh đa,1,W00131.mp4,Neutral / Unspecified,205.0,30.0
rút gọn,1,W02883.mp4,Neutral / Unspecified,109.0,30.0
rút gọn phân số,1,W02884.mp4,Neutral / Unspecified,114.0,30.0
răng,1,W02848.mp4,Neutral / Unspecified,116.0,30.0
răng cưa,1,W02849.mp4,Neutral / Unspecified,120.0,30.0
răng hô,1,D0278.mp4,Neutral / Unspecified,103.0,30.0
răng khểnh,1,D0279.mp4,Neutral / Unspecified,99.0,30.0
rơi,1,W02874.mp4,Neutral / Unspecified,103.0,30.0
rơm,1,W02875.mp4,Neutral / Unspecified,113.0,30.0
rơm rớm,1,W01297.mp4,Neutral / Unspecified,107.0,24.0
rước đèn,1,W02895.mp4,Neutral / Unspecified,111.0,30.0
bánh đúc,1,W00132.mp4,Neutral / Unspecified,144.0,30.0
báo cáo,1,W00161.mp4,Neutral / Unspecified,117.0,30.0
rạch,1,W02831.mp4,Neutral / Unspecified,96.0,30.0
rạp chiếu phim,1,W02833.mp4,Neutral / Unspecified,117.0,30.0
rắc rối,1,D0263.mp4,Neutral / Unspecified,151.0,30.0
báo thù,1,W00166.mp4,Neutral / Unspecified,122.0,30.0
rẽ phải,1,W02852.mp4,Neutral / Unspecified,114.0,30.0
rế,1,W02859.mp4,Neutral / Unspecified,88.0,30.0
rễ chùm,1,W02857.mp4,Neutral / Unspecified,128.0,30.0
rễ cây,1,W02856.mp4,Neutral / Unspecified,129.0,30.0
rễ cọc,1,W02858.mp4,Neutral / Unspecified,88.0,30.0
rổ,1,W02870.mp4,Neutral / Unspecified,87.0,30.0
rộng lớn,1,W02872.mp4,Neutral / Unspecified,99.0,30.0
rộng rãi,1,W02873.mp4,Neutral / Unspecified,100.0,30.0
rụng tóc (đt),1,W02877.mp4,Neutral / Unspecified,115.0,30.0
rừng núi,1,W02892.mp4,Neutral / Unspecified,124.0,30.0
rừng rậm,1,W02893.mp4,Neutral / Unspecified,100.0,30.0
rừng thưa,1,W02894.mp4,Neutral / Unspecified,112.0,30.0
rửa bát,1,W02885.mp4,Neutral / Unspecified,108.0,30.0
báo động,1,W00163.mp4,Neutral / Unspecified,127.0,30.0
bát,1,W00170.mp4,Neutral / Unspecified,150.0,30.0
rửa tay,1,W02888.mp4,Neutral / Unspecified,104.0,30.0
rực rỡ,1,D0107.mp4,Neutral / Unspecified,163.0,30.0
s,1,D0512.mp4,Neutral / Unspecified,73.0,24.0
sa mạc,1,D0191.mp4,Neutral / Unspecified,169.0,30.0
sa thải,1,W01324.mp4,Neutral / Unspecified,82.0,30.0
san hô,1,W02903.mp4,Neutral / Unspecified,128.0,30.0
san sẻ,1,W02906.mp4,Neutral / Unspecified,101.0,30.0
bát hương,1,W00171.mp4,Neutral / Unspecified,127.0,24.0
sao chép,1,W02921.mp4,Neutral / Unspecified,88.0,30.0
sapa,1,W02925.mp4,Neutral / Unspecified,110.0,30.0
sau,1,W02926.mp4,Neutral / Unspecified,101.0,30.0
say sưa,1,W02927.mp4,Neutral / Unspecified,141.0,30.0
sinh hoạt,1,W02955.mp4,Neutral / Unspecified,108.0,30.0
bát ngát,1,W00172.mp4,Neutral / Unspecified,150.0,30.0
sinh sống,1,W02957.mp4,Neutral / Unspecified,87.0,30.0
sinh tố,1,W02958.mp4,Neutral / Unspecified,89.0,30.0
"sinh tố (bơ, dâu,..)",1,D0397.mp4,Neutral / Unspecified,125.0,30.0
sinh vật,1,W02960.mp4,Neutral / Unspecified,118.0,30.0
bãi biển vũng tàu,1,W00079.mp4,Neutral / Unspecified,161.0,30.0
bãi cát,1,W00081.mp4,Neutral / Unspecified,138.0,30.0
sinh động,1,W02954.mp4,Neutral / Unspecified,108.0,30.0
siêng năng,1,W02948.mp4,Neutral / Unspecified,124.0,30.0
siêu thị,1,W02951.mp4,Neutral / Unspecified,127.0,30.0
siêu tốc,1,W02952.mp4,Neutral / Unspecified,101.0,30.0
siêu âm,1,W02949.mp4,Neutral / Unspecified,104.0,30.0
socola,1,D0406.mp4,Neutral / Unspecified,108.0,30.0
soi,1,W02962.mp4,Neutral / Unspecified,97.0,30.0
son môi,1,W02964.mp4,Neutral / Unspecified,135.0,30.0
song song,1,W02965.mp4,Neutral / Unspecified,89.0,30.0
sum họp,1,W03023.mp4,Neutral / Unspecified,136.0,30.0
bãi cỏ,1,W00082.mp4,Neutral / Unspecified,148.0,30.0
suy ra (toán học),1,D0186.mp4,Neutral / Unspecified,209.0,30.0
bãi tắm,1,W00084.mp4,Neutral / Unspecified,130.0,30.0
suối,1,W03024.mp4,Neutral / Unspecified,83.0,30.0
suỵt,1,D0071.mp4,Neutral / Unspecified,129.0,30.0
sách,1,W02900.mp4,Neutral / Unspecified,96.0,30.0
sách giáo khoa,1,W02901.mp4,Neutral / Unspecified,112.0,30.0
sách toán,1,W02902.mp4,Neutral / Unspecified,103.0,30.0
sáng,1,W00024.mp4,Neutral / Unspecified,70.0,24.0
sáng chói,1,W02915.mp4,Neutral / Unspecified,111.0,30.0
sáng kiến,1,W02916.mp4,Neutral / Unspecified,107.0,30.0
sáng tạo,1,W02918.mp4,Neutral / Unspecified,78.0,30.0
sáo,1,W02923.mp4,Neutral / Unspecified,226.0,30.0
bãi đỗ xe (ô tô),1,W00083.mp4,Neutral / Unspecified,182.0,30.0
sân khấu,1,W02937.mp4,Neutral / Unspecified,99.0,30.0
sân nhà,1,W02938.mp4,Neutral / Unspecified,113.0,30.0
sân thượng,1,W02939.mp4,Neutral / Unspecified,132.0,30.0
bé gái,1,W00217.mp4,Neutral / Unspecified,153.0,30.0
sân vận động,1,W02941.mp4,Neutral / Unspecified,120.0,30.0
sâu,1,W02943.mp4,Neutral / Unspecified,130.0,30.0
sâu bọ,1,W02944.mp4,Neutral / Unspecified,103.0,30.0
sâu răng,1,W02945.mp4,Neutral / Unspecified,94.0,30.0
sâu thẳm,1,W02946.mp4,Neutral / Unspecified,120.0,30.0
sóc trăng,1,W02961.mp4,Neutral / Unspecified,114.0,30.0
sóng biển,1,W02967.mp4,Neutral / Unspecified,98.0,30.0
sóng thần,1,W02968.mp4,Neutral / Unspecified,119.0,30.0
sông hồng,1,W03005.mp4,Neutral / Unspecified,121.0,30.0
súc miệng,1,W03021.mp4,Neutral / Unspecified,101.0,30.0
súp,1,D0078.mp4,Neutral / Unspecified,131.0,30.0
súp lơ,1,D0079.mp4,Neutral / Unspecified,101.0,30.0
săn bắn,1,W02929.mp4,Neutral / Unspecified,108.0,30.0
bé hơn,1,W00218.mp4,Neutral / Unspecified,133.0,30.0
sĩ quan,1,W00590.mp4,Neutral / Unspecified,86.0,30.0
bé loắt choắt,1,W00219.mp4,Neutral / Unspecified,122.0,30.0
béo,1,W00225.mp4,Neutral / Unspecified,142.0,30.0
sơn,1,W03018.mp4,Neutral / Unspecified,112.0,30.0
sương gió,1,W03050.mp4,Neutral / Unspecified,110.0,30.0
sườn,1,W03051.mp4,Neutral / Unspecified,100.0,30.0
sản xuất,1,W02912.mp4,Neutral / Unspecified,99.0,30.0
sấm chớp,1,W02934.mp4,Neutral / Unspecified,96.0,30.0
sấm sét,1,W02935.mp4,Neutral / Unspecified,97.0,30.0
bê tông,1,W00228.mp4,Neutral / Unspecified,162.0,30.0
bên dưới,1,W00237.mp4,Neutral / Unspecified,151.0,30.0
số bé,1,W02975.mp4,Neutral / Unspecified,77.0,30.0
số chín,1,W02981.mp4,Neutral / Unspecified,110.0,30.0
số chẵn,1,W02979.mp4,Neutral / Unspecified,124.0,30.0
số la mã (toán học),1,D0224.mp4,Neutral / Unspecified,117.0,30.0
số liền sau,1,W02990.mp4,Neutral / Unspecified,121.0,30.0
số liền trước,1,W02991.mp4,Neutral / Unspecified,154.0,30.0
số lẻ,1,W02989.mp4,Neutral / Unspecified,168.0,30.0
số lớn,1,W02992.mp4,Neutral / Unspecified,107.0,30.0
số thập phân,1,W02996.mp4,Neutral / Unspecified,100.0,30.0
số đo,1,W02987.mp4,Neutral / Unspecified,108.0,30.0
bên phải,1,W00238.mp4,Neutral / Unspecified,137.0,30.0
sốt,1,W03008.mp4,Neutral / Unspecified,136.0,30.0
sổ tay,1,W02974.mp4,Neutral / Unspecified,124.0,30.0
sổ điểm danh,1,W02972.mp4,Neutral / Unspecified,105.0,30.0
sổ đầu bài,1,W02970.mp4,Neutral / Unspecified,189.0,30.0
sờ,1,D0434.mp4,Neutral / Unspecified,126.0,30.0
sợ không?,1,D0126.mp4,Neutral / Unspecified,233.0,30.0
sợi,1,W03014.mp4,Neutral / Unspecified,109.0,30.0
sợi chỉ,1,W03015.mp4,Neutral / Unspecified,108.0,30.0
sợi dây,1,W03016.mp4,Neutral / Unspecified,114.0,30.0
sợi len,1,W03017.mp4,Neutral / Unspecified,124.0,30.0
sụp đổ,1,D0205.mp4,Neutral / Unspecified,102.0,30.0
sức khỏe,1,W03043.mp4,Neutral / Unspecified,85.0,30.0
sừng,1,W03046.mp4,Neutral / Unspecified,125.0,30.0
sừng bò,1,W03047.mp4,Neutral / Unspecified,78.0,30.0
sừng trâu,1,W03048.mp4,Neutral / Unspecified,98.0,30.0
sửa chữa,1,W03034.mp4,Neutral / Unspecified,95.0,30.0
bên trong,1,W00241.mp4,Neutral / Unspecified,167.0,30.0
bên trái,1,W00239.mp4,Neutral / Unspecified,167.0,30.0
bên trên,1,W00240.mp4,Neutral / Unspecified,167.0,30.0
bênh vực,1,W00246.mp4,Neutral / Unspecified,139.0,30.0
bìa sách,1,W00254.mp4,Neutral / Unspecified,161.0,30.0
sữa rửa mặt,1,W03041.mp4,Neutral / Unspecified,113.0,30.0
sữa đặc,1,W03039.mp4,Neutral / Unspecified,96.0,30.0
sự thật,1,W03031.mp4,Neutral / Unspecified,98.0,30.0
bình dương,1,W00276.mp4,Neutral / Unspecified,166.0,30.0
tai,1,W03061.mp4,Neutral / Unspecified,90.0,30.0
tai nạn,1,W03062.mp4,Neutral / Unspecified,91.0,30.0
tai nạn giao thông,1,W03543.mp4,Neutral / Unspecified,85.0,30.0
tam giác,1,W03074.mp4,Neutral / Unspecified,113.0,30.0
taxi,1,W03089.mp4,Neutral / Unspecified,103.0,30.0
tay,1,W03090.mp4,Neutral / Unspecified,109.0,30.0
bình minh,1,W00279.mp4,Neutral / Unspecified,159.0,30.0
tay phải,1,W03095.mp4,Neutral / Unspecified,95.0,30.0
tay trái,1,W03097.mp4,Neutral / Unspecified,77.0,30.0
tha,1,W03135.mp4,Neutral / Unspecified,98.0,30.0
tha mồi,1,W03136.mp4,Neutral / Unspecified,98.0,30.0
bình phương,1,W00282.mp4,Neutral / Unspecified,137.0,30.0
bình phước,1,W00283.mp4,Neutral / Unspecified,158.0,30.0
tham khảo,1,W03154.mp4,Neutral / Unspecified,119.0,30.0
tham lam,1,W03155.mp4,Neutral / Unspecified,81.0,30.0
bình sữa (em bé),1,D0461.mp4,Neutral / Unspecified,152.0,30.0
bình thuận,1,W00285.mp4,Neutral / Unspecified,148.0,30.0
thanh hóa,1,W03168.mp4,Neutral / Unspecified,105.0,30.0
thanh niên,1,W03171.mp4,Neutral / Unspecified,91.0,30.0
thao thức,1,D0331.mp4,Neutral / Unspecified,300.0,30.0
theo dõi,1,W03228.mp4,Neutral / Unspecified,111.0,30.0
theo đuổi,1,W03229.mp4,Neutral / Unspecified,79.0,30.0
bình định,1,W00277.mp4,Neutral / Unspecified,154.0,30.0
thiu,1,D0382.mp4,Neutral / Unspecified,157.0,30.0
thiên nhiên,1,W03256.mp4,Neutral / Unspecified,146.0,30.0
thiên thần,1,W03258.mp4,Neutral / Unspecified,155.0,30.0
thiên đình,1,W03254.mp4,Neutral / Unspecified,133.0,30.0
thiếp mời,1,W03263.mp4,Neutral / Unspecified,128.0,30.0
thiếp đi,1,W03262.mp4,Neutral / Unspecified,161.0,30.0
bí ngô,1,W00252.mp4,Neutral / Unspecified,131.0,30.0
thiếu nhi,1,W03269.mp4,Neutral / Unspecified,105.0,30.0
thiếu niên,1,W03270.mp4,Neutral / Unspecified,106.0,30.0
bím tóc đuôi sam,1,W00273.mp4,Neutral / Unspecified,142.0,30.0
bít tất,1,W00287.mp4,Neutral / Unspecified,139.0,30.0
thiệt thòi,1,W03268.mp4,Neutral / Unspecified,123.0,30.0
thoát hiểm,1,W03276.mp4,Neutral / Unspecified,129.0,30.0
thoăn thoắt,1,D0458.mp4,Neutral / Unspecified,139.0,30.0
thu mua,1,W03316.mp4,Neutral / Unspecified,110.0,30.0
thu nhỏ,1,W03317.mp4,Neutral / Unspecified,112.0,30.0
thu thập,1,W03318.mp4,Neutral / Unspecified,125.0,30.0
thung lũng,1,D0477.mp4,Neutral / Unspecified,160.0,30.0
thuyết phục,1,W03351.mp4,Neutral / Unspecified,143.0,30.0
thuyết trình,1,W03352.mp4,Neutral / Unspecified,125.0,30.0
thuyền chài,1,W03347.mp4,Neutral / Unspecified,133.0,30.0
thuyền rồng,1,W03349.mp4,Neutral / Unspecified,147.0,30.0
bò,1,W00288.mp4,Neutral / Unspecified,129.0,30.0
thuận lợi,1,W03326.mp4,Neutral / Unspecified,125.0,30.0
thuốc bắc,1,W03333.mp4,Neutral / Unspecified,123.0,30.0
thuốc bổ,1,W03334.mp4,Neutral / Unspecified,108.0,30.0
thuốc lá,1,W03335.mp4,Neutral / Unspecified,122.0,30.0
thuộc lòng,1,W03338.mp4,Neutral / Unspecified,111.0,30.0
thuộc địa,1,D0353.mp4,Neutral / Unspecified,101.0,30.0
thuỷ thủ,1,W03341.mp4,Neutral / Unspecified,116.0,30.0
bò sát,1,W00289.mp4,Neutral / Unspecified,161.0,30.0
thành công,1,W03173.mp4,Neutral / Unspecified,102.0,30.0
bò tót,1,W00290.mp4,Neutral / Unspecified,142.0,30.0
thành thạo,1,W03180.mp4,Neutral / Unspecified,105.0,30.0
thành thị,1,W03181.mp4,Neutral / Unspecified,95.0,30.0
thành viên,1,W03185.mp4,Neutral / Unspecified,125.0,30.0
thác,1,W03141.mp4,Neutral / Unspecified,81.0,30.0
thái nguyên,1,W03150.mp4,Neutral / Unspecified,84.0,30.0
bó hoa,1,W00298.mp4,Neutral / Unspecified,145.0,30.0
thám tử,1,W03160.mp4,Neutral / Unspecified,127.0,30.0
thán phục,1,W03164.mp4,Neutral / Unspecified,117.0,30.0
bó đũa,1,W00297.mp4,Neutral / Unspecified,154.0,30.0
thánh gióng,1,D0480.mp4,Neutral / Unspecified,115.0,30.0
thánh địa mỹ sơn,1,W03186.mp4,Neutral / Unspecified,130.0,30.0
tháo gỡ,1,W03191.mp4,Neutral / Unspecified,91.0,30.0
tháp,1,W03192.mp4,Neutral / Unspecified,89.0,30.0
tháp rùa,1,W03193.mp4,Neutral / Unspecified,131.0,30.0
thâm quầng mắt,1,D0332.mp4,Neutral / Unspecified,110.0,30.0
bóc lột,1,W00299.mp4,Neutral / Unspecified,138.0,30.0
thân hình,1,W03205.mp4,Neutral / Unspecified,104.0,30.0
thân thiết,1,W03207.mp4,Neutral / Unspecified,95.0,30.0
thân thiện,1,W03208.mp4,Neutral / Unspecified,87.0,30.0
thèm,1,D0026.mp4,Neutral / Unspecified,145.0,30.0
thèm rỏ dãi,1,D0027.mp4,Neutral / Unspecified,129.0,30.0
thét,1,W03232.mp4,Neutral / Unspecified,98.0,30.0
thêm,1,W03240.mp4,Neutral / Unspecified,101.0,30.0
bóc vỏ,1,W00300.mp4,Neutral / Unspecified,143.0,30.0
thì thầm,1,D0187.mp4,Neutral / Unspecified,237.0,30.0
bóng bay,1,W00308.mp4,Neutral / Unspecified,159.0,30.0
thí nghiệm,1,D0094.mp4,Neutral / Unspecified,112.0,30.0
thích nghi,1,W00653.mp4,Neutral / Unspecified,63.0,24.0
bùn,1,W00361.mp4,Neutral / Unspecified,160.0,30.0
thím,1,W03272.mp4,Neutral / Unspecified,116.0,30.0
thóc (gạo),1,W03278.mp4,Neutral / Unspecified,124.0,30.0
bùng binh,1,W03371.mp4,Neutral / Unspecified,95.0,30.0
thông báo,1,W03285.mp4,Neutral / Unspecified,113.0,30.0
thông cảm,1,W03286.mp4,Neutral / Unspecified,221.0,30.0
bún chả,1,D0084.mp4,Neutral / Unspecified,138.0,30.0
thông qua,1,W03289.mp4,Neutral / Unspecified,129.0,30.0
thông thường,1,W03291.mp4,Neutral / Unspecified,123.0,30.0
bún mắm,1,D0083.mp4,Neutral / Unspecified,149.0,30.0
thù lao,1,W03319.mp4,Neutral / Unspecified,117.0,30.0
thùng,1,W03330.mp4,Neutral / Unspecified,125.0,30.0
bún ngan,1,D0085.mp4,Neutral / Unspecified,120.0,30.0
bún đậu,1,D0087B.mp4,B (Miền Bắc / North),119.0,30.0
thúc đẩy,1,W03328.mp4,Neutral / Unspecified,110.0,30.0
bún ốc,1,D0086.mp4,Neutral / Unspecified,134.0,30.0
thăng bằng,1,W03199.mp4,Neutral / Unspecified,86.0,30.0
thăng long,1,D0244.mp4,Neutral / Unspecified,102.0,30.0
búp bê,1,W00378.mp4,Neutral / Unspecified,98.0,30.0
thư giãn,1,W03354.mp4,Neutral / Unspecified,128.0,30.0
thương (số),1,W03370.mp4,Neutral / Unspecified,112.0,30.0
thương mại,1,D0306.mp4,Neutral / Unspecified,105.0,30.0
bút,1,W00380.mp4,Neutral / Unspecified,143.0,30.0
bút bi,1,W00381.mp4,Neutral / Unspecified,288.0,30.0
thả diều,1,W03139.mp4,Neutral / Unspecified,110.0,30.0
thả mồi,1,W03140.mp4,Neutral / Unspecified,83.0,30.0
thản nhiên,1,W03163.mp4,Neutral / Unspecified,100.0,30.0
thấp hơn,1,W03215.mp4,Neutral / Unspecified,101.0,30.0
thấp nhất,1,W03216.mp4,Neutral / Unspecified,103.0,30.0
thần chết,1,W03210.mp4,Neutral / Unspecified,92.0,30.0
thần kinh,1,W03211N.mp4,N (Miền Nam / South),94.0,30.0
thần kì,1,W03445.mp4,Neutral / Unspecified,107.0,30.0
bút dạ,1,W00382.mp4,Neutral / Unspecified,156.0,30.0
thầy cúng,1,W03223.mp4,Neutral / Unspecified,96.0,30.0
bút máy,1,W00384.mp4,Neutral / Unspecified,154.0,30.0
thận,1,W03214.mp4,Neutral / Unspecified,97.0,30.0
thập thò,1,W03219.mp4,Neutral / Unspecified,109.0,30.0
thật thà,1,W03221.mp4,Neutral / Unspecified,97.0,30.0
thắc mắc,1,W03196.mp4,Neutral / Unspecified,95.0,30.0
thắng lợi,1,W03203.mp4,Neutral / Unspecified,101.0,30.0
thắp đèn,1,D0450.mp4,Neutral / Unspecified,98.0,30.0
thẳng hàng (toán học),1,W03201.mp4,Neutral / Unspecified,84.0,30.0
thẳng tắp,1,W03202.mp4,Neutral / Unspecified,123.0,30.0
thẻ,1,W03230.mp4,Neutral / Unspecified,88.0,30.0
thế hệ,1,W03237.mp4,Neutral / Unspecified,111.0,30.0
băng bó,1,W00188.mp4,Neutral / Unspecified,138.0,30.0
thề,1,W03233.mp4,Neutral / Unspecified,89.0,30.0
thềm,1,W03241.mp4,Neutral / Unspecified,134.0,30.0
thị giác,1,W03247.mp4,Neutral / Unspecified,138.0,30.0
thị lực,1,W03248.mp4,Neutral / Unspecified,142.0,30.0
thịnh vượng,1,D0340.mp4,Neutral / Unspecified,103.0,30.0
thối,1,D0381.mp4,Neutral / Unspecified,103.0,30.0
thống nhất,1,W03294.mp4,Neutral / Unspecified,131.0,30.0
thống nhất đất nước,1,D0304.mp4,Neutral / Unspecified,90.0,30.0
thổ dân,1,W01943.mp4,Neutral / Unspecified,91.0,30.0
thổi,1,W03281.mp4,Neutral / Unspecified,136.0,30.0
thổi bóng,1,W03282.mp4,Neutral / Unspecified,142.0,30.0
thổi kèn,1,W03283.mp4,Neutral / Unspecified,149.0,30.0
thờ cúng,1,W03299.mp4,Neutral / Unspecified,122.0,30.0
thời gian biểu,1,W03303.mp4,Neutral / Unspecified,125.0,30.0
thở,1,W03305.mp4,Neutral / Unspecified,155.0,30.0
thở dài,1,W03300.mp4,Neutral / Unspecified,167.0,30.0
thợ kim hoàn,1,W03306.mp4,Neutral / Unspecified,134.0,30.0
thợ rèn,1,W03308.mp4,Neutral / Unspecified,122.0,30.0
thợ thêu,1,W03309.mp4,Neutral / Unspecified,142.0,30.0
thụ phấn (hoa),1,W03427.mp4,Neutral / Unspecified,118.0,30.0
băng chuyền,1,W00189.mp4,Neutral / Unspecified,173.0,30.0
băng dính,1,W00190.mp4,Neutral / Unspecified,142.0,30.0
thủng,1,W03331.mp4,Neutral / Unspecified,111.0,30.0
thủy chung,1,W03344.mp4,Neutral / Unspecified,136.0,30.0
băng giá,1,W00191.mp4,Neutral / Unspecified,152.0,30.0
thứ tự,1,W03357.mp4,Neutral / Unspecified,211.0,30.0
băng hình,1,W00192.mp4,Neutral / Unspecified,130.0,30.0
băng-la-đét (nước băng-la-đét),1,W00193.mp4,Neutral / Unspecified,167.0,30.0
thực hiện,1,W03365.mp4,Neutral / Unspecified,114.0,30.0
thực hành,1,W03364.mp4,Neutral / Unspecified,98.0,30.0
thực phẩm,1,W03366.mp4,Neutral / Unspecified,76.0,30.0
thực sự,1,W03367.mp4,Neutral / Unspecified,92.0,30.0
thực tế,1,W03368.mp4,Neutral / Unspecified,76.0,30.0
thực vật,1,W03369.mp4,Neutral / Unspecified,104.0,30.0
ti hí mắt,1,D0067.mp4,Neutral / Unspecified,132.0,30.0
tia chớp,1,W03386.mp4,Neutral / Unspecified,87.0,30.0
tia nắng,1,W03387.mp4,Neutral / Unspecified,106.0,30.0
tia số,1,W03388.mp4,Neutral / Unspecified,102.0,30.0
tim,1,W03431.mp4,Neutral / Unspecified,118.0,30.0
tin cậy,1,W03435.mp4,Neutral / Unspecified,93.0,30.0
tin học,1,W03436.mp4,Neutral / Unspecified,116.0,30.0
tin nhắn,1,W03437.mp4,Neutral / Unspecified,94.0,30.0
tin tức,1,W03438.mp4,Neutral / Unspecified,79.0,30.0
tinh mắt,1,D0117.mp4,Neutral / Unspecified,331.0,30.0
tinh trùng,1,W03342.mp4,Neutral / Unspecified,94.0,30.0
tiêm,1,W03394.mp4,Neutral / Unspecified,118.0,30.0
tiêu cực,1,W03424.mp4,Neutral / Unspecified,100.0,30.0
tiêu diệt,1,W03425.mp4,Neutral / Unspecified,95.0,30.0
tiêu hoá,1,W03426.mp4,Neutral / Unspecified,104.0,30.0
bơi,1,W00347.mp4,Neutral / Unspecified,197.0,24.0
tiến bộ,1,D0315.mp4,Neutral / Unspecified,118.0,30.0
tiến sĩ,1,W03405.mp4,Neutral / Unspecified,109.0,30.0
bơi lội,1,W00348.mp4,Neutral / Unspecified,185.0,24.0
tiếng nói,1,W03414.mp4,Neutral / Unspecified,92.0,30.0
tiếp nhận,1,W03416.mp4,Neutral / Unspecified,94.0,30.0
tiếp theo,1,W03418.mp4,Neutral / Unspecified,82.0,30.0
tiếp thu,1,W03419.mp4,Neutral / Unspecified,111.0,30.0
tiếp tân,1,D0003.mp4,Neutral / Unspecified,125.0,30.0
bơm (cái bơm),1,W00349.mp4,Neutral / Unspecified,128.0,30.0
bơm nước,1,W00350.mp4,Neutral / Unspecified,119.0,30.0
tiền giang,1,W03398.mp4,Neutral / Unspecified,227.0,30.0
tiểu học,1,W03430.mp4,Neutral / Unspecified,98.0,30.0
tiệc,1,W03393.mp4,Neutral / Unspecified,85.0,30.0
tiện nghi,1,W03407.mp4,Neutral / Unspecified,97.0,30.0
to lớn,1,W03466.mp4,Neutral / Unspecified,129.0,30.0
toa lét,1,W03469.mp4,Neutral / Unspecified,110.0,30.0
bơm xe,1,W00351.mp4,Neutral / Unspecified,114.0,30.0
bưu tá,1,W00393.mp4,Neutral / Unspecified,154.0,30.0
toàn cầu,1,W03476.mp4,Neutral / Unspecified,137.0,30.0
trang phục,1,W03537.mp4,Neutral / Unspecified,152.0,30.0
trang trí,1,W03519.mp4,Neutral / Unspecified,165.0,30.0
trang điểm,1,D0445.mp4,Neutral / Unspecified,120.0,30.0
tranh luận,1,W03542.mp4,Neutral / Unspecified,70.0,30.0
trao tặng,1,W03545.mp4,Neutral / Unspecified,144.0,30.0
bước,1,W00388.mp4,Neutral / Unspecified,146.0,30.0
tri kỉ,1,W03238.mp4,Neutral / Unspecified,113.0,30.0
triều cường,1,W03585.mp4,Neutral / Unspecified,160.0,30.0
triều đình,1,W03587.mp4,Neutral / Unspecified,134.0,30.0
triệu phú,1,W00069.mp4,Neutral / Unspecified,101.0,24.0
trong khoảng,1,D0290.mp4,Neutral / Unspecified,105.0,30.0
bước chân,1,W00389.mp4,Neutral / Unspecified,147.0,30.0
trong suốt,1,W03612.mp4,Neutral / Unspecified,266.0,30.0
trong sáng,1,W03606.mp4,Neutral / Unspecified,114.0,30.0
trung bình,1,W03638.mp4,Neutral / Unspecified,128.0,30.0
bạc liêu,1,W00070.mp4,Neutral / Unspecified,161.0,30.0
bạn yêu bạn ấy,1,D0141.mp4,Neutral / Unspecified,79.0,30.0
trung thành,1,W03644.mp4,Neutral / Unspecified,245.0,30.0
trung tâm,1,W03643.mp4,Neutral / Unspecified,154.0,30.0
trung điểm,1,W03641.mp4,Neutral / Unspecified,103.0,30.0
trung ương,1,W03646.mp4,Neutral / Unspecified,127.0,30.0
truyền dịch,1,W03650.mp4,Neutral / Unspecified,152.0,30.0
truyền thông,1,W03653.mp4,Neutral / Unspecified,133.0,30.0
truyền thống,1,W03654.mp4,Neutral / Unspecified,154.0,30.0
trà,1,W03524.mp4,Neutral / Unspecified,128.0,30.0
trà nóng,1,D0404.mp4,Neutral / Unspecified,128.0,30.0
trà sữa,1,D0405.mp4,Neutral / Unspecified,133.0,30.0
trà vinh,1,W03513.mp4,Neutral / Unspecified,117.0,30.0
trà đá,1,D0403.mp4,Neutral / Unspecified,69.0,30.0
tràn ngập (nước),1,W03536.mp4,Neutral / Unspecified,107.0,30.0
trách mắng,1,W03514.mp4,Neutral / Unspecified,107.0,30.0
trách nhiệm,1,W03528.mp4,Neutral / Unspecified,154.0,30.0
bạn yêu tôi,1,D0138.mp4,Neutral / Unspecified,112.0,30.0
tránh thai,1,W03544.mp4,Neutral / Unspecified,131.0,30.0
trêu,1,W03573.mp4,Neutral / Unspecified,155.0,30.0
trêu tức,1,W03575.mp4,Neutral / Unspecified,159.0,30.0
trình bày,1,W03593.mp4,Neutral / Unspecified,124.0,30.0
trình độ,1,W03594.mp4,Neutral / Unspecified,247.0,30.0
trí khôn,1,W03576.mp4,Neutral / Unspecified,118.0,30.0
trí thức,1,W03578.mp4,Neutral / Unspecified,264.0,30.0
trò chơi,1,W03599.mp4,Neutral / Unspecified,133.0,30.0
tròn,1,W03607.mp4,Neutral / Unspecified,270.0,30.0
tròn trịa (mặt),1,W03605.mp4,Neutral / Unspecified,138.0,30.0
trói tay,1,W03603.mp4,Neutral / Unspecified,118.0,30.0
bạn ấy yêu bạn,1,D0142.mp4,Neutral / Unspecified,77.0,30.0
trông coi,1,W03621.mp4,Neutral / Unspecified,122.0,30.0
trông nhà,1,D0174.mp4,Neutral / Unspecified,68.0,30.0
bạn ấy yêu tôi,1,D0140.mp4,Neutral / Unspecified,142.0,30.0
trùm chăn,1,W03637.mp4,Neutral / Unspecified,131.0,30.0
trú mưa,1,W03632.mp4,Neutral / Unspecified,142.0,30.0
trúng thưởng,1,W03648.mp4,Neutral / Unspecified,90.0,30.0
bản làng,1,W00100.mp4,Neutral / Unspecified,180.0,30.0
bản lề,1,W00101.mp4,Neutral / Unspecified,152.0,30.0
trưng bày,1,W03666.mp4,Neutral / Unspecified,122.0,30.0
bản nhạc,1,W00102.mp4,Neutral / Unspecified,209.0,30.0
trường hợp,1,W03672.mp4,Neutral / Unspecified,257.0,30.0
bản sao (chỉ người),1,W00103.mp4,Neutral / Unspecified,119.0,30.0
bản thân,1,W00104.mp4,Neutral / Unspecified,175.0,30.0
bảng chỉ dẫn,1,W00116.mp4,Neutral / Unspecified,137.0,30.0
bảng chữ cái ngón tay,1,W00118.mp4,Neutral / Unspecified,137.0,30.0
trưởng nhóm,1,W03676.mp4,Neutral / Unspecified,126.0,30.0
trưởng thành,1,W03350.mp4,Neutral / Unspecified,108.0,30.0
trại giam,1,W03517.mp4,Neutral / Unspecified,108.0,30.0
trạm xe buýt,1,W03534.mp4,Neutral / Unspecified,152.0,30.0
trạm y tế,1,W03535.mp4,Neutral / Unspecified,136.0,30.0
trả (đt),1,W03525.mp4,Neutral / Unspecified,91.0,30.0
trả lời,1,W03526.mp4,Neutral / Unspecified,125.0,30.0
trả thù,1,W04065.mp4,Neutral / Unspecified,139.0,30.0
trầm trồ,1,W03554.mp4,Neutral / Unspecified,83.0,30.0
trần nhà,1,W03562.mp4,Neutral / Unspecified,110.0,30.0
trần quốc toản,1,W02806.mp4,Neutral / Unspecified,108.0,30.0
bảng cửu chương,1,W00120.mp4,Neutral / Unspecified,92.0,24.0
trắng tay,1,W03553.mp4,Neutral / Unspecified,162.0,30.0
bảng học sinh,1,W00113.mp4,Neutral / Unspecified,92.0,24.0
bảng màu,1,W00123B.mp4,B (Miền Bắc / North),167.0,30.0
trọng nam khinh nữ,1,W00728.mp4,Neutral / Unspecified,80.0,24.0
trọng tài,1,W03614.mp4,Neutral / Unspecified,142.0,30.0
bảo hiểm,1,W00153.mp4,Neutral / Unspecified,236.0,30.0
trốn tìm,1,D0291.mp4,Neutral / Unspecified,124.0,30.0
trống,1,W03624.mp4,Neutral / Unspecified,163.0,30.0
trống (không có gì),1,W01284.mp4,Neutral / Unspecified,92.0,24.0
trộm cắp,1,W03618.mp4,Neutral / Unspecified,126.0,30.0
trộn (đt),1,W03626.mp4,Neutral / Unspecified,121.0,30.0
trở thành,1,W03629.mp4,Neutral / Unspecified,164.0,30.0
trục hoành,1,W03633.mp4,Neutral / Unspecified,123.0,30.0
trục tung,1,W03634.mp4,Neutral / Unspecified,117.0,30.0
trục xuất,1,W03635.mp4,Neutral / Unspecified,111.0,30.0
bảo thủ,1,W00157.mp4,Neutral / Unspecified,162.0,30.0
bảo tàng,1,W00156.mp4,Neutral / Unspecified,159.0,30.0
trực nhật,1,W03657.mp4,Neutral / Unspecified,129.0,30.0
trực tiếp,1,W03665.mp4,Neutral / Unspecified,133.0,30.0
tung tăng,1,W03696.mp4,Neutral / Unspecified,102.0,30.0
tuy hoà,1,D0015.mp4,Neutral / Unspecified,139.0,30.0
tuyên bố,1,W03701.mp4,Neutral / Unspecified,127.0,30.0
tuyên ngôn,1,W03702.mp4,Neutral / Unspecified,125.0,30.0
tuyên truyền,1,D0339.mp4,Neutral / Unspecified,105.0,30.0
tuyệt vọng,1,W03708.mp4,Neutral / Unspecified,144.0,30.0
tuân lệnh,1,W03683.mp4,Neutral / Unspecified,108.0,30.0
tuân thủ,1,W03684.mp4,Neutral / Unspecified,123.0,30.0
bảo đảm,1,W00152.mp4,Neutral / Unspecified,148.0,30.0
bất hiếu,1,W00207.mp4,Neutral / Unspecified,123.0,30.0
bất khuất,1,D0241.mp4,Neutral / Unspecified,158.0,30.0
bất động,1,W00206.mp4,Neutral / Unspecified,129.0,30.0
tuần trăng mật,1,D0348.mp4,Neutral / Unspecified,91.0,30.0
bầu trời,1,W00212.mp4,Neutral / Unspecified,156.0,30.0
tuốt lúa,1,W03699.mp4,Neutral / Unspecified,144.0,30.0
tuổi thơ,1,W03698.mp4,Neutral / Unspecified,110.0,30.0
tuổi thơ ấu,1,W03297.mp4,Neutral / Unspecified,127.0,30.0
tuỷ sống,1,W03700.mp4,Neutral / Unspecified,144.0,30.0
tài giỏi,1,W03063.mp4,Neutral / Unspecified,109.0,30.0
tài năng,1,W03064.mp4,Neutral / Unspecified,97.0,30.0
tài trợ,1,W03067.mp4,Neutral / Unspecified,94.0,30.0
bẫy chim,1,W00213.mp4,Neutral / Unspecified,194.0,30.0
tàu ngầm,1,W03086.mp4,Neutral / Unspecified,221.0,30.0
tàu thuyền,1,W03087.mp4,Neutral / Unspecified,120.0,30.0
tàu thủy,1,W03088.mp4,Neutral / Unspecified,105.0,30.0
tác dụng,1,W03054.mp4,Neutral / Unspecified,102.0,30.0
tác giả,1,W03056.mp4,Neutral / Unspecified,93.0,30.0
tác phẩm,1,W03058.mp4,Neutral / Unspecified,83.0,30.0
bẫy chuột (dụng cụ),1,W00215.mp4,Neutral / Unspecified,145.0,30.0
tách,1,W03059.mp4,Neutral / Unspecified,101.0,30.0
tách lớp,1,W03060.mp4,Neutral / Unspecified,93.0,30.0
tái phát,1,W03070.mp4,Neutral / Unspecified,140.0,30.0
bậc thang,1,W00203.mp4,Neutral / Unspecified,261.0,30.0
tán thành,1,W03077.mp4,Neutral / Unspecified,97.0,30.0
tát,1,W03084.mp4,Neutral / Unspecified,86.0,30.0
tâm thần,1,W03103.mp4,Neutral / Unspecified,91.0,30.0
tây bắc,1,W03121.mp4,Neutral / Unspecified,100.0,30.0
tây nguyên,1,W03123.mp4,Neutral / Unspecified,96.0,30.0
tây ninh,1,W03124.mp4,Neutral / Unspecified,86.0,30.0
bập bênh,1,W00205.mp4,Neutral / Unspecified,157.0,30.0
tên riêng,1,W03130N.mp4,N (Miền Nam / South),75.0,30.0
bật lửa,1,W00210.mp4,Neutral / Unspecified,167.0,30.0
tình cảm,1,W03447.mp4,Neutral / Unspecified,135.0,30.0
tình cờ,1,W03448.mp4,Neutral / Unspecified,148.0,30.0
tình huống,1,W03449.mp4,Neutral / Unspecified,132.0,30.0
tình yêu,1,W03451.mp4,Neutral / Unspecified,114.0,30.0
tí hon,1,W03383.mp4,Neutral / Unspecified,100.0,30.0
tích (số),1,W03390.mp4,Neutral / Unspecified,131.0,30.0
tích cực,1,W03391.mp4,Neutral / Unspecified,104.0,30.0
tím tái,1,W03434.mp4,Neutral / Unspecified,89.0,30.0
tính,1,W01313.mp4,Neutral / Unspecified,132.0,30.0
tính chất,1,W03455.mp4,Neutral / Unspecified,95.0,30.0
tính chất bằng nhau,1,W03456.mp4,Neutral / Unspecified,126.0,30.0
tính chất cơ bản của phân số,1,W03457.mp4,Neutral / Unspecified,158.0,30.0
tính chất giao hoán,1,W03458.mp4,Neutral / Unspecified,107.0,30.0
tính chất kết hợp,1,W03459.mp4,Neutral / Unspecified,110.0,30.0
tính cách,1,W03454.mp4,Neutral / Unspecified,112.0,30.0
tính nhẩm,1,W03461.mp4,Neutral / Unspecified,83.0,30.0
tính toán,1,W03463.mp4,Neutral / Unspecified,142.0,30.0
tính từ,1,W03464.mp4,Neutral / Unspecified,126.0,30.0
bật đèn,1,W00209.mp4,Neutral / Unspecified,151.0,30.0
tòa soạn,1,W03473.mp4,Neutral / Unspecified,115.0,30.0
tóc dài,1,D0428.mp4,Neutral / Unspecified,111.0,30.0
tóc dựng đứng,1,W04007.mp4,Neutral / Unspecified,120.0,30.0
bắc bán cầu,1,W00179.mp4,Neutral / Unspecified,104.0,24.0
tóc xoăn,1,W03479.mp4,Neutral / Unspecified,129.0,30.0
tóm cổ,1,W03480.mp4,Neutral / Unspecified,146.0,30.0
tóm lược,1,W03481.mp4,Neutral / Unspecified,137.0,30.0
tóm tắt,1,W03482.mp4,Neutral / Unspecified,220.0,30.0
bắc bộ,1,W00181.mp4,Neutral / Unspecified,131.0,30.0
bắc giang,1,W00182.mp4,Neutral / Unspecified,108.0,24.0
tôi yêu bạn ấy,1,D0139.mp4,Neutral / Unspecified,155.0,30.0
tôm hùm,1,D0385.mp4,Neutral / Unspecified,133.0,30.0
tôn thờ,1,W03492.mp4,Neutral / Unspecified,146.0,30.0
bắc kạn,1,W00183.mp4,Neutral / Unspecified,120.0,30.0
tù giam,1,W03678.mp4,Neutral / Unspecified,142.0,30.0
túm tóc,1,W03692.mp4,Neutral / Unspecified,122.0,30.0
tăm,1,W03100.mp4,Neutral / Unspecified,104.0,30.0
tĩnh lặng,1,W03452.mp4,Neutral / Unspecified,153.0,30.0
tươi cười,1,W03725.mp4,Neutral / Unspecified,146.0,30.0
tương lai,1,D0288.mp4,Neutral / Unspecified,98.0,30.0
bắc ninh,1,W00185.mp4,Neutral / Unspecified,71.0,24.0
tương ứng,1,W03729.mp4,Neutral / Unspecified,260.0,30.0
bắn cung tên,1,D0218.mp4,Neutral / Unspecified,235.0,30.0
tưởng,1,W03730.mp4,Neutral / Unspecified,122.0,30.0
bắn súng,1,W00187.mp4,Neutral / Unspecified,515.0,30.0
tượng,1,W03734.mp4,Neutral / Unspecified,141.0,30.0
tượng đài,1,W03735.mp4,Neutral / Unspecified,151.0,30.0
tạm biệt,1,W03075.mp4,Neutral / Unspecified,94.0,30.0
tạo dáng,1,W03081.mp4,Neutral / Unspecified,103.0,30.0
tạo thành,1,W00559.mp4,Neutral / Unspecified,70.0,24.0
tải về,1,D0264.mp4,Neutral / Unspecified,120.0,30.0
tấm lòng,1,W01204.mp4,Neutral / Unspecified,93.0,24.0
bắt,1,W00197.mp4,Neutral / Unspecified,130.0,30.0
tấn công,1,W03107.mp4,Neutral / Unspecified,96.0,30.0
tẩy chay,1,D0354.mp4,Neutral / Unspecified,92.0,30.0
tận số,1,D0221.mp4,Neutral / Unspecified,242.0,30.0
tập hợp (toán học),1,W03110.mp4,Neutral / Unspecified,76.0,30.0
tập hợp rỗng,1,W03111.mp4,Neutral / Unspecified,73.0,30.0
tập làm văn,1,W03112.mp4,Neutral / Unspecified,104.0,30.0
tập thể,1,W03115N.mp4,N (Miền Nam / South),79.0,30.0
bắt buộc,1,W01008.mp4,Neutral / Unspecified,56.0,24.0
tập trung,1,W03117.mp4,Neutral / Unspecified,95.0,30.0
tập viết,1,W03118.mp4,Neutral / Unspecified,143.0,30.0
tặc lưỡi,1,W03099.mp4,Neutral / Unspecified,91.0,30.0
bắt giữ,1,W00199.mp4,Neutral / Unspecified,164.0,30.0
bắt nạt,1,W00200.mp4,Neutral / Unspecified,133.0,30.0
tết thiếu nhi,1,W03133N.mp4,N (Miền Nam / South),90.0,30.0
bắt tay,1,W00202.mp4,Neutral / Unspecified,252.0,30.0
bằng,1,W00194.mp4,Neutral / Unspecified,142.0,30.0
tỉ lệ,1,W03377.mp4,Neutral / Unspecified,107.0,30.0
tỉ mỉ,1,W03379.mp4,Neutral / Unspecified,116.0,30.0
tỉ số,1,W03380.mp4,Neutral / Unspecified,115.0,30.0
tỉ số phần trăm,1,W03381.mp4,Neutral / Unspecified,87.0,30.0
tỉnh,1,D0002.mp4,Neutral / Unspecified,147.0,24.0
tỉnh táo,1,D0300.mp4,Neutral / Unspecified,95.0,30.0
tỏa hương,1,W03474.mp4,Neutral / Unspecified,147.0,30.0
tống tiền,1,W03507.mp4,Neutral / Unspecified,128.0,30.0
tồn tại,1,W00158.mp4,Neutral / Unspecified,91.0,24.0
tổ chim,1,W03488.mp4,Neutral / Unspecified,121.0,30.0
tổ tiên,1,W03494.mp4,Neutral / Unspecified,112.0,30.0
tổ trưởng,1,W03495.mp4,Neutral / Unspecified,134.0,30.0
tổng (số),1,W03502.mp4,Neutral / Unspecified,118.0,30.0
tổng hợp,1,W03503.mp4,Neutral / Unspecified,115.0,30.0
bằng phẳng,1,W00195.mp4,Neutral / Unspecified,148.0,30.0
bế em,1,W00232.mp4,Neutral / Unspecified,149.0,30.0
bến phà,1,W00242.mp4,Neutral / Unspecified,170.0,30.0
bến tre,1,W00244.mp4,Neutral / Unspecified,166.0,30.0
tờ tiền,1,W03512.mp4,Neutral / Unspecified,131.0,30.0
tụ tập,1,W03682.mp4,Neutral / Unspecified,121.0,30.0
tủi thân,1,W03689.mp4,Neutral / Unspecified,140.0,30.0
từ bỏ,1,W03710.mp4,Neutral / Unspecified,154.0,30.0
bến tàu,1,W00243.mp4,Neutral / Unspecified,163.0,30.0
từ ngữ,1,W03712.mp4,Neutral / Unspecified,92.0,24.0
từ phải sang trái,1,W03713.mp4,Neutral / Unspecified,71.0,24.0
bến xe,1,W00245.mp4,Neutral / Unspecified,162.0,30.0
từ trái sang phải,1,W03715.mp4,Neutral / Unspecified,76.0,24.0
từ đồng âm,1,W03711.mp4,Neutral / Unspecified,70.0,24.0
tự (tự làm),1,W03568.mp4,Neutral / Unspecified,91.0,30.0
bể bơi,1,W00230.mp4,Neutral / Unspecified,132.0,30.0
tự giác,1,D0037.mp4,Neutral / Unspecified,109.0,30.0
tự hào,1,D0333.mp4,Neutral / Unspecified,119.0,30.0
bể cá,1,W00231.mp4,Neutral / Unspecified,279.0,30.0
bệ xí,1,W00235.mp4,Neutral / Unspecified,166.0,30.0
tự trọng,1,D0336.mp4,Neutral / Unspecified,103.0,30.0
bệnh nhân,1,W00248.mp4,Neutral / Unspecified,310.0,30.0
u,1,D0514.mp4,Neutral / Unspecified,77.0,24.0
u ám ( trời u ám),1,W03738.mp4,Neutral / Unspecified,145.0,30.0
ung dung,1,W03740.mp4,Neutral / Unspecified,248.0,30.0
bệnh phong/cùi,1,D0366.mp4,Neutral / Unspecified,112.0,30.0
unicef,1,W03744.mp4,Neutral / Unspecified,119.0,30.0
uốn,1,W03745.mp4,Neutral / Unspecified,79.0,30.0
uốn cong,1,W03746.mp4,Neutral / Unspecified,114.0,30.0
uốn dẻo,1,W03747.mp4,Neutral / Unspecified,114.0,24.0
uốn tóc,1,W03748.mp4,Neutral / Unspecified,107.0,30.0
v,1,D0516.mp4,Neutral / Unspecified,63.0,24.0
va chạm,1,W03759.mp4,Neutral / Unspecified,61.0,24.0
va li,1,W03761.mp4,Neutral / Unspecified,226.0,30.0
vai,1,W03767.mp4,Neutral / Unspecified,148.0,30.0
vai trò,1,W03768.mp4,Neutral / Unspecified,135.0,30.0
vi khuẩn,1,W03823.mp4,Neutral / Unspecified,142.0,30.0
viết lia lịa,1,W03842.mp4,Neutral / Unspecified,128.0,30.0
việc làm,1,W03835.mp4,Neutral / Unspecified,90.0,30.0
viện bảo tàng,1,W03840.mp4,Neutral / Unspecified,151.0,30.0
viện nghiên cứu,1,W03841.mp4,Neutral / Unspecified,137.0,30.0
vua hùng,1,W03887.mp4,Neutral / Unspecified,105.0,30.0
bệnh thủy đậu,1,W00247.mp4,Neutral / Unspecified,128.0,30.0
bệnh tật,1,W00249.mp4,Neutral / Unspecified,120.0,30.0
bệnh đao - down,1,D03671.mp4,Neutral / Unspecified,75.0,30.0
vui tính,1,W03892.mp4,Neutral / Unspecified,137.0,30.0
vun đắp,1,W03894.mp4,Neutral / Unspecified,110.0,30.0
vuông góc,1,W03911.mp4,Neutral / Unspecified,108.0,30.0
vuốt tóc,1,W03909.mp4,Neutral / Unspecified,130.0,30.0
vàng (kim loại),1,W03777.mp4,Neutral / Unspecified,115.0,30.0
vàng bạc,1,W03778.mp4,Neutral / Unspecified,118.0,30.0
vào,1,W03780.mp4,Neutral / Unspecified,179.0,30.0
vào lớp,1,W03781.mp4,Neutral / Unspecified,115.0,30.0
bị động,1,W00253.mp4,Neutral / Unspecified,122.0,30.0
vá quần áo,1,W04062.mp4,Neutral / Unspecified,137.0,30.0
vá xe,1,W03784.mp4,Neutral / Unspecified,144.0,30.0
vác,1,W03762.mp4,Neutral / Unspecified,117.0,30.0
vái lạy,1,W03770.mp4,Neutral / Unspecified,132.0,30.0
vái tứ phương,1,W03771.mp4,Neutral / Unspecified,152.0,30.0
vây bắt,1,W03810.mp4,Neutral / Unspecified,111.0,30.0
vé,1,W03814.mp4,Neutral / Unspecified,243.0,30.0
vênh váo,1,W03820.mp4,Neutral / Unspecified,108.0,30.0
bịa đặt,1,W00256.mp4,Neutral / Unspecified,160.0,30.0
bọc sách,1,W00301.mp4,Neutral / Unspecified,153.0,30.0
vòi nước,1,W03858.mp4,Neutral / Unspecified,152.0,30.0
vòi voi,1,W03852.mp4,Neutral / Unspecified,236.0,30.0
vòm lá,1,W03860.mp4,Neutral / Unspecified,132.0,30.0
vòng cung,1,W03861.mp4,Neutral / Unspecified,145.0,30.0
vòng nguyệt quế,1,D0216.mp4,Neutral / Unspecified,125.0,30.0
vòng quanh trái đất,1,W03854.mp4,Neutral / Unspecified,184.0,30.0
vòng tròn,1,W03863.mp4,Neutral / Unspecified,154.0,30.0
vòng đeo tay,1,W03853.mp4,Neutral / Unspecified,95.0,30.0
vòng đời,1,W03862.mp4,Neutral / Unspecified,137.0,30.0
bọt biển,1,W00313.mp4,Neutral / Unspecified,115.0,30.0
vô lo vô nghĩ,1,W03867.mp4,Neutral / Unspecified,136.0,30.0
vô lí,1,W03866.mp4,Neutral / Unspecified,153.0,30.0
vô tâm,1,W03868.mp4,Neutral / Unspecified,131.0,30.0
vô tình,1,D0039.mp4,Neutral / Unspecified,139.0,30.0
vô tư,1,W03870.mp4,Neutral / Unspecified,131.0,30.0
vô ý,1,W03871.mp4,Neutral / Unspecified,141.0,30.0
vô ý thức,1,W03872.mp4,Neutral / Unspecified,116.0,30.0
võ nguyên giáp,1,W03851.mp4,Neutral / Unspecified,143.0,30.0
võ thuật,1,W03856.mp4,Neutral / Unspecified,258.0,30.0
võ thị sáu,1,D0203.mp4,Neutral / Unspecified,181.0,30.0
võng (cái võng),1,W03864.mp4,Neutral / Unspecified,142.0,30.0
vùng vẫy (dành cho người),1,W03903.mp4,Neutral / Unspecified,104.0,30.0
văn,1,W03786.mp4,Neutral / Unspecified,141.0,30.0
văn bản,1,W03787.mp4,Neutral / Unspecified,131.0,30.0
văn miếu quốc tử giám,1,W03791.mp4,Neutral / Unspecified,154.0,30.0
bọt xà phòng,1,W00314.mp4,Neutral / Unspecified,152.0,30.0
vĩ cầm,1,W03826.mp4,Neutral / Unspecified,122.0,30.0
vĩ đại,1,W03827.mp4,Neutral / Unspecified,102.0,30.0
vĩnh long,1,W03846.mp4,Neutral / Unspecified,123.0,30.0
vĩnh phúc,1,W03847.mp4,Neutral / Unspecified,133.0,30.0
vũ công,1,W03885.mp4,Neutral / Unspecified,118.0,30.0
vũ trụ,1,W03886.mp4,Neutral / Unspecified,127.0,30.0
vườn thú,1,W03917.mp4,Neutral / Unspecified,101.0,30.0
vượt trội,1,W03924.mp4,Neutral / Unspecified,99.0,30.0
vạch trần,1,W03765.mp4,Neutral / Unspecified,135.0,30.0
vạch xuất phát,1,W03766.mp4,Neutral / Unspecified,228.0,30.0
vạm vỡ,1,W03773.mp4,Neutral / Unspecified,123.0,30.0
vạt áo,1,W03785.mp4,Neutral / Unspecified,70.0,24.0
bỏ hoang,1,W00292.mp4,Neutral / Unspecified,277.0,30.0
bỏ phiếu,1,W00293.mp4,Neutral / Unspecified,150.0,30.0
bỏ qua,1,W00294.mp4,Neutral / Unspecified,144.0,30.0
bỏ rơi,1,W00295.mp4,Neutral / Unspecified,178.0,30.0
vẫy tay,1,W03812.mp4,Neutral / Unspecified,241.0,30.0
vẫy vùng (cá),1,W03813.mp4,Neutral / Unspecified,137.0,30.0
vận chuyển,1,W03800.mp4,Neutral / Unspecified,85.0,24.0
vận tốc,1,W03804.mp4,Neutral / Unspecified,118.0,30.0
vận động,1,W03801.mp4,Neutral / Unspecified,105.0,30.0
vật,1,W03806.mp4,Neutral / Unspecified,121.0,30.0
bỏng,1,W00305.mp4,Neutral / Unspecified,125.0,30.0
vắn tắt,1,W03794.mp4,Neutral / Unspecified,110.0,30.0
bỏng ngô,1,W00306.mp4,Neutral / Unspecified,150.0,30.0
vắng lặng,1,W03796.mp4,Neutral / Unspecified,94.0,24.0
vắt cam,1,W03797.mp4,Neutral / Unspecified,100.0,30.0
vắt chanh,1,D0398.mp4,Neutral / Unspecified,121.0,30.0
vết thương,1,W03821.mp4,Neutral / Unspecified,105.0,30.0
về (sài gòn),1,D0158N.mp4,N (Miền Nam / South),107.0,30.0
bố,1,W00325.mp4,Neutral / Unspecified,97.0,24.0
về 3 (đi về),1,D0160.mp4,Neutral / Unspecified,129.0,30.0
về 4 (từ nơi khác về),1,D0161.mp4,Neutral / Unspecified,110.0,30.0
về 5 (về nhà),1,D0162.mp4,Neutral / Unspecified,120.0,30.0
vệ sinh cá nhân,1,W03819.mp4,Neutral / Unspecified,124.0,30.0
vị ngữ,1,W03829.mp4,Neutral / Unspecified,124.0,30.0
vị trí,1,W03832.mp4,Neutral / Unspecified,133.0,30.0
vịnh,1,W03848.mp4,Neutral / Unspecified,248.0,30.0
vịnh hạ long,1,W03849.mp4,Neutral / Unspecified,145.0,30.0
vịt quay,1,D0389.mp4,Neutral / Unspecified,113.0,30.0
vỏ,1,W03855.mp4,Neutral / Unspecified,137.0,30.0
vồ,1,W03873.mp4,Neutral / Unspecified,122.0,30.0
vỗ cánh,1,W03875.mp4,Neutral / Unspecified,126.0,30.0
vỗ tay,1,W03876.mp4,Neutral / Unspecified,238.0,30.0
vỗ về,1,D0235.mp4,Neutral / Unspecified,96.0,30.0
vội vã,1,W03878.mp4,Neutral / Unspecified,127.0,30.0
vớt,1,W03884.mp4,Neutral / Unspecified,121.0,30.0
vở chèo,1,W03881.mp4,Neutral / Unspecified,79.0,24.0
vỡ,1,W03882.mp4,Neutral / Unspecified,119.0,30.0
vỡ lòng,1,W03883.mp4,Neutral / Unspecified,118.0,30.0
vợt cầu lông,1,D0448.mp4,Neutral / Unspecified,121.0,30.0
vững chắc,1,W03912.mp4,Neutral / Unspecified,131.0,30.0
vực sâu,1,W01852.mp4,Neutral / Unspecified,79.0,24.0
w,1,D0523.mp4,Neutral / Unspecified,72.0,24.0
bố mẹ,1,W00327.mp4,Neutral / Unspecified,118.0,24.0
xa cách,1,W03925.mp4,Neutral / Unspecified,98.0,30.0
xa vô tận,1,W03869.mp4,Neutral / Unspecified,262.0,30.0
xa xôi,1,W03928.mp4,Neutral / Unspecified,135.0,30.0
bố trí,1,W00320.mp4,Neutral / Unspecified,153.0,30.0
xe ben,1,W03960.mp4,Neutral / Unspecified,152.0,30.0
xe container,1,D0176.mp4,Neutral / Unspecified,150.0,30.0
bốc hơi,1,W00330.mp4,Neutral / Unspecified,114.0,24.0
xe cẩu,1,W03971.mp4,Neutral / Unspecified,150.0,30.0
bốc thăm,1,W00331.mp4,Neutral / Unspecified,110.0,24.0
xe cứu thương,1,W03965.mp4,Neutral / Unspecified,107.0,30.0
bốc vác,1,W00322.mp4,Neutral / Unspecified,125.0,30.0
xe lam,1,W03968.mp4,Neutral / Unspecified,98.0,30.0
xe lu,1,W03969.mp4,Neutral / Unspecified,98.0,30.0
xe máy,1,W03961.mp4,Neutral / Unspecified,127.0,30.0
xe tải,1,W03615.mp4,Neutral / Unspecified,131.0,30.0
xe đạp,1,W03959.mp4,Neutral / Unspecified,109.0,30.0
bối rối,1,D0069.mp4,Neutral / Unspecified,117.0,30.0
xem xét,1,W03974.mp4,Neutral / Unspecified,104.0,30.0
xem đã,1,D0196.mp4,Neutral / Unspecified,113.0,30.0
xen,1,W03975.mp4,Neutral / Unspecified,126.0,30.0
xin lỗi,1,W03990.mp4,Neutral / Unspecified,104.0,30.0
xinh,1,W03991.mp4,Neutral / Unspecified,105.0,30.0
xinh xắn,1,W03992.mp4,Neutral / Unspecified,112.0,30.0
xoa đầu,1,D0105.mp4,Neutral / Unspecified,186.0,30.0
xoá bỏ,1,W03995.mp4,Neutral / Unspecified,99.0,30.0
xoáy,1,W03996.mp4,Neutral / Unspecified,125.0,30.0
xu (tiền),1,W04006.mp4,Neutral / Unspecified,77.0,24.0
xui xẻo,1,D0268N.mp4,N (Miền Nam / South),116.0,30.0
xung phong,1,W04016.mp4,Neutral / Unspecified,142.0,30.0
xung quanh nhà,1,W04017.mp4,Neutral / Unspecified,159.0,30.0
xung đột,1,W04014.mp4,Neutral / Unspecified,107.0,30.0
xuyên việt,1,D0207.mp4,Neutral / Unspecified,128.0,30.0
bốn là,1,D0149.mp4,Neutral / Unspecified,80.0,30.0
xuất khẩu,1,W04011.mp4,Neutral / Unspecified,119.0,30.0
xuống,1,W04019.mp4,Neutral / Unspecified,121.0,30.0
bồ kết,1,W00315.mp4,Neutral / Unspecified,145.0,30.0
bồi bàn,1,W00332.mp4,Neutral / Unspecified,125.0,24.0
xào,1,D0376.mp4,Neutral / Unspecified,224.0,30.0
xác chết,1,W03940.mp4,Neutral / Unspecified,91.0,30.0
xác định,1,W03941.mp4,Neutral / Unspecified,94.0,30.0
xách nặng,1,W03943.mp4,Neutral / Unspecified,154.0,30.0
xách túi,1,W03936.mp4,Neutral / Unspecified,106.0,30.0
xâm hại tình dục,1,W02380.mp4,Neutral / Unspecified,97.0,30.0
xâm lược,1,W03953.mp4,Neutral / Unspecified,120.0,30.0
bồi thường,1,W00333.mp4,Neutral / Unspecified,125.0,24.0
xây nhà,1,W03958.mp4,Neutral / Unspecified,110.0,30.0
xã,1,W03939.mp4,Neutral / Unspecified,226.0,30.0
bồn hoa,1,W00334.mp4,Neutral / Unspecified,141.0,30.0
xé rách,1,W03973.mp4,Neutral / Unspecified,80.0,30.0
bồn rửa bát,1,W00335.mp4,Neutral / Unspecified,130.0,24.0
xích đạo,1,W03986.mp4,Neutral / Unspecified,137.0,30.0
xóa bảng,1,W03993.mp4,Neutral / Unspecified,187.0,30.0
xóm làng,1,W03999.mp4,Neutral / Unspecified,119.0,30.0
xô,1,W04000.mp4,Neutral / Unspecified,125.0,30.0
xôi,1,W04001.mp4,Neutral / Unspecified,110.0,30.0
xôi gà,1,D0089.mp4,Neutral / Unspecified,130.0,30.0
xôi gấc,1,D0088.mp4,Neutral / Unspecified,108.0,30.0
xông hơi,1,W04003.mp4,Neutral / Unspecified,100.0,30.0
xúc xắc,1,W04013.mp4,Neutral / Unspecified,120.0,30.0
xăm,1,W03947.mp4,Neutral / Unspecified,114.0,30.0
xăng,1,W03948.mp4,Neutral / Unspecified,113.0,30.0
xăng-ti-mét (cm),1,W03949.mp4,Neutral / Unspecified,121.0,30.0
xăng-ti-mét-khối (cm3),1,W03950.mp4,Neutral / Unspecified,159.0,30.0
xăng-ti-mét-vuông (cm2),1,W03951.mp4,Neutral / Unspecified,145.0,30.0
bổ ngữ,1,W00317.mp4,Neutral / Unspecified,112.0,30.0
xương rồng,1,W04028.mp4,Neutral / Unspecified,139.0,30.0
xả rác,1,W03933.mp4,Neutral / Unspecified,72.0,24.0
xảy ra,1,D0258.mp4,Neutral / Unspecified,103.0,30.0
xẻng,1,W03976.mp4,Neutral / Unspecified,122.0,30.0
xếp,1,W03978.mp4,Neutral / Unspecified,117.0,30.0
xếp hàng,1,W03979.mp4,Neutral / Unspecified,100.0,30.0
xếp hàng dọc,1,W03980.mp4,Neutral / Unspecified,92.0,30.0
xếp hàng ngang,1,W03981.mp4,Neutral / Unspecified,98.0,30.0
xếp hàng ưu tiên,1,W03982.mp4,Neutral / Unspecified,130.0,30.0
xếp hình,1,W03983.mp4,Neutral / Unspecified,107.0,30.0
xịt côn trùng,1,W01043.mp4,Neutral / Unspecified,153.0,30.0
xứ nghệ,1,W04023.mp4,Neutral / Unspecified,112.0,30.0
xử lý,1,D0115.mp4,Neutral / Unspecified,131.0,30.0
y,1,D0518N.mp4,N (Miền Nam / South),64.0,24.0
y tế,1,W04034.mp4,Neutral / Unspecified,114.0,30.0
y-éc-xanh,1,W04031.mp4,Neutral / Unspecified,128.0,30.0
yên bái,1,W04043.mp4,Neutral / Unspecified,119.0,30.0
yên bình,1,W04044.mp4,Neutral / Unspecified,151.0,30.0
yên lòng,1,W04046.mp4,Neutral / Unspecified,146.0,30.0
yên ngựa,1,W00942.mp4,Neutral / Unspecified,127.0,30.0
yên tâm,1,W04048.mp4,Neutral / Unspecified,136.0,30.0
bổ trợ,1,W00318.mp4,Neutral / Unspecified,156.0,30.0
bổ ích,1,W00316.mp4,Neutral / Unspecified,156.0,30.0
yêu nước việt nam,1,D0232.mp4,Neutral / Unspecified,320.0,30.0
yếm,1,W04041.mp4,Neutral / Unspecified,88.0,30.0
bộ sách,1,W00329.mp4,Neutral / Unspecified,125.0,24.0
yếu tố,1,W04060.mp4,Neutral / Unspecified,132.0,30.0
z,1,D0519.mp4,Neutral / Unspecified,170.0,24.0
ác,1,W00000.mp4,Neutral / Unspecified,120.0,30.0
ác cảm,1,W00001.mp4,Neutral / Unspecified,130.0,30.0
ác mộng,1,W00003.mp4,Neutral / Unspecified,118.0,30.0
ác độc,1,W00002.mp4,Neutral / Unspecified,114.0,30.0
áo,1,W00028.mp4,Neutral / Unspecified,119.0,30.0
áo cánh,1,W00030.mp4,Neutral / Unspecified,98.0,30.0
áo kẻ sọc,1,D0302.mp4,Neutral / Unspecified,127.0,30.0
áo len,1,W00033.mp4,Neutral / Unspecified,106.0,30.0
áo phao,1,W00034.mp4,Neutral / Unspecified,130.0,30.0
bộ truyện,1,W00321.mp4,Neutral / Unspecified,116.0,30.0
bột giặt,1,W00340.mp4,Neutral / Unspecified,132.0,30.0
áo ấm,1,W00029.mp4,Neutral / Unspecified,113.0,30.0
áp phích,1,W00036.mp4,Neutral / Unspecified,141.0,30.0
bớt,1,W00353.mp4,Neutral / Unspecified,120.0,30.0
âm thanh,1,W00045.mp4,Neutral / Unspecified,118.0,30.0
bớt đi,1,W00354.mp4,Neutral / Unspecified,101.0,30.0
âu cơ,1,W00062.mp4,Neutral / Unspecified,114.0,30.0
bờ biển,1,W00344.mp4,Neutral / Unspecified,144.0,30.0
ê đê,1,W01357.mp4,Neutral / Unspecified,128.0,30.0
ê-ti-ô-pi-a (nước ê-ti-ô-pi-a),1,W01360.mp4,Neutral / Unspecified,136.0,30.0
ích lợi,1,W01727.mp4,Neutral / Unspecified,95.0,30.0
ít,1,W01730.mp4,Neutral / Unspecified,106.0,30.0
ít hơn,1,W01731.mp4,Neutral / Unspecified,131.0,30.0
ít nhất,1,W01732.mp4,Neutral / Unspecified,110.0,30.0
óc,1,W02557.mp4,Neutral / Unspecified,159.0,30.0
bờ ruộng,1,W00346.mp4,Neutral / Unspecified,160.0,30.0
ô nhiễm,1,W02559.mp4,Neutral / Unspecified,134.0,30.0
ô tô,1,W02561.mp4,Neutral / Unspecified,107.0,30.0
ô ăn quan,1,W02558.mp4,Neutral / Unspecified,111.0,30.0
ô-lim-píc,1,D0215.mp4,Neutral / Unspecified,140.0,30.0
ôm,1,W02565.mp4,Neutral / Unspecified,102.0,30.0
ôn luyện,1,W02569.mp4,Neutral / Unspecified,105.0,30.0
ôn tập,1,W02570.mp4,Neutral / Unspecified,105.0,30.0
bờ rào,1,W00345.mp4,Neutral / Unspecified,123.0,30.0
ông già,1,W02572.mp4,Neutral / Unspecified,122.0,30.0
bờm tóc,1,W00352.mp4,Neutral / Unspecified,71.0,24.0
bụi tre,1,W01827.mp4,Neutral / Unspecified,264.0,30.0
úp,1,W03749.mp4,Neutral / Unspecified,110.0,30.0
ý chí,1,W04035.mp4,Neutral / Unspecified,107.0,30.0
bụi đời,1,W00358.mp4,Neutral / Unspecified,156.0,30.0
ý thức,1,W04039.mp4,Neutral / Unspecified,106.0,30.0
ý tưởng,1,W04040.mp4,Neutral / Unspecified,131.0,30.0
bụng,1,W00362.mp4,Neutral / Unspecified,135.0,30.0
ăn bám,1,D0338.mp4,Neutral / Unspecified,98.0,30.0
ăn cóc,1,D0600.mp4,Neutral / Unspecified,120.0,30.0
ăn diện,1,W00039.mp4,Neutral / Unspecified,144.0,30.0
ăn hối lộ,1,W00040.mp4,Neutral / Unspecified,142.0,30.0
ăn uống,1,W00042.mp4,Neutral / Unspecified,280.0,30.0
ăn vú sữa,1,D0172.mp4,Neutral / Unspecified,105.0,30.0
ăn vú sữa (bằng thìa),1,D0171.mp4,Neutral / Unspecified,135.0,30.0
ăn vặt,1,W00043.mp4,Neutral / Unspecified,119.0,30.0
ăn vụng,1,D0257.mp4,Neutral / Unspecified,78.0,30.0
ăn vừa,1,D0441.mp4,Neutral / Unspecified,123.0,30.0
ăn xin,1,W00044.mp4,Neutral / Unspecified,116.0,30.0
ăn ít,1,D0442.mp4,Neutral / Unspecified,82.0,30.0
ăn đủ,1,D0440.mp4,Neutral / Unspecified,98.0,30.0
đ,1,D0495.mp4,Neutral / Unspecified,105.0,24.0
đan,1,W01095.mp4,Neutral / Unspecified,126.0,30.0
đau bụng,1,D0356.mp4,Neutral / Unspecified,110.0,30.0
đau chân,1,D0358.mp4,Neutral / Unspecified,89.0,30.0
đau mắt,1,D0355.mp4,Neutral / Unspecified,104.0,30.0
đau mắt đỏ,1,D0446.mp4,Neutral / Unspecified,140.0,30.0
đau tai,1,D0359.mp4,Neutral / Unspecified,122.0,30.0
đau tay,1,D0357.mp4,Neutral / Unspecified,105.0,30.0
bức tường,1,W00387.mp4,Neutral / Unspecified,165.0,30.0
đen đủi,1,D0267B.mp4,B (Miền Bắc / North),245.0,30.0
đeo kính,1,W01164.mp4,Neutral / Unspecified,122.0,30.0
đi,1,W01190.mp4,Neutral / Unspecified,107.0,30.0
bữa cơm,1,W00385.mp4,Neutral / Unspecified,148.0,30.0
đi học,1,W01191.mp4,Neutral / Unspecified,109.0,30.0
"đi lạc (đường, rừng..)",1,D0251.mp4,Neutral / Unspecified,140.0,30.0
đi tuần,1,D0234.mp4,Neutral / Unspecified,135.0,30.0
đi vệ sinh,1,D0486.mp4,Neutral / Unspecified,115.0,30.0
đinh,1,W01219.mp4,Neutral / Unspecified,78.0,30.0
điêu khắc,1,W01210.mp4,Neutral / Unspecified,158.0,30.0
bực mình,1,D0036.mp4,Neutral / Unspecified,140.0,30.0
điều khiển,1,W01214.mp4,Neutral / Unspecified,133.0,30.0
điều kiện,1,W01215.mp4,Neutral / Unspecified,116.0,30.0
c,1,D0493.mp4,Neutral / Unspecified,82.0,24.0
điều tra,1,W01216.mp4,Neutral / Unspecified,135.0,30.0
điều trị,1,W01217.mp4,Neutral / Unspecified,170.0,30.0
điểm ở giữa đoạn thẳng,1,W01203.mp4,Neutral / Unspecified,143.0,30.0
ca,1,W00395.mp4,Neutral / Unspecified,138.0,30.0
điện biên phủ,1,W01207.mp4,Neutral / Unspecified,154.0,30.0
điện thoại,1,W01208.mp4,Neutral / Unspecified,179.0,30.0
đo,1,W01227.mp4,Neutral / Unspecified,118.0,30.0
đoàn cải lương,1,W01229.mp4,Neutral / Unspecified,149.0,30.0
đoàn thanh niên,1,W01231.mp4,Neutral / Unspecified,135.0,30.0
đoàn tụ,1,W01232.mp4,Neutral / Unspecified,157.0,30.0
đoán,1,W01234.mp4,Neutral / Unspecified,121.0,30.0
đoạn thơ,1,W01236.mp4,Neutral / Unspecified,138.0,30.0
đoạn thẳng,1,W01235.mp4,Neutral / Unspecified,124.0,30.0
đoạn văn,1,W01237.mp4,Neutral / Unspecified,145.0,30.0
đu bai (nước đu bai),1,D0011.mp4,Neutral / Unspecified,100.0,30.0
đua ngựa,1,W01315.mp4,Neutral / Unspecified,118.0,30.0
đua thuyền,1,W01316.mp4,Neutral / Unspecified,133.0,30.0
đua xe máy,1,W01317.mp4,Neutral / Unspecified,124.0,30.0
đua đòi,1,D0460.mp4,Neutral / Unspecified,114.0,30.0
đun nấu,1,W01321.mp4,Neutral / Unspecified,119.0,30.0
đuôi,1,W01323.mp4,Neutral / Unspecified,128.0,30.0
đuôi chuột,1,D0076.mp4,Neutral / Unspecified,164.0,30.0
đuôi cá,1,D0075.mp4,Neutral / Unspecified,134.0,30.0
đuốc,1,W01322.mp4,Neutral / Unspecified,119.0,30.0
đài sen,1,W01080.mp4,Neutral / Unspecified,100.0,30.0
đàn bướm,1,W01099.mp4,Neutral / Unspecified,96.0,30.0
đàn bầu,1,W01098.mp4,Neutral / Unspecified,126.0,30.0
đàn ghi ta,1,W01100.mp4,Neutral / Unspecified,96.0,30.0
đàn kiến,1,W01101.mp4,Neutral / Unspecified,108.0,30.0
đàn tơ-rưng,1,W01103.mp4,Neutral / Unspecified,224.0,30.0
đàn xê lô đại vĩ cầm,1,W01096.mp4,Neutral / Unspecified,97.0,24.0
đàng hoàng,1,D0226.mp4,Neutral / Unspecified,116.0,30.0
đàng ngoài,1,W01104.mp4,Neutral / Unspecified,100.0,30.0
đàng trong,1,W01105.mp4,Neutral / Unspecified,83.0,30.0
đào tạo,1,W01115.mp4,Neutral / Unspecified,79.0,30.0
đá bóng,1,W01078.mp4,Neutral / Unspecified,182.0,30.0
đám ma,1,W01093.mp4,Neutral / Unspecified,182.0,30.0
đám mây,1,W01094.mp4,Neutral / Unspecified,105.0,30.0
đáng quý,1,W01106.mp4,Neutral / Unspecified,91.0,30.0
đánh,1,W01107.mp4,Neutral / Unspecified,82.0,30.0
đánh bắt,1,W01108.mp4,Neutral / Unspecified,94.0,30.0
đánh cầu lông,1,D0343.mp4,Neutral / Unspecified,119.0,30.0
đánh giá,1,W01110.mp4,Neutral / Unspecified,87.0,30.0
ca nô,1,W00396.mp4,Neutral / Unspecified,136.0,30.0
đánh trống,1,W01113.mp4,Neutral / Unspecified,86.0,30.0
cao (người),1,W00415.mp4,Neutral / Unspecified,148.0,30.0
đèn lồng,1,W01158.mp4,Neutral / Unspecified,134.0,30.0
cao (nhà),1,W004152.mp4,Neutral / Unspecified,155.0,30.0
cao (núi),1,W004153.mp4,Neutral / Unspecified,150.0,30.0
cao (vật),1,W004151.mp4,Neutral / Unspecified,131.0,30.0
đèn ông sao,1,D0212.mp4,Neutral / Unspecified,242.0,30.0
cao bằng,1,W00417.mp4,Neutral / Unspecified,144.0,30.0
đèn đỏ,1,W01156.mp4,Neutral / Unspecified,162.0,30.0
đèo,1,W01166.mp4,Neutral / Unspecified,97.0,30.0
cao nguyên,1,W00419.mp4,Neutral / Unspecified,147.0,30.0
đích,1,W01201.mp4,Neutral / Unspecified,71.0,24.0
đòi,1,D0462.mp4,Neutral / Unspecified,110.0,30.0
đòi hỏi,1,D0463.mp4,Neutral / Unspecified,123.0,30.0
đói không?,1,D0371.mp4,Neutral / Unspecified,119.0,30.0
đón,1,W01241.mp4,Neutral / Unspecified,146.0,30.0
đón tiếp,1,W01242.mp4,Neutral / Unspecified,144.0,24.0
đóng cửa,1,W01243.mp4,Neutral / Unspecified,118.0,30.0
đóng dấu,1,W01244.mp4,Neutral / Unspecified,135.0,30.0
đóng góp,1,W01246.mp4,Neutral / Unspecified,118.0,30.0
đô thị,1,W01248.mp4,Neutral / Unspecified,118.0,30.0
đôi chân,1,W01273.mp4,Neutral / Unspecified,146.0,30.0
đôi dép,1,W01255.mp4,Neutral / Unspecified,112.0,30.0
đôi tay,1,W01274.mp4,Neutral / Unspecified,129.0,30.0
đôi/cặp,1,D0424.mp4,Neutral / Unspecified,121.0,30.0
đông dương,1,W01286.mp4,Neutral / Unspecified,108.0,30.0
đông lạnh,1,W01287.mp4,Neutral / Unspecified,116.0,30.0
đông nam,1,W01262.mp4,Neutral / Unspecified,115.0,30.0
đông nam á,1,W01263.mp4,Neutral / Unspecified,253.0,30.0
đông timor (nước đông timor),1,W01288.mp4,Neutral / Unspecified,102.0,30.0
cao quý,1,W00420.mp4,Neutral / Unspecified,148.0,30.0
đùm bọc,1,D0324.mp4,Neutral / Unspecified,114.0,30.0
cao thấp,1,W00422.mp4,Neutral / Unspecified,309.0,30.0
đăng ký,1,W01126.mp4,Neutral / Unspecified,93.0,30.0
đăng nhập,1,W01127.mp4,Neutral / Unspecified,80.0,30.0
đĩa,1,W01192.mp4,Neutral / Unspecified,121.0,30.0
đĩa dvd,1,W01193.mp4,Neutral / Unspecified,134.0,30.0
đũa,1,W01318.mp4,Neutral / Unspecified,120.0,30.0
đơn giản,1,W01305.mp4,Neutral / Unspecified,161.0,30.0
đưa đón,1,W01325.mp4,Neutral / Unspecified,118.0,30.0
đường biên giới,1,W01329.mp4,Neutral / Unspecified,131.0,30.0
đường bộ,1,W01330.mp4,Neutral / Unspecified,138.0,30.0
đường cao,1,W01331.mp4,Neutral / Unspecified,130.0,30.0
đường chéo,1,W01332.mp4,Neutral / Unspecified,117.0,30.0
đường chỉ tay,1,W00569.mp4,Neutral / Unspecified,132.0,30.0
đường hàng không,1,W01335.mp4,Neutral / Unspecified,161.0,30.0
đường hầm,1,W01336.mp4,Neutral / Unspecified,150.0,30.0
đường kính,1,W01337.mp4,Neutral / Unspecified,111.0,30.0
đường nguyễn huệ,1,W01341.mp4,Neutral / Unspecified,130.0,30.0
đường ray xe lửa,1,W03172.mp4,Neutral / Unspecified,118.0,30.0
đường sắt,1,W01343.mp4,Neutral / Unspecified,128.0,30.0
đường thuỷ,1,W01345.mp4,Neutral / Unspecified,164.0,30.0
đường thẳng,1,W01344.mp4,Neutral / Unspecified,146.0,30.0
đường tròn,1,W01346.mp4,Neutral / Unspecified,157.0,30.0
cao tầng,1,W00421.mp4,Neutral / Unspecified,159.0,30.0
đại dương,1,W01083.mp4,Neutral / Unspecified,100.0,30.0
đại số,1,W01085.mp4,Neutral / Unspecified,110.0,30.0
đại sứ,1,D0253.mp4,Neutral / Unspecified,109.0,30.0
đại tá,1,W01086.mp4,Neutral / Unspecified,113.0,30.0
đại tướng,1,W01088.mp4,Neutral / Unspecified,117.0,30.0
đại úy,1,W01089.mp4,Neutral / Unspecified,131.0,30.0
đạn,1,W01114.mp4,Neutral / Unspecified,82.0,30.0
đạo diễn,1,D0093.mp4,Neutral / Unspecified,211.0,30.0
đảm nhiệm,1,W01092.mp4,Neutral / Unspecified,104.0,30.0
đảng,1,D0425.mp4,Neutral / Unspecified,108.0,30.0
đảo,1,W01116.mp4,Neutral / Unspecified,101.0,30.0
đảo hoàng sa,1,W03076.mp4,Neutral / Unspecified,89.0,30.0
đảo lý sơn,1,W01117.mp4,Neutral / Unspecified,105.0,30.0
đảo phú quốc,1,W01118.mp4,Neutral / Unspecified,98.0,30.0
đảo trường sa,1,W03073.mp4,Neutral / Unspecified,86.0,30.0
đất,1,W01135.mp4,Neutral / Unspecified,70.0,30.0
đất màu mỡ,1,W01137.mp4,Neutral / Unspecified,88.0,24.0
đất nước bị chia cắt (việt nam),1,D0303.mp4,Neutral / Unspecified,153.0,30.0
đất nặn,1,W01138.mp4,Neutral / Unspecified,88.0,30.0
đất ruộng,1,D0116.mp4,Neutral / Unspecified,148.0,30.0
đất trồng cây,1,W01140.mp4,Neutral / Unspecified,110.0,30.0
đấu tranh,1,W01146.mp4,Neutral / Unspecified,144.0,30.0
đấu vật,1,W01148.mp4,Neutral / Unspecified,150.0,30.0
đầu gối,1,W01141.mp4,Neutral / Unspecified,105.0,30.0
đầu hàng,1,W01142.mp4,Neutral / Unspecified,79.0,30.0
đầu tiên,1,W01144.mp4,Neutral / Unspecified,80.0,30.0
đầu tàu,1,W01143.mp4,Neutral / Unspecified,160.0,30.0
đầu tư,1,D0260.mp4,Neutral / Unspecified,80.0,30.0
đầu xuôi đuôi lọt,1,W01145.mp4,Neutral / Unspecified,147.0,30.0
đầy,1,W01149.mp4,Neutral / Unspecified,218.0,30.0
đầy tớ,1,W01151.mp4,Neutral / Unspecified,137.0,30.0
đầy đủ,1,W01150.mp4,Neutral / Unspecified,123.0,30.0
đẩy,1,W01152.mp4,Neutral / Unspecified,119.0,30.0
đập,1,W01134.mp4,Neutral / Unspecified,205.0,30.0
đắk lắk,1,W01125.mp4,Neutral / Unspecified,87.0,30.0
đắt đỏ,1,W01131.mp4,Neutral / Unspecified,90.0,30.0
đằng sau,1,W01128.mp4,Neutral / Unspecified,91.0,30.0
đằng trước,1,W01129.mp4,Neutral / Unspecified,82.0,30.0
cao tốc,1,W00423.mp4,Neutral / Unspecified,130.0,30.0
đặc điểm,1,W01124.mp4,Neutral / Unspecified,105.0,30.0
đặng văn ngữ,1,W01130.mp4,Neutral / Unspecified,131.0,30.0
đặt,1,W01132.mp4,Neutral / Unspecified,90.0,30.0
cao độ,1,W00418.mp4,Neutral / Unspecified,151.0,30.0
cau có,1,W00425.mp4,Neutral / Unspecified,118.0,30.0
đẹp mê hồn,1,W01172.mp4,Neutral / Unspecified,176.0,30.0
đẹp đẽ (như đẹp),1,W01170.mp4,Neutral / Unspecified,134.0,30.0
đếm,1,W01184.mp4,Neutral / Unspecified,71.0,24.0
cha,1,W00481.mp4,Neutral / Unspecified,112.0,30.0
đề phòng,1,W02804.mp4,Neutral / Unspecified,115.0,30.0
đề tài,1,W01179.mp4,Neutral / Unspecified,71.0,24.0
đề-ca-mét (dam),1,W01175.mp4,Neutral / Unspecified,142.0,30.0
đề-ca-mét vuông (dam2),1,W01176.mp4,Neutral / Unspecified,136.0,30.0
đề-xi-mét (dm),1,W01181.mp4,Neutral / Unspecified,115.0,30.0
đề-xi-mét khối (dm3),1,W01182.mp4,Neutral / Unspecified,123.0,30.0
đề-xi-mét vuông (dm2),1,W01183.mp4,Neutral / Unspecified,123.0,30.0
đền,1,W01185N.mp4,N (Miền Nam / South),114.0,30.0
đền hùng,1,W01186.mp4,Neutral / Unspecified,146.0,30.0
đều đặn,1,W01188.mp4,Neutral / Unspecified,114.0,30.0
để (đặt),1,W01173.mp4,Neutral / Unspecified,120.0,30.0
đệm,1,W04069.mp4,Neutral / Unspecified,140.0,30.0
đỉnh,1,W01224.mp4,Neutral / Unspecified,112.0,30.0
đỉnh núi,1,W01225.mp4,Neutral / Unspecified,131.0,30.0
cha mẹ,1,W00482.mp4,Neutral / Unspecified,115.0,30.0
địa cầu,1,W01194.mp4,Neutral / Unspecified,105.0,30.0
địa hình,1,D0478.mp4,Neutral / Unspecified,148.0,30.0
địa lí,1,W01199.mp4,Neutral / Unspecified,82.0,30.0
địa điểm,1,W01197.mp4,Neutral / Unspecified,74.0,24.0
địa đạo củ chi,1,W01196.mp4,Neutral / Unspecified,143.0,30.0
định vị,1,W01226.mp4,Neutral / Unspecified,87.0,24.0
đọc sách,1,W01239.mp4,Neutral / Unspecified,127.0,30.0
đỏ thắm,1,W02922.mp4,Neutral / Unspecified,99.0,30.0
đối diện,1,W01257.mp4,Neutral / Unspecified,121.0,30.0
đối thoại,1,W01279.mp4,Neutral / Unspecified,136.0,30.0
đối tượng,1,W01258.mp4,Neutral / Unspecified,136.0,30.0
đối xứng,1,W01281.mp4,Neutral / Unspecified,109.0,30.0
đối xử,1,W01280.mp4,Neutral / Unspecified,182.0,30.0
đồ chơi,1,W01249.mp4,Neutral / Unspecified,148.0,30.0
đồ dùng dạy học,1,W01250.mp4,Neutral / Unspecified,134.0,30.0
đồ dùng học tập,1,W01251.mp4,Neutral / Unspecified,153.0,30.0
đồ uống,1,D0443.mp4,Neutral / Unspecified,103.0,30.0
đồ ăn,1,D0444.mp4,Neutral / Unspecified,114.0,30.0
đồn công an,1,W01261.mp4,Neutral / Unspecified,134.0,30.0
đồng bào,1,W01289.mp4,Neutral / Unspecified,124.0,30.0
đồng bằng,1,W01264.mp4,Neutral / Unspecified,145.0,30.0
đồng bằng duyên hải miền trung,1,D0063.mp4,Neutral / Unspecified,136.0,30.0
đồng bằng sông cửu long,1,D0061.mp4,Neutral / Unspecified,150.0,30.0
đồng bằng sông hồng,1,D0062.mp4,Neutral / Unspecified,155.0,30.0
đồng hồ,1,W01265.mp4,Neutral / Unspecified,126.0,30.0
đồng lúa,1,W01293.mp4,Neutral / Unspecified,148.0,30.0
đồng nai,1,W01266.mp4,Neutral / Unspecified,134.0,30.0
chai,1,W00485.mp4,Neutral / Unspecified,79.0,30.0
đồng ruộng,1,W01295.mp4,Neutral / Unspecified,101.0,30.0
đồng tháp mười,1,W01267.mp4,Neutral / Unspecified,129.0,30.0
đồng tiền,1,W01296.mp4,Neutral / Unspecified,129.0,30.0
đổ nước,1,W01268.mp4,Neutral / Unspecified,91.0,24.0
đổi,1,W01256.mp4,Neutral / Unspecified,139.0,30.0
đổi mới,1,W01277.mp4,Neutral / Unspecified,135.0,30.0
độc hại,1,W01254.mp4,Neutral / Unspecified,67.0,24.0
độc lập,1,W01272.mp4,Neutral / Unspecified,117.0,30.0
đội thiếu niên,1,W01283.mp4,Neutral / Unspecified,161.0,30.0
đội trưởng,1,W01260.mp4,Neutral / Unspecified,129.0,30.0
động cơ,1,W01299.mp4,Neutral / Unspecified,139.0,30.0
động viên,1,W01302.mp4,Neutral / Unspecified,134.0,30.0
đỡ,1,W01314.mp4,Neutral / Unspecified,106.0,30.0
chai nước,1,W00486.mp4,Neutral / Unspecified,100.0,30.0
đứng nghiêm,1,W01326.mp4,Neutral / Unspecified,99.0,30.0
ẩm ướt,1,W00050.mp4,Neutral / Unspecified,126.0,30.0
ế ẩm,1,W01358.mp4,Neutral / Unspecified,104.0,30.0
ốc vít,1,W02564.mp4,Neutral / Unspecified,212.0,30.0
ốm đau,1,W02567.mp4,Neutral / Unspecified,151.0,30.0
ống nghe,1,W02577.mp4,Neutral / Unspecified,132.0,30.0
ống nhòm,1,W02578.mp4,Neutral / Unspecified,234.0,30.0
ống nước,1,W02579.mp4,Neutral / Unspecified,130.0,30.0
ổn định,1,W02571.mp4,Neutral / Unspecified,121.0,30.0
chanh muối,1,D0402.mp4,Neutral / Unspecified,110.0,30.0
ở trong,1,W02581.mp4,Neutral / Unspecified,129.0,30.0
ủng,1,W03741.mp4,Neutral / Unspecified,139.0,30.0
ủng hộ,1,W03742.mp4,Neutral / Unspecified,115.0,30.0
ủy ban,1,W03750.mp4,Neutral / Unspecified,146.0,30.0
ủy ban nhân dân,1,W037511.mp4,Neutral / Unspecified,148.0,30.0
chanh nóng,1,D0401.mp4,Neutral / Unspecified,114.0,30.0
ức chế,1,W03752.mp4,Neutral / Unspecified,174.0,30.0
chanh đá,1,D0400.mp4,Neutral / Unspecified,112.0,30.0
che chở,1,W00546.mp4,Neutral / Unspecified,78.0,30.0
10,1,D0539.mp4,Neutral / Unspecified,85.0,30.0
che phủ,1,W00547.mp4,Neutral / Unspecified,127.0,30.0
100,1,D0547.mp4,Neutral / Unspecified,81.0,24.0
1000 (một nghìn),1,D0548N.mp4,N (Miền Nam / South),151.0,24.0
chen lấn,1,W00551.mp4,Neutral / Unspecified,113.0,30.0
chi hội,1,W00561.mp4,Neutral / Unspecified,95.0,30.0
2,1,D0531.mp4,Neutral / Unspecified,115.0,30.0
2 < 5 (toán học),1,D0299.mp4,Neutral / Unspecified,158.0,30.0
2 < 6 (toán học),1,D0181.mp4,Neutral / Unspecified,129.0,30.0
chi tiết,1,W00563.mp4,Neutral / Unspecified,83.0,30.0
3,1,D0532.mp4,Neutral / Unspecified,108.0,30.0
chi-lê (nước chi-lê),1,W00573.mp4,Neutral / Unspecified,109.0,30.0
4,1,D0533.mp4,Neutral / Unspecified,112.0,30.0
1,1,D0530.mp4,Neutral / Unspecified,124.0,30.0
