video_id,file_name,file_path,file_size_mb,gloss_raw,gloss_normalized,possible_region_or_dialect,possible_signer_id,num_frames,fps,width,height,fast_md5,status
1,D0001N.mp4,C:\Users\Admin\Python Advanced\Deep Learning - CV\Project\data\Dataset\Videos\D0001N.mp4,0.568,địa chỉ,địa chỉ,N (Miền Nam / South),unknown,133,29.97,1280,720,4587e36aca2e216f58a4c1a2f8222719,VALID
2,D0001T.mp4,C:\Users\Admin\Python Advanced\Deep Learning - CV\Project\data\Dataset\Videos\D0001T.mp4,0.558,địa chỉ,địa chỉ,T (Miền Trung / Central),unknown,133,29.97,1280,720,ce2d83e29d8e003686a4e3a7cd3a22f2,VALID
3,D0001B.mp4,C:\Users\Admin\Python Advanced\Deep Learning - CV\Project\data\Dataset\Videos\D0001B.mp4,0.655,địa chỉ,địa chỉ,B (Miền Bắc / North),unknown,130,29.97,1280,720,609b66454872d9ee01341e9e95b6cbfd,VALID
4,D0002.mp4,C:\Users\Admin\Python Advanced\Deep Learning - CV\Project\data\Dataset\Videos\D0002.mp4,0.957,tỉnh,tỉnh,Neutral / Unspecified,unknown,147,23.98,1280,720,4577aeccac5629c12810627af3c0e2c3,VALID
5,D0004.mp4,C:\Users\Admin\Python Advanced\Deep Learning - CV\Project\data\Dataset\Videos\D0004.mp4,0.647,nhân viên,nhân viên,Neutral / Unspecified,unknown,125,29.97,1280,720,7e242f16af9ba21eb4d5bf79672a27ac,VALID
6,D0003.mp4,C:\Users\Admin\Python Advanced\Deep Learning - CV\Project\data\Dataset\Videos\D0003.mp4,0.534,tiếp tân,tiếp tân,Neutral / Unspecified,unknown,125,29.97,1280,720,a17c2cb7c70121eb1abdcfd73b7fae3b,VALID
7,D0005B.mp4,C:\Users\Admin\Python Advanced\Deep Learning - CV\Project\data\Dataset\Videos\D0005B.mp4,0.835,Miến Điện (nước Mi-an-ma),miến điện (nước mi-an-ma),B (Miền Bắc / North),unknown,184,29.97,1280,720,3cb27b90291c542c17188bf16d5f861b,VALID
8,D0006.mp4,C:\Users\Admin\Python Advanced\Deep Learning - CV\Project\data\Dataset\Videos\D0006.mp4,0.55,Ma Cao,ma cao,Neutral / Unspecified,unknown,115,29.97,1280,720,e93e1236b7a1e5e1be8ccdff0645085b,VALID
9,D0007.mp4,C:\Users\Admin\Python Advanced\Deep Learning - CV\Project\data\Dataset\Videos\D0007.mp4,0.745,Do Thái,do thái,Neutral / Unspecified,unknown,150,29.97,1280,720,155ea01efda890a89d0e1138ddca9479,VALID
10,D0008.mp4,C:\Users\Admin\Python Advanced\Deep Learning - CV\Project\data\Dataset\Videos\D0008.mp4,0.438,Ả Rập (nước Ả Rập),ả rập (nước ả rập),Neutral / Unspecified,unknown,99,29.97,1280,720,66e95486ccded1f54abc2c7261a3e97b,VALID
11,D0009.mp4,C:\Users\Admin\Python Advanced\Deep Learning - CV\Project\data\Dataset\Videos\D0009.mp4,0.362,phương Tây,phương tây,Neutral / Unspecified,unknown,99,29.97,1280,720,c7b9cb99d1d2320364f5569d00b42ea8,VALID
12,D0010.mp4,C:\Users\Admin\Python Advanced\Deep Learning - CV\Project\data\Dataset\Videos\D0010.mp4,0.512,phương Đông,phương đông,Neutral / Unspecified,unknown,126,29.97,1280,720,1cb86cbdc1a0abcd5be1e9e6634ddfdd,VALID
13,D0011.mp4,C:\Users\Admin\Python Advanced\Deep Learning - CV\Project\data\Dataset\Videos\D0011.mp4,0.433,Đu Bai (nước Đu Bai),đu bai (nước đu bai),Neutral / Unspecified,unknown,100,29.97,1280,720,a094cf993cdb5f4b9288b19393c357c6,VALID
14,D0012.mp4,C:\Users\Admin\Python Advanced\Deep Learning - CV\Project\data\Dataset\Videos\D0012.mp4,0.638,Albania (nước Albania),albania (nước albania),Neutral / Unspecified,unknown,145,29.97,1280,720,b59fb690695f58875a9ebaf3348adea5,VALID
15,D0014.mp4,C:\Users\Admin\Python Advanced\Deep Learning - CV\Project\data\Dataset\Videos\D0014.mp4,0.79,nhập khẩu,nhập khẩu,Neutral / Unspecified,unknown,137,29.97,1280,720,1fa61212f4d8c3a6d947dab12ab541f0,VALID
16,D0015.mp4,C:\Users\Admin\Python Advanced\Deep Learning - CV\Project\data\Dataset\Videos\D0015.mp4,0.681,Tuy Hoà,tuy hoà,Neutral / Unspecified,unknown,139,29.97,1280,720,1d728dbf5b33fb485702736ae729c4b8,VALID
17,D0016.mp4,C:\Users\Admin\Python Advanced\Deep Learning - CV\Project\data\Dataset\Videos\D0016.mp4,0.572,Quy Nhơn,quy nhơn,Neutral / Unspecified,unknown,118,29.97,1280,720,24e301ce885b72617d0009fc1abe6ecd,VALID
18,D0017.mp4,C:\Users\Admin\Python Advanced\Deep Learning - CV\Project\data\Dataset\Videos\D0017.mp4,0.56,hấp dẫn,hấp dẫn,Neutral / Unspecified,unknown,115,29.97,1280,720,e7cad9510ac5d052b6d594b4ed99d7d4,VALID
19,D0018.mp4,C:\Users\Admin\Python Advanced\Deep Learning - CV\Project\data\Dataset\Videos\D0018.mp4,0.807,nổi da gà,nổi da gà,Neutral / Unspecified,unknown,143,29.97,1280,720,2535dec544717cdb9e3acf047ec57832,VALID
20,D0019B.mp4,C:\Users\Admin\Python Advanced\Deep Learning - CV\Project\data\Dataset\Videos\D0019B.mp4,0.405,ghen tị,ghen tị,B (Miền Bắc / North),unknown,107,29.97,1280,720,f7a125cae1f9bacf4c939a3a754b9d70,VALID
21,D0019N.mp4,C:\Users\Admin\Python Advanced\Deep Learning - CV\Project\data\Dataset\Videos\D0019N.mp4,0.624,ghen tị,ghen tị,N (Miền Nam / South),unknown,127,29.97,1280,720,a9877c65b305a19a64e2f085456e4543,VALID
22,D0019T.mp4,C:\Users\Admin\Python Advanced\Deep Learning - CV\Project\data\Dataset\Videos\D0019T.mp4,0.623,ghen tị,ghen tị,T (Miền Trung / Central),unknown,127,29.97,1280,720,2d0bffccd0959eda2ec19698b731af0e,VALID
23,D0020B.mp4,C:\Users\Admin\Python Advanced\Deep Learning - CV\Project\data\Dataset\Videos\D0020B.mp4,0.795,lung tung,lung tung,B (Miền Bắc / North),unknown,131,29.97,1280,720,bfe22829c4f4ff601b20245448cc03b9,VALID
24,D0020N.mp4,C:\Users\Admin\Python Advanced\Deep Learning - CV\Project\data\Dataset\Videos\D0020N.mp4,0.396,lung tung,lung tung,N (Miền Nam / South),unknown,90,29.97,1280,720,eedf1eb8c314cca9b3b85f539ed124b9,VALID
25,D0022.mp4,C:\Users\Admin\Python Advanced\Deep Learning - CV\Project\data\Dataset\Videos\D0022.mp4,0.376,cười nhếch mép,cười nhếch mép,Neutral / Unspecified,unknown,93,29.97,1280,720,64071eacb54476b001aa4422da58f20c,VALID
26,D0020T.mp4,C:\Users\Admin\Python Advanced\Deep Learning - CV\Project\data\Dataset\Videos\D0020T.mp4,1.689,lung tung,lung tung,T (Miền Trung / Central),unknown,257,29.97,1280,720,f5c694ea329afac2254ebbc4556a52fb,VALID
27,D0023.mp4,C:\Users\Admin\Python Advanced\Deep Learning - CV\Project\data\Dataset\Videos\D0023.mp4,0.59,cười vỡ bụng,cười vỡ bụng,Neutral / Unspecified,unknown,117,29.97,1280,720,7acace2ec5db716cca0603b0df6c7978,VALID
28,D0024N.mp4,C:\Users\Admin\Python Advanced\Deep Learning - CV\Project\data\Dataset\Videos\D0024N.mp4,1.14,tham ăn,tham ăn,N (Miền Nam / South),unknown,183,29.97,1280,720,54c0818882801b7be6e3f84a117b1cf1,VALID
29,D0024B.mp4,C:\Users\Admin\Python Advanced\Deep Learning - CV\Project\data\Dataset\Videos\D0024B.mp4,0.999,tham ăn,tham ăn,B (Miền Bắc / North),unknown,174,29.97,1280,720,7d27eb43fd2d735d1c2f88fb2dda3a27,VALID
30,D0024T.mp4,C:\Users\Admin\Python Advanced\Deep Learning - CV\Project\data\Dataset\Videos\D0024T.mp4,1.14,tham ăn,tham ăn,T (Miền Trung / Central),unknown,183,29.97,1280,720,467af59a3a3419130ac9367618ea2457,VALID
31,D0028.mp4,C:\Users\Admin\Python Advanced\Deep Learning - CV\Project\data\Dataset\Videos\D0028.mp4,0.461,đứng đầu (hàng đầu),đứng đầu (hàng đầu),Neutral / Unspecified,unknown,98,29.97,1280,720,d527c9a58bdf4c69e750c5e273647c60,VALID
32,D0029B.mp4,C:\Users\Admin\Python Advanced\Deep Learning - CV\Project\data\Dataset\Videos\D0029B.mp4,0.538,thói quen,thói quen,B (Miền Bắc / North),unknown,129,29.97,1280,720,5191d9cbf3f7a91385317bb62cf8c685,VALID
33,D0029N.mp4,C:\Users\Admin\Python Advanced\Deep Learning - CV\Project\data\Dataset\Videos\D0029N.mp4,0.533,thói quen,thói quen,N (Miền Nam / South),unknown,117,29.97,1280,720,3eea1ef13875f80b275a0d01347ae723,VALID
34,D0029T.mp4,C:\Users\Admin\Python Advanced\Deep Learning - CV\Project\data\Dataset\Videos\D0029T.mp4,0.491,thói quen,thói quen,T (Miền Trung / Central),unknown,117,29.97,1280,720,c43d0c2573686e0bbeb86d9552dcd7d5,VALID
35,D0030.mp4,C:\Users\Admin\Python Advanced\Deep Learning - CV\Project\data\Dataset\Videos\D0030.mp4,0.882,khuyến khích,khuyến khích,Neutral / Unspecified,unknown,134,29.97,1280,720,85665983297fa2ec3eb44dd7c2b7862f,VALID
36,D0031B.mp4,C:\Users\Admin\Python Advanced\Deep Learning - CV\Project\data\Dataset\Videos\D0031B.mp4,0.643,không nghe lời,không nghe lời,B (Miền Bắc / North),unknown,138,29.97,1280,720,a3b0aa631f9c4a5ca2dc98de10813aa1,VALID
37,D0031N.mp4,C:\Users\Admin\Python Advanced\Deep Learning - CV\Project\data\Dataset\Videos\D0031N.mp4,0.418,không nghe lời,không nghe lời,N (Miền Nam / South),unknown,97,29.97,1280,720,c0e6561db8be80f1bd4fbb5928671640,VALID
38,D0031T.mp4,C:\Users\Admin\Python Advanced\Deep Learning - CV\Project\data\Dataset\Videos\D0031T.mp4,0.417,không nghe lời,không nghe lời,T (Miền Trung / Central),unknown,97,29.97,1280,720,e6b5f867916763d5f67f5fb22e0ee1c1,VALID
39,D0032.mp4,C:\Users\Admin\Python Advanced\Deep Learning - CV\Project\data\Dataset\Videos\D0032.mp4,0.589,ai cho,ai cho,Neutral / Unspecified,unknown,114,29.97,1280,720,c45ab22492e47c9e98121bef37173447,VALID
40,D0033B.mp4,C:\Users\Admin\Python Advanced\Deep Learning - CV\Project\data\Dataset\Videos\D0033B.mp4,0.567,không cho,không cho,B (Miền Bắc / North),unknown,111,29.97,1280,720,b4fd52e62b9757d5a5061c65b76d9ddd,VALID
41,D0033T.mp4,C:\Users\Admin\Python Advanced\Deep Learning - CV\Project\data\Dataset\Videos\D0033T.mp4,0.657,không cho,không cho,T (Miền Trung / Central),unknown,125,29.97,1280,720,bf4328261fece0386071ca84b40d3d06,VALID
42,D0034.mp4,C:\Users\Admin\Python Advanced\Deep Learning - CV\Project\data\Dataset\Videos\D0034.mp4,0.557,không cần,không cần,Neutral / Unspecified,unknown,104,29.97,1280,720,f4e2a0dfec9e464a840c2e9ceb66c455,VALID
43,D0033N.mp4,C:\Users\Admin\Python Advanced\Deep Learning - CV\Project\data\Dataset\Videos\D0033N.mp4,0.658,không cho,không cho,N (Miền Nam / South),unknown,125,29.97,1280,720,c330785ff4913e416dbcfb2586f9574b,VALID
44,D0035B.mp4,C:\Users\Admin\Python Advanced\Deep Learning - CV\Project\data\Dataset\Videos\D0035B.mp4,0.302,không nên,không nên,B (Miền Bắc / North),unknown,83,29.97,1280,720,96e97d3cbd0021de295f1c8299c35f81,VALID
45,D0035N.mp4,C:\Users\Admin\Python Advanced\Deep Learning - CV\Project\data\Dataset\Videos\D0035N.mp4,0.35,không nên,không nên,N (Miền Nam / South),unknown,95,29.97,1280,720,df554d18a13d45838dd345b9d7cc5eea,VALID
46,D0035T.mp4,C:\Users\Admin\Python Advanced\Deep Learning - CV\Project\data\Dataset\Videos\D0035T.mp4,0.349,không nên,không nên,T (Miền Trung / Central),unknown,87,29.97,1280,720,af06dfc9792686af0b523c3ea4320906,VALID
47,D0036.mp4,C:\Users\Admin\Python Advanced\Deep Learning - CV\Project\data\Dataset\Videos\D0036.mp4,0.785,bực mình,bực mình,Neutral / Unspecified,unknown,140,29.97,1280,720,4977a510516a5c742847a2fd57b6f4e3,VALID
48,D0038.mp4,C:\Users\Admin\Python Advanced\Deep Learning - CV\Project\data\Dataset\Videos\D0038.mp4,0.768,mù chữ,mù chữ,Neutral / Unspecified,unknown,144,29.97,1280,720,0caaaa58983ab097841cb39db7dbc8af,VALID
49,D0039.mp4,C:\Users\Admin\Python Advanced\Deep Learning - CV\Project\data\Dataset\Videos\D0039.mp4,0.703,vô tình,vô tình,Neutral / Unspecified,unknown,139,29.97,1280,720,ff63628da0ab3dd5a85b3b523c8c5142,VALID
50,D0040B.mp4,C:\Users\Admin\Python Advanced\Deep Learning - CV\Project\data\Dataset\Videos\D0040B.mp4,0.714,Tết hàn thực,tết hàn thực,B (Miền Bắc / North),unknown,120,29.97,1280,720,fd801ec38ef3731b02a3f75f8d8a382e,VALID
51,D0040N.mp4,C:\Users\Admin\Python Advanced\Deep Learning - CV\Project\data\Dataset\Videos\D0040N.mp4,0.473,Tết hàn thực,tết hàn thực,N (Miền Nam / South),unknown,99,29.97,1280,720,676f6ee9f3a235405c09f93cf9f80e88,VALID
52,D0040T.mp4,C:\Users\Admin\Python Advanced\Deep Learning - CV\Project\data\Dataset\Videos\D0040T.mp4,0.658,Tết hàn thực,tết hàn thực,T (Miền Trung / Central),unknown,123,29.97,1280,720,afa0f6136bf0c034fdc330e4e8215a81,VALID
53,D0041.mp4,C:\Users\Admin\Python Advanced\Deep Learning - CV\Project\data\Dataset\Videos\D0041.mp4,0.562,giỗ,giỗ,Neutral / Unspecified,unknown,97,29.97,1280,720,d738c1a31242b7e86a468ef20b0f1aca,VALID
54,D0042B.mp4,C:\Users\Admin\Python Advanced\Deep Learning - CV\Project\data\Dataset\Videos\D0042B.mp4,0.741,ngày Quốc tế phụ nữ 8/3,ngày quốc tế phụ nữ 8/3,B (Miền Bắc / North),unknown,139,29.97,1280,720,97f2f429e9b00f6558596fc35dc6a2cf,VALID
55,D0042N.mp4,C:\Users\Admin\Python Advanced\Deep Learning - CV\Project\data\Dataset\Videos\D0042N.mp4,0.73,ngày Quốc tế phụ nữ 8/3,ngày quốc tế phụ nữ 8/3,N (Miền Nam / South),unknown,131,29.97,1280,720,d9d552e79ce4e2691db09394b242c53b,VALID
56,D0042T.mp4,C:\Users\Admin\Python Advanced\Deep Learning - CV\Project\data\Dataset\Videos\D0042T.mp4,0.794,ngày Quốc tế phụ nữ 8/3,ngày quốc tế phụ nữ 8/3,T (Miền Trung / Central),unknown,140,29.97,1280,720,ba557ef59c34114300d2454ee5dd2521,VALID
57,D0043B.mp4,C:\Users\Admin\Python Advanced\Deep Learning - CV\Project\data\Dataset\Videos\D0043B.mp4,1.101,ngày giải phóng thủ đô 10/10,ngày giải phóng thủ đô 10/10,B (Miền Bắc / North),unknown,165,29.97,1280,720,e90bcff4e76a664551a85639cff73331,VALID
58,D0043T.mp4,C:\Users\Admin\Python Advanced\Deep Learning - CV\Project\data\Dataset\Videos\D0043T.mp4,1.056,ngày giải phóng thủ đô 10/10,ngày giải phóng thủ đô 10/10,T (Miền Trung / Central),unknown,165,29.97,1280,720,02f2fc71a898a962ba446ada9c781bcd,VALID
59,D0044B.mp4,C:\Users\Admin\Python Advanced\Deep Learning - CV\Project\data\Dataset\Videos\D0044B.mp4,0.702,ngày Giải phóng miền Nam 30/4,ngày giải phóng miền nam 30/4,B (Miền Bắc / North),unknown,131,29.97,1280,720,167e9c7ca3dc56c58d919cb76056b7b0,VALID
60,D0044N.mp4,C:\Users\Admin\Python Advanced\Deep Learning - CV\Project\data\Dataset\Videos\D0044N.mp4,0.909,ngày Giải phóng miền Nam 30/4,ngày giải phóng miền nam 30/4,N (Miền Nam / South),unknown,154,29.97,1280,720,7010bbd7bcf3ba3e8289dcbf67a629bb,VALID
61,D0045B.mp4,C:\Users\Admin\Python Advanced\Deep Learning - CV\Project\data\Dataset\Videos\D0045B.mp4,0.664,ngày Người khuyết tật Việt Nam 18/4,ngày người khuyết tật việt nam 18/4,B (Miền Bắc / North),unknown,119,29.97,1280,720,798ded56e83c5412781d28d14075fb89,VALID
62,D0045T.mp4,C:\Users\Admin\Python Advanced\Deep Learning - CV\Project\data\Dataset\Videos\D0045T.mp4,0.749,ngày Người khuyết tật Việt Nam 18/4,ngày người khuyết tật việt nam 18/4,T (Miền Trung / Central),unknown,149,29.97,1280,720,8266030ae820b5c22e6e6564971d8035,VALID
63,D0046B.mp4,C:\Users\Admin\Python Advanced\Deep Learning - CV\Project\data\Dataset\Videos\D0046B.mp4,1.164,ngày Người khuyết tật Thế giới 3/12,ngày người khuyết tật thế giới 3/12,B (Miền Bắc / North),unknown,187,29.97,1280,720,869a3e07321c8ea0aa7c9a80da35a727,VALID
64,D0046N.mp4,C:\Users\Admin\Python Advanced\Deep Learning - CV\Project\data\Dataset\Videos\D0046N.mp4,0.634,ngày Người khuyết tật Thế giới 3/12,ngày người khuyết tật thế giới 3/12,N (Miền Nam / South),unknown,124,29.97,1280,720,4111163ba5556d4beabbac7dca1a441c,VALID
65,D0046T.mp4,C:\Users\Admin\Python Advanced\Deep Learning - CV\Project\data\Dataset\Videos\D0046T.mp4,0.779,ngày Người khuyết tật Thế giới 3/12,ngày người khuyết tật thế giới 3/12,T (Miền Trung / Central),unknown,142,29.97,1280,720,439605672c538b1df83dc5d8de4a752e,VALID
66,D0048B.mp4,C:\Users\Admin\Python Advanced\Deep Learning - CV\Project\data\Dataset\Videos\D0048B.mp4,1.216,lễ Halloween 31/10,lễ halloween 31/10,B (Miền Bắc / North),unknown,191,29.97,1280,720,015f94bb3dbe989f2a5aef1fb77e0b86,VALID
67,D0048N.mp4,C:\Users\Admin\Python Advanced\Deep Learning - CV\Project\data\Dataset\Videos\D0048N.mp4,0.595,lễ Halloween 31/10,lễ halloween 31/10,N (Miền Nam / South),unknown,116,29.97,1280,720,625d99ec986054a81d611178e283f657,VALID
68,D0049B.mp4,C:\Users\Admin\Python Advanced\Deep Learning - CV\Project\data\Dataset\Videos\D0049B.mp4,0.576,ngày Phụ nữ Việt Nam 20/10,ngày phụ nữ việt nam 20/10,B (Miền Bắc / North),unknown,104,29.97,1280,720,282be4032642acdcc4877bc2e4f2cb9d,VALID
69,D0048T.mp4,C:\Users\Admin\Python Advanced\Deep Learning - CV\Project\data\Dataset\Videos\D0048T.mp4,1.217,lễ Halloween 31/10,lễ halloween 31/10,T (Miền Trung / Central),unknown,191,29.97,1280,720,c76cd9bcfff7c1ef4e66980323802d16,VALID
70,D0049T.mp4,C:\Users\Admin\Python Advanced\Deep Learning - CV\Project\data\Dataset\Videos\D0049T.mp4,0.769,ngày Phụ nữ Việt Nam 20/10,ngày phụ nữ việt nam 20/10,T (Miền Trung / Central),unknown,145,29.97,1280,720,759914c48cf895f69e671768366eb793,VALID
71,D0050B.mp4,C:\Users\Admin\Python Advanced\Deep Learning - CV\Project\data\Dataset\Videos\D0050B.mp4,0.646,ngày thương bình liệt sĩ 27/7,ngày thương bình liệt sĩ 27/7,B (Miền Bắc / North),unknown,126,29.97,1280,720,e8d92a206fbc6138492684b71a2b9405,VALID
72,D0050N.mp4,C:\Users\Admin\Python Advanced\Deep Learning - CV\Project\data\Dataset\Videos\D0050N.mp4,0.58,ngày thương bình liệt sĩ 27/7,ngày thương bình liệt sĩ 27/7,N (Miền Nam / South),unknown,114,29.97,1280,720,0523da274e15edef10ff6361f2d08d32,VALID
73,D0050T.mp4,C:\Users\Admin\Python Advanced\Deep Learning - CV\Project\data\Dataset\Videos\D0050T.mp4,0.61,ngày thương bình liệt sĩ 27/7,ngày thương bình liệt sĩ 27/7,T (Miền Trung / Central),unknown,126,29.97,1280,720,42d04aa55d639466a3f4572a231de025,VALID
74,D0051B.mp4,C:\Users\Admin\Python Advanced\Deep Learning - CV\Project\data\Dataset\Videos\D0051B.mp4,0.786,ngày giỗ tổ Hùng Vương (âm lịch 10/3),ngày giỗ tổ hùng vương (âm lịch 10/3),B (Miền Bắc / North),unknown,155,29.97,1280,720,61010fdde5f3e4cc3ed3fd5f474ea273,VALID
75,D0051N.mp4,C:\Users\Admin\Python Advanced\Deep Learning - CV\Project\data\Dataset\Videos\D0051N.mp4,0.77,ngày giỗ tổ Hùng Vương (âm lịch 10/3),ngày giỗ tổ hùng vương (âm lịch 10/3),N (Miền Nam / South),unknown,144,29.97,1280,720,1e21375b612c438306fea8e077e9b6b8,VALID
76,D0051T.mp4,C:\Users\Admin\Python Advanced\Deep Learning - CV\Project\data\Dataset\Videos\D0051T.mp4,0.787,ngày giỗ tổ Hùng Vương (âm lịch 10/3),ngày giỗ tổ hùng vương (âm lịch 10/3),T (Miền Trung / Central),unknown,155,29.97,1280,720,1ff67217b3666fd941a92cb4a1b304db,VALID
77,D0052B.mp4,C:\Users\Admin\Python Advanced\Deep Learning - CV\Project\data\Dataset\Videos\D0052B.mp4,0.61,ngày Ngôn ngữ kí hiệu Quốc tế 23/9,ngày ngôn ngữ kí hiệu quốc tế 23/9,B (Miền Bắc / North),unknown,107,29.97,1280,720,d744c36de61c44b43405f71c009b7bfb,VALID
78,D0053N.mp4,C:\Users\Admin\Python Advanced\Deep Learning - CV\Project\data\Dataset\Videos\D0053N.mp4,1.397,tuần lễ người Điếc thế giới,tuần lễ người điếc thế giới,N (Miền Nam / South),unknown,211,29.97,1280,720,72f6e9d67ec66ab8069fe2f13b655dc4,VALID
79,D0053T.mp4,C:\Users\Admin\Python Advanced\Deep Learning - CV\Project\data\Dataset\Videos\D0053T.mp4,1.217,tuần lễ người Điếc thế giới,tuần lễ người điếc thế giới,T (Miền Trung / Central),unknown,175,29.97,1280,720,3eaa06598d31b531b6cc88c76fa8125e,VALID
80,D0054B.mp4,C:\Users\Admin\Python Advanced\Deep Learning - CV\Project\data\Dataset\Videos\D0054B.mp4,0.684,ngày của Mẹ,ngày của mẹ,B (Miền Bắc / North),unknown,137,29.97,1280,720,cb792f2ae9e632baffe7696c03476435,VALID
81,D0054N.mp4,C:\Users\Admin\Python Advanced\Deep Learning - CV\Project\data\Dataset\Videos\D0054N.mp4,0.8,ngày của Mẹ,ngày của mẹ,N (Miền Nam / South),unknown,144,29.97,1280,720,e41ab4a61ad6d35c643e69ea86248e65,VALID
82,D0054T.mp4,C:\Users\Admin\Python Advanced\Deep Learning - CV\Project\data\Dataset\Videos\D0054T.mp4,0.687,ngày của Mẹ,ngày của mẹ,T (Miền Trung / Central),unknown,137,29.97,1280,720,ba3e883cbfa2db52cddc4dba6f6256da,VALID
83,D0055B.mp4,C:\Users\Admin\Python Advanced\Deep Learning - CV\Project\data\Dataset\Videos\D0055B.mp4,0.812,ngày của Cha,ngày của cha,B (Miền Bắc / North),unknown,149,29.97,1280,720,0ea146c520f13294e2c2ef4eacc8745e,VALID
84,D0055N.mp4,C:\Users\Admin\Python Advanced\Deep Learning - CV\Project\data\Dataset\Videos\D0055N.mp4,0.794,ngày của Cha,ngày của cha,N (Miền Nam / South),unknown,145,29.97,1280,720,9ad55ce84ed1fa8c4fc095a03a7b92c2,VALID
85,D0055T.mp4,C:\Users\Admin\Python Advanced\Deep Learning - CV\Project\data\Dataset\Videos\D0055T.mp4,0.812,ngày của Cha,ngày của cha,T (Miền Trung / Central),unknown,149,29.97,1280,720,b9f5085a60b2b2991a3400e0741231c3,VALID
86,D0056B.mp4,C:\Users\Admin\Python Advanced\Deep Learning - CV\Project\data\Dataset\Videos\D0056B.mp4,1.049,ngày gia đình Việt Nam 28/6,ngày gia đình việt nam 28/6,B (Miền Bắc / North),unknown,162,29.97,1280,720,3682ccdbdf0861f234530c8a2d98b93b,VALID
87,D0056N.mp4,C:\Users\Admin\Python Advanced\Deep Learning - CV\Project\data\Dataset\Videos\D0056N.mp4,0.893,ngày gia đình Việt Nam 28/6,ngày gia đình việt nam 28/6,N (Miền Nam / South),unknown,148,29.97,1280,720,ff29c5ea978366462a9b3f5395b79eaa,VALID
88,D0056T.mp4,C:\Users\Admin\Python Advanced\Deep Learning - CV\Project\data\Dataset\Videos\D0056T.mp4,1.166,ngày gia đình Việt Nam 28/6,ngày gia đình việt nam 28/6,T (Miền Trung / Central),unknown,199,29.97,1280,720,96eef6cbde524ab56360fcdf1650fe53,VALID
89,D0057B.mp4,C:\Users\Admin\Python Advanced\Deep Learning - CV\Project\data\Dataset\Videos\D0057B.mp4,0.83,ngày thầy thuốc Việt Nam,ngày thầy thuốc việt nam,B (Miền Bắc / North),unknown,156,29.97,1280,720,3540e341953d6400f0f9ace540be833a,VALID
90,D0057N.mp4,C:\Users\Admin\Python Advanced\Deep Learning - CV\Project\data\Dataset\Videos\D0057N.mp4,0.832,ngày thầy thuốc Việt Nam,ngày thầy thuốc việt nam,N (Miền Nam / South),unknown,168,29.97,1280,720,0fda5fc96b6697d9fc89032686598dd3,VALID
91,D0058B.mp4,C:\Users\Admin\Python Advanced\Deep Learning - CV\Project\data\Dataset\Videos\D0058B.mp4,0.704,ngày thành lập quân đội nhân dân Việt Nam,ngày thành lập quân đội nhân dân việt nam,B (Miền Bắc / North),unknown,147,29.97,1280,720,9247b808d1dc3dfddccf23fc30486b7e,VALID
92,D0058N.mp4,C:\Users\Admin\Python Advanced\Deep Learning - CV\Project\data\Dataset\Videos\D0058N.mp4,0.823,ngày thành lập quân đội nhân dân Việt Nam,ngày thành lập quân đội nhân dân việt nam,N (Miền Nam / South),unknown,159,29.97,1280,720,f73e4ad3708af3fa8abad220e8bd3d5d,VALID
93,D0058T.mp4,C:\Users\Admin\Python Advanced\Deep Learning - CV\Project\data\Dataset\Videos\D0058T.mp4,0.704,ngày thành lập quân đội nhân dân Việt Nam,ngày thành lập quân đội nhân dân việt nam,T (Miền Trung / Central),unknown,147,29.97,1280,720,61984432138928ef9d219441fb2c129e,VALID
94,D0059.mp4,C:\Users\Admin\Python Advanced\Deep Learning - CV\Project\data\Dataset\Videos\D0059.mp4,0.476,con cá sấu,con cá sấu,Neutral / Unspecified,unknown,106,29.97,1280,720,8738687a95412279ebfa8047aab97910,VALID
95,D0060B.mp4,C:\Users\Admin\Python Advanced\Deep Learning - CV\Project\data\Dataset\Videos\D0060B.mp4,0.358,nhầm,nhầm,B (Miền Bắc / North),unknown,87,29.97,1280,720,d467faf4458644ecd40ea7fe5af6a1fd,VALID
96,D0060N.mp4,C:\Users\Admin\Python Advanced\Deep Learning - CV\Project\data\Dataset\Videos\D0060N.mp4,0.473,nhầm,nhầm,N (Miền Nam / South),unknown,108,29.97,1280,720,02b25f1945ad27278d25965b16d14f54,VALID
97,D0060T.mp4,C:\Users\Admin\Python Advanced\Deep Learning - CV\Project\data\Dataset\Videos\D0060T.mp4,0.475,nhầm,nhầm,T (Miền Trung / Central),unknown,108,29.97,1280,720,f0c5182ee96b3787e1079787a56dc319,VALID
98,D0061.mp4,C:\Users\Admin\Python Advanced\Deep Learning - CV\Project\data\Dataset\Videos\D0061.mp4,0.875,đồng bằng sông Cửu Long,đồng bằng sông cửu long,Neutral / Unspecified,unknown,150,29.97,1280,720,c7e5b1f855dc5925cad16574e7be03f9,VALID
99,D0062.mp4,C:\Users\Admin\Python Advanced\Deep Learning - CV\Project\data\Dataset\Videos\D0062.mp4,0.682,đồng bằng sông Hồng,đồng bằng sông hồng,Neutral / Unspecified,unknown,155,29.97,1280,720,585fdde2ff1e02c231a968828c31ef1f,VALID
100,D0064.mp4,C:\Users\Admin\Python Advanced\Deep Learning - CV\Project\data\Dataset\Videos\D0064.mp4,0.835,buồn thảm,buồn thảm,Neutral / Unspecified,unknown,156,29.97,1280,720,105c178e1353c07b34d87517f64b16f7,VALID
101,D0065B.mp4,C:\Users\Admin\Python Advanced\Deep Learning - CV\Project\data\Dataset\Videos\D0065B.mp4,0.583,mách,mách,B (Miền Bắc / North),unknown,126,29.97,1280,720,d9c517e6571d09b8618ea53cfc65d486,VALID
102,D0065N.mp4,C:\Users\Admin\Python Advanced\Deep Learning - CV\Project\data\Dataset\Videos\D0065N.mp4,0.548,mách,mách,N (Miền Nam / South),unknown,111,29.97,1280,720,3e8cac767c4d130074cf4f354018af0d,VALID
103,D0065T.mp4,C:\Users\Admin\Python Advanced\Deep Learning - CV\Project\data\Dataset\Videos\D0065T.mp4,0.548,mách,mách,T (Miền Trung / Central),unknown,111,29.97,1280,720,e8fc52e5433fd30ce8e50c0bb65342fc,VALID
104,D0066B.mp4,C:\Users\Admin\Python Advanced\Deep Learning - CV\Project\data\Dataset\Videos\D0066B.mp4,0.4,vô duyên,vô duyên,B (Miền Bắc / North),unknown,109,29.97,1280,720,4934944ae76006db0e103d808f4632be,VALID
105,D0066N.mp4,C:\Users\Admin\Python Advanced\Deep Learning - CV\Project\data\Dataset\Videos\D0066N.mp4,0.415,vô duyên,vô duyên,N (Miền Nam / South),unknown,104,29.97,1280,720,bf950d2ee92e1f17992ec50afa0bdd36,VALID
106,D0066T.mp4,C:\Users\Admin\Python Advanced\Deep Learning - CV\Project\data\Dataset\Videos\D0066T.mp4,0.414,vô duyên,vô duyên,T (Miền Trung / Central),unknown,104,29.97,1280,720,76ca59d41e3eebb53a8e1f2771f17cb3,VALID
107,D0068.mp4,C:\Users\Admin\Python Advanced\Deep Learning - CV\Project\data\Dataset\Videos\D0068.mp4,0.61,kịp thời,kịp thời,Neutral / Unspecified,unknown,116,29.97,1280,720,7f060c2b500388e6fa4459e67a5d629d,VALID
108,D0070.mp4,C:\Users\Admin\Python Advanced\Deep Learning - CV\Project\data\Dataset\Videos\D0070.mp4,0.576,hú vía,hú vía,Neutral / Unspecified,unknown,113,29.97,1280,720,275ac2cd968d84dc5594157bde92c84e,VALID
109,D0071.mp4,C:\Users\Admin\Python Advanced\Deep Learning - CV\Project\data\Dataset\Videos\D0071.mp4,0.621,suỵt,suỵt,Neutral / Unspecified,unknown,129,29.97,1280,720,eb3309b94e62b740c2966879ef9612a8,VALID
110,D0072N.mp4,C:\Users\Admin\Python Advanced\Deep Learning - CV\Project\data\Dataset\Videos\D0072N.mp4,0.363,suýt,suýt,N (Miền Nam / South),unknown,100,29.97,1280,720,7471018b10ff013d7b23c26dde9091e8,VALID
111,D0072T.mp4,C:\Users\Admin\Python Advanced\Deep Learning - CV\Project\data\Dataset\Videos\D0072T.mp4,0.363,suýt,suýt,T (Miền Trung / Central),unknown,100,29.97,1280,720,7c1bf6331e9ae1ca084691da6fc26831,VALID
112,D0073.mp4,C:\Users\Admin\Python Advanced\Deep Learning - CV\Project\data\Dataset\Videos\D0073.mp4,0.576,cá voi,cá voi,Neutral / Unspecified,unknown,132,29.97,1280,720,8b0b3d7c40b2b7e4d560614aaefbad29,VALID
113,D0075.mp4,C:\Users\Admin\Python Advanced\Deep Learning - CV\Project\data\Dataset\Videos\D0075.mp4,0.66,đuôi cá,đuôi cá,Neutral / Unspecified,unknown,134,29.97,1280,720,eb5fed89c59fe2502af58b6eb06a0dda,VALID
114,D0077T.mp4,C:\Users\Admin\Python Advanced\Deep Learning - CV\Project\data\Dataset\Videos\D0077T.mp4,0.559,bít tết (bò),bít tết (bò),T (Miền Trung / Central),unknown,125,29.97,1280,720,51635b7b1c5833b7d289c45d4aeec0cc,VALID
115,D0078.mp4,C:\Users\Admin\Python Advanced\Deep Learning - CV\Project\data\Dataset\Videos\D0078.mp4,0.689,súp,súp,Neutral / Unspecified,unknown,131,29.97,1280,720,3b1f4ac1d136be8d05015b424f727fb6,VALID
116,D0079.mp4,C:\Users\Admin\Python Advanced\Deep Learning - CV\Project\data\Dataset\Videos\D0079.mp4,0.496,súp lơ,súp lơ,Neutral / Unspecified,unknown,101,29.97,1280,720,1e442048de7dc7ae89f13b4d702435c3,VALID
117,D0080B.mp4,C:\Users\Admin\Python Advanced\Deep Learning - CV\Project\data\Dataset\Videos\D0080B.mp4,0.47,mỳ tôm,mỳ tôm,B (Miền Bắc / North),unknown,104,29.97,1280,720,ab73a5d38b599f4e257aeeed5558501f,VALID
118,D0080N.mp4,C:\Users\Admin\Python Advanced\Deep Learning - CV\Project\data\Dataset\Videos\D0080N.mp4,0.536,mỳ tôm,mỳ tôm,N (Miền Nam / South),unknown,94,29.97,1280,720,fee35e7dcfe748843e069570aba561e6,VALID
119,D0080T.mp4,C:\Users\Admin\Python Advanced\Deep Learning - CV\Project\data\Dataset\Videos\D0080T.mp4,0.537,mỳ tôm,mỳ tôm,T (Miền Trung / Central),unknown,94,29.97,1280,720,b211c490228a544639b0e4440a592c10,VALID
120,D0081B.mp4,C:\Users\Admin\Python Advanced\Deep Learning - CV\Project\data\Dataset\Videos\D0081B.mp4,0.608,mỳ vằn thắn,mỳ vằn thắn,B (Miền Bắc / North),unknown,118,29.97,1280,720,6bcf676a6b129076525ebdb1f89e95f8,VALID
121,D0082B.mp4,C:\Users\Admin\Python Advanced\Deep Learning - CV\Project\data\Dataset\Videos\D0082B.mp4,0.51,mỳ ý,mỳ ý,B (Miền Bắc / North),unknown,111,29.97,1280,720,70ebedab4fb3316687f1682b117d0e86,VALID
122,D0082N.mp4,C:\Users\Admin\Python Advanced\Deep Learning - CV\Project\data\Dataset\Videos\D0082N.mp4,0.412,mỳ ý,mỳ ý,N (Miền Nam / South),unknown,96,29.97,1280,720,cc7e0e1310612af16fb74e3b08203307,VALID
123,D0083.mp4,C:\Users\Admin\Python Advanced\Deep Learning - CV\Project\data\Dataset\Videos\D0083.mp4,0.739,bún mắm,bún mắm,Neutral / Unspecified,unknown,149,29.97,1280,720,eeed90530caf87a5fa5262bfa25ad392,VALID
124,D0084.mp4,C:\Users\Admin\Python Advanced\Deep Learning - CV\Project\data\Dataset\Videos\D0084.mp4,0.704,bún chả,bún chả,Neutral / Unspecified,unknown,138,29.97,1280,720,e10e58a6f4c87215f6e8ede81bc164b0,VALID
125,D0085.mp4,C:\Users\Admin\Python Advanced\Deep Learning - CV\Project\data\Dataset\Videos\D0085.mp4,0.565,bún ngan,bún ngan,Neutral / Unspecified,unknown,120,29.97,1280,720,dbb4ec5cca180986d87e3e5cc60eb3ae,VALID
126,D0086.mp4,C:\Users\Admin\Python Advanced\Deep Learning - CV\Project\data\Dataset\Videos\D0086.mp4,0.733,bún ốc,bún ốc,Neutral / Unspecified,unknown,134,29.97,1280,720,71eb0432abb181574408d48a98053858,VALID
127,D0087B.mp4,C:\Users\Admin\Python Advanced\Deep Learning - CV\Project\data\Dataset\Videos\D0087B.mp4,0.532,bún đậu,bún đậu,B (Miền Bắc / North),unknown,119,29.97,1280,720,c38eeb6498d7a2dc7935278c0d5a5edb,VALID
128,D0088.mp4,C:\Users\Admin\Python Advanced\Deep Learning - CV\Project\data\Dataset\Videos\D0088.mp4,0.488,xôi gấc,xôi gấc,Neutral / Unspecified,unknown,108,29.97,1280,720,39f87acd5d95fda6dd0f88e4ad3c2712,VALID
129,D0089.mp4,C:\Users\Admin\Python Advanced\Deep Learning - CV\Project\data\Dataset\Videos\D0089.mp4,0.649,xôi gà,xôi gà,Neutral / Unspecified,unknown,130,29.97,1280,720,2de1506f650490dd8fbcf7f48b45f779,VALID
130,D0090.mp4,C:\Users\Admin\Python Advanced\Deep Learning - CV\Project\data\Dataset\Videos\D0090.mp4,0.751,cháo sườn,cháo sườn,Neutral / Unspecified,unknown,137,29.97,1280,720,847de035d0e7b0fe5b35b5f18758fbf3,VALID
131,D0091.mp4,C:\Users\Admin\Python Advanced\Deep Learning - CV\Project\data\Dataset\Videos\D0091.mp4,0.722,cơm rang,cơm rang,Neutral / Unspecified,unknown,136,29.97,1280,720,5fbb8e49d1c51571aea7884edef72d9a,VALID
132,D0092.mp4,C:\Users\Admin\Python Advanced\Deep Learning - CV\Project\data\Dataset\Videos\D0092.mp4,0.555,nhấn mạnh,nhấn mạnh,Neutral / Unspecified,unknown,106,29.97,1280,720,4e1f7bc807bb475ad3af35d636135be3,VALID
133,D0095.mp4,C:\Users\Admin\Python Advanced\Deep Learning - CV\Project\data\Dataset\Videos\D0095.mp4,0.561,cắm trại,cắm trại,Neutral / Unspecified,unknown,120,29.97,1280,720,82d9aa7b599a8d5b0177af5c5a7eb21d,VALID
134,D0096.mp4,C:\Users\Admin\Python Advanced\Deep Learning - CV\Project\data\Dataset\Videos\D0096.mp4,0.758,khả năng,khả năng,Neutral / Unspecified,unknown,131,29.97,1280,720,6db0198041d787f05a13062204bf1fa3,VALID
135,D0098.mp4,C:\Users\Admin\Python Advanced\Deep Learning - CV\Project\data\Dataset\Videos\D0098.mp4,0.636,có … không?,có … không?,Neutral / Unspecified,unknown,130,29.97,1280,720,d8c587e6d93ee0c5126d634e44f934ef,VALID
136,D0099.mp4,C:\Users\Admin\Python Advanced\Deep Learning - CV\Project\data\Dataset\Videos\D0099.mp4,0.502,cung cấp,cung cấp,Neutral / Unspecified,unknown,115,29.97,1280,720,22f73a3d28bec528f46f46b626b07808,VALID
137,D0100.mp4,C:\Users\Admin\Python Advanced\Deep Learning - CV\Project\data\Dataset\Videos\D0100.mp4,0.647,khờ dại,khờ dại,Neutral / Unspecified,unknown,137,29.97,1280,720,f654f514b3878c3c003e55f460232791,VALID
138,D0103B.mp4,C:\Users\Admin\Python Advanced\Deep Learning - CV\Project\data\Dataset\Videos\D0103B.mp4,1.023,từ chối,từ chối,B (Miền Bắc / North),unknown,179,29.97,1280,720,8a1c214f75ae68e39772d1495405cada,VALID
139,D0103N.mp4,C:\Users\Admin\Python Advanced\Deep Learning - CV\Project\data\Dataset\Videos\D0103N.mp4,0.455,từ chối,từ chối,N (Miền Nam / South),unknown,97,29.97,1280,720,521647587b2942de6dbb4ab6a8e72b2c,VALID
140,D0103T.mp4,C:\Users\Admin\Python Advanced\Deep Learning - CV\Project\data\Dataset\Videos\D0103T.mp4,0.453,từ chối,từ chối,T (Miền Trung / Central),unknown,97,29.97,1280,720,073d6c67526397c8d436f648518e96e2,VALID
141,D0104.mp4,C:\Users\Admin\Python Advanced\Deep Learning - CV\Project\data\Dataset\Videos\D0104.mp4,0.415,nấu nướng,nấu nướng,Neutral / Unspecified,unknown,101,29.97,1280,720,c8aae4ce0130b29ff3dd0046c2cd71f8,VALID
142,D0105.mp4,C:\Users\Admin\Python Advanced\Deep Learning - CV\Project\data\Dataset\Videos\D0105.mp4,1.242,xoa đầu,xoa đầu,Neutral / Unspecified,unknown,186,29.97,1280,720,5a1389686650b46114fdb7c2eaa8e011,VALID
143,D0107.mp4,C:\Users\Admin\Python Advanced\Deep Learning - CV\Project\data\Dataset\Videos\D0107.mp4,1.029,rực rỡ,rực rỡ,Neutral / Unspecified,unknown,163,29.97,1280,720,d4c3ffb28e0f1a1e3b2ed419209baf72,VALID
144,D0108B.mp4,C:\Users\Admin\Python Advanced\Deep Learning - CV\Project\data\Dataset\Videos\D0108B.mp4,0.676,thiệp sinh nhật,thiệp sinh nhật,B (Miền Bắc / North),unknown,127,29.97,1280,720,7f56e4f6f9877b479cfa1756ff24874f,VALID
145,D0108N.mp4,C:\Users\Admin\Python Advanced\Deep Learning - CV\Project\data\Dataset\Videos\D0108N.mp4,0.734,thiệp sinh nhật,thiệp sinh nhật,N (Miền Nam / South),unknown,134,29.97,1280,720,2bc7298f35f0968ca9d3b9d478efadb6,VALID
146,D0109B.mp4,C:\Users\Admin\Python Advanced\Deep Learning - CV\Project\data\Dataset\Videos\D0109B.mp4,0.498,không quen,không quen,B (Miền Bắc / North),unknown,91,29.97,1280,720,73334838cb7182ce033613de98a862e4,VALID
147,D0109N.mp4,C:\Users\Admin\Python Advanced\Deep Learning - CV\Project\data\Dataset\Videos\D0109N.mp4,0.292,không quen,không quen,N (Miền Nam / South),unknown,68,29.97,1280,720,96b09c5b250858c2d71d7da7be3fd083,VALID
148,D0109T.mp4,C:\Users\Admin\Python Advanced\Deep Learning - CV\Project\data\Dataset\Videos\D0109T.mp4,0.493,không quen,không quen,T (Miền Trung / Central),unknown,91,29.97,1280,720,5a3d6f805b0073f6ff2d5ee13d1dcbf6,VALID
149,D0111B.mp4,C:\Users\Admin\Python Advanced\Deep Learning - CV\Project\data\Dataset\Videos\D0111B.mp4,0.587,tương ớt,tương ớt,B (Miền Bắc / North),unknown,118,29.97,1280,720,0ff3ea64a19f8df27d2836c3bca1867b,VALID
150,D0111N.mp4,C:\Users\Admin\Python Advanced\Deep Learning - CV\Project\data\Dataset\Videos\D0111N.mp4,0.681,tương ớt,tương ớt,N (Miền Nam / South),unknown,136,29.97,1280,720,f0275464e543a74e02bcfbcb7dc325a4,VALID
151,D0111T.mp4,C:\Users\Admin\Python Advanced\Deep Learning - CV\Project\data\Dataset\Videos\D0111T.mp4,0.578,tương ớt,tương ớt,T (Miền Trung / Central),unknown,118,29.97,1280,720,6a4c88821add44a65184d065f6a68e9b,VALID
152,D0112.mp4,C:\Users\Admin\Python Advanced\Deep Learning - CV\Project\data\Dataset\Videos\D0112.mp4,1.077,không có,không có,Neutral / Unspecified,unknown,207,29.97,1280,720,c75a6958c4d2c65aab774b6528a7abc9,VALID
153,D0113.mp4,C:\Users\Admin\Python Advanced\Deep Learning - CV\Project\data\Dataset\Videos\D0113.mp4,0.667,không có chi,không có chi,Neutral / Unspecified,unknown,125,29.97,1280,720,167d85834231e74a4ea62694042f3dd0,VALID
154,D0114.mp4,C:\Users\Admin\Python Advanced\Deep Learning - CV\Project\data\Dataset\Videos\D0114.mp4,0.296,dân chủ,dân chủ,Neutral / Unspecified,unknown,80,29.97,1280,720,9162d405dcbbb7d9659e5e2068bf209f,VALID
155,D0115.mp4,C:\Users\Admin\Python Advanced\Deep Learning - CV\Project\data\Dataset\Videos\D0115.mp4,0.517,xử lý,xử lý,Neutral / Unspecified,unknown,131,29.97,1280,720,fa9e81b1acb8e72945121cdbdf68f36d,VALID
156,D0117.mp4,C:\Users\Admin\Python Advanced\Deep Learning - CV\Project\data\Dataset\Videos\D0117.mp4,2.043,tinh mắt,tinh mắt,Neutral / Unspecified,unknown,331,29.97,1280,720,e7bd4d43204652fe91661d8a0e5f304a,VALID
157,D0118.mp4,C:\Users\Admin\Python Advanced\Deep Learning - CV\Project\data\Dataset\Videos\D0118.mp4,1.958,cũng vậy/cũng thế,cũng vậy/cũng thế,Neutral / Unspecified,unknown,315,29.97,1280,720,b01a1e066ea34fa174330e3a46d7cdba,VALID
158,D0119T.mp4,C:\Users\Admin\Python Advanced\Deep Learning - CV\Project\data\Dataset\Videos\D0119T.mp4,0.379,đúng không?,đúng không?,T (Miền Trung / Central),unknown,88,29.97,1280,720,ea394f8c3ead5279417dd4db5418e3b5,VALID
159,D0120B.mp4,C:\Users\Admin\Python Advanced\Deep Learning - CV\Project\data\Dataset\Videos\D0120B.mp4,0.453,phải không?,phải không?,B (Miền Bắc / North),unknown,113,29.97,1280,720,dec90b840bccb5c68ddfe5e8666dbf51,VALID
160,D0120N.mp4,C:\Users\Admin\Python Advanced\Deep Learning - CV\Project\data\Dataset\Videos\D0120N.mp4,0.425,phải không?,phải không?,N (Miền Nam / South),unknown,113,29.97,1280,720,93e09d616a94c5c53a6158cb599dcd03,VALID
161,D0120T.mp4,C:\Users\Admin\Python Advanced\Deep Learning - CV\Project\data\Dataset\Videos\D0120T.mp4,0.451,phải không?,phải không?,T (Miền Trung / Central),unknown,113,29.97,1280,720,7e79b491db329e7c5ab19a13891f41a3,VALID
162,D0121.mp4,C:\Users\Admin\Python Advanced\Deep Learning - CV\Project\data\Dataset\Videos\D0121.mp4,0.782,còn bạn?,còn bạn?,Neutral / Unspecified,unknown,154,29.97,1280,720,254c8e3bc5f224f193fb78b71e71e7c0,VALID
163,D0122T.mp4,C:\Users\Admin\Python Advanced\Deep Learning - CV\Project\data\Dataset\Videos\D0122T.mp4,0.32,cần không?,cần không?,T (Miền Trung / Central),unknown,78,29.97,1280,720,446ef693c975c5d43e54797d94cf2d3e,VALID
164,D0123B.mp4,C:\Users\Admin\Python Advanced\Deep Learning - CV\Project\data\Dataset\Videos\D0123B.mp4,0.485,nên không?,nên không?,B (Miền Bắc / North),unknown,96,29.97,1280,720,eebe6d0e3d1fa2bd502d9d7957ea0474,VALID
165,D0123N.mp4,C:\Users\Admin\Python Advanced\Deep Learning - CV\Project\data\Dataset\Videos\D0123N.mp4,0.318,nên không?,nên không?,N (Miền Nam / South),unknown,67,29.97,1280,720,df50b2b3e141175ed88c209965776b76,VALID
166,D0123T.mp4,C:\Users\Admin\Python Advanced\Deep Learning - CV\Project\data\Dataset\Videos\D0123T.mp4,0.319,nên không?,nên không?,T (Miền Trung / Central),unknown,67,29.97,1280,720,d4677c844e9535c5544a7a184f37fc6d,VALID
167,D0125.mp4,C:\Users\Admin\Python Advanced\Deep Learning - CV\Project\data\Dataset\Videos\D0125.mp4,0.661,nóng tính,nóng tính,Neutral / Unspecified,unknown,126,29.97,1280,720,0bc621df6f16a2f1c58bad8b8c32e353,VALID
168,D0127.mp4,C:\Users\Admin\Python Advanced\Deep Learning - CV\Project\data\Dataset\Videos\D0127.mp4,0.568,căm thù,căm thù,Neutral / Unspecified,unknown,114,29.97,1280,720,480e0da8d8a17f2b94ed3ee3d1f4f915,VALID
169,D0128B.mp4,C:\Users\Admin\Python Advanced\Deep Learning - CV\Project\data\Dataset\Videos\D0128B.mp4,0.465,đẹp không? (người),đẹp không? (người),B (Miền Bắc / North),unknown,94,29.97,1280,720,29bba396bd33b9f56d24a426107cb82f,VALID
170,D0128N.mp4,C:\Users\Admin\Python Advanced\Deep Learning - CV\Project\data\Dataset\Videos\D0128N.mp4,0.638,đẹp không? (người),đẹp không? (người),N (Miền Nam / South),unknown,117,29.97,1280,720,2bc10cb31036d5d9a88f93bc7b36aeb0,VALID
171,D0128T.mp4,C:\Users\Admin\Python Advanced\Deep Learning - CV\Project\data\Dataset\Videos\D0128T.mp4,0.467,đẹp không? (người),đẹp không? (người),T (Miền Trung / Central),unknown,94,29.97,1280,720,7677c226d387c854a27d8dfd153967af,VALID
172,D0129B.mp4,C:\Users\Admin\Python Advanced\Deep Learning - CV\Project\data\Dataset\Videos\D0129B.mp4,0.53,không đẹp,không đẹp,B (Miền Bắc / North),unknown,108,29.97,1280,720,e4d54183297d83da799123876b72845d,VALID
173,D0129N.mp4,C:\Users\Admin\Python Advanced\Deep Learning - CV\Project\data\Dataset\Videos\D0129N.mp4,0.36,không đẹp,không đẹp,N (Miền Nam / South),unknown,86,29.97,1280,720,5914af79fd46befeada38274b08a2c2b,VALID
174,D0129T.mp4,C:\Users\Admin\Python Advanced\Deep Learning - CV\Project\data\Dataset\Videos\D0129T.mp4,0.363,không đẹp,không đẹp,T (Miền Trung / Central),unknown,86,29.97,1280,720,fba0f32cc3cd6f7376678708a585880d,VALID
175,D0130.mp4,C:\Users\Admin\Python Advanced\Deep Learning - CV\Project\data\Dataset\Videos\D0130.mp4,0.405,chúng tôi (2 người) (đại từ),chúng tôi (2 người) (đại từ),Neutral / Unspecified,unknown,106,29.97,1280,720,c0d46a597a352795a05f228fef1b8bae,VALID
176,D0131.mp4,C:\Users\Admin\Python Advanced\Deep Learning - CV\Project\data\Dataset\Videos\D0131.mp4,0.49,chúng tôi (3 người) (đại từ),chúng tôi (3 người) (đại từ),Neutral / Unspecified,unknown,121,29.97,1280,720,c9272b58aafa6c73f716a3f71189b4eb,VALID
177,D0132.mp4,C:\Users\Admin\Python Advanced\Deep Learning - CV\Project\data\Dataset\Videos\D0132.mp4,0.362,chúng tôi (4 người) (đại từ),chúng tôi (4 người) (đại từ),Neutral / Unspecified,unknown,89,29.97,1280,720,038399820636741d6774f728283d136c,VALID
178,D0134.mp4,C:\Users\Admin\Python Advanced\Deep Learning - CV\Project\data\Dataset\Videos\D0134.mp4,0.662,chúng tôi (đại từ),chúng tôi (đại từ),Neutral / Unspecified,unknown,128,29.97,1280,720,17ae2d6fb368009682714a8f1996a3a3,VALID
179,D0136.mp4,C:\Users\Admin\Python Advanced\Deep Learning - CV\Project\data\Dataset\Videos\D0136.mp4,0.589,họ (2 người) (đại từ),họ (2 người) (đại từ),Neutral / Unspecified,unknown,128,29.97,1280,720,b7ef75d93bf6577bbbf5f100d1503c6d,VALID
180,D0137.mp4,C:\Users\Admin\Python Advanced\Deep Learning - CV\Project\data\Dataset\Videos\D0137.mp4,0.647,họ (đại từ),họ (đại từ),Neutral / Unspecified,unknown,120,29.97,1280,720,d81bee384551c05f2070b2ab2653cf1f,VALID
181,D0139.mp4,C:\Users\Admin\Python Advanced\Deep Learning - CV\Project\data\Dataset\Videos\D0139.mp4,0.601,tôi yêu bạn ấy,tôi yêu bạn ấy,Neutral / Unspecified,unknown,155,29.97,1280,720,b477c2efebf27125c78e1d593ca7af44,VALID
182,D0140.mp4,C:\Users\Admin\Python Advanced\Deep Learning - CV\Project\data\Dataset\Videos\D0140.mp4,0.726,bạn ấy yêu tôi,bạn ấy yêu tôi,Neutral / Unspecified,unknown,142,29.97,1280,720,4eff63120f78f57d37fbd4e3a1ed4246,VALID
183,D0141.mp4,C:\Users\Admin\Python Advanced\Deep Learning - CV\Project\data\Dataset\Videos\D0141.mp4,0.361,bạn yêu bạn ấy,bạn yêu bạn ấy,Neutral / Unspecified,unknown,79,29.97,1280,720,bb7916071d4a8c56c555b0c386ad2061,VALID
184,D0142.mp4,C:\Users\Admin\Python Advanced\Deep Learning - CV\Project\data\Dataset\Videos\D0142.mp4,0.402,bạn ấy yêu bạn,bạn ấy yêu bạn,Neutral / Unspecified,unknown,77,29.97,1280,720,c66c32dc3ec7cc3b98ca9158d8aa5d91,VALID
185,D0143B.mp4,C:\Users\Admin\Python Advanced\Deep Learning - CV\Project\data\Dataset\Videos\D0143B.mp4,0.299,"anh hai, anh cả","anh hai, anh cả",B (Miền Bắc / North),unknown,72,29.97,1280,720,0bd99ff17377f970f04a64cb74004fe0,VALID
186,D0143N.mp4,C:\Users\Admin\Python Advanced\Deep Learning - CV\Project\data\Dataset\Videos\D0143N.mp4,0.252,"anh hai, anh cả","anh hai, anh cả",N (Miền Nam / South),unknown,68,29.97,1280,720,27b515b2b50a0da719e9c9a7a97ccef2,VALID
187,D0143T.mp4,C:\Users\Admin\Python Advanced\Deep Learning - CV\Project\data\Dataset\Videos\D0143T.mp4,0.299,"anh hai, anh cả","anh hai, anh cả",T (Miền Trung / Central),unknown,72,29.97,1280,720,b4fe2f61e3505fed6d26c72cc4b8c31a,VALID
188,D0144N.mp4,C:\Users\Admin\Python Advanced\Deep Learning - CV\Project\data\Dataset\Videos\D0144N.mp4,0.475,"chị hai, chị cả","chị hai, chị cả",N (Miền Nam / South),unknown,98,29.97,1280,720,fee6077f8e96a0bcfada67204e890a28,VALID
189,D0144T.mp4,C:\Users\Admin\Python Advanced\Deep Learning - CV\Project\data\Dataset\Videos\D0144T.mp4,0.47,"chị hai, chị cả","chị hai, chị cả",T (Miền Trung / Central),unknown,89,29.97,1280,720,0a19727dd5ea083632e285b32fa704e2,VALID
190,D0145.mp4,C:\Users\Admin\Python Advanced\Deep Learning - CV\Project\data\Dataset\Videos\D0145.mp4,0.47,quả bầu hồ lô,quả bầu hồ lô,Neutral / Unspecified,unknown,110,29.97,1280,720,2d3a19b22a7ca55a87726d8784d59d9e,VALID
191,D0146.mp4,C:\Users\Admin\Python Advanced\Deep Learning - CV\Project\data\Dataset\Videos\D0146.mp4,0.516,một là,một là,Neutral / Unspecified,unknown,115,29.97,1280,720,7bf8e22d814acad22301125e2990ff44,VALID
192,D0147.mp4,C:\Users\Admin\Python Advanced\Deep Learning - CV\Project\data\Dataset\Videos\D0147.mp4,0.822,hai là,hai là,Neutral / Unspecified,unknown,147,29.97,1280,720,04c6895570adea53b428630d503377e0,VALID
193,D0148.mp4,C:\Users\Admin\Python Advanced\Deep Learning - CV\Project\data\Dataset\Videos\D0148.mp4,0.338,ba là,ba là,Neutral / Unspecified,unknown,93,29.97,1280,720,714810300a506cd93dbc5b950abecdfc,VALID
194,D0149.mp4,C:\Users\Admin\Python Advanced\Deep Learning - CV\Project\data\Dataset\Videos\D0149.mp4,0.325,bốn là,bốn là,Neutral / Unspecified,unknown,80,29.97,1280,720,614f8c7212a2f15ea5487193aa4b0b24,VALID
195,D0150.mp4,C:\Users\Admin\Python Advanced\Deep Learning - CV\Project\data\Dataset\Videos\D0150.mp4,0.499,năm là,năm là,Neutral / Unspecified,unknown,110,29.97,1280,720,642af0ceb643d43e9984087ace5364c7,VALID
196,D0151B.mp4,C:\Users\Admin\Python Advanced\Deep Learning - CV\Project\data\Dataset\Videos\D0151B.mp4,0.554,ông bà,ông bà,B (Miền Bắc / North),unknown,113,29.97,1280,720,fb923b3de44fdf33fcfe227ad37bd97f,VALID
197,D0151N.mp4,C:\Users\Admin\Python Advanced\Deep Learning - CV\Project\data\Dataset\Videos\D0151N.mp4,0.469,ông bà,ông bà,N (Miền Nam / South),unknown,112,29.97,1280,720,23b094e82916448dddbedb7782c2d63a,VALID
198,D0151T.mp4,C:\Users\Admin\Python Advanced\Deep Learning - CV\Project\data\Dataset\Videos\D0151T.mp4,0.552,ông bà,ông bà,T (Miền Trung / Central),unknown,113,29.97,1280,720,6614490dd01bab4fcd2ef7374af79b22,VALID
199,D0152B.mp4,C:\Users\Admin\Python Advanced\Deep Learning - CV\Project\data\Dataset\Videos\D0152B.mp4,0.776,chị họ,chị họ,B (Miền Bắc / North),unknown,137,29.97,1280,720,dd8d584e64753da922da8158fd01a397,VALID
200,D0152N.mp4,C:\Users\Admin\Python Advanced\Deep Learning - CV\Project\data\Dataset\Videos\D0152N.mp4,0.577,chị họ,chị họ,N (Miền Nam / South),unknown,115,29.97,1280,720,e2b793e44ecd411100ff6a08dfbd8211,VALID
201,D0152T.mp4,C:\Users\Admin\Python Advanced\Deep Learning - CV\Project\data\Dataset\Videos\D0152T.mp4,0.782,chị họ,chị họ,T (Miền Trung / Central),unknown,137,29.97,1280,720,20536f90490ef01f8eac87fb01d47983,VALID
202,D0153T.mp4,C:\Users\Admin\Python Advanced\Deep Learning - CV\Project\data\Dataset\Videos\D0153T.mp4,0.799,em họ,em họ,T (Miền Trung / Central),unknown,153,29.97,1280,720,0ffc24a68d75a20d85058c6914f0a988,VALID
203,D0154B.mp4,C:\Users\Admin\Python Advanced\Deep Learning - CV\Project\data\Dataset\Videos\D0154B.mp4,0.604,cháu họ,cháu họ,B (Miền Bắc / North),unknown,122,29.97,1280,720,aba180cc6270e4782989196a28b71aea,VALID
204,D0154N.mp4,C:\Users\Admin\Python Advanced\Deep Learning - CV\Project\data\Dataset\Videos\D0154N.mp4,0.543,cháu họ,cháu họ,N (Miền Nam / South),unknown,124,29.97,1280,720,8a593bcdf37ec0908dc64d38d9e32805,VALID
205,D0154T.mp4,C:\Users\Admin\Python Advanced\Deep Learning - CV\Project\data\Dataset\Videos\D0154T.mp4,0.789,cháu họ,cháu họ,T (Miền Trung / Central),unknown,146,29.97,1280,720,2f3894bbaacd55f2d8b89613738e07cf,VALID
206,D0155B.mp4,C:\Users\Admin\Python Advanced\Deep Learning - CV\Project\data\Dataset\Videos\D0155B.mp4,0.499,sống sót,sống sót,B (Miền Bắc / North),unknown,108,29.97,1280,720,3e31cf858f2f8b6291eafe5632878468,VALID
207,D0156.mp4,C:\Users\Admin\Python Advanced\Deep Learning - CV\Project\data\Dataset\Videos\D0156.mp4,0.866,thường xuyên,thường xuyên,Neutral / Unspecified,unknown,163,29.97,1280,720,e539aab768e5e7227e26e4d025bad232,VALID
208,D0156B.mp4,C:\Users\Admin\Python Advanced\Deep Learning - CV\Project\data\Dataset\Videos\D0156B.mp4,0.648,thường xuyên,thường xuyên,B (Miền Bắc / North),unknown,110,29.97,1280,720,4d5414ec8c7e7d97097d784fc3c61684,VALID
209,D0156T.mp4,C:\Users\Admin\Python Advanced\Deep Learning - CV\Project\data\Dataset\Videos\D0156T.mp4,0.726,thường xuyên,thường xuyên,T (Miền Trung / Central),unknown,139,29.97,1280,720,202f2c7e8dbed22bedaf4462cd3e3dbf,VALID
210,D0157B.mp4,C:\Users\Admin\Python Advanced\Deep Learning - CV\Project\data\Dataset\Videos\D0157B.mp4,0.643,đi dạo,đi dạo,B (Miền Bắc / North),unknown,129,29.97,1280,720,7e1e1b414b71ab12f09f309dc5bda6a8,VALID
211,D0157N.mp4,C:\Users\Admin\Python Advanced\Deep Learning - CV\Project\data\Dataset\Videos\D0157N.mp4,0.65,đi dạo,đi dạo,N (Miền Nam / South),unknown,124,29.97,1280,720,1662dcde3d53a4b247421b37b05a862e,VALID
212,D0157T.mp4,C:\Users\Admin\Python Advanced\Deep Learning - CV\Project\data\Dataset\Videos\D0157T.mp4,0.644,đi dạo,đi dạo,T (Miền Trung / Central),unknown,129,29.97,1280,720,ae3002760e65a2d41d7ce1d5909da766,VALID
213,D0158N.mp4,C:\Users\Admin\Python Advanced\Deep Learning - CV\Project\data\Dataset\Videos\D0158N.mp4,0.431,về (Sài Gòn),về (sài gòn),N (Miền Nam / South),unknown,107,29.97,1280,720,5edeccb7fd896601ab8e9069bc17917f,VALID
214,D0159B.mp4,C:\Users\Admin\Python Advanced\Deep Learning - CV\Project\data\Dataset\Videos\D0159B.mp4,0.579,về 2 (Miền Bắc),về 2 (miền bắc),B (Miền Bắc / North),unknown,124,29.97,1280,720,eff946124e2de6b160a69d6aa01072c1,VALID
215,D0159T.mp4,C:\Users\Admin\Python Advanced\Deep Learning - CV\Project\data\Dataset\Videos\D0159T.mp4,0.708,về 2 (Miền Bắc),về 2 (miền bắc),T (Miền Trung / Central),unknown,141,29.97,1280,720,f4c011101bb7efc7592da164c1842ad7,VALID
216,D0161.mp4,C:\Users\Admin\Python Advanced\Deep Learning - CV\Project\data\Dataset\Videos\D0161.mp4,0.53,về 4 (từ nơi khác về),về 4 (từ nơi khác về),Neutral / Unspecified,unknown,110,29.97,1280,720,2871b10972ccfb8eab8d3682f0c511ae,VALID
217,D0162.mp4,C:\Users\Admin\Python Advanced\Deep Learning - CV\Project\data\Dataset\Videos\D0162.mp4,0.767,về 5 (về nhà),về 5 (về nhà),Neutral / Unspecified,unknown,120,29.97,1280,720,fa4b42fe632c30f1d4b9a71ab74b3990,VALID
218,D0163N.mp4,C:\Users\Admin\Python Advanced\Deep Learning - CV\Project\data\Dataset\Videos\D0163N.mp4,0.391,hẹn,hẹn,N (Miền Nam / South),unknown,105,29.97,1280,720,070eebc4806a5aff66b24ccad5cbfdef,VALID
219,D0164.mp4,C:\Users\Admin\Python Advanced\Deep Learning - CV\Project\data\Dataset\Videos\D0164.mp4,0.879,quyến luyến,quyến luyến,Neutral / Unspecified,unknown,142,29.97,1280,720,2d13270bc98f2948ab6f2b26996ee14a,VALID
220,D0165B.mp4,C:\Users\Admin\Python Advanced\Deep Learning - CV\Project\data\Dataset\Videos\D0165B.mp4,1.27,hứa,hứa,B (Miền Bắc / North),unknown,220,29.97,1280,720,5048b5f64fa38af11081da365e467e67,VALID
221,D0165N.mp4,C:\Users\Admin\Python Advanced\Deep Learning - CV\Project\data\Dataset\Videos\D0165N.mp4,0.542,hứa,hứa,N (Miền Nam / South),unknown,111,29.97,1280,720,f216525a6f9303db510ea40a8ca2800c,VALID
222,D0165T.mp4,C:\Users\Admin\Python Advanced\Deep Learning - CV\Project\data\Dataset\Videos\D0165T.mp4,0.541,hứa,hứa,T (Miền Trung / Central),unknown,111,29.97,1280,720,8ad005aaba2bd9078e532ed24a4678cd,VALID
223,D0166.mp4,C:\Users\Admin\Python Advanced\Deep Learning - CV\Project\data\Dataset\Videos\D0166.mp4,0.331,cùng / với (giới từ),cùng / với (giới từ),Neutral / Unspecified,unknown,88,29.97,1280,720,a11c02663c58df81979d461481ee5ef1,VALID
224,D0167.mp4,C:\Users\Admin\Python Advanced\Deep Learning - CV\Project\data\Dataset\Videos\D0167.mp4,0.673,lâu,lâu,Neutral / Unspecified,unknown,125,29.97,1280,720,6899f8d26718fb36264760e5731b4d92,VALID
225,D0167B.mp4,C:\Users\Admin\Python Advanced\Deep Learning - CV\Project\data\Dataset\Videos\D0167B.mp4,1.301,lâu,lâu,B (Miền Bắc / North),unknown,241,29.97,1280,720,e3de31b0a4d0ac43bc50e49484480afd,VALID
226,D0168B.mp4,C:\Users\Admin\Python Advanced\Deep Learning - CV\Project\data\Dataset\Videos\D0168B.mp4,0.414,vẫn,vẫn,B (Miền Bắc / North),unknown,105,29.97,1280,720,ef1914eb684096ba0b65eb3eaae2326a,VALID
227,D0168N.mp4,C:\Users\Admin\Python Advanced\Deep Learning - CV\Project\data\Dataset\Videos\D0168N.mp4,0.491,vẫn,vẫn,N (Miền Nam / South),unknown,106,29.97,1280,720,fd1dd44bae2d2b01a82721e83b193019,VALID
228,D0168T.mp4,C:\Users\Admin\Python Advanced\Deep Learning - CV\Project\data\Dataset\Videos\D0168T.mp4,0.472,vẫn,vẫn,T (Miền Trung / Central),unknown,106,29.97,1280,720,d572496475bb0d64a69a806a85faa5d2,VALID
229,D0169B.mp4,C:\Users\Admin\Python Advanced\Deep Learning - CV\Project\data\Dataset\Videos\D0169B.mp4,0.515,mỗi ngày,mỗi ngày,B (Miền Bắc / North),unknown,116,29.97,1280,720,7d5898e65f8a266321c778934e3d2ecc,VALID
230,D0169N.mp4,C:\Users\Admin\Python Advanced\Deep Learning - CV\Project\data\Dataset\Videos\D0169N.mp4,0.515,mỗi ngày,mỗi ngày,N (Miền Nam / South),unknown,116,29.97,1280,720,f300550caff23b3065d49e698a0dbd03,VALID
231,D0169T.mp4,C:\Users\Admin\Python Advanced\Deep Learning - CV\Project\data\Dataset\Videos\D0169T.mp4,0.519,mỗi ngày,mỗi ngày,T (Miền Trung / Central),unknown,117,29.97,1280,720,59fd7d328154b71285cde097094cd4be,VALID
232,D0170B.mp4,C:\Users\Admin\Python Advanced\Deep Learning - CV\Project\data\Dataset\Videos\D0170B.mp4,0.588,hàng ngày,hàng ngày,B (Miền Bắc / North),unknown,111,29.97,1280,720,c1484ed190a9be25aadd98dd409e1d82,VALID
233,D0170N.mp4,C:\Users\Admin\Python Advanced\Deep Learning - CV\Project\data\Dataset\Videos\D0170N.mp4,0.421,hàng ngày,hàng ngày,N (Miền Nam / South),unknown,98,29.97,1280,720,e3354ff86943eeedba20feb8bec41576,VALID
234,D0172.mp4,C:\Users\Admin\Python Advanced\Deep Learning - CV\Project\data\Dataset\Videos\D0172.mp4,0.576,ăn vú sữa,ăn vú sữa,Neutral / Unspecified,unknown,105,29.97,1280,720,ea8a6bcae51a2db452e473d1337e0015,VALID
235,D0173.mp4,C:\Users\Admin\Python Advanced\Deep Learning - CV\Project\data\Dataset\Videos\D0173.mp4,0.983,hôi,hôi,Neutral / Unspecified,unknown,167,29.97,1280,720,ae245c3117a545ba4eaf2bfd757dd0a4,VALID
236,D0174.mp4,C:\Users\Admin\Python Advanced\Deep Learning - CV\Project\data\Dataset\Videos\D0174.mp4,0.357,trông nhà,trông nhà,Neutral / Unspecified,unknown,68,29.97,1280,720,93560556195a54e02317589e63ebc624,VALID
237,D0175.mp4,C:\Users\Admin\Python Advanced\Deep Learning - CV\Project\data\Dataset\Videos\D0175.mp4,0.372,chạy (động vật),chạy (động vật),Neutral / Unspecified,unknown,84,29.97,1280,720,adc6207c27acdee1fc928ac3e9743910,VALID
238,D0176.mp4,C:\Users\Admin\Python Advanced\Deep Learning - CV\Project\data\Dataset\Videos\D0176.mp4,0.82,xe container,xe container,Neutral / Unspecified,unknown,150,29.97,1280,720,418d740b9ef5a85bca08523ddf92f8ee,VALID
239,D0177.mp4,C:\Users\Admin\Python Advanced\Deep Learning - CV\Project\data\Dataset\Videos\D0177.mp4,0.547,bay nhanh (máy bay),bay nhanh (máy bay),Neutral / Unspecified,unknown,102,29.97,1280,720,2081b219ec0a852ca48384cc46cba8f7,VALID
240,D0178.mp4,C:\Users\Admin\Python Advanced\Deep Learning - CV\Project\data\Dataset\Videos\D0178.mp4,0.5,chậm chạp,chậm chạp,Neutral / Unspecified,unknown,104,29.97,1280,720,ae9aad3f8fbe6589cf2be5126607977e,VALID
241,D0179.mp4,C:\Users\Admin\Python Advanced\Deep Learning - CV\Project\data\Dataset\Videos\D0179.mp4,0.795,ngừng lại,ngừng lại,Neutral / Unspecified,unknown,152,29.97,1280,720,284b7bb2bcf0a62231b714d328152a41,VALID
242,D0180.mp4,C:\Users\Admin\Python Advanced\Deep Learning - CV\Project\data\Dataset\Videos\D0180.mp4,0.577,5 > 3 (Toán học),5 > 3 (toán học),Neutral / Unspecified,unknown,136,29.97,1280,720,6be3b0111ec6344b82ee8624152a4eb5,VALID
243,D0181.mp4,C:\Users\Admin\Python Advanced\Deep Learning - CV\Project\data\Dataset\Videos\D0181.mp4,0.641,2 < 6 (Toán học),2 < 6 (toán học),Neutral / Unspecified,unknown,129,29.97,1280,720,0faa3f000750c272625423d01c2a5cab,VALID
244,D0182B.mp4,C:\Users\Admin\Python Advanced\Deep Learning - CV\Project\data\Dataset\Videos\D0182B.mp4,0.46,cung điện,cung điện,B (Miền Bắc / North),unknown,105,29.97,1280,720,b6590424c883003fe24a63cb4084a396,VALID
245,D0182N.mp4,C:\Users\Admin\Python Advanced\Deep Learning - CV\Project\data\Dataset\Videos\D0182N.mp4,0.421,cung điện,cung điện,N (Miền Nam / South),unknown,102,29.97,1280,720,7e3e9f12663064c2b58d9c538346bce0,VALID
246,D0182T.mp4,C:\Users\Admin\Python Advanced\Deep Learning - CV\Project\data\Dataset\Videos\D0182T.mp4,0.46,cung điện,cung điện,T (Miền Trung / Central),unknown,105,29.97,1280,720,e84ab9ffb265fdf7428242b0c9b8e666,VALID
247,D0183.mp4,C:\Users\Admin\Python Advanced\Deep Learning - CV\Project\data\Dataset\Videos\D0183.mp4,0.66,dừng lại,dừng lại,Neutral / Unspecified,unknown,128,29.97,1280,720,32f634a0612f213f93e507980f52963b,VALID
248,D0184.mp4,C:\Users\Admin\Python Advanced\Deep Learning - CV\Project\data\Dataset\Videos\D0184.mp4,1.32,một ít/ một chút,một ít/ một chút,Neutral / Unspecified,unknown,244,29.97,1280,720,e622e3276c7318d8d001458ca24561ce,VALID
249,D0185.mp4,C:\Users\Admin\Python Advanced\Deep Learning - CV\Project\data\Dataset\Videos\D0185.mp4,0.479,kẹt xe/tắc đường,kẹt xe/tắc đường,Neutral / Unspecified,unknown,101,29.97,1280,720,79ebe791455f4c6819764ad93b7991da,VALID
250,D0187.mp4,C:\Users\Admin\Python Advanced\Deep Learning - CV\Project\data\Dataset\Videos\D0187.mp4,1.39,thì thầm,thì thầm,Neutral / Unspecified,unknown,237,29.97,1280,720,95a1710552c7f5c83722c78d144f6507,VALID
251,D0188N.mp4,C:\Users\Admin\Python Advanced\Deep Learning - CV\Project\data\Dataset\Videos\D0188N.mp4,0.274,hoặc,hoặc,N (Miền Nam / South),unknown,76,29.97,1280,720,89e52f6e555c7a939b56f09be1c4a6f5,VALID
252,D0188T.mp4,C:\Users\Admin\Python Advanced\Deep Learning - CV\Project\data\Dataset\Videos\D0188T.mp4,0.278,hoặc,hoặc,T (Miền Trung / Central),unknown,76,29.97,1280,720,e61e6ea70a956388c30f09633f49b715,VALID
253,D0189B.mp4,C:\Users\Admin\Python Advanced\Deep Learning - CV\Project\data\Dataset\Videos\D0189B.mp4,0.572,muốn không?,muốn không?,B (Miền Bắc / North),unknown,108,29.97,1280,720,c2bd82723b36b05353ba96999310ba29,VALID
254,D0189N.mp4,C:\Users\Admin\Python Advanced\Deep Learning - CV\Project\data\Dataset\Videos\D0189N.mp4,0.347,muốn không?,muốn không?,N (Miền Nam / South),unknown,80,29.97,1280,720,aad51bf8e5e9c036aa2939129873fa7a,VALID
255,D0189T.mp4,C:\Users\Admin\Python Advanced\Deep Learning - CV\Project\data\Dataset\Videos\D0189T.mp4,0.349,muốn không?,muốn không?,T (Miền Trung / Central),unknown,80,29.97,1280,720,e66a0ac6a1fe9151d68ed23af622ad72,VALID
256,D0190B.mp4,C:\Users\Admin\Python Advanced\Deep Learning - CV\Project\data\Dataset\Videos\D0190B.mp4,0.328,không muốn,không muốn,B (Miền Bắc / North),unknown,95,29.97,1280,720,4f182fee6818f38307e66b27a250a524,VALID
257,D0190N.mp4,C:\Users\Admin\Python Advanced\Deep Learning - CV\Project\data\Dataset\Videos\D0190N.mp4,0.267,không muốn,không muốn,N (Miền Nam / South),unknown,65,29.97,1280,720,bc81987e7fbf0cc7cd5357238ea14260,VALID
258,D0191.mp4,C:\Users\Admin\Python Advanced\Deep Learning - CV\Project\data\Dataset\Videos\D0191.mp4,0.974,sa mạc,sa mạc,Neutral / Unspecified,unknown,169,29.97,1280,720,c1de1e7559b3082d3158fb11e47fa715,VALID
259,D0192B.mp4,C:\Users\Admin\Python Advanced\Deep Learning - CV\Project\data\Dataset\Videos\D0192B.mp4,0.342,xem,xem,B (Miền Bắc / North),unknown,88,29.97,1280,720,554755247f08b3488344b9f06c1fa678,VALID
260,D0192N.mp4,C:\Users\Admin\Python Advanced\Deep Learning - CV\Project\data\Dataset\Videos\D0192N.mp4,0.411,xem,xem,N (Miền Nam / South),unknown,101,29.97,1280,720,eb4cb1b323aa17864424cd03e0e7815a,VALID
261,D0193.mp4,C:\Users\Admin\Python Advanced\Deep Learning - CV\Project\data\Dataset\Videos\D0193.mp4,0.891,núi cao,núi cao,Neutral / Unspecified,unknown,161,29.97,1280,720,2ab920030d8e509620a20033e47f05ef,VALID
262,D0194.mp4,C:\Users\Admin\Python Advanced\Deep Learning - CV\Project\data\Dataset\Videos\D0194.mp4,0.514,núi thấp,núi thấp,Neutral / Unspecified,unknown,108,29.97,1280,720,2527007e81a1e4efa715b2e6639ce021,VALID
263,D0195B.mp4,C:\Users\Admin\Python Advanced\Deep Learning - CV\Project\data\Dataset\Videos\D0195B.mp4,0.373,đẹp không?,đẹp không?,B (Miền Bắc / North),unknown,82,29.97,1280,720,71f611bac7da50c959242c32ca8ecc9b,VALID
264,D0195N.mp4,C:\Users\Admin\Python Advanced\Deep Learning - CV\Project\data\Dataset\Videos\D0195N.mp4,0.491,đẹp không?,đẹp không?,N (Miền Nam / South),unknown,107,29.97,1280,720,109362c93d97e34c3e8395fa5152e374,VALID
265,D0195T.mp4,C:\Users\Admin\Python Advanced\Deep Learning - CV\Project\data\Dataset\Videos\D0195T.mp4,0.373,đẹp không?,đẹp không?,T (Miền Trung / Central),unknown,82,29.97,1280,720,bf1f16fb159b0c131fee6989b0520822,VALID
266,D0196.mp4,C:\Users\Admin\Python Advanced\Deep Learning - CV\Project\data\Dataset\Videos\D0196.mp4,0.493,xem đã,xem đã,Neutral / Unspecified,unknown,113,29.97,1280,720,c6f5b9ef1071461d859d120bbe1c02f8,VALID
267,D0197.mp4,C:\Users\Admin\Python Advanced\Deep Learning - CV\Project\data\Dataset\Videos\D0197.mp4,1.173,mồ hôi nhễ nhại,mồ hôi nhễ nhại,Neutral / Unspecified,unknown,161,29.97,1280,720,a610e63f3fad5d76758789808b066e68,VALID
268,D0198.mp4,C:\Users\Admin\Python Advanced\Deep Learning - CV\Project\data\Dataset\Videos\D0198.mp4,0.293,không ngon,không ngon,Neutral / Unspecified,unknown,70,29.97,1280,720,0f8c88280f7224bb8afa80afa8a9f7b5,VALID
269,D0199.mp4,C:\Users\Admin\Python Advanced\Deep Learning - CV\Project\data\Dataset\Videos\D0199.mp4,0.833,hài lòng,hài lòng,Neutral / Unspecified,unknown,148,29.97,1280,720,e79e670c35e10449367a6911babddfaf,VALID
270,D0200.mp4,C:\Users\Admin\Python Advanced\Deep Learning - CV\Project\data\Dataset\Videos\D0200.mp4,0.618,má hồng,má hồng,Neutral / Unspecified,unknown,140,29.97,1280,720,7e5679c03c6c0137901f2e36aed98cc9,VALID
271,D0201.mp4,C:\Users\Admin\Python Advanced\Deep Learning - CV\Project\data\Dataset\Videos\D0201.mp4,0.871,ngập ngừng,ngập ngừng,Neutral / Unspecified,unknown,158,29.97,1280,720,bbe4b314b98e3132c145a531ed0e94ea,VALID
272,D0202.mp4,C:\Users\Admin\Python Advanced\Deep Learning - CV\Project\data\Dataset\Videos\D0202.mp4,0.746,nói ngập ngừng,nói ngập ngừng,Neutral / Unspecified,unknown,147,29.97,1280,720,b3f9abdbe5515e847777cf09e2cb34f3,VALID
273,D0203.mp4,C:\Users\Admin\Python Advanced\Deep Learning - CV\Project\data\Dataset\Videos\D0203.mp4,0.957,Võ Thị Sáu,võ thị sáu,Neutral / Unspecified,unknown,181,29.97,1280,720,e6d72ebea1e17faae598606801a0fd26,VALID
274,D0204.mp4,C:\Users\Admin\Python Advanced\Deep Learning - CV\Project\data\Dataset\Videos\D0204.mp4,1.361,mít tinh,mít tinh,Neutral / Unspecified,unknown,229,29.97,1280,720,f29ba5a711c00cc4930afa9eb4795673,VALID
275,D0205.mp4,C:\Users\Admin\Python Advanced\Deep Learning - CV\Project\data\Dataset\Videos\D0205.mp4,0.503,sụp đổ,sụp đổ,Neutral / Unspecified,unknown,102,29.97,1280,720,64bc34be9ca8c08cf8b15d16e96ee250,VALID
276,D0206B.mp4,C:\Users\Admin\Python Advanced\Deep Learning - CV\Project\data\Dataset\Videos\D0206B.mp4,0.587,thiếu thốn,thiếu thốn,B (Miền Bắc / North),unknown,106,29.97,1280,720,ecafc497f75d844250e5900d3c8a4f84,VALID
277,D0206N.mp4,C:\Users\Admin\Python Advanced\Deep Learning - CV\Project\data\Dataset\Videos\D0206N.mp4,0.541,thiếu thốn,thiếu thốn,N (Miền Nam / South),unknown,110,29.97,1280,720,a9ad9d927d3b052bb63880a450bf90b3,VALID
278,D0206T.mp4,C:\Users\Admin\Python Advanced\Deep Learning - CV\Project\data\Dataset\Videos\D0206T.mp4,0.536,thiếu thốn,thiếu thốn,T (Miền Trung / Central),unknown,110,29.97,1280,720,0fb136717af45739ad39929d1eb8667c,VALID
279,D0207.mp4,C:\Users\Admin\Python Advanced\Deep Learning - CV\Project\data\Dataset\Videos\D0207.mp4,0.666,xuyên Việt,xuyên việt,Neutral / Unspecified,unknown,128,29.97,1280,720,6d62439e1b1ce63713878f6945cadce8,VALID
280,D0208.mp4,C:\Users\Admin\Python Advanced\Deep Learning - CV\Project\data\Dataset\Videos\D0208.mp4,0.675,khổ công,khổ công,Neutral / Unspecified,unknown,129,29.97,1280,720,04386ed2ad52fe95edbb4ae85400a53b,VALID
281,D0209N.mp4,C:\Users\Admin\Python Advanced\Deep Learning - CV\Project\data\Dataset\Videos\D0209N.mp4,0.392,dám làm,dám làm,N (Miền Nam / South),unknown,96,29.97,1280,720,8f3e5dbdd9df88f27e55444ecbcd008b,VALID
282,D0209T.mp4,C:\Users\Admin\Python Advanced\Deep Learning - CV\Project\data\Dataset\Videos\D0209T.mp4,0.337,dám làm,dám làm,T (Miền Trung / Central),unknown,80,29.97,1280,720,c6e0d70c21325b14f3c341edab5dba7a,VALID
283,D0210B.mp4,C:\Users\Admin\Python Advanced\Deep Learning - CV\Project\data\Dataset\Videos\D0210B.mp4,0.429,không dám,không dám,B (Miền Bắc / North),unknown,92,29.97,1280,720,aa8e7c9547aaf73096c553ad59fff100,VALID
284,D0210N.mp4,C:\Users\Admin\Python Advanced\Deep Learning - CV\Project\data\Dataset\Videos\D0210N.mp4,0.363,không dám,không dám,N (Miền Nam / South),unknown,86,29.97,1280,720,73ae0a6c8abbfe8d0631aa1a39f98a4c,VALID
285,D0210T.mp4,C:\Users\Admin\Python Advanced\Deep Learning - CV\Project\data\Dataset\Videos\D0210T.mp4,0.504,không dám,không dám,T (Miền Trung / Central),unknown,101,29.97,1280,720,0cc6bd84f12fa648b85b1844025a61a9,VALID
286,D0211.mp4,C:\Users\Admin\Python Advanced\Deep Learning - CV\Project\data\Dataset\Videos\D0211.mp4,0.557,phiền hà,phiền hà,Neutral / Unspecified,unknown,114,29.97,1280,720,dabc840b8b30d5d25fe99eb49bedecac,VALID
287,D0212.mp4,C:\Users\Admin\Python Advanced\Deep Learning - CV\Project\data\Dataset\Videos\D0212.mp4,1.44,đèn ông sao,đèn ông sao,Neutral / Unspecified,unknown,242,29.97,1280,720,dacad8aabaa7c20f33f3bc99dbc4e1cf,VALID
288,D0213T.mp4,C:\Users\Admin\Python Advanced\Deep Learning - CV\Project\data\Dataset\Videos\D0213T.mp4,0.435,ung thư,ung thư,T (Miền Trung / Central),unknown,106,29.97,1280,720,817d447b66342ff6ffdb4839783edaac,VALID
289,D0214B.mp4,C:\Users\Admin\Python Advanced\Deep Learning - CV\Project\data\Dataset\Videos\D0214B.mp4,0.582,phó hiệu trưởng,phó hiệu trưởng,B (Miền Bắc / North),unknown,119,29.97,1280,720,e1e4ccb4799e367a1bd533e0c72b0fed,VALID
290,D0214N.mp4,C:\Users\Admin\Python Advanced\Deep Learning - CV\Project\data\Dataset\Videos\D0214N.mp4,0.532,phó hiệu trưởng,phó hiệu trưởng,N (Miền Nam / South),unknown,124,29.97,1280,720,396bfec433f5661ad5063cbb0ca7de7c,VALID
291,D0214T.mp4,C:\Users\Admin\Python Advanced\Deep Learning - CV\Project\data\Dataset\Videos\D0214T.mp4,0.528,phó hiệu trưởng,phó hiệu trưởng,T (Miền Trung / Central),unknown,124,29.97,1280,720,3a919814fdb2683c47dd264702366273,VALID
292,D0215.mp4,C:\Users\Admin\Python Advanced\Deep Learning - CV\Project\data\Dataset\Videos\D0215.mp4,0.808,Ô-lim-píc,ô-lim-píc,Neutral / Unspecified,unknown,140,29.97,1280,720,4b5043ffff167b071339f26e13ba2d28,VALID
293,D0217.mp4,C:\Users\Admin\Python Advanced\Deep Learning - CV\Project\data\Dataset\Videos\D0217.mp4,0.443,hữu nghị,hữu nghị,Neutral / Unspecified,unknown,98,29.97,1280,720,931348b5c6716df9928483d5d8db6141,VALID
294,D0218.mp4,C:\Users\Admin\Python Advanced\Deep Learning - CV\Project\data\Dataset\Videos\D0218.mp4,1.389,bắn cung tên,bắn cung tên,Neutral / Unspecified,unknown,235,29.97,1280,720,f2197f1bc09ff342fae3d81176f9c9da,VALID
295,D0219.mp4,C:\Users\Admin\Python Advanced\Deep Learning - CV\Project\data\Dataset\Videos\D0219.mp4,0.589,mũi tên,mũi tên,Neutral / Unspecified,unknown,129,29.97,1280,720,db00e2bd63f19179683440129d3f048b,VALID
296,D0220.mp4,C:\Users\Admin\Python Advanced\Deep Learning - CV\Project\data\Dataset\Videos\D0220.mp4,0.463,cung tên,cung tên,Neutral / Unspecified,unknown,109,29.97,1280,720,7b1fddfa13fdceaf2ab4c3942cf2534b,VALID
297,D0222.mp4,C:\Users\Admin\Python Advanced\Deep Learning - CV\Project\data\Dataset\Videos\D0222.mp4,0.688,nứt nẻ (ruộng),nứt nẻ (ruộng),Neutral / Unspecified,unknown,134,29.97,1280,720,2c032ca9c6cd3388ff12eb0943e1b634,VALID
298,D0223B.mp4,C:\Users\Admin\Python Advanced\Deep Learning - CV\Project\data\Dataset\Videos\D0223B.mp4,0.731,Mã Lai (nước Ma-lai-xi-a),mã lai (nước ma-lai-xi-a),B (Miền Bắc / North),unknown,135,29.97,1280,720,c6932a67f1a6803fae38813d5f6bd9d9,VALID
299,D0223N.mp4,C:\Users\Admin\Python Advanced\Deep Learning - CV\Project\data\Dataset\Videos\D0223N.mp4,0.509,Mã Lai (nước Ma-lai-xi-a),mã lai (nước ma-lai-xi-a),N (Miền Nam / South),unknown,121,29.97,1280,720,eae579d18fdb2d5b57662e8b2992346b,VALID
300,D0223T.mp4,C:\Users\Admin\Python Advanced\Deep Learning - CV\Project\data\Dataset\Videos\D0223T.mp4,0.558,Mã Lai (nước Ma-lai-xi-a),mã lai (nước ma-lai-xi-a),T (Miền Trung / Central),unknown,130,29.97,1280,720,4406ee2fa6a7fc11ad34651d09d9f6b3,VALID
301,D0224.mp4,C:\Users\Admin\Python Advanced\Deep Learning - CV\Project\data\Dataset\Videos\D0224.mp4,0.451,số La Mã (Toán học),số la mã (toán học),Neutral / Unspecified,unknown,117,29.97,1280,720,421bda800e44feeaf1bc9db2469ed1d6,VALID
302,D0225.mp4,C:\Users\Admin\Python Advanced\Deep Learning - CV\Project\data\Dataset\Videos\D0225.mp4,0.882,Long Vương,long vương,Neutral / Unspecified,unknown,137,29.97,1280,720,544249d63c81067267dedae4d1293162,VALID
303,D0227.mp4,C:\Users\Admin\Python Advanced\Deep Learning - CV\Project\data\Dataset\Videos\D0227.mp4,0.85,phân vân,phân vân,Neutral / Unspecified,unknown,148,29.97,1280,720,497b6b9a49758bc446156952eef92e57,VALID
304,D0229.mp4,C:\Users\Admin\Python Advanced\Deep Learning - CV\Project\data\Dataset\Videos\D0229.mp4,0.524,chó cắn,chó cắn,Neutral / Unspecified,unknown,94,29.97,1280,720,810a3e06f146fadce34e46c12bf8ef37,VALID
305,D0230.mp4,C:\Users\Admin\Python Advanced\Deep Learning - CV\Project\data\Dataset\Videos\D0230.mp4,0.603,mèo cào,mèo cào,Neutral / Unspecified,unknown,94,29.97,1280,720,a0ccabdd21423ab68bb4bba10b9b27d0,VALID
306,D0233.mp4,C:\Users\Admin\Python Advanced\Deep Learning - CV\Project\data\Dataset\Videos\D0233.mp4,0.759,quan (chức vụ),quan (chức vụ),Neutral / Unspecified,unknown,118,29.97,1280,720,6250049182e52a07e91bb1252fa0b7fc,VALID
307,D0234.mp4,C:\Users\Admin\Python Advanced\Deep Learning - CV\Project\data\Dataset\Videos\D0234.mp4,0.758,đi tuần,đi tuần,Neutral / Unspecified,unknown,135,29.97,1280,720,e50e82e9a730bb143e909be0f38fbd2f,VALID
308,D0235.mp4,C:\Users\Admin\Python Advanced\Deep Learning - CV\Project\data\Dataset\Videos\D0235.mp4,0.624,vỗ về,vỗ về,Neutral / Unspecified,unknown,96,29.97,1280,720,dc959d93a1ae55276e4bda624c0d0b13,VALID
309,D0236.mp4,C:\Users\Admin\Python Advanced\Deep Learning - CV\Project\data\Dataset\Videos\D0236.mp4,0.787,hốt hoảng,hốt hoảng,Neutral / Unspecified,unknown,114,29.97,1280,720,b030ad978bb0d479a0c9f3b4a67a40ed,VALID
310,D0237.mp4,C:\Users\Admin\Python Advanced\Deep Learning - CV\Project\data\Dataset\Videos\D0237.mp4,0.486,chuyện nhỏ,chuyện nhỏ,Neutral / Unspecified,unknown,94,29.97,1280,720,8959f85611432054fbcc3cd312a83979,VALID
311,D0238.mp4,C:\Users\Admin\Python Advanced\Deep Learning - CV\Project\data\Dataset\Videos\D0238.mp4,0.91,chuyện lớn,chuyện lớn,Neutral / Unspecified,unknown,133,29.97,1280,720,abb8279ddb5f0ae25d20815182afdf3e,VALID
312,D0239.mp4,C:\Users\Admin\Python Advanced\Deep Learning - CV\Project\data\Dataset\Videos\D0239.mp4,0.354,cái gùi,cái gùi,Neutral / Unspecified,unknown,84,29.97,1280,720,e9a648d24d08fdc192b881124f720a4d,VALID
313,D0240.mp4,C:\Users\Admin\Python Advanced\Deep Learning - CV\Project\data\Dataset\Videos\D0240.mp4,1.233,hùng vĩ,hùng vĩ,Neutral / Unspecified,unknown,198,29.97,1280,720,7079fa872f1208ad7d30c64ea2f4e7a2,VALID
314,D0241.mp4,C:\Users\Admin\Python Advanced\Deep Learning - CV\Project\data\Dataset\Videos\D0241.mp4,0.909,bất khuất,bất khuất,Neutral / Unspecified,unknown,158,29.97,1280,720,ea42a2832c49ed7f9ac565b37c6081e2,VALID
315,D0242B.mp4,C:\Users\Admin\Python Advanced\Deep Learning - CV\Project\data\Dataset\Videos\D0242B.mp4,0.41,nhưng,nhưng,B (Miền Bắc / North),unknown,110,29.97,1280,720,f1e7df395331b6edbbc6bb78248e36d9,VALID
316,D0242N.mp4,C:\Users\Admin\Python Advanced\Deep Learning - CV\Project\data\Dataset\Videos\D0242N.mp4,0.328,nhưng,nhưng,N (Miền Nam / South),unknown,89,29.97,1280,720,09bccd0da358d36643c835d3b9bd09e9,VALID
317,D0242T.mp4,C:\Users\Admin\Python Advanced\Deep Learning - CV\Project\data\Dataset\Videos\D0242T.mp4,0.408,nhưng,nhưng,T (Miền Trung / Central),unknown,110,29.97,1280,720,c736c4411200c02cd890d85fbc9f7339,VALID
318,D0243B.mp4,C:\Users\Admin\Python Advanced\Deep Learning - CV\Project\data\Dataset\Videos\D0243B.mp4,0.594,hay là (hoặc là),hay là (hoặc là),B (Miền Bắc / North),unknown,120,29.97,1280,720,6580f3e6a43c0386a3e6348e60b1dcfa,VALID
319,D0243N.mp4,C:\Users\Admin\Python Advanced\Deep Learning - CV\Project\data\Dataset\Videos\D0243N.mp4,0.495,hay là (hoặc là),hay là (hoặc là),N (Miền Nam / South),unknown,108,29.97,1280,720,f4e8d49335e4eecd3bdf540e9afbe54a,VALID
320,D0243T.mp4,C:\Users\Admin\Python Advanced\Deep Learning - CV\Project\data\Dataset\Videos\D0243T.mp4,0.498,hay là (hoặc là),hay là (hoặc là),T (Miền Trung / Central),unknown,108,29.97,1280,720,3a30d76ff0d420cc67f8eec6c7815d38,VALID
321,D0244.mp4,C:\Users\Admin\Python Advanced\Deep Learning - CV\Project\data\Dataset\Videos\D0244.mp4,0.448,Thăng Long,thăng long,Neutral / Unspecified,unknown,102,29.97,1280,720,6eccbab245e959e9f0008924002089ef,VALID
322,D0245.mp4,C:\Users\Admin\Python Advanced\Deep Learning - CV\Project\data\Dataset\Videos\D0245.mp4,0.666,dãy núi Hoàng Liên Sơn,dãy núi hoàng liên sơn,Neutral / Unspecified,unknown,122,29.97,1280,720,359e35890b979f0d27ec5e4a03e54a71,VALID
323,D0247.mp4,C:\Users\Admin\Python Advanced\Deep Learning - CV\Project\data\Dataset\Videos\D0247.mp4,0.351,gấp đôi,gấp đôi,Neutral / Unspecified,unknown,79,29.97,1280,720,70526c166e1a05d0868513e168dde21c,VALID
324,D0248.mp4,C:\Users\Admin\Python Advanced\Deep Learning - CV\Project\data\Dataset\Videos\D0248.mp4,0.639,gấp ba,gấp ba,Neutral / Unspecified,unknown,111,29.97,1280,720,da955061c40a1d5b3aa592304d0c2484,VALID
325,D0249B.mp4,C:\Users\Admin\Python Advanced\Deep Learning - CV\Project\data\Dataset\Videos\D0249B.mp4,0.59,chia đôi,chia đôi,B (Miền Bắc / North),unknown,114,29.97,1280,720,e0ff67f801522ead2eae99c346fe7c74,VALID
326,D0249N.mp4,C:\Users\Admin\Python Advanced\Deep Learning - CV\Project\data\Dataset\Videos\D0249N.mp4,0.37,chia đôi,chia đôi,N (Miền Nam / South),unknown,100,29.97,1280,720,c6d8127d8de4b111c533b1f84383966d,VALID
327,D0249T.mp4,C:\Users\Admin\Python Advanced\Deep Learning - CV\Project\data\Dataset\Videos\D0249T.mp4,0.589,chia đôi,chia đôi,T (Miền Trung / Central),unknown,114,29.97,1280,720,b2e007372eb959c031e5386e4e980cf3,VALID
328,D0250B.mp4,C:\Users\Admin\Python Advanced\Deep Learning - CV\Project\data\Dataset\Videos\D0250B.mp4,0.479,chia ba,chia ba,B (Miền Bắc / North),unknown,92,29.97,1280,720,fb4b10c5988dd3987dba8548f3bfc39a,VALID
329,D0250N.mp4,C:\Users\Admin\Python Advanced\Deep Learning - CV\Project\data\Dataset\Videos\D0250N.mp4,0.39,chia ba,chia ba,N (Miền Nam / South),unknown,104,29.97,1280,720,3f4a447c9795d742f0491ab1566bc4b5,VALID
330,D0250T.mp4,C:\Users\Admin\Python Advanced\Deep Learning - CV\Project\data\Dataset\Videos\D0250T.mp4,0.477,chia ba,chia ba,T (Miền Trung / Central),unknown,92,29.97,1280,720,a509db1aef487d9ef4e0bd8e802b425f,VALID
331,D0251.mp4,C:\Users\Admin\Python Advanced\Deep Learning - CV\Project\data\Dataset\Videos\D0251.mp4,0.851,"đi lạc (đường, rừng..)","đi lạc (đường, rừng..)",Neutral / Unspecified,unknown,140,29.97,1280,720,3fa4f3351bee56f6173ee8676f7d8b83,VALID
332,D0252.mp4,C:\Users\Admin\Python Advanced\Deep Learning - CV\Project\data\Dataset\Videos\D0252.mp4,0.536,mất (chết) (chỉ người),mất (chết) (chỉ người),Neutral / Unspecified,unknown,112,29.97,1280,720,030c8b35cc02aaf08937cab1aaee84aa,VALID
333,D0253.mp4,C:\Users\Admin\Python Advanced\Deep Learning - CV\Project\data\Dataset\Videos\D0253.mp4,0.458,đại sứ,đại sứ,Neutral / Unspecified,unknown,109,29.97,1280,720,32b83ae0655f4f8682056838d24057b3,VALID
334,D0255.mp4,C:\Users\Admin\Python Advanced\Deep Learning - CV\Project\data\Dataset\Videos\D0255.mp4,0.54,giám sát,giám sát,Neutral / Unspecified,unknown,117,29.97,1280,720,943c6e83ace5a46b5b0fb5e6a29463a3,VALID
335,D0256.mp4,C:\Users\Admin\Python Advanced\Deep Learning - CV\Project\data\Dataset\Videos\D0256.mp4,0.649,quan sát,quan sát,Neutral / Unspecified,unknown,126,29.97,1280,720,19536f1cf1cdaa7ecf5060ac06121ec0,VALID
336,D0257.mp4,C:\Users\Admin\Python Advanced\Deep Learning - CV\Project\data\Dataset\Videos\D0257.mp4,0.319,ăn vụng,ăn vụng,Neutral / Unspecified,unknown,78,29.97,1280,720,2f72d503d9b54533439d179d13c21520,VALID
337,D0258.mp4,C:\Users\Admin\Python Advanced\Deep Learning - CV\Project\data\Dataset\Videos\D0258.mp4,0.515,xảy ra,xảy ra,Neutral / Unspecified,unknown,103,29.97,1280,720,b6dcab5e5e3c997bfd153ca2013d144c,VALID
338,D0259.mp4,C:\Users\Admin\Python Advanced\Deep Learning - CV\Project\data\Dataset\Videos\D0259.mp4,0.552,dự án,dự án,Neutral / Unspecified,unknown,114,29.97,1280,720,05ef92e4412a845635736acf8a3eb7c0,VALID
339,D0260.mp4,C:\Users\Admin\Python Advanced\Deep Learning - CV\Project\data\Dataset\Videos\D0260.mp4,0.362,đầu tư,đầu tư,Neutral / Unspecified,unknown,80,29.97,1280,720,1f42ceb84df488d91d8087017d9b11ab,VALID
340,D0261.mp4,C:\Users\Admin\Python Advanced\Deep Learning - CV\Project\data\Dataset\Videos\D0261.mp4,0.671,năn nỉ,năn nỉ,Neutral / Unspecified,unknown,122,29.97,1280,720,fc837def5a0f650d248cdcf8099f70f4,VALID
341,D0263.mp4,C:\Users\Admin\Python Advanced\Deep Learning - CV\Project\data\Dataset\Videos\D0263.mp4,0.886,rắc rối,rắc rối,Neutral / Unspecified,unknown,151,29.97,1280,720,99af56d7842765c178d69e2ef7ffb4f0,VALID
342,D0264.mp4,C:\Users\Admin\Python Advanced\Deep Learning - CV\Project\data\Dataset\Videos\D0264.mp4,0.678,tải về,tải về,Neutral / Unspecified,unknown,120,29.97,1280,720,e5fbde1ff46a335350e9ff8fc23b134b,VALID
343,D0265.mp4,C:\Users\Admin\Python Advanced\Deep Learning - CV\Project\data\Dataset\Videos\D0265.mp4,0.493,nhõng nhẽo,nhõng nhẽo,Neutral / Unspecified,unknown,99,29.97,1280,720,aeb202e7dde3caa0ea7241a5e2b4a75c,VALID
344,D0266.mp4,C:\Users\Admin\Python Advanced\Deep Learning - CV\Project\data\Dataset\Videos\D0266.mp4,0.575,hên/gặp may,hên/gặp may,Neutral / Unspecified,unknown,110,29.97,1280,720,90446d4cd397b5dfda7471bdf6f29495,VALID
345,D0267B.mp4,C:\Users\Admin\Python Advanced\Deep Learning - CV\Project\data\Dataset\Videos\D0267B.mp4,1.305,đen đủi,đen đủi,B (Miền Bắc / North),unknown,245,29.97,1280,720,f00f33bd8f26c6bb8fe715b34482ca4c,VALID
346,D0268N.mp4,C:\Users\Admin\Python Advanced\Deep Learning - CV\Project\data\Dataset\Videos\D0268N.mp4,0.56,xui xẻo,xui xẻo,N (Miền Nam / South),unknown,116,29.97,1280,720,47a339bc4f852ac9984242d0bb7d6559,VALID
347,D0269.mp4,C:\Users\Admin\Python Advanced\Deep Learning - CV\Project\data\Dataset\Videos\D0269.mp4,0.636,long lanh (mắt),long lanh (mắt),Neutral / Unspecified,unknown,130,29.97,1280,720,c28f67aec7ecb552f04c99e43fb88d29,VALID
348,D0270N.mp4,C:\Users\Admin\Python Advanced\Deep Learning - CV\Project\data\Dataset\Videos\D0270N.mp4,0.48,lạnh lùng,lạnh lùng,N (Miền Nam / South),unknown,107,29.97,1280,720,42bce08b3ae0fd7a34dd97eb53732178,VALID
349,D0270T.mp4,C:\Users\Admin\Python Advanced\Deep Learning - CV\Project\data\Dataset\Videos\D0270T.mp4,0.501,lạnh lùng,lạnh lùng,T (Miền Trung / Central),unknown,108,29.97,1280,720,c3523c6ddff60b0fa8dc3d22bf089e31,VALID
350,D0271B.mp4,C:\Users\Admin\Python Advanced\Deep Learning - CV\Project\data\Dataset\Videos\D0271B.mp4,0.56,dỗi,dỗi,B (Miền Bắc / North),unknown,117,29.97,1280,720,049356efe7b9321cc2402b6cdb6a9af2,VALID
351,D0271N.mp4,C:\Users\Admin\Python Advanced\Deep Learning - CV\Project\data\Dataset\Videos\D0271N.mp4,0.729,dỗi,dỗi,N (Miền Nam / South),unknown,146,29.97,1280,720,c08ffe0eebf46729ac86a6d755e3af3a,VALID
352,D0272B.mp4,C:\Users\Admin\Python Advanced\Deep Learning - CV\Project\data\Dataset\Videos\D0272B.mp4,0.445,liếc nhìn,liếc nhìn,B (Miền Bắc / North),unknown,96,29.97,1280,720,422a35e55b51479dbccb6992645f0ec0,VALID
353,D0272N.mp4,C:\Users\Admin\Python Advanced\Deep Learning - CV\Project\data\Dataset\Videos\D0272N.mp4,0.346,liếc nhìn,liếc nhìn,N (Miền Nam / South),unknown,79,29.97,1280,720,2d6d12625464f5a7b758dc7b15ea7ead,VALID
354,D0272T.mp4,C:\Users\Admin\Python Advanced\Deep Learning - CV\Project\data\Dataset\Videos\D0272T.mp4,0.444,liếc nhìn,liếc nhìn,T (Miền Trung / Central),unknown,96,29.97,1280,720,7670cd7af00db3e3c1874bfa773499f7,VALID
355,D0273.mp4,C:\Users\Admin\Python Advanced\Deep Learning - CV\Project\data\Dataset\Videos\D0273.mp4,0.743,nhổ tóc,nhổ tóc,Neutral / Unspecified,unknown,133,29.97,1280,720,b3f0d9056c19a2a07e2ce2d1f3453ddd,VALID
356,D0275.mp4,C:\Users\Admin\Python Advanced\Deep Learning - CV\Project\data\Dataset\Videos\D0275.mp4,0.487,nhổ lông mày,nhổ lông mày,Neutral / Unspecified,unknown,108,29.97,1280,720,29f844daa2785f11373ed7d481ab42df,VALID
357,D0276.mp4,C:\Users\Admin\Python Advanced\Deep Learning - CV\Project\data\Dataset\Videos\D0276.mp4,0.724,cắt lông mũi,cắt lông mũi,Neutral / Unspecified,unknown,137,29.97,1280,720,5b97d0778a651540023dc678fd31d9ce,VALID
358,D0278.mp4,C:\Users\Admin\Python Advanced\Deep Learning - CV\Project\data\Dataset\Videos\D0278.mp4,0.44,răng hô,răng hô,Neutral / Unspecified,unknown,103,29.97,1280,720,582aae7fe83602efae14b15929b0e527,VALID
359,D0279.mp4,C:\Users\Admin\Python Advanced\Deep Learning - CV\Project\data\Dataset\Videos\D0279.mp4,0.412,răng khểnh,răng khểnh,Neutral / Unspecified,unknown,99,29.97,1280,720,e8b6b02f55631d2de721f6250bca9b3e,VALID
360,D0280.mp4,C:\Users\Admin\Python Advanced\Deep Learning - CV\Project\data\Dataset\Videos\D0280.mp4,0.53,kháu khỉnh,kháu khỉnh,Neutral / Unspecified,unknown,119,29.97,1280,720,7d071b9124dd26c528b1150244fd63ba,VALID
361,D0281.mp4,C:\Users\Admin\Python Advanced\Deep Learning - CV\Project\data\Dataset\Videos\D0281.mp4,0.348,mọc tóc,mọc tóc,Neutral / Unspecified,unknown,79,29.97,1280,720,85db7ef4d6855a36ae8136eb08a34081,VALID
362,D0282.mp4,C:\Users\Admin\Python Advanced\Deep Learning - CV\Project\data\Dataset\Videos\D0282.mp4,0.396,mọc râu,mọc râu,Neutral / Unspecified,unknown,101,29.97,1280,720,521d8febbbbc9762d51efd7cfafd0750,VALID
363,D0284.mp4,C:\Users\Admin\Python Advanced\Deep Learning - CV\Project\data\Dataset\Videos\D0284.mp4,0.499,Cô vy (covid),cô vy (covid),Neutral / Unspecified,unknown,111,29.97,1280,720,1464f2a55fae15ea36541287fa4baccb,VALID
364,D0285.mp4,C:\Users\Admin\Python Advanced\Deep Learning - CV\Project\data\Dataset\Videos\D0285.mp4,0.714,Cố đô Huế,cố đô huế,Neutral / Unspecified,unknown,138,29.97,1280,720,fe23367d360fd804efa0ab96fae1ec98,VALID
365,D0286.mp4,C:\Users\Admin\Python Advanced\Deep Learning - CV\Project\data\Dataset\Videos\D0286.mp4,0.816,cách ly,cách ly,Neutral / Unspecified,unknown,161,29.97,1280,720,0784ca2bf644e11dc2c4da3cecb1bd1c,VALID
366,D0287.mp4,C:\Users\Admin\Python Advanced\Deep Learning - CV\Project\data\Dataset\Videos\D0287.mp4,0.615,giãn cách xã hội,giãn cách xã hội,Neutral / Unspecified,unknown,124,29.97,1280,720,e1c1486f87ac946ee191cd2acdb87f5e,VALID
367,D0289.mp4,C:\Users\Admin\Python Advanced\Deep Learning - CV\Project\data\Dataset\Videos\D0289.mp4,0.457,ria mép,ria mép,Neutral / Unspecified,unknown,97,29.97,1280,720,f8dc5f6c0f77cb469a861a02cff164e5,VALID
368,D0290.mp4,C:\Users\Admin\Python Advanced\Deep Learning - CV\Project\data\Dataset\Videos\D0290.mp4,0.484,trong khoảng,trong khoảng,Neutral / Unspecified,unknown,105,29.97,1280,720,240be3630790ba692447efdcf8bd835e,VALID
369,D0293.mp4,C:\Users\Admin\Python Advanced\Deep Learning - CV\Project\data\Dataset\Videos\D0293.mp4,0.709,nhảy lò cò,nhảy lò cò,Neutral / Unspecified,unknown,123,29.97,1280,720,e449c9d0465b9d9e5cbc897c243a3018,VALID
370,D0295.mp4,C:\Users\Admin\Python Advanced\Deep Learning - CV\Project\data\Dataset\Videos\D0295.mp4,0.562,hội thoại,hội thoại,Neutral / Unspecified,unknown,108,29.97,1280,720,b414b76beb956c97ab05d125f0de6da1,VALID
371,D0296.mp4,C:\Users\Admin\Python Advanced\Deep Learning - CV\Project\data\Dataset\Videos\D0296.mp4,0.332,lý do,lý do,Neutral / Unspecified,unknown,89,29.97,1280,720,771aea1c3b4dda80cd581152b74da165,VALID
372,D0297.mp4,C:\Users\Admin\Python Advanced\Deep Learning - CV\Project\data\Dataset\Videos\D0297.mp4,0.574,lớn hơn 1 (Toán học),lớn hơn 1 (toán học),Neutral / Unspecified,unknown,113,29.97,1280,720,6fee6bed7ddaa8999b0dd78f394908c7,VALID
373,D0298.mp4,C:\Users\Admin\Python Advanced\Deep Learning - CV\Project\data\Dataset\Videos\D0298.mp4,0.381,lớn hơn 2 (Toán học),lớn hơn 2 (toán học),Neutral / Unspecified,unknown,85,29.97,1280,720,b610e74cdddf6de0ac1f10f9a007d358,VALID
374,D0299.mp4,C:\Users\Admin\Python Advanced\Deep Learning - CV\Project\data\Dataset\Videos\D0299.mp4,0.918,2 < 5 (Toán học),2 < 5 (toán học),Neutral / Unspecified,unknown,158,29.97,1280,720,138b64beb6e2b173b1466f3ad6d53234,VALID
375,D0300.mp4,C:\Users\Admin\Python Advanced\Deep Learning - CV\Project\data\Dataset\Videos\D0300.mp4,0.477,tỉnh táo,tỉnh táo,Neutral / Unspecified,unknown,95,29.97,1280,720,211f1fc0cf45e50cad1d6f91e41b80ec,VALID
376,D0301.mp4,C:\Users\Admin\Python Advanced\Deep Learning - CV\Project\data\Dataset\Videos\D0301.mp4,0.81,nhộn nhịp (đông người),nhộn nhịp (đông người),Neutral / Unspecified,unknown,138,29.97,1280,720,81d3bc0bb8bc4a99238cd0e5ec8b7469,VALID
377,D0302.mp4,C:\Users\Admin\Python Advanced\Deep Learning - CV\Project\data\Dataset\Videos\D0302.mp4,0.646,áo kẻ sọc,áo kẻ sọc,Neutral / Unspecified,unknown,127,29.97,1280,720,b72ad8ae55a2c7d01e5343c9a728d3db,VALID
378,D0303.mp4,C:\Users\Admin\Python Advanced\Deep Learning - CV\Project\data\Dataset\Videos\D0303.mp4,0.844,đất nước bị chia cắt (Việt Nam),đất nước bị chia cắt (việt nam),Neutral / Unspecified,unknown,153,29.97,1280,720,905f4595d8f9ad28f77fabbe64e43fc0,VALID
379,D0304.mp4,C:\Users\Admin\Python Advanced\Deep Learning - CV\Project\data\Dataset\Videos\D0304.mp4,0.365,thống nhất đất nước,thống nhất đất nước,Neutral / Unspecified,unknown,90,29.97,1280,720,7dfa57b138bfd2179837431da480e66f,VALID
380,D0305.mp4,C:\Users\Admin\Python Advanced\Deep Learning - CV\Project\data\Dataset\Videos\D0305.mp4,0.492,khoáng sản,khoáng sản,Neutral / Unspecified,unknown,111,29.97,1280,720,06778f2ba355cfabed3d42f82c9f2b59,VALID
381,D0306.mp4,C:\Users\Admin\Python Advanced\Deep Learning - CV\Project\data\Dataset\Videos\D0306.mp4,0.598,thương mại,thương mại,Neutral / Unspecified,unknown,105,29.97,1280,720,0a5396c038feb20935f9e48c63309da3,VALID
382,D0307B.mp4,C:\Users\Admin\Python Advanced\Deep Learning - CV\Project\data\Dataset\Videos\D0307B.mp4,0.402,công nghiệp,công nghiệp,B (Miền Bắc / North),unknown,93,29.97,1280,720,242e62fd25dbc894e4ec52b5657e2ccc,VALID
383,D0307T.mp4,C:\Users\Admin\Python Advanced\Deep Learning - CV\Project\data\Dataset\Videos\D0307T.mp4,0.422,công nghiệp,công nghiệp,T (Miền Trung / Central),unknown,104,29.97,1280,720,f53f59cef8452cf9863731b14ab8e625,VALID
384,D0308.mp4,C:\Users\Admin\Python Advanced\Deep Learning - CV\Project\data\Dataset\Videos\D0308.mp4,0.582,dân tộc Chăm,dân tộc chăm,Neutral / Unspecified,unknown,107,29.97,1280,720,081b133c04818fe7f2e85c1903c92fdf,VALID
385,D0309.mp4,C:\Users\Admin\Python Advanced\Deep Learning - CV\Project\data\Dataset\Videos\D0309.mp4,0.668,dân tộc Mường,dân tộc mường,Neutral / Unspecified,unknown,126,29.97,1280,720,f55b85532b012510f941fa5b167b04b5,VALID
386,D0310.mp4,C:\Users\Admin\Python Advanced\Deep Learning - CV\Project\data\Dataset\Videos\D0310.mp4,0.783,dân tộc Khơ me,dân tộc khơ me,Neutral / Unspecified,unknown,131,29.97,1280,720,d68f164054b9eb9a31760e4fbf75edc4,VALID
387,D0311.mp4,C:\Users\Admin\Python Advanced\Deep Learning - CV\Project\data\Dataset\Videos\D0311.mp4,0.505,dân tộc Thái,dân tộc thái,Neutral / Unspecified,unknown,107,29.97,1280,720,7346431cffa681b39c58eb70d11ecd59,VALID
388,D0312.mp4,C:\Users\Admin\Python Advanced\Deep Learning - CV\Project\data\Dataset\Videos\D0312.mp4,0.552,dân tộc Mông,dân tộc mông,Neutral / Unspecified,unknown,117,29.97,1280,720,5146bae5dc9634c892d62dfe79878dbc,VALID
389,D0313.mp4,C:\Users\Admin\Python Advanced\Deep Learning - CV\Project\data\Dataset\Videos\D0313.mp4,0.485,nhà rông,nhà rông,Neutral / Unspecified,unknown,112,29.97,1280,720,fa6734e6a3009d83169e112cd2b0d367,VALID
390,D0314.mp4,C:\Users\Admin\Python Advanced\Deep Learning - CV\Project\data\Dataset\Videos\D0314.mp4,0.526,lãng phí,lãng phí,Neutral / Unspecified,unknown,108,29.97,1280,720,d768c8591a88bed7c74a0ee3d6a68a73,VALID
391,D0315.mp4,C:\Users\Admin\Python Advanced\Deep Learning - CV\Project\data\Dataset\Videos\D0315.mp4,0.66,tiến bộ,tiến bộ,Neutral / Unspecified,unknown,118,29.97,1280,720,9da41d9a1b80380b8ea11665a030496a,VALID
392,D0316.mp4,C:\Users\Admin\Python Advanced\Deep Learning - CV\Project\data\Dataset\Videos\D0316.mp4,0.48,Lượm,lượm,Neutral / Unspecified,unknown,103,29.97,1280,720,fccc4e8df8c9ebdf0cd1ef5d8f9889d1,VALID
393,D0317.mp4,C:\Users\Admin\Python Advanced\Deep Learning - CV\Project\data\Dataset\Videos\D0317.mp4,0.632,cứu sống,cứu sống,Neutral / Unspecified,unknown,93,29.97,1280,720,a73cfd57e34f20e15106f36f3affd7cb,VALID
394,D0320.mp4,C:\Users\Admin\Python Advanced\Deep Learning - CV\Project\data\Dataset\Videos\D0320.mp4,0.675,cảng Sài Gòn,cảng sài gòn,Neutral / Unspecified,unknown,125,29.97,1280,720,e8c656a75ed60dec29ad38d7f25be12a,VALID
395,D0321.mp4,C:\Users\Admin\Python Advanced\Deep Learning - CV\Project\data\Dataset\Videos\D0321.mp4,0.589,kim cương,kim cương,Neutral / Unspecified,unknown,106,29.97,1280,720,da42912ccca8696414e73567f12fdbc6,VALID
396,D0323.mp4,C:\Users\Admin\Python Advanced\Deep Learning - CV\Project\data\Dataset\Videos\D0323.mp4,0.422,không bình đẳng,không bình đẳng,Neutral / Unspecified,unknown,92,29.97,1280,720,33076d03d25e6b7031d3b933e2545734,VALID
397,D0324.mp4,C:\Users\Admin\Python Advanced\Deep Learning - CV\Project\data\Dataset\Videos\D0324.mp4,0.668,đùm bọc,đùm bọc,Neutral / Unspecified,unknown,114,29.97,1280,720,2019a6d542458ba2eafb99daaa5c2e94,VALID
398,D0325.mp4,C:\Users\Admin\Python Advanced\Deep Learning - CV\Project\data\Dataset\Videos\D0325.mp4,0.563,khởi nghiệp,khởi nghiệp,Neutral / Unspecified,unknown,102,29.97,1280,720,3385a7afa661af8abc0d4fd4878c45c3,VALID
399,D0326B.mp4,C:\Users\Admin\Python Advanced\Deep Learning - CV\Project\data\Dataset\Videos\D0326B.mp4,0.572,vải lụa,vải lụa,B (Miền Bắc / North),unknown,114,29.97,1280,720,e637acac095887132fc6177e25eef017,VALID
400,D0326N.mp4,C:\Users\Admin\Python Advanced\Deep Learning - CV\Project\data\Dataset\Videos\D0326N.mp4,0.566,vải lụa,vải lụa,N (Miền Nam / South),unknown,119,29.97,1280,720,5a59be05a4ff5f48eb691f308638d28a,VALID
401,D0326T.mp4,C:\Users\Admin\Python Advanced\Deep Learning - CV\Project\data\Dataset\Videos\D0326T.mp4,0.539,vải lụa,vải lụa,T (Miền Trung / Central),unknown,114,29.97,1280,720,3b00bf1dc502a0cedb7ac1c7094a0bc7,VALID
402,D0327.mp4,C:\Users\Admin\Python Advanced\Deep Learning - CV\Project\data\Dataset\Videos\D0327.mp4,0.546,lượt đi,lượt đi,Neutral / Unspecified,unknown,109,29.97,1280,720,75617410cde072fc3d07769c92ed72fd,VALID
403,D0328.mp4,C:\Users\Admin\Python Advanced\Deep Learning - CV\Project\data\Dataset\Videos\D0328.mp4,0.562,lượt về (trong thể thao),lượt về (trong thể thao),Neutral / Unspecified,unknown,119,29.97,1280,720,b28e4457c05fcad8de6a19a41773a1d3,VALID
404,D0329.mp4,C:\Users\Admin\Python Advanced\Deep Learning - CV\Project\data\Dataset\Videos\D0329.mp4,0.378,rau diếp cá,rau diếp cá,Neutral / Unspecified,unknown,83,29.97,1280,720,075942ffbb96098b012e9e6cd5fd4288,VALID
405,D0331.mp4,C:\Users\Admin\Python Advanced\Deep Learning - CV\Project\data\Dataset\Videos\D0331.mp4,1.985,thao thức,thao thức,Neutral / Unspecified,unknown,300,29.97,1280,720,ffcb429f21100651babf210b9ac09ce4,VALID
406,D0330.mp4,C:\Users\Admin\Python Advanced\Deep Learning - CV\Project\data\Dataset\Videos\D0330.mp4,0.452,rau ngò/rau mùi,rau ngò/rau mùi,Neutral / Unspecified,unknown,101,29.97,1280,720,c33b03a867a1b66db95ccbb275f81259,VALID
407,D0332.mp4,C:\Users\Admin\Python Advanced\Deep Learning - CV\Project\data\Dataset\Videos\D0332.mp4,0.444,thâm quầng mắt,thâm quầng mắt,Neutral / Unspecified,unknown,110,29.97,1280,720,87181d3125e7f5b0ac07039bf0760f7c,VALID
408,D0333.mp4,C:\Users\Admin\Python Advanced\Deep Learning - CV\Project\data\Dataset\Videos\D0333.mp4,0.593,tự hào,tự hào,Neutral / Unspecified,unknown,119,29.97,1280,720,0fc9be6bafd4aafff37311c8b8c3b3eb,VALID
409,D0334.mp4,C:\Users\Admin\Python Advanced\Deep Learning - CV\Project\data\Dataset\Videos\D0334.mp4,0.649,quyên góp,quyên góp,Neutral / Unspecified,unknown,108,29.97,1280,720,34b1e80c63d9ee06532790a457623bd0,VALID
410,D0335.mp4,C:\Users\Admin\Python Advanced\Deep Learning - CV\Project\data\Dataset\Videos\D0335.mp4,1.597,chia rẽ,chia rẽ,Neutral / Unspecified,unknown,251,29.97,1280,720,94b61ccc9da3671366494b9f59737ec9,VALID
411,D0336.mp4,C:\Users\Admin\Python Advanced\Deep Learning - CV\Project\data\Dataset\Videos\D0336.mp4,0.482,tự trọng,tự trọng,Neutral / Unspecified,unknown,103,29.97,1280,720,3a915b7335ecdad3e3489acdf0feced2,VALID
412,D0337.mp4,C:\Users\Admin\Python Advanced\Deep Learning - CV\Project\data\Dataset\Videos\D0337.mp4,0.883,gian dối,gian dối,Neutral / Unspecified,unknown,147,29.97,1280,720,ea996b091bee87ff17628553d236a439,VALID
413,D0338.mp4,C:\Users\Admin\Python Advanced\Deep Learning - CV\Project\data\Dataset\Videos\D0338.mp4,0.508,ăn bám,ăn bám,Neutral / Unspecified,unknown,98,29.97,1280,720,b22dea928d6d6bfd6c2a62734a7df6ad,VALID
414,D0339.mp4,C:\Users\Admin\Python Advanced\Deep Learning - CV\Project\data\Dataset\Videos\D0339.mp4,0.605,tuyên truyền,tuyên truyền,Neutral / Unspecified,unknown,105,29.97,1280,720,8802d80c8f8ce2733f199ccd89b726fe,VALID
415,D0340.mp4,C:\Users\Admin\Python Advanced\Deep Learning - CV\Project\data\Dataset\Videos\D0340.mp4,0.525,thịnh vượng,thịnh vượng,Neutral / Unspecified,unknown,103,29.97,1280,720,fc3f4b6bbe5a4d0040f667fd18051e34,VALID
416,D0341.mp4,C:\Users\Admin\Python Advanced\Deep Learning - CV\Project\data\Dataset\Videos\D0341.mp4,0.557,lấm lem,lấm lem,Neutral / Unspecified,unknown,109,29.97,1280,720,31288bf2795ce2ab344a1ffbb43bda20,VALID
417,D0342B.mp4,C:\Users\Admin\Python Advanced\Deep Learning - CV\Project\data\Dataset\Videos\D0342B.mp4,0.771,ham chơi,ham chơi,B (Miền Bắc / North),unknown,108,29.97,1280,720,974aa762b7cf5b3887be0a98645d46bc,VALID
418,D0342T.mp4,C:\Users\Admin\Python Advanced\Deep Learning - CV\Project\data\Dataset\Videos\D0342T.mp4,0.771,ham chơi,ham chơi,T (Miền Trung / Central),unknown,108,29.97,1280,720,7493552610a2258d3e7fe0582965140e,VALID
419,D0343.mp4,C:\Users\Admin\Python Advanced\Deep Learning - CV\Project\data\Dataset\Videos\D0343.mp4,0.698,đánh cầu lông,đánh cầu lông,Neutral / Unspecified,unknown,119,29.97,1280,720,760642f5a634ce019ec6cada673c1927,VALID
420,D0344.mp4,C:\Users\Admin\Python Advanced\Deep Learning - CV\Project\data\Dataset\Videos\D0344.mp4,0.719,cánh buồm,cánh buồm,Neutral / Unspecified,unknown,134,29.97,1280,720,69af27ec9d1ea7ec6345e75912dc6887,VALID
421,D0345.mp4,C:\Users\Admin\Python Advanced\Deep Learning - CV\Project\data\Dataset\Videos\D0345.mp4,0.708,cầu Thê Húc (Hồ Gươm),cầu thê húc (hồ gươm),Neutral / Unspecified,unknown,130,29.97,1280,720,1f7aee62b6cdb6784b809e158caa8626,VALID
422,D0346B.mp4,C:\Users\Admin\Python Advanced\Deep Learning - CV\Project\data\Dataset\Videos\D0346B.mp4,0.513,da trắng,da trắng,B (Miền Bắc / North),unknown,103,29.97,1280,720,2a67ac672599898007cf3f6623153cf4,VALID
423,D0346N.mp4,C:\Users\Admin\Python Advanced\Deep Learning - CV\Project\data\Dataset\Videos\D0346N.mp4,0.606,da trắng,da trắng,N (Miền Nam / South),unknown,128,29.97,1280,720,41bd2fa8623b46840bc525566ee4c658,VALID
424,D0346T.mp4,C:\Users\Admin\Python Advanced\Deep Learning - CV\Project\data\Dataset\Videos\D0346T.mp4,0.609,da trắng,da trắng,T (Miền Trung / Central),unknown,128,29.97,1280,720,154bc322468734c0ce329debadb07c64,VALID
425,D0347N.mp4,C:\Users\Admin\Python Advanced\Deep Learning - CV\Project\data\Dataset\Videos\D0347N.mp4,0.441,da ngăm (nước da ngăm đen),da ngăm (nước da ngăm đen),N (Miền Nam / South),unknown,97,29.97,1280,720,af1ad4f7d74ea2ce566728ea3af1830a,VALID
426,D0347T.mp4,C:\Users\Admin\Python Advanced\Deep Learning - CV\Project\data\Dataset\Videos\D0347T.mp4,0.439,da ngăm (nước da ngăm đen),da ngăm (nước da ngăm đen),T (Miền Trung / Central),unknown,97,29.97,1280,720,012eb3a65286baa6ffc17b46ba38c9d5,VALID
427,D0348.mp4,C:\Users\Admin\Python Advanced\Deep Learning - CV\Project\data\Dataset\Videos\D0348.mp4,0.496,tuần trăng mật,tuần trăng mật,Neutral / Unspecified,unknown,91,29.97,1280,720,cc5c9d175538b1a0602098232c5106ce,VALID
428,D0349.mp4,C:\Users\Admin\Python Advanced\Deep Learning - CV\Project\data\Dataset\Videos\D0349.mp4,0.611,năm tới,năm tới,Neutral / Unspecified,unknown,111,29.97,1280,720,edc86fcead84623dcd1f427900329150,VALID
429,D0350.mp4,C:\Users\Admin\Python Advanced\Deep Learning - CV\Project\data\Dataset\Videos\D0350.mp4,0.604,Hoãn,hoãn,Neutral / Unspecified,unknown,110,29.97,1280,720,8191dd25d9a738f718dc21cfeec446b7,VALID
430,D0351.mp4,C:\Users\Admin\Python Advanced\Deep Learning - CV\Project\data\Dataset\Videos\D0351.mp4,0.358,huỷ,huỷ,Neutral / Unspecified,unknown,82,29.97,1280,720,5917b79a5af9aa49c465e7da2f8a5884,VALID
431,D0352.mp4,C:\Users\Admin\Python Advanced\Deep Learning - CV\Project\data\Dataset\Videos\D0352.mp4,0.423,phụ thuộc,phụ thuộc,Neutral / Unspecified,unknown,113,29.97,1280,720,a0d439e1989ac9d11e98c092e7fb407f,VALID
432,D0354.mp4,C:\Users\Admin\Python Advanced\Deep Learning - CV\Project\data\Dataset\Videos\D0354.mp4,0.421,tẩy chay,tẩy chay,Neutral / Unspecified,unknown,92,29.97,1280,720,505626dbbec648c5d7f4a3c3f54f1542,VALID
433,D0355.mp4,C:\Users\Admin\Python Advanced\Deep Learning - CV\Project\data\Dataset\Videos\D0355.mp4,0.475,đau mắt,đau mắt,Neutral / Unspecified,unknown,104,29.97,1280,720,0d49c005465f3a07071d4e556cb7f9b9,VALID
434,D0356.mp4,C:\Users\Admin\Python Advanced\Deep Learning - CV\Project\data\Dataset\Videos\D0356.mp4,0.613,đau bụng,đau bụng,Neutral / Unspecified,unknown,110,29.97,1280,720,6d700180ea765326a957b8ed6f71fc13,VALID
435,D0357.mp4,C:\Users\Admin\Python Advanced\Deep Learning - CV\Project\data\Dataset\Videos\D0357.mp4,0.557,đau tay,đau tay,Neutral / Unspecified,unknown,105,29.97,1280,720,78daece8f6470388257ef772701c1387,VALID
436,D0358.mp4,C:\Users\Admin\Python Advanced\Deep Learning - CV\Project\data\Dataset\Videos\D0358.mp4,0.426,đau chân,đau chân,Neutral / Unspecified,unknown,89,29.97,1280,720,e16e5d9fd22275382d1145ce8bed20d5,VALID
437,D0359.mp4,C:\Users\Admin\Python Advanced\Deep Learning - CV\Project\data\Dataset\Videos\D0359.mp4,0.652,đau tai,đau tai,Neutral / Unspecified,unknown,122,29.97,1280,720,6aa706672cf61af4cc73a1ce2f600708,VALID
438,D0360.mp4,C:\Users\Admin\Python Advanced\Deep Learning - CV\Project\data\Dataset\Videos\D0360.mp4,0.604,phẫu thuật tay,phẫu thuật tay,Neutral / Unspecified,unknown,115,29.97,1280,720,c83c4c6940145db190b44eaaf0b63cfa,VALID
439,D0361.mp4,C:\Users\Admin\Python Advanced\Deep Learning - CV\Project\data\Dataset\Videos\D0361.mp4,0.603,phẫu thuật chân,phẫu thuật chân,Neutral / Unspecified,unknown,124,29.97,1280,720,495ea0beead6dfc85a7faaa53253f286,VALID
440,D0363.mp4,C:\Users\Admin\Python Advanced\Deep Learning - CV\Project\data\Dataset\Videos\D0363.mp4,0.354,phẫu thuật mũi,phẫu thuật mũi,Neutral / Unspecified,unknown,81,29.97,1280,720,ebbb1b79efcd49866cace9a4fc504bbc,VALID
441,D0364.mp4,C:\Users\Admin\Python Advanced\Deep Learning - CV\Project\data\Dataset\Videos\D0364.mp4,0.404,phẫu thuật cổ,phẫu thuật cổ,Neutral / Unspecified,unknown,98,29.97,1280,720,a6e1b0c3fb774a973149d6b33253436c,VALID
442,D0365.mp4,C:\Users\Admin\Python Advanced\Deep Learning - CV\Project\data\Dataset\Videos\D0365.mp4,0.515,phẫu thuật bụng,phẫu thuật bụng,Neutral / Unspecified,unknown,110,29.97,1280,720,9bfb2a29485aa59c2af4eb65d8cd6125,VALID
443,D0367.mp4,C:\Users\Admin\Python Advanced\Deep Learning - CV\Project\data\Dataset\Videos\D0367.mp4,0.431,hội chứng Đao - Down,hội chứng đao - down,Neutral / Unspecified,unknown,109,29.97,1280,720,0d9532199c896c0cbe3d2f640ad772d3,VALID
444,D0369.mp4,C:\Users\Admin\Python Advanced\Deep Learning - CV\Project\data\Dataset\Videos\D0369.mp4,1.184,mệt mỏi,mệt mỏi,Neutral / Unspecified,unknown,183,29.97,1280,720,e6fc49e17e16601344ba2455c737490a,VALID
445,D0370.mp4,C:\Users\Admin\Python Advanced\Deep Learning - CV\Project\data\Dataset\Videos\D0370.mp4,0.292,mệt không?,mệt không?,Neutral / Unspecified,unknown,72,29.97,1280,720,b3113a7d874fd5fe5f8403426b9ddf5f,VALID
446,D0371.mp4,C:\Users\Admin\Python Advanced\Deep Learning - CV\Project\data\Dataset\Videos\D0371.mp4,0.609,đói không?,đói không?,Neutral / Unspecified,unknown,119,29.97,1280,720,18867a8cfaab00069fdcaa479d705f98,VALID
447,D0372.mp4,C:\Users\Admin\Python Advanced\Deep Learning - CV\Project\data\Dataset\Videos\D0372.mp4,0.519,cả ngày,cả ngày,Neutral / Unspecified,unknown,111,29.97,1280,720,b5f43a846c4dbbc3ba3c9580eec3227e,VALID
448,D0373.mp4,C:\Users\Admin\Python Advanced\Deep Learning - CV\Project\data\Dataset\Videos\D0373.mp4,1.391,chiên/rán (1)(2),chiên/rán (1)(2),Neutral / Unspecified,unknown,242,29.97,1280,720,d64edbf7a9ee9defce5e9f5749ed12da,VALID
449,D0374.mp4,C:\Users\Admin\Python Advanced\Deep Learning - CV\Project\data\Dataset\Videos\D0374.mp4,0.452,nướng,nướng,Neutral / Unspecified,unknown,95,29.97,1280,720,d51c48dc5a3340f47c44f258e2844098,VALID
450,D0375.mp4,C:\Users\Admin\Python Advanced\Deep Learning - CV\Project\data\Dataset\Videos\D0375.mp4,0.322,luộc,luộc,Neutral / Unspecified,unknown,89,29.97,1280,720,fde5973dda3e71a0daab6aa6d4fbff13,VALID
451,D0377.mp4,C:\Users\Admin\Python Advanced\Deep Learning - CV\Project\data\Dataset\Videos\D0377.mp4,0.448,lẩu,lẩu,Neutral / Unspecified,unknown,106,29.97,1280,720,37a1bd41e7894c902850a5a8b7b761f4,VALID
452,D0376.mp4,C:\Users\Admin\Python Advanced\Deep Learning - CV\Project\data\Dataset\Videos\D0376.mp4,1.532,xào,xào,Neutral / Unspecified,unknown,224,29.97,1280,720,546a396efee3c3374ba30040e74a51c1,VALID
453,D0378.mp4,C:\Users\Admin\Python Advanced\Deep Learning - CV\Project\data\Dataset\Videos\D0378.mp4,0.564,gỏi/nộm,gỏi/nộm,Neutral / Unspecified,unknown,105,29.97,1280,720,c18a518b625d9006e363e50d827c8961,VALID
454,D0379.mp4,C:\Users\Admin\Python Advanced\Deep Learning - CV\Project\data\Dataset\Videos\D0379.mp4,0.752,nhà kho,nhà kho,Neutral / Unspecified,unknown,121,29.97,1280,720,1e1811c9f81d59919d6e0833ca829b7e,VALID
455,D0380.mp4,C:\Users\Admin\Python Advanced\Deep Learning - CV\Project\data\Dataset\Videos\D0380.mp4,0.632,hấp,hấp,Neutral / Unspecified,unknown,114,29.97,1280,720,648851352c58e06d25c4e0d68399bf9d,VALID
456,D0381.mp4,C:\Users\Admin\Python Advanced\Deep Learning - CV\Project\data\Dataset\Videos\D0381.mp4,0.487,thối,thối,Neutral / Unspecified,unknown,103,29.97,1280,720,4374ab3513f9d00781afb542e3b5a2f1,VALID
457,D0384.mp4,C:\Users\Admin\Python Advanced\Deep Learning - CV\Project\data\Dataset\Videos\D0384.mp4,0.893,ngán,ngán,Neutral / Unspecified,unknown,165,29.97,1280,720,149ca72e6e513ee7f0dca3af34823740,VALID
458,D0385.mp4,C:\Users\Admin\Python Advanced\Deep Learning - CV\Project\data\Dataset\Videos\D0385.mp4,0.702,tôm hùm,tôm hùm,Neutral / Unspecified,unknown,133,29.97,1280,720,ca451fd48ff951fdbd5c5d048fbb6933,VALID
459,D0386.mp4,C:\Users\Admin\Python Advanced\Deep Learning - CV\Project\data\Dataset\Videos\D0386.mp4,0.579,cua đồng,cua đồng,Neutral / Unspecified,unknown,119,29.97,1280,720,5b37ab4c67e66cc2a0bae5d6aa177fa9,VALID
460,D0387.mp4,C:\Users\Admin\Python Advanced\Deep Learning - CV\Project\data\Dataset\Videos\D0387.mp4,0.522,con hàu,con hàu,Neutral / Unspecified,unknown,128,29.97,1280,720,a3b3547af308c82d613766d782cfd690,VALID
461,D0388.mp4,C:\Users\Admin\Python Advanced\Deep Learning - CV\Project\data\Dataset\Videos\D0388.mp4,0.673,hải sản,hải sản,Neutral / Unspecified,unknown,127,29.97,1280,720,d4caba82c83a2eada8cba8e37a6a3cfc,VALID
462,D0389.mp4,C:\Users\Admin\Python Advanced\Deep Learning - CV\Project\data\Dataset\Videos\D0389.mp4,0.533,vịt quay,vịt quay,Neutral / Unspecified,unknown,113,29.97,1280,720,86f6bf6fb3a356c1c99d7f6b665b1e31,VALID
463,D0390.mp4,C:\Users\Admin\Python Advanced\Deep Learning - CV\Project\data\Dataset\Videos\D0390.mp4,0.648,gà nướng lu,gà nướng lu,Neutral / Unspecified,unknown,135,29.97,1280,720,5a202382aef070c7a1ca830c2a257929,VALID
464,D0391.mp4,C:\Users\Admin\Python Advanced\Deep Learning - CV\Project\data\Dataset\Videos\D0391.mp4,0.651,bánh hamburger,bánh hamburger,Neutral / Unspecified,unknown,127,29.97,1280,720,62d99112c4767ff4a7f934f8e8a3535a,VALID
465,D0392.mp4,C:\Users\Admin\Python Advanced\Deep Learning - CV\Project\data\Dataset\Videos\D0392.mp4,0.442,bánh sandwich,bánh sandwich,Neutral / Unspecified,unknown,92,29.97,1280,720,eee9a8b0b54a9260cfde33587d89c798,VALID
466,D0395.mp4,C:\Users\Admin\Python Advanced\Deep Learning - CV\Project\data\Dataset\Videos\D0395.mp4,0.548,"nước ép (cam, cà chua,..)","nước ép (cam, cà chua,..)",Neutral / Unspecified,unknown,102,29.97,1280,720,3ed745a667dc7aaa8efffc3c7785e94f,VALID
467,D0394.mp4,C:\Users\Admin\Python Advanced\Deep Learning - CV\Project\data\Dataset\Videos\D0394.mp4,0.645,miến,miến,Neutral / Unspecified,unknown,119,29.97,1280,720,04fb4348d36ba2adfec0ad1a0b329562,VALID
468,D0396N.mp4,C:\Users\Admin\Python Advanced\Deep Learning - CV\Project\data\Dataset\Videos\D0396N.mp4,0.938,nước ép trái cây,nước ép trái cây,N (Miền Nam / South),unknown,151,29.97,1280,720,04f1b06d77ad610fc8749441da1f0d81,VALID
469,D0396B.mp4,C:\Users\Admin\Python Advanced\Deep Learning - CV\Project\data\Dataset\Videos\D0396B.mp4,0.852,nước ép trái cây,nước ép trái cây,B (Miền Bắc / North),unknown,142,29.97,1280,720,cd54f0422143b156767895599da36d32,VALID
470,D0397.mp4,C:\Users\Admin\Python Advanced\Deep Learning - CV\Project\data\Dataset\Videos\D0397.mp4,0.578,"sinh tố (bơ, dâu,..)","sinh tố (bơ, dâu,..)",Neutral / Unspecified,unknown,125,29.97,1280,720,34d99b6e3d4c42faa2db378b642bfcd2,VALID
471,D0398.mp4,C:\Users\Admin\Python Advanced\Deep Learning - CV\Project\data\Dataset\Videos\D0398.mp4,0.665,vắt chanh,vắt chanh,Neutral / Unspecified,unknown,121,29.97,1280,720,0ebba20b155c5ba72ef275788e3cdeb5,VALID
472,D0399.mp4,C:\Users\Admin\Python Advanced\Deep Learning - CV\Project\data\Dataset\Videos\D0399.mp4,0.843,mía,mía,Neutral / Unspecified,unknown,138,29.97,1280,720,6f8ea0abadbf111eb1de923e3257b697,VALID
473,D0400.mp4,C:\Users\Admin\Python Advanced\Deep Learning - CV\Project\data\Dataset\Videos\D0400.mp4,0.581,chanh đá,chanh đá,Neutral / Unspecified,unknown,112,29.97,1280,720,726dc1da9a11d918021e68b0639b92ee,VALID
474,D0401.mp4,C:\Users\Admin\Python Advanced\Deep Learning - CV\Project\data\Dataset\Videos\D0401.mp4,0.532,chanh nóng,chanh nóng,Neutral / Unspecified,unknown,114,29.97,1280,720,941ed09ae58235fe788eb4ccba612317,VALID
475,D0402.mp4,C:\Users\Admin\Python Advanced\Deep Learning - CV\Project\data\Dataset\Videos\D0402.mp4,0.534,chanh muối,chanh muối,Neutral / Unspecified,unknown,110,29.97,1280,720,db8f10dde5677c4c5ab4d977e93cf300,VALID
476,D0403.mp4,C:\Users\Admin\Python Advanced\Deep Learning - CV\Project\data\Dataset\Videos\D0403.mp4,0.261,trà đá,trà đá,Neutral / Unspecified,unknown,69,29.97,1280,720,1cafaa2b537755933130949e70eb4b8f,VALID
477,D0404.mp4,C:\Users\Admin\Python Advanced\Deep Learning - CV\Project\data\Dataset\Videos\D0404.mp4,0.669,trà nóng,trà nóng,Neutral / Unspecified,unknown,128,29.97,1280,720,007ae5f61ad3558f4ea604cf1ec93902,VALID
478,D0406.mp4,C:\Users\Admin\Python Advanced\Deep Learning - CV\Project\data\Dataset\Videos\D0406.mp4,0.455,Socola,socola,Neutral / Unspecified,unknown,108,29.97,1280,720,369071a328b0df614c0d6d8ce1753954,VALID
479,D0407.mp4,C:\Users\Admin\Python Advanced\Deep Learning - CV\Project\data\Dataset\Videos\D0407.mp4,0.568,Cocacola,cocacola,Neutral / Unspecified,unknown,119,29.97,1280,720,f2d80ae158704baf9b49344836359274,VALID
480,D0408.mp4,C:\Users\Admin\Python Advanced\Deep Learning - CV\Project\data\Dataset\Videos\D0408.mp4,0.44,7up,7up,Neutral / Unspecified,unknown,112,29.97,1280,720,4919f7084dc5f66d60cf1c19195dd3c5,VALID
481,D0409.mp4,C:\Users\Admin\Python Advanced\Deep Learning - CV\Project\data\Dataset\Videos\D0409.mp4,0.594,một tiết học,một tiết học,Neutral / Unspecified,unknown,122,29.97,1280,720,8301fad19e97aafd85a883ed050036a3,VALID
482,D0410B.mp4,C:\Users\Admin\Python Advanced\Deep Learning - CV\Project\data\Dataset\Videos\D0410B.mp4,0.68,một tiếng,một tiếng,B (Miền Bắc / North),unknown,128,29.97,1280,720,1ba83c66dc644da460ba5c39397c87ac,VALID
483,D0410N.mp4,C:\Users\Admin\Python Advanced\Deep Learning - CV\Project\data\Dataset\Videos\D0410N.mp4,0.338,một tiếng,một tiếng,N (Miền Nam / South),unknown,84,29.97,1280,720,3e101d18b6d5530762fa88e94582c2d4,VALID
484,D0410T.mp4,C:\Users\Admin\Python Advanced\Deep Learning - CV\Project\data\Dataset\Videos\D0410T.mp4,0.338,một tiếng,một tiếng,T (Miền Trung / Central),unknown,84,29.97,1280,720,614b2957c8b70f592582e4181c0e5a47,VALID
485,D0412.mp4,C:\Users\Admin\Python Advanced\Deep Learning - CV\Project\data\Dataset\Videos\D0412.mp4,0.444,rửa chân,rửa chân,Neutral / Unspecified,unknown,92,29.97,1280,720,1bf89fa0cd27ff9b56374ddf879673f1,VALID
486,D0414.mp4,C:\Users\Admin\Python Advanced\Deep Learning - CV\Project\data\Dataset\Videos\D0414.mp4,0.564,đánh răng,đánh răng,Neutral / Unspecified,unknown,114,29.97,1280,720,f07868091dce045cfdaffe81a2dcde82,VALID
487,D0416B.mp4,C:\Users\Admin\Python Advanced\Deep Learning - CV\Project\data\Dataset\Videos\D0416B.mp4,0.464,tuần này,tuần này,B (Miền Bắc / North),unknown,109,29.97,1280,720,c1ba68538e2f863be59e844563dac773,VALID
488,D0416N.mp4,C:\Users\Admin\Python Advanced\Deep Learning - CV\Project\data\Dataset\Videos\D0416N.mp4,0.433,tuần này,tuần này,N (Miền Nam / South),unknown,105,29.97,1280,720,eb5af8c3a1e26dde182f7c4d4f179288,VALID
489,D0416T.mp4,C:\Users\Admin\Python Advanced\Deep Learning - CV\Project\data\Dataset\Videos\D0416T.mp4,0.43,tuần này,tuần này,T (Miền Trung / Central),unknown,105,29.97,1280,720,be764d574d4fde0ed9c35f3e579ca213,VALID
490,D0417B.mp4,C:\Users\Admin\Python Advanced\Deep Learning - CV\Project\data\Dataset\Videos\D0417B.mp4,0.538,tuần sau,tuần sau,B (Miền Bắc / North),unknown,110,29.97,1280,720,01080dc2e8bb604d60a450e787490028,VALID
491,D0417N.mp4,C:\Users\Admin\Python Advanced\Deep Learning - CV\Project\data\Dataset\Videos\D0417N.mp4,0.598,tuần sau,tuần sau,N (Miền Nam / South),unknown,113,29.97,1280,720,da8ee053126aeaedebdeb6bb7114005e,VALID
492,D0417T.mp4,C:\Users\Admin\Python Advanced\Deep Learning - CV\Project\data\Dataset\Videos\D0417T.mp4,0.591,tuần sau,tuần sau,T (Miền Trung / Central),unknown,113,29.97,1280,720,087818cf86432ff62e54b9f329798284,VALID
493,D0418B.mp4,C:\Users\Admin\Python Advanced\Deep Learning - CV\Project\data\Dataset\Videos\D0418B.mp4,0.625,tuần trước,tuần trước,B (Miền Bắc / North),unknown,123,29.97,1280,720,93e8f5c31fa9b87a15e661bcdd0a85bb,VALID
494,D0418N.mp4,C:\Users\Admin\Python Advanced\Deep Learning - CV\Project\data\Dataset\Videos\D0418N.mp4,0.424,tuần trước,tuần trước,N (Miền Nam / South),unknown,93,29.97,1280,720,c8ca2ed94ec1c7239aeea1bdd3c4e714,VALID
495,D0418T.mp4,C:\Users\Admin\Python Advanced\Deep Learning - CV\Project\data\Dataset\Videos\D0418T.mp4,0.425,tuần trước,tuần trước,T (Miền Trung / Central),unknown,98,29.97,1280,720,a2d3987e1b992d337ff7073c3cfae68f,VALID
496,D0421.mp4,C:\Users\Admin\Python Advanced\Deep Learning - CV\Project\data\Dataset\Videos\D0421.mp4,0.512,cuối năm,cuối năm,Neutral / Unspecified,unknown,126,29.97,1280,720,4da44edcb24aacd1caa690eacb09edd7,VALID
497,D0422.mp4,C:\Users\Admin\Python Advanced\Deep Learning - CV\Project\data\Dataset\Videos\D0422.mp4,0.69,mục tiêu,mục tiêu,Neutral / Unspecified,unknown,135,29.97,1280,720,7decb128e2ce15dac8b3609122863d4d,VALID
498,D0423B.mp4,C:\Users\Admin\Python Advanced\Deep Learning - CV\Project\data\Dataset\Videos\D0423B.mp4,0.496,sinh đôi,sinh đôi,B (Miền Bắc / North),unknown,103,29.97,1280,720,e8217597fe89c0a1d1f284ab55564220,VALID
499,D0423N.mp4,C:\Users\Admin\Python Advanced\Deep Learning - CV\Project\data\Dataset\Videos\D0423N.mp4,0.401,sinh đôi,sinh đôi,N (Miền Nam / South),unknown,99,29.97,1280,720,97311a17dc6216c2cda6c7ca2b9a0f78,VALID
500,D0423T.mp4,C:\Users\Admin\Python Advanced\Deep Learning - CV\Project\data\Dataset\Videos\D0423T.mp4,0.498,sinh đôi,sinh đôi,T (Miền Trung / Central),unknown,103,29.97,1280,720,0db48609b069510b656f308b9e52d122,VALID
501,D0425.mp4,C:\Users\Admin\Python Advanced\Deep Learning - CV\Project\data\Dataset\Videos\D0425.mp4,0.434,Đảng,đảng,Neutral / Unspecified,unknown,108,29.97,1280,720,851b584e06337005e163854281dc8f23,VALID
502,D0426.mp4,C:\Users\Admin\Python Advanced\Deep Learning - CV\Project\data\Dataset\Videos\D0426.mp4,0.615,mô tả,mô tả,Neutral / Unspecified,unknown,125,29.97,1280,720,d5654a4f18a9a03910cd27d2108cc76e,VALID
503,D0427.mp4,C:\Users\Admin\Python Advanced\Deep Learning - CV\Project\data\Dataset\Videos\D0427.mp4,0.633,mũm mĩm,mũm mĩm,Neutral / Unspecified,unknown,125,29.97,1280,720,d8d06d47696b9a6eccb2d5e0295f0ea1,VALID
504,D0429B.mp4,C:\Users\Admin\Python Advanced\Deep Learning - CV\Project\data\Dataset\Videos\D0429B.mp4,0.507,tóc ngắn,tóc ngắn,B (Miền Bắc / North),unknown,112,29.97,1280,720,6cd686cd12adb8556db81bd630de9459,VALID
505,D0429N.mp4,C:\Users\Admin\Python Advanced\Deep Learning - CV\Project\data\Dataset\Videos\D0429N.mp4,0.329,tóc ngắn,tóc ngắn,N (Miền Nam / South),unknown,87,29.97,1280,720,3d5b567576b6562290a2174c281bc3b5,VALID
506,D0429T.mp4,C:\Users\Admin\Python Advanced\Deep Learning - CV\Project\data\Dataset\Videos\D0429T.mp4,0.506,tóc ngắn,tóc ngắn,T (Miền Trung / Central),unknown,112,29.97,1280,720,b6d3959a3d9bf5999567a9cff47d431a,VALID
507,D0430B.mp4,C:\Users\Admin\Python Advanced\Deep Learning - CV\Project\data\Dataset\Videos\D0430B.mp4,1.004,tổng kết/bế giảng,tổng kết/bế giảng,B (Miền Bắc / North),unknown,178,29.97,1280,720,73f2da8c42789b586f1c8fab6f3ed01b,VALID
508,D0430N.mp4,C:\Users\Admin\Python Advanced\Deep Learning - CV\Project\data\Dataset\Videos\D0430N.mp4,1.028,tổng kết/bế giảng,tổng kết/bế giảng,N (Miền Nam / South),unknown,178,29.97,1280,720,b93fb46da4699fd86923f1d89c7941d2,VALID
509,D0431.mp4,C:\Users\Admin\Python Advanced\Deep Learning - CV\Project\data\Dataset\Videos\D0431.mp4,0.665,lốc xoáy,lốc xoáy,Neutral / Unspecified,unknown,121,29.97,1280,720,35cef6e38a5126402e0f82f2b08d644f,VALID
510,D0432N.mp4,C:\Users\Admin\Python Advanced\Deep Learning - CV\Project\data\Dataset\Videos\D0432N.mp4,0.616,tay chân sạch sẽ,tay chân sạch sẽ,N (Miền Nam / South),unknown,126,29.97,1280,720,56eae29137719c574a9dd324b42b00b2,VALID
511,D0432T.mp4,C:\Users\Admin\Python Advanced\Deep Learning - CV\Project\data\Dataset\Videos\D0432T.mp4,2.006,tay chân sạch sẽ,tay chân sạch sẽ,T (Miền Trung / Central),unknown,306,29.97,1280,720,534978241352890e656eb6bc650f08d4,VALID
512,D0433.mp4,C:\Users\Admin\Python Advanced\Deep Learning - CV\Project\data\Dataset\Videos\D0433.mp4,0.582,nhắm mắt,nhắm mắt,Neutral / Unspecified,unknown,122,29.97,1280,720,bb4f2239b45478f1811c2264062f24cf,VALID
513,D0434.mp4,C:\Users\Admin\Python Advanced\Deep Learning - CV\Project\data\Dataset\Videos\D0434.mp4,0.6,sờ,sờ,Neutral / Unspecified,unknown,126,29.97,1280,720,f59a6b67303dd51ac6913fc748b50915,VALID
514,D0435.mp4,C:\Users\Admin\Python Advanced\Deep Learning - CV\Project\data\Dataset\Videos\D0435.mp4,0.472,cây nến,cây nến,Neutral / Unspecified,unknown,116,29.97,1280,720,5d1a85ed9645482c836e4ac4b813afbb,VALID
515,D0436.mp4,C:\Users\Admin\Python Advanced\Deep Learning - CV\Project\data\Dataset\Videos\D0436.mp4,0.739,dịu dàng,dịu dàng,Neutral / Unspecified,unknown,131,29.97,1280,720,dd4366dc2ea3e09cf2d8c1230459d2ac,VALID
516,D0437N.mp4,C:\Users\Admin\Python Advanced\Deep Learning - CV\Project\data\Dataset\Videos\D0437N.mp4,0.362,đùa,đùa,N (Miền Nam / South),unknown,80,29.97,1280,720,a78d0eb6db7d5d60b00da10231b38186,VALID
517,D0437T.mp4,C:\Users\Admin\Python Advanced\Deep Learning - CV\Project\data\Dataset\Videos\D0437T.mp4,0.362,đùa,đùa,T (Miền Trung / Central),unknown,80,29.97,1280,720,97ffffaf719650be9094890a1b619ce2,VALID
518,D0438.mp4,C:\Users\Admin\Python Advanced\Deep Learning - CV\Project\data\Dataset\Videos\D0438.mp4,0.548,làm được,làm được,Neutral / Unspecified,unknown,100,29.97,1280,720,c7d7118ee39f6d6469647841fed6a1b4,VALID
519,D0439.mp4,C:\Users\Admin\Python Advanced\Deep Learning - CV\Project\data\Dataset\Videos\D0439.mp4,0.538,dòng sông chảy,dòng sông chảy,Neutral / Unspecified,unknown,111,29.97,1280,720,8c43c0dc17787d16f49984fa404d29ad,VALID
520,D0440.mp4,C:\Users\Admin\Python Advanced\Deep Learning - CV\Project\data\Dataset\Videos\D0440.mp4,0.353,ăn đủ,ăn đủ,Neutral / Unspecified,unknown,98,29.97,1280,720,58256a95d63274665a9b83200868c1a6,VALID
521,D0442.mp4,C:\Users\Admin\Python Advanced\Deep Learning - CV\Project\data\Dataset\Videos\D0442.mp4,0.322,ăn ít,ăn ít,Neutral / Unspecified,unknown,82,29.97,1280,720,9b061bea8db699c66af70c09cdf0aa67,VALID
522,D0443.mp4,C:\Users\Admin\Python Advanced\Deep Learning - CV\Project\data\Dataset\Videos\D0443.mp4,0.552,đồ uống,đồ uống,Neutral / Unspecified,unknown,103,29.97,1280,720,948a674775315ec7912c5e5925487556,VALID
523,D0444.mp4,C:\Users\Admin\Python Advanced\Deep Learning - CV\Project\data\Dataset\Videos\D0444.mp4,0.574,đồ ăn,đồ ăn,Neutral / Unspecified,unknown,114,29.97,1280,720,7b5f50b787341582b45f6e03b0db8bb8,VALID
524,D0445.mp4,C:\Users\Admin\Python Advanced\Deep Learning - CV\Project\data\Dataset\Videos\D0445.mp4,0.52,trang điểm,trang điểm,Neutral / Unspecified,unknown,120,29.97,1280,720,f184ffd22dd8a990ebfbcf73e8214e4f,VALID
525,D0446.mp4,C:\Users\Admin\Python Advanced\Deep Learning - CV\Project\data\Dataset\Videos\D0446.mp4,0.64,đau mắt đỏ,đau mắt đỏ,Neutral / Unspecified,unknown,140,29.97,1280,720,d21cbe27054042077267bac03e2d2396,VALID
526,D0448.mp4,C:\Users\Admin\Python Advanced\Deep Learning - CV\Project\data\Dataset\Videos\D0448.mp4,0.583,vợt cầu lông,vợt cầu lông,Neutral / Unspecified,unknown,121,29.97,1280,720,537ba99b72d5400223a2ba48082c7061,VALID
527,D0449.mp4,C:\Users\Admin\Python Advanced\Deep Learning - CV\Project\data\Dataset\Videos\D0449.mp4,0.51,con vượn,con vượn,Neutral / Unspecified,unknown,103,29.97,1280,720,fb4be814389fe2d36819acfd7f5181ec,VALID
528,D0450.mp4,C:\Users\Admin\Python Advanced\Deep Learning - CV\Project\data\Dataset\Videos\D0450.mp4,0.423,thắp đèn,thắp đèn,Neutral / Unspecified,unknown,98,29.97,1280,720,5e567e55ffb4f5db8f3883b8dfa898e9,VALID
529,D0451.mp4,C:\Users\Admin\Python Advanced\Deep Learning - CV\Project\data\Dataset\Videos\D0451.mp4,0.711,góp tiền,góp tiền,Neutral / Unspecified,unknown,141,29.97,1280,720,e821cae3c55de2ec27f08da6c0f99b4b,VALID
530,D0452N.mp4,C:\Users\Admin\Python Advanced\Deep Learning - CV\Project\data\Dataset\Videos\D0452N.mp4,0.427,họp nhóm,họp nhóm,N (Miền Nam / South),unknown,102,29.97,1280,720,d7d246c176cb59258b44e62f1e29d5d9,VALID
531,D0453.mp4,C:\Users\Admin\Python Advanced\Deep Learning - CV\Project\data\Dataset\Videos\D0453.mp4,0.803,nhút nhát,nhút nhát,Neutral / Unspecified,unknown,144,29.97,1280,720,6b3f69eb7a837d15dd9d0fadbc4ed089,VALID
532,D0455.mp4,C:\Users\Admin\Python Advanced\Deep Learning - CV\Project\data\Dataset\Videos\D0455.mp4,0.846,luộc rau,luộc rau,Neutral / Unspecified,unknown,156,29.97,1280,720,688fa48c76397e9d9893e717a59bafa4,VALID
533,D0456.mp4,C:\Users\Admin\Python Advanced\Deep Learning - CV\Project\data\Dataset\Videos\D0456.mp4,0.49,muối,muối,Neutral / Unspecified,unknown,122,29.97,1280,720,c48a37b0eb2213a54ae8e754da435efb,VALID
534,D0458.mp4,C:\Users\Admin\Python Advanced\Deep Learning - CV\Project\data\Dataset\Videos\D0458.mp4,0.698,thoăn thoắt,thoăn thoắt,Neutral / Unspecified,unknown,139,29.97,1280,720,749eefee56176f46adfaa606b4ca5ccc,VALID
535,D0459.mp4,C:\Users\Admin\Python Advanced\Deep Learning - CV\Project\data\Dataset\Videos\D0459.mp4,0.584,nghênh nghênh (đầu),nghênh nghênh (đầu),Neutral / Unspecified,unknown,129,29.97,1280,720,e864e48a87fac75397ed871db2311133,VALID
536,D0460.mp4,C:\Users\Admin\Python Advanced\Deep Learning - CV\Project\data\Dataset\Videos\D0460.mp4,0.578,đua đòi,đua đòi,Neutral / Unspecified,unknown,114,29.97,1280,720,09c3495f02542f08c66bf3e9cbcea5e7,VALID
537,D0461.mp4,C:\Users\Admin\Python Advanced\Deep Learning - CV\Project\data\Dataset\Videos\D0461.mp4,0.767,bình sữa (em bé),bình sữa (em bé),Neutral / Unspecified,unknown,152,29.97,1280,720,4db58a6647d10cea2b7c089a875cbbcf,VALID
538,D0462.mp4,C:\Users\Admin\Python Advanced\Deep Learning - CV\Project\data\Dataset\Videos\D0462.mp4,0.5,đòi,đòi,Neutral / Unspecified,unknown,110,29.97,1280,720,0557dc3802c715929d35343a399b8c33,VALID
539,D0463.mp4,C:\Users\Admin\Python Advanced\Deep Learning - CV\Project\data\Dataset\Videos\D0463.mp4,0.631,đòi hỏi,đòi hỏi,Neutral / Unspecified,unknown,123,29.97,1280,720,adfc3503f6c9df96268e92baaef4d0a2,VALID
540,D0464B.mp4,C:\Users\Admin\Python Advanced\Deep Learning - CV\Project\data\Dataset\Videos\D0464B.mp4,0.339,trẻ con/con nít,trẻ con/con nít,B (Miền Bắc / North),unknown,92,29.97,1280,720,bedb2cf8ca082e9c5f35195747e654d9,VALID
541,D0464N.mp4,C:\Users\Admin\Python Advanced\Deep Learning - CV\Project\data\Dataset\Videos\D0464N.mp4,0.372,trẻ con/con nít,trẻ con/con nít,N (Miền Nam / South),unknown,91,29.97,1280,720,42867cd69e8e7fec54005b003647eae2,VALID
542,D0464T.mp4,C:\Users\Admin\Python Advanced\Deep Learning - CV\Project\data\Dataset\Videos\D0464T.mp4,0.373,trẻ con/con nít,trẻ con/con nít,T (Miền Trung / Central),unknown,91,29.97,1280,720,4794a50d717d438de46f08c6c2f3e389,VALID
543,D0465.mp4,C:\Users\Admin\Python Advanced\Deep Learning - CV\Project\data\Dataset\Videos\D0465.mp4,0.741,duy nhất,duy nhất,Neutral / Unspecified,unknown,141,29.97,1280,720,22918d99afc2cf9c430c5a3ac99d1820,VALID
544,D0466.mp4,C:\Users\Admin\Python Advanced\Deep Learning - CV\Project\data\Dataset\Videos\D0466.mp4,0.612,cạnh tranh,cạnh tranh,Neutral / Unspecified,unknown,120,29.97,1280,720,41735afc3d12c73be327683ac3258bce,VALID
545,D0467.mp4,C:\Users\Admin\Python Advanced\Deep Learning - CV\Project\data\Dataset\Videos\D0467.mp4,0.335,hoa hậu,hoa hậu,Neutral / Unspecified,unknown,83,29.97,1280,720,0c65d975aebea7c752df1c0e80b193a3,VALID
546,D0468.mp4,C:\Users\Admin\Python Advanced\Deep Learning - CV\Project\data\Dataset\Videos\D0468.mp4,0.629,cái neo,cái neo,Neutral / Unspecified,unknown,132,29.97,1280,720,a93be8337dbd1cec211edb125b26e7af,VALID
547,D0469.mp4,C:\Users\Admin\Python Advanced\Deep Learning - CV\Project\data\Dataset\Videos\D0469.mp4,0.996,phóng viên,phóng viên,Neutral / Unspecified,unknown,177,29.97,1280,720,5cb147df728fe6820aa27e61a5f04b60,VALID
548,D0470B.mp4,C:\Users\Admin\Python Advanced\Deep Learning - CV\Project\data\Dataset\Videos\D0470B.mp4,0.582,nhà văn hóa,nhà văn hóa,B (Miền Bắc / North),unknown,127,29.97,1280,720,60469c54b63bac7d1d0f38e0004b11e8,VALID
549,D0470N.mp4,C:\Users\Admin\Python Advanced\Deep Learning - CV\Project\data\Dataset\Videos\D0470N.mp4,0.386,nhà văn hóa,nhà văn hóa,N (Miền Nam / South),unknown,101,29.97,1280,720,26b047eec88569b33130fa774fdb8e1e,VALID
550,D0470T.mp4,C:\Users\Admin\Python Advanced\Deep Learning - CV\Project\data\Dataset\Videos\D0470T.mp4,0.382,nhà văn hóa,nhà văn hóa,T (Miền Trung / Central),unknown,101,29.97,1280,720,2df75591578f8db544927d8c0324ef54,VALID
551,D0472.mp4,C:\Users\Admin\Python Advanced\Deep Learning - CV\Project\data\Dataset\Videos\D0472.mp4,0.459,chõ xôi,chõ xôi,Neutral / Unspecified,unknown,119,29.97,1280,720,e484def4fe5b13192dab91a20d047b31,VALID
552,D0473.mp4,C:\Users\Admin\Python Advanced\Deep Learning - CV\Project\data\Dataset\Videos\D0473.mp4,0.897,cây cọ,cây cọ,Neutral / Unspecified,unknown,154,29.97,1280,720,279f3e5a0ae17a4ca70a5f848ec1d1b9,VALID
553,D0474.mp4,C:\Users\Admin\Python Advanced\Deep Learning - CV\Project\data\Dataset\Videos\D0474.mp4,0.777,khu vực cách ly,khu vực cách ly,Neutral / Unspecified,unknown,142,29.97,1280,720,5b26f67023fcf044b2f816ed438b8cb9,VALID
554,D0477.mp4,C:\Users\Admin\Python Advanced\Deep Learning - CV\Project\data\Dataset\Videos\D0477.mp4,0.854,thung lũng,thung lũng,Neutral / Unspecified,unknown,160,29.97,1280,720,582630f58cc4517c2a57aa824d8dfcb5,VALID
555,D0478.mp4,C:\Users\Admin\Python Advanced\Deep Learning - CV\Project\data\Dataset\Videos\D0478.mp4,0.846,địa hình,địa hình,Neutral / Unspecified,unknown,148,29.97,1280,720,ddbd62b3d22b5fa93877de94873d5504,VALID
556,D0479.mp4,C:\Users\Admin\Python Advanced\Deep Learning - CV\Project\data\Dataset\Videos\D0479.mp4,0.537,Kim Đồng,kim đồng,Neutral / Unspecified,unknown,121,29.97,1280,720,2ed30f3db43c0da052e3774ffad1f07e,VALID
557,D0480.mp4,C:\Users\Admin\Python Advanced\Deep Learning - CV\Project\data\Dataset\Videos\D0480.mp4,0.592,Thánh Gióng,thánh gióng,Neutral / Unspecified,unknown,115,29.97,1280,720,3680a1b0859f7c157cbcee71efa4c552,VALID
558,D0481.mp4,C:\Users\Admin\Python Advanced\Deep Learning - CV\Project\data\Dataset\Videos\D0481.mp4,0.535,hoa giấy,hoa giấy,Neutral / Unspecified,unknown,134,29.97,1280,720,44f3fccb6c65e4c45eab4d8a8fd3d2e5,VALID
559,D0484.mp4,C:\Users\Admin\Python Advanced\Deep Learning - CV\Project\data\Dataset\Videos\D0484.mp4,0.594,internet,internet,Neutral / Unspecified,unknown,127,29.97,1280,720,88a954cc323b95c51ab85640b8ff906d,VALID
560,D0485.mp4,C:\Users\Admin\Python Advanced\Deep Learning - CV\Project\data\Dataset\Videos\D0485.mp4,0.434,nhà vệ sinh,nhà vệ sinh,Neutral / Unspecified,unknown,119,29.97,1280,720,6c70af63dc26d53c2bd6aa5e50771dc3,VALID
561,D0486.mp4,C:\Users\Admin\Python Advanced\Deep Learning - CV\Project\data\Dataset\Videos\D0486.mp4,0.421,đi vệ sinh,đi vệ sinh,Neutral / Unspecified,unknown,115,29.97,1280,720,4e0661236b3c303c44e638b9655000e0,VALID
562,D0488.mp4,C:\Users\Admin\Python Advanced\Deep Learning - CV\Project\data\Dataset\Videos\D0488.mp4,0.604,hoa mai,hoa mai,Neutral / Unspecified,unknown,137,29.97,1280,720,d3569418e5646bd1341d4b8f1dd5bb1b,VALID
563,D0489.mp4,C:\Users\Admin\Python Advanced\Deep Learning - CV\Project\data\Dataset\Videos\D0489.mp4,0.671,a,a,Neutral / Unspecified,unknown,93,23.98,1280,720,c6f6ea80cbc7bb36ab97737af9d96ce8,VALID
564,D0490B.mp4,C:\Users\Admin\Python Advanced\Deep Learning - CV\Project\data\Dataset\Videos\D0490B.mp4,0.52,ă,ă,B (Miền Bắc / North),unknown,89,23.98,1280,720,d3c8a82d6b2a42cd3824af9ef885fe99,VALID
565,D0490N.mp4,C:\Users\Admin\Python Advanced\Deep Learning - CV\Project\data\Dataset\Videos\D0490N.mp4,0.909,ă,ă,N (Miền Nam / South),unknown,128,23.98,1280,720,3ac5bdcb776770cc8652d97ab4c7f785,VALID
566,D0491B.mp4,C:\Users\Admin\Python Advanced\Deep Learning - CV\Project\data\Dataset\Videos\D0491B.mp4,0.658,â,â,B (Miền Bắc / North),unknown,108,23.98,1280,720,dc9e259cc1d914a8eaa799e8f2a29bdf,VALID
567,D0491N.mp4,C:\Users\Admin\Python Advanced\Deep Learning - CV\Project\data\Dataset\Videos\D0491N.mp4,0.779,â,â,N (Miền Nam / South),unknown,111,23.98,1280,720,bc894e527a944620dd311f99b40a21b9,VALID
568,D0491T.mp4,C:\Users\Admin\Python Advanced\Deep Learning - CV\Project\data\Dataset\Videos\D0491T.mp4,0.775,â,â,T (Miền Trung / Central),unknown,111,23.98,1280,720,5193e9118dc66ee7a706451258ef9e67,VALID
569,D0493.mp4,C:\Users\Admin\Python Advanced\Deep Learning - CV\Project\data\Dataset\Videos\D0493.mp4,0.549,c,c,Neutral / Unspecified,unknown,82,23.98,1280,720,abd8a92f1303e3655f835f2814a5d9f8,VALID
570,D0494.mp4,C:\Users\Admin\Python Advanced\Deep Learning - CV\Project\data\Dataset\Videos\D0494.mp4,0.56,d,d,Neutral / Unspecified,unknown,88,23.98,1280,720,f6460f24dd55776ef7dac212656bd31a,VALID
571,D0495.mp4,C:\Users\Admin\Python Advanced\Deep Learning - CV\Project\data\Dataset\Videos\D0495.mp4,0.742,đ,đ,Neutral / Unspecified,unknown,105,23.98,1280,720,d5d7aa159d38cb3896c2e1e5dca53584,VALID
572,D0496.mp4,C:\Users\Admin\Python Advanced\Deep Learning - CV\Project\data\Dataset\Videos\D0496.mp4,0.47,e,e,Neutral / Unspecified,unknown,80,23.98,1280,720,2899ec7766989b17422a6b11d0b90867,VALID
573,D0497B.mp4,C:\Users\Admin\Python Advanced\Deep Learning - CV\Project\data\Dataset\Videos\D0497B.mp4,0.428,ê,ê,B (Miền Bắc / North),unknown,76,23.98,1280,720,1363cdd6d5a8cd686fa020519c9221a8,VALID
574,D0497N.mp4,C:\Users\Admin\Python Advanced\Deep Learning - CV\Project\data\Dataset\Videos\D0497N.mp4,0.914,ê,ê,N (Miền Nam / South),unknown,129,23.98,1280,720,e5de4c6aa3f80922ddc286544d2f860c,VALID
575,D0497T.mp4,C:\Users\Admin\Python Advanced\Deep Learning - CV\Project\data\Dataset\Videos\D0497T.mp4,0.914,ê,ê,T (Miền Trung / Central),unknown,129,23.98,1280,720,6f179cfe74b3498ee99c3207a0fde389,VALID
576,D0498B.mp4,C:\Users\Admin\Python Advanced\Deep Learning - CV\Project\data\Dataset\Videos\D0498B.mp4,1.168,g,g,B (Miền Bắc / North),unknown,158,23.98,1280,720,216535f891c1c1cf4aa6c4c8c59dfba4,VALID
577,D0500B.mp4,C:\Users\Admin\Python Advanced\Deep Learning - CV\Project\data\Dataset\Videos\D0500B.mp4,0.395,h,h,B (Miền Bắc / North),unknown,71,23.98,1280,720,b5cda76c1b092242be4ac326157441d1,VALID
578,D0500N.mp4,C:\Users\Admin\Python Advanced\Deep Learning - CV\Project\data\Dataset\Videos\D0500N.mp4,0.396,h,h,N (Miền Nam / South),unknown,65,23.98,1280,720,7d8ca5a4b25ae160c142006c1743c7cf,VALID
579,D0501.mp4,C:\Users\Admin\Python Advanced\Deep Learning - CV\Project\data\Dataset\Videos\D0501.mp4,0.407,i,i,Neutral / Unspecified,unknown,60,23.98,1280,720,86201d32149142df5471504849028f7a,VALID
580,D0503.mp4,C:\Users\Admin\Python Advanced\Deep Learning - CV\Project\data\Dataset\Videos\D0503.mp4,0.438,l,l,Neutral / Unspecified,unknown,67,23.98,1280,720,9908a634c6fb31945dfee74106e257d2,VALID
581,D0504.mp4,C:\Users\Admin\Python Advanced\Deep Learning - CV\Project\data\Dataset\Videos\D0504.mp4,0.704,m,m,Neutral / Unspecified,unknown,95,23.98,1280,720,e224cbcdd2ed5da1a1038b2f942b9774,VALID
582,D0505.mp4,C:\Users\Admin\Python Advanced\Deep Learning - CV\Project\data\Dataset\Videos\D0505.mp4,0.505,n,n,Neutral / Unspecified,unknown,76,23.98,1280,720,42c5b5de18c70cf0a790765bd669d400,VALID
583,D0506.mp4,C:\Users\Admin\Python Advanced\Deep Learning - CV\Project\data\Dataset\Videos\D0506.mp4,0.446,o,o,Neutral / Unspecified,unknown,73,23.98,1280,720,0f23d02212ec118864cfbd81d623c81e,VALID
584,D0507B.mp4,C:\Users\Admin\Python Advanced\Deep Learning - CV\Project\data\Dataset\Videos\D0507B.mp4,0.519,ô,ô,B (Miền Bắc / North),unknown,84,23.98,1280,720,37c8f334110b6fbcbd4873b11e77e1de,VALID
585,D0507N.mp4,C:\Users\Admin\Python Advanced\Deep Learning - CV\Project\data\Dataset\Videos\D0507N.mp4,0.488,ô,ô,N (Miền Nam / South),unknown,68,23.98,1280,720,3de9a98a8e12c062c909ff0a15acae9b,VALID
586,D0507T.mp4,C:\Users\Admin\Python Advanced\Deep Learning - CV\Project\data\Dataset\Videos\D0507T.mp4,0.489,ô,ô,T (Miền Trung / Central),unknown,68,23.98,1280,720,0f6c9483834056ae2efef6dc7dee82d5,VALID
587,D0508N.mp4,C:\Users\Admin\Python Advanced\Deep Learning - CV\Project\data\Dataset\Videos\D0508N.mp4,0.709,ơ,ơ,N (Miền Nam / South),unknown,89,23.98,1280,720,ecb3287b42e4bf013d480f4a4866c670,VALID
588,D0509N.mp4,C:\Users\Admin\Python Advanced\Deep Learning - CV\Project\data\Dataset\Videos\D0509N.mp4,0.462,p,p,N (Miền Nam / South),unknown,68,23.98,1280,720,f3caea5ad6f4dd484fc4ed20d357ae05,VALID
589,D0509T.mp4,C:\Users\Admin\Python Advanced\Deep Learning - CV\Project\data\Dataset\Videos\D0509T.mp4,0.465,p,p,T (Miền Trung / Central),unknown,68,23.98,1280,720,c707f35b243e085425c72442a0c2465d,VALID
590,D0510.mp4,C:\Users\Admin\Python Advanced\Deep Learning - CV\Project\data\Dataset\Videos\D0510.mp4,0.638,q,q,Neutral / Unspecified,unknown,82,23.98,1280,720,e4033aee24b5aa7cc0cf62bf6589971b,VALID
591,D0511.mp4,C:\Users\Admin\Python Advanced\Deep Learning - CV\Project\data\Dataset\Videos\D0511.mp4,0.39,r,r,Neutral / Unspecified,unknown,64,23.98,1280,720,0fa4f0c5f9047db0475d196194a529df,VALID
592,D0512.mp4,C:\Users\Admin\Python Advanced\Deep Learning - CV\Project\data\Dataset\Videos\D0512.mp4,0.511,s,s,Neutral / Unspecified,unknown,73,23.98,1280,720,5ce65ac0e8d2b4e743ac787067abcc0f,VALID
593,D0513B.mp4,C:\Users\Admin\Python Advanced\Deep Learning - CV\Project\data\Dataset\Videos\D0513B.mp4,0.481,t,t,B (Miền Bắc / North),unknown,86,23.98,1280,720,e4a4fd88582c26d56cbf10cdb5484a32,VALID
594,D0513N.mp4,C:\Users\Admin\Python Advanced\Deep Learning - CV\Project\data\Dataset\Videos\D0513N.mp4,0.554,t,t,N (Miền Nam / South),unknown,80,23.98,1280,720,2a18a785a822252f856784b0a3cda979,VALID
595,D0513T.mp4,C:\Users\Admin\Python Advanced\Deep Learning - CV\Project\data\Dataset\Videos\D0513T.mp4,1.379,t,t,T (Miền Trung / Central),unknown,160,23.98,1280,720,3e17c604a5df8edddb4fb8d085d4da7f,VALID
596,D0514.mp4,C:\Users\Admin\Python Advanced\Deep Learning - CV\Project\data\Dataset\Videos\D0514.mp4,0.529,u,u,Neutral / Unspecified,unknown,77,23.98,1280,720,0a98804aa4622283c368001200ac2f29,VALID
597,D0515N.mp4,C:\Users\Admin\Python Advanced\Deep Learning - CV\Project\data\Dataset\Videos\D0515N.mp4,0.701,ư,ư,N (Miền Nam / South),unknown,118,23.98,1280,720,dbfa67f2ff8e509e95277e8b52583c00,VALID
598,D0516.mp4,C:\Users\Admin\Python Advanced\Deep Learning - CV\Project\data\Dataset\Videos\D0516.mp4,0.437,v,v,Neutral / Unspecified,unknown,63,23.98,1280,720,07fb112a2b41184f7cf1c6eb6835906f,VALID
599,D0517B.mp4,C:\Users\Admin\Python Advanced\Deep Learning - CV\Project\data\Dataset\Videos\D0517B.mp4,1.392,x,x,B (Miền Bắc / North),unknown,173,23.98,1280,720,b3c2b4cb1cd71d0293ce7cb860896067,VALID
600,D0517T.mp4,C:\Users\Admin\Python Advanced\Deep Learning - CV\Project\data\Dataset\Videos\D0517T.mp4,0.478,x,x,T (Miền Trung / Central),unknown,106,29.97,1280,720,4044b61d8b624e2c3c0fff8051e555f7,VALID
601,D0518N.mp4,C:\Users\Admin\Python Advanced\Deep Learning - CV\Project\data\Dataset\Videos\D0518N.mp4,0.409,y,y,N (Miền Nam / South),unknown,64,23.98,1280,720,1720afe6afe0ab22b0ce90c3e297c56b,VALID
602,D0519.mp4,C:\Users\Admin\Python Advanced\Deep Learning - CV\Project\data\Dataset\Videos\D0519.mp4,1.516,z,z,Neutral / Unspecified,unknown,170,23.98,1280,720,3820238065a0a16934f4a730c97fd718,VALID
603,D0521.mp4,C:\Users\Admin\Python Advanced\Deep Learning - CV\Project\data\Dataset\Videos\D0521.mp4,0.571,f,f,Neutral / Unspecified,unknown,86,23.98,1280,720,677f9dff9d405ccffa4a1ede56b489a7,VALID
604,D0522.mp4,C:\Users\Admin\Python Advanced\Deep Learning - CV\Project\data\Dataset\Videos\D0522.mp4,0.598,j,j,Neutral / Unspecified,unknown,80,23.98,1280,720,3ea185a2bf31fd971fb3e9d04a557367,VALID
605,D0523.mp4,C:\Users\Admin\Python Advanced\Deep Learning - CV\Project\data\Dataset\Videos\D0523.mp4,0.5,w,w,Neutral / Unspecified,unknown,72,23.98,1280,720,1c7dd53c0c9f19e5a15e02020182f0e5,VALID
606,D0524B.mp4,C:\Users\Admin\Python Advanced\Deep Learning - CV\Project\data\Dataset\Videos\D0524B.mp4,0.423,dấu huyền,dấu huyền,B (Miền Bắc / North),unknown,101,29.97,1280,720,9a42dcee4bf7145fee472df59b7d481d,VALID
607,D0524N.mp4,C:\Users\Admin\Python Advanced\Deep Learning - CV\Project\data\Dataset\Videos\D0524N.mp4,1.011,dấu huyền,dấu huyền,N (Miền Nam / South),unknown,185,29.97,1280,720,7709bb290852c64078ba11d77c584380,VALID
608,D0524T.mp4,C:\Users\Admin\Python Advanced\Deep Learning - CV\Project\data\Dataset\Videos\D0524T.mp4,0.423,dấu huyền,dấu huyền,T (Miền Trung / Central),unknown,101,29.97,1280,720,5d747368addf9c39303e7c6a8f163ead,VALID
609,D0525N.mp4,C:\Users\Admin\Python Advanced\Deep Learning - CV\Project\data\Dataset\Videos\D0525N.mp4,1.007,dấu sắc,dấu sắc,N (Miền Nam / South),unknown,183,29.97,1280,720,aef9d46acbb1b159939d0f95821d81f6,VALID
610,D0525T.mp4,C:\Users\Admin\Python Advanced\Deep Learning - CV\Project\data\Dataset\Videos\D0525T.mp4,0.369,dấu sắc,dấu sắc,T (Miền Trung / Central),unknown,99,29.97,1280,720,e475ea88310e0588305664d6c15b56b7,VALID
611,D0526B.mp4,C:\Users\Admin\Python Advanced\Deep Learning - CV\Project\data\Dataset\Videos\D0526B.mp4,0.676,dấu hỏi,dấu hỏi,B (Miền Bắc / North),unknown,128,29.97,1280,720,921fa75777c30e3ac6b572bd51aa3c94,VALID
612,D0526N.mp4,C:\Users\Admin\Python Advanced\Deep Learning - CV\Project\data\Dataset\Videos\D0526N.mp4,0.509,dấu hỏi,dấu hỏi,N (Miền Nam / South),unknown,106,29.97,1280,720,cbb0efdbe893e80c4cce61a2551ca6a8,VALID
613,D0526T.mp4,C:\Users\Admin\Python Advanced\Deep Learning - CV\Project\data\Dataset\Videos\D0526T.mp4,0.509,dấu hỏi,dấu hỏi,T (Miền Trung / Central),unknown,106,29.97,1280,720,161f7bf873d352cb8d7dd11fcf9a67e3,VALID
614,D0527B.mp4,C:\Users\Admin\Python Advanced\Deep Learning - CV\Project\data\Dataset\Videos\D0527B.mp4,0.542,dấu ngã,dấu ngã,B (Miền Bắc / North),unknown,112,29.97,1280,720,4712262b6282cc983b95ec5419c32831,VALID
615,D0527T.mp4,C:\Users\Admin\Python Advanced\Deep Learning - CV\Project\data\Dataset\Videos\D0527T.mp4,0.557,dấu ngã,dấu ngã,T (Miền Trung / Central),unknown,111,29.97,1280,720,1db3e9dbe5f4e3530fb536824f91f531,VALID
616,D0528.mp4,C:\Users\Admin\Python Advanced\Deep Learning - CV\Project\data\Dataset\Videos\D0528.mp4,0.458,dấu nặng,dấu nặng,Neutral / Unspecified,unknown,101,29.97,1280,720,f3379fdbca718c6dfe4d9b5c510c1740,VALID
617,D0529.mp4,C:\Users\Admin\Python Advanced\Deep Learning - CV\Project\data\Dataset\Videos\D0529.mp4,0.359,0 (số không),0 (số không),Neutral / Unspecified,unknown,81,29.97,1280,720,a1cbe00d03bdc858bbe70e6f4e140128,VALID
618,D0531.mp4,C:\Users\Admin\Python Advanced\Deep Learning - CV\Project\data\Dataset\Videos\D0531.mp4,0.564,2,2,Neutral / Unspecified,unknown,115,29.97,1280,720,7fb06c44edd11a8f66a82604183a117b,VALID
619,D0532.mp4,C:\Users\Admin\Python Advanced\Deep Learning - CV\Project\data\Dataset\Videos\D0532.mp4,0.562,3,3,Neutral / Unspecified,unknown,108,29.97,1280,720,d17b5137b4e5dde8d0b544095877b562,VALID
620,D0534.mp4,C:\Users\Admin\Python Advanced\Deep Learning - CV\Project\data\Dataset\Videos\D0534.mp4,0.571,5,5,Neutral / Unspecified,unknown,112,29.97,1280,720,da7062d515942cfe056fa1ae3909a0b7,VALID
621,D0535B.mp4,C:\Users\Admin\Python Advanced\Deep Learning - CV\Project\data\Dataset\Videos\D0535B.mp4,1.425,6,6,B (Miền Bắc / North),unknown,279,29.97,1280,720,7d20a296802717759b5f8004d3a22054,VALID
622,D0535N.mp4,C:\Users\Admin\Python Advanced\Deep Learning - CV\Project\data\Dataset\Videos\D0535N.mp4,0.372,6,6,N (Miền Nam / South),unknown,101,29.97,1280,720,3813ac5e0abfdf4cc9ea4847699e7be8,VALID
623,D0535T.mp4,C:\Users\Admin\Python Advanced\Deep Learning - CV\Project\data\Dataset\Videos\D0535T.mp4,0.37,6,6,T (Miền Trung / Central),unknown,101,29.97,1280,720,22fcebdfec626f4a7a35b62e66692a95,VALID
624,D0536.mp4,C:\Users\Admin\Python Advanced\Deep Learning - CV\Project\data\Dataset\Videos\D0536.mp4,0.466,7,7,Neutral / Unspecified,unknown,105,29.97,1280,720,ff0ba027f8d360b1a90c9c7e322d4dce,VALID
625,D0537.mp4,C:\Users\Admin\Python Advanced\Deep Learning - CV\Project\data\Dataset\Videos\D0537.mp4,0.632,8,8,Neutral / Unspecified,unknown,121,29.97,1280,720,1c6683df9f3e76923f2f1ec0d4871c4e,VALID
626,D0538.mp4,C:\Users\Admin\Python Advanced\Deep Learning - CV\Project\data\Dataset\Videos\D0538.mp4,0.511,9,9,Neutral / Unspecified,unknown,113,29.97,1280,720,361295602413ff9787f32d531a56680b,VALID
627,D0539.mp4,C:\Users\Admin\Python Advanced\Deep Learning - CV\Project\data\Dataset\Videos\D0539.mp4,0.366,10,10,Neutral / Unspecified,unknown,85,29.97,1280,720,993aa710ad07589d812b682ab0fd4e12,VALID
628,D0540B.mp4,C:\Users\Admin\Python Advanced\Deep Learning - CV\Project\data\Dataset\Videos\D0540B.mp4,0.54,11,11,B (Miền Bắc / North),unknown,121,29.97,1280,720,8b0b3cb51e1e9894e002e8dcacdd61c7,VALID
629,D0540N.mp4,C:\Users\Admin\Python Advanced\Deep Learning - CV\Project\data\Dataset\Videos\D0540N.mp4,1.288,11,11,N (Miền Nam / South),unknown,213,29.97,1280,720,c1031e6d9d2985e2dfb2376c3ebaa569,VALID
630,D0540T.mp4,C:\Users\Admin\Python Advanced\Deep Learning - CV\Project\data\Dataset\Videos\D0540T.mp4,1.219,11,11,T (Miền Trung / Central),unknown,213,29.97,1280,720,505c8b1231022ebab497fd78c0a9f1f7,VALID
631,D0541B.mp4,C:\Users\Admin\Python Advanced\Deep Learning - CV\Project\data\Dataset\Videos\D0541B.mp4,0.43,12,12,B (Miền Bắc / North),unknown,99,29.97,1280,720,687a7c77effb25877ea2f0506985877d,VALID
632,D0541N.mp4,C:\Users\Admin\Python Advanced\Deep Learning - CV\Project\data\Dataset\Videos\D0541N.mp4,1.05,12,12,N (Miền Nam / South),unknown,184,29.97,1280,720,f8d0c524e523b989e8d011c70eef7409,VALID
633,D0541T.mp4,C:\Users\Admin\Python Advanced\Deep Learning - CV\Project\data\Dataset\Videos\D0541T.mp4,1.047,12,12,T (Miền Trung / Central),unknown,184,29.97,1280,720,1aac5be53c600adc586df5f8f86df454,VALID
634,D0542N.mp4,C:\Users\Admin\Python Advanced\Deep Learning - CV\Project\data\Dataset\Videos\D0542N.mp4,1.266,23,23,N (Miền Nam / South),unknown,140,23.98,1280,720,270a317ad1cc1a47e404f2007a8d830f,VALID
635,D0542T.mp4,C:\Users\Admin\Python Advanced\Deep Learning - CV\Project\data\Dataset\Videos\D0542T.mp4,1.311,23,23,T (Miền Trung / Central),unknown,140,23.98,1280,720,fffafa42f154bcc75c5368862ef729b4,VALID
636,D0543N.mp4,C:\Users\Admin\Python Advanced\Deep Learning - CV\Project\data\Dataset\Videos\D0543N.mp4,1.318,33,33,N (Miền Nam / South),unknown,216,29.97,1280,720,675475c349580bf1e9636832930d0a16,VALID
637,D0543T.mp4,C:\Users\Admin\Python Advanced\Deep Learning - CV\Project\data\Dataset\Videos\D0543T.mp4,1.299,33,33,T (Miền Trung / Central),unknown,219,29.97,1280,720,f3062ad47ee7ecc4d299cff69d4c4b8a,VALID
638,D0545.mp4,C:\Users\Admin\Python Advanced\Deep Learning - CV\Project\data\Dataset\Videos\D0545.mp4,0.566,80,80,Neutral / Unspecified,unknown,129,29.97,1280,720,a88f5bd790d891da15193a96aff1a37f,VALID
639,D0546N.mp4,C:\Users\Admin\Python Advanced\Deep Learning - CV\Project\data\Dataset\Videos\D0546N.mp4,0.488,90,90,N (Miền Nam / South),unknown,81,23.98,1280,720,8f8ee5b37aafbbbbb92019b5c940abcc,VALID
640,D0547.mp4,C:\Users\Admin\Python Advanced\Deep Learning - CV\Project\data\Dataset\Videos\D0547.mp4,0.604,100,100,Neutral / Unspecified,unknown,81,23.98,1280,720,4a3562fe58594a24e7df02eae0248b7f,VALID
641,D0548N.mp4,C:\Users\Admin\Python Advanced\Deep Learning - CV\Project\data\Dataset\Videos\D0548N.mp4,1.299,1000 (một nghìn),1000 (một nghìn),N (Miền Nam / South),unknown,151,23.98,1280,720,3b78fc4ad1ded8068cb8e50baff3a48b,VALID
642,D0549T.mp4,C:\Users\Admin\Python Advanced\Deep Learning - CV\Project\data\Dataset\Videos\D0549T.mp4,0.416,5000 (năm nghìn),5000 (năm nghìn),T (Miền Trung / Central),unknown,95,29.97,1280,720,1b4ac016cce33689c180cf3dd41292e9,VALID
643,D0550B.mp4,C:\Users\Admin\Python Advanced\Deep Learning - CV\Project\data\Dataset\Videos\D0550B.mp4,0.413,10 000 (mười nghìn),10 000 (mười nghìn),B (Miền Bắc / North),unknown,72,23.98,1280,720,0dfc7a0646a24419ac3aa65545e9a147,VALID
644,D0550N.mp4,C:\Users\Admin\Python Advanced\Deep Learning - CV\Project\data\Dataset\Videos\D0550N.mp4,0.672,10 000 (mười nghìn),10 000 (mười nghìn),N (Miền Nam / South),unknown,85,23.98,1280,720,96c22b11c75a65086c9fa5fdd47ccbe9,VALID
645,D0550T.mp4,C:\Users\Admin\Python Advanced\Deep Learning - CV\Project\data\Dataset\Videos\D0550T.mp4,0.646,10 000 (mười nghìn),10 000 (mười nghìn),T (Miền Trung / Central),unknown,81,23.98,1280,720,db1b11681f0deab8ff4dde2982e0b819,VALID
646,D0551B.mp4,C:\Users\Admin\Python Advanced\Deep Learning - CV\Project\data\Dataset\Videos\D0551B.mp4,0.675,1 000 000 (một triệu),1 000 000 (một triệu),B (Miền Bắc / North),unknown,75,23.98,1280,720,cc2dfcf4402e32ee388d9a4424ea3929,VALID
647,D0551N.mp4,C:\Users\Admin\Python Advanced\Deep Learning - CV\Project\data\Dataset\Videos\D0551N.mp4,0.491,1 000 000 (một triệu),1 000 000 (một triệu),N (Miền Nam / South),unknown,59,23.98,1280,720,9512ebc6e69873614d6f0b222d7b7482,VALID
648,D0551T.mp4,C:\Users\Admin\Python Advanced\Deep Learning - CV\Project\data\Dataset\Videos\D0551T.mp4,0.654,1 000 000 (một triệu),1 000 000 (một triệu),T (Miền Trung / Central),unknown,71,23.98,1280,720,14c185b17cdd0392b42f2504000963ec,VALID
649,D0552B.mp4,C:\Users\Admin\Python Advanced\Deep Learning - CV\Project\data\Dataset\Videos\D0552B.mp4,0.813,1 000 000 000 (một tỉ),1 000 000 000 (một tỉ),B (Miền Bắc / North),unknown,90,23.98,1280,720,0d2659da4b5cf8719a786ba25a8fcf7f,VALID
650,D0552N.mp4,C:\Users\Admin\Python Advanced\Deep Learning - CV\Project\data\Dataset\Videos\D0552N.mp4,0.695,1 000 000 000 (một tỉ),1 000 000 000 (một tỉ),N (Miền Nam / South),unknown,74,23.98,1280,720,e97c9896996aca0eaf065beaf3e52e2b,VALID
651,D0552T.mp4,C:\Users\Admin\Python Advanced\Deep Learning - CV\Project\data\Dataset\Videos\D0552T.mp4,0.808,1 000 000 000 (một tỉ),1 000 000 000 (một tỉ),T (Miền Trung / Central),unknown,89,23.98,1280,720,7c36d4960f6a8b7082656d1db080ad98,VALID
652,D0600.mp4,C:\Users\Admin\Python Advanced\Deep Learning - CV\Project\data\Dataset\Videos\D0600.mp4,0.477,ăn cóc,ăn cóc,Neutral / Unspecified,unknown,120,29.97,1280,720,9b21a51d1429c58c95d8dd6155ba8026,VALID
653,W00000.mp4,C:\Users\Admin\Python Advanced\Deep Learning - CV\Project\data\Dataset\Videos\W00000.mp4,0.493,ác,ác,Neutral / Unspecified,unknown,120,29.97,1280,720,348fcf0e8cb52e44b3d56897a3bf9cc9,VALID
654,W00001.mp4,C:\Users\Admin\Python Advanced\Deep Learning - CV\Project\data\Dataset\Videos\W00001.mp4,0.789,ác cảm,ác cảm,Neutral / Unspecified,unknown,130,29.97,1280,720,3bea749a88973e66ef604dd6ed829642,VALID
655,W00002.mp4,C:\Users\Admin\Python Advanced\Deep Learning - CV\Project\data\Dataset\Videos\W00002.mp4,0.545,ác độc,ác độc,Neutral / Unspecified,unknown,114,29.97,1280,720,07c97467cf9e588929a45528efc95cc6,VALID
656,W00004B.mp4,C:\Users\Admin\Python Advanced\Deep Learning - CV\Project\data\Dataset\Videos\W00004B.mp4,0.473,ai,ai,B (Miền Bắc / North),unknown,111,30.0,1280,720,24f2f564d89e7e9e97f00c2d9ea96c66,VALID
657,W00004N.mp4,C:\Users\Admin\Python Advanced\Deep Learning - CV\Project\data\Dataset\Videos\W00004N.mp4,0.456,ai,ai,N (Miền Nam / South),unknown,113,29.97,1280,720,8e6854df5e5a37292b0365a79324b5d7,VALID
658,W00004T.mp4,C:\Users\Admin\Python Advanced\Deep Learning - CV\Project\data\Dataset\Videos\W00004T.mp4,0.559,ai,ai,T (Miền Trung / Central),unknown,128,29.97,1280,720,a78b79184e029f5758e44bd69c8d2be5,VALID
659,W00006.mp4,C:\Users\Admin\Python Advanced\Deep Learning - CV\Project\data\Dataset\Videos\W00006.mp4,0.695,An Giang,an giang,Neutral / Unspecified,unknown,123,29.97,1280,720,3140da7316f1521292b69f2d2e6f6982,VALID
660,W00007.mp4,C:\Users\Admin\Python Advanced\Deep Learning - CV\Project\data\Dataset\Videos\W00007.mp4,0.925,an ninh,an ninh,Neutral / Unspecified,unknown,151,29.97,1280,720,612d5df8b9a1d37c1e6a411db3d4cd65,VALID
661,W00009B.mp4,C:\Users\Admin\Python Advanced\Deep Learning - CV\Project\data\Dataset\Videos\W00009B.mp4,0.503,Anh (nước Anh),anh (nước anh),B (Miền Bắc / North),unknown,106,29.97,1280,720,5a401a37b062ae280eb5cf86d00eb4b5,VALID
662,W00009N.mp4,C:\Users\Admin\Python Advanced\Deep Learning - CV\Project\data\Dataset\Videos\W00009N.mp4,0.464,Anh (nước Anh),anh (nước anh),N (Miền Nam / South),unknown,117,29.97,1280,720,070752c298fa3b0c8330206e2d3c6f7c,VALID
663,W00009T.mp4,C:\Users\Admin\Python Advanced\Deep Learning - CV\Project\data\Dataset\Videos\W00009T.mp4,0.463,Anh (nước Anh),anh (nước anh),T (Miền Trung / Central),unknown,117,29.97,1280,720,38f8ca5324e2a383009a0b546749e0d8,VALID
664,W00010B.mp4,C:\Users\Admin\Python Advanced\Deep Learning - CV\Project\data\Dataset\Videos\W00010B.mp4,0.947,anh chị,anh chị,B (Miền Bắc / North),unknown,165,29.97,1280,720,7c8023622cd719a7f81b83ed18bbf9fc,VALID
665,W00011.mp4,C:\Users\Admin\Python Advanced\Deep Learning - CV\Project\data\Dataset\Videos\W00011.mp4,0.683,anh chị em,anh chị em,Neutral / Unspecified,unknown,127,29.97,1280,720,5780335906b2949824cd1ef715e18387,VALID
666,W00012B.mp4,C:\Users\Admin\Python Advanced\Deep Learning - CV\Project\data\Dataset\Videos\W00012B.mp4,0.801,anh dũng,anh dũng,B (Miền Bắc / North),unknown,154,29.97,1280,720,017177b190aae6fb59eb0f794e96b1f8,VALID
667,W00012N.mp4,C:\Users\Admin\Python Advanced\Deep Learning - CV\Project\data\Dataset\Videos\W00012N.mp4,0.563,anh dũng,anh dũng,N (Miền Nam / South),unknown,121,29.97,1280,720,204cfc6becf08a5681360bf038fdf321,VALID
668,W00012T.mp4,C:\Users\Admin\Python Advanced\Deep Learning - CV\Project\data\Dataset\Videos\W00012T.mp4,0.559,anh dũng,anh dũng,T (Miền Trung / Central),unknown,121,29.97,1280,720,7f052c187327082d2d560562b2ebfd0c,VALID
669,W00013N.mp4,C:\Users\Admin\Python Advanced\Deep Learning - CV\Project\data\Dataset\Videos\W00013N.mp4,0.494,anh em,anh em,N (Miền Nam / South),unknown,120,29.97,1280,720,a94aae678cf2ce8bff2a0e6280719a33,VALID
670,W00013T.mp4,C:\Users\Admin\Python Advanced\Deep Learning - CV\Project\data\Dataset\Videos\W00013T.mp4,0.492,anh em,anh em,T (Miền Trung / Central),unknown,120,29.97,1280,720,4ff96173bdbce937af535c15167ee454,VALID
671,W00014N.mp4,C:\Users\Admin\Python Advanced\Deep Learning - CV\Project\data\Dataset\Videos\W00014N.mp4,0.742,anh họ,anh họ,N (Miền Nam / South),unknown,135,29.97,1280,720,20e512b4ab417196483be86b1326b64a,VALID
672,W00015.mp4,C:\Users\Admin\Python Advanced\Deep Learning - CV\Project\data\Dataset\Videos\W00015.mp4,0.517,anh hùng,anh hùng,Neutral / Unspecified,unknown,102,29.97,1280,720,6ca6561dd7a2273c9e855e548e571d12,VALID
673,W00018B.mp4,C:\Users\Admin\Python Advanced\Deep Learning - CV\Project\data\Dataset\Videos\W00018B.mp4,0.318,anh rể,anh rể,B (Miền Bắc / North),unknown,75,29.97,1280,720,5f07869b34a01856bbea0f9f0feddc9c,VALID
674,W00018N.mp4,C:\Users\Admin\Python Advanced\Deep Learning - CV\Project\data\Dataset\Videos\W00018N.mp4,0.412,anh rể,anh rể,N (Miền Nam / South),unknown,102,29.97,1280,720,372614fe972ba9ceede400187410b25b,VALID
675,W00018T.mp4,C:\Users\Admin\Python Advanced\Deep Learning - CV\Project\data\Dataset\Videos\W00018T.mp4,0.444,anh rể,anh rể,T (Miền Trung / Central),unknown,102,29.97,1280,720,e809496879c6796c42fe81de9100decc,VALID
676,W00019B.mp4,C:\Users\Admin\Python Advanced\Deep Learning - CV\Project\data\Dataset\Videos\W00019B.mp4,0.913,anh ruột,anh ruột,B (Miền Bắc / North),unknown,177,29.97,1280,720,31344df6d0543a46319c75d301c4cec5,VALID
677,W00019N.mp4,C:\Users\Admin\Python Advanced\Deep Learning - CV\Project\data\Dataset\Videos\W00019N.mp4,0.651,anh ruột,anh ruột,N (Miền Nam / South),unknown,125,29.97,1280,720,63acf3bb9b122dcf1be49a2e2197ac49,VALID
678,W00019T.mp4,C:\Users\Admin\Python Advanced\Deep Learning - CV\Project\data\Dataset\Videos\W00019T.mp4,0.645,anh ruột,anh ruột,T (Miền Trung / Central),unknown,125,29.97,1280,720,3599501a29f1ba948a3f74fb70abb267,VALID
679,W00020.mp4,C:\Users\Admin\Python Advanced\Deep Learning - CV\Project\data\Dataset\Videos\W00020.mp4,0.736,anh vợ,anh vợ,Neutral / Unspecified,unknown,135,29.97,1280,720,d1f3e6a9932adcd3a31962ba63d652ad,VALID
680,W00024.mp4,C:\Users\Admin\Python Advanced\Deep Learning - CV\Project\data\Dataset\Videos\W00024.mp4,0.702,sáng,sáng,Neutral / Unspecified,unknown,70,23.98,1280,720,7ffe2bc1c08c0cc9aad61b04f718b9d9,VALID
681,W00026.mp4,C:\Users\Admin\Python Advanced\Deep Learning - CV\Project\data\Dataset\Videos\W00026.mp4,0.753,ao chuôm,ao chuôm,Neutral / Unspecified,unknown,139,29.97,1280,720,1c456ac6980d89433e2549174f18d2e3,VALID
682,W00028.mp4,C:\Users\Admin\Python Advanced\Deep Learning - CV\Project\data\Dataset\Videos\W00028.mp4,0.556,áo,áo,Neutral / Unspecified,unknown,119,29.97,1280,720,cce6a16c3fcb9ba48b6168af8d118cdd,VALID
683,W00030.mp4,C:\Users\Admin\Python Advanced\Deep Learning - CV\Project\data\Dataset\Videos\W00030.mp4,0.479,áo cánh,áo cánh,Neutral / Unspecified,unknown,98,29.97,1280,720,ef532e339f268a92084e9e034778d5e3,VALID
684,W00032B.mp4,C:\Users\Admin\Python Advanced\Deep Learning - CV\Project\data\Dataset\Videos\W00032B.mp4,0.995,áo đồng phục,áo đồng phục,B (Miền Bắc / North),unknown,175,29.97,1280,720,db0546a7d6ee3e3de935866f4bcb17cf,VALID
685,W00032N.mp4,C:\Users\Admin\Python Advanced\Deep Learning - CV\Project\data\Dataset\Videos\W00032N.mp4,0.927,áo đồng phục,áo đồng phục,N (Miền Nam / South),unknown,161,29.97,1280,720,efa0b148636cbe69203e99e060d43b39,VALID
686,W00032T.mp4,C:\Users\Admin\Python Advanced\Deep Learning - CV\Project\data\Dataset\Videos\W00032T.mp4,0.902,áo đồng phục,áo đồng phục,T (Miền Trung / Central),unknown,161,29.97,1280,720,faa3d98f926ff7dfb5e2d1420477ed71,VALID
687,W00033.mp4,C:\Users\Admin\Python Advanced\Deep Learning - CV\Project\data\Dataset\Videos\W00033.mp4,0.511,áo len,áo len,Neutral / Unspecified,unknown,106,29.97,1280,720,2e0e7930bfb168cfe3b0855035f87b76,VALID
688,W00035B.mp4,C:\Users\Admin\Python Advanced\Deep Learning - CV\Project\data\Dataset\Videos\W00035B.mp4,0.658,áo phông,áo phông,B (Miền Bắc / North),unknown,157,29.97,1280,720,8a76921e63a6b7f5e101a4dd9a066ab5,VALID
689,W00035N.mp4,C:\Users\Admin\Python Advanced\Deep Learning - CV\Project\data\Dataset\Videos\W00035N.mp4,0.823,áo phông,áo phông,N (Miền Nam / South),unknown,161,29.97,1280,720,e9cb2ec44d6c2b1b6a0e381bdd7f7cb3,VALID
690,W00035T.mp4,C:\Users\Admin\Python Advanced\Deep Learning - CV\Project\data\Dataset\Videos\W00035T.mp4,0.711,áo phông,áo phông,T (Miền Trung / Central),unknown,159,29.97,1280,720,c4b8e19a93250947b425376a4b783a5b,VALID
691,W00039.mp4,C:\Users\Admin\Python Advanced\Deep Learning - CV\Project\data\Dataset\Videos\W00039.mp4,0.697,ăn diện,ăn diện,Neutral / Unspecified,unknown,144,29.97,1280,720,d53e7de588212e8db84e4f97c4dab149,VALID
692,W00040.mp4,C:\Users\Admin\Python Advanced\Deep Learning - CV\Project\data\Dataset\Videos\W00040.mp4,0.811,ăn hối lộ,ăn hối lộ,Neutral / Unspecified,unknown,142,29.97,1280,720,9135cb95c4afc92245714b97bc954c24,VALID
693,W00042.mp4,C:\Users\Admin\Python Advanced\Deep Learning - CV\Project\data\Dataset\Videos\W00042.mp4,1.271,ăn uống,ăn uống,Neutral / Unspecified,unknown,280,29.97,1280,720,b9f8c8979faf553770bacf2019eab16a,VALID
694,W00043.mp4,C:\Users\Admin\Python Advanced\Deep Learning - CV\Project\data\Dataset\Videos\W00043.mp4,0.5,ăn vặt,ăn vặt,Neutral / Unspecified,unknown,119,29.97,1280,720,7e57743133e0ffef56d2d9709343f92e,VALID
695,W00044.mp4,C:\Users\Admin\Python Advanced\Deep Learning - CV\Project\data\Dataset\Videos\W00044.mp4,0.463,ăn xin,ăn xin,Neutral / Unspecified,unknown,116,29.97,1280,720,56206669aaa089ec8edb194898366e1a,VALID
696,W00048.mp4,C:\Users\Admin\Python Advanced\Deep Learning - CV\Project\data\Dataset\Videos\W00048.mp4,0.652,ầm ĩ,ầm ĩ,Neutral / Unspecified,unknown,102,29.97,1280,720,c0a2dcf1be0192c9ffebd872da5726fb,VALID
697,W00049.mp4,C:\Users\Admin\Python Advanced\Deep Learning - CV\Project\data\Dataset\Videos\W00049.mp4,0.67,ẩm mốc,ẩm mốc,Neutral / Unspecified,unknown,154,29.97,1280,720,3b25484f6a2057c93305ee9c7cbdc2d1,VALID
698,W00050.mp4,C:\Users\Admin\Python Advanced\Deep Learning - CV\Project\data\Dataset\Videos\W00050.mp4,0.588,ẩm ướt,ẩm ướt,Neutral / Unspecified,unknown,126,29.97,1280,720,fa0cab305a70cad7e9f76154c3047624,VALID
699,W00052.mp4,C:\Users\Admin\Python Advanced\Deep Learning - CV\Project\data\Dataset\Videos\W00052.mp4,0.779,ấm đun nước,ấm đun nước,Neutral / Unspecified,unknown,175,29.97,1280,720,231626606d10a9c1ed668e59fad3149f,VALID
700,W00053.mp4,C:\Users\Admin\Python Advanced\Deep Learning - CV\Project\data\Dataset\Videos\W00053.mp4,0.609,ấm no,ấm no,Neutral / Unspecified,unknown,159,29.97,1280,720,52438a27f5d6518977f8b06d27822b1d,VALID
701,W00055.mp4,C:\Users\Admin\Python Advanced\Deep Learning - CV\Project\data\Dataset\Videos\W00055.mp4,0.617,ấm trà,ấm trà,Neutral / Unspecified,unknown,135,29.97,1280,720,06b041846942ea1b1f3708437c0fd695,VALID
702,W00057B.mp4,C:\Users\Admin\Python Advanced\Deep Learning - CV\Project\data\Dataset\Videos\W00057B.mp4,0.656,ân hận,ân hận,B (Miền Bắc / North),unknown,142,29.97,1280,720,22881f0e18703c51620bdee34fd6b4b5,VALID
703,W00057N.mp4,C:\Users\Admin\Python Advanced\Deep Learning - CV\Project\data\Dataset\Videos\W00057N.mp4,0.479,ân hận,ân hận,N (Miền Nam / South),unknown,114,29.97,1280,720,26f62feaa5cfb9be6a181c3c47404749,VALID
704,W00057T.mp4,C:\Users\Admin\Python Advanced\Deep Learning - CV\Project\data\Dataset\Videos\W00057T.mp4,0.492,ân hận,ân hận,T (Miền Trung / Central),unknown,126,29.97,1280,720,d0675a3996ffbf8eb854519707405f4f,VALID
705,W00059.mp4,C:\Users\Admin\Python Advanced\Deep Learning - CV\Project\data\Dataset\Videos\W00059.mp4,0.755,ấn,ấn,Neutral / Unspecified,unknown,135,29.97,1280,720,182a96b84f18348d77fd1eebf4bdae63,VALID
706,W00061.mp4,C:\Users\Admin\Python Advanced\Deep Learning - CV\Project\data\Dataset\Videos\W00061.mp4,0.541,ấn tượng,ấn tượng,Neutral / Unspecified,unknown,144,29.97,1280,720,0fd6400cdc7354454c80a2653d90a8be,VALID
707,W00062.mp4,C:\Users\Admin\Python Advanced\Deep Learning - CV\Project\data\Dataset\Videos\W00062.mp4,0.562,Âu Cơ,âu cơ,Neutral / Unspecified,unknown,114,29.97,1280,720,2587d44c24962e88a79032091ba0c530,VALID
708,W00065.mp4,C:\Users\Admin\Python Advanced\Deep Learning - CV\Project\data\Dataset\Videos\W00065.mp4,0.879,Ba chân bốn cẳng,ba chân bốn cẳng,Neutral / Unspecified,unknown,149,29.97,1280,720,e80d2fa850460e8587041a75f937fa71,VALID
709,W00067.mp4,C:\Users\Admin\Python Advanced\Deep Learning - CV\Project\data\Dataset\Videos\W00067.mp4,0.656,Bà Nà,bà nà,Neutral / Unspecified,unknown,133,29.97,1280,720,0474c2b5958a01695f35a2346257ead2,VALID
710,W00068.mp4,C:\Users\Admin\Python Advanced\Deep Learning - CV\Project\data\Dataset\Videos\W00068.mp4,0.865,Bà Rịa - Vũng Tàu,bà rịa - vũng tàu,Neutral / Unspecified,unknown,157,29.97,1280,720,bc57955b17b8fdb9b3ef82c2503d5717,VALID
711,W00069.mp4,C:\Users\Admin\Python Advanced\Deep Learning - CV\Project\data\Dataset\Videos\W00069.mp4,0.775,triệu phú,triệu phú,Neutral / Unspecified,unknown,101,23.98,1280,720,e9d359dc095103635b8da3ed7705941a,VALID
712,W00070.mp4,C:\Users\Admin\Python Advanced\Deep Learning - CV\Project\data\Dataset\Videos\W00070.mp4,0.714,Bạc Liêu,bạc liêu,Neutral / Unspecified,unknown,161,29.97,1280,720,2b0900bc532acf90a98b488057ac0a74,VALID
713,W00071.mp4,C:\Users\Admin\Python Advanced\Deep Learning - CV\Project\data\Dataset\Videos\W00071.mp4,0.599,bài báo,bài báo,Neutral / Unspecified,unknown,117,29.97,1280,720,89e8a79aff14e3e4f883d43dd04fef9c,VALID
714,W00075B.mp4,C:\Users\Admin\Python Advanced\Deep Learning - CV\Project\data\Dataset\Videos\W00075B.mp4,0.782,bài thơ,bài thơ,B (Miền Bắc / North),unknown,177,29.97,1280,720,c15896d357b304355ffab491043d7c2f,VALID
715,W00075N.mp4,C:\Users\Admin\Python Advanced\Deep Learning - CV\Project\data\Dataset\Videos\W00075N.mp4,0.725,bài thơ,bài thơ,N (Miền Nam / South),unknown,129,29.97,1280,720,dbc6cf741afccefe2d9db5d8ded4d427,VALID
716,W00075T.mp4,C:\Users\Admin\Python Advanced\Deep Learning - CV\Project\data\Dataset\Videos\W00075T.mp4,0.73,bài thơ,bài thơ,T (Miền Trung / Central),unknown,129,29.97,1280,720,969eaf3b43c42844b336df897b65ad70,VALID
717,W00079.mp4,C:\Users\Admin\Python Advanced\Deep Learning - CV\Project\data\Dataset\Videos\W00079.mp4,0.874,Bãi biển Vũng Tàu,bãi biển vũng tàu,Neutral / Unspecified,unknown,161,29.97,1280,720,68296832e0208424243e9703496f5854,VALID
718,W00082.mp4,C:\Users\Admin\Python Advanced\Deep Learning - CV\Project\data\Dataset\Videos\W00082.mp4,0.896,bãi cỏ,bãi cỏ,Neutral / Unspecified,unknown,148,29.97,1280,720,01b0b54c529dc5e3b58412c037386e8c,VALID
719,W00084.mp4,C:\Users\Admin\Python Advanced\Deep Learning - CV\Project\data\Dataset\Videos\W00084.mp4,0.708,bãi tắm,bãi tắm,Neutral / Unspecified,unknown,130,29.97,1280,720,d0e84b443e1c43455ef4822dea708d82,VALID
720,W00086B.mp4,C:\Users\Admin\Python Advanced\Deep Learning - CV\Project\data\Dataset\Videos\W00086B.mp4,0.773,ban đêm,ban đêm,B (Miền Bắc / North),unknown,138,29.97,1280,720,79a23018ead63689eb75c377bba08c6e,VALID
721,W00086N.mp4,C:\Users\Admin\Python Advanced\Deep Learning - CV\Project\data\Dataset\Videos\W00086N.mp4,0.862,ban đêm,ban đêm,N (Miền Nam / South),unknown,149,29.97,1280,720,863cfc3fd0ec4c9bab797add2adcefaf,VALID
722,W00086T.mp4,C:\Users\Admin\Python Advanced\Deep Learning - CV\Project\data\Dataset\Videos\W00086T.mp4,0.861,ban đêm,ban đêm,T (Miền Trung / Central),unknown,149,29.97,1280,720,4a34b62c014bdf65f318f9a3e95d2572,VALID
723,W00087.mp4,C:\Users\Admin\Python Advanced\Deep Learning - CV\Project\data\Dataset\Videos\W00087.mp4,0.734,ban giám hiệu,ban giám hiệu,Neutral / Unspecified,unknown,147,29.97,1280,720,780924745e61bdf1b74b1d205b5d76ca,VALID
724,W00089.mp4,C:\Users\Admin\Python Advanced\Deep Learning - CV\Project\data\Dataset\Videos\W00089.mp4,0.803,ban ngày,ban ngày,Neutral / Unspecified,unknown,93,23.98,1280,720,122bdc1d690dbbb453fbda5c883fa379,VALID
725,W00092.mp4,C:\Users\Admin\Python Advanced\Deep Learning - CV\Project\data\Dataset\Videos\W00092.mp4,0.635,bàn chải đánh răng,bàn chải đánh răng,Neutral / Unspecified,unknown,124,29.97,1280,720,97447b0f866146ff9c60ad97f357f32f,VALID
726,W00093.mp4,C:\Users\Admin\Python Advanced\Deep Learning - CV\Project\data\Dataset\Videos\W00093.mp4,0.713,bàn chân,bàn chân,Neutral / Unspecified,unknown,176,29.97,1280,720,d6fb81e1a77fa5c566315bb34a8198d8,VALID
727,W00094.mp4,C:\Users\Admin\Python Advanced\Deep Learning - CV\Project\data\Dataset\Videos\W00094.mp4,0.931,bàn ghế,bàn ghế,Neutral / Unspecified,unknown,190,29.97,1280,720,daed4c891dcf2e3c0df6b32e68548f94,VALID
728,W00097.mp4,C:\Users\Admin\Python Advanced\Deep Learning - CV\Project\data\Dataset\Videos\W00097.mp4,0.899,bàn tay,bàn tay,Neutral / Unspecified,unknown,184,29.97,1280,720,a1fcb2703a9b55f4ef98245de5dd4b92,VALID
729,W00098.mp4,C:\Users\Admin\Python Advanced\Deep Learning - CV\Project\data\Dataset\Videos\W00098.mp4,1.804,bàn tán,bàn tán,Neutral / Unspecified,unknown,246,29.97,1280,720,20cf5efdeb30efc90ba9c8f28366dc77,VALID
730,W00099B.mp4,C:\Users\Admin\Python Advanced\Deep Learning - CV\Project\data\Dataset\Videos\W00099B.mp4,0.828,bản đồ Việt Nam,bản đồ việt nam,B (Miền Bắc / North),unknown,156,29.97,1280,720,473058a702e6b23e99bb7343ff050ede,VALID
731,W00099N.mp4,C:\Users\Admin\Python Advanced\Deep Learning - CV\Project\data\Dataset\Videos\W00099N.mp4,0.616,bản đồ Việt Nam,bản đồ việt nam,N (Miền Nam / South),unknown,127,29.97,1280,720,8a8dbfced3366621eadd2b4b714caf9c,VALID
732,W00099T.mp4,C:\Users\Admin\Python Advanced\Deep Learning - CV\Project\data\Dataset\Videos\W00099T.mp4,0.619,bản đồ Việt Nam,bản đồ việt nam,T (Miền Trung / Central),unknown,127,29.97,1280,720,772e8c544728de127acfda9f97893044,VALID
733,W00100.mp4,C:\Users\Admin\Python Advanced\Deep Learning - CV\Project\data\Dataset\Videos\W00100.mp4,1.038,bản làng,bản làng,Neutral / Unspecified,unknown,180,29.97,1280,720,d76bad2ee65012c7cb847cb67b085f3c,VALID
734,W00101.mp4,C:\Users\Admin\Python Advanced\Deep Learning - CV\Project\data\Dataset\Videos\W00101.mp4,0.817,bản lề,bản lề,Neutral / Unspecified,unknown,152,29.97,1280,720,3f7b8c856f86a94c27ecacac488d1a62,VALID
735,W00102.mp4,C:\Users\Admin\Python Advanced\Deep Learning - CV\Project\data\Dataset\Videos\W00102.mp4,1.011,bản nhạc,bản nhạc,Neutral / Unspecified,unknown,209,29.97,1280,720,25679d4fb54feb42c3f3bc40a5fdc17b,VALID
736,W00103.mp4,C:\Users\Admin\Python Advanced\Deep Learning - CV\Project\data\Dataset\Videos\W00103.mp4,0.482,bản sao (chỉ người),bản sao (chỉ người),Neutral / Unspecified,unknown,119,29.97,1280,720,13aa2ac6aca771b307b49707d5337c8f,VALID
737,W00104.mp4,C:\Users\Admin\Python Advanced\Deep Learning - CV\Project\data\Dataset\Videos\W00104.mp4,0.843,bản thân,bản thân,Neutral / Unspecified,unknown,175,29.97,1280,720,381a38f22d39fe27017e06a11fa66545,VALID
738,W00105.mp4,C:\Users\Admin\Python Advanced\Deep Learning - CV\Project\data\Dataset\Videos\W00105.mp4,0.833,bán buôn,bán buôn,Neutral / Unspecified,unknown,189,29.97,1280,720,a9e9b9c03bd7fba363568f9974f27f72,VALID
739,W00106.mp4,C:\Users\Admin\Python Advanced\Deep Learning - CV\Project\data\Dataset\Videos\W00106.mp4,1.055,bán đảo,bán đảo,Neutral / Unspecified,unknown,193,29.97,1280,720,c3e611e9d2133445cfcce086fed6121f,VALID
740,W00107B.mp4,C:\Users\Admin\Python Advanced\Deep Learning - CV\Project\data\Dataset\Videos\W00107B.mp4,0.586,bán hàng,bán hàng,B (Miền Bắc / North),unknown,117,29.97,1280,720,0fc64934d6f91b2099ff8d9b0dcbb0fb,VALID
741,W00107N.mp4,C:\Users\Admin\Python Advanced\Deep Learning - CV\Project\data\Dataset\Videos\W00107N.mp4,0.474,bán hàng,bán hàng,N (Miền Nam / South),unknown,117,29.97,1280,720,75e15efdb10896ed43bc37d96edef732,VALID
742,W00107T.mp4,C:\Users\Admin\Python Advanced\Deep Learning - CV\Project\data\Dataset\Videos\W00107T.mp4,0.479,bán hàng,bán hàng,T (Miền Trung / Central),unknown,117,29.97,1280,720,22cabb9bd916155ff4ddde0e92a3dd81,VALID
743,W00108.mp4,C:\Users\Admin\Python Advanced\Deep Learning - CV\Project\data\Dataset\Videos\W00108.mp4,0.876,bán kính (hình tròn),bán kính (hình tròn),Neutral / Unspecified,unknown,176,29.97,1280,720,6516ce57cc34e991bd300f6c5df46aec,VALID
744,W00110B.mp4,C:\Users\Admin\Python Advanced\Deep Learning - CV\Project\data\Dataset\Videos\W00110B.mp4,1.627,bạn,bạn,B (Miền Bắc / North),unknown,263,29.97,1280,720,f0f6d69f41a676bb6734d8568d5d5919,VALID
745,W00110N.mp4,C:\Users\Admin\Python Advanced\Deep Learning - CV\Project\data\Dataset\Videos\W00110N.mp4,0.454,bạn,bạn,N (Miền Nam / South),unknown,100,29.97,1280,720,d2d7e88b534b6579ff4787ccdeaaeee4,VALID
746,W00111B.mp4,C:\Users\Admin\Python Advanced\Deep Learning - CV\Project\data\Dataset\Videos\W00111B.mp4,0.985,bạn gái,bạn gái,B (Miền Bắc / North),unknown,170,29.97,1280,720,2abfe001fb9b61b08699c037fe173682,VALID
747,W00111N.mp4,C:\Users\Admin\Python Advanced\Deep Learning - CV\Project\data\Dataset\Videos\W00111N.mp4,0.911,bạn gái,bạn gái,N (Miền Nam / South),unknown,175,29.97,1280,720,9d6d0cae670cf00f12ff7a9288616490,VALID
748,W00111T.mp4,C:\Users\Admin\Python Advanced\Deep Learning - CV\Project\data\Dataset\Videos\W00111T.mp4,0.908,bạn gái,bạn gái,T (Miền Trung / Central),unknown,175,29.97,1280,720,644b18c4c75633b96f27784cd965cfc7,VALID
749,W00112B.mp4,C:\Users\Admin\Python Advanced\Deep Learning - CV\Project\data\Dataset\Videos\W00112B.mp4,0.76,bạn trai,bạn trai,B (Miền Bắc / North),unknown,133,29.97,1280,720,f310b29c29ef7f63294083a1f862a154,VALID
750,W00112N.mp4,C:\Users\Admin\Python Advanced\Deep Learning - CV\Project\data\Dataset\Videos\W00112N.mp4,0.725,bạn trai,bạn trai,N (Miền Nam / South),unknown,153,29.97,1280,720,eb0b7b587b584004be56d531fd07ab99,VALID
751,W00113.mp4,C:\Users\Admin\Python Advanced\Deep Learning - CV\Project\data\Dataset\Videos\W00113.mp4,0.728,bảng học sinh,bảng học sinh,Neutral / Unspecified,unknown,92,23.98,1280,720,c891131d0811a50483f9fcbf0280a81e,VALID
752,W00115T.mp4,C:\Users\Admin\Python Advanced\Deep Learning - CV\Project\data\Dataset\Videos\W00115T.mp4,0.643,bảng chia,bảng chia,T (Miền Trung / Central),unknown,128,29.97,1280,720,76aa89c9a01262953eb13adf5f7815ec,VALID
753,W00116.mp4,C:\Users\Admin\Python Advanced\Deep Learning - CV\Project\data\Dataset\Videos\W00116.mp4,0.689,bảng chỉ dẫn,bảng chỉ dẫn,Neutral / Unspecified,unknown,137,29.97,1280,720,52a79e52f8717f5fefc8c8fd542b4979,VALID
754,W00119B.mp4,C:\Users\Admin\Python Advanced\Deep Learning - CV\Project\data\Dataset\Videos\W00119B.mp4,0.928,bảng cộng,bảng cộng,B (Miền Bắc / North),unknown,172,29.97,1280,720,4f3443725d18011aa46d7b1c5c72ab2f,VALID
755,W00119T.mp4,C:\Users\Admin\Python Advanced\Deep Learning - CV\Project\data\Dataset\Videos\W00119T.mp4,0.968,bảng cộng,bảng cộng,T (Miền Trung / Central),unknown,172,29.97,1280,720,ffd66e728f64c8be7959bc82c40d579e,VALID
756,W00120.mp4,C:\Users\Admin\Python Advanced\Deep Learning - CV\Project\data\Dataset\Videos\W00120.mp4,0.734,bảng cửu chương,bảng cửu chương,Neutral / Unspecified,unknown,92,23.98,1280,720,ecf75840434f0a2d64d628fdb0a1e359,VALID
757,W00121B.mp4,C:\Users\Admin\Python Advanced\Deep Learning - CV\Project\data\Dataset\Videos\W00121B.mp4,0.89,bảng đen,bảng đen,B (Miền Bắc / North),unknown,155,29.97,1280,720,4608f8975cd85a832210666effbaea73,VALID
758,W00121N.mp4,C:\Users\Admin\Python Advanced\Deep Learning - CV\Project\data\Dataset\Videos\W00121N.mp4,0.784,bảng đen,bảng đen,N (Miền Nam / South),unknown,147,29.97,1280,720,6e366d485a87defab25964df3efc3a82,VALID
759,W00121T.mp4,C:\Users\Admin\Python Advanced\Deep Learning - CV\Project\data\Dataset\Videos\W00121T.mp4,0.885,bảng đen,bảng đen,T (Miền Trung / Central),unknown,155,29.97,1280,720,cc48cc01565e17635f209f926dd27fb8,VALID
760,W00122.mp4,C:\Users\Admin\Python Advanced\Deep Learning - CV\Project\data\Dataset\Videos\W00122.mp4,0.562,hãng máy bay,hãng máy bay,Neutral / Unspecified,unknown,100,29.97,1280,720,0830062f46221599307d3fef8347b5c5,VALID
761,W00123B.mp4,C:\Users\Admin\Python Advanced\Deep Learning - CV\Project\data\Dataset\Videos\W00123B.mp4,0.944,bảng màu,bảng màu,B (Miền Bắc / North),unknown,167,29.97,1280,720,93b53958db2b8af412c83a9de55b5c26,VALID
762,W00124B.mp4,C:\Users\Admin\Python Advanced\Deep Learning - CV\Project\data\Dataset\Videos\W00124B.mp4,0.859,bảng nhân,bảng nhân,B (Miền Bắc / North),unknown,157,29.97,1280,720,decdf5acad47f6d3eeb60a23955c7fd4,VALID
763,W00124N.mp4,C:\Users\Admin\Python Advanced\Deep Learning - CV\Project\data\Dataset\Videos\W00124N.mp4,0.646,bảng nhân,bảng nhân,N (Miền Nam / South),unknown,128,29.97,1280,720,375008d0c7f90f6389009b36047fe805,VALID
764,W00124T.mp4,C:\Users\Admin\Python Advanced\Deep Learning - CV\Project\data\Dataset\Videos\W00124T.mp4,0.857,bảng nhân,bảng nhân,T (Miền Trung / Central),unknown,157,29.97,1280,720,fd28cbb607a9d172ce8abc28a1c3164e,VALID
765,W00125.mp4,C:\Users\Admin\Python Advanced\Deep Learning - CV\Project\data\Dataset\Videos\W00125.mp4,0.664,hãng xe máy,hãng xe máy,Neutral / Unspecified,unknown,74,23.98,1280,720,f9b171b464fc036d6dad75c099e8d353,VALID
766,W00126B.mp4,C:\Users\Admin\Python Advanced\Deep Learning - CV\Project\data\Dataset\Videos\W00126B.mp4,0.721,bảng trừ,bảng trừ,B (Miền Bắc / North),unknown,136,29.97,1280,720,db28eed1d1185163b923c3b086dca3c2,VALID
767,W00126T.mp4,C:\Users\Admin\Python Advanced\Deep Learning - CV\Project\data\Dataset\Videos\W00126T.mp4,0.72,bảng trừ,bảng trừ,T (Miền Trung / Central),unknown,136,29.97,1280,720,4977757c22a83f89e429f588b8822b2b,VALID
768,W00127.mp4,C:\Users\Admin\Python Advanced\Deep Learning - CV\Project\data\Dataset\Videos\W00127.mp4,0.561,bánh bột lọc,bánh bột lọc,Neutral / Unspecified,unknown,135,29.97,1280,720,5697b85a7e548f90fe878389d56f1bf4,VALID
769,W00128.mp4,C:\Users\Admin\Python Advanced\Deep Learning - CV\Project\data\Dataset\Videos\W00128.mp4,0.71,bánh cốm,bánh cốm,Neutral / Unspecified,unknown,141,29.97,1280,720,7aea5b910e1510fc695bc535c7957655,VALID
770,W00129N.mp4,C:\Users\Admin\Python Advanced\Deep Learning - CV\Project\data\Dataset\Videos\W00129N.mp4,0.686,bánh cuốn,bánh cuốn,N (Miền Nam / South),unknown,143,29.97,1280,720,9bec5fec8b34c6e3e89c625259ddef13,VALID
771,W00129T.mp4,C:\Users\Admin\Python Advanced\Deep Learning - CV\Project\data\Dataset\Videos\W00129T.mp4,0.693,bánh cuốn,bánh cuốn,T (Miền Trung / Central),unknown,143,29.97,1280,720,a1645c0ef7dff082f98de5f1d3753f89,VALID
772,W00130.mp4,C:\Users\Admin\Python Advanced\Deep Learning - CV\Project\data\Dataset\Videos\W00130.mp4,0.607,bánh Trung Thu,bánh trung thu,Neutral / Unspecified,unknown,117,29.97,1280,720,92392ba1c60e733253368b020440f25e,VALID
773,W00131.mp4,C:\Users\Admin\Python Advanced\Deep Learning - CV\Project\data\Dataset\Videos\W00131.mp4,0.987,bánh đa,bánh đa,Neutral / Unspecified,unknown,205,29.97,1280,720,f595c096983faddd8343fbdbd9ff3094,VALID
774,W00132.mp4,C:\Users\Admin\Python Advanced\Deep Learning - CV\Project\data\Dataset\Videos\W00132.mp4,0.759,bánh đúc,bánh đúc,Neutral / Unspecified,unknown,144,29.97,1280,720,1bc822c9c99ced052db71d2f7faee033,VALID
775,W00133.mp4,C:\Users\Admin\Python Advanced\Deep Learning - CV\Project\data\Dataset\Videos\W00133.mp4,0.498,bánh gai,bánh gai,Neutral / Unspecified,unknown,119,29.97,1280,720,3822c0661a37bfcbee745d7cd3dee67a,VALID
776,W00134.mp4,C:\Users\Admin\Python Advanced\Deep Learning - CV\Project\data\Dataset\Videos\W00134.mp4,0.75,bánh giầy,bánh giầy,Neutral / Unspecified,unknown,162,29.97,1280,720,b0fe67951a0f6a0b8b8c56a608451953,VALID
777,W00136.mp4,C:\Users\Admin\Python Advanced\Deep Learning - CV\Project\data\Dataset\Videos\W00136.mp4,1.468,bánh gối,bánh gối,Neutral / Unspecified,unknown,273,29.97,1280,720,3c4f5359df777264264f1edd9c463a1a,VALID
778,W00137B.mp4,C:\Users\Admin\Python Advanced\Deep Learning - CV\Project\data\Dataset\Videos\W00137B.mp4,0.734,bánh mì,bánh mì,B (Miền Bắc / North),unknown,143,29.97,1280,720,dc41a62a02a5926ba02eca3c0e812175,VALID
779,W00137N.mp4,C:\Users\Admin\Python Advanced\Deep Learning - CV\Project\data\Dataset\Videos\W00137N.mp4,0.788,bánh mì,bánh mì,N (Miền Nam / South),unknown,149,29.97,1280,720,43ac3d02f22c52175a49f20320288513,VALID
780,W00140.mp4,C:\Users\Admin\Python Advanced\Deep Learning - CV\Project\data\Dataset\Videos\W00140.mp4,0.74,bánh pizza,bánh pizza,Neutral / Unspecified,unknown,154,29.97,1280,720,7d424454a656e3507c6dbe380b5e6cb7,VALID
781,W00141.mp4,C:\Users\Admin\Python Advanced\Deep Learning - CV\Project\data\Dataset\Videos\W00141.mp4,0.771,bánh pía,bánh pía,Neutral / Unspecified,unknown,161,29.97,1280,720,d9a5caf4276f19f6b22c6ccaf4778361,VALID
782,W00142.mp4,C:\Users\Admin\Python Advanced\Deep Learning - CV\Project\data\Dataset\Videos\W00142.mp4,0.649,hãng tàu thuyền,hãng tàu thuyền,Neutral / Unspecified,unknown,93,23.98,1280,720,b0545007e4a0c4001f441b1d759eade1,VALID
783,W00144.mp4,C:\Users\Admin\Python Advanced\Deep Learning - CV\Project\data\Dataset\Videos\W00144.mp4,3.028,bánh xe,bánh xe,Neutral / Unspecified,unknown,486,29.97,1280,720,217307ba851eda84bb11f634a426be26,VALID
784,W00145B.mp4,C:\Users\Admin\Python Advanced\Deep Learning - CV\Project\data\Dataset\Videos\W00145B.mp4,0.622,bao giờ?,bao giờ?,B (Miền Bắc / North),unknown,117,29.97,1280,720,6039522ed197ba07b8d084512e87d1ee,VALID
785,W00145N.mp4,C:\Users\Admin\Python Advanced\Deep Learning - CV\Project\data\Dataset\Videos\W00145N.mp4,0.828,bao giờ?,bao giờ?,N (Miền Nam / South),unknown,148,29.97,1280,720,768a9f0aabea87a03e02fe1d36a4c47f,VALID
786,W00145T.mp4,C:\Users\Admin\Python Advanced\Deep Learning - CV\Project\data\Dataset\Videos\W00145T.mp4,0.621,bao giờ?,bao giờ?,T (Miền Trung / Central),unknown,117,29.97,1280,720,b4c124bd93cc00a7482d9412c94f3e36,VALID
787,W00146.mp4,C:\Users\Admin\Python Advanced\Deep Learning - CV\Project\data\Dataset\Videos\W00146.mp4,1.155,bao la,bao la,Neutral / Unspecified,unknown,197,29.97,1280,720,b458357bd2d2a389bd9c80afa4b54a03,VALID
788,W00147.mp4,C:\Users\Admin\Python Advanced\Deep Learning - CV\Project\data\Dataset\Videos\W00147.mp4,0.66,bao nhiêu?,bao nhiêu?,Neutral / Unspecified,unknown,134,29.97,1280,720,8ce846a3ef636e99486582e320fb1b30,VALID
789,W00155.mp4,C:\Users\Admin\Python Advanced\Deep Learning - CV\Project\data\Dataset\Videos\W00155.mp4,0.485,lưu,lưu,Neutral / Unspecified,unknown,72,23.98,1280,720,c7886cbc32609a65a360e5d639d31e1b,VALID
790,W00156.mp4,C:\Users\Admin\Python Advanced\Deep Learning - CV\Project\data\Dataset\Videos\W00156.mp4,0.803,bảo tàng,bảo tàng,Neutral / Unspecified,unknown,159,29.97,1280,720,53dc3d16ffb78eab7f229040a77ee280,VALID
791,W00157.mp4,C:\Users\Admin\Python Advanced\Deep Learning - CV\Project\data\Dataset\Videos\W00157.mp4,0.675,bảo thủ,bảo thủ,Neutral / Unspecified,unknown,162,29.97,1280,720,890282ca3843f665fd2935fe2ea51d49,VALID
792,W00158.mp4,C:\Users\Admin\Python Advanced\Deep Learning - CV\Project\data\Dataset\Videos\W00158.mp4,0.689,tồn tại,tồn tại,Neutral / Unspecified,unknown,91,23.98,1280,720,4dad58a6f6529aae8e9b0941117ed502,VALID
793,W00159B.mp4,C:\Users\Admin\Python Advanced\Deep Learning - CV\Project\data\Dataset\Videos\W00159B.mp4,0.829,bảo vệ môi trường,bảo vệ môi trường,B (Miền Bắc / North),unknown,153,29.97,1280,720,bc4a4b817cd6d2a9003b4243d9ab1b52,VALID
794,W00159N.mp4,C:\Users\Admin\Python Advanced\Deep Learning - CV\Project\data\Dataset\Videos\W00159N.mp4,0.978,bảo vệ môi trường,bảo vệ môi trường,N (Miền Nam / South),unknown,165,29.97,1280,720,59daba1e41d7055671ff493793d63017,VALID
795,W00159T.mp4,C:\Users\Admin\Python Advanced\Deep Learning - CV\Project\data\Dataset\Videos\W00159T.mp4,0.979,bảo vệ môi trường,bảo vệ môi trường,T (Miền Trung / Central),unknown,165,29.97,1280,720,fa44ab3b398ec67c1a95f21f43a54b8f,VALID
796,W00160B.mp4,C:\Users\Admin\Python Advanced\Deep Learning - CV\Project\data\Dataset\Videos\W00160B.mp4,0.745,báo (con báo),báo (con báo),B (Miền Bắc / North),unknown,118,29.97,1280,720,7e64459694b51a8bda79da07074acd47,VALID
797,W00161.mp4,C:\Users\Admin\Python Advanced\Deep Learning - CV\Project\data\Dataset\Videos\W00161.mp4,0.468,báo cáo,báo cáo,Neutral / Unspecified,unknown,117,29.97,1280,720,f4448425ae75ba9cbb854b6a24b2684c,VALID
798,W00163.mp4,C:\Users\Admin\Python Advanced\Deep Learning - CV\Project\data\Dataset\Videos\W00163.mp4,0.596,báo động,báo động,Neutral / Unspecified,unknown,127,29.97,1280,720,7ae40d9da91c8462b34ab4d26b663c80,VALID
799,W00170.mp4,C:\Users\Admin\Python Advanced\Deep Learning - CV\Project\data\Dataset\Videos\W00170.mp4,0.591,bát,bát,Neutral / Unspecified,unknown,150,29.97,1280,720,37a7770ea96bc4a081d7d44f206041ff,VALID
800,W00171.mp4,C:\Users\Admin\Python Advanced\Deep Learning - CV\Project\data\Dataset\Videos\W00171.mp4,0.785,bát hương,bát hương,Neutral / Unspecified,unknown,127,23.98,1280,720,156d99f3ba0b6b77079132cdfb096ca5,VALID
801,W00172.mp4,C:\Users\Admin\Python Advanced\Deep Learning - CV\Project\data\Dataset\Videos\W00172.mp4,0.883,bát ngát,bát ngát,Neutral / Unspecified,unknown,150,29.97,1280,720,f1b268b19eeb61cfa957f4ad4b58f83b,VALID
802,W00173.mp4,C:\Users\Admin\Python Advanced\Deep Learning - CV\Project\data\Dataset\Videos\W00173.mp4,0.6,làng gốm Bát Tràng,làng gốm bát tràng,Neutral / Unspecified,unknown,131,29.97,1280,720,a1f66ff5c70d8a47417542358c12e931,VALID
803,W00174.mp4,C:\Users\Admin\Python Advanced\Deep Learning - CV\Project\data\Dataset\Videos\W00174.mp4,0.822,bay,bay,Neutral / Unspecified,unknown,136,29.97,1280,720,99b111acd8519f582080e423420befe9,VALID
804,W00175.mp4,C:\Users\Admin\Python Advanced\Deep Learning - CV\Project\data\Dataset\Videos\W00175.mp4,0.497,xì hơi (đánh rắm),xì hơi (đánh rắm),Neutral / Unspecified,unknown,99,29.97,1280,720,d3d5c17e0ef03dae0d13be925429c37b,VALID
805,W00175N.mp4,C:\Users\Admin\Python Advanced\Deep Learning - CV\Project\data\Dataset\Videos\W00175N.mp4,0.416,xì hơi (đánh rắm),xì hơi (đánh rắm),N (Miền Nam / South),unknown,57,23.98,1280,720,251e374564730fde473266d0d8104dd1,VALID
806,W00179.mp4,C:\Users\Admin\Python Advanced\Deep Learning - CV\Project\data\Dataset\Videos\W00179.mp4,0.581,bắc bán cầu,bắc bán cầu,Neutral / Unspecified,unknown,104,23.98,1280,720,a1ca1fc46d64f76662b451f2a8f95ffc,VALID
807,W00176.mp4,C:\Users\Admin\Python Advanced\Deep Learning - CV\Project\data\Dataset\Videos\W00176.mp4,1.245,bay liệng (bay lượn),bay liệng (bay lượn),Neutral / Unspecified,unknown,151,29.97,1280,720,034b6f6cb76a7b74c8ed306123c0a5eb,VALID
808,W00181.mp4,C:\Users\Admin\Python Advanced\Deep Learning - CV\Project\data\Dataset\Videos\W00181.mp4,0.642,Bắc bộ,bắc bộ,Neutral / Unspecified,unknown,131,29.97,1280,720,2b5b1d9b779df63377bf4e1838341140,VALID
809,W00182.mp4,C:\Users\Admin\Python Advanced\Deep Learning - CV\Project\data\Dataset\Videos\W00182.mp4,0.821,Bắc Giang,bắc giang,Neutral / Unspecified,unknown,108,23.98,1280,720,5acdd9c90f80657b7ba76c48b5ef38cb,VALID
810,W00184N.mp4,C:\Users\Admin\Python Advanced\Deep Learning - CV\Project\data\Dataset\Videos\W00184N.mp4,0.804,bắc nam,bắc nam,N (Miền Nam / South),unknown,167,29.97,1280,720,b66b1fb3eca10e579bcdea79a3b35a00,VALID
811,W00184T.mp4,C:\Users\Admin\Python Advanced\Deep Learning - CV\Project\data\Dataset\Videos\W00184T.mp4,0.806,bắc nam,bắc nam,T (Miền Trung / Central),unknown,167,29.97,1280,720,7594ed2a7ade30456b7e576750ba2609,VALID
812,W00186B.mp4,C:\Users\Admin\Python Advanced\Deep Learning - CV\Project\data\Dataset\Videos\W00186B.mp4,0.697,bắn bi,bắn bi,B (Miền Bắc / North),unknown,140,29.97,1280,720,9f294b90f67cec99dfd0e8e9f79daa41,VALID
813,W00186N.mp4,C:\Users\Admin\Python Advanced\Deep Learning - CV\Project\data\Dataset\Videos\W00186N.mp4,0.772,bắn bi,bắn bi,N (Miền Nam / South),unknown,128,29.97,1280,720,d12ae7bfcdc1c05709e845a0173ca6d2,VALID
814,W00186T.mp4,C:\Users\Admin\Python Advanced\Deep Learning - CV\Project\data\Dataset\Videos\W00186T.mp4,0.773,bắn bi,bắn bi,T (Miền Trung / Central),unknown,128,29.97,1280,720,2dfdc2ea5f16d17323657097808fa3a1,VALID
815,W00187.mp4,C:\Users\Admin\Python Advanced\Deep Learning - CV\Project\data\Dataset\Videos\W00187.mp4,3.323,bắn súng,bắn súng,Neutral / Unspecified,unknown,515,29.97,1280,720,26d1041b04c28ecd2b2f2bad2fb7f9d8,VALID
816,W00188.mp4,C:\Users\Admin\Python Advanced\Deep Learning - CV\Project\data\Dataset\Videos\W00188.mp4,0.738,băng bó,băng bó,Neutral / Unspecified,unknown,138,29.97,1280,720,126e0d462ccdd8711f3817cb1a290e21,VALID
817,W00189.mp4,C:\Users\Admin\Python Advanced\Deep Learning - CV\Project\data\Dataset\Videos\W00189.mp4,1.014,băng chuyền,băng chuyền,Neutral / Unspecified,unknown,173,29.97,1280,720,8dc6aaab1d8591f84d0e48897d6fa6c0,VALID
818,W00190.mp4,C:\Users\Admin\Python Advanced\Deep Learning - CV\Project\data\Dataset\Videos\W00190.mp4,0.605,băng dính,băng dính,Neutral / Unspecified,unknown,142,29.97,1280,720,485771f7af6ffcd551006f2510fc2df9,VALID
819,W00191.mp4,C:\Users\Admin\Python Advanced\Deep Learning - CV\Project\data\Dataset\Videos\W00191.mp4,0.682,băng giá,băng giá,Neutral / Unspecified,unknown,152,29.97,1280,720,e4cfd47ba519122ddf758a5369f8b8fc,VALID
820,W00194.mp4,C:\Users\Admin\Python Advanced\Deep Learning - CV\Project\data\Dataset\Videos\W00194.mp4,0.649,bằng,bằng,Neutral / Unspecified,unknown,142,29.97,1280,720,5eaefb40e7ff249ef31c6e08b32c50a3,VALID
821,W00195.mp4,C:\Users\Admin\Python Advanced\Deep Learning - CV\Project\data\Dataset\Videos\W00195.mp4,0.784,bằng phẳng,bằng phẳng,Neutral / Unspecified,unknown,148,29.97,1280,720,6a060580f77d58c35b28a9b2cf1da7f2,VALID
822,W00196N.mp4,C:\Users\Admin\Python Advanced\Deep Learning - CV\Project\data\Dataset\Videos\W00196N.mp4,0.443,bắp ngô,bắp ngô,N (Miền Nam / South),unknown,101,29.97,1280,720,7ece0509e3effc3064ad188d18281cda,VALID
823,W00196T.mp4,C:\Users\Admin\Python Advanced\Deep Learning - CV\Project\data\Dataset\Videos\W00196T.mp4,0.443,bắp ngô,bắp ngô,T (Miền Trung / Central),unknown,101,29.97,1280,720,8e7050c90d8f012afefb2acbf31b7c30,VALID
824,W00198.mp4,C:\Users\Admin\Python Advanced\Deep Learning - CV\Project\data\Dataset\Videos\W00198.mp4,0.579,bắt đền,bắt đền,Neutral / Unspecified,unknown,131,29.97,1280,720,e2854ae2f01e6eeac19ebeb23d10c9b7,VALID
825,W00198B.mp4,C:\Users\Admin\Python Advanced\Deep Learning - CV\Project\data\Dataset\Videos\W00198B.mp4,0.843,bắt đền,bắt đền,B (Miền Bắc / North),unknown,149,29.97,1280,720,07ada48b3db2ff0825a3f566f114642c,VALID
826,W00198N.mp4,C:\Users\Admin\Python Advanced\Deep Learning - CV\Project\data\Dataset\Videos\W00198N.mp4,0.566,bắt đền,bắt đền,N (Miền Nam / South),unknown,112,29.97,1280,720,4bfb14877b12cac39afa25a185b87b63,VALID
827,W00199.mp4,C:\Users\Admin\Python Advanced\Deep Learning - CV\Project\data\Dataset\Videos\W00199.mp4,1.001,bắt giữ,bắt giữ,Neutral / Unspecified,unknown,164,29.97,1280,720,2779353bf99a25d11f9227be1585bb67,VALID
828,W00202.mp4,C:\Users\Admin\Python Advanced\Deep Learning - CV\Project\data\Dataset\Videos\W00202.mp4,1.495,bắt tay,bắt tay,Neutral / Unspecified,unknown,252,29.97,1280,720,9cac896970dc06a6025105cf235fc93e,VALID
829,W00203.mp4,C:\Users\Admin\Python Advanced\Deep Learning - CV\Project\data\Dataset\Videos\W00203.mp4,1.506,bậc thang,bậc thang,Neutral / Unspecified,unknown,261,29.97,1280,720,eada8e58963dc3bb1976c2563c4db5d0,VALID
830,W00205.mp4,C:\Users\Admin\Python Advanced\Deep Learning - CV\Project\data\Dataset\Videos\W00205.mp4,0.893,bập bênh,bập bênh,Neutral / Unspecified,unknown,157,29.97,1280,720,889c18be216e624ff792a16a91ff7415,VALID
831,W00206.mp4,C:\Users\Admin\Python Advanced\Deep Learning - CV\Project\data\Dataset\Videos\W00206.mp4,0.517,bất động,bất động,Neutral / Unspecified,unknown,129,29.97,1280,720,601bdd154a5ab5f6322be2b93d9b4b4a,VALID
832,W00207.mp4,C:\Users\Admin\Python Advanced\Deep Learning - CV\Project\data\Dataset\Videos\W00207.mp4,0.65,bất hiếu,bất hiếu,Neutral / Unspecified,unknown,123,29.97,1280,720,767324ec0d96da00360f9178f02c99ca,VALID
833,W00209.mp4,C:\Users\Admin\Python Advanced\Deep Learning - CV\Project\data\Dataset\Videos\W00209.mp4,0.746,bật đèn,bật đèn,Neutral / Unspecified,unknown,151,29.97,1280,720,72f15faef117b1d3926f396fb49a6f75,VALID
834,W00210.mp4,C:\Users\Admin\Python Advanced\Deep Learning - CV\Project\data\Dataset\Videos\W00210.mp4,0.699,bật lửa,bật lửa,Neutral / Unspecified,unknown,167,29.97,1280,720,102e025a6106a4c9ab63395ce5111c07,VALID
835,W00212.mp4,C:\Users\Admin\Python Advanced\Deep Learning - CV\Project\data\Dataset\Videos\W00212.mp4,0.967,bầu trời,bầu trời,Neutral / Unspecified,unknown,156,29.97,1280,720,37899d4fcd53f1af1691cab1fded7182,VALID
836,W00214B.mp4,C:\Users\Admin\Python Advanced\Deep Learning - CV\Project\data\Dataset\Videos\W00214B.mp4,0.359,bẫy chuột (hành động),bẫy chuột (hành động),B (Miền Bắc / North),unknown,78,29.97,1280,720,0cd3ba4660106c0e2d16b99f72d5f77f,VALID
837,W00214T.mp4,C:\Users\Admin\Python Advanced\Deep Learning - CV\Project\data\Dataset\Videos\W00214T.mp4,0.607,bẫy chuột (hành động),bẫy chuột (hành động),T (Miền Trung / Central),unknown,130,29.97,1280,720,f2e0db2df74a6c7cf13c55e295e77809,VALID
838,W00215.mp4,C:\Users\Admin\Python Advanced\Deep Learning - CV\Project\data\Dataset\Videos\W00215.mp4,0.744,bẫy chuột (dụng cụ),bẫy chuột (dụng cụ),Neutral / Unspecified,unknown,145,29.97,1280,720,f8fc3ea6a5e14bf5a54ddd72499e6ca7,VALID
839,W00216B.mp4,C:\Users\Admin\Python Advanced\Deep Learning - CV\Project\data\Dataset\Videos\W00216B.mp4,0.754,bẻ ngô,bẻ ngô,B (Miền Bắc / North),unknown,132,29.97,1280,720,db7ac094b37eeccdcfb93b2b9544279c,VALID
840,W00216T.mp4,C:\Users\Admin\Python Advanced\Deep Learning - CV\Project\data\Dataset\Videos\W00216T.mp4,0.711,bẻ ngô,bẻ ngô,T (Miền Trung / Central),unknown,125,29.97,1280,720,4a685e2681dd64da58914c9cff4b58c0,VALID
841,W00217.mp4,C:\Users\Admin\Python Advanced\Deep Learning - CV\Project\data\Dataset\Videos\W00217.mp4,0.79,bé gái,bé gái,Neutral / Unspecified,unknown,153,29.97,1280,720,35adad0ee0544b0531b67b20023bef5f,VALID
842,W00218.mp4,C:\Users\Admin\Python Advanced\Deep Learning - CV\Project\data\Dataset\Videos\W00218.mp4,0.559,bé hơn,bé hơn,Neutral / Unspecified,unknown,133,29.97,1280,720,55081f019bbde4369b3894e28d5edb94,VALID
843,W00219.mp4,C:\Users\Admin\Python Advanced\Deep Learning - CV\Project\data\Dataset\Videos\W00219.mp4,0.489,bé loắt choắt,bé loắt choắt,Neutral / Unspecified,unknown,122,29.97,1280,720,adb5066644b7f442d480a195ec050226,VALID
844,W00220N.mp4,C:\Users\Admin\Python Advanced\Deep Learning - CV\Project\data\Dataset\Videos\W00220N.mp4,0.51,bé trai,bé trai,N (Miền Nam / South),unknown,117,29.97,1280,720,97a258a69f2f93b8c74f1c31cff7783e,VALID
845,W00220T.mp4,C:\Users\Admin\Python Advanced\Deep Learning - CV\Project\data\Dataset\Videos\W00220T.mp4,0.673,bé trai,bé trai,T (Miền Trung / Central),unknown,135,29.97,1280,720,d504992a439691bbeda37f74515736fb,VALID
846,W00225.mp4,C:\Users\Admin\Python Advanced\Deep Learning - CV\Project\data\Dataset\Videos\W00225.mp4,0.664,béo,béo,Neutral / Unspecified,unknown,142,29.97,1280,720,7b111e157b772683e5a98618c0d5aab7,VALID
847,W00228.mp4,C:\Users\Admin\Python Advanced\Deep Learning - CV\Project\data\Dataset\Videos\W00228.mp4,0.912,bê tông,bê tông,Neutral / Unspecified,unknown,162,29.97,1280,720,d29b58368c38cc4aa2a1a1bca4b3fda2,VALID
848,W00230.mp4,C:\Users\Admin\Python Advanced\Deep Learning - CV\Project\data\Dataset\Videos\W00230.mp4,0.607,bể bơi,bể bơi,Neutral / Unspecified,unknown,132,29.97,1280,720,2aaf2c9036611688d72a44b143b182f1,VALID
849,W00231.mp4,C:\Users\Admin\Python Advanced\Deep Learning - CV\Project\data\Dataset\Videos\W00231.mp4,1.611,bể cá,bể cá,Neutral / Unspecified,unknown,279,29.97,1280,720,88ceddcbc86afbd9f3bcee22002c2160,VALID
850,W00232.mp4,C:\Users\Admin\Python Advanced\Deep Learning - CV\Project\data\Dataset\Videos\W00232.mp4,0.831,bế em,bế em,Neutral / Unspecified,unknown,149,29.97,1280,720,f5419bae8cab78aadeb88a1352fac68a,VALID
851,W00234B.mp4,C:\Users\Admin\Python Advanced\Deep Learning - CV\Project\data\Dataset\Videos\W00234B.mp4,0.694,bệ hạ,bệ hạ,B (Miền Bắc / North),unknown,149,29.97,1280,720,8b6f504a5810694f5157d3035613f743,VALID
852,W00234T.mp4,C:\Users\Admin\Python Advanced\Deep Learning - CV\Project\data\Dataset\Videos\W00234T.mp4,0.689,bệ hạ,bệ hạ,T (Miền Trung / Central),unknown,149,29.97,1280,720,35846af6224e45cc8ecce96f7f1aaefa,VALID
853,W00235.mp4,C:\Users\Admin\Python Advanced\Deep Learning - CV\Project\data\Dataset\Videos\W00235.mp4,0.744,bệ xí,bệ xí,Neutral / Unspecified,unknown,166,29.97,1280,720,1bc3cf2790c3a5d8c71b884c5a22a195,VALID
854,W00236.mp4,C:\Users\Admin\Python Advanced\Deep Learning - CV\Project\data\Dataset\Videos\W00236.mp4,0.834,bên cạnh,bên cạnh,Neutral / Unspecified,unknown,170,29.97,1280,720,afeb8c1849aa27386cf23923797b8e89,VALID
855,W00236N.mp4,C:\Users\Admin\Python Advanced\Deep Learning - CV\Project\data\Dataset\Videos\W00236N.mp4,0.734,bên cạnh,bên cạnh,N (Miền Nam / South),unknown,162,29.97,1280,720,f993cf11d6648e4d3becad8738e09252,VALID
856,W00237.mp4,C:\Users\Admin\Python Advanced\Deep Learning - CV\Project\data\Dataset\Videos\W00237.mp4,0.681,bên dưới,bên dưới,Neutral / Unspecified,unknown,151,29.97,1280,720,5c237804301b442af64468c837bfc95e,VALID
857,W00238.mp4,C:\Users\Admin\Python Advanced\Deep Learning - CV\Project\data\Dataset\Videos\W00238.mp4,0.534,bên phải,bên phải,Neutral / Unspecified,unknown,137,29.97,1280,720,be58eb81dae0a782e0143d400cef396c,VALID
858,W00239.mp4,C:\Users\Admin\Python Advanced\Deep Learning - CV\Project\data\Dataset\Videos\W00239.mp4,0.618,bên trái,bên trái,Neutral / Unspecified,unknown,167,29.97,1280,720,ede59c4d5aac6c2c68b7cdfeb85bad03,VALID
859,W00240.mp4,C:\Users\Admin\Python Advanced\Deep Learning - CV\Project\data\Dataset\Videos\W00240.mp4,0.768,bên trên,bên trên,Neutral / Unspecified,unknown,167,29.97,1280,720,4ea5810faafe8427e056ec28156488d1,VALID
860,W00241.mp4,C:\Users\Admin\Python Advanced\Deep Learning - CV\Project\data\Dataset\Videos\W00241.mp4,0.784,bên trong,bên trong,Neutral / Unspecified,unknown,167,29.97,1280,720,31b47b1b90c279c8d9b74651435f3db3,VALID
861,W00243.mp4,C:\Users\Admin\Python Advanced\Deep Learning - CV\Project\data\Dataset\Videos\W00243.mp4,0.781,bến tàu,bến tàu,Neutral / Unspecified,unknown,163,29.97,1280,720,596ac7300448a0ea4d7de66b624de41d,VALID
862,W00245.mp4,C:\Users\Admin\Python Advanced\Deep Learning - CV\Project\data\Dataset\Videos\W00245.mp4,0.757,bến xe,bến xe,Neutral / Unspecified,unknown,162,29.97,1280,720,0541b1c042b56338d5bec899e1fb9401,VALID
863,W00246.mp4,C:\Users\Admin\Python Advanced\Deep Learning - CV\Project\data\Dataset\Videos\W00246.mp4,0.829,bênh vực,bênh vực,Neutral / Unspecified,unknown,139,29.97,1280,720,ab4e94e517b636c493cae85a258dafac,VALID
864,W00247.mp4,C:\Users\Admin\Python Advanced\Deep Learning - CV\Project\data\Dataset\Videos\W00247.mp4,0.623,bệnh thủy đậu,bệnh thủy đậu,Neutral / Unspecified,unknown,128,29.97,1280,720,0dfceecbd0328e68c072ee19dc1fc9ae,VALID
865,W00248.mp4,C:\Users\Admin\Python Advanced\Deep Learning - CV\Project\data\Dataset\Videos\W00248.mp4,1.709,bệnh nhân,bệnh nhân,Neutral / Unspecified,unknown,310,29.97,1280,720,54b08b0c94c472e4aa263aa6394cbc84,VALID
866,W00249.mp4,C:\Users\Admin\Python Advanced\Deep Learning - CV\Project\data\Dataset\Videos\W00249.mp4,0.664,bệnh tật,bệnh tật,Neutral / Unspecified,unknown,120,29.97,1280,720,1b709dbda73bcd8a45474010ee4556b3,VALID
867,W00252.mp4,C:\Users\Admin\Python Advanced\Deep Learning - CV\Project\data\Dataset\Videos\W00252.mp4,0.553,bí ngô,bí ngô,Neutral / Unspecified,unknown,131,29.97,1280,720,2d0b4baca8c208f567ab589a02de4711,VALID
868,W00254.mp4,C:\Users\Admin\Python Advanced\Deep Learning - CV\Project\data\Dataset\Videos\W00254.mp4,0.763,bìa sách,bìa sách,Neutral / Unspecified,unknown,161,29.97,1280,720,42e3000b07bb380d67f2dfc7933b0a86,VALID
869,W00255B.mp4,C:\Users\Admin\Python Advanced\Deep Learning - CV\Project\data\Dataset\Videos\W00255B.mp4,0.633,bìa vở,bìa vở,B (Miền Bắc / North),unknown,137,29.97,1280,720,1496f96e1648ecdd5f68770e28fd030e,VALID
870,W00255T.mp4,C:\Users\Admin\Python Advanced\Deep Learning - CV\Project\data\Dataset\Videos\W00255T.mp4,1.063,bìa vở,bìa vở,T (Miền Trung / Central),unknown,193,29.97,1280,720,edd0c1beefc8f8adf4ac97229f9f4c2a,VALID
871,W00256.mp4,C:\Users\Admin\Python Advanced\Deep Learning - CV\Project\data\Dataset\Videos\W00256.mp4,1.028,bịa đặt,bịa đặt,Neutral / Unspecified,unknown,160,29.97,1280,720,633a5dfd33ef83ddf0fafb2d443f3c75,VALID
872,W00258.mp4,C:\Users\Admin\Python Advanced\Deep Learning - CV\Project\data\Dataset\Videos\W00258.mp4,0.604,hóa đơn,hóa đơn,Neutral / Unspecified,unknown,142,29.97,1280,720,9a606c0b5945f963c2dc06c47229a7fb,VALID
873,W00260.mp4,C:\Users\Admin\Python Advanced\Deep Learning - CV\Project\data\Dataset\Videos\W00260.mp4,0.68,biển đông,biển đông,Neutral / Unspecified,unknown,125,29.97,1280,720,e5b0f0fab24f418b2a8d36c3dc162467,VALID
874,W00261.mp4,C:\Users\Admin\Python Advanced\Deep Learning - CV\Project\data\Dataset\Videos\W00261.mp4,0.75,biển hiệu,biển hiệu,Neutral / Unspecified,unknown,153,29.97,1280,720,71ff49fb0e87b9a380ae956356f0859c,VALID
875,W00263.mp4,C:\Users\Admin\Python Advanced\Deep Learning - CV\Project\data\Dataset\Videos\W00263.mp4,0.679,biện pháp,biện pháp,Neutral / Unspecified,unknown,162,29.97,1280,720,e1d6369762489b953e807f8db645d942,VALID
876,W00265.mp4,C:\Users\Admin\Python Advanced\Deep Learning - CV\Project\data\Dataset\Videos\W00265.mp4,0.758,biểu đồ,biểu đồ,Neutral / Unspecified,unknown,162,29.97,1280,720,1b6099133ff6c026b55b098925c6499c,VALID
877,W00262N.mp4,C:\Users\Admin\Python Advanced\Deep Learning - CV\Project\data\Dataset\Videos\W00262N.mp4,0.792,biến đổi,biến đổi,N (Miền Nam / South),unknown,155,29.97,1280,720,71822d046b0dd368180f51380f2f9b0e,VALID
878,W00267.mp4,C:\Users\Admin\Python Advanced\Deep Learning - CV\Project\data\Dataset\Videos\W00267.mp4,0.509,biểu đồ hình quạt,biểu đồ hình quạt,Neutral / Unspecified,unknown,141,29.97,1280,720,6aa8c86bdfdc97750208978be8f03a82,VALID
879,W00270.mp4,C:\Users\Admin\Python Advanced\Deep Learning - CV\Project\data\Dataset\Videos\W00270.mp4,0.633,biểu thị,biểu thị,Neutral / Unspecified,unknown,141,29.97,1280,720,1032a22ca214855a6e0d44fc2d021724,VALID
880,W00274B.mp4,C:\Users\Admin\Python Advanced\Deep Learning - CV\Project\data\Dataset\Videos\W00274B.mp4,0.862,bình an,bình an,B (Miền Bắc / North),unknown,156,29.97,1280,720,e47a2d14f65b27cfc33a01cf81e035a2,VALID
881,W00274N.mp4,C:\Users\Admin\Python Advanced\Deep Learning - CV\Project\data\Dataset\Videos\W00274N.mp4,0.713,bình an,bình an,N (Miền Nam / South),unknown,141,29.97,1280,720,51a97f5f6d1afb9865584196473724d0,VALID
882,W00274T.mp4,C:\Users\Admin\Python Advanced\Deep Learning - CV\Project\data\Dataset\Videos\W00274T.mp4,0.862,bình an,bình an,T (Miền Trung / Central),unknown,156,29.97,1280,720,9ee58ff1af46f58505371f74dc6a0838,VALID
883,W00276.mp4,C:\Users\Admin\Python Advanced\Deep Learning - CV\Project\data\Dataset\Videos\W00276.mp4,0.916,Bình Dương,bình dương,Neutral / Unspecified,unknown,166,29.97,1280,720,e767d3fe92effbfbc66a69650c80ebf4,VALID
884,W00277.mp4,C:\Users\Admin\Python Advanced\Deep Learning - CV\Project\data\Dataset\Videos\W00277.mp4,0.665,Bình Định,bình định,Neutral / Unspecified,unknown,154,29.97,1280,720,24640cd9603efae8a75908994d66ac6c,VALID
885,W00279.mp4,C:\Users\Admin\Python Advanced\Deep Learning - CV\Project\data\Dataset\Videos\W00279.mp4,0.727,bình minh,bình minh,Neutral / Unspecified,unknown,159,29.97,1280,720,e198a23a28b911cff94c858405c20984,VALID
886,W00282.mp4,C:\Users\Admin\Python Advanced\Deep Learning - CV\Project\data\Dataset\Videos\W00282.mp4,0.633,bình phương,bình phương,Neutral / Unspecified,unknown,137,29.97,1280,720,bbb4f6ba209e64255e0194aa6aa72c53,VALID
887,W00285.mp4,C:\Users\Admin\Python Advanced\Deep Learning - CV\Project\data\Dataset\Videos\W00285.mp4,0.828,Bình Thuận,bình thuận,Neutral / Unspecified,unknown,148,29.97,1280,720,5664174fd65225df6675fa2f535987af,VALID
888,W00286B.mp4,C:\Users\Admin\Python Advanced\Deep Learning - CV\Project\data\Dataset\Videos\W00286B.mp4,0.456,bình thường,bình thường,B (Miền Bắc / North),unknown,106,29.97,1280,720,4f31396d8ce935b0cdf1267efa648465,VALID
889,W00286T.mp4,C:\Users\Admin\Python Advanced\Deep Learning - CV\Project\data\Dataset\Videos\W00286T.mp4,0.466,bình thường,bình thường,T (Miền Trung / Central),unknown,118,29.97,1280,720,e6cf138bbc9ee6ebe03460fc4da335f0,VALID
890,W00288.mp4,C:\Users\Admin\Python Advanced\Deep Learning - CV\Project\data\Dataset\Videos\W00288.mp4,0.663,bò,bò,Neutral / Unspecified,unknown,129,29.97,1280,720,bb598eb1de1020daa6c51423ea674a97,VALID
891,W00289.mp4,C:\Users\Admin\Python Advanced\Deep Learning - CV\Project\data\Dataset\Videos\W00289.mp4,0.806,bò sát,bò sát,Neutral / Unspecified,unknown,161,29.97,1280,720,a00e0b48365e1687b3881d0d886a1fd8,VALID
892,W00292.mp4,C:\Users\Admin\Python Advanced\Deep Learning - CV\Project\data\Dataset\Videos\W00292.mp4,1.686,bỏ hoang,bỏ hoang,Neutral / Unspecified,unknown,277,29.97,1280,720,7a1a50fa650def99fb05ee6f7e62b459,VALID
893,W00293.mp4,C:\Users\Admin\Python Advanced\Deep Learning - CV\Project\data\Dataset\Videos\W00293.mp4,0.704,bỏ phiếu,bỏ phiếu,Neutral / Unspecified,unknown,150,29.97,1280,720,b4230860aa58ebd6906183766712eecf,VALID
894,W00294.mp4,C:\Users\Admin\Python Advanced\Deep Learning - CV\Project\data\Dataset\Videos\W00294.mp4,0.664,bỏ qua,bỏ qua,Neutral / Unspecified,unknown,144,29.97,1280,720,b8a8d2f7d3a25479bf4d23f7b2671af1,VALID
895,W00295.mp4,C:\Users\Admin\Python Advanced\Deep Learning - CV\Project\data\Dataset\Videos\W00295.mp4,1.135,bỏ rơi,bỏ rơi,Neutral / Unspecified,unknown,178,29.97,1280,720,a1cf77e8575f9bd63e4dfe88ff161dda,VALID
896,W00297.mp4,C:\Users\Admin\Python Advanced\Deep Learning - CV\Project\data\Dataset\Videos\W00297.mp4,0.805,bó đũa,bó đũa,Neutral / Unspecified,unknown,154,29.97,1280,720,466629cd3dde4c9336e9e3c0af078176,VALID
897,W00298.mp4,C:\Users\Admin\Python Advanced\Deep Learning - CV\Project\data\Dataset\Videos\W00298.mp4,0.742,bó hoa,bó hoa,Neutral / Unspecified,unknown,145,29.97,1280,720,a09607c779851c06036e2e05077e8fa8,VALID
898,W00299.mp4,C:\Users\Admin\Python Advanced\Deep Learning - CV\Project\data\Dataset\Videos\W00299.mp4,0.775,bóc lột,bóc lột,Neutral / Unspecified,unknown,138,29.97,1280,720,e5ed2977e12214bba01cf4432af41acb,VALID
899,W00300.mp4,C:\Users\Admin\Python Advanced\Deep Learning - CV\Project\data\Dataset\Videos\W00300.mp4,0.826,bóc vỏ,bóc vỏ,Neutral / Unspecified,unknown,143,29.97,1280,720,55483eb33e6afb288fece2b66718623f,VALID
900,W00301.mp4,C:\Users\Admin\Python Advanced\Deep Learning - CV\Project\data\Dataset\Videos\W00301.mp4,0.879,bọc sách,bọc sách,Neutral / Unspecified,unknown,153,29.97,1280,720,9c1c9136389518ed62ef2b96b54f9b1d,VALID
901,W00302.mp4,C:\Users\Admin\Python Advanced\Deep Learning - CV\Project\data\Dataset\Videos\W00302.mp4,0.851,bom đạn,bom đạn,Neutral / Unspecified,unknown,152,29.97,1280,720,9476d7808de79aa7977007c6a8885841,VALID
902,W00303.mp4,C:\Users\Admin\Python Advanced\Deep Learning - CV\Project\data\Dataset\Videos\W00303.mp4,0.982,bom nguyên tử,bom nguyên tử,Neutral / Unspecified,unknown,158,29.97,1280,720,c91068b5bcae7ea15eee26bfbac0a420,VALID
903,W00304N.mp4,C:\Users\Admin\Python Advanced\Deep Learning - CV\Project\data\Dataset\Videos\W00304N.mp4,0.826,bón phân,bón phân,N (Miền Nam / South),unknown,144,29.97,1280,720,87f72008da4200724c04b302ab337630,VALID
904,W00304T.mp4,C:\Users\Admin\Python Advanced\Deep Learning - CV\Project\data\Dataset\Videos\W00304T.mp4,0.828,bón phân,bón phân,T (Miền Trung / Central),unknown,144,29.97,1280,720,55a477e834e50767f7b9cc2c10c5a106,VALID
905,W00305.mp4,C:\Users\Admin\Python Advanced\Deep Learning - CV\Project\data\Dataset\Videos\W00305.mp4,0.688,bỏng,bỏng,Neutral / Unspecified,unknown,125,29.97,1280,720,766e64060854899cb831442216957b12,VALID
906,W00306.mp4,C:\Users\Admin\Python Advanced\Deep Learning - CV\Project\data\Dataset\Videos\W00306.mp4,0.85,bỏng ngô,bỏng ngô,Neutral / Unspecified,unknown,150,29.97,1280,720,dee4ceec3f8cf7ffd22111baedc1d3dc,VALID
907,W00308.mp4,C:\Users\Admin\Python Advanced\Deep Learning - CV\Project\data\Dataset\Videos\W00308.mp4,0.734,bóng bay,bóng bay,Neutral / Unspecified,unknown,159,29.97,1280,720,dc58b96e4eed59af56f64a33c8373b26,VALID
908,W00314.mp4,C:\Users\Admin\Python Advanced\Deep Learning - CV\Project\data\Dataset\Videos\W00314.mp4,0.946,bọt xà phòng,bọt xà phòng,Neutral / Unspecified,unknown,152,29.97,1280,720,3459a821390f678a2e1722d13c04be68,VALID
909,W00315.mp4,C:\Users\Admin\Python Advanced\Deep Learning - CV\Project\data\Dataset\Videos\W00315.mp4,0.877,bồ kết,bồ kết,Neutral / Unspecified,unknown,145,29.97,1280,720,c3b138a7c72ffb0938f8175a0565ae93,VALID
910,W00316.mp4,C:\Users\Admin\Python Advanced\Deep Learning - CV\Project\data\Dataset\Videos\W00316.mp4,0.819,bổ ích,bổ ích,Neutral / Unspecified,unknown,156,29.97,1280,720,2a238c8dfa12d966cd740a7c1dccb918,VALID
911,W00317.mp4,C:\Users\Admin\Python Advanced\Deep Learning - CV\Project\data\Dataset\Videos\W00317.mp4,0.515,bổ ngữ,bổ ngữ,Neutral / Unspecified,unknown,112,29.97,1280,720,ecd5d1e5c03feea306810049b4902d1c,VALID
912,W00318.mp4,C:\Users\Admin\Python Advanced\Deep Learning - CV\Project\data\Dataset\Videos\W00318.mp4,0.704,bổ trợ,bổ trợ,Neutral / Unspecified,unknown,156,29.97,1280,720,ad95b5044a2cb5875cb167a4f15a324e,VALID
913,W00320.mp4,C:\Users\Admin\Python Advanced\Deep Learning - CV\Project\data\Dataset\Videos\W00320.mp4,0.892,bố trí,bố trí,Neutral / Unspecified,unknown,153,29.97,1280,720,1518be92144b5b3abbbf90f73f21bcc1,VALID
914,W00321.mp4,C:\Users\Admin\Python Advanced\Deep Learning - CV\Project\data\Dataset\Videos\W00321.mp4,0.473,bộ truyện,bộ truyện,Neutral / Unspecified,unknown,116,29.97,1280,720,d48a8f45605cf3484ba79f58937fdfb3,VALID
915,W00322.mp4,C:\Users\Admin\Python Advanced\Deep Learning - CV\Project\data\Dataset\Videos\W00322.mp4,0.783,bốc vác,bốc vác,Neutral / Unspecified,unknown,125,29.97,1280,720,6391784940790e148957c008a617c15d,VALID
916,W00325.mp4,C:\Users\Admin\Python Advanced\Deep Learning - CV\Project\data\Dataset\Videos\W00325.mp4,0.497,bố,bố,Neutral / Unspecified,unknown,97,23.98,1280,720,923580512d1c41631746673050dcf562,VALID
917,W00326B.mp4,C:\Users\Admin\Python Advanced\Deep Learning - CV\Project\data\Dataset\Videos\W00326B.mp4,0.442,bố dượng,bố dượng,B (Miền Bắc / North),unknown,112,29.97,1280,720,54b244013e3af4cf034187f24f6df907,VALID
918,W00326N.mp4,C:\Users\Admin\Python Advanced\Deep Learning - CV\Project\data\Dataset\Videos\W00326N.mp4,0.377,bố dượng,bố dượng,N (Miền Nam / South),unknown,71,29.97,1280,720,002caadf7174acbbcc101a9bf8b1b23d,VALID
919,W00326T.mp4,C:\Users\Admin\Python Advanced\Deep Learning - CV\Project\data\Dataset\Videos\W00326T.mp4,0.374,bố dượng,bố dượng,T (Miền Trung / Central),unknown,71,29.97,1280,720,311b61484dcc020a8ccf547f552ed34a,VALID
920,W00327.mp4,C:\Users\Admin\Python Advanced\Deep Learning - CV\Project\data\Dataset\Videos\W00327.mp4,0.561,bố mẹ,bố mẹ,Neutral / Unspecified,unknown,118,23.98,1280,720,f46570f296b8281d019635b3156b3eb7,VALID
921,W00328B.mp4,C:\Users\Admin\Python Advanced\Deep Learning - CV\Project\data\Dataset\Videos\W00328B.mp4,0.673,bộ đội,bộ đội,B (Miền Bắc / North),unknown,145,29.97,1280,720,9d404d1982cc7cae8bca99d4fd030885,VALID
922,W00328N.mp4,C:\Users\Admin\Python Advanced\Deep Learning - CV\Project\data\Dataset\Videos\W00328N.mp4,0.678,bộ đội,bộ đội,N (Miền Nam / South),unknown,135,29.97,1280,720,e939486775da2867c2b115841f3256b4,VALID
923,W00328T.mp4,C:\Users\Admin\Python Advanced\Deep Learning - CV\Project\data\Dataset\Videos\W00328T.mp4,0.566,bộ đội,bộ đội,T (Miền Trung / Central),unknown,115,29.97,1280,720,60f8b106c7bc00d7c4e8d2a85e2cc2da,VALID
924,W00329.mp4,C:\Users\Admin\Python Advanced\Deep Learning - CV\Project\data\Dataset\Videos\W00329.mp4,0.745,bộ sách,bộ sách,Neutral / Unspecified,unknown,125,23.98,1280,720,40e5bc76be1a888f319a737237f71d1e,VALID
925,W00330.mp4,C:\Users\Admin\Python Advanced\Deep Learning - CV\Project\data\Dataset\Videos\W00330.mp4,0.681,bốc hơi,bốc hơi,Neutral / Unspecified,unknown,114,23.98,1280,720,c671db4e23e7cff9ee3e11b4ee7fc57c,VALID
926,W00331.mp4,C:\Users\Admin\Python Advanced\Deep Learning - CV\Project\data\Dataset\Videos\W00331.mp4,0.716,bốc thăm,bốc thăm,Neutral / Unspecified,unknown,110,23.98,1280,720,91114f46ba7822ca377019e3cef19b97,VALID
927,W00332.mp4,C:\Users\Admin\Python Advanced\Deep Learning - CV\Project\data\Dataset\Videos\W00332.mp4,0.841,bồi bàn,bồi bàn,Neutral / Unspecified,unknown,125,23.98,1280,720,3fc48a2ea34d4e7b4cee9abd00cfd7d0,VALID
928,W00333.mp4,C:\Users\Admin\Python Advanced\Deep Learning - CV\Project\data\Dataset\Videos\W00333.mp4,0.732,bồi thường,bồi thường,Neutral / Unspecified,unknown,125,23.98,1280,720,a427f55b1ec9a2b11248c03297539aad,VALID
929,W00334.mp4,C:\Users\Admin\Python Advanced\Deep Learning - CV\Project\data\Dataset\Videos\W00334.mp4,0.619,bồn hoa,bồn hoa,Neutral / Unspecified,unknown,141,29.97,1280,720,b4b47aa4fbe111874a3ab4687e35a41b,VALID
930,W00335.mp4,C:\Users\Admin\Python Advanced\Deep Learning - CV\Project\data\Dataset\Videos\W00335.mp4,0.826,bồn rửa bát,bồn rửa bát,Neutral / Unspecified,unknown,130,23.98,1280,720,5409f0f84dad066ead2f46f6bbe11bf4,VALID
931,W00336B.mp4,C:\Users\Admin\Python Advanced\Deep Learning - CV\Project\data\Dataset\Videos\W00336B.mp4,0.648,bông hoa,bông hoa,B (Miền Bắc / North),unknown,152,29.97,1280,720,2acfe6325b7f2ea9f7d2de2e1a110bb8,VALID
932,W00336N.mp4,C:\Users\Admin\Python Advanced\Deep Learning - CV\Project\data\Dataset\Videos\W00336N.mp4,0.487,bông hoa,bông hoa,N (Miền Nam / South),unknown,114,29.97,1280,720,2a4ce930a6ea5a78c71553e83b3f3b01,VALID
933,W00336T.mp4,C:\Users\Admin\Python Advanced\Deep Learning - CV\Project\data\Dataset\Videos\W00336T.mp4,0.488,bông hoa,bông hoa,T (Miền Trung / Central),unknown,114,29.97,1280,720,b8e483c0455f3be50531f3ba6fea4cb7,VALID
934,W00337B.mp4,C:\Users\Admin\Python Advanced\Deep Learning - CV\Project\data\Dataset\Videos\W00337B.mp4,0.895,bốt cảnh sát,bốt cảnh sát,B (Miền Bắc / North),unknown,148,29.97,1280,720,3ad0b7e7fb4b322a331f526bf07e699e,VALID
935,W00337T.mp4,C:\Users\Admin\Python Advanced\Deep Learning - CV\Project\data\Dataset\Videos\W00337T.mp4,1.138,bốt cảnh sát,bốt cảnh sát,T (Miền Trung / Central),unknown,193,29.97,1280,720,7d826c19f062e5cb024a79cdd45d280e,VALID
936,W00338B.mp4,C:\Users\Admin\Python Advanced\Deep Learning - CV\Project\data\Dataset\Videos\W00338B.mp4,0.846,bốt điện,bốt điện,B (Miền Bắc / North),unknown,133,29.97,1280,720,c9a135dcf8f571e2d36c7abad355c340,VALID
937,W00338N.mp4,C:\Users\Admin\Python Advanced\Deep Learning - CV\Project\data\Dataset\Videos\W00338N.mp4,0.89,bốt điện,bốt điện,N (Miền Nam / South),unknown,159,29.97,1280,720,7ae7d9495a2180905c814085e5d80a05,VALID
938,W00338T.mp4,C:\Users\Admin\Python Advanced\Deep Learning - CV\Project\data\Dataset\Videos\W00338T.mp4,0.881,bốt điện,bốt điện,T (Miền Trung / Central),unknown,159,29.97,1280,720,adacb0bbb2ba8cd86e7bc28a76dd55d1,VALID
939,W00340.mp4,C:\Users\Admin\Python Advanced\Deep Learning - CV\Project\data\Dataset\Videos\W00340.mp4,0.637,bột giặt,bột giặt,Neutral / Unspecified,unknown,132,29.97,1280,720,dcc3f597550a1eed1886bcb1c2bbea3b,VALID
940,W00341B.mp4,C:\Users\Admin\Python Advanced\Deep Learning - CV\Project\data\Dataset\Videos\W00341B.mp4,0.662,bột màu,bột màu,B (Miền Bắc / North),unknown,123,29.97,1280,720,f39c19ebf38e5d79bf5e86cd7c838263,VALID
941,W00341N.mp4,C:\Users\Admin\Python Advanced\Deep Learning - CV\Project\data\Dataset\Videos\W00341N.mp4,0.652,bột màu,bột màu,N (Miền Nam / South),unknown,130,29.97,1280,720,b9a32057ca603cf4a264ee32a1c6000a,VALID
942,W00341T.mp4,C:\Users\Admin\Python Advanced\Deep Learning - CV\Project\data\Dataset\Videos\W00341T.mp4,0.676,bột màu,bột màu,T (Miền Trung / Central),unknown,130,29.97,1280,720,9c68df90cc13781726849bc04f39ac44,VALID
943,W00344.mp4,C:\Users\Admin\Python Advanced\Deep Learning - CV\Project\data\Dataset\Videos\W00344.mp4,0.845,bờ biển,bờ biển,Neutral / Unspecified,unknown,144,29.97,1280,720,5ff9408ebb46c1a7dde24f1a07a18510,VALID
944,W00345.mp4,C:\Users\Admin\Python Advanced\Deep Learning - CV\Project\data\Dataset\Videos\W00345.mp4,0.671,bờ rào,bờ rào,Neutral / Unspecified,unknown,123,29.97,1280,720,052f1fe1452d4b2d2d5a0742b108e7f3,VALID
945,W00347.mp4,C:\Users\Admin\Python Advanced\Deep Learning - CV\Project\data\Dataset\Videos\W00347.mp4,1.291,bơi,bơi,Neutral / Unspecified,unknown,197,23.98,1280,720,973f5a64ffd814429ac71886032cc047,VALID
946,W00348.mp4,C:\Users\Admin\Python Advanced\Deep Learning - CV\Project\data\Dataset\Videos\W00348.mp4,1.533,bơi lội,bơi lội,Neutral / Unspecified,unknown,185,23.98,1280,720,8695bd3507d2ce82811a8479b44f4dbb,VALID
947,W00349.mp4,C:\Users\Admin\Python Advanced\Deep Learning - CV\Project\data\Dataset\Videos\W00349.mp4,0.6,bơm (cái bơm),bơm (cái bơm),Neutral / Unspecified,unknown,128,29.97,1280,720,207bfa24e169dc08b3192cb00c35a170,VALID
948,W00350.mp4,C:\Users\Admin\Python Advanced\Deep Learning - CV\Project\data\Dataset\Videos\W00350.mp4,0.554,bơm nước,bơm nước,Neutral / Unspecified,unknown,119,29.97,1280,720,a5f5adf6db1d176a1f408fccee5979e9,VALID
949,W00351.mp4,C:\Users\Admin\Python Advanced\Deep Learning - CV\Project\data\Dataset\Videos\W00351.mp4,0.476,bơm xe,bơm xe,Neutral / Unspecified,unknown,114,29.97,1280,720,14b997325d4bd804359c151349c4e605,VALID
950,W00352.mp4,C:\Users\Admin\Python Advanced\Deep Learning - CV\Project\data\Dataset\Videos\W00352.mp4,0.667,bờm tóc,bờm tóc,Neutral / Unspecified,unknown,71,23.98,1280,720,6cff3aa65676a7dd0e11dedbf5ad0119,VALID
951,W00353.mp4,C:\Users\Admin\Python Advanced\Deep Learning - CV\Project\data\Dataset\Videos\W00353.mp4,0.665,bớt,bớt,Neutral / Unspecified,unknown,120,29.97,1280,720,3addfe1b83553b8b5fe93e002d15e133,VALID
952,W00354.mp4,C:\Users\Admin\Python Advanced\Deep Learning - CV\Project\data\Dataset\Videos\W00354.mp4,0.45,bớt đi,bớt đi,Neutral / Unspecified,unknown,101,29.97,1280,720,017dc91e1383ca5fe7fb66249f3dfb3b,VALID
953,W00355N.mp4,C:\Users\Admin\Python Advanced\Deep Learning - CV\Project\data\Dataset\Videos\W00355N.mp4,0.553,Bra-xin (nước Bra-xin),bra-xin (nước bra-xin),N (Miền Nam / South),unknown,129,29.97,1280,720,fedaebda6794c7756b5f581131d94da9,VALID
954,W00356B.mp4,C:\Users\Admin\Python Advanced\Deep Learning - CV\Project\data\Dataset\Videos\W00356B.mp4,0.615,Bru-nây (nước Bru-nây),bru-nây (nước bru-nây),B (Miền Bắc / North),unknown,129,29.97,1280,720,e33f492c2754f1d01aa05b2234fb978b,VALID
955,W00356N.mp4,C:\Users\Admin\Python Advanced\Deep Learning - CV\Project\data\Dataset\Videos\W00356N.mp4,1.425,Bru-nây (nước Bru-nây),bru-nây (nước bru-nây),N (Miền Nam / South),unknown,205,23.98,1280,720,446c147b35be87b133b3365573c0812e,VALID
956,W00356T.mp4,C:\Users\Admin\Python Advanced\Deep Learning - CV\Project\data\Dataset\Videos\W00356T.mp4,1.414,Bru-nây (nước Bru-nây),bru-nây (nước bru-nây),T (Miền Trung / Central),unknown,205,23.98,1280,720,93bc45461310c151bcba24b618dab74d,VALID
957,W00357N.mp4,C:\Users\Admin\Python Advanced\Deep Learning - CV\Project\data\Dataset\Videos\W00357N.mp4,0.617,cỏ,cỏ,N (Miền Nam / South),unknown,85,23.98,1280,720,c4f04c18ff5efdf38c85294c35073999,VALID
958,W00358.mp4,C:\Users\Admin\Python Advanced\Deep Learning - CV\Project\data\Dataset\Videos\W00358.mp4,0.948,bụi đời,bụi đời,Neutral / Unspecified,unknown,156,29.97,1280,720,5a3956d8703ad65282c6bf05eafff6d4,VALID
959,W00359B.mp4,C:\Users\Admin\Python Advanced\Deep Learning - CV\Project\data\Dataset\Videos\W00359B.mp4,0.52,bụi phấn,bụi phấn,B (Miền Bắc / North),unknown,119,29.97,1280,720,7ba3afa3e0b9dada52f7c5756cf79a05,VALID
960,W00359N.mp4,C:\Users\Admin\Python Advanced\Deep Learning - CV\Project\data\Dataset\Videos\W00359N.mp4,0.536,bụi phấn,bụi phấn,N (Miền Nam / South),unknown,121,29.97,1280,720,42ba866de1b853e17abc9a13154ddad7,VALID
961,W00359T.mp4,C:\Users\Admin\Python Advanced\Deep Learning - CV\Project\data\Dataset\Videos\W00359T.mp4,0.516,bụi phấn,bụi phấn,T (Miền Trung / Central),unknown,119,29.97,1280,720,646794c7d83e528f2261487007fe6455,VALID
962,W00360.mp4,C:\Users\Admin\Python Advanced\Deep Learning - CV\Project\data\Dataset\Videos\W00360.mp4,0.667,Bun-ga-ri (nước Bun-ga-ri),bun-ga-ri (nước bun-ga-ri),Neutral / Unspecified,unknown,144,29.97,1280,720,3b40aecb864e26e9b3af416b5033aa4b,VALID
963,W00361.mp4,C:\Users\Admin\Python Advanced\Deep Learning - CV\Project\data\Dataset\Videos\W00361.mp4,0.914,bùn,bùn,Neutral / Unspecified,unknown,160,29.97,1280,720,ac8c362b404f7a5fb0b8806a3cb6d197,VALID
964,W00362.mp4,C:\Users\Admin\Python Advanced\Deep Learning - CV\Project\data\Dataset\Videos\W00362.mp4,0.585,bụng,bụng,Neutral / Unspecified,unknown,135,29.97,1280,720,8380c72d60056a89d7742533e744caa4,VALID
965,W00363.mp4,C:\Users\Admin\Python Advanced\Deep Learning - CV\Project\data\Dataset\Videos\W00363.mp4,1.005,buộc dây,buộc dây,Neutral / Unspecified,unknown,162,29.97,1280,720,c96f11f2642994d8c32b056ad54c5af4,VALID
966,W00364.mp4,C:\Users\Admin\Python Advanced\Deep Learning - CV\Project\data\Dataset\Videos\W00364.mp4,1.36,buộc tóc,buộc tóc,Neutral / Unspecified,unknown,222,29.97,1280,720,52dfce971bbad539c3684cd623b6bcd5,VALID
967,W00366.mp4,C:\Users\Admin\Python Advanced\Deep Learning - CV\Project\data\Dataset\Videos\W00366.mp4,0.838,buổi chiều,buổi chiều,Neutral / Unspecified,unknown,139,29.97,1280,720,3b2687f831c313f20607f74d60280737,VALID
968,W00367B.mp4,C:\Users\Admin\Python Advanced\Deep Learning - CV\Project\data\Dataset\Videos\W00367B.mp4,0.602,buổi đêm,buổi đêm,B (Miền Bắc / North),unknown,116,29.97,1280,720,7728267238faf6f70e0576a8b3988bf5,VALID
969,W00367N.mp4,C:\Users\Admin\Python Advanced\Deep Learning - CV\Project\data\Dataset\Videos\W00367N.mp4,0.534,buổi đêm,buổi đêm,N (Miền Nam / South),unknown,86,29.97,1280,720,a895ae77c6e4c18daa600fcb4ae3540f,VALID
970,W00367T.mp4,C:\Users\Admin\Python Advanced\Deep Learning - CV\Project\data\Dataset\Videos\W00367T.mp4,0.534,buổi đêm,buổi đêm,T (Miền Trung / Central),unknown,86,29.97,1280,720,5160525cf13024860e96487626fab9c0,VALID
971,W00369B.mp4,C:\Users\Admin\Python Advanced\Deep Learning - CV\Project\data\Dataset\Videos\W00369B.mp4,0.591,buổi tối,buổi tối,B (Miền Bắc / North),unknown,121,29.97,1280,720,5cad5d55b5390ff1dc0737a1890b8428,VALID
972,W00369T.mp4,C:\Users\Admin\Python Advanced\Deep Learning - CV\Project\data\Dataset\Videos\W00369T.mp4,0.788,buổi tối,buổi tối,T (Miền Trung / Central),unknown,142,29.97,1280,720,cdb83d267c39e4b317cb613bf6d22f6a,VALID
973,W00370B.mp4,C:\Users\Admin\Python Advanced\Deep Learning - CV\Project\data\Dataset\Videos\W00370B.mp4,0.714,buổi trưa,buổi trưa,B (Miền Bắc / North),unknown,124,29.97,1280,720,318d448b2207fa952c98c593d134de27,VALID
974,W00370N.mp4,C:\Users\Admin\Python Advanced\Deep Learning - CV\Project\data\Dataset\Videos\W00370N.mp4,0.721,buổi trưa,buổi trưa,N (Miền Nam / South),unknown,151,29.97,1280,720,71b3594ed79f77d59d42bdb34601bfbc,VALID
975,W00370T.mp4,C:\Users\Admin\Python Advanced\Deep Learning - CV\Project\data\Dataset\Videos\W00370T.mp4,0.741,buổi trưa,buổi trưa,T (Miền Trung / Central),unknown,130,29.97,1280,720,389c00049d27149348634433befca6d5,VALID
976,W00371.mp4,C:\Users\Admin\Python Advanced\Deep Learning - CV\Project\data\Dataset\Videos\W00371.mp4,0.768,buôn làng,buôn làng,Neutral / Unspecified,unknown,150,29.97,1280,720,e1135080f4515af9d890343bdd81e35f,VALID
977,W00372.mp4,C:\Users\Admin\Python Advanced\Deep Learning - CV\Project\data\Dataset\Videos\W00372.mp4,1.161,buồn nôn,buồn nôn,Neutral / Unspecified,unknown,178,29.97,1280,720,dec54a9559c2876c45fea9a4bb575ccb,VALID
978,W00374B.mp4,C:\Users\Admin\Python Advanced\Deep Learning - CV\Project\data\Dataset\Videos\W00374B.mp4,0.683,buông màn,buông màn,B (Miền Bắc / North),unknown,135,29.97,1280,720,a868456150ed8f705b76fe91f48bf80c,VALID
979,W00374N.mp4,C:\Users\Admin\Python Advanced\Deep Learning - CV\Project\data\Dataset\Videos\W00374N.mp4,0.852,buông màn,buông màn,N (Miền Nam / South),unknown,132,29.97,1280,720,3fece4e7fca772c87c7dc7f8abc104ab,VALID
980,W00374T.mp4,C:\Users\Admin\Python Advanced\Deep Learning - CV\Project\data\Dataset\Videos\W00374T.mp4,0.859,buông màn,buông màn,T (Miền Trung / Central),unknown,152,29.97,1280,720,61e07c76049f42c413e348d131a35431,VALID
981,W00377.mp4,C:\Users\Admin\Python Advanced\Deep Learning - CV\Project\data\Dataset\Videos\W00377.mp4,0.898,buồng trứng,buồng trứng,Neutral / Unspecified,unknown,138,29.97,1280,720,6790273a780a9e97d48d288c1d2b7c15,VALID
982,W00378.mp4,C:\Users\Admin\Python Advanced\Deep Learning - CV\Project\data\Dataset\Videos\W00378.mp4,0.57,búp bê,búp bê,Neutral / Unspecified,unknown,98,29.97,1280,720,0e8d64ff68bba168e2f0fb0b6cd880db,VALID
983,W00381.mp4,C:\Users\Admin\Python Advanced\Deep Learning - CV\Project\data\Dataset\Videos\W00381.mp4,1.533,bút bi,bút bi,Neutral / Unspecified,unknown,288,29.97,1280,720,8e49746bd5a2135a41d0882e4da3828d,VALID
984,W00382.mp4,C:\Users\Admin\Python Advanced\Deep Learning - CV\Project\data\Dataset\Videos\W00382.mp4,0.925,bút dạ,bút dạ,Neutral / Unspecified,unknown,156,29.97,1280,720,6581c6999991216943379f7c8c4ae98e,VALID
985,W00383B.mp4,C:\Users\Admin\Python Advanced\Deep Learning - CV\Project\data\Dataset\Videos\W00383B.mp4,0.698,bút màu,bút màu,B (Miền Bắc / North),unknown,147,29.97,1280,720,517e6f478654027a84d8d99e1206816d,VALID
986,W00383N.mp4,C:\Users\Admin\Python Advanced\Deep Learning - CV\Project\data\Dataset\Videos\W00383N.mp4,0.666,bút màu,bút màu,N (Miền Nam / South),unknown,144,29.97,1280,720,cd0e2a4069692b0126691cccb9912cde,VALID
987,W00383T.mp4,C:\Users\Admin\Python Advanced\Deep Learning - CV\Project\data\Dataset\Videos\W00383T.mp4,0.869,bút màu,bút màu,T (Miền Trung / Central),unknown,162,29.97,1280,720,b22f8e146196fa2e6b94492258a9d098,VALID
988,W00384.mp4,C:\Users\Admin\Python Advanced\Deep Learning - CV\Project\data\Dataset\Videos\W00384.mp4,0.693,bút máy,bút máy,Neutral / Unspecified,unknown,154,29.97,1280,720,f4144150cde373c41e68cdded146f403,VALID
989,W00385.mp4,C:\Users\Admin\Python Advanced\Deep Learning - CV\Project\data\Dataset\Videos\W00385.mp4,0.753,bữa cơm,bữa cơm,Neutral / Unspecified,unknown,148,29.97,1280,720,8659cccce1de7f42ec26554937d8e7b1,VALID
990,W00386B.mp4,C:\Users\Admin\Python Advanced\Deep Learning - CV\Project\data\Dataset\Videos\W00386B.mp4,1.071,bức tranh,bức tranh,B (Miền Bắc / North),unknown,178,29.97,1280,720,6eb9098346933542ca13099004c7855d,VALID
991,W00386N.mp4,C:\Users\Admin\Python Advanced\Deep Learning - CV\Project\data\Dataset\Videos\W00386N.mp4,0.847,bức tranh,bức tranh,N (Miền Nam / South),unknown,150,29.97,1280,720,7daeb488b883c532b29e3693cedb23fe,VALID
992,W00386T.mp4,C:\Users\Admin\Python Advanced\Deep Learning - CV\Project\data\Dataset\Videos\W00386T.mp4,1.066,bức tranh,bức tranh,T (Miền Trung / Central),unknown,178,29.97,1280,720,201212133027e699219ba508244682fc,VALID
993,W00387.mp4,C:\Users\Admin\Python Advanced\Deep Learning - CV\Project\data\Dataset\Videos\W00387.mp4,1.013,bức tường,bức tường,Neutral / Unspecified,unknown,165,29.97,1280,720,e0c93b6a3d76c72ebb0f95eaf908b954,VALID
994,W00388.mp4,C:\Users\Admin\Python Advanced\Deep Learning - CV\Project\data\Dataset\Videos\W00388.mp4,0.912,bước,bước,Neutral / Unspecified,unknown,146,29.97,1280,720,65120f54a2599172d1625602ef994712,VALID
995,W00390N.mp4,C:\Users\Admin\Python Advanced\Deep Learning - CV\Project\data\Dataset\Videos\W00390N.mp4,0.816,bướng bỉnh,bướng bỉnh,N (Miền Nam / South),unknown,154,29.97,1280,720,f3c4c73046b572a81ea6a7818a26efd1,VALID
996,W00390T.mp4,C:\Users\Admin\Python Advanced\Deep Learning - CV\Project\data\Dataset\Videos\W00390T.mp4,0.783,bướng bỉnh,bướng bỉnh,T (Miền Trung / Central),unknown,154,29.97,1280,720,655c274cf2f5ee4593c2f38fcc711d90,VALID
997,W00393.mp4,C:\Users\Admin\Python Advanced\Deep Learning - CV\Project\data\Dataset\Videos\W00393.mp4,0.917,bưu tá,bưu tá,Neutral / Unspecified,unknown,154,29.97,1280,720,f3e242157813fef476dd49f023952a6f,VALID
998,W00395.mp4,C:\Users\Admin\Python Advanced\Deep Learning - CV\Project\data\Dataset\Videos\W00395.mp4,0.759,ca,ca,Neutral / Unspecified,unknown,138,29.97,1280,720,14b12bc10f0ab330551ff5e3b9ff1e38,VALID
999,W00396.mp4,C:\Users\Admin\Python Advanced\Deep Learning - CV\Project\data\Dataset\Videos\W00396.mp4,0.738,ca nô,ca nô,Neutral / Unspecified,unknown,136,29.97,1280,720,22d1e2d8d1eb967cd95829602703d1a3,VALID
1000,W00397.mp4,C:\Users\Admin\Python Advanced\Deep Learning - CV\Project\data\Dataset\Videos\W00397.mp4,0.847,Cà Mau,cà mau,Neutral / Unspecified,unknown,153,29.97,1280,720,70c8296c96cbd4a5aff09c04e3fad65c,VALID
1001,W00398B.mp4,C:\Users\Admin\Python Advanced\Deep Learning - CV\Project\data\Dataset\Videos\W00398B.mp4,0.535,cá kho,cá kho,B (Miền Bắc / North),unknown,125,29.97,1280,720,ba1ce46fab031b305d4589c3188014d5,VALID
1002,W00398N.mp4,C:\Users\Admin\Python Advanced\Deep Learning - CV\Project\data\Dataset\Videos\W00398N.mp4,0.529,cá kho,cá kho,N (Miền Nam / South),unknown,112,29.97,1280,720,c2be1f069dc7f6e0702461da0540399b,VALID
1003,W00398T.mp4,C:\Users\Admin\Python Advanced\Deep Learning - CV\Project\data\Dataset\Videos\W00398T.mp4,0.599,cá kho,cá kho,T (Miền Trung / Central),unknown,132,29.97,1280,720,023e1235c5d32ba414263b81deb34aaf,VALID
1004,W00400.mp4,C:\Users\Admin\Python Advanced\Deep Learning - CV\Project\data\Dataset\Videos\W00400.mp4,0.823,các bạn,các bạn,Neutral / Unspecified,unknown,154,29.97,1280,720,b2c9d1de4fe83a9a53c45ab19b476b97,VALID
1005,W00401.mp4,C:\Users\Admin\Python Advanced\Deep Learning - CV\Project\data\Dataset\Videos\W00401.mp4,1.464,cãi nhau,cãi nhau,Neutral / Unspecified,unknown,167,23.98,1280,720,f276378c6dd5f03c332577f6cb9120a4,VALID
1006,W00402.mp4,C:\Users\Admin\Python Advanced\Deep Learning - CV\Project\data\Dataset\Videos\W00402.mp4,0.715,cái bè,cái bè,Neutral / Unspecified,unknown,159,29.97,1280,720,26a112f56ff4c7cdb6041f0b67e8fa1a,VALID
1007,W00404B.mp4,C:\Users\Admin\Python Advanced\Deep Learning - CV\Project\data\Dataset\Videos\W00404B.mp4,0.76,cái gương,cái gương,B (Miền Bắc / North),unknown,145,29.97,1280,720,2950a89ca7650902dc05338540035dda,VALID
1008,W00404T.mp4,C:\Users\Admin\Python Advanced\Deep Learning - CV\Project\data\Dataset\Videos\W00404T.mp4,1.397,cái gương,cái gương,T (Miền Trung / Central),unknown,210,23.98,1280,720,1fa95000ca78981312a6eca4be9674a6,VALID
1009,W00405.mp4,C:\Users\Admin\Python Advanced\Deep Learning - CV\Project\data\Dataset\Videos\W00405.mp4,1.61,cái nhíp,cái nhíp,Neutral / Unspecified,unknown,201,23.98,1280,720,d333360f91122b93c56eb5cd252095b8,VALID
1010,W00406.mp4,C:\Users\Admin\Python Advanced\Deep Learning - CV\Project\data\Dataset\Videos\W00406.mp4,0.71,cái túi,cái túi,Neutral / Unspecified,unknown,137,29.97,1280,720,12fca55dcbf5a50287ee502c28dca44e,VALID
1011,W00407B.mp4,C:\Users\Admin\Python Advanced\Deep Learning - CV\Project\data\Dataset\Videos\W00407B.mp4,0.535,Cam-pu-chia (nước Cam-pu-chia),cam-pu-chia (nước cam-pu-chia),B (Miền Bắc / North),unknown,117,29.97,1280,720,83a4e5f9997216e954e8d92a83fae139,VALID
1012,W00407N.mp4,C:\Users\Admin\Python Advanced\Deep Learning - CV\Project\data\Dataset\Videos\W00407N.mp4,0.764,Cam-pu-chia (nước Cam-pu-chia),cam-pu-chia (nước cam-pu-chia),N (Miền Nam / South),unknown,154,29.97,1280,720,1381061b826417a3b6f1b354edad643c,VALID
1013,W00407T.mp4,C:\Users\Admin\Python Advanced\Deep Learning - CV\Project\data\Dataset\Videos\W00407T.mp4,0.534,Cam-pu-chia (nước Cam-pu-chia),cam-pu-chia (nước cam-pu-chia),T (Miền Trung / Central),unknown,117,29.97,1280,720,1931cb0d3f58491512ed524e8bb7cdb2,VALID
1014,W00409.mp4,C:\Users\Admin\Python Advanced\Deep Learning - CV\Project\data\Dataset\Videos\W00409.mp4,1.027,cảnh vật,cảnh vật,Neutral / Unspecified,unknown,155,29.97,1280,720,bce5aab42f126be79d9b0816d626d667,VALID
1015,W00410.mp4,C:\Users\Admin\Python Advanced\Deep Learning - CV\Project\data\Dataset\Videos\W00410.mp4,0.886,cánh tay,cánh tay,Neutral / Unspecified,unknown,153,29.97,1280,720,59230c15957f6a97456bd2b78c803874,VALID
1016,W00411.mp4,C:\Users\Admin\Python Advanced\Deep Learning - CV\Project\data\Dataset\Videos\W00411.mp4,0.737,cạnh,cạnh,Neutral / Unspecified,unknown,136,29.97,1280,720,51b5ab1c6af8f13381a85ad11789880c,VALID
1017,W00412.mp4,C:\Users\Admin\Python Advanced\Deep Learning - CV\Project\data\Dataset\Videos\W00412.mp4,0.752,cạnh bên (toán),cạnh bên (toán),Neutral / Unspecified,unknown,148,29.97,1280,720,91e2a74e4fbfc599383d07a9beefa6b4,VALID
1018,W00413.mp4,C:\Users\Admin\Python Advanced\Deep Learning - CV\Project\data\Dataset\Videos\W00413.mp4,0.874,cạnh đáy,cạnh đáy,Neutral / Unspecified,unknown,149,29.97,1280,720,a76cb6c1cde078e06d49740e354f6441,VALID
1019,W00414.mp4,C:\Users\Admin\Python Advanced\Deep Learning - CV\Project\data\Dataset\Videos\W00414.mp4,0.765,cạnh đối diện,cạnh đối diện,Neutral / Unspecified,unknown,152,29.97,1280,720,4e2c0fc00c8ff05edc1344a42b99ba2f,VALID
1020,W00415.mp4,C:\Users\Admin\Python Advanced\Deep Learning - CV\Project\data\Dataset\Videos\W00415.mp4,0.842,cao (người),cao (người),Neutral / Unspecified,unknown,148,29.97,1280,720,0f5771a7834b5e1129b9e10fe4d0c760,VALID
1021,W004152.mp4,C:\Users\Admin\Python Advanced\Deep Learning - CV\Project\data\Dataset\Videos\W004152.mp4,0.849,cao (nhà),cao (nhà),Neutral / Unspecified,unknown,155,29.97,1280,720,e6036028f6e25bd5c20e5d44b4e8797b,VALID
1022,W004153.mp4,C:\Users\Admin\Python Advanced\Deep Learning - CV\Project\data\Dataset\Videos\W004153.mp4,0.889,cao (núi),cao (núi),Neutral / Unspecified,unknown,150,29.97,1280,720,4e5724cace8abd66929c93485cef8089,VALID
1023,W00418.mp4,C:\Users\Admin\Python Advanced\Deep Learning - CV\Project\data\Dataset\Videos\W00418.mp4,0.902,cao độ,cao độ,Neutral / Unspecified,unknown,151,29.97,1280,720,d0b8e0977f4d0ac874fa23cdf8aa1140,VALID
1024,W00419.mp4,C:\Users\Admin\Python Advanced\Deep Learning - CV\Project\data\Dataset\Videos\W00419.mp4,0.725,cao nguyên,cao nguyên,Neutral / Unspecified,unknown,147,29.97,1280,720,24ded6730d2a08383af070291be35b1c,VALID
1025,W00420.mp4,C:\Users\Admin\Python Advanced\Deep Learning - CV\Project\data\Dataset\Videos\W00420.mp4,0.814,cao quý,cao quý,Neutral / Unspecified,unknown,148,29.97,1280,720,73ed8843e169c425b71d0137ca3563aa,VALID
1026,W00421.mp4,C:\Users\Admin\Python Advanced\Deep Learning - CV\Project\data\Dataset\Videos\W00421.mp4,1.045,cao tầng,cao tầng,Neutral / Unspecified,unknown,159,29.97,1280,720,e7e80d6f21add132402db87cf9167dbe,VALID
1027,W00422.mp4,C:\Users\Admin\Python Advanced\Deep Learning - CV\Project\data\Dataset\Videos\W00422.mp4,2.013,cao thấp,cao thấp,Neutral / Unspecified,unknown,309,29.97,1280,720,22f0b9f46f4cbef5a85dddc3d8553195,VALID
1028,W00423.mp4,C:\Users\Admin\Python Advanced\Deep Learning - CV\Project\data\Dataset\Videos\W00423.mp4,0.534,cao tốc,cao tốc,Neutral / Unspecified,unknown,130,29.97,1280,720,538a0904f0edc8d69a7e2ecb156a967b,VALID
1029,W00424.mp4,C:\Users\Admin\Python Advanced\Deep Learning - CV\Project\data\Dataset\Videos\W00424.mp4,0.552,cát,cát,Neutral / Unspecified,unknown,128,29.97,1280,720,4e6e5f2b70e1ba646543ca28476bf50d,VALID
1030,W00425.mp4,C:\Users\Admin\Python Advanced\Deep Learning - CV\Project\data\Dataset\Videos\W00425.mp4,0.558,cau có,cau có,Neutral / Unspecified,unknown,118,29.97,1280,720,987e8247fd560c0d34c1466ab5f2488f,VALID
1031,W00426.mp4,C:\Users\Admin\Python Advanced\Deep Learning - CV\Project\data\Dataset\Videos\W00426.mp4,0.736,cày,cày,Neutral / Unspecified,unknown,108,23.98,1280,720,c7a00436b68002553e61cc930321c925,VALID
1032,W00427.mp4,C:\Users\Admin\Python Advanced\Deep Learning - CV\Project\data\Dataset\Videos\W00427.mp4,1.243,cày ruộng,cày ruộng,Neutral / Unspecified,unknown,257,29.97,1280,720,2d92695e9b7d403a52d8c75f008275e5,VALID
1033,W00428.mp4,C:\Users\Admin\Python Advanced\Deep Learning - CV\Project\data\Dataset\Videos\W00428.mp4,0.78,cặp sách,cặp sách,Neutral / Unspecified,unknown,156,29.97,1280,720,8febd55d96f809d198fc41132d06aabb,VALID
1034,W00429.mp4,C:\Users\Admin\Python Advanced\Deep Learning - CV\Project\data\Dataset\Videos\W00429.mp4,0.78,cặp tóc,cặp tóc,Neutral / Unspecified,unknown,141,29.97,1280,720,0deca1c4950e4a9164b50709795cd091,VALID
1035,W00430.mp4,C:\Users\Admin\Python Advanced\Deep Learning - CV\Project\data\Dataset\Videos\W00430.mp4,0.934,cắt nhau,cắt nhau,Neutral / Unspecified,unknown,130,23.98,1280,720,94959f2bfcb7d6827e66e590da504434,VALID
1036,W00431.mp4,C:\Users\Admin\Python Advanced\Deep Learning - CV\Project\data\Dataset\Videos\W00431.mp4,0.511,cần khởi động,cần khởi động,Neutral / Unspecified,unknown,125,29.97,1280,720,29c443c74460a03ce4cac17c33b4bc11,VALID
1037,W00432.mp4,C:\Users\Admin\Python Advanced\Deep Learning - CV\Project\data\Dataset\Videos\W00432.mp4,0.542,cấp cứu,cấp cứu,Neutral / Unspecified,unknown,117,29.97,1280,720,861bba6432fe6ad4731b5ff0417146ca,VALID
1038,W00433.mp4,C:\Users\Admin\Python Advanced\Deep Learning - CV\Project\data\Dataset\Videos\W00433.mp4,0.543,cấp dưỡng,cấp dưỡng,Neutral / Unspecified,unknown,133,29.97,1280,720,9f91577277ed20a7292eea4ac539e8f9,VALID
1039,W00436.mp4,C:\Users\Admin\Python Advanced\Deep Learning - CV\Project\data\Dataset\Videos\W00436.mp4,0.888,cất tiếng khóc,cất tiếng khóc,Neutral / Unspecified,unknown,105,23.98,1280,720,ceef1977ecd6a4fb5f97384223af111a,VALID
1040,W00437.mp4,C:\Users\Admin\Python Advanced\Deep Learning - CV\Project\data\Dataset\Videos\W00437.mp4,0.924,cất tiếng nói,cất tiếng nói,Neutral / Unspecified,unknown,158,29.97,1280,720,f3f362b164c72b109e831737582f6ac0,VALID
1041,W00439.mp4,C:\Users\Admin\Python Advanced\Deep Learning - CV\Project\data\Dataset\Videos\W00439.mp4,0.559,câu chuyện,câu chuyện,Neutral / Unspecified,unknown,90,29.97,1280,720,5430c557f8088218b4c3303fd4690c9e,VALID
1042,W00441.mp4,C:\Users\Admin\Python Advanced\Deep Learning - CV\Project\data\Dataset\Videos\W00441.mp4,0.659,câu đối,câu đối,Neutral / Unspecified,unknown,75,23.98,1280,720,60eb316df1d9ddddb72b1648eb0fa195,VALID
1043,W00442.mp4,C:\Users\Admin\Python Advanced\Deep Learning - CV\Project\data\Dataset\Videos\W00442.mp4,0.508,câu đơn,câu đơn,Neutral / Unspecified,unknown,127,29.97,1280,720,a886703b149204e65828e04b28e2aed5,VALID
1044,W00443.mp4,C:\Users\Admin\Python Advanced\Deep Learning - CV\Project\data\Dataset\Videos\W00443.mp4,0.722,câu ghép,câu ghép,Neutral / Unspecified,unknown,141,29.97,1280,720,ab776cdca6e09850fb7c44eab9aace5d,VALID
1045,W00444B.mp4,C:\Users\Admin\Python Advanced\Deep Learning - CV\Project\data\Dataset\Videos\W00444B.mp4,0.647,câu thơ,câu thơ,B (Miền Bắc / North),unknown,125,29.97,1280,720,5364e595f38e6157eabe89e1742f8f25,VALID
1046,W00444N.mp4,C:\Users\Admin\Python Advanced\Deep Learning - CV\Project\data\Dataset\Videos\W00444N.mp4,0.591,câu thơ,câu thơ,N (Miền Nam / South),unknown,92,29.97,1280,720,211d90b779b78ec36233ad620a61df3d,VALID
1047,W00446.mp4,C:\Users\Admin\Python Advanced\Deep Learning - CV\Project\data\Dataset\Videos\W00446.mp4,1.551,cầu (cây cầu),cầu (cây cầu),Neutral / Unspecified,unknown,262,29.97,1280,720,8007fdf583d0ab5713d8979a86fb9f1d,VALID
1048,W00447.mp4,C:\Users\Admin\Python Advanced\Deep Learning - CV\Project\data\Dataset\Videos\W00447.mp4,0.731,cầu cứu,cầu cứu,Neutral / Unspecified,unknown,132,29.97,1280,720,c54d699084804623eb0c39e729d9021f,VALID
1049,W00448.mp4,C:\Users\Admin\Python Advanced\Deep Learning - CV\Project\data\Dataset\Videos\W00448.mp4,0.58,cầu giao,cầu giao,Neutral / Unspecified,unknown,130,29.97,1280,720,1d0229e2ac557600ca494816b50c1590,VALID
1050,W00449.mp4,C:\Users\Admin\Python Advanced\Deep Learning - CV\Project\data\Dataset\Videos\W00449.mp4,0.829,cầu kì,cầu kì,Neutral / Unspecified,unknown,142,29.97,1280,720,6863406e048daea9abd3eb2473d3f567,VALID
1051,W00450.mp4,C:\Users\Admin\Python Advanced\Deep Learning - CV\Project\data\Dataset\Videos\W00450.mp4,1.64,cầu nguyện,cầu nguyện,Neutral / Unspecified,unknown,311,29.97,1280,720,e896bc5ab505464b94920e700a5cc88e,VALID
1052,W00451.mp4,C:\Users\Admin\Python Advanced\Deep Learning - CV\Project\data\Dataset\Videos\W00451.mp4,0.82,cầu thủ,cầu thủ,Neutral / Unspecified,unknown,159,29.97,1280,720,257ae980fad748da786776403222a817,VALID
1053,W00453.mp4,C:\Users\Admin\Python Advanced\Deep Learning - CV\Project\data\Dataset\Videos\W00453.mp4,0.753,cáp treo,cáp treo,Neutral / Unspecified,unknown,136,29.97,1280,720,9bc8dff7009d067c2e847ec493f81cc2,VALID
1054,W00454.mp4,C:\Users\Admin\Python Advanced\Deep Learning - CV\Project\data\Dataset\Videos\W00454.mp4,1.425,cầu trượt,cầu trượt,Neutral / Unspecified,unknown,252,29.97,1280,720,4e13588e67fd684664b483d4e954c990,VALID
1055,W00455.mp4,C:\Users\Admin\Python Advanced\Deep Learning - CV\Project\data\Dataset\Videos\W00455.mp4,0.578,cầu vượt,cầu vượt,Neutral / Unspecified,unknown,102,29.97,1280,720,0c2e87a936c71571cb41d78739a96b9d,VALID
1056,W00456B.mp4,C:\Users\Admin\Python Advanced\Deep Learning - CV\Project\data\Dataset\Videos\W00456B.mp4,0.534,cây ăn quả,cây ăn quả,B (Miền Bắc / North),unknown,103,29.97,1280,720,d6f808627c0aaa3b57371efea1e726b4,VALID
1057,W00456N.mp4,C:\Users\Admin\Python Advanced\Deep Learning - CV\Project\data\Dataset\Videos\W00456N.mp4,0.589,cây ăn quả,cây ăn quả,N (Miền Nam / South),unknown,101,29.97,1280,720,167520856bcbe1775e44c02e75b7d7db,VALID
1058,W00456T.mp4,C:\Users\Admin\Python Advanced\Deep Learning - CV\Project\data\Dataset\Videos\W00456T.mp4,0.59,cây ăn quả,cây ăn quả,T (Miền Trung / Central),unknown,101,29.97,1280,720,86515e361ad24170b1596ea0f6d91982,VALID
1059,W00457B.mp4,C:\Users\Admin\Python Advanced\Deep Learning - CV\Project\data\Dataset\Videos\W00457B.mp4,0.566,cây bàng,cây bàng,B (Miền Bắc / North),unknown,104,29.97,1280,720,8033a85bec45e2c295d958c4ff870bd7,VALID
1060,W00457T.mp4,C:\Users\Admin\Python Advanced\Deep Learning - CV\Project\data\Dataset\Videos\W00457T.mp4,0.883,cây bàng,cây bàng,T (Miền Trung / Central),unknown,160,29.97,1280,720,913876fea00ce03f5291ea4d114c5199,VALID
1061,W00459B.mp4,C:\Users\Admin\Python Advanced\Deep Learning - CV\Project\data\Dataset\Videos\W00459B.mp4,0.664,cây cổ thụ,cây cổ thụ,B (Miền Bắc / North),unknown,121,29.97,1280,720,8a3d5d3f05ecd9a0513524524dbca670,VALID
1062,W00459T.mp4,C:\Users\Admin\Python Advanced\Deep Learning - CV\Project\data\Dataset\Videos\W00459T.mp4,0.51,cây cổ thụ,cây cổ thụ,T (Miền Trung / Central),unknown,91,29.97,1280,720,3b121273370042fd364fa9c70fb78c25,VALID
1063,W00460.mp4,C:\Users\Admin\Python Advanced\Deep Learning - CV\Project\data\Dataset\Videos\W00460.mp4,0.856,cây cối,cây cối,Neutral / Unspecified,unknown,143,29.97,1280,720,c4ebd498cae105b0a6a980a1c882e205,VALID
1064,W00464.mp4,C:\Users\Admin\Python Advanced\Deep Learning - CV\Project\data\Dataset\Videos\W00464.mp4,0.812,cây gỗ,cây gỗ,Neutral / Unspecified,unknown,134,29.97,1280,720,1158e9ed973879c4919943d3e04889c5,VALID
1065,W00469B.mp4,C:\Users\Admin\Python Advanced\Deep Learning - CV\Project\data\Dataset\Videos\W00469B.mp4,0.589,cây ngô,cây ngô,B (Miền Bắc / North),unknown,113,29.97,1280,720,1603964792375b8650bf2d6afc739582,VALID
1066,W00469N.mp4,C:\Users\Admin\Python Advanced\Deep Learning - CV\Project\data\Dataset\Videos\W00469N.mp4,0.781,cây ngô,cây ngô,N (Miền Nam / South),unknown,125,29.97,1280,720,7f2e8014b5fa18df88c9b23cdace8131,VALID
1067,W00469T.mp4,C:\Users\Admin\Python Advanced\Deep Learning - CV\Project\data\Dataset\Videos\W00469T.mp4,0.813,cây ngô,cây ngô,T (Miền Trung / Central),unknown,125,29.97,1280,720,47087eb4e424659a3826424c004b6fdb,VALID
1068,W00470B.mp4,C:\Users\Admin\Python Advanced\Deep Learning - CV\Project\data\Dataset\Videos\W00470B.mp4,0.665,cây phượng,cây phượng,B (Miền Bắc / North),unknown,126,29.97,1280,720,1905a0bd42761c7f749e884d8f974b5e,VALID
1069,W00470N.mp4,C:\Users\Admin\Python Advanced\Deep Learning - CV\Project\data\Dataset\Videos\W00470N.mp4,0.648,cây phượng,cây phượng,N (Miền Nam / South),unknown,120,29.97,1280,720,aef8a4ab8ea890aeade71a3ea57be7b9,VALID
1070,W00471.mp4,C:\Users\Admin\Python Advanced\Deep Learning - CV\Project\data\Dataset\Videos\W00471.mp4,0.675,cây sả,cây sả,Neutral / Unspecified,unknown,121,29.97,1280,720,c482511cfb8db0f1766df3d7b96c133b,VALID
1071,W00473.mp4,C:\Users\Admin\Python Advanced\Deep Learning - CV\Project\data\Dataset\Videos\W00473.mp4,1.452,cây số,cây số,Neutral / Unspecified,unknown,212,29.97,1280,720,0dda4f8d822aff757d113c01665e8553,VALID
1072,W00474B.mp4,C:\Users\Admin\Python Advanced\Deep Learning - CV\Project\data\Dataset\Videos\W00474B.mp4,0.676,cây thân gỗ,cây thân gỗ,B (Miền Bắc / North),unknown,123,29.97,1280,720,aa932b82f70ce54af3e09a771451ba9a,VALID
1073,W00474N.mp4,C:\Users\Admin\Python Advanced\Deep Learning - CV\Project\data\Dataset\Videos\W00474N.mp4,0.597,cây thân gỗ,cây thân gỗ,N (Miền Nam / South),unknown,92,29.97,1280,720,8d1ae2cfd05bad710b996f41481904af,VALID
1074,W00474T.mp4,C:\Users\Admin\Python Advanced\Deep Learning - CV\Project\data\Dataset\Videos\W00474T.mp4,0.569,cây thân gỗ,cây thân gỗ,T (Miền Trung / Central),unknown,92,29.97,1280,720,ed47be9d1e60f0d24949f337d1a56687,VALID
1075,W00477.mp4,C:\Users\Admin\Python Advanced\Deep Learning - CV\Project\data\Dataset\Videos\W00477.mp4,0.86,cây trồng,cây trồng,Neutral / Unspecified,unknown,143,29.97,1280,720,50433459136a96c959d5b71e01fd2698,VALID
1076,W00478.mp4,C:\Users\Admin\Python Advanced\Deep Learning - CV\Project\data\Dataset\Videos\W00478.mp4,0.443,cây xanh,cây xanh,Neutral / Unspecified,unknown,80,29.97,1280,720,04a134df7e899f7e9d13263f529094b3,VALID
1077,W00480.mp4,C:\Users\Admin\Python Advanced\Deep Learning - CV\Project\data\Dataset\Videos\W00480.mp4,0.824,cấy lúa,cấy lúa,Neutral / Unspecified,unknown,123,29.97,1280,720,d3d8ba3f9a380c6feb9e95dc15860877,VALID
1078,W00481.mp4,C:\Users\Admin\Python Advanced\Deep Learning - CV\Project\data\Dataset\Videos\W00481.mp4,0.546,cha,cha,Neutral / Unspecified,unknown,112,29.97,1280,720,d4fbf52f1e57a058f9b237e622e2fde3,VALID
1079,W00482.mp4,C:\Users\Admin\Python Advanced\Deep Learning - CV\Project\data\Dataset\Videos\W00482.mp4,0.61,cha mẹ,cha mẹ,Neutral / Unspecified,unknown,115,29.97,1280,720,5f7779403a149b2868122113e8ee3ca5,VALID
1080,W00484B.mp4,C:\Users\Admin\Python Advanced\Deep Learning - CV\Project\data\Dataset\Videos\W00484B.mp4,0.814,chả cá,chả cá,B (Miền Bắc / North),unknown,153,29.97,1280,720,27975c4148b1ec421b1448774759ad78,VALID
1081,W00484N.mp4,C:\Users\Admin\Python Advanced\Deep Learning - CV\Project\data\Dataset\Videos\W00484N.mp4,0.845,chả cá,chả cá,N (Miền Nam / South),unknown,141,29.97,1280,720,403c79b37961a8e58ea24f76d87b383b,VALID
1082,W00484T.mp4,C:\Users\Admin\Python Advanced\Deep Learning - CV\Project\data\Dataset\Videos\W00484T.mp4,0.816,chả cá,chả cá,T (Miền Trung / Central),unknown,153,29.97,1280,720,9d62fa7e84efe8e0063c86ae16203ee9,VALID
1083,W00485.mp4,C:\Users\Admin\Python Advanced\Deep Learning - CV\Project\data\Dataset\Videos\W00485.mp4,0.389,chai,chai,Neutral / Unspecified,unknown,79,29.97,1280,720,47b5b4b35c2328a548ca22c72e596eff,VALID
1084,W00486.mp4,C:\Users\Admin\Python Advanced\Deep Learning - CV\Project\data\Dataset\Videos\W00486.mp4,0.509,chai nước,chai nước,Neutral / Unspecified,unknown,100,29.97,1280,720,0c7d9140553bfc43c0f1731775aa3696,VALID
1085,W00488.mp4,C:\Users\Admin\Python Advanced\Deep Learning - CV\Project\data\Dataset\Videos\W00488.mp4,0.359,chàng trai,chàng trai,Neutral / Unspecified,unknown,91,29.97,1280,720,88cde89444982965bbd3f55911c063dc,VALID
1086,W00489.mp4,C:\Users\Admin\Python Advanced\Deep Learning - CV\Project\data\Dataset\Videos\W00489.mp4,0.671,chào,chào,Neutral / Unspecified,unknown,116,29.97,1280,720,5fead81819e42f18574307efa3bfa343,VALID
1087,W00490.mp4,C:\Users\Admin\Python Advanced\Deep Learning - CV\Project\data\Dataset\Videos\W00490.mp4,0.478,chào cờ,chào cờ,Neutral / Unspecified,unknown,92,29.97,1280,720,0013fb0ed6ac0c9bd3e3c75ce3d55fa9,VALID
1088,W00492.mp4,C:\Users\Admin\Python Advanced\Deep Learning - CV\Project\data\Dataset\Videos\W00492.mp4,0.572,chào mừng,chào mừng,Neutral / Unspecified,unknown,81,29.97,1280,720,d7292a7a5d72fa9a9d48eef8caa9b932,VALID
1089,W00493N.mp4,C:\Users\Admin\Python Advanced\Deep Learning - CV\Project\data\Dataset\Videos\W00493N.mp4,1.544,chảo,chảo,N (Miền Nam / South),unknown,255,29.97,1280,720,3c8839a092a8388b52290a5954cbd56b,VALID
1090,W00493T.mp4,C:\Users\Admin\Python Advanced\Deep Learning - CV\Project\data\Dataset\Videos\W00493T.mp4,1.478,chảo,chảo,T (Miền Trung / Central),unknown,255,29.97,1280,720,8058cccdff772c8fb913d66f6887fa7f,VALID
1091,W00494.mp4,C:\Users\Admin\Python Advanced\Deep Learning - CV\Project\data\Dataset\Videos\W00494.mp4,0.379,chát,chát,Neutral / Unspecified,unknown,76,29.97,1280,720,f2e83f1a1c889b587cff0eb82b533b62,VALID
1092,W00495B.mp4,C:\Users\Admin\Python Advanced\Deep Learning - CV\Project\data\Dataset\Videos\W00495B.mp4,0.558,cháu gái,cháu gái,B (Miền Bắc / North),unknown,105,29.97,1280,720,757e49950770094a1d79de49f0e270c2,VALID
1093,W00495N.mp4,C:\Users\Admin\Python Advanced\Deep Learning - CV\Project\data\Dataset\Videos\W00495N.mp4,0.437,cháu gái,cháu gái,N (Miền Nam / South),unknown,79,29.97,1280,720,a9ac7588c7de6d2bb7e55de958dcd895,VALID
1094,W00496B.mp4,C:\Users\Admin\Python Advanced\Deep Learning - CV\Project\data\Dataset\Videos\W00496B.mp4,1.043,cháu ngoại,cháu ngoại,B (Miền Bắc / North),unknown,189,29.97,1280,720,e217b773484bb06c85d16d7141c2babd,VALID
1095,W00496T.mp4,C:\Users\Admin\Python Advanced\Deep Learning - CV\Project\data\Dataset\Videos\W00496T.mp4,0.451,cháu ngoại,cháu ngoại,T (Miền Trung / Central),unknown,98,29.97,1280,720,9ac670ea00ab809a6d3f72c959d648bd,VALID
1096,W00497B.mp4,C:\Users\Admin\Python Advanced\Deep Learning - CV\Project\data\Dataset\Videos\W00497B.mp4,0.5,cháu nội,cháu nội,B (Miền Bắc / North),unknown,113,29.97,1280,720,36b9cfb0f241b271018f7a45516be1e4,VALID
1097,W00497N.mp4,C:\Users\Admin\Python Advanced\Deep Learning - CV\Project\data\Dataset\Videos\W00497N.mp4,0.661,cháu nội,cháu nội,N (Miền Nam / South),unknown,110,29.97,1280,720,426c423bd6f9602f55d86b50ab6eca4b,VALID
1098,W00497T.mp4,C:\Users\Admin\Python Advanced\Deep Learning - CV\Project\data\Dataset\Videos\W00497T.mp4,0.442,cháu nội,cháu nội,T (Miền Trung / Central),unknown,102,29.97,1280,720,31171c3764f7170c77f1a72383a47c54,VALID
1099,W00498B.mp4,C:\Users\Admin\Python Advanced\Deep Learning - CV\Project\data\Dataset\Videos\W00498B.mp4,0.458,cháu trai,cháu trai,B (Miền Bắc / North),unknown,97,29.97,1280,720,9c130664486582a95d2d99cc9ba0675e,VALID
1100,W00498N.mp4,C:\Users\Admin\Python Advanced\Deep Learning - CV\Project\data\Dataset\Videos\W00498N.mp4,0.409,cháu trai,cháu trai,N (Miền Nam / South),unknown,83,29.97,1280,720,d7684c624fc58a8bdc7c152fae79abf9,VALID
1101,W00499.mp4,C:\Users\Admin\Python Advanced\Deep Learning - CV\Project\data\Dataset\Videos\W00499.mp4,0.456,chày,chày,Neutral / Unspecified,unknown,98,29.97,1280,720,d459bddd0156db87ea1b2e94a8ddca13,VALID
1102,W00500.mp4,C:\Users\Admin\Python Advanced\Deep Learning - CV\Project\data\Dataset\Videos\W00500.mp4,0.451,cháy rừng,cháy rừng,Neutral / Unspecified,unknown,88,29.97,1280,720,a67164e261ef76708b0247759a16b418,VALID
1103,W00501.mp4,C:\Users\Admin\Python Advanced\Deep Learning - CV\Project\data\Dataset\Videos\W00501.mp4,0.576,chạy,chạy,Neutral / Unspecified,unknown,81,29.97,1280,720,6e88464e6b9cfbcdf35f21ca1c839d16,VALID
1104,W00504.mp4,C:\Users\Admin\Python Advanced\Deep Learning - CV\Project\data\Dataset\Videos\W00504.mp4,0.3,chạy nhanh,chạy nhanh,Neutral / Unspecified,unknown,60,29.97,1280,720,4bf5514d6a73c00195fb3b2bc86cf97b,VALID
1105,W00506.mp4,C:\Users\Admin\Python Advanced\Deep Learning - CV\Project\data\Dataset\Videos\W00506.mp4,0.494,chú ( người),chú ( người),Neutral / Unspecified,unknown,80,23.98,1280,720,950dc41dac6a290e1105e530137f7ca2,VALID
1106,W00508B.mp4,C:\Users\Admin\Python Advanced\Deep Learning - CV\Project\data\Dataset\Videos\W00508B.mp4,0.748,chăm sóc sức khỏe,chăm sóc sức khỏe,B (Miền Bắc / North),unknown,143,29.97,1280,720,3320558bc18aebb82c54afa37f5080a7,VALID
1107,W00508N.mp4,C:\Users\Admin\Python Advanced\Deep Learning - CV\Project\data\Dataset\Videos\W00508N.mp4,0.632,chăm sóc sức khỏe,chăm sóc sức khỏe,N (Miền Nam / South),unknown,131,29.97,1280,720,54343b4dc25c596c2bf9d8a43edbd64e,VALID
1108,W00508T.mp4,C:\Users\Admin\Python Advanced\Deep Learning - CV\Project\data\Dataset\Videos\W00508T.mp4,1.16,chăm sóc sức khỏe,chăm sóc sức khỏe,T (Miền Trung / Central),unknown,189,29.97,1280,720,e3a9be46a36d08f583ffdc8931d2f3c7,VALID
1109,W00509B.mp4,C:\Users\Admin\Python Advanced\Deep Learning - CV\Project\data\Dataset\Videos\W00509B.mp4,0.561,chăn (cái chăn),chăn (cái chăn),B (Miền Bắc / North),unknown,116,29.97,1280,720,efe9654c97f2979072607882e13c1dc4,VALID
1110,W00509T.mp4,C:\Users\Admin\Python Advanced\Deep Learning - CV\Project\data\Dataset\Videos\W00509T.mp4,0.711,chăn (cái chăn),chăn (cái chăn),T (Miền Trung / Central),unknown,117,29.97,1280,720,9f80a4819e783460979f775f27e9f2cd,VALID
1111,W00510B.mp4,C:\Users\Admin\Python Advanced\Deep Learning - CV\Project\data\Dataset\Videos\W00510B.mp4,0.564,chăn nuôi,chăn nuôi,B (Miền Bắc / North),unknown,101,29.97,1280,720,1bc777a7f61c37ca70db61db7bc1668d,VALID
1112,W00510N.mp4,C:\Users\Admin\Python Advanced\Deep Learning - CV\Project\data\Dataset\Videos\W00510N.mp4,0.74,chăn nuôi,chăn nuôi,N (Miền Nam / South),unknown,125,29.97,1280,720,24b203f875520c78d96155e90fe5611d,VALID
1113,W00510T.mp4,C:\Users\Admin\Python Advanced\Deep Learning - CV\Project\data\Dataset\Videos\W00510T.mp4,0.527,chăn nuôi,chăn nuôi,T (Miền Trung / Central),unknown,118,29.97,1280,720,a045785bf6fed6c94b0d83c09d484cc9,VALID
1114,W00512.mp4,C:\Users\Admin\Python Advanced\Deep Learning - CV\Project\data\Dataset\Videos\W00512.mp4,0.802,chặn,chặn,Neutral / Unspecified,unknown,135,29.97,1280,720,23be2c70716b4e005c58e9eb46fcbbfe,VALID
1115,W00513B.mp4,C:\Users\Admin\Python Advanced\Deep Learning - CV\Project\data\Dataset\Videos\W00513B.mp4,0.617,chặt,chặt,B (Miền Bắc / North),unknown,109,29.97,1280,720,f6c5b9bb567298566784f33c4cf9ed18,VALID
1116,W00513N.mp4,C:\Users\Admin\Python Advanced\Deep Learning - CV\Project\data\Dataset\Videos\W00513N.mp4,0.423,chặt,chặt,N (Miền Nam / South),unknown,92,29.97,1280,720,0da8465366ab28275d27a84b13a9dc18,VALID
1117,W00513T.mp4,C:\Users\Admin\Python Advanced\Deep Learning - CV\Project\data\Dataset\Videos\W00513T.mp4,0.424,chặt,chặt,T (Miền Trung / Central),unknown,92,29.97,1280,720,416a685713dd8e156bc33eb501a22309,VALID
1118,W00514.mp4,C:\Users\Admin\Python Advanced\Deep Learning - CV\Project\data\Dataset\Videos\W00514.mp4,0.492,chặt chẽ,chặt chẽ,Neutral / Unspecified,unknown,94,29.97,1280,720,489f18f92c57b855f43eb6e9406deafc,VALID
1119,W00515.mp4,C:\Users\Admin\Python Advanced\Deep Learning - CV\Project\data\Dataset\Videos\W00515.mp4,0.714,châm chọc,châm chọc,Neutral / Unspecified,unknown,130,29.97,1280,720,679c4382f90fa4f84ba40c6db6f38336,VALID
1120,W00516T.mp4,C:\Users\Admin\Python Advanced\Deep Learning - CV\Project\data\Dataset\Videos\W00516T.mp4,0.702,châm cứu,châm cứu,T (Miền Trung / Central),unknown,145,29.97,1280,720,5d046b8c1070ad8ecea8e60ea5f5b1d6,VALID
1121,W00519.mp4,C:\Users\Admin\Python Advanced\Deep Learning - CV\Project\data\Dataset\Videos\W00519.mp4,0.481,chấm dứt,chấm dứt,Neutral / Unspecified,unknown,106,29.97,1280,720,d356d636a1aba238b44d231d67c4361a,VALID
1122,W00520.mp4,C:\Users\Admin\Python Advanced\Deep Learning - CV\Project\data\Dataset\Videos\W00520.mp4,0.415,chấm điểm,chấm điểm,Neutral / Unspecified,unknown,80,29.97,1280,720,befefaf29fbc50a34e331760fdc79934,VALID
1123,W00522.mp4,C:\Users\Admin\Python Advanced\Deep Learning - CV\Project\data\Dataset\Videos\W00522.mp4,0.413,chân dung,chân dung,Neutral / Unspecified,unknown,67,29.97,1280,720,ad584abd46cad08d50baf924fcfb1ee7,VALID
1124,W00525.mp4,C:\Users\Admin\Python Advanced\Deep Learning - CV\Project\data\Dataset\Videos\W00525.mp4,0.697,chân tay,chân tay,Neutral / Unspecified,unknown,116,29.97,1280,720,ffd52edc6226c4ccafeda777982ec819,VALID
1125,W00529.mp4,C:\Users\Admin\Python Advanced\Deep Learning - CV\Project\data\Dataset\Videos\W00529.mp4,0.451,chất dẻo,chất dẻo,Neutral / Unspecified,unknown,79,29.97,1280,720,9a1f8eeacbe439306999cb37797fa81d,VALID
1126,W00530.mp4,C:\Users\Admin\Python Advanced\Deep Learning - CV\Project\data\Dataset\Videos\W00530.mp4,0.575,chất đốt,chất đốt,Neutral / Unspecified,unknown,105,29.97,1280,720,a15682928734e317b8df651a80232e6d,VALID
1127,W00531.mp4,C:\Users\Admin\Python Advanced\Deep Learning - CV\Project\data\Dataset\Videos\W00531.mp4,0.442,chất độc,chất độc,Neutral / Unspecified,unknown,78,29.97,1280,720,4038fa868838c50dc455c7367efcb5f9,VALID
1128,W00533.mp4,C:\Users\Admin\Python Advanced\Deep Learning - CV\Project\data\Dataset\Videos\W00533.mp4,0.373,chất độc màu da cam,chất độc màu da cam,Neutral / Unspecified,unknown,80,29.97,1280,720,9b43ce689f18349221c4ffdc6f4b397a,VALID
1129,W00534.mp4,C:\Users\Admin\Python Advanced\Deep Learning - CV\Project\data\Dataset\Videos\W00534.mp4,0.826,chất hữu cơ,chất hữu cơ,Neutral / Unspecified,unknown,139,29.97,1280,720,03923d19dad6e39671517e326f3fc9b4,VALID
1130,W00536.mp4,C:\Users\Admin\Python Advanced\Deep Learning - CV\Project\data\Dataset\Videos\W00536.mp4,0.649,chất lỏng,chất lỏng,Neutral / Unspecified,unknown,114,29.97,1280,720,1d47e9b6756181caa686cc10a8b181d5,VALID
1131,W00537.mp4,C:\Users\Admin\Python Advanced\Deep Learning - CV\Project\data\Dataset\Videos\W00537.mp4,0.453,chất lượng,chất lượng,Neutral / Unspecified,unknown,81,29.97,1280,720,c1b03d705b3ad03c5dd8886f64bc13e0,VALID
1132,W00538.mp4,C:\Users\Admin\Python Advanced\Deep Learning - CV\Project\data\Dataset\Videos\W00538.mp4,0.476,chất rắn,chất rắn,Neutral / Unspecified,unknown,94,29.97,1280,720,da833c469785aecfc262a2a6b85f2d47,VALID
1133,W00539.mp4,C:\Users\Admin\Python Advanced\Deep Learning - CV\Project\data\Dataset\Videos\W00539.mp4,0.626,chất thải,chất thải,Neutral / Unspecified,unknown,106,29.97,1280,720,88750e563c3ca0acff3149e0ccd12481,VALID
1134,W00540.mp4,C:\Users\Admin\Python Advanced\Deep Learning - CV\Project\data\Dataset\Videos\W00540.mp4,0.559,chật chội,chật chội,Neutral / Unspecified,unknown,92,29.97,1280,720,436ef00cf97239055fa999ab4e72e883,VALID
1135,W00542.mp4,C:\Users\Admin\Python Advanced\Deep Learning - CV\Project\data\Dataset\Videos\W00542.mp4,0.533,Châu Á Thái Bình Dương,châu á thái bình dương,Neutral / Unspecified,unknown,92,29.97,1280,720,482150a7ae8a1e9d18346de53dfeaa5e,VALID
1136,W00544.mp4,C:\Users\Admin\Python Advanced\Deep Learning - CV\Project\data\Dataset\Videos\W00544.mp4,0.71,Châu Đại Dương,châu đại dương,Neutral / Unspecified,unknown,122,29.97,1280,720,0036ad0f169286d4e3f7993eae4744a0,VALID
1137,W00546.mp4,C:\Users\Admin\Python Advanced\Deep Learning - CV\Project\data\Dataset\Videos\W00546.mp4,0.49,che chở,che chở,Neutral / Unspecified,unknown,78,29.97,1280,720,30b2957ae1be8d0bf8866b1fcc57a42c,VALID
1138,W00547.mp4,C:\Users\Admin\Python Advanced\Deep Learning - CV\Project\data\Dataset\Videos\W00547.mp4,0.677,che phủ,che phủ,Neutral / Unspecified,unknown,127,29.97,1280,720,936356d77fb8f072b2c6753c0df7663b,VALID
1139,W00548.mp4,C:\Users\Admin\Python Advanced\Deep Learning - CV\Project\data\Dataset\Videos\W00548.mp4,0.573,chè đỗ đỏ,chè đỗ đỏ,Neutral / Unspecified,unknown,95,29.97,1280,720,b454b5d49b3032ff313f02ba2e3d112c,VALID
1140,W00550.mp4,C:\Users\Admin\Python Advanced\Deep Learning - CV\Project\data\Dataset\Videos\W00550.mp4,0.569,chém,chém,Neutral / Unspecified,unknown,106,29.97,1280,720,d11718ab6def12858142fa1ac8ce2080,VALID
1141,W00551.mp4,C:\Users\Admin\Python Advanced\Deep Learning - CV\Project\data\Dataset\Videos\W00551.mp4,0.81,chen lấn,chen lấn,Neutral / Unspecified,unknown,113,29.97,1280,720,88d430a1f8c65476c7b007463dfed282,VALID
1142,W00552.mp4,C:\Users\Admin\Python Advanced\Deep Learning - CV\Project\data\Dataset\Videos\W00552.mp4,0.774,chèn ép,chèn ép,Neutral / Unspecified,unknown,121,29.97,1280,720,5a94321a84615bdb4e366fc199bc878d,VALID
1143,W00553.mp4,C:\Users\Admin\Python Advanced\Deep Learning - CV\Project\data\Dataset\Videos\W00553.mp4,0.555,chén,chén,Neutral / Unspecified,unknown,127,29.97,1280,720,910a9c027a145ebe4de644323733a03b,VALID
1144,W00555.mp4,C:\Users\Admin\Python Advanced\Deep Learning - CV\Project\data\Dataset\Videos\W00555.mp4,0.56,chép bài,chép bài,Neutral / Unspecified,unknown,90,29.97,1280,720,4804ab2b0f56b8d921d1715eb97de67f,VALID
1145,W00559.mp4,C:\Users\Admin\Python Advanced\Deep Learning - CV\Project\data\Dataset\Videos\W00559.mp4,0.525,tạo thành,tạo thành,Neutral / Unspecified,unknown,70,23.98,1280,720,2c413d0cb7f73f79348c1083f00ce6ec,VALID
1146,W00564.mp4,C:\Users\Admin\Python Advanced\Deep Learning - CV\Project\data\Dataset\Videos\W00564.mp4,0.51,chỉ,chỉ,Neutral / Unspecified,unknown,95,29.97,1280,720,abf1f4dd61af80278ef2d6da280fa577,VALID
1147,W00565.mp4,C:\Users\Admin\Python Advanced\Deep Learning - CV\Project\data\Dataset\Videos\W00565.mp4,0.648,chỉ dẫn,chỉ dẫn,Neutral / Unspecified,unknown,102,29.97,1280,720,7d3a4b4a0984cce63a299ee0797b98ea,VALID
1148,W00567.mp4,C:\Users\Admin\Python Advanced\Deep Learning - CV\Project\data\Dataset\Videos\W00567.mp4,0.72,chỉ huy,chỉ huy,Neutral / Unspecified,unknown,118,29.97,1280,720,d23fa9a2984614b464e59254dda18caf,VALID
1149,W00568.mp4,C:\Users\Admin\Python Advanced\Deep Learning - CV\Project\data\Dataset\Videos\W00568.mp4,0.864,chỉ khâu,chỉ khâu,Neutral / Unspecified,unknown,137,29.97,1280,720,69f533513744ac1566c409dd2d259700,VALID
1150,W00570B.mp4,C:\Users\Admin\Python Advanced\Deep Learning - CV\Project\data\Dataset\Videos\W00570B.mp4,0.613,chị,chị,B (Miền Bắc / North),unknown,119,29.97,1280,720,2d8ec2b3a725e5e294990de28b7c992c,VALID
1151,W00570N.mp4,C:\Users\Admin\Python Advanced\Deep Learning - CV\Project\data\Dataset\Videos\W00570N.mp4,0.504,chị,chị,N (Miền Nam / South),unknown,100,29.97,1280,720,296537f430b84d4c93faf4c36602b136,VALID
1152,W00571B.mp4,C:\Users\Admin\Python Advanced\Deep Learning - CV\Project\data\Dataset\Videos\W00571B.mp4,0.813,chị chồng,chị chồng,B (Miền Bắc / North),unknown,134,29.97,1280,720,3c3c209001f95b7ffdd325fad260844e,VALID
1153,W00571N.mp4,C:\Users\Admin\Python Advanced\Deep Learning - CV\Project\data\Dataset\Videos\W00571N.mp4,0.72,chị chồng,chị chồng,N (Miền Nam / South),unknown,120,29.97,1280,720,17e3c47d2ddd6d3d2d8b636068c2feba,VALID
1154,W00572.mp4,C:\Users\Admin\Python Advanced\Deep Learning - CV\Project\data\Dataset\Videos\W00572.mp4,0.673,chị dâu,chị dâu,Neutral / Unspecified,unknown,129,29.97,1280,720,ce275e5e8381dfe5f8509e94358df204,VALID
1155,W00573.mp4,C:\Users\Admin\Python Advanced\Deep Learning - CV\Project\data\Dataset\Videos\W00573.mp4,0.596,Chi-lê (nước Chi-lê),chi-lê (nước chi-lê),Neutral / Unspecified,unknown,109,29.97,1280,720,73fa1bb84d717196314bee588daa757e,VALID
1156,W00575B.mp4,C:\Users\Admin\Python Advanced\Deep Learning - CV\Project\data\Dataset\Videos\W00575B.mp4,0.335,chia,chia,B (Miền Bắc / North),unknown,82,29.97,1280,720,306110deffc2a974f66fab3c6ac10703,VALID
1157,W00575N.mp4,C:\Users\Admin\Python Advanced\Deep Learning - CV\Project\data\Dataset\Videos\W00575N.mp4,0.444,chia,chia,N (Miền Nam / South),unknown,92,29.97,1280,720,b0be7cfd886d5be8f40c446d135fb1e3,VALID
1158,W00575T.mp4,C:\Users\Admin\Python Advanced\Deep Learning - CV\Project\data\Dataset\Videos\W00575T.mp4,0.445,chia,chia,T (Miền Trung / Central),unknown,92,29.97,1280,720,92fad7cf870850a1871b052ffe5b143e,VALID
1159,W00578.mp4,C:\Users\Admin\Python Advanced\Deep Learning - CV\Project\data\Dataset\Videos\W00578.mp4,0.855,chia đều,chia đều,Neutral / Unspecified,unknown,122,29.97,1280,720,3ed4849e02e104115fe726fb60a0bafe,VALID
1160,W00579.mp4,C:\Users\Admin\Python Advanced\Deep Learning - CV\Project\data\Dataset\Videos\W00579.mp4,0.651,chia hết,chia hết,Neutral / Unspecified,unknown,110,29.97,1280,720,875180faf1cbe9509baf9c9e666a89ad,VALID
1161,W00580.mp4,C:\Users\Admin\Python Advanced\Deep Learning - CV\Project\data\Dataset\Videos\W00580.mp4,0.57,chia phần,chia phần,Neutral / Unspecified,unknown,101,29.97,1280,720,1d3f7a9ee537e77f7c0c76bf8f6d3162,VALID
1162,W00581.mp4,C:\Users\Admin\Python Advanced\Deep Learning - CV\Project\data\Dataset\Videos\W00581.mp4,0.645,chia sẻ,chia sẻ,Neutral / Unspecified,unknown,103,29.97,1280,720,6094c5d63c9db7db814555f3b00ce3ba,VALID
1163,W00582.mp4,C:\Users\Admin\Python Advanced\Deep Learning - CV\Project\data\Dataset\Videos\W00582.mp4,0.779,chia tay,chia tay,Neutral / Unspecified,unknown,134,29.97,1280,720,f9266f3e9943f6b551d0bb4e2be5b3fa,VALID
1164,W00583.mp4,C:\Users\Admin\Python Advanced\Deep Learning - CV\Project\data\Dataset\Videos\W00583.mp4,0.55,chìa khóa,chìa khóa,Neutral / Unspecified,unknown,108,29.97,1280,720,9a1b7af3ebfacf0284aa5a50d7cffdb5,VALID
1165,W00584B.mp4,C:\Users\Admin\Python Advanced\Deep Learning - CV\Project\data\Dataset\Videos\W00584B.mp4,0.588,chiếc gối,chiếc gối,B (Miền Bắc / North),unknown,115,29.97,1280,720,b11f8a0222dafb9fac36537fcfe89303,VALID
1166,W00584N.mp4,C:\Users\Admin\Python Advanced\Deep Learning - CV\Project\data\Dataset\Videos\W00584N.mp4,0.659,chiếc gối,chiếc gối,N (Miền Nam / South),unknown,105,29.97,1280,720,706a09a01958f602a305cd39aff1961d,VALID
1167,W00585.mp4,C:\Users\Admin\Python Advanced\Deep Learning - CV\Project\data\Dataset\Videos\W00585.mp4,0.575,chiếm đoạt,chiếm đoạt,Neutral / Unspecified,unknown,97,29.97,1280,720,506ad3ae8955ad23f4ab628324b2e23b,VALID
1168,W00590.mp4,C:\Users\Admin\Python Advanced\Deep Learning - CV\Project\data\Dataset\Videos\W00590.mp4,0.334,sĩ quan,sĩ quan,Neutral / Unspecified,unknown,86,29.97,1280,720,26ec67b72e85cee4c94df2e9fa9b2469,VALID
1169,W00591.mp4,C:\Users\Admin\Python Advanced\Deep Learning - CV\Project\data\Dataset\Videos\W00591.mp4,0.637,chiến thắng,chiến thắng,Neutral / Unspecified,unknown,97,29.97,1280,720,238df131ed2e5866ac88c87d371ce88a,VALID
1170,W00593.mp4,C:\Users\Admin\Python Advanced\Deep Learning - CV\Project\data\Dataset\Videos\W00593.mp4,1.0,chiêng,chiêng,Neutral / Unspecified,unknown,144,29.97,1280,720,f659d0e019ebcd5ec04604d2bdcf0713,VALID
1171,W00594.mp4,C:\Users\Admin\Python Advanced\Deep Learning - CV\Project\data\Dataset\Videos\W00594.mp4,0.97,chiều cao,chiều cao,Neutral / Unspecified,unknown,142,29.97,1280,720,27870cb26a200ce55918c598702941ab,VALID
1172,W00595.mp4,C:\Users\Admin\Python Advanced\Deep Learning - CV\Project\data\Dataset\Videos\W00595.mp4,0.541,chiều dài,chiều dài,Neutral / Unspecified,unknown,104,29.97,1280,720,2fc82bf76f2f08c5c9ec2669da4d3049,VALID
1173,W00596.mp4,C:\Users\Admin\Python Advanced\Deep Learning - CV\Project\data\Dataset\Videos\W00596.mp4,0.602,chiều rộng,chiều rộng,Neutral / Unspecified,unknown,113,29.97,1280,720,1396ff6fcb8d16cf1d00b9d3f854c59c,VALID
1174,W00597.mp4,C:\Users\Admin\Python Advanced\Deep Learning - CV\Project\data\Dataset\Videos\W00597.mp4,0.782,chiều tối,chiều tối,Neutral / Unspecified,unknown,102,29.97,1280,720,a347ec857e529b906f55ba02a63e1c62,VALID
1175,W00598.mp4,C:\Users\Admin\Python Advanced\Deep Learning - CV\Project\data\Dataset\Videos\W00598.mp4,0.373,chiếu,chiếu,Neutral / Unspecified,unknown,91,29.97,1280,720,dd528a4f3ecc9f7363d81ed27c86967c,VALID
1176,W00598T.mp4,C:\Users\Admin\Python Advanced\Deep Learning - CV\Project\data\Dataset\Videos\W00598T.mp4,0.51,chiếu,chiếu,T (Miền Trung / Central),unknown,113,29.97,1280,720,17ed9a88d2db589a85f34ad7bcf9f09a,VALID
1177,W00599.mp4,C:\Users\Admin\Python Advanced\Deep Learning - CV\Project\data\Dataset\Videos\W00599.mp4,0.603,chiếu phim,chiếu phim,Neutral / Unspecified,unknown,97,29.97,1280,720,e133d9cadd582aa6e2e890597e3379a0,VALID
1178,W00601.mp4,C:\Users\Admin\Python Advanced\Deep Learning - CV\Project\data\Dataset\Videos\W00601.mp4,0.538,cá mập,cá mập,Neutral / Unspecified,unknown,80,23.98,1280,720,c9be53f0a097661963b9d0a0115ae3b8,VALID
1179,W00602.mp4,C:\Users\Admin\Python Advanced\Deep Learning - CV\Project\data\Dataset\Videos\W00602.mp4,0.843,chim bồ câu,chim bồ câu,Neutral / Unspecified,unknown,132,29.97,1280,720,1f056152a998144e3cfb5d1510456a2a,VALID
1180,W00603.mp4,C:\Users\Admin\Python Advanced\Deep Learning - CV\Project\data\Dataset\Videos\W00603.mp4,0.968,chim chào mào,chim chào mào,Neutral / Unspecified,unknown,134,29.97,1280,720,f7c94403bce37d9d833764d911ea01da,VALID
1181,W00604.mp4,C:\Users\Admin\Python Advanced\Deep Learning - CV\Project\data\Dataset\Videos\W00604.mp4,0.55,chim chích chòe,chim chích chòe,Neutral / Unspecified,unknown,107,29.97,1280,720,4b896505564156f79bfe504e74e560c0,VALID
1182,W00605.mp4,C:\Users\Admin\Python Advanced\Deep Learning - CV\Project\data\Dataset\Videos\W00605.mp4,0.513,chim chóc,chim chóc,Neutral / Unspecified,unknown,100,29.97,1280,720,2aa98df5d5cec1f0291639401b6e2480,VALID
1183,W00606.mp4,C:\Users\Admin\Python Advanced\Deep Learning - CV\Project\data\Dataset\Videos\W00606.mp4,0.936,chim đại bàng,chim đại bàng,Neutral / Unspecified,unknown,120,29.97,1280,720,d0afae6c8b9aa2757382df1da098b75b,VALID
1184,W00608.mp4,C:\Users\Admin\Python Advanced\Deep Learning - CV\Project\data\Dataset\Videos\W00608.mp4,0.894,chim gõ kiến,chim gõ kiến,Neutral / Unspecified,unknown,133,29.97,1280,720,867ef9b77c009a90bff61da39f880c55,VALID
1185,W00610.mp4,C:\Users\Admin\Python Advanced\Deep Learning - CV\Project\data\Dataset\Videos\W00610.mp4,0.642,chim sâu,chim sâu,Neutral / Unspecified,unknown,106,29.97,1280,720,73b4d3424e1f317eed6a93296fdb3bc6,VALID
1186,W00611.mp4,C:\Users\Admin\Python Advanced\Deep Learning - CV\Project\data\Dataset\Videos\W00611.mp4,0.539,chim sẻ,chim sẻ,Neutral / Unspecified,unknown,93,29.97,1280,720,bd63550dfff7de8b2be38931baccb53a,VALID
1187,W00612.mp4,C:\Users\Admin\Python Advanced\Deep Learning - CV\Project\data\Dataset\Videos\W00612.mp4,0.519,chim sơn ca,chim sơn ca,Neutral / Unspecified,unknown,89,29.97,1280,720,0eb866f3f463b919cd807dee558be95b,VALID
1188,W00614.mp4,C:\Users\Admin\Python Advanced\Deep Learning - CV\Project\data\Dataset\Videos\W00614.mp4,0.976,chim yến,chim yến,Neutral / Unspecified,unknown,137,29.97,1280,720,a24c02c782cf199d72fe4b25b0f17fd9,VALID
1189,W00615.mp4,C:\Users\Admin\Python Advanced\Deep Learning - CV\Project\data\Dataset\Videos\W00615.mp4,0.387,chỉnh sửa,chỉnh sửa,Neutral / Unspecified,unknown,86,29.97,1280,720,3f5226e9dbe3e30b4db9e5c8ffaa1cd1,VALID
1190,W00616.mp4,C:\Users\Admin\Python Advanced\Deep Learning - CV\Project\data\Dataset\Videos\W00616.mp4,0.681,chín,chín,Neutral / Unspecified,unknown,117,29.97,1280,720,582e06f609976be4a98d4e3550e036fa,VALID
1191,W00617T.mp4,C:\Users\Admin\Python Advanced\Deep Learning - CV\Project\data\Dataset\Videos\W00617T.mp4,0.456,chính phủ,chính phủ,T (Miền Trung / Central),unknown,97,29.97,1280,720,6cebfe00d997e23f92c22b8b8e7a9b88,VALID
1192,W00619.mp4,C:\Users\Admin\Python Advanced\Deep Learning - CV\Project\data\Dataset\Videos\W00619.mp4,0.398,chính tả,chính tả,Neutral / Unspecified,unknown,83,29.97,1280,720,5b3a2e2c619c5a959e37e6fecff1d03b,VALID
1193,W00620B.mp4,C:\Users\Admin\Python Advanced\Deep Learning - CV\Project\data\Dataset\Videos\W00620B.mp4,0.405,chính xác,chính xác,B (Miền Bắc / North),unknown,85,29.97,1280,720,d07095d0726b16cced05fbae7eac0eaf,VALID
1194,W00620N.mp4,C:\Users\Admin\Python Advanced\Deep Learning - CV\Project\data\Dataset\Videos\W00620N.mp4,0.533,chính xác,chính xác,N (Miền Nam / South),unknown,92,29.97,1280,720,f1dca0e195c73e920edc96469b2ba130,VALID
1195,W00620T.mp4,C:\Users\Admin\Python Advanced\Deep Learning - CV\Project\data\Dataset\Videos\W00620T.mp4,0.533,chính xác,chính xác,T (Miền Trung / Central),unknown,92,29.97,1280,720,ae4afc9f6d96b6557e9508c36d8317b2,VALID
1196,W00623.mp4,C:\Users\Admin\Python Advanced\Deep Learning - CV\Project\data\Dataset\Videos\W00623.mp4,0.439,chó sói,chó sói,Neutral / Unspecified,unknown,91,29.97,1280,720,d792528e5772b0326a4af655d2f8fb21,VALID
1197,W00624.mp4,C:\Users\Admin\Python Advanced\Deep Learning - CV\Project\data\Dataset\Videos\W00624.mp4,0.798,chó xù,chó xù,Neutral / Unspecified,unknown,119,29.97,1280,720,297c3aef33c4329921a732f4caabe4a9,VALID
1198,W00625.mp4,C:\Users\Admin\Python Advanced\Deep Learning - CV\Project\data\Dataset\Videos\W00625.mp4,0.658,chọi gà,chọi gà,Neutral / Unspecified,unknown,100,29.97,1280,720,1a9045830757d3e5c008e12190c318d0,VALID
1199,W00626.mp4,C:\Users\Admin\Python Advanced\Deep Learning - CV\Project\data\Dataset\Videos\W00626.mp4,0.772,chọi trâu,chọi trâu,Neutral / Unspecified,unknown,107,29.97,1280,720,a3f19f0de94de720205e6a3d3eff17ff,VALID
1200,W00628.mp4,C:\Users\Admin\Python Advanced\Deep Learning - CV\Project\data\Dataset\Videos\W00628.mp4,0.814,chọn lọc,chọn lọc,Neutral / Unspecified,unknown,123,29.97,1280,720,3aa08e8cb9f483409108c6d9926813b3,VALID
1201,W00629.mp4,C:\Users\Admin\Python Advanced\Deep Learning - CV\Project\data\Dataset\Videos\W00629.mp4,0.585,chọn lựa,chọn lựa,Neutral / Unspecified,unknown,96,29.97,1280,720,c9fd5a0bd5d006d8a011dccb8e97bae8,VALID
1202,W00630.mp4,C:\Users\Admin\Python Advanced\Deep Learning - CV\Project\data\Dataset\Videos\W00630.mp4,0.597,chong chóng,chong chóng,Neutral / Unspecified,unknown,107,29.97,1280,720,e879a2e3ecde86deec86713493a5927a,VALID
1203,W00633B.mp4,C:\Users\Admin\Python Advanced\Deep Learning - CV\Project\data\Dataset\Videos\W00633B.mp4,0.432,chống đối,chống đối,B (Miền Bắc / North),unknown,77,29.97,1280,720,1a37a0ce9d128bd33f92284da9c97998,VALID
1204,W00633N.mp4,C:\Users\Admin\Python Advanced\Deep Learning - CV\Project\data\Dataset\Videos\W00633N.mp4,0.535,chống đối,chống đối,N (Miền Nam / South),unknown,75,29.97,1280,720,9a1659a1f0dab9e63bdab486f0655ac8,VALID
1205,W00633T.mp4,C:\Users\Admin\Python Advanced\Deep Learning - CV\Project\data\Dataset\Videos\W00633T.mp4,0.434,chống đối,chống đối,T (Miền Trung / Central),unknown,77,29.97,1280,720,77882c655a08c7f0345808e638fdb299,VALID
1206,W00634.mp4,C:\Users\Admin\Python Advanced\Deep Learning - CV\Project\data\Dataset\Videos\W00634.mp4,0.547,chợ Bến Thành,chợ bến thành,Neutral / Unspecified,unknown,97,29.97,1280,720,e2a5e2f51341d56473ea3011d9b63540,VALID
1207,W00635.mp4,C:\Users\Admin\Python Advanced\Deep Learning - CV\Project\data\Dataset\Videos\W00635.mp4,0.649,chợ nổi,chợ nổi,Neutral / Unspecified,unknown,115,29.97,1280,720,33054f1a22ec631143d24a32e9eeef93,VALID
1208,W00636.mp4,C:\Users\Admin\Python Advanced\Deep Learning - CV\Project\data\Dataset\Videos\W00636.mp4,0.845,chợ nổi Cái Bè,chợ nổi cái bè,Neutral / Unspecified,unknown,134,29.97,1280,720,1f3ef27b98cbc0cc14325425983df5f5,VALID
1209,W00637.mp4,C:\Users\Admin\Python Advanced\Deep Learning - CV\Project\data\Dataset\Videos\W00637.mp4,0.929,chợ nổi Cái Răng,chợ nổi cái răng,Neutral / Unspecified,unknown,148,29.97,1280,720,8cc8226cf264dbd1e91bd2b133200b27,VALID
1210,W00639B.mp4,C:\Users\Admin\Python Advanced\Deep Learning - CV\Project\data\Dataset\Videos\W00639B.mp4,0.433,chơi,chơi,B (Miền Bắc / North),unknown,76,29.97,1280,720,6c88ebc92a7dd954cf1eb42c3ea5e19c,VALID
1211,W00639T.mp4,C:\Users\Admin\Python Advanced\Deep Learning - CV\Project\data\Dataset\Videos\W00639T.mp4,0.427,chơi,chơi,T (Miền Trung / Central),unknown,76,29.97,1280,720,9d36b784a1939865723fe40743518530,VALID
1212,W00642.mp4,C:\Users\Admin\Python Advanced\Deep Learning - CV\Project\data\Dataset\Videos\W00642.mp4,0.679,chủ đề,chủ đề,Neutral / Unspecified,unknown,113,29.97,1280,720,dc9b1ff55f534c4856d3ce55821acaf0,VALID
1213,W00644.mp4,C:\Users\Admin\Python Advanced\Deep Learning - CV\Project\data\Dataset\Videos\W00644.mp4,0.63,chủ động,chủ động,Neutral / Unspecified,unknown,116,29.97,1280,720,6706178a110e790116d2c16e16ba1b55,VALID
1214,W00645.mp4,C:\Users\Admin\Python Advanced\Deep Learning - CV\Project\data\Dataset\Videos\W00645.mp4,0.595,chủ nghĩa xã hội,chủ nghĩa xã hội,Neutral / Unspecified,unknown,104,29.97,1280,720,9a404ab72859b33622ffeb04ba82f26c,VALID
1215,W00646.mp4,C:\Users\Admin\Python Advanced\Deep Learning - CV\Project\data\Dataset\Videos\W00646.mp4,0.642,chủ ngữ,chủ ngữ,Neutral / Unspecified,unknown,124,29.97,1280,720,58ed0695aa5c7ee8dbd0b444de55474e,VALID
1216,W00647.mp4,C:\Users\Admin\Python Advanced\Deep Learning - CV\Project\data\Dataset\Videos\W00647.mp4,0.355,chủ nhiệm,chủ nhiệm,Neutral / Unspecified,unknown,75,29.97,1280,720,ee37692a6cd896f285fcd1b7cf057e50,VALID
1217,W00648.mp4,C:\Users\Admin\Python Advanced\Deep Learning - CV\Project\data\Dataset\Videos\W00648.mp4,1.342,nước tới chân mới nhảy,nước tới chân mới nhảy,Neutral / Unspecified,unknown,248,29.97,1280,720,09f43340be24af4371a6f093aaaf211c,VALID
1218,W00649B.mp4,C:\Users\Admin\Python Advanced\Deep Learning - CV\Project\data\Dataset\Videos\W00649B.mp4,0.4,chủ tịch,chủ tịch,B (Miền Bắc / North),unknown,92,29.97,1280,720,e9a1701afc48aafe36f4b646513e65a0,VALID
1219,W00649N.mp4,C:\Users\Admin\Python Advanced\Deep Learning - CV\Project\data\Dataset\Videos\W00649N.mp4,0.59,chủ tịch,chủ tịch,N (Miền Nam / South),unknown,97,29.97,1280,720,e110e8a3e156e3d4924afac6e4ff485d,VALID
1220,W00649T.mp4,C:\Users\Admin\Python Advanced\Deep Learning - CV\Project\data\Dataset\Videos\W00649T.mp4,0.591,chủ tịch,chủ tịch,T (Miền Trung / Central),unknown,97,29.97,1280,720,d8433f814fc722732cd6b0f6abfab3bd,VALID
1221,W00650.mp4,C:\Users\Admin\Python Advanced\Deep Learning - CV\Project\data\Dataset\Videos\W00650.mp4,0.585,chú hề,chú hề,Neutral / Unspecified,unknown,94,29.97,1280,720,a5c0e95b42995c52a154444d54b84d3a,VALID
1222,W00651.mp4,C:\Users\Admin\Python Advanced\Deep Learning - CV\Project\data\Dataset\Videos\W00651.mp4,0.507,chú rể,chú rể,Neutral / Unspecified,unknown,99,29.97,1280,720,c7d0cd9d76fecdd59e7a2da14dc51a67,VALID
1223,W00652.mp4,C:\Users\Admin\Python Advanced\Deep Learning - CV\Project\data\Dataset\Videos\W00652.mp4,0.708,chú tễu,chú tễu,Neutral / Unspecified,unknown,145,29.97,1280,720,35c2b6823780f51d0a11054a6e709290,VALID
1224,W00653.mp4,C:\Users\Admin\Python Advanced\Deep Learning - CV\Project\data\Dataset\Videos\W00653.mp4,0.465,thích nghi,thích nghi,Neutral / Unspecified,unknown,63,23.98,1280,720,6574886aa5b58c448683ed976f1ca674,VALID
1225,W00654.mp4,C:\Users\Admin\Python Advanced\Deep Learning - CV\Project\data\Dataset\Videos\W00654.mp4,0.35,chú ý,chú ý,Neutral / Unspecified,unknown,76,29.97,1280,720,82bd89ec96d4accaab9f51fa143776d5,VALID
1226,W00655B.mp4,C:\Users\Admin\Python Advanced\Deep Learning - CV\Project\data\Dataset\Videos\W00655B.mp4,0.501,chùa,chùa,B (Miền Bắc / North),unknown,90,29.97,1280,720,94a6957e3bca83c13295d1958e767f8d,VALID
1227,W00655N.mp4,C:\Users\Admin\Python Advanced\Deep Learning - CV\Project\data\Dataset\Videos\W00655N.mp4,0.679,chùa,chùa,N (Miền Nam / South),unknown,118,29.97,1280,720,ee70cc2b39d2ccc2323bcfe0f82141c4,VALID
1228,W00655T.mp4,C:\Users\Admin\Python Advanced\Deep Learning - CV\Project\data\Dataset\Videos\W00655T.mp4,0.813,chùa,chùa,T (Miền Trung / Central),unknown,152,29.97,1280,720,af2ec5094495c22a44f9dfb07ab6caeb,VALID
1229,W00657.mp4,C:\Users\Admin\Python Advanced\Deep Learning - CV\Project\data\Dataset\Videos\W00657.mp4,0.789,chùa Hương,chùa hương,Neutral / Unspecified,unknown,146,29.97,1280,720,c54ceb9b51aaff9bc331afe29e241f52,VALID
1230,W00658.mp4,C:\Users\Admin\Python Advanced\Deep Learning - CV\Project\data\Dataset\Videos\W00658.mp4,0.615,chùa Một Cột,chùa một cột,Neutral / Unspecified,unknown,99,29.97,1280,720,2e129c71a6849dd70c38c022162176f3,VALID
1231,W00662B.mp4,C:\Users\Admin\Python Advanced\Deep Learning - CV\Project\data\Dataset\Videos\W00662B.mp4,0.428,chuẩn bị,chuẩn bị,B (Miền Bắc / North),unknown,84,29.97,1280,720,27afeaa5b9f179056cc7566d37505163,VALID
1232,W00662N.mp4,C:\Users\Admin\Python Advanced\Deep Learning - CV\Project\data\Dataset\Videos\W00662N.mp4,0.375,chuẩn bị,chuẩn bị,N (Miền Nam / South),unknown,76,29.97,1280,720,b0de6a856bcf5cc249db8a606f3e4463,VALID
1233,W00662T.mp4,C:\Users\Admin\Python Advanced\Deep Learning - CV\Project\data\Dataset\Videos\W00662T.mp4,0.375,chuẩn bị,chuẩn bị,T (Miền Trung / Central),unknown,76,29.97,1280,720,d7e3ce0e887c56a3cdabe715865399b0,VALID
1234,W00663B.mp4,C:\Users\Admin\Python Advanced\Deep Learning - CV\Project\data\Dataset\Videos\W00663B.mp4,0.415,chúc mừng,chúc mừng,B (Miền Bắc / North),unknown,77,29.97,1280,720,916ce2e556c9f49e8dc3db74b4e906f2,VALID
1235,W00664B.mp4,C:\Users\Admin\Python Advanced\Deep Learning - CV\Project\data\Dataset\Videos\W00664B.mp4,0.65,chúc tết,chúc tết,B (Miền Bắc / North),unknown,96,29.97,1280,720,ab520aeb146c36d4141253a17fcd2f69,VALID
1236,W00664N.mp4,C:\Users\Admin\Python Advanced\Deep Learning - CV\Project\data\Dataset\Videos\W00664N.mp4,0.798,chúc tết,chúc tết,N (Miền Nam / South),unknown,134,29.97,1280,720,b588034bf840d155f889b3564a895588,VALID
1237,W00664T.mp4,C:\Users\Admin\Python Advanced\Deep Learning - CV\Project\data\Dataset\Videos\W00664T.mp4,0.686,chúc tết,chúc tết,T (Miền Trung / Central),unknown,118,29.97,1280,720,ab048a7e50a12e365589bc3603f6d7df,VALID
1238,W00665B.mp4,C:\Users\Admin\Python Advanced\Deep Learning - CV\Project\data\Dataset\Videos\W00665B.mp4,0.586,chúc thọ,chúc thọ,B (Miền Bắc / North),unknown,108,29.97,1280,720,2b8709c59e6ebc3f51a2a740f7d4b38a,VALID
1239,W00665N.mp4,C:\Users\Admin\Python Advanced\Deep Learning - CV\Project\data\Dataset\Videos\W00665N.mp4,0.705,chúc thọ,chúc thọ,N (Miền Nam / South),unknown,111,29.97,1280,720,849448ed8ef7310d7a16a411db0b0e2e,VALID
1240,W00665T.mp4,C:\Users\Admin\Python Advanced\Deep Learning - CV\Project\data\Dataset\Videos\W00665T.mp4,0.702,chúc thọ,chúc thọ,T (Miền Trung / Central),unknown,111,29.97,1280,720,ec66a29b9c3fe6e8be18ba8daf014cad,VALID
1241,W00666.mp4,C:\Users\Admin\Python Advanced\Deep Learning - CV\Project\data\Dataset\Videos\W00666.mp4,0.354,chục,chục,Neutral / Unspecified,unknown,86,29.97,1280,720,419a38c60fb1c5892a3aadf4a0c4cadf,VALID
1242,W00667.mp4,C:\Users\Admin\Python Advanced\Deep Learning - CV\Project\data\Dataset\Videos\W00667.mp4,0.387,chục nghìn,chục nghìn,Neutral / Unspecified,unknown,85,29.97,1280,720,b36acb438d79731677f06ab3d0f5c77e,VALID
1243,W00668.mp4,C:\Users\Admin\Python Advanced\Deep Learning - CV\Project\data\Dataset\Videos\W00668.mp4,0.36,chục triệu,chục triệu,Neutral / Unspecified,unknown,84,29.97,1280,720,19ec73044c3d23785b6a6a80fb0c8ecb,VALID
1244,W00669.mp4,C:\Users\Admin\Python Advanced\Deep Learning - CV\Project\data\Dataset\Videos\W00669.mp4,0.543,chui,chui,Neutral / Unspecified,unknown,89,29.97,1280,720,169a8f89a87b3d48b0fc3d934632a4ef,VALID
1245,W00671.mp4,C:\Users\Admin\Python Advanced\Deep Learning - CV\Project\data\Dataset\Videos\W00671.mp4,0.478,chúi đầu,chúi đầu,Neutral / Unspecified,unknown,86,29.97,1280,720,8d7cd59d6f7e51d059901b32fd6c6fef,VALID
1246,W00672.mp4,C:\Users\Admin\Python Advanced\Deep Learning - CV\Project\data\Dataset\Videos\W00672.mp4,0.418,chum,chum,Neutral / Unspecified,unknown,79,29.97,1280,720,c2546c3a84f1b87c4320de5a9e4aa559,VALID
1247,W00673.mp4,C:\Users\Admin\Python Advanced\Deep Learning - CV\Project\data\Dataset\Videos\W00673.mp4,0.424,chùm hoa,chùm hoa,Neutral / Unspecified,unknown,79,29.97,1280,720,7d45d4e364f5bc73850ff81db7b5e39e,VALID
1248,W00676.mp4,C:\Users\Admin\Python Advanced\Deep Learning - CV\Project\data\Dataset\Videos\W00676.mp4,0.515,chùm nho,chùm nho,Neutral / Unspecified,unknown,95,29.97,1280,720,eed3d9d58a764e09b223b4134286195b,VALID
1249,W00677.mp4,C:\Users\Admin\Python Advanced\Deep Learning - CV\Project\data\Dataset\Videos\W00677.mp4,0.445,chùm vải,chùm vải,Neutral / Unspecified,unknown,91,29.97,1280,720,cbcf45f0856bae30b059e46d97e8bfcc,VALID
1250,W00678.mp4,C:\Users\Admin\Python Advanced\Deep Learning - CV\Project\data\Dataset\Videos\W00678.mp4,0.471,chung kết,chung kết,Neutral / Unspecified,unknown,89,29.97,1280,720,842741e7e917dc4dabadc239bb49f603,VALID
1251,W00679.mp4,C:\Users\Admin\Python Advanced\Deep Learning - CV\Project\data\Dataset\Videos\W00679.mp4,0.702,chuỗi hạt,chuỗi hạt,Neutral / Unspecified,unknown,154,29.97,1280,720,9f9f606cb60794cbd6c574e7c0259ef2,VALID
1252,W00683.mp4,C:\Users\Admin\Python Advanced\Deep Learning - CV\Project\data\Dataset\Videos\W00683.mp4,0.423,chuông,chuông,Neutral / Unspecified,unknown,87,29.97,1280,720,877472f951bfd03195694fba6b7c89d8,VALID
1253,W00684.mp4,C:\Users\Admin\Python Advanced\Deep Learning - CV\Project\data\Dataset\Videos\W00684.mp4,0.469,chuông nhà,chuông nhà,Neutral / Unspecified,unknown,89,29.97,1280,720,a78c76b4d53d506834053a51e64f55bf,VALID
1254,W00685.mp4,C:\Users\Admin\Python Advanced\Deep Learning - CV\Project\data\Dataset\Videos\W00685.mp4,0.669,chuồng,chuồng,Neutral / Unspecified,unknown,127,29.97,1280,720,cbdf9bd8f51694a1fc35f3f7b555d6b9,VALID
1255,W00686.mp4,C:\Users\Admin\Python Advanced\Deep Learning - CV\Project\data\Dataset\Videos\W00686.mp4,0.336,chuột quang,chuột quang,Neutral / Unspecified,unknown,92,29.97,1280,720,c7c8af45641245cea61fb2789de378fd,VALID
1256,W00687.mp4,C:\Users\Admin\Python Advanced\Deep Learning - CV\Project\data\Dataset\Videos\W00687.mp4,0.437,chụp ảnh,chụp ảnh,Neutral / Unspecified,unknown,78,29.97,1280,720,fa47d02685332cb77b894028048d5f3c,VALID
1257,W00688.mp4,C:\Users\Admin\Python Advanced\Deep Learning - CV\Project\data\Dataset\Videos\W00688.mp4,0.537,chụp đèn,chụp đèn,Neutral / Unspecified,unknown,99,29.97,1280,720,6ea6a6d9bcb5d5f09409b3e04e0cf49b,VALID
1258,W00689.mp4,C:\Users\Admin\Python Advanced\Deep Learning - CV\Project\data\Dataset\Videos\W00689.mp4,0.467,chuyên biệt,chuyên biệt,Neutral / Unspecified,unknown,64,23.98,1280,720,a8e102e2e339ca94a14063ab33ca8467,VALID
1259,W00690.mp4,C:\Users\Admin\Python Advanced\Deep Learning - CV\Project\data\Dataset\Videos\W00690.mp4,0.864,chuyên cần,chuyên cần,Neutral / Unspecified,unknown,133,29.97,1280,720,3597a7b2d55b87439cfecf2eb454e6f7,VALID
1260,W00691B.mp4,C:\Users\Admin\Python Advanced\Deep Learning - CV\Project\data\Dataset\Videos\W00691B.mp4,0.564,chuyên gia,chuyên gia,B (Miền Bắc / North),unknown,107,29.97,1280,720,f6e6e7152287a1ba09345c54b2013ad9,VALID
1261,W00691N.mp4,C:\Users\Admin\Python Advanced\Deep Learning - CV\Project\data\Dataset\Videos\W00691N.mp4,0.603,chuyên gia,chuyên gia,N (Miền Nam / South),unknown,92,29.97,1280,720,1293acabaac3ac2f69a04821bbe1d941,VALID
1262,W00691T.mp4,C:\Users\Admin\Python Advanced\Deep Learning - CV\Project\data\Dataset\Videos\W00691T.mp4,0.602,chuyên gia,chuyên gia,T (Miền Trung / Central),unknown,92,29.97,1280,720,31676bccc71ebd7100a94ed681724c93,VALID
1263,W00693.mp4,C:\Users\Admin\Python Advanced\Deep Learning - CV\Project\data\Dataset\Videos\W00693.mp4,0.618,chim chuyền cành,chim chuyền cành,Neutral / Unspecified,unknown,121,29.97,1280,720,785dd5f12424d17e2e9b03b3826813fe,VALID
1264,W00694.mp4,C:\Users\Admin\Python Advanced\Deep Learning - CV\Project\data\Dataset\Videos\W00694.mp4,0.337,chuyển đồ,chuyển đồ,Neutral / Unspecified,unknown,76,29.97,1280,720,46d49ffa8c5dd2a364150cb12d3dc9bf,VALID
1265,W00696.mp4,C:\Users\Admin\Python Advanced\Deep Learning - CV\Project\data\Dataset\Videos\W00696.mp4,0.713,chuyển đổi số đo,chuyển đổi số đo,Neutral / Unspecified,unknown,131,29.97,1280,720,713a21a202967340cfdb5e63a3ef613e,VALID
1266,W00697.mp4,C:\Users\Admin\Python Advanced\Deep Learning - CV\Project\data\Dataset\Videos\W00697.mp4,0.289,chuyển động,chuyển động,Neutral / Unspecified,unknown,73,29.97,1280,720,292ca2a26a9b37e97efd2059cdf69a23,VALID
1267,W00698.mp4,C:\Users\Admin\Python Advanced\Deep Learning - CV\Project\data\Dataset\Videos\W00698.mp4,0.527,chuyển động đều,chuyển động đều,Neutral / Unspecified,unknown,107,29.97,1280,720,8a5661fd9254974bb674cac0265a9527,VALID
1268,W00699.mp4,C:\Users\Admin\Python Advanced\Deep Learning - CV\Project\data\Dataset\Videos\W00699.mp4,1.055,chuyển động quay,chuyển động quay,Neutral / Unspecified,unknown,201,29.97,1280,720,25ecb93b6b6a12fd8f76ec1f43945582,VALID
1269,W00701.mp4,C:\Users\Admin\Python Advanced\Deep Learning - CV\Project\data\Dataset\Videos\W00701.mp4,0.518,chuyển hướng,chuyển hướng,Neutral / Unspecified,unknown,107,29.97,1280,720,501bf3b4a77e970db4c964720a6de279,VALID
1270,W00702.mp4,C:\Users\Admin\Python Advanced\Deep Learning - CV\Project\data\Dataset\Videos\W00702.mp4,0.475,chuyển vế,chuyển vế,Neutral / Unspecified,unknown,91,29.97,1280,720,8428977ea50014a2d33501d61f2b6e19,VALID
1271,W00703.mp4,C:\Users\Admin\Python Advanced\Deep Learning - CV\Project\data\Dataset\Videos\W00703.mp4,0.437,chuyện trò,chuyện trò,Neutral / Unspecified,unknown,83,29.97,1280,720,63e5e9a13e16b776c10b50e0f2043283,VALID
1272,W00706.mp4,C:\Users\Admin\Python Advanced\Deep Learning - CV\Project\data\Dataset\Videos\W00706.mp4,0.437,chữ hoa,chữ hoa,Neutral / Unspecified,unknown,94,29.97,1280,720,9d85e1b4000ba1ad3883a2685630b9b3,VALID
1273,W00707.mp4,C:\Users\Admin\Python Advanced\Deep Learning - CV\Project\data\Dataset\Videos\W00707.mp4,0.576,chữ viết,chữ viết,Neutral / Unspecified,unknown,104,29.97,1280,720,2a0f23d31a204d24964ef98c644d075d,VALID
1274,W00708B.mp4,C:\Users\Admin\Python Advanced\Deep Learning - CV\Project\data\Dataset\Videos\W00708B.mp4,0.485,chữa bài,chữa bài,B (Miền Bắc / North),unknown,103,29.97,1280,720,2eb43cbe77e6e11995b368011a8cf179,VALID
1275,W00708N.mp4,C:\Users\Admin\Python Advanced\Deep Learning - CV\Project\data\Dataset\Videos\W00708N.mp4,0.81,chữa bài,chữa bài,N (Miền Nam / South),unknown,140,29.97,1280,720,657406f8710f329f43d4f7185f026e88,VALID
1276,W00708T.mp4,C:\Users\Admin\Python Advanced\Deep Learning - CV\Project\data\Dataset\Videos\W00708T.mp4,0.486,chữa bài,chữa bài,T (Miền Trung / Central),unknown,103,29.97,1280,720,13a8ea73a89ccf6042f687f57c2a915a,VALID
1277,W00709.mp4,C:\Users\Admin\Python Advanced\Deep Learning - CV\Project\data\Dataset\Videos\W00709.mp4,0.828,chữa cháy,chữa cháy,Neutral / Unspecified,unknown,123,29.97,1280,720,7445fb90b58fc0dc51c64b8ddfa709d0,VALID
1278,W00712.mp4,C:\Users\Admin\Python Advanced\Deep Learning - CV\Project\data\Dataset\Videos\W00712.mp4,0.651,chứng kiến,chứng kiến,Neutral / Unspecified,unknown,109,29.97,1280,720,468ff1e1446a21c4e7c6c8a5a3a6f4aa,VALID
1279,W00713.mp4,C:\Users\Admin\Python Advanced\Deep Learning - CV\Project\data\Dataset\Videos\W00713.mp4,0.386,chương trình,chương trình,Neutral / Unspecified,unknown,76,29.97,1280,720,a5591ce2794712b4267451dcf1d8671c,VALID
1280,W00714.mp4,C:\Users\Admin\Python Advanced\Deep Learning - CV\Project\data\Dataset\Videos\W00714.mp4,0.456,chữ,chữ,Neutral / Unspecified,unknown,92,29.97,1280,720,9b15bee57e553248d65327d34615d9fe,VALID
1281,W00716.mp4,C:\Users\Admin\Python Advanced\Deep Learning - CV\Project\data\Dataset\Videos\W00716.mp4,0.646,chữa bệnh,chữa bệnh,Neutral / Unspecified,unknown,99,29.97,1280,720,2c6757a5c52442cd45dcaaf331b11cb4,VALID
1282,W00718.mp4,C:\Users\Admin\Python Advanced\Deep Learning - CV\Project\data\Dataset\Videos\W00718.mp4,0.583,chứng cớ,chứng cớ,Neutral / Unspecified,unknown,110,29.97,1280,720,236d1a169e7c45922166359c3f86b1a7,VALID
1283,W00719.mp4,C:\Users\Admin\Python Advanced\Deep Learning - CV\Project\data\Dataset\Videos\W00719.mp4,0.789,chứng minh,chứng minh,Neutral / Unspecified,unknown,122,29.97,1280,720,795c23dd970e8125a5893d640f0b7a52,VALID
1284,W00721.mp4,C:\Users\Admin\Python Advanced\Deep Learning - CV\Project\data\Dataset\Videos\W00721.mp4,0.583,co dãn,co dãn,Neutral / Unspecified,unknown,117,29.97,1280,720,fb2cbe1e0cff5f1e11eedf20aa8c8d4e,VALID
1285,W00722.mp4,C:\Users\Admin\Python Advanced\Deep Learning - CV\Project\data\Dataset\Videos\W00722.mp4,0.524,co giật,co giật,Neutral / Unspecified,unknown,98,29.97,1280,720,9cba7b4a19575d79322d8057373198ed,VALID
1286,W00724.mp4,C:\Users\Admin\Python Advanced\Deep Learning - CV\Project\data\Dataset\Videos\W00724.mp4,1.041,cỏ may,cỏ may,Neutral / Unspecified,unknown,215,29.97,1280,720,73bc8cb441e1b38d1aa3899f91b163a6,VALID
1287,W00726.mp4,C:\Users\Admin\Python Advanced\Deep Learning - CV\Project\data\Dataset\Videos\W00726.mp4,0.414,có ích,có ích,Neutral / Unspecified,unknown,88,29.97,1280,720,40f1179214b055e84d97fd2c174ed3ef,VALID
1288,W00728.mp4,C:\Users\Admin\Python Advanced\Deep Learning - CV\Project\data\Dataset\Videos\W00728.mp4,0.71,trọng nam khinh nữ,trọng nam khinh nữ,Neutral / Unspecified,unknown,80,23.98,1280,720,8bcb6c4c7cead0358390d5f097c8ea45,VALID
1289,W00729.mp4,C:\Users\Admin\Python Advanced\Deep Learning - CV\Project\data\Dataset\Videos\W00729.mp4,0.349,còi,còi,Neutral / Unspecified,unknown,78,29.97,1280,720,5a31b7d4dc2201328ab1907fe8f25624,VALID
1290,W00730.mp4,C:\Users\Admin\Python Advanced\Deep Learning - CV\Project\data\Dataset\Videos\W00730.mp4,0.467,còi xương,còi xương,Neutral / Unspecified,unknown,92,29.97,1280,720,e7c1767f3f4c687ebf526674794a1d1d,VALID
1291,W00731.mp4,C:\Users\Admin\Python Advanced\Deep Learning - CV\Project\data\Dataset\Videos\W00731.mp4,0.586,coi thường,coi thường,Neutral / Unspecified,unknown,80,23.98,1280,720,17eeb4cbeba5f8dc76f350aa27053d52,VALID
1292,W00732.mp4,C:\Users\Admin\Python Advanced\Deep Learning - CV\Project\data\Dataset\Videos\W00732.mp4,0.793,máy vi tính,máy vi tính,Neutral / Unspecified,unknown,173,29.97,1280,720,d64f6daa9db307e34a4d5b999ac6ded4,VALID
1293,W00733.mp4,C:\Users\Admin\Python Advanced\Deep Learning - CV\Project\data\Dataset\Videos\W00733.mp4,0.441,con ba ba,con ba ba,Neutral / Unspecified,unknown,92,29.97,1280,720,8b01579fcd6119bfbe05add01a6b4789,VALID
1294,W00734B.mp4,C:\Users\Admin\Python Advanced\Deep Learning - CV\Project\data\Dataset\Videos\W00734B.mp4,0.495,con bê,con bê,B (Miền Bắc / North),unknown,93,29.97,1280,720,6bdab932db86705559df50e446febac0,VALID
1295,W00734N.mp4,C:\Users\Admin\Python Advanced\Deep Learning - CV\Project\data\Dataset\Videos\W00734N.mp4,0.433,con bê,con bê,N (Miền Nam / South),unknown,69,29.97,1280,720,1de5067950b9fd139af3d29921f5662a,VALID
1296,W00734T.mp4,C:\Users\Admin\Python Advanced\Deep Learning - CV\Project\data\Dataset\Videos\W00734T.mp4,0.691,con bê,con bê,T (Miền Trung / Central),unknown,112,29.97,1280,720,108f2befc2cc035d569e368b7f405526,VALID
1297,W00735T.mp4,C:\Users\Admin\Python Advanced\Deep Learning - CV\Project\data\Dataset\Videos\W00735T.mp4,0.435,con bò,con bò,T (Miền Trung / Central),unknown,74,29.97,1280,720,f36cc6350896c15f0fef5039263659bd,VALID
1298,W00736.mp4,C:\Users\Admin\Python Advanced\Deep Learning - CV\Project\data\Dataset\Videos\W00736.mp4,0.534,con bướm,con bướm,Neutral / Unspecified,unknown,108,29.97,1280,720,c48aedfd5f1002ba83153a05e93c87c0,VALID
1299,W00737B.mp4,C:\Users\Admin\Python Advanced\Deep Learning - CV\Project\data\Dataset\Videos\W00737B.mp4,0.38,con cá,con cá,B (Miền Bắc / North),unknown,82,29.97,1280,720,73dc950287f9ca32aeeed2e63718a2b5,VALID
1300,W00737N.mp4,C:\Users\Admin\Python Advanced\Deep Learning - CV\Project\data\Dataset\Videos\W00737N.mp4,0.401,con cá,con cá,N (Miền Nam / South),unknown,72,29.97,1280,720,ec680b7b1d5641b26ebd4450a789fe59,VALID
1301,W00737T.mp4,C:\Users\Admin\Python Advanced\Deep Learning - CV\Project\data\Dataset\Videos\W00737T.mp4,0.38,con cá,con cá,T (Miền Trung / Central),unknown,82,29.97,1280,720,4a6898771280bedb33a8db7e46e43e24,VALID
1302,W00738.mp4,C:\Users\Admin\Python Advanced\Deep Learning - CV\Project\data\Dataset\Videos\W00738.mp4,1.234,con chim,con chim,Neutral / Unspecified,unknown,182,29.97,1280,720,acada1c5390cf425bc38a943f6ab33d6,VALID
1303,W00739B.mp4,C:\Users\Admin\Python Advanced\Deep Learning - CV\Project\data\Dataset\Videos\W00739B.mp4,0.321,con chó,con chó,B (Miền Bắc / North),unknown,72,29.97,1280,720,acfd8fa3e75dba16a30d84a61f3c31d8,VALID
1304,W00739N.mp4,C:\Users\Admin\Python Advanced\Deep Learning - CV\Project\data\Dataset\Videos\W00739N.mp4,0.539,con chó,con chó,N (Miền Nam / South),unknown,71,29.97,1280,720,692197c6734a06d090d61907201378af,VALID
1305,W00739T.mp4,C:\Users\Admin\Python Advanced\Deep Learning - CV\Project\data\Dataset\Videos\W00739T.mp4,0.537,con chó,con chó,T (Miền Trung / Central),unknown,71,29.97,1280,720,6d4dce2e1b45fd952e53aaf1a5869063,VALID
1306,W00740.mp4,C:\Users\Admin\Python Advanced\Deep Learning - CV\Project\data\Dataset\Videos\W00740.mp4,0.541,con chồn,con chồn,Neutral / Unspecified,unknown,86,29.97,1280,720,150fa03ea1ccdb751baea448ae6bdbce,VALID
1307,W00741.mp4,C:\Users\Admin\Python Advanced\Deep Learning - CV\Project\data\Dataset\Videos\W00741.mp4,0.342,con chuồn chuồn,con chuồn chuồn,Neutral / Unspecified,unknown,71,29.97,1280,720,c8b8a600451f7aba282167fa2e11f671,VALID
1308,W00742B.mp4,C:\Users\Admin\Python Advanced\Deep Learning - CV\Project\data\Dataset\Videos\W00742B.mp4,0.336,con chuột,con chuột,B (Miền Bắc / North),unknown,74,29.97,1280,720,f4b5d0abe09e84e56063e440a1b27fff,VALID
1309,W00742N.mp4,C:\Users\Admin\Python Advanced\Deep Learning - CV\Project\data\Dataset\Videos\W00742N.mp4,0.545,con chuột,con chuột,N (Miền Nam / South),unknown,105,29.97,1280,720,a4c201390084e84ff5f419a3c59865dd,VALID
1310,W00742T.mp4,C:\Users\Admin\Python Advanced\Deep Learning - CV\Project\data\Dataset\Videos\W00742T.mp4,0.526,con chuột,con chuột,T (Miền Trung / Central),unknown,105,29.97,1280,720,a3b25547a724aba2fdd7a87071713e6c,VALID
1311,W00743.mp4,C:\Users\Admin\Python Advanced\Deep Learning - CV\Project\data\Dataset\Videos\W00743.mp4,0.438,con chuột nhắt,con chuột nhắt,Neutral / Unspecified,unknown,89,29.97,1280,720,b1078b449df5540676ecbb90ea4f850e,VALID
1312,W00745.mp4,C:\Users\Admin\Python Advanced\Deep Learning - CV\Project\data\Dataset\Videos\W00745.mp4,1.142,con cò,con cò,Neutral / Unspecified,unknown,197,29.97,1280,720,744a0c490a74f0e89a65709e98e8c847,VALID
1313,W00746.mp4,C:\Users\Admin\Python Advanced\Deep Learning - CV\Project\data\Dataset\Videos\W00746.mp4,0.412,con cóc,con cóc,Neutral / Unspecified,unknown,94,29.97,1280,720,f46fa1ad6cb8ae66a903980eb7588fd9,VALID
1314,W00747B.mp4,C:\Users\Admin\Python Advanced\Deep Learning - CV\Project\data\Dataset\Videos\W00747B.mp4,0.594,con cọp,con cọp,B (Miền Bắc / North),unknown,99,29.97,1280,720,7cffc229fa9162b2fdb655ced776e568,VALID
1315,W00747N.mp4,C:\Users\Admin\Python Advanced\Deep Learning - CV\Project\data\Dataset\Videos\W00747N.mp4,0.685,con cọp,con cọp,N (Miền Nam / South),unknown,103,29.97,1280,720,f2de663e1d1cb0d9798e5817ac92d41e,VALID
1316,W00747T.mp4,C:\Users\Admin\Python Advanced\Deep Learning - CV\Project\data\Dataset\Videos\W00747T.mp4,0.689,con cọp,con cọp,T (Miền Trung / Central),unknown,103,29.97,1280,720,45124bad90838427dad3e28f8ecdfd47,VALID
1317,W00748.mp4,C:\Users\Admin\Python Advanced\Deep Learning - CV\Project\data\Dataset\Videos\W00748.mp4,0.502,con công,con công,Neutral / Unspecified,unknown,98,29.97,1280,720,075d27b4f5d6f4a6fddf16a4d1e4490b,VALID
1318,W00749.mp4,C:\Users\Admin\Python Advanced\Deep Learning - CV\Project\data\Dataset\Videos\W00749.mp4,0.43,con cua,con cua,Neutral / Unspecified,unknown,87,29.97,1280,720,e6a329cc9a44b89391bbc3b1f1ed0c96,VALID
1319,W00750.mp4,C:\Users\Admin\Python Advanced\Deep Learning - CV\Project\data\Dataset\Videos\W00750.mp4,0.558,con cú mèo,con cú mèo,Neutral / Unspecified,unknown,107,29.97,1280,720,0521df6eb58d298f253d9e6c6837ee55,VALID
1320,W00751.mp4,C:\Users\Admin\Python Advanced\Deep Learning - CV\Project\data\Dataset\Videos\W00751.mp4,0.857,con cừu,con cừu,Neutral / Unspecified,unknown,127,29.97,1280,720,a65db6104dfc4d1b6439716e4a3a383f,VALID
1321,W00752.mp4,C:\Users\Admin\Python Advanced\Deep Learning - CV\Project\data\Dataset\Videos\W00752.mp4,0.399,con dâu,con dâu,Neutral / Unspecified,unknown,90,29.97,1280,720,0bd20e180f92c5869b476fa82780c9cf,VALID
1322,W00753.mp4,C:\Users\Admin\Python Advanced\Deep Learning - CV\Project\data\Dataset\Videos\W00753.mp4,0.494,con dê,con dê,Neutral / Unspecified,unknown,83,29.97,1280,720,f28fce44cfd0023dd641cec5be10346f,VALID
1323,W00754.mp4,C:\Users\Admin\Python Advanced\Deep Learning - CV\Project\data\Dataset\Videos\W00754.mp4,0.417,con dế,con dế,Neutral / Unspecified,unknown,79,29.97,1280,720,4c9de7add93a6ea92e8f9ed3a2303f67,VALID
1324,W00755.mp4,C:\Users\Admin\Python Advanced\Deep Learning - CV\Project\data\Dataset\Videos\W00755.mp4,0.529,con đẻ,con đẻ,Neutral / Unspecified,unknown,103,29.97,1280,720,f8414968fc9b35bc6dedd496bec93367,VALID
1325,W00757.mp4,C:\Users\Admin\Python Advanced\Deep Learning - CV\Project\data\Dataset\Videos\W00757.mp4,0.614,con đường,con đường,Neutral / Unspecified,unknown,96,29.97,1280,720,dbac9c704ea402de3a6fb12566073947,VALID
1326,W00758B.mp4,C:\Users\Admin\Python Advanced\Deep Learning - CV\Project\data\Dataset\Videos\W00758B.mp4,0.393,con ếch,con ếch,B (Miền Bắc / North),unknown,77,29.97,1280,720,e0a524ee1d066a4067a9cd7fd40a6352,VALID
1327,W00758N.mp4,C:\Users\Admin\Python Advanced\Deep Learning - CV\Project\data\Dataset\Videos\W00758N.mp4,0.506,con ếch,con ếch,N (Miền Nam / South),unknown,88,29.97,1280,720,9a85c8027d8ccb5a84b404ea06efd15c,VALID
1328,W00758T.mp4,C:\Users\Admin\Python Advanced\Deep Learning - CV\Project\data\Dataset\Videos\W00758T.mp4,0.523,con ếch,con ếch,T (Miền Trung / Central),unknown,111,29.97,1280,720,63f25d38ba679529362422fc5a33d4ba,VALID
1329,W00759.mp4,C:\Users\Admin\Python Advanced\Deep Learning - CV\Project\data\Dataset\Videos\W00759.mp4,0.478,con gà,con gà,Neutral / Unspecified,unknown,95,29.97,1280,720,55e3d74eb18305c40a47b9dfa90828b9,VALID
1330,W00760.mp4,C:\Users\Admin\Python Advanced\Deep Learning - CV\Project\data\Dataset\Videos\W00760.mp4,0.333,con gái,con gái,Neutral / Unspecified,unknown,87,29.97,1280,720,d140249fffa367f649f895f8a46bccf9,VALID
1331,W00761.mp4,C:\Users\Admin\Python Advanced\Deep Learning - CV\Project\data\Dataset\Videos\W00761.mp4,0.61,con gấu,con gấu,Neutral / Unspecified,unknown,84,29.97,1280,720,8bbef551b198e50814c95801228bfaf2,VALID
1332,W00762.mp4,C:\Users\Admin\Python Advanced\Deep Learning - CV\Project\data\Dataset\Videos\W00762.mp4,0.542,con ghẹ,con ghẹ,Neutral / Unspecified,unknown,100,29.97,1280,720,a382a6d6414a8aa304b7f0e013f99509,VALID
1333,W00763.mp4,C:\Users\Admin\Python Advanced\Deep Learning - CV\Project\data\Dataset\Videos\W00763.mp4,0.559,con gián,con gián,Neutral / Unspecified,unknown,77,29.97,1280,720,8822da643ebe468ed65379bc6de9d79f,VALID
1334,W00764.mp4,C:\Users\Admin\Python Advanced\Deep Learning - CV\Project\data\Dataset\Videos\W00764.mp4,0.569,con hoẵng,con hoẵng,Neutral / Unspecified,unknown,95,29.97,1280,720,649183ea9afe1a039a50d44cb37facc5,VALID
1335,W00766.mp4,C:\Users\Admin\Python Advanced\Deep Learning - CV\Project\data\Dataset\Videos\W00766.mp4,0.592,con hươu,con hươu,Neutral / Unspecified,unknown,92,29.97,1280,720,7ec1ec58a09836cfa82193532a39bb60,VALID
1336,W00767.mp4,C:\Users\Admin\Python Advanced\Deep Learning - CV\Project\data\Dataset\Videos\W00767.mp4,1.296,con khỉ,con khỉ,Neutral / Unspecified,unknown,205,29.97,1280,720,954a74a3cd087116ee92b076e8a1e44f,VALID
1337,W00768B.mp4,C:\Users\Admin\Python Advanced\Deep Learning - CV\Project\data\Dataset\Videos\W00768B.mp4,0.401,con kiến,con kiến,B (Miền Bắc / North),unknown,88,29.97,1280,720,ad1996f58c44d864e7be3428ca7343d6,VALID
1338,W00768N.mp4,C:\Users\Admin\Python Advanced\Deep Learning - CV\Project\data\Dataset\Videos\W00768N.mp4,0.484,con kiến,con kiến,N (Miền Nam / South),unknown,102,29.97,1280,720,949dcd64c081f5d9f46a3085d1524f71,VALID
1339,W00770B.mp4,C:\Users\Admin\Python Advanced\Deep Learning - CV\Project\data\Dataset\Videos\W00770B.mp4,0.313,con lợn (con heo),con lợn (con heo),B (Miền Bắc / North),unknown,68,29.97,1280,720,7cdb9e8c9b267b1159aa728b70efab76,VALID
1340,W00770N.mp4,C:\Users\Admin\Python Advanced\Deep Learning - CV\Project\data\Dataset\Videos\W00770N.mp4,0.571,con lợn (con heo),con lợn (con heo),N (Miền Nam / South),unknown,105,29.97,1280,720,bf491b3aaada857f6bcc161e821df15e,VALID
1341,W00770T.mp4,C:\Users\Admin\Python Advanced\Deep Learning - CV\Project\data\Dataset\Videos\W00770T.mp4,0.439,con lợn (con heo),con lợn (con heo),T (Miền Trung / Central),unknown,103,29.97,1280,720,49e898fd53a8f217f40392b2e40b8943,VALID
1342,W00771.mp4,C:\Users\Admin\Python Advanced\Deep Learning - CV\Project\data\Dataset\Videos\W00771.mp4,0.42,con lươn,con lươn,Neutral / Unspecified,unknown,79,29.97,1280,720,442fda7587c2743f9620d1657b17e842,VALID
1343,W00772B.mp4,C:\Users\Admin\Python Advanced\Deep Learning - CV\Project\data\Dataset\Videos\W00772B.mp4,0.594,con mèo,con mèo,B (Miền Bắc / North),unknown,100,29.97,1280,720,6ae46bcb71fae2d20bdb8d6b3478166a,VALID
1344,W00772N.mp4,C:\Users\Admin\Python Advanced\Deep Learning - CV\Project\data\Dataset\Videos\W00772N.mp4,0.56,con mèo,con mèo,N (Miền Nam / South),unknown,87,29.97,1280,720,f5f5dc6eb02d4f8bf4e3ea83916078b3,VALID
1345,W00772T.mp4,C:\Users\Admin\Python Advanced\Deep Learning - CV\Project\data\Dataset\Videos\W00772T.mp4,0.56,con mèo,con mèo,T (Miền Trung / Central),unknown,87,29.97,1280,720,cf1f926b7c77395e49c7ee83264bc86e,VALID
1346,W00773B.mp4,C:\Users\Admin\Python Advanced\Deep Learning - CV\Project\data\Dataset\Videos\W00773B.mp4,0.512,con muỗi,con muỗi,B (Miền Bắc / North),unknown,100,29.97,1280,720,5f6a363f75fca363e9a5452ef016e24a,VALID
1347,W00773N.mp4,C:\Users\Admin\Python Advanced\Deep Learning - CV\Project\data\Dataset\Videos\W00773N.mp4,0.609,con muỗi,con muỗi,N (Miền Nam / South),unknown,105,29.97,1280,720,e8a16afe066513007fdd10592f84854b,VALID
1348,W00773T.mp4,C:\Users\Admin\Python Advanced\Deep Learning - CV\Project\data\Dataset\Videos\W00773T.mp4,0.513,con muỗi,con muỗi,T (Miền Trung / Central),unknown,100,29.97,1280,720,f07556be3de99ef8c3d056eee42e0e33,VALID
1349,W00774.mp4,C:\Users\Admin\Python Advanced\Deep Learning - CV\Project\data\Dataset\Videos\W00774.mp4,0.372,con mực,con mực,Neutral / Unspecified,unknown,86,29.97,1280,720,172378993f608eaf7853b5c812e1164e,VALID
1350,W00775.mp4,C:\Users\Admin\Python Advanced\Deep Learning - CV\Project\data\Dataset\Videos\W00775.mp4,0.902,con nai,con nai,Neutral / Unspecified,unknown,152,29.97,1280,720,678ddb0fbced4136797e870bde37b245,VALID
1351,W00777B.mp4,C:\Users\Admin\Python Advanced\Deep Learning - CV\Project\data\Dataset\Videos\W00777B.mp4,0.502,con người,con người,B (Miền Bắc / North),unknown,97,29.97,1280,720,09a904e6361b18e00d24a37596353fb9,VALID
1352,W00777N.mp4,C:\Users\Admin\Python Advanced\Deep Learning - CV\Project\data\Dataset\Videos\W00777N.mp4,0.313,con người,con người,N (Miền Nam / South),unknown,75,29.97,1280,720,1491fb2d2c43eb2246f80eb97c411412,VALID
1353,W00778B.mp4,C:\Users\Admin\Python Advanced\Deep Learning - CV\Project\data\Dataset\Videos\W00778B.mp4,0.512,con ngựa,con ngựa,B (Miền Bắc / North),unknown,86,29.97,1280,720,ad97f953e0822fbe0d4f97608138a098,VALID
1354,W00778N.mp4,C:\Users\Admin\Python Advanced\Deep Learning - CV\Project\data\Dataset\Videos\W00778N.mp4,0.729,con ngựa,con ngựa,N (Miền Nam / South),unknown,112,29.97,1280,720,fc8ab7416c3fc837cf78cfc89602674a,VALID
1355,W00778T.mp4,C:\Users\Admin\Python Advanced\Deep Learning - CV\Project\data\Dataset\Videos\W00778T.mp4,0.731,con ngựa,con ngựa,T (Miền Trung / Central),unknown,112,29.97,1280,720,a9909e6c9e3d5101f0e583617a251c3b,VALID
1356,W00779.mp4,C:\Users\Admin\Python Advanced\Deep Learning - CV\Project\data\Dataset\Videos\W00779.mp4,0.538,con nhím,con nhím,Neutral / Unspecified,unknown,99,29.97,1280,720,9cacc2a5d6419767e351574da604d92b,VALID
1357,W00780B.mp4,C:\Users\Admin\Python Advanced\Deep Learning - CV\Project\data\Dataset\Videos\W00780B.mp4,0.673,con nuôi,con nuôi,B (Miền Bắc / North),unknown,150,29.97,1280,720,096586ead2087b9509b303b0dddaeb42,VALID
1358,W00780N.mp4,C:\Users\Admin\Python Advanced\Deep Learning - CV\Project\data\Dataset\Videos\W00780N.mp4,0.707,con nuôi,con nuôi,N (Miền Nam / South),unknown,129,29.97,1280,720,e369dad49070b322f9d54af01e613737,VALID
1359,W00780T.mp4,C:\Users\Admin\Python Advanced\Deep Learning - CV\Project\data\Dataset\Videos\W00780T.mp4,0.648,con nuôi,con nuôi,T (Miền Trung / Central),unknown,129,29.97,1280,720,cb48aeece642d2dc29982b1802029edf,VALID
1360,W00781N.mp4,C:\Users\Admin\Python Advanced\Deep Learning - CV\Project\data\Dataset\Videos\W00781N.mp4,0.489,con ong,con ong,N (Miền Nam / South),unknown,93,29.97,1280,720,bd7ff5ebdbf2323689afcc1f97dcf172,VALID
1361,W00781T.mp4,C:\Users\Admin\Python Advanced\Deep Learning - CV\Project\data\Dataset\Videos\W00781T.mp4,0.495,con ong,con ong,T (Miền Trung / Central),unknown,93,29.97,1280,720,4ad8087bb52e094132d995b3d2c65d2c,VALID
1362,W00782.mp4,C:\Users\Admin\Python Advanced\Deep Learning - CV\Project\data\Dataset\Videos\W00782.mp4,0.436,con ốc,con ốc,Neutral / Unspecified,unknown,89,29.97,1280,720,e0e79fc0e3bb892b700122d5d692596a,VALID
1363,W00783.mp4,C:\Users\Admin\Python Advanced\Deep Learning - CV\Project\data\Dataset\Videos\W00783.mp4,0.594,con quạ,con quạ,Neutral / Unspecified,unknown,106,29.97,1280,720,7f60d02637e6b5229df522a96dab7c22,VALID
1364,W00784.mp4,C:\Users\Admin\Python Advanced\Deep Learning - CV\Project\data\Dataset\Videos\W00784.mp4,0.532,con rắn,con rắn,Neutral / Unspecified,unknown,106,29.97,1280,720,d8b190b025b0262c9f485f7085802f39,VALID
1365,W00785.mp4,C:\Users\Admin\Python Advanced\Deep Learning - CV\Project\data\Dataset\Videos\W00785.mp4,0.403,con rối,con rối,Neutral / Unspecified,unknown,86,29.97,1280,720,c94079e05092842a1e0fbf510f6ffb84,VALID
1366,W00786.mp4,C:\Users\Admin\Python Advanced\Deep Learning - CV\Project\data\Dataset\Videos\W00786.mp4,0.424,con ruồi,con ruồi,Neutral / Unspecified,unknown,83,29.97,1280,720,11b13cf20958532019a265921ab09d26,VALID
1367,W00789.mp4,C:\Users\Admin\Python Advanced\Deep Learning - CV\Project\data\Dataset\Videos\W00789.mp4,0.513,con sò,con sò,Neutral / Unspecified,unknown,105,29.97,1280,720,c9b09a6a73429079f041406cbf119fae,VALID
1368,W00790.mp4,C:\Users\Admin\Python Advanced\Deep Learning - CV\Project\data\Dataset\Videos\W00790.mp4,0.627,con sóc,con sóc,Neutral / Unspecified,unknown,106,29.97,1280,720,c7f2f3676b125ffa16d454dfe2f23de7,VALID
1369,W00791.mp4,C:\Users\Admin\Python Advanced\Deep Learning - CV\Project\data\Dataset\Videos\W00791.mp4,0.324,con sói,con sói,Neutral / Unspecified,unknown,75,29.97,1280,720,15f4a7c52ba51754de9e0c5e020dec63,VALID
1370,W00792.mp4,C:\Users\Admin\Python Advanced\Deep Learning - CV\Project\data\Dataset\Videos\W00792.mp4,1.156,con sông,con sông,Neutral / Unspecified,unknown,188,29.97,1280,720,e3ef580a7afb8b9f24d398810652037d,VALID
1371,W00794N.mp4,C:\Users\Admin\Python Advanced\Deep Learning - CV\Project\data\Dataset\Videos\W00794N.mp4,0.798,con sư tử,con sư tử,N (Miền Nam / South),unknown,119,29.97,1280,720,77ef3574aaea2b41813f3158141f662c,VALID
1372,W00794T.mp4,C:\Users\Admin\Python Advanced\Deep Learning - CV\Project\data\Dataset\Videos\W00794T.mp4,0.669,con sư tử,con sư tử,T (Miền Trung / Central),unknown,115,29.97,1280,720,83b5b2a2458ba97e2b9c3e8627579880,VALID
1373,W00796.mp4,C:\Users\Admin\Python Advanced\Deep Learning - CV\Project\data\Dataset\Videos\W00796.mp4,1.321,con thỏ,con thỏ,Neutral / Unspecified,unknown,195,29.97,1280,720,c0b15f1cf3325bf341bae486c9200c25,VALID
1374,W00797B.mp4,C:\Users\Admin\Python Advanced\Deep Learning - CV\Project\data\Dataset\Videos\W00797B.mp4,0.343,con tôm,con tôm,B (Miền Bắc / North),unknown,87,29.97,1280,720,42afd331c32482e8281091d0136ffcb4,VALID
1375,W00797T.mp4,C:\Users\Admin\Python Advanced\Deep Learning - CV\Project\data\Dataset\Videos\W00797T.mp4,0.379,con tôm,con tôm,T (Miền Trung / Central),unknown,83,29.97,1280,720,5716584c4f426a8224d5828b6b8196f2,VALID
1376,W00798.mp4,C:\Users\Admin\Python Advanced\Deep Learning - CV\Project\data\Dataset\Videos\W00798.mp4,0.46,con trai (động vật),con trai (động vật),Neutral / Unspecified,unknown,74,23.98,1280,720,82ad089d3e534462d6337939139f5eba,VALID
1377,W00799.mp4,C:\Users\Admin\Python Advanced\Deep Learning - CV\Project\data\Dataset\Videos\W00799.mp4,0.514,con trăn,con trăn,Neutral / Unspecified,unknown,94,29.97,1280,720,1e981d980a5c98a470556784bbd400b6,VALID
1378,W00800.mp4,C:\Users\Admin\Python Advanced\Deep Learning - CV\Project\data\Dataset\Videos\W00800.mp4,0.525,con trỏ,con trỏ,Neutral / Unspecified,unknown,103,29.97,1280,720,71f534e5a79f66d3a08a1cc06014cad1,VALID
1379,W00801.mp4,C:\Users\Admin\Python Advanced\Deep Learning - CV\Project\data\Dataset\Videos\W00801.mp4,0.438,con vẹt,con vẹt,Neutral / Unspecified,unknown,104,29.97,1280,720,1b7d012e68c190af8797740003df89ef,VALID
1380,W00802.mp4,C:\Users\Admin\Python Advanced\Deep Learning - CV\Project\data\Dataset\Videos\W00802.mp4,0.394,con vịt,con vịt,Neutral / Unspecified,unknown,92,29.97,1280,720,408846a1bc6c46d4cdadeaae7ff5a119,VALID
1381,W00803B.mp4,C:\Users\Admin\Python Advanced\Deep Learning - CV\Project\data\Dataset\Videos\W00803B.mp4,0.465,con voi,con voi,B (Miền Bắc / North),unknown,105,29.97,1280,720,397aa0836401e9cc24ec0710f97b7637,VALID
1382,W00803N.mp4,C:\Users\Admin\Python Advanced\Deep Learning - CV\Project\data\Dataset\Videos\W00803N.mp4,0.585,con voi,con voi,N (Miền Nam / South),unknown,116,29.97,1280,720,00034cdb0ca528eca27b9820f3761b61,VALID
1383,W00803T.mp4,C:\Users\Admin\Python Advanced\Deep Learning - CV\Project\data\Dataset\Videos\W00803T.mp4,0.464,con voi,con voi,T (Miền Trung / Central),unknown,105,29.97,1280,720,e5af41406a4d9af3c405d5b68c875538,VALID
1384,W00804.mp4,C:\Users\Admin\Python Advanced\Deep Learning - CV\Project\data\Dataset\Videos\W00804.mp4,0.375,cong,cong,Neutral / Unspecified,unknown,86,29.97,1280,720,4b676fc59ec9bd7e5076d06fa24c0b2e,VALID
1385,W00805.mp4,C:\Users\Admin\Python Advanced\Deep Learning - CV\Project\data\Dataset\Videos\W00805.mp4,0.435,còng (cái còng),còng (cái còng),Neutral / Unspecified,unknown,93,29.97,1280,720,988f8206dc3832ecef4ab15d701bf993,VALID
1386,W00806.mp4,C:\Users\Admin\Python Advanced\Deep Learning - CV\Project\data\Dataset\Videos\W00806.mp4,0.461,còng,còng,Neutral / Unspecified,unknown,94,29.97,1280,720,6670924a05d23cb3a8cfdbf744dfe9cc,VALID
1387,W00807.mp4,C:\Users\Admin\Python Advanced\Deep Learning - CV\Project\data\Dataset\Videos\W00807.mp4,1.108,cõng,cõng,Neutral / Unspecified,unknown,173,29.97,1280,720,0945defaf4289af0450a4ae96c4cdd7e,VALID
1388,W00809.mp4,C:\Users\Admin\Python Advanced\Deep Learning - CV\Project\data\Dataset\Videos\W00809.mp4,0.868,cô dâu,cô dâu,Neutral / Unspecified,unknown,129,29.97,1280,720,bed24def532516e7f5a8c89c706c1028,VALID
1389,W00811.mp4,C:\Users\Admin\Python Advanced\Deep Learning - CV\Project\data\Dataset\Videos\W00811.mp4,0.511,cô đơn,cô đơn,Neutral / Unspecified,unknown,106,29.97,1280,720,761c4ac476d97c125382a98f4d00e085,VALID
1390,W00812B.mp4,C:\Users\Admin\Python Advanced\Deep Learning - CV\Project\data\Dataset\Videos\W00812B.mp4,0.464,cô giáo,cô giáo,B (Miền Bắc / North),unknown,103,29.97,1280,720,e46c012b8f8cb9b30a2442b26fab20b5,VALID
1391,W00812N.mp4,C:\Users\Admin\Python Advanced\Deep Learning - CV\Project\data\Dataset\Videos\W00812N.mp4,0.582,cô giáo,cô giáo,N (Miền Nam / South),unknown,92,29.97,1280,720,c68d503d663c960a3ae408ef4295716c,VALID
1392,W00812T.mp4,C:\Users\Admin\Python Advanced\Deep Learning - CV\Project\data\Dataset\Videos\W00812T.mp4,0.463,cô giáo,cô giáo,T (Miền Trung / Central),unknown,103,29.97,1280,720,00a478d93f79e042e260ff38c24ef519,VALID
1393,W00814.mp4,C:\Users\Admin\Python Advanced\Deep Learning - CV\Project\data\Dataset\Videos\W00814.mp4,0.411,cổ,cổ,Neutral / Unspecified,unknown,94,29.97,1280,720,58c1f25b0fac54c0a04b37f992b93e0b,VALID
1394,W00815.mp4,C:\Users\Admin\Python Advanced\Deep Learning - CV\Project\data\Dataset\Videos\W00815.mp4,0.451,cổ áo,cổ áo,Neutral / Unspecified,unknown,94,29.97,1280,720,91bcf8b0aceeef675a7c13e364741a4e,VALID
1395,W00816.mp4,C:\Users\Admin\Python Advanced\Deep Learning - CV\Project\data\Dataset\Videos\W00816.mp4,0.586,cổ chân,cổ chân,Neutral / Unspecified,unknown,120,29.97,1280,720,d8e634655a0704c118e19fc3901c3da0,VALID
1396,W00817.mp4,C:\Users\Admin\Python Advanced\Deep Learning - CV\Project\data\Dataset\Videos\W00817.mp4,1.414,cổ đại,cổ đại,Neutral / Unspecified,unknown,244,29.97,1280,720,0cf042a89a951498ce466db99e70f267,VALID
1397,W00818.mp4,C:\Users\Admin\Python Advanced\Deep Learning - CV\Project\data\Dataset\Videos\W00818.mp4,0.491,cổ họng,cổ họng,Neutral / Unspecified,unknown,107,29.97,1280,720,c9ebc35755cec06ae0edf2cc54ab5ed7,VALID
1398,W00820N.mp4,C:\Users\Admin\Python Advanced\Deep Learning - CV\Project\data\Dataset\Videos\W00820N.mp4,0.498,cố gắng,cố gắng,N (Miền Nam / South),unknown,93,29.97,1280,720,79c5b456f283faf93974d6b4ac5f8369,VALID
1399,W00820T.mp4,C:\Users\Admin\Python Advanced\Deep Learning - CV\Project\data\Dataset\Videos\W00820T.mp4,0.489,cố gắng,cố gắng,T (Miền Trung / Central),unknown,93,29.97,1280,720,208dcb7b11b518a42555a8ff888ac610,VALID
1400,W00822.mp4,C:\Users\Admin\Python Advanced\Deep Learning - CV\Project\data\Dataset\Videos\W00822.mp4,0.646,cổ tay,cổ tay,Neutral / Unspecified,unknown,112,29.97,1280,720,d669128c6e3e2c55ee64a3a8ff1b0dd9,VALID
1401,W00823.mp4,C:\Users\Admin\Python Advanced\Deep Learning - CV\Project\data\Dataset\Videos\W00823.mp4,0.865,cổ truyền,cổ truyền,Neutral / Unspecified,unknown,132,29.97,1280,720,2002a247f3b8eb245514545637fc691a,VALID
1402,W00824.mp4,C:\Users\Admin\Python Advanced\Deep Learning - CV\Project\data\Dataset\Videos\W00824.mp4,0.676,cổ vũ,cổ vũ,Neutral / Unspecified,unknown,90,29.97,1280,720,16eeb31a3860b9f040ae68c7aed24890,VALID
1403,W00825N.mp4,C:\Users\Admin\Python Advanced\Deep Learning - CV\Project\data\Dataset\Videos\W00825N.mp4,0.759,cổng trường,cổng trường,N (Miền Nam / South),unknown,114,29.97,1280,720,ed1ca114e2a6aefce2033c0dbc0a9cc0,VALID
1404,W00825T.mp4,C:\Users\Admin\Python Advanced\Deep Learning - CV\Project\data\Dataset\Videos\W00825T.mp4,0.74,cổng trường,cổng trường,T (Miền Trung / Central),unknown,114,29.97,1280,720,bb365817d8dc9b5b4293309b6fab6805,VALID
1405,W00826.mp4,C:\Users\Admin\Python Advanced\Deep Learning - CV\Project\data\Dataset\Videos\W00826.mp4,0.615,cỗ,cỗ,Neutral / Unspecified,unknown,105,29.97,1280,720,ea38ae03cbbafca3ccc10e40103c860b,VALID
1406,W00827.mp4,C:\Users\Admin\Python Advanced\Deep Learning - CV\Project\data\Dataset\Videos\W00827.mp4,0.442,cố định,cố định,Neutral / Unspecified,unknown,82,29.97,1280,720,de26bd1ce50f25f7b6c1cbb72e6e1994,VALID
1407,W00829.mp4,C:\Users\Admin\Python Advanced\Deep Learning - CV\Project\data\Dataset\Videos\W00829.mp4,0.564,Cô-lôm-bi-a (nước Cô-lôm-bi-a),cô-lôm-bi-a (nước cô-lôm-bi-a),Neutral / Unspecified,unknown,98,29.97,1280,720,de37eef4091d11d34c038d4985ddeb2e,VALID
1408,W00831.mp4,C:\Users\Admin\Python Advanced\Deep Learning - CV\Project\data\Dataset\Videos\W00831.mp4,0.405,cố ý (như cố tình),cố ý (như cố tình),Neutral / Unspecified,unknown,75,29.97,1280,720,1693c9545db36ac2b93101aa62e1e733,VALID
1409,W00833.mp4,C:\Users\Admin\Python Advanced\Deep Learning - CV\Project\data\Dataset\Videos\W00833.mp4,0.625,cối giã,cối giã,Neutral / Unspecified,unknown,101,29.97,1280,720,12a808a3dcb4c94c48e51a3e17e4bf61,VALID
1410,W00834.mp4,C:\Users\Admin\Python Advanced\Deep Learning - CV\Project\data\Dataset\Videos\W00834.mp4,0.408,cối xay gió,cối xay gió,Neutral / Unspecified,unknown,79,29.97,1280,720,3951e5c5aa96ac5502c09d66e7f99b58,VALID
1411,W00835.mp4,C:\Users\Admin\Python Advanced\Deep Learning - CV\Project\data\Dataset\Videos\W00835.mp4,0.638,cối xay lúa,cối xay lúa,Neutral / Unspecified,unknown,97,29.97,1280,720,b79328905cc3f987226a7cfd98f46d72,VALID
1412,W00836.mp4,C:\Users\Admin\Python Advanced\Deep Learning - CV\Project\data\Dataset\Videos\W00836.mp4,0.624,cốm,cốm,Neutral / Unspecified,unknown,126,29.97,1280,720,61c4fa23d362ef11b468428aaa7fe832,VALID
1413,W00838.mp4,C:\Users\Admin\Python Advanced\Deep Learning - CV\Project\data\Dataset\Videos\W00838.mp4,0.435,công bằng,công bằng,Neutral / Unspecified,unknown,89,29.97,1280,720,941f5a9aff0ab717c4e58d96b3697e01,VALID
1414,W00839.mp4,C:\Users\Admin\Python Advanced\Deep Learning - CV\Project\data\Dataset\Videos\W00839.mp4,0.585,công chúa,công chúa,Neutral / Unspecified,unknown,99,29.97,1280,720,164f414a5a8be0742cc928bbb7e002bb,VALID
1415,W00840.mp4,C:\Users\Admin\Python Advanced\Deep Learning - CV\Project\data\Dataset\Videos\W00840.mp4,0.428,công cộng,công cộng,Neutral / Unspecified,unknown,85,29.97,1280,720,03d8a16d146dbee9490561fff06229c6,VALID
1416,W00841.mp4,C:\Users\Admin\Python Advanced\Deep Learning - CV\Project\data\Dataset\Videos\W00841.mp4,0.351,công cụ,công cụ,Neutral / Unspecified,unknown,76,29.97,1280,720,3855aec141b4de3c2afb6305482bb802,VALID
1417,W00843.mp4,C:\Users\Admin\Python Advanced\Deep Learning - CV\Project\data\Dataset\Videos\W00843.mp4,0.607,công nhận,công nhận,Neutral / Unspecified,unknown,105,29.97,1280,720,8b342c48ca7e2490346b2387498daa52,VALID
1418,W00844.mp4,C:\Users\Admin\Python Advanced\Deep Learning - CV\Project\data\Dataset\Videos\W00844.mp4,0.601,công sức,công sức,Neutral / Unspecified,unknown,90,29.97,1280,720,bf18f7f52811d12ff7cd71273b96b7f6,VALID
1419,W00846.mp4,C:\Users\Admin\Python Advanced\Deep Learning - CV\Project\data\Dataset\Videos\W00846.mp4,0.439,công thức,công thức,Neutral / Unspecified,unknown,89,29.97,1280,720,b59b2497649db301e79bfc7c58b285d1,VALID
1420,W00849.mp4,C:\Users\Admin\Python Advanced\Deep Learning - CV\Project\data\Dataset\Videos\W00849.mp4,0.432,công ước,công ước,Neutral / Unspecified,unknown,90,29.97,1280,720,84181b4727d57799eae4c152b9de4b15,VALID
1421,W00850B.mp4,C:\Users\Admin\Python Advanced\Deep Learning - CV\Project\data\Dataset\Videos\W00850B.mp4,0.538,công viên,công viên,B (Miền Bắc / North),unknown,99,29.97,1280,720,6e7b48824745b1c9eb2ef308ce1e899c,VALID
1422,W00850N.mp4,C:\Users\Admin\Python Advanced\Deep Learning - CV\Project\data\Dataset\Videos\W00850N.mp4,0.504,công viên,công viên,N (Miền Nam / South),unknown,88,29.97,1280,720,a160b8c0d5d2e034a29c0b5278b665ea,VALID
1423,W00850T.mp4,C:\Users\Admin\Python Advanced\Deep Learning - CV\Project\data\Dataset\Videos\W00850T.mp4,0.498,công viên,công viên,T (Miền Trung / Central),unknown,88,29.97,1280,720,ee1cdc708cc49a5e81533400454778c2,VALID
1424,W00851.mp4,C:\Users\Admin\Python Advanced\Deep Learning - CV\Project\data\Dataset\Videos\W00851.mp4,0.573,công việc,công việc,Neutral / Unspecified,unknown,121,29.97,1280,720,5b576c133035a26da317a7fbffd4443e,VALID
1425,W00852.mp4,C:\Users\Admin\Python Advanced\Deep Learning - CV\Project\data\Dataset\Videos\W00852.mp4,0.515,Paris,paris,Neutral / Unspecified,unknown,113,29.97,1280,720,9c978f4869e5be8ec8c129455504c178,VALID
1426,W00854.mp4,C:\Users\Admin\Python Advanced\Deep Learning - CV\Project\data\Dataset\Videos\W00854.mp4,0.402,cổng,cổng,Neutral / Unspecified,unknown,78,29.97,1280,720,03323981b3663e886236bb84292a0266,VALID
1427,W00856.mp4,C:\Users\Admin\Python Advanced\Deep Learning - CV\Project\data\Dataset\Videos\W00856.mp4,0.745,cống,cống,Neutral / Unspecified,unknown,132,29.97,1280,720,fe2c7d996e0261c96d397ea98b191625,VALID
1428,W00857B.mp4,C:\Users\Admin\Python Advanced\Deep Learning - CV\Project\data\Dataset\Videos\W00857B.mp4,0.328,cộng (Toán học),cộng (toán học),B (Miền Bắc / North),unknown,81,29.97,1280,720,b654f83ff32509f051f726298e10926b,VALID
1429,W00857N.mp4,C:\Users\Admin\Python Advanced\Deep Learning - CV\Project\data\Dataset\Videos\W00857N.mp4,0.354,cộng (Toán học),cộng (toán học),N (Miền Nam / South),unknown,78,29.97,1280,720,e16057081f05d0e650647451de3cd0c5,VALID
1430,W00857T.mp4,C:\Users\Admin\Python Advanced\Deep Learning - CV\Project\data\Dataset\Videos\W00857T.mp4,0.328,cộng (Toán học),cộng (toán học),T (Miền Trung / Central),unknown,81,29.97,1280,720,b7aee9fd3f23e9cb9d5fd808756af323,VALID
1431,W00859.mp4,C:\Users\Admin\Python Advanced\Deep Learning - CV\Project\data\Dataset\Videos\W00859.mp4,0.527,cốp xe,cốp xe,Neutral / Unspecified,unknown,95,29.97,1280,720,f0432fd53b0dffbb32adf674651cc50a,VALID
1432,W00861.mp4,C:\Users\Admin\Python Advanced\Deep Learning - CV\Project\data\Dataset\Videos\W00861.mp4,0.524,cột,cột,Neutral / Unspecified,unknown,95,29.97,1280,720,229c53aa3f64033c15516a04ba451cfc,VALID
1433,W00862.mp4,C:\Users\Admin\Python Advanced\Deep Learning - CV\Project\data\Dataset\Videos\W00862.mp4,0.619,cột đèn,cột đèn,Neutral / Unspecified,unknown,114,29.97,1280,720,f2bc9f4075763d6e33726548dca1bf95,VALID
1434,W00863B.mp4,C:\Users\Admin\Python Advanced\Deep Learning - CV\Project\data\Dataset\Videos\W00863B.mp4,0.497,cột điện,cột điện,B (Miền Bắc / North),unknown,106,29.97,1280,720,25399bc1db6d7ed25af31aec5ef83290,VALID
1435,W00863N.mp4,C:\Users\Admin\Python Advanced\Deep Learning - CV\Project\data\Dataset\Videos\W00863N.mp4,0.479,cột điện,cột điện,N (Miền Nam / South),unknown,89,29.97,1280,720,f15be81ab04f0d77ee3a13ec18b0d2e0,VALID
1436,W00863T.mp4,C:\Users\Admin\Python Advanced\Deep Learning - CV\Project\data\Dataset\Videos\W00863T.mp4,0.478,cột điện,cột điện,T (Miền Trung / Central),unknown,89,29.97,1280,720,5ca49ba3d6b27825b8d2ca435ebde75a,VALID
1437,W00866.mp4,C:\Users\Admin\Python Advanced\Deep Learning - CV\Project\data\Dataset\Videos\W00866.mp4,0.482,cột sống,cột sống,Neutral / Unspecified,unknown,103,29.97,1280,720,b94edfec25b3c3fc5a07cd396eea045e,VALID
1438,W00867.mp4,C:\Users\Admin\Python Advanced\Deep Learning - CV\Project\data\Dataset\Videos\W00867.mp4,0.836,cơ bắp,cơ bắp,Neutral / Unspecified,unknown,129,29.97,1280,720,6ea3cbb4db537b413994e4c51fbf0072,VALID
1439,W00868B.mp4,C:\Users\Admin\Python Advanced\Deep Learning - CV\Project\data\Dataset\Videos\W00868B.mp4,0.429,cơ hội,cơ hội,B (Miền Bắc / North),unknown,84,29.97,1280,720,615f8f44566b48e7b75a143eea983c4f,VALID
1440,W00868T.mp4,C:\Users\Admin\Python Advanced\Deep Learning - CV\Project\data\Dataset\Videos\W00868T.mp4,0.425,cơ hội,cơ hội,T (Miền Trung / Central),unknown,86,29.97,1280,720,14fcfa78e477ac7a05e6c5cc55ec0c01,VALID
1441,W00870.mp4,C:\Users\Admin\Python Advanced\Deep Learning - CV\Project\data\Dataset\Videos\W00870.mp4,0.538,cơ quan,cơ quan,Neutral / Unspecified,unknown,99,29.97,1280,720,6033f339bebf927cd104c0c6f67b97fb,VALID
1442,W00871.mp4,C:\Users\Admin\Python Advanced\Deep Learning - CV\Project\data\Dataset\Videos\W00871.mp4,0.44,cơ sở,cơ sở,Neutral / Unspecified,unknown,89,29.97,1280,720,76c0c83de9d06efb606031c3a42c6cc0,VALID
1443,W00872.mp4,C:\Users\Admin\Python Advanced\Deep Learning - CV\Project\data\Dataset\Videos\W00872.mp4,0.614,cơ thể,cơ thể,Neutral / Unspecified,unknown,104,29.97,1280,720,3a12484f8960bfebf29e7ea12eddd57d,VALID
1444,W00876.mp4,C:\Users\Admin\Python Advanced\Deep Learning - CV\Project\data\Dataset\Videos\W00876.mp4,0.585,cởi áo,cởi áo,Neutral / Unspecified,unknown,99,29.97,1280,720,c264c9edf2309e5a70cc86d372a76c9a,VALID
1445,W00877.mp4,C:\Users\Admin\Python Advanced\Deep Learning - CV\Project\data\Dataset\Videos\W00877.mp4,0.575,cơm hộp,cơm hộp,Neutral / Unspecified,unknown,107,29.97,1280,720,e819f788039faee5d3f7794bd13d0f77,VALID
1446,W00878.mp4,C:\Users\Admin\Python Advanced\Deep Learning - CV\Project\data\Dataset\Videos\W00878.mp4,0.626,cờ,cờ,Neutral / Unspecified,unknown,119,29.97,1280,720,09f6c44def9180f2ba53421e1846b2a4,VALID
1447,W00883.mp4,C:\Users\Admin\Python Advanced\Deep Learning - CV\Project\data\Dataset\Videos\W00883.mp4,0.642,cởi mở,cởi mở,Neutral / Unspecified,unknown,123,29.97,1280,720,2432bc8399498ffbc7708c32be226b0a,VALID
1448,W00884.mp4,C:\Users\Admin\Python Advanced\Deep Learning - CV\Project\data\Dataset\Videos\W00884.mp4,0.434,cơm,cơm,Neutral / Unspecified,unknown,93,29.97,1280,720,9696c9ffb624e9932fdfa19c7e8967d8,VALID
1449,W00885B.mp4,C:\Users\Admin\Python Advanced\Deep Learning - CV\Project\data\Dataset\Videos\W00885B.mp4,0.441,cơm bình dân,cơm bình dân,B (Miền Bắc / North),unknown,98,29.97,1280,720,eb1964fdbb6351e4eddf490ca3beb0dd,VALID
1450,W00885N.mp4,C:\Users\Admin\Python Advanced\Deep Learning - CV\Project\data\Dataset\Videos\W00885N.mp4,0.701,cơm bình dân,cơm bình dân,N (Miền Nam / South),unknown,124,29.97,1280,720,295f591da240389bd8d88de1b2f7cf43,VALID
1451,W00889.mp4,C:\Users\Admin\Python Advanced\Deep Learning - CV\Project\data\Dataset\Videos\W00889.mp4,0.483,củ đậu,củ đậu,Neutral / Unspecified,unknown,98,29.97,1280,720,05eeae1bbd1802ff764b6f54a9698621,VALID
1452,W00890.mp4,C:\Users\Admin\Python Advanced\Deep Learning - CV\Project\data\Dataset\Videos\W00890.mp4,0.641,củ khoai lang,củ khoai lang,Neutral / Unspecified,unknown,110,29.97,1280,720,6d850d8d07c47761886cfe4ce5c6880f,VALID
1453,W00892.mp4,C:\Users\Admin\Python Advanced\Deep Learning - CV\Project\data\Dataset\Videos\W00892.mp4,0.422,củ từ,củ từ,Neutral / Unspecified,unknown,80,29.97,1280,720,f834a757820db48a67e0e9d90f54aca5,VALID
1454,W00893.mp4,C:\Users\Admin\Python Advanced\Deep Learning - CV\Project\data\Dataset\Videos\W00893.mp4,0.81,cụ thể,cụ thể,Neutral / Unspecified,unknown,134,29.97,1280,720,8b399b8c1233a75786ed4ed12a435960,VALID
1455,W00894.mp4,C:\Users\Admin\Python Advanced\Deep Learning - CV\Project\data\Dataset\Videos\W00894.mp4,0.425,cúc áo,cúc áo,Neutral / Unspecified,unknown,92,29.97,1280,720,bf7df1a20281651578ac400539ff321e,VALID
1456,W00895.mp4,C:\Users\Admin\Python Advanced\Deep Learning - CV\Project\data\Dataset\Videos\W00895.mp4,0.584,cúi,cúi,Neutral / Unspecified,unknown,101,29.97,1280,720,457ce7c1af509f972abc37497d7a0edb,VALID
1457,W00899.mp4,C:\Users\Admin\Python Advanced\Deep Learning - CV\Project\data\Dataset\Videos\W00899.mp4,0.538,cuống hoa,cuống hoa,Neutral / Unspecified,unknown,101,29.97,1280,720,2e30946702b4ca9a291f82fc71b86b5f,VALID
1458,W00900.mp4,C:\Users\Admin\Python Advanced\Deep Learning - CV\Project\data\Dataset\Videos\W00900.mp4,0.423,cù,cù,Neutral / Unspecified,unknown,71,29.97,1280,720,1439b2620da68770d4fab3f8eed03480,VALID
1459,W00901.mp4,C:\Users\Admin\Python Advanced\Deep Learning - CV\Project\data\Dataset\Videos\W00901.mp4,0.368,củ cà rốt,củ cà rốt,Neutral / Unspecified,unknown,79,29.97,1280,720,7ab3e3e2197aced1048d7f1997404516,VALID
1460,W00903.mp4,C:\Users\Admin\Python Advanced\Deep Learning - CV\Project\data\Dataset\Videos\W00903.mp4,0.439,củ gừng,củ gừng,Neutral / Unspecified,unknown,89,29.97,1280,720,99bc67a6540e0f4cc9d38a1009a46ad2,VALID
1461,W00904.mp4,C:\Users\Admin\Python Advanced\Deep Learning - CV\Project\data\Dataset\Videos\W00904.mp4,0.534,củ hành tây,củ hành tây,Neutral / Unspecified,unknown,115,29.97,1280,720,9ada8b4f49a5a5a274f319975819a374,VALID
1462,W00905.mp4,C:\Users\Admin\Python Advanced\Deep Learning - CV\Project\data\Dataset\Videos\W00905.mp4,0.6,củ khoai tây,củ khoai tây,Neutral / Unspecified,unknown,109,29.97,1280,720,c388a57c87b585685b0d5ed41676766a,VALID
1463,W00906.mp4,C:\Users\Admin\Python Advanced\Deep Learning - CV\Project\data\Dataset\Videos\W00906.mp4,0.447,củ nghệ,củ nghệ,Neutral / Unspecified,unknown,94,29.97,1280,720,032d4dcbd0bf650af3b6add1bf589639,VALID
1464,W00907.mp4,C:\Users\Admin\Python Advanced\Deep Learning - CV\Project\data\Dataset\Videos\W00907.mp4,0.609,củ su hào,củ su hào,Neutral / Unspecified,unknown,106,29.97,1280,720,026d9fd163a3a1f4f03bbda5ccbeec6a,VALID
1465,W00910.mp4,C:\Users\Admin\Python Advanced\Deep Learning - CV\Project\data\Dataset\Videos\W00910.mp4,0.438,cụ,cụ,Neutral / Unspecified,unknown,90,29.97,1280,720,66c18a092b686e1b9488725e167d8c28,VALID
1466,W00911.mp4,C:\Users\Admin\Python Advanced\Deep Learning - CV\Project\data\Dataset\Videos\W00911.mp4,0.762,cụ đồ,cụ đồ,Neutral / Unspecified,unknown,132,29.97,1280,720,4b5e88a133d5c12061e39d64a82941c0,VALID
1467,W00912.mp4,C:\Users\Admin\Python Advanced\Deep Learning - CV\Project\data\Dataset\Videos\W00912.mp4,0.557,cụ già,cụ già,Neutral / Unspecified,unknown,104,29.97,1280,720,77dce6b234dc51e6d4b6b3a8c34264f9,VALID
1468,W00915.mp4,C:\Users\Admin\Python Advanced\Deep Learning - CV\Project\data\Dataset\Videos\W00915.mp4,0.614,cùi chỏ,cùi chỏ,Neutral / Unspecified,unknown,109,29.97,1280,720,751482bd6732eb5cf3c78ca4afe806cd,VALID
1469,W00916.mp4,C:\Users\Admin\Python Advanced\Deep Learning - CV\Project\data\Dataset\Videos\W00916.mp4,0.666,củi,củi,Neutral / Unspecified,unknown,116,29.97,1280,720,69fbc105c5587c70ae5482f2c4ae894e,VALID
1470,W00922.mp4,C:\Users\Admin\Python Advanced\Deep Learning - CV\Project\data\Dataset\Videos\W00922.mp4,0.48,cuộc đời,cuộc đời,Neutral / Unspecified,unknown,90,29.97,1280,720,eb26e4a2971eb0ce8f13165a1d05229d,VALID
1471,W00923.mp4,C:\Users\Admin\Python Advanced\Deep Learning - CV\Project\data\Dataset\Videos\W00923.mp4,0.497,cuộc sống,cuộc sống,Neutral / Unspecified,unknown,111,29.97,1280,720,e2dae8a3e7153ea10e00df5a31834abe,VALID
1472,W00924.mp4,C:\Users\Admin\Python Advanced\Deep Learning - CV\Project\data\Dataset\Videos\W00924.mp4,0.588,cuốn,cuốn,Neutral / Unspecified,unknown,97,29.97,1280,720,c093e846812befcb2094821ad9633318,VALID
1473,W00929.mp4,C:\Users\Admin\Python Advanced\Deep Learning - CV\Project\data\Dataset\Videos\W00929.mp4,0.595,cử chỉ điệu bộ,cử chỉ điệu bộ,Neutral / Unspecified,unknown,80,29.97,1280,720,536ecad751c161d84c86197cbc44c4ed,VALID
1474,W00930.mp4,C:\Users\Admin\Python Advanced\Deep Learning - CV\Project\data\Dataset\Videos\W00930.mp4,0.647,cử động,cử động,Neutral / Unspecified,unknown,78,29.97,1280,720,6945d5b7f9548838a615b1f33afb308f,VALID
1475,W00931.mp4,C:\Users\Admin\Python Advanced\Deep Learning - CV\Project\data\Dataset\Videos\W00931.mp4,0.51,cưa (cái cưa),cưa (cái cưa),Neutral / Unspecified,unknown,90,29.97,1280,720,51d54730b2d93b5d0cf8096ce1ab32d4,VALID
1476,W00932.mp4,C:\Users\Admin\Python Advanced\Deep Learning - CV\Project\data\Dataset\Videos\W00932.mp4,0.671,cưa,cưa,Neutral / Unspecified,unknown,104,29.97,1280,720,12ee8a0b1da98059fe19da6be4c5b81f,VALID
1477,W00935B.mp4,C:\Users\Admin\Python Advanced\Deep Learning - CV\Project\data\Dataset\Videos\W00935B.mp4,0.558,cửa hàng,cửa hàng,B (Miền Bắc / North),unknown,108,29.97,1280,720,772ac12274211a4f8ce5a797ecc1b0e7,VALID
1478,W00935T.mp4,C:\Users\Admin\Python Advanced\Deep Learning - CV\Project\data\Dataset\Videos\W00935T.mp4,0.559,cửa hàng,cửa hàng,T (Miền Trung / Central),unknown,108,29.97,1280,720,fe51c72b5a4ea6461290cc4e42396864,VALID
1479,W00936.mp4,C:\Users\Admin\Python Advanced\Deep Learning - CV\Project\data\Dataset\Videos\W00936.mp4,0.531,cửa khẩu,cửa khẩu,Neutral / Unspecified,unknown,79,29.97,1280,720,a0388846211b56edbf156a6f584adc53,VALID
1480,W00939.mp4,C:\Users\Admin\Python Advanced\Deep Learning - CV\Project\data\Dataset\Videos\W00939.mp4,0.438,cửa sổ,cửa sổ,Neutral / Unspecified,unknown,86,29.97,1280,720,194283a957bba239eeb0efb986e21ef5,VALID
1481,W00941.mp4,C:\Users\Admin\Python Advanced\Deep Learning - CV\Project\data\Dataset\Videos\W00941.mp4,0.833,cưỡi ngựa,cưỡi ngựa,Neutral / Unspecified,unknown,147,29.97,1280,720,5832c6234ded757068d85a39d9bc91aa,VALID
1482,W00942.mp4,C:\Users\Admin\Python Advanced\Deep Learning - CV\Project\data\Dataset\Videos\W00942.mp4,0.599,yên ngựa,yên ngựa,Neutral / Unspecified,unknown,127,29.97,1280,720,ca5b2bb26fabea7b1cc8980f29a250a4,VALID
1483,W00943B.mp4,C:\Users\Admin\Python Advanced\Deep Learning - CV\Project\data\Dataset\Videos\W00943B.mp4,0.45,cướp,cướp,B (Miền Bắc / North),unknown,90,29.97,1280,720,bd83288a6945f04eb85484bfe1639f9d,VALID
1484,W00943N.mp4,C:\Users\Admin\Python Advanced\Deep Learning - CV\Project\data\Dataset\Videos\W00943N.mp4,0.532,cướp,cướp,N (Miền Nam / South),unknown,99,29.97,1280,720,a801d6e19d56675650c54228b4833d71,VALID
1485,W00943T.mp4,C:\Users\Admin\Python Advanced\Deep Learning - CV\Project\data\Dataset\Videos\W00943T.mp4,0.538,cướp,cướp,T (Miền Trung / Central),unknown,99,29.97,1280,720,502aa9f5bff2339ed912e6dd79c09cd7,VALID
1486,W00944.mp4,C:\Users\Admin\Python Advanced\Deep Learning - CV\Project\data\Dataset\Videos\W00944.mp4,0.653,cướp biển,cướp biển,Neutral / Unspecified,unknown,105,29.97,1280,720,4cc3f44b7eb61a74cdee19d10ff1da36,VALID
1487,W00945.mp4,C:\Users\Admin\Python Advanced\Deep Learning - CV\Project\data\Dataset\Videos\W00945.mp4,0.67,cướp cờ,cướp cờ,Neutral / Unspecified,unknown,99,29.97,1280,720,3a9a9db403708c7984b07e2236bf2952,VALID
1488,W00946.mp4,C:\Users\Admin\Python Advanced\Deep Learning - CV\Project\data\Dataset\Videos\W00946.mp4,0.555,cướp giật,cướp giật,Neutral / Unspecified,unknown,88,29.97,1280,720,8ed039e29f40291fe5f130269bb850de,VALID
1489,W00947.mp4,C:\Users\Admin\Python Advanced\Deep Learning - CV\Project\data\Dataset\Videos\W00947.mp4,0.542,cứu,cứu,Neutral / Unspecified,unknown,79,29.97,1280,720,83f5adfafb00b798042e4b007e5a24fd,VALID
1490,W00948.mp4,C:\Users\Admin\Python Advanced\Deep Learning - CV\Project\data\Dataset\Videos\W00948.mp4,0.66,cứu hộ,cứu hộ,Neutral / Unspecified,unknown,92,29.97,1280,720,98be0698f28dcac2860a1c97e32321aa,VALID
1491,W00951.mp4,C:\Users\Admin\Python Advanced\Deep Learning - CV\Project\data\Dataset\Videos\W00951.mp4,0.448,dai,dai,Neutral / Unspecified,unknown,86,29.97,1280,720,c3855534172d245460ed4aa1d7352fb6,VALID
1492,W00952.mp4,C:\Users\Admin\Python Advanced\Deep Learning - CV\Project\data\Dataset\Videos\W00952.mp4,0.51,dài,dài,Neutral / Unspecified,unknown,90,29.97,1280,720,55d15ee8c9520a0d72f856644e7b06c1,VALID
1493,W00953.mp4,C:\Users\Admin\Python Advanced\Deep Learning - CV\Project\data\Dataset\Videos\W00953.mp4,0.654,dài hạn,dài hạn,Neutral / Unspecified,unknown,105,29.97,1280,720,8e5ed4303441a309c99e93065f6ec340,VALID
1494,W00954.mp4,C:\Users\Admin\Python Advanced\Deep Learning - CV\Project\data\Dataset\Videos\W00954.mp4,0.647,dài hơn,dài hơn,Neutral / Unspecified,unknown,97,29.97,1280,720,bb0d9d097a75faeecc6b507206537f78,VALID
1495,W00958.mp4,C:\Users\Admin\Python Advanced\Deep Learning - CV\Project\data\Dataset\Videos\W00958.mp4,1.362,dải phân cách,dải phân cách,Neutral / Unspecified,unknown,212,29.97,1280,720,f1cdd9ca432080de8a8a9f954d0eee2f,VALID
1496,W00959.mp4,C:\Users\Admin\Python Advanced\Deep Learning - CV\Project\data\Dataset\Videos\W00959.mp4,0.748,dàn bài,dàn bài,Neutral / Unspecified,unknown,107,29.97,1280,720,c645994222c97d510b267909493c4cce,VALID
1497,W00960.mp4,C:\Users\Admin\Python Advanced\Deep Learning - CV\Project\data\Dataset\Videos\W00960.mp4,0.662,dàn nhạc,dàn nhạc,Neutral / Unspecified,unknown,85,29.97,1280,720,13840ed3bb6df5f104a0aa21015ca3c8,VALID
1498,W00963.mp4,C:\Users\Admin\Python Advanced\Deep Learning - CV\Project\data\Dataset\Videos\W00963.mp4,0.599,danh bạ,danh bạ,Neutral / Unspecified,unknown,105,29.97,1280,720,d8923250faffa34a45ee4a636155e905,VALID
1499,W00964.mp4,C:\Users\Admin\Python Advanced\Deep Learning - CV\Project\data\Dataset\Videos\W00964.mp4,0.593,danh dự,danh dự,Neutral / Unspecified,unknown,100,29.97,1280,720,e0a47df75605953fcb87358f257c5944,VALID
1500,W00965.mp4,C:\Users\Admin\Python Advanced\Deep Learning - CV\Project\data\Dataset\Videos\W00965.mp4,0.585,danh hiệu,danh hiệu,Neutral / Unspecified,unknown,114,29.97,1280,720,934aaf55f0f5fc4ebd3c738081c66216,VALID
1501,W00966.mp4,C:\Users\Admin\Python Advanced\Deep Learning - CV\Project\data\Dataset\Videos\W00966.mp4,0.79,danh lam thắng cảnh,danh lam thắng cảnh,Neutral / Unspecified,unknown,136,29.97,1280,720,5b221c2be7391481897e70103fa3a0d2,VALID
1502,W00967.mp4,C:\Users\Admin\Python Advanced\Deep Learning - CV\Project\data\Dataset\Videos\W00967.mp4,0.505,danh mục,danh mục,Neutral / Unspecified,unknown,88,29.97,1280,720,56b45a248a5635db5e3844cd4de7bc9f,VALID
1503,W00968.mp4,C:\Users\Admin\Python Advanced\Deep Learning - CV\Project\data\Dataset\Videos\W00968.mp4,0.796,danh nhân,danh nhân,Neutral / Unspecified,unknown,110,29.97,1280,720,3ec372150fa9fac44661c241e38e8883,VALID
1504,W00969.mp4,C:\Users\Admin\Python Advanced\Deep Learning - CV\Project\data\Dataset\Videos\W00969.mp4,0.488,danh sách,danh sách,Neutral / Unspecified,unknown,85,29.97,1280,720,f964821e16828ed577d3af2c52a6121a,VALID
1505,W00970.mp4,C:\Users\Admin\Python Advanced\Deep Learning - CV\Project\data\Dataset\Videos\W00970.mp4,0.453,danh từ,danh từ,Neutral / Unspecified,unknown,85,29.97,1280,720,d6d6c6fb396d4eb144704eef7219a904,VALID
1506,W00971.mp4,C:\Users\Admin\Python Advanced\Deep Learning - CV\Project\data\Dataset\Videos\W00971.mp4,0.632,danh từ riêng,danh từ riêng,Neutral / Unspecified,unknown,105,29.97,1280,720,3966bcf480a19b17fee669243a533ecd,VALID
1507,W00972.mp4,C:\Users\Admin\Python Advanced\Deep Learning - CV\Project\data\Dataset\Videos\W00972.mp4,0.487,dán,dán,Neutral / Unspecified,unknown,91,29.97,1280,720,c3865197b69440ed458c3806f28f8e4d,VALID
1508,W00973.mp4,C:\Users\Admin\Python Advanced\Deep Learning - CV\Project\data\Dataset\Videos\W00973.mp4,0.458,dao,dao,Neutral / Unspecified,unknown,86,29.97,1280,720,8f70407826c8215095fdbbfe070b6754,VALID
1509,W00976.mp4,C:\Users\Admin\Python Advanced\Deep Learning - CV\Project\data\Dataset\Videos\W00976.mp4,0.75,dãy núi,dãy núi,Neutral / Unspecified,unknown,106,29.97,1280,720,976e65a1e02762cee5fa4ec74003cb51,VALID
1510,W00975.mp4,C:\Users\Admin\Python Advanced\Deep Learning - CV\Project\data\Dataset\Videos\W00975.mp4,0.651,dãy nhà,dãy nhà,Neutral / Unspecified,unknown,94,29.97,1280,720,89fab5f78173c374d66dc20644f9b5ee,VALID
1511,W00978.mp4,C:\Users\Admin\Python Advanced\Deep Learning - CV\Project\data\Dataset\Videos\W00978.mp4,1.034,dãy số liệu,dãy số liệu,Neutral / Unspecified,unknown,126,29.97,1280,720,744d4d43c03f4e0f17d48242795c5915,VALID
1512,W00977.mp4,C:\Users\Admin\Python Advanced\Deep Learning - CV\Project\data\Dataset\Videos\W00977.mp4,0.673,dãy số,dãy số,Neutral / Unspecified,unknown,92,29.97,1280,720,3a2547ff314cb1d842cdd1c194f3a094,VALID
1513,W00979.mp4,C:\Users\Admin\Python Advanced\Deep Learning - CV\Project\data\Dataset\Videos\W00979.mp4,0.447,dạy,dạy,Neutral / Unspecified,unknown,82,29.97,1280,720,d875a03fda6d6a4d520933f194d0a1a1,VALID
1514,W00980.mp4,C:\Users\Admin\Python Advanced\Deep Learning - CV\Project\data\Dataset\Videos\W00980.mp4,0.371,dặn dò,dặn dò,Neutral / Unspecified,unknown,71,29.97,1280,720,91ccb62f06b441ecd836232143cc438c,VALID
1515,W00982.mp4,C:\Users\Admin\Python Advanced\Deep Learning - CV\Project\data\Dataset\Videos\W00982.mp4,0.49,dân ca,dân ca,Neutral / Unspecified,unknown,84,29.97,1280,720,7e2014f4520b0f3b351bb25faa5bfc4d,VALID
1516,W00983.mp4,C:\Users\Admin\Python Advanced\Deep Learning - CV\Project\data\Dataset\Videos\W00983.mp4,0.553,dân chài,dân chài,Neutral / Unspecified,unknown,98,29.97,1280,720,feda0d658505895c39a59fafdea9f4b4,VALID
1517,W00985.mp4,C:\Users\Admin\Python Advanced\Deep Learning - CV\Project\data\Dataset\Videos\W00985.mp4,0.594,gian lận,gian lận,Neutral / Unspecified,unknown,82,23.98,1280,720,6f7c24fd6130d00fefde6f32c20e91a4,VALID
1518,W00987.mp4,C:\Users\Admin\Python Advanced\Deep Learning - CV\Project\data\Dataset\Videos\W00987.mp4,0.405,dân số,dân số,Neutral / Unspecified,unknown,82,29.97,1280,720,617a46c5f042307a83af524169bf37e7,VALID
1519,W00988B.mp4,C:\Users\Admin\Python Advanced\Deep Learning - CV\Project\data\Dataset\Videos\W00988B.mp4,0.486,dân tộc,dân tộc,B (Miền Bắc / North),unknown,96,29.97,1280,720,ed66e2960f04bcab13f3810beb740dc3,VALID
1520,W00988T.mp4,C:\Users\Admin\Python Advanced\Deep Learning - CV\Project\data\Dataset\Videos\W00988T.mp4,0.418,dân tộc,dân tộc,T (Miền Trung / Central),unknown,71,29.97,1280,720,8c27ae8b3bac2ac8cb7431371fea061e,VALID
1521,W00989B.mp4,C:\Users\Admin\Python Advanced\Deep Learning - CV\Project\data\Dataset\Videos\W00989B.mp4,0.569,dân tộc thiểu số,dân tộc thiểu số,B (Miền Bắc / North),unknown,105,29.97,1280,720,28683db1cd4533e073b8b60cd13fcfff,VALID
1522,W00989N.mp4,C:\Users\Admin\Python Advanced\Deep Learning - CV\Project\data\Dataset\Videos\W00989N.mp4,0.605,dân tộc thiểu số,dân tộc thiểu số,N (Miền Nam / South),unknown,100,29.97,1280,720,4d57610bcf8f47d692aabf603f1ca297,VALID
1523,W00989T.mp4,C:\Users\Admin\Python Advanced\Deep Learning - CV\Project\data\Dataset\Videos\W00989T.mp4,0.6,dân tộc thiểu số,dân tộc thiểu số,T (Miền Trung / Central),unknown,100,29.97,1280,720,77835de3b8a22ccb6d5ed85033fc40d8,VALID
1524,W00990.mp4,C:\Users\Admin\Python Advanced\Deep Learning - CV\Project\data\Dataset\Videos\W00990.mp4,0.394,dẫn chương trình,dẫn chương trình,Neutral / Unspecified,unknown,89,29.97,1280,720,564d7249e646f96775bb3a78ac4ea923,VALID
1525,W00991.mp4,C:\Users\Admin\Python Advanced\Deep Learning - CV\Project\data\Dataset\Videos\W00991.mp4,0.75,dẫn chứng,dẫn chứng,Neutral / Unspecified,unknown,134,29.97,1280,720,05eaed97d0bf50a6f22c82289e5cfe06,VALID
1526,W00992.mp4,C:\Users\Admin\Python Advanced\Deep Learning - CV\Project\data\Dataset\Videos\W00992.mp4,0.332,dập,dập,Neutral / Unspecified,unknown,64,29.97,1280,720,f4fb69a870040f083911c7ae4909b3bb,VALID
1527,W00994.mp4,C:\Users\Admin\Python Advanced\Deep Learning - CV\Project\data\Dataset\Videos\W00994.mp4,0.525,dầu gội đầu,dầu gội đầu,Neutral / Unspecified,unknown,98,29.97,1280,720,aa5f45e965bb59f8636764715b3da355,VALID
1528,W00995.mp4,C:\Users\Admin\Python Advanced\Deep Learning - CV\Project\data\Dataset\Videos\W00995.mp4,0.413,dầu hoả,dầu hoả,Neutral / Unspecified,unknown,85,29.97,1280,720,30f6ffbff5402369cc4a761c74d5a694,VALID
1529,W00996.mp4,C:\Users\Admin\Python Advanced\Deep Learning - CV\Project\data\Dataset\Videos\W00996.mp4,0.437,dầu khí,dầu khí,Neutral / Unspecified,unknown,88,29.97,1280,720,61476e509cf8aabef431cb09e12be3e9,VALID
1530,W00997.mp4,C:\Users\Admin\Python Advanced\Deep Learning - CV\Project\data\Dataset\Videos\W00997.mp4,0.443,dầu mỏ,dầu mỏ,Neutral / Unspecified,unknown,103,29.97,1280,720,59585c7e1d4c80b549ced21255c371b7,VALID
1531,W00998.mp4,C:\Users\Admin\Python Advanced\Deep Learning - CV\Project\data\Dataset\Videos\W00998.mp4,0.356,dấu bằng,dấu bằng,Neutral / Unspecified,unknown,78,29.97,1280,720,5c1e996c2dfdf8c90e2420aa46661e7f,VALID
1532,W01001.mp4,C:\Users\Admin\Python Advanced\Deep Learning - CV\Project\data\Dataset\Videos\W01001.mp4,0.47,dấu chấm,dấu chấm,Neutral / Unspecified,unknown,108,29.97,1280,720,63fb42ac934b1ca159c332109bf36868,VALID
1533,W01002.mp4,C:\Users\Admin\Python Advanced\Deep Learning - CV\Project\data\Dataset\Videos\W01002.mp4,0.398,dấu chấm hỏi,dấu chấm hỏi,Neutral / Unspecified,unknown,103,29.97,1280,720,5baa278de037a8048917a0986cc66c8b,VALID
1534,W01003.mp4,C:\Users\Admin\Python Advanced\Deep Learning - CV\Project\data\Dataset\Videos\W01003.mp4,0.31,dấu chấm than,dấu chấm than,Neutral / Unspecified,unknown,79,29.97,1280,720,0dfbe91e98425e889cd33106a8969dd7,VALID
1535,W01004.mp4,C:\Users\Admin\Python Advanced\Deep Learning - CV\Project\data\Dataset\Videos\W01004.mp4,0.342,dấu chia,dấu chia,Neutral / Unspecified,unknown,87,29.97,1280,720,16939732f8cf691d4134573258bcecdc,VALID
1536,W01005.mp4,C:\Users\Admin\Python Advanced\Deep Learning - CV\Project\data\Dataset\Videos\W01005.mp4,0.295,dấu gạch ngang,dấu gạch ngang,Neutral / Unspecified,unknown,72,29.97,1280,720,fb69bf60fc36d7fa69a2b564eec2d8c0,VALID
1537,W01006.mp4,C:\Users\Admin\Python Advanced\Deep Learning - CV\Project\data\Dataset\Videos\W01006.mp4,0.321,dấu hai chấm,dấu hai chấm,Neutral / Unspecified,unknown,84,29.97,1280,720,25b2eb644a03d935fae8a1946aa3e354,VALID
1538,W01008.mp4,C:\Users\Admin\Python Advanced\Deep Learning - CV\Project\data\Dataset\Videos\W01008.mp4,0.441,bắt buộc,bắt buộc,Neutral / Unspecified,unknown,56,23.98,1280,720,cce2101c565a99f2e795041f2c9f8bfe,VALID
1539,W01009.mp4,C:\Users\Admin\Python Advanced\Deep Learning - CV\Project\data\Dataset\Videos\W01009.mp4,0.427,dấu ngoặc đơn,dấu ngoặc đơn,Neutral / Unspecified,unknown,93,29.97,1280,720,257424a6dc249bbd4d4b5ad36e30ece5,VALID
1540,W01010.mp4,C:\Users\Admin\Python Advanced\Deep Learning - CV\Project\data\Dataset\Videos\W01010.mp4,0.396,dấu nhân,dấu nhân,Neutral / Unspecified,unknown,84,29.97,1280,720,47e8fd73477382b6860ac6217e1a8e4c,VALID
1541,W01011.mp4,C:\Users\Admin\Python Advanced\Deep Learning - CV\Project\data\Dataset\Videos\W01011.mp4,0.367,dấu phẩy,dấu phẩy,Neutral / Unspecified,unknown,92,29.97,1280,720,b6c1ca1920173c207174ab51775c5876,VALID
1542,W01014.mp4,C:\Users\Admin\Python Advanced\Deep Learning - CV\Project\data\Dataset\Videos\W01014.mp4,0.773,dây buộc tóc,dây buộc tóc,Neutral / Unspecified,unknown,130,29.97,1280,720,c2a369cc8aeb1252281606a4ab048f2e,VALID
1543,W01016B.mp4,C:\Users\Admin\Python Advanced\Deep Learning - CV\Project\data\Dataset\Videos\W01016B.mp4,0.373,dây điện,dây điện,B (Miền Bắc / North),unknown,100,29.97,1280,720,6420b67a67257d72c48cf6dd84117409,VALID
1544,W01016N.mp4,C:\Users\Admin\Python Advanced\Deep Learning - CV\Project\data\Dataset\Videos\W01016N.mp4,0.576,dây điện,dây điện,N (Miền Nam / South),unknown,113,29.97,1280,720,3542838919ed5e80af354c00766901c7,VALID
1545,W01017.mp4,C:\Users\Admin\Python Advanced\Deep Learning - CV\Project\data\Dataset\Videos\W01017.mp4,0.565,dây thần kinh,dây thần kinh,Neutral / Unspecified,unknown,67,23.98,1280,720,0a46955f02afbcb5a40d49ca3b589614,VALID
1546,W01018.mp4,C:\Users\Admin\Python Advanced\Deep Learning - CV\Project\data\Dataset\Videos\W01018.mp4,0.594,dây thừng,dây thừng,Neutral / Unspecified,unknown,111,29.97,1280,720,3a7c8f8fb9d69d405a58742c9e7bfc3c,VALID
1547,W01021.mp4,C:\Users\Admin\Python Advanced\Deep Learning - CV\Project\data\Dataset\Videos\W01021.mp4,0.489,dẻo,dẻo,Neutral / Unspecified,unknown,98,29.97,1280,720,2c38b9a0ade55de212f6d1b0fd82cc60,VALID
1548,W01022B.mp4,C:\Users\Admin\Python Advanced\Deep Learning - CV\Project\data\Dataset\Videos\W01022B.mp4,0.421,dép quai hậu,dép quai hậu,B (Miền Bắc / North),unknown,98,29.97,1280,720,7497834e040aa8883ed4c171a3b1bee6,VALID
1549,W01022T.mp4,C:\Users\Admin\Python Advanced\Deep Learning - CV\Project\data\Dataset\Videos\W01022T.mp4,0.425,dép quai hậu,dép quai hậu,T (Miền Trung / Central),unknown,98,29.97,1280,720,51a31b698b6758d1cf18eda894dabeaa,VALID
1550,W01022N.mp4,C:\Users\Admin\Python Advanced\Deep Learning - CV\Project\data\Dataset\Videos\W01022N.mp4,0.524,dép quai hậu,dép quai hậu,N (Miền Nam / South),unknown,101,29.97,1280,720,865c9b92a273741e45bd618a8d55a0e1,VALID
1551,W01025.mp4,C:\Users\Admin\Python Advanced\Deep Learning - CV\Project\data\Dataset\Videos\W01025.mp4,0.665,dê mẹ,dê mẹ,Neutral / Unspecified,unknown,121,29.97,1280,720,109596982a2a8f76331da5415a886a70,VALID
1552,W01024.mp4,C:\Users\Admin\Python Advanced\Deep Learning - CV\Project\data\Dataset\Videos\W01024.mp4,0.7,dê con,dê con,Neutral / Unspecified,unknown,120,29.97,1280,720,5ad6b6269fa2635e56844f2fa72604ed,VALID
1553,W01026.mp4,C:\Users\Admin\Python Advanced\Deep Learning - CV\Project\data\Dataset\Videos\W01026.mp4,0.44,dễ chịu,dễ chịu,Neutral / Unspecified,unknown,93,29.97,1280,720,aa35e19eb073e71ce7405274abaf24ed,VALID
1554,W01027.mp4,C:\Users\Admin\Python Advanced\Deep Learning - CV\Project\data\Dataset\Videos\W01027.mp4,0.401,dễ thương,dễ thương,Neutral / Unspecified,unknown,105,29.97,1280,720,108b8bd559c414a775a48fb7c19e1b80,VALID
1555,W01028.mp4,C:\Users\Admin\Python Advanced\Deep Learning - CV\Project\data\Dataset\Videos\W01028.mp4,0.488,dệt,dệt,Neutral / Unspecified,unknown,100,29.97,1280,720,f10de50a9d116c13bd2cd00cd3b80d84,VALID
1556,W01032B.mp4,C:\Users\Admin\Python Advanced\Deep Learning - CV\Project\data\Dataset\Videos\W01032B.mp4,0.319,di truyền,di truyền,B (Miền Bắc / North),unknown,74,29.97,1280,720,a1c876fac2ff9619baba85e4d983dbd1,VALID
1557,W01032N.mp4,C:\Users\Admin\Python Advanced\Deep Learning - CV\Project\data\Dataset\Videos\W01032N.mp4,0.371,di truyền,di truyền,N (Miền Nam / South),unknown,83,29.97,1280,720,2a8b762f3064f8f2208e117817fcae8e,VALID
1558,W01032T.mp4,C:\Users\Admin\Python Advanced\Deep Learning - CV\Project\data\Dataset\Videos\W01032T.mp4,0.496,di truyền,di truyền,T (Miền Trung / Central),unknown,103,29.97,1280,720,2c4c033e41b66d06ac049368c0ddfcdc,VALID
1559,W01033B.mp4,C:\Users\Admin\Python Advanced\Deep Learning - CV\Project\data\Dataset\Videos\W01033B.mp4,0.458,dịch vụ,dịch vụ,B (Miền Bắc / North),unknown,93,29.97,1280,720,4580fd8b0da598c3f3227d8771f1a836,VALID
1560,W01033N.mp4,C:\Users\Admin\Python Advanced\Deep Learning - CV\Project\data\Dataset\Videos\W01033N.mp4,0.629,dịch vụ,dịch vụ,N (Miền Nam / South),unknown,111,29.97,1280,720,b42ac12719c9e61d745ccd1f1870e85a,VALID
1561,W01033T.mp4,C:\Users\Admin\Python Advanced\Deep Learning - CV\Project\data\Dataset\Videos\W01033T.mp4,0.452,dịch vụ,dịch vụ,T (Miền Trung / Central),unknown,101,29.97,1280,720,d7b3c20670c8276180f7d7e6a4e137fb,VALID
1562,W01034.mp4,C:\Users\Admin\Python Advanced\Deep Learning - CV\Project\data\Dataset\Videos\W01034.mp4,0.44,diêm,diêm,Neutral / Unspecified,unknown,96,29.97,1280,720,6377ed206375550abe886643cb34013b,VALID
1563,W01035.mp4,C:\Users\Admin\Python Advanced\Deep Learning - CV\Project\data\Dataset\Videos\W01035.mp4,0.654,kịch,kịch,Neutral / Unspecified,unknown,101,29.97,1280,720,f4eae21742b89effb484e86d3d2ceece,VALID
1564,W01036.mp4,C:\Users\Admin\Python Advanced\Deep Learning - CV\Project\data\Dataset\Videos\W01036.mp4,0.78,kịch câm,kịch câm,Neutral / Unspecified,unknown,75,23.98,1280,720,764648c5d25a99d9c6e506630baf9fb5,VALID
1565,W01039.mp4,C:\Users\Admin\Python Advanced\Deep Learning - CV\Project\data\Dataset\Videos\W01039.mp4,0.857,diện tích,diện tích,Neutral / Unspecified,unknown,108,23.98,1280,720,c843c8140ed029150f93e238ce6ed3af,VALID
1566,W01041.mp4,C:\Users\Admin\Python Advanced\Deep Learning - CV\Project\data\Dataset\Videos\W01041.mp4,0.618,diện tích xung quanh,diện tích xung quanh,Neutral / Unspecified,unknown,105,29.97,1280,720,eb3c466f88484da16304e009d3fde0e9,VALID
1567,W01043.mp4,C:\Users\Admin\Python Advanced\Deep Learning - CV\Project\data\Dataset\Videos\W01043.mp4,1.004,xịt côn trùng,xịt côn trùng,Neutral / Unspecified,unknown,153,29.97,1280,720,1fdc2ee67e8c9f96089748ee6ba791af,VALID
1568,W01044.mp4,C:\Users\Admin\Python Advanced\Deep Learning - CV\Project\data\Dataset\Videos\W01044.mp4,0.873,diều,diều,Neutral / Unspecified,unknown,137,29.97,1280,720,ea10712bd82676b9521dc8a13fb99671,VALID
1569,W01046.mp4,C:\Users\Admin\Python Advanced\Deep Learning - CV\Project\data\Dataset\Videos\W01046.mp4,0.735,Dinh Độc Lập,dinh độc lập,Neutral / Unspecified,unknown,123,29.97,1280,720,a5b7868236a2ac817930f36f16037cc7,VALID
1570,W01050.mp4,C:\Users\Admin\Python Advanced\Deep Learning - CV\Project\data\Dataset\Videos\W01050.mp4,1.651,hăm dọa,hăm dọa,Neutral / Unspecified,unknown,257,29.97,1280,720,1c3de8fbe6521b799ea036b6e7c1b000,VALID
1571,W01051.mp4,C:\Users\Admin\Python Advanced\Deep Learning - CV\Project\data\Dataset\Videos\W01051.mp4,0.433,doanh nghiệp,doanh nghiệp,Neutral / Unspecified,unknown,89,29.97,1280,720,87780fe355470494fd9a8a48809326eb,VALID
1572,W01053.mp4,C:\Users\Admin\Python Advanced\Deep Learning - CV\Project\data\Dataset\Videos\W01053.mp4,0.477,doanh trại,doanh trại,Neutral / Unspecified,unknown,95,29.97,1280,720,95650e70ea35226993fef94631aa579a,VALID
1573,W01054.mp4,C:\Users\Admin\Python Advanced\Deep Learning - CV\Project\data\Dataset\Videos\W01054.mp4,0.338,dọc,dọc,Neutral / Unspecified,unknown,82,29.97,1280,720,4c6b88146ecc01f55b5ac4b52b66019e,VALID
1574,W01055.mp4,C:\Users\Admin\Python Advanced\Deep Learning - CV\Project\data\Dataset\Videos\W01055.mp4,0.372,dòng chữ,dòng chữ,Neutral / Unspecified,unknown,84,29.97,1280,720,0155c30c38c64b3fda17df6a6f1e663b,VALID
1575,W01056.mp4,C:\Users\Admin\Python Advanced\Deep Learning - CV\Project\data\Dataset\Videos\W01056.mp4,0.725,dòng họ,dòng họ,Neutral / Unspecified,unknown,132,29.97,1280,720,8d00f8efeaab8325ecfad591a9648492,VALID
1576,W01058.mp4,C:\Users\Admin\Python Advanced\Deep Learning - CV\Project\data\Dataset\Videos\W01058.mp4,0.518,dòng sông,dòng sông,Neutral / Unspecified,unknown,94,29.97,1280,720,ca3b7df36dc1180770bc90f998998040,VALID
1577,W01060.mp4,C:\Users\Admin\Python Advanced\Deep Learning - CV\Project\data\Dataset\Videos\W01060.mp4,1.252,dốc,dốc,Neutral / Unspecified,unknown,219,29.97,1280,720,1afdc2c094030f1334d0147b2ce90b0f,VALID
1578,W01062.mp4,C:\Users\Admin\Python Advanced\Deep Learning - CV\Project\data\Dataset\Videos\W01062.mp4,0.471,du học,du học,Neutral / Unspecified,unknown,96,29.97,1280,720,29d3e734621f0ef431989ad7ed3a1458,VALID
1579,W01064.mp4,C:\Users\Admin\Python Advanced\Deep Learning - CV\Project\data\Dataset\Videos\W01064.mp4,0.434,du thuyền,du thuyền,Neutral / Unspecified,unknown,85,29.97,1280,720,f0fb6a5812604560b3bf89b80c9eb37f,VALID
1580,W01068.mp4,C:\Users\Admin\Python Advanced\Deep Learning - CV\Project\data\Dataset\Videos\W01068.mp4,0.531,dũng cảm,dũng cảm,Neutral / Unspecified,unknown,93,29.97,1280,720,a22bc9672eea5425862246464f3cae15,VALID
1581,W01069.mp4,C:\Users\Admin\Python Advanced\Deep Learning - CV\Project\data\Dataset\Videos\W01069.mp4,0.533,dụng cụ,dụng cụ,Neutral / Unspecified,unknown,98,29.97,1280,720,6ce9ef649aebd3886a1be17f89c1cb81,VALID
1582,W01071.mp4,C:\Users\Admin\Python Advanced\Deep Learning - CV\Project\data\Dataset\Videos\W01071.mp4,0.593,duyệt binh,duyệt binh,Neutral / Unspecified,unknown,93,29.97,1280,720,16d911f755510b4e2c955ef19367b1c9,VALID
1583,W01075B.mp4,C:\Users\Admin\Python Advanced\Deep Learning - CV\Project\data\Dataset\Videos\W01075B.mp4,0.436,nhà nước,nhà nước,B (Miền Bắc / North),unknown,107,29.97,1280,720,2c0ea097db56ce9d8e368deb457d43e9,VALID
1584,W01075N.mp4,C:\Users\Admin\Python Advanced\Deep Learning - CV\Project\data\Dataset\Videos\W01075N.mp4,0.549,nhà nước,nhà nước,N (Miền Nam / South),unknown,106,29.97,1280,720,a0dab492be7a70e3ec066555f8a903cd,VALID
1585,W01075T.mp4,C:\Users\Admin\Python Advanced\Deep Learning - CV\Project\data\Dataset\Videos\W01075T.mp4,0.546,nhà nước,nhà nước,T (Miền Trung / Central),unknown,106,29.97,1280,720,0c75b0d792ebfc4d07b19c778cdcf989,VALID
1586,W01076.mp4,C:\Users\Admin\Python Advanced\Deep Learning - CV\Project\data\Dataset\Videos\W01076.mp4,0.588,dựng phim,dựng phim,Neutral / Unspecified,unknown,95,29.97,1280,720,ddb3a575fbe3c81a98b19c9dda99f2a5,VALID
1587,W01079.mp4,C:\Users\Admin\Python Advanced\Deep Learning - CV\Project\data\Dataset\Videos\W01079.mp4,0.988,pháo đài,pháo đài,Neutral / Unspecified,unknown,116,23.98,1280,720,b42e389fd335151c7f2527f5ff477954,VALID
1588,W01080.mp4,C:\Users\Admin\Python Advanced\Deep Learning - CV\Project\data\Dataset\Videos\W01080.mp4,0.595,đài sen,đài sen,Neutral / Unspecified,unknown,100,29.97,1280,720,7c9ae94b7e159dd6ece5779d899b9ca6,VALID
1589,W01082B.mp4,C:\Users\Admin\Python Advanced\Deep Learning - CV\Project\data\Dataset\Videos\W01082B.mp4,0.325,đại diện,đại diện,B (Miền Bắc / North),unknown,77,29.97,1280,720,05b5e111c17c1d6a78c4d46953c8a441,VALID
1590,W01083.mp4,C:\Users\Admin\Python Advanced\Deep Learning - CV\Project\data\Dataset\Videos\W01083.mp4,0.566,đại dương,đại dương,Neutral / Unspecified,unknown,100,29.97,1280,720,191b0d541f488c6c86eddbac04a1a4a7,VALID
1591,W01086.mp4,C:\Users\Admin\Python Advanced\Deep Learning - CV\Project\data\Dataset\Videos\W01086.mp4,0.485,đại tá,đại tá,Neutral / Unspecified,unknown,113,29.97,1280,720,d15e34c1c2b3b7a8ae9e573022f1158b,VALID
1592,W01088.mp4,C:\Users\Admin\Python Advanced\Deep Learning - CV\Project\data\Dataset\Videos\W01088.mp4,0.634,đại tướng,đại tướng,Neutral / Unspecified,unknown,117,29.97,1280,720,86a22ed3568d1b114eb1b37a98be9253,VALID
1593,W01089.mp4,C:\Users\Admin\Python Advanced\Deep Learning - CV\Project\data\Dataset\Videos\W01089.mp4,0.629,đại úy,đại úy,Neutral / Unspecified,unknown,131,29.97,1280,720,ddceb627c8b40c0008fc5ff6d626a2ab,VALID
1594,W01092.mp4,C:\Users\Admin\Python Advanced\Deep Learning - CV\Project\data\Dataset\Videos\W01092.mp4,0.508,đảm nhiệm,đảm nhiệm,Neutral / Unspecified,unknown,104,29.97,1280,720,0b72e20cd6ec739f0975849c7fc3e0bb,VALID
1595,W01093.mp4,C:\Users\Admin\Python Advanced\Deep Learning - CV\Project\data\Dataset\Videos\W01093.mp4,1.104,đám ma,đám ma,Neutral / Unspecified,unknown,182,29.97,1280,720,880e299f0dc4df4219ebb15a35dd41e3,VALID
1596,W01094.mp4,C:\Users\Admin\Python Advanced\Deep Learning - CV\Project\data\Dataset\Videos\W01094.mp4,0.73,đám mây,đám mây,Neutral / Unspecified,unknown,105,29.97,1280,720,e934f7c819bc1e68d7fb1296603dbd68,VALID
1597,W01095.mp4,C:\Users\Admin\Python Advanced\Deep Learning - CV\Project\data\Dataset\Videos\W01095.mp4,0.706,đan,đan,Neutral / Unspecified,unknown,126,29.97,1280,720,df83256f3e0d6bd91ef7390452497e97,VALID
1598,W01096.mp4,C:\Users\Admin\Python Advanced\Deep Learning - CV\Project\data\Dataset\Videos\W01096.mp4,0.685,đàn xê lô đại vĩ cầm,đàn xê lô đại vĩ cầm,Neutral / Unspecified,unknown,97,23.98,1280,720,aea80ce8da817c6f72dde6f976f7d603,VALID
1599,W01098.mp4,C:\Users\Admin\Python Advanced\Deep Learning - CV\Project\data\Dataset\Videos\W01098.mp4,0.711,đàn bầu,đàn bầu,Neutral / Unspecified,unknown,126,29.97,1280,720,c25c58fbe3fca61705d8555ed27bef12,VALID
1600,W01099.mp4,C:\Users\Admin\Python Advanced\Deep Learning - CV\Project\data\Dataset\Videos\W01099.mp4,0.619,đàn bướm,đàn bướm,Neutral / Unspecified,unknown,96,29.97,1280,720,2a2dc61f264dd3ea0dfe913a5909555e,VALID
1601,W01100.mp4,C:\Users\Admin\Python Advanced\Deep Learning - CV\Project\data\Dataset\Videos\W01100.mp4,0.517,đàn ghi ta,đàn ghi ta,Neutral / Unspecified,unknown,96,29.97,1280,720,cb6f7401068d04b3a0e35cc50ad6d8b8,VALID
1602,W01101.mp4,C:\Users\Admin\Python Advanced\Deep Learning - CV\Project\data\Dataset\Videos\W01101.mp4,0.624,đàn kiến,đàn kiến,Neutral / Unspecified,unknown,108,29.97,1280,720,fc9c22455c38b953e3eabfdfb4edc7f5,VALID
1603,W01103.mp4,C:\Users\Admin\Python Advanced\Deep Learning - CV\Project\data\Dataset\Videos\W01103.mp4,1.336,đàn tơ-rưng,đàn tơ-rưng,Neutral / Unspecified,unknown,224,29.97,1280,720,3eb9eddcb85d97f3f3d292ed75151bca,VALID
1604,W01105.mp4,C:\Users\Admin\Python Advanced\Deep Learning - CV\Project\data\Dataset\Videos\W01105.mp4,0.451,đàng trong,đàng trong,Neutral / Unspecified,unknown,83,29.97,1280,720,064ecddbdfd2c82e101f6e8e4b760447,VALID
1605,W01106.mp4,C:\Users\Admin\Python Advanced\Deep Learning - CV\Project\data\Dataset\Videos\W01106.mp4,0.48,đáng quý,đáng quý,Neutral / Unspecified,unknown,91,29.97,1280,720,e744348cfbac2da12a05b3c630750d14,VALID
1606,W01110.mp4,C:\Users\Admin\Python Advanced\Deep Learning - CV\Project\data\Dataset\Videos\W01110.mp4,0.368,đánh giá,đánh giá,Neutral / Unspecified,unknown,87,29.97,1280,720,af48750696c38fb60a477e3a94a93d6c,VALID
1607,W01112.mp4,C:\Users\Admin\Python Advanced\Deep Learning - CV\Project\data\Dataset\Videos\W01112.mp4,0.402,đánh răng,đánh răng,Neutral / Unspecified,unknown,89,29.97,1280,720,4ac065174c47acc380b0537bb15b1933,VALID
1608,W01113.mp4,C:\Users\Admin\Python Advanced\Deep Learning - CV\Project\data\Dataset\Videos\W01113.mp4,0.524,đánh trống,đánh trống,Neutral / Unspecified,unknown,86,29.97,1280,720,fe3ca9066e0b49968c1a45813a514a35,VALID
1609,W01115.mp4,C:\Users\Admin\Python Advanced\Deep Learning - CV\Project\data\Dataset\Videos\W01115.mp4,0.46,đào tạo,đào tạo,Neutral / Unspecified,unknown,79,29.97,1280,720,17203e4425548b0a94240117fe2ac7bd,VALID
1610,W01117.mp4,C:\Users\Admin\Python Advanced\Deep Learning - CV\Project\data\Dataset\Videos\W01117.mp4,0.59,đảo Lý Sơn,đảo lý sơn,Neutral / Unspecified,unknown,105,29.97,1280,720,de0d6a35420f92bc6c4bc5d73246710b,VALID
1611,W01118.mp4,C:\Users\Admin\Python Advanced\Deep Learning - CV\Project\data\Dataset\Videos\W01118.mp4,0.564,đảo Phú Quốc,đảo phú quốc,Neutral / Unspecified,unknown,98,29.97,1280,720,b30950a1d12c5a6a35d41ecc57543c71,VALID
1612,W01122.mp4,C:\Users\Admin\Python Advanced\Deep Learning - CV\Project\data\Dataset\Videos\W01122.mp4,1.799,đặc biệt,đặc biệt,Neutral / Unspecified,unknown,316,29.97,1280,720,780d4c989b55f6a368fb70da77cdc71f,VALID
1613,W01122B.mp4,C:\Users\Admin\Python Advanced\Deep Learning - CV\Project\data\Dataset\Videos\W01122B.mp4,0.288,đặc biệt,đặc biệt,B (Miền Bắc / North),unknown,67,29.97,1280,720,e0ed56215e04792115bb2f361cab673e,VALID
1614,W01122N.mp4,C:\Users\Admin\Python Advanced\Deep Learning - CV\Project\data\Dataset\Videos\W01122N.mp4,0.378,đặc biệt,đặc biệt,N (Miền Nam / South),unknown,88,29.97,1280,720,cb502ec12343149e717db254bbe9be51,VALID
1615,W01122T.mp4,C:\Users\Admin\Python Advanced\Deep Learning - CV\Project\data\Dataset\Videos\W01122T.mp4,0.379,đặc biệt,đặc biệt,T (Miền Trung / Central),unknown,88,29.97,1280,720,5befe1c90b8188ef3187e7f2e11abedf,VALID
1616,W01124.mp4,C:\Users\Admin\Python Advanced\Deep Learning - CV\Project\data\Dataset\Videos\W01124.mp4,0.493,đặc điểm,đặc điểm,Neutral / Unspecified,unknown,105,29.97,1280,720,9cef5192719e705b6956d1f385eba218,VALID
1617,W01125.mp4,C:\Users\Admin\Python Advanced\Deep Learning - CV\Project\data\Dataset\Videos\W01125.mp4,0.525,Đắk Lắk,đắk lắk,Neutral / Unspecified,unknown,87,29.97,1280,720,e8e42e8260fb02250ac20236edd35ec0,VALID
1618,W01126.mp4,C:\Users\Admin\Python Advanced\Deep Learning - CV\Project\data\Dataset\Videos\W01126.mp4,0.445,đăng ký,đăng ký,Neutral / Unspecified,unknown,93,29.97,1280,720,17dd662c29511dd09d2053686170ef7a,VALID
1619,W01127.mp4,C:\Users\Admin\Python Advanced\Deep Learning - CV\Project\data\Dataset\Videos\W01127.mp4,0.414,đăng nhập,đăng nhập,Neutral / Unspecified,unknown,80,29.97,1280,720,7c0f835c88c7b7f2df7bf6477f33288e,VALID
1620,W01128.mp4,C:\Users\Admin\Python Advanced\Deep Learning - CV\Project\data\Dataset\Videos\W01128.mp4,0.489,đằng sau,đằng sau,Neutral / Unspecified,unknown,91,29.97,1280,720,6c2fc2df6deb422593be787ff6d07cc0,VALID
1621,W01130.mp4,C:\Users\Admin\Python Advanced\Deep Learning - CV\Project\data\Dataset\Videos\W01130.mp4,0.485,Đặng Văn Ngữ,đặng văn ngữ,Neutral / Unspecified,unknown,131,29.97,1280,720,ae9658ec2d5f6da326601548084c41ea,VALID
1622,W01131.mp4,C:\Users\Admin\Python Advanced\Deep Learning - CV\Project\data\Dataset\Videos\W01131.mp4,0.46,đắt đỏ,đắt đỏ,Neutral / Unspecified,unknown,90,29.97,1280,720,c43266d8cbaa2c38c5d2d637098928cf,VALID
1623,W01132.mp4,C:\Users\Admin\Python Advanced\Deep Learning - CV\Project\data\Dataset\Videos\W01132.mp4,0.452,đặt,đặt,Neutral / Unspecified,unknown,90,29.97,1280,720,786a4b0ee5c5a335b0e1d643a0006feb,VALID
1624,W01134.mp4,C:\Users\Admin\Python Advanced\Deep Learning - CV\Project\data\Dataset\Videos\W01134.mp4,1.417,đập,đập,Neutral / Unspecified,unknown,205,29.97,1280,720,f08e72a3018d6752cc4c77861d17c8b6,VALID
1625,W01135.mp4,C:\Users\Admin\Python Advanced\Deep Learning - CV\Project\data\Dataset\Videos\W01135.mp4,0.357,đất,đất,Neutral / Unspecified,unknown,70,29.97,1280,720,08c1d35a913e3997da16e0f2bdb01db9,VALID
1626,W01137.mp4,C:\Users\Admin\Python Advanced\Deep Learning - CV\Project\data\Dataset\Videos\W01137.mp4,0.558,đất màu mỡ,đất màu mỡ,Neutral / Unspecified,unknown,88,23.98,1280,720,0c394f440b6072a2d8b6c9eea550eabc,VALID
1627,W01138.mp4,C:\Users\Admin\Python Advanced\Deep Learning - CV\Project\data\Dataset\Videos\W01138.mp4,0.474,đất nặn,đất nặn,Neutral / Unspecified,unknown,88,29.97,1280,720,426f5d8aedffbfef7c96734a3a1f3ed6,VALID
1628,W01141.mp4,C:\Users\Admin\Python Advanced\Deep Learning - CV\Project\data\Dataset\Videos\W01141.mp4,0.64,đầu gối,đầu gối,Neutral / Unspecified,unknown,105,29.97,1280,720,0992a8eb1902fb93e8da082f4ff62b43,VALID
1629,W01142.mp4,C:\Users\Admin\Python Advanced\Deep Learning - CV\Project\data\Dataset\Videos\W01142.mp4,0.522,đầu hàng,đầu hàng,Neutral / Unspecified,unknown,79,29.97,1280,720,bae0bd0c634af7c8b819ef351ffcc332,VALID
1630,W01143.mp4,C:\Users\Admin\Python Advanced\Deep Learning - CV\Project\data\Dataset\Videos\W01143.mp4,0.754,đầu tàu,đầu tàu,Neutral / Unspecified,unknown,160,29.97,1280,720,92ff422d3661dcfb82c277b07ff113f2,VALID
1631,W01144.mp4,C:\Users\Admin\Python Advanced\Deep Learning - CV\Project\data\Dataset\Videos\W01144.mp4,0.323,đầu tiên,đầu tiên,Neutral / Unspecified,unknown,80,29.97,1280,720,1f7a3459474a4db1cd2607e483afe585,VALID
1632,W01145.mp4,C:\Users\Admin\Python Advanced\Deep Learning - CV\Project\data\Dataset\Videos\W01145.mp4,0.802,đầu xuôi đuôi lọt,đầu xuôi đuôi lọt,Neutral / Unspecified,unknown,147,29.97,1280,720,0396e19f31fe861b7f065468043a5786,VALID
1633,W01146.mp4,C:\Users\Admin\Python Advanced\Deep Learning - CV\Project\data\Dataset\Videos\W01146.mp4,0.806,đấu tranh,đấu tranh,Neutral / Unspecified,unknown,144,29.97,1280,720,d62bb75236e8ddf37ce8e4ef8eb5253d,VALID
1634,W01149.mp4,C:\Users\Admin\Python Advanced\Deep Learning - CV\Project\data\Dataset\Videos\W01149.mp4,1.287,đầy,đầy,Neutral / Unspecified,unknown,218,29.97,1280,720,8caad3fbe6dad83286725270f6d117b2,VALID
1635,W01150.mp4,C:\Users\Admin\Python Advanced\Deep Learning - CV\Project\data\Dataset\Videos\W01150.mp4,0.514,đầy đủ,đầy đủ,Neutral / Unspecified,unknown,123,29.97,1280,720,9f91d0a95e6ba4c203a40a499ae72937,VALID
1636,W01151.mp4,C:\Users\Admin\Python Advanced\Deep Learning - CV\Project\data\Dataset\Videos\W01151.mp4,0.717,đầy tớ,đầy tớ,Neutral / Unspecified,unknown,137,29.97,1280,720,26e27ca249267e0e29d95baed956a219,VALID
1637,W01152.mp4,C:\Users\Admin\Python Advanced\Deep Learning - CV\Project\data\Dataset\Videos\W01152.mp4,0.628,đẩy,đẩy,Neutral / Unspecified,unknown,119,29.97,1280,720,1a6968d62e4dd6b8a4c5712897a547f0,VALID
1638,W01153B.mp4,C:\Users\Admin\Python Advanced\Deep Learning - CV\Project\data\Dataset\Videos\W01153B.mp4,0.692,đen láy (như đen nhánh),đen láy (như đen nhánh),B (Miền Bắc / North),unknown,129,29.97,1280,720,56e64f77eadc07f4ccbd789279d4fa5b,VALID
1639,W01153N.mp4,C:\Users\Admin\Python Advanced\Deep Learning - CV\Project\data\Dataset\Videos\W01153N.mp4,0.48,đen láy (như đen nhánh),đen láy (như đen nhánh),N (Miền Nam / South),unknown,109,29.97,1280,720,b28db25a8a1bfdd84b3a73f59f4123bf,VALID
1640,W01153T.mp4,C:\Users\Admin\Python Advanced\Deep Learning - CV\Project\data\Dataset\Videos\W01153T.mp4,0.48,đen láy (như đen nhánh),đen láy (như đen nhánh),T (Miền Trung / Central),unknown,109,29.97,1280,720,1f6fd4f4c4e9e719f4bd2587db41af48,VALID
1641,W01154B.mp4,C:\Users\Admin\Python Advanced\Deep Learning - CV\Project\data\Dataset\Videos\W01154B.mp4,0.485,đèn báo giao thông,đèn báo giao thông,B (Miền Bắc / North),unknown,91,29.97,1280,720,9202a116e6764d093083d17cd03905e7,VALID
1642,W01154N.mp4,C:\Users\Admin\Python Advanced\Deep Learning - CV\Project\data\Dataset\Videos\W01154N.mp4,0.577,đèn báo giao thông,đèn báo giao thông,N (Miền Nam / South),unknown,109,29.97,1280,720,636fac3c638abf51b7589a60ca0a0938,VALID
1643,W01154T.mp4,C:\Users\Admin\Python Advanced\Deep Learning - CV\Project\data\Dataset\Videos\W01154T.mp4,0.571,đèn báo giao thông,đèn báo giao thông,T (Miền Trung / Central),unknown,109,29.97,1280,720,19caf148c82346f12911cc21c91572ad,VALID
1644,W01155B.mp4,C:\Users\Admin\Python Advanced\Deep Learning - CV\Project\data\Dataset\Videos\W01155B.mp4,0.375,đèn điện,đèn điện,B (Miền Bắc / North),unknown,80,29.97,1280,720,c650f97c3ad94ba17f41e2109527b1f6,VALID
1645,W01155N.mp4,C:\Users\Admin\Python Advanced\Deep Learning - CV\Project\data\Dataset\Videos\W01155N.mp4,0.549,đèn điện,đèn điện,N (Miền Nam / South),unknown,101,29.97,1280,720,996aafb25ff43cd2420dbf51bb16a0af,VALID
1646,W01155T.mp4,C:\Users\Admin\Python Advanced\Deep Learning - CV\Project\data\Dataset\Videos\W01155T.mp4,0.524,đèn điện,đèn điện,T (Miền Trung / Central),unknown,101,29.97,1280,720,d5f1e8af0cb63f9a622fa75020cc6fde,VALID
1647,W01159N.mp4,C:\Users\Admin\Python Advanced\Deep Learning - CV\Project\data\Dataset\Videos\W01159N.mp4,0.437,đèn pin,đèn pin,N (Miền Nam / South),unknown,101,29.97,1280,720,1d6e146353b0bcc219d3cd1daff0d0c5,VALID
1648,W01159T.mp4,C:\Users\Admin\Python Advanced\Deep Learning - CV\Project\data\Dataset\Videos\W01159T.mp4,1.249,đèn pin,đèn pin,T (Miền Trung / Central),unknown,250,29.97,1280,720,eaa3c16cdd4deb81b316a990f613fc08,VALID
1649,W01161B.mp4,C:\Users\Admin\Python Advanced\Deep Learning - CV\Project\data\Dataset\Videos\W01161B.mp4,0.599,đèn vàng,đèn vàng,B (Miền Bắc / North),unknown,111,29.97,1280,720,17d643fce498015431f7dedb1387b9a7,VALID
1650,W01161N.mp4,C:\Users\Admin\Python Advanced\Deep Learning - CV\Project\data\Dataset\Videos\W01161N.mp4,0.481,đèn vàng,đèn vàng,N (Miền Nam / South),unknown,97,29.97,1280,720,3a1d52752252a7fba9b2bf8a405a883d,VALID
1651,W01162N.mp4,C:\Users\Admin\Python Advanced\Deep Learning - CV\Project\data\Dataset\Videos\W01162N.mp4,0.631,đèn xanh,đèn xanh,N (Miền Nam / South),unknown,122,29.97,1280,720,29f04082117c5fa09a6bc67538834d56,VALID
1652,W01162T.mp4,C:\Users\Admin\Python Advanced\Deep Learning - CV\Project\data\Dataset\Videos\W01162T.mp4,0.649,đèn xanh,đèn xanh,T (Miền Trung / Central),unknown,123,29.97,1280,720,575ac30112b6425ec72ed54004524680,VALID
1653,W01164.mp4,C:\Users\Admin\Python Advanced\Deep Learning - CV\Project\data\Dataset\Videos\W01164.mp4,0.554,đeo kính,đeo kính,Neutral / Unspecified,unknown,122,29.97,1280,720,86edf77d556569232b17b9679cd82835,VALID
1654,W01165B.mp4,C:\Users\Admin\Python Advanced\Deep Learning - CV\Project\data\Dataset\Videos\W01165B.mp4,0.42,đèo Hải Vân,đèo hải vân,B (Miền Bắc / North),unknown,91,29.97,1280,720,be39a8bd4047a5281d8681c6e8c210e2,VALID
1655,W01165N.mp4,C:\Users\Admin\Python Advanced\Deep Learning - CV\Project\data\Dataset\Videos\W01165N.mp4,0.497,đèo Hải Vân,đèo hải vân,N (Miền Nam / South),unknown,82,29.97,1280,720,58aaa5d66db4397fe208c8fbe4178225,VALID
1656,W01165T.mp4,C:\Users\Admin\Python Advanced\Deep Learning - CV\Project\data\Dataset\Videos\W01165T.mp4,0.497,đèo Hải Vân,đèo hải vân,T (Miền Trung / Central),unknown,82,29.97,1280,720,e4258f12b34f5c03b154f25292a5270a,VALID
1657,W01166.mp4,C:\Users\Admin\Python Advanced\Deep Learning - CV\Project\data\Dataset\Videos\W01166.mp4,0.529,đèo,đèo,Neutral / Unspecified,unknown,97,29.97,1280,720,3ba0585c4a5efe9d12e314c8f19b3509,VALID
1658,W01170.mp4,C:\Users\Admin\Python Advanced\Deep Learning - CV\Project\data\Dataset\Videos\W01170.mp4,0.655,đẹp đẽ (như đẹp),đẹp đẽ (như đẹp),Neutral / Unspecified,unknown,134,29.97,1280,720,a635e92210276ced483989a0386b91a8,VALID
1659,W01172.mp4,C:\Users\Admin\Python Advanced\Deep Learning - CV\Project\data\Dataset\Videos\W01172.mp4,0.878,đẹp mê hồn,đẹp mê hồn,Neutral / Unspecified,unknown,176,29.97,1280,720,431f1cd6145f0a8d6be8e9f6c709e39d,VALID
1660,W01175.mp4,C:\Users\Admin\Python Advanced\Deep Learning - CV\Project\data\Dataset\Videos\W01175.mp4,0.603,đề-ca-mét (dam),đề-ca-mét (dam),Neutral / Unspecified,unknown,142,29.97,1280,720,7c0c10ad94140a4564d3644f5cc73147,VALID
1661,W01176.mp4,C:\Users\Admin\Python Advanced\Deep Learning - CV\Project\data\Dataset\Videos\W01176.mp4,0.566,đề-ca-mét vuông (dam2),đề-ca-mét vuông (dam2),Neutral / Unspecified,unknown,136,29.97,1280,720,370b38a2607615790f8b89fcf4d8903f,VALID
1662,W01177B.mp4,C:\Users\Admin\Python Advanced\Deep Learning - CV\Project\data\Dataset\Videos\W01177B.mp4,0.465,đề nghị,đề nghị,B (Miền Bắc / North),unknown,87,29.97,1280,720,7bc01fdd261d9ad1519a1465097fadb0,VALID
1663,W01177N.mp4,C:\Users\Admin\Python Advanced\Deep Learning - CV\Project\data\Dataset\Videos\W01177N.mp4,1.278,đề nghị,đề nghị,N (Miền Nam / South),unknown,219,29.97,1280,720,2f07fffd240c9a4789be30a9775d51ad,VALID
1664,W01177T.mp4,C:\Users\Admin\Python Advanced\Deep Learning - CV\Project\data\Dataset\Videos\W01177T.mp4,1.314,đề nghị,đề nghị,T (Miền Trung / Central),unknown,219,29.97,1280,720,9f42ac5e17e5218e638c3f5f4ee4dd28,VALID
1665,W01179.mp4,C:\Users\Admin\Python Advanced\Deep Learning - CV\Project\data\Dataset\Videos\W01179.mp4,0.509,đề tài,đề tài,Neutral / Unspecified,unknown,71,23.98,1280,720,fd44f08a14d8bb5ab07700040c253759,VALID
1666,W01182.mp4,C:\Users\Admin\Python Advanced\Deep Learning - CV\Project\data\Dataset\Videos\W01182.mp4,0.555,đề-xi-mét khối (dm3),đề-xi-mét khối (dm3),Neutral / Unspecified,unknown,123,29.97,1280,720,7fd5f07d3f6d3a66edac045608e9ad2e,VALID
1667,W01183.mp4,C:\Users\Admin\Python Advanced\Deep Learning - CV\Project\data\Dataset\Videos\W01183.mp4,0.504,đề-xi-mét vuông (dm2),đề-xi-mét vuông (dm2),Neutral / Unspecified,unknown,123,29.97,1280,720,b04b5c757a42084e50ac532d30a3425b,VALID
1668,W01184.mp4,C:\Users\Admin\Python Advanced\Deep Learning - CV\Project\data\Dataset\Videos\W01184.mp4,0.419,đếm,đếm,Neutral / Unspecified,unknown,71,23.98,1280,720,46b9ce15df55fec286703db4671a783a,VALID
1669,W01185N.mp4,C:\Users\Admin\Python Advanced\Deep Learning - CV\Project\data\Dataset\Videos\W01185N.mp4,0.578,đền,đền,N (Miền Nam / South),unknown,114,29.97,1280,720,c709e581f994e1765b2fc713fb6af9cb,VALID
1670,W01186.mp4,C:\Users\Admin\Python Advanced\Deep Learning - CV\Project\data\Dataset\Videos\W01186.mp4,0.78,Đền Hùng,đền hùng,Neutral / Unspecified,unknown,146,29.97,1280,720,6a7d7705d3198520642f8e2eb2c0b472,VALID
1671,W01188.mp4,C:\Users\Admin\Python Advanced\Deep Learning - CV\Project\data\Dataset\Videos\W01188.mp4,0.71,đều đặn,đều đặn,Neutral / Unspecified,unknown,114,29.97,1280,720,fe668024d89c709ba733589a6d6de666,VALID
1672,W01190.mp4,C:\Users\Admin\Python Advanced\Deep Learning - CV\Project\data\Dataset\Videos\W01190.mp4,0.43,đi,đi,Neutral / Unspecified,unknown,107,29.97,1280,720,730594bfb43343ceafc17ca45a645566,VALID
1673,W01191.mp4,C:\Users\Admin\Python Advanced\Deep Learning - CV\Project\data\Dataset\Videos\W01191.mp4,0.449,đi học,đi học,Neutral / Unspecified,unknown,109,29.97,1280,720,7ce9ea58d835a9a682294b4b2bc5899b,VALID
1674,W01192.mp4,C:\Users\Admin\Python Advanced\Deep Learning - CV\Project\data\Dataset\Videos\W01192.mp4,0.514,đĩa,đĩa,Neutral / Unspecified,unknown,121,29.97,1280,720,372dbe44254f93fe9d4d15f00e81bcaf,VALID
1675,W01193.mp4,C:\Users\Admin\Python Advanced\Deep Learning - CV\Project\data\Dataset\Videos\W01193.mp4,0.663,đĩa DVD,đĩa dvd,Neutral / Unspecified,unknown,134,29.97,1280,720,323e9c62bdc2193ff8214b21974fec79,VALID
1676,W01194.mp4,C:\Users\Admin\Python Advanced\Deep Learning - CV\Project\data\Dataset\Videos\W01194.mp4,0.474,địa cầu,địa cầu,Neutral / Unspecified,unknown,105,29.97,1280,720,482e51e48ac706c4e283287d5704f854,VALID
1677,W01196.mp4,C:\Users\Admin\Python Advanced\Deep Learning - CV\Project\data\Dataset\Videos\W01196.mp4,0.752,địa đạo Củ Chi,địa đạo củ chi,Neutral / Unspecified,unknown,143,29.97,1280,720,ecc5be411ef236f4f6c6665253361f74,VALID
1678,W01197.mp4,C:\Users\Admin\Python Advanced\Deep Learning - CV\Project\data\Dataset\Videos\W01197.mp4,0.48,địa điểm,địa điểm,Neutral / Unspecified,unknown,74,23.98,1280,720,a5f6f9504eda2564d3aa0f1d554d9173,VALID
1679,W01199.mp4,C:\Users\Admin\Python Advanced\Deep Learning - CV\Project\data\Dataset\Videos\W01199.mp4,0.393,địa lí,địa lí,Neutral / Unspecified,unknown,82,29.97,1280,720,39be390dee9ad574c740ecf7dae7f304,VALID
1680,W01201.mp4,C:\Users\Admin\Python Advanced\Deep Learning - CV\Project\data\Dataset\Videos\W01201.mp4,0.53,đích,đích,Neutral / Unspecified,unknown,71,23.98,1280,720,fba6a61915c9505e1a633f6aa1b755dc,VALID
1681,W01203.mp4,C:\Users\Admin\Python Advanced\Deep Learning - CV\Project\data\Dataset\Videos\W01203.mp4,0.747,điểm ở giữa đoạn thẳng,điểm ở giữa đoạn thẳng,Neutral / Unspecified,unknown,143,29.97,1280,720,15cf63a9b724fc1216432d3b446c6152,VALID
1682,W01204.mp4,C:\Users\Admin\Python Advanced\Deep Learning - CV\Project\data\Dataset\Videos\W01204.mp4,0.684,tấm lòng,tấm lòng,Neutral / Unspecified,unknown,93,23.98,1280,720,290369864c5652d876252ac851e90665,VALID
1683,W01205N.mp4,C:\Users\Admin\Python Advanced\Deep Learning - CV\Project\data\Dataset\Videos\W01205N.mp4,0.442,điện,điện,N (Miền Nam / South),unknown,111,29.97,1280,720,7dc0ebddda7b41c06d61be1e77fefa60,VALID
1684,W01205T.mp4,C:\Users\Admin\Python Advanced\Deep Learning - CV\Project\data\Dataset\Videos\W01205T.mp4,0.44,điện,điện,T (Miền Trung / Central),unknown,111,29.97,1280,720,3915929dfeec1b4ec778c454f9b53337,VALID
1685,W01207.mp4,C:\Users\Admin\Python Advanced\Deep Learning - CV\Project\data\Dataset\Videos\W01207.mp4,0.894,Điện Biên Phủ,điện biên phủ,Neutral / Unspecified,unknown,154,29.97,1280,720,5fcf5dbab8838a2584f553fc34066e43,VALID
1686,W01208.mp4,C:\Users\Admin\Python Advanced\Deep Learning - CV\Project\data\Dataset\Videos\W01208.mp4,0.814,điện thoại,điện thoại,Neutral / Unspecified,unknown,179,29.97,1280,720,1a2a214d6f64b45343b38ff4d916b913,VALID
1687,W01210.mp4,C:\Users\Admin\Python Advanced\Deep Learning - CV\Project\data\Dataset\Videos\W01210.mp4,0.811,điêu khắc,điêu khắc,Neutral / Unspecified,unknown,158,29.97,1280,720,bdf76f4cd2cf7705bf338d7e11121203,VALID
1688,W01211.mp4,C:\Users\Admin\Python Advanced\Deep Learning - CV\Project\data\Dataset\Videos\W01211.mp4,0.414,quả điều,quả điều,Neutral / Unspecified,unknown,103,29.97,1280,720,41feaa7351d6be685c405579b55a7619,VALID
1689,W01211N.mp4,C:\Users\Admin\Python Advanced\Deep Learning - CV\Project\data\Dataset\Videos\W01211N.mp4,0.541,quả điều,quả điều,N (Miền Nam / South),unknown,125,29.97,1280,720,5b71e90b6c22d7455bfbc6d75b159419,VALID
1690,W01212B.mp4,C:\Users\Admin\Python Advanced\Deep Learning - CV\Project\data\Dataset\Videos\W01212B.mp4,0.419,điều phối,điều phối,B (Miền Bắc / North),unknown,101,29.97,1280,720,0a8dd264e2fbdf7e2849221709d68978,VALID
1691,W01212N.mp4,C:\Users\Admin\Python Advanced\Deep Learning - CV\Project\data\Dataset\Videos\W01212N.mp4,0.42,điều phối,điều phối,N (Miền Nam / South),unknown,94,29.97,1280,720,8ae54e5c128879d93c5486f105f86076,VALID
1692,W01213T.mp4,C:\Users\Admin\Python Advanced\Deep Learning - CV\Project\data\Dataset\Videos\W01213T.mp4,0.936,điều hòa,điều hòa,T (Miền Trung / Central),unknown,157,29.97,1280,720,32641a037ceb055f311bb4c41b28f617,VALID
1693,W01214.mp4,C:\Users\Admin\Python Advanced\Deep Learning - CV\Project\data\Dataset\Videos\W01214.mp4,0.66,điều khiển,điều khiển,Neutral / Unspecified,unknown,133,29.97,1280,720,ef173d0af7e5a669e22a1f13b83ec484,VALID
1694,W01215.mp4,C:\Users\Admin\Python Advanced\Deep Learning - CV\Project\data\Dataset\Videos\W01215.mp4,0.584,điều kiện,điều kiện,Neutral / Unspecified,unknown,116,29.97,1280,720,142f524b8d098c850ca524ebaa3d16c3,VALID
1695,W01216.mp4,C:\Users\Admin\Python Advanced\Deep Learning - CV\Project\data\Dataset\Videos\W01216.mp4,0.587,điều tra,điều tra,Neutral / Unspecified,unknown,135,29.97,1280,720,a96b0960feb96608ca7082f7a71de57e,VALID
1696,W01217.mp4,C:\Users\Admin\Python Advanced\Deep Learning - CV\Project\data\Dataset\Videos\W01217.mp4,0.973,điều trị,điều trị,Neutral / Unspecified,unknown,170,29.97,1280,720,ac703a3df70045214b672a245f0e04f2,VALID
1697,W01219.mp4,C:\Users\Admin\Python Advanced\Deep Learning - CV\Project\data\Dataset\Videos\W01219.mp4,0.408,đinh,đinh,Neutral / Unspecified,unknown,78,29.97,1280,720,1d382c31c4ae6090fbc9a5b1f8e43a63,VALID
1698,W01224.mp4,C:\Users\Admin\Python Advanced\Deep Learning - CV\Project\data\Dataset\Videos\W01224.mp4,0.583,đỉnh,đỉnh,Neutral / Unspecified,unknown,112,29.97,1280,720,4de015696fc19ca58c0afcf8e0034351,VALID
1699,W01225.mp4,C:\Users\Admin\Python Advanced\Deep Learning - CV\Project\data\Dataset\Videos\W01225.mp4,0.837,đỉnh núi,đỉnh núi,Neutral / Unspecified,unknown,131,29.97,1280,720,1e86ff295440f966ef27edc69330bbdc,VALID
1700,W01226.mp4,C:\Users\Admin\Python Advanced\Deep Learning - CV\Project\data\Dataset\Videos\W01226.mp4,0.655,định vị,định vị,Neutral / Unspecified,unknown,87,23.98,1280,720,9c06bdcd21c29c33ddcce154ba47bfc3,VALID
1701,W01227.mp4,C:\Users\Admin\Python Advanced\Deep Learning - CV\Project\data\Dataset\Videos\W01227.mp4,0.502,đo,đo,Neutral / Unspecified,unknown,118,29.97,1280,720,fb41d8077d7edd02f6563140cd9843d3,VALID
1702,W01229.mp4,C:\Users\Admin\Python Advanced\Deep Learning - CV\Project\data\Dataset\Videos\W01229.mp4,0.877,đoàn cải lương,đoàn cải lương,Neutral / Unspecified,unknown,149,29.97,1280,720,2ada8320b6f557ec46b6bbfd98d3b0e2,VALID
1703,W01232.mp4,C:\Users\Admin\Python Advanced\Deep Learning - CV\Project\data\Dataset\Videos\W01232.mp4,0.703,đoàn tụ,đoàn tụ,Neutral / Unspecified,unknown,157,29.97,1280,720,1832272ec96fedd94c16d7b087133409,VALID
1704,W01234.mp4,C:\Users\Admin\Python Advanced\Deep Learning - CV\Project\data\Dataset\Videos\W01234.mp4,0.552,đoán,đoán,Neutral / Unspecified,unknown,121,29.97,1280,720,e32d71aaf13b694dbf5df9e6893a4ea7,VALID
1705,W01235.mp4,C:\Users\Admin\Python Advanced\Deep Learning - CV\Project\data\Dataset\Videos\W01235.mp4,0.549,đoạn thẳng,đoạn thẳng,Neutral / Unspecified,unknown,124,29.97,1280,720,0d6dc37ecd63e40c0cec50518520c653,VALID
1706,W01236.mp4,C:\Users\Admin\Python Advanced\Deep Learning - CV\Project\data\Dataset\Videos\W01236.mp4,0.853,đoạn thơ,đoạn thơ,Neutral / Unspecified,unknown,138,29.97,1280,720,1910284771264c41784afc6bf44fca75,VALID
1707,W01239.mp4,C:\Users\Admin\Python Advanced\Deep Learning - CV\Project\data\Dataset\Videos\W01239.mp4,0.644,đọc sách,đọc sách,Neutral / Unspecified,unknown,127,29.97,1280,720,7f6a4427e8f0523a30bbe0928361c673,VALID
1708,W01241.mp4,C:\Users\Admin\Python Advanced\Deep Learning - CV\Project\data\Dataset\Videos\W01241.mp4,0.775,đón,đón,Neutral / Unspecified,unknown,146,29.97,1280,720,468caafe31390966d0c6381150820987,VALID
1709,W01242.mp4,C:\Users\Admin\Python Advanced\Deep Learning - CV\Project\data\Dataset\Videos\W01242.mp4,1.349,đón tiếp,đón tiếp,Neutral / Unspecified,unknown,144,23.98,1280,720,385964895add268fd5e6f29646efe103,VALID
1710,W01243.mp4,C:\Users\Admin\Python Advanced\Deep Learning - CV\Project\data\Dataset\Videos\W01243.mp4,0.559,đóng cửa,đóng cửa,Neutral / Unspecified,unknown,118,29.97,1280,720,f357f5dabbd5e4005b2dd78215061ee4,VALID
1711,W01246.mp4,C:\Users\Admin\Python Advanced\Deep Learning - CV\Project\data\Dataset\Videos\W01246.mp4,0.578,đóng góp,đóng góp,Neutral / Unspecified,unknown,118,29.97,1280,720,9736d9438d170c1a092f6e9e0b6c55ed,VALID
1712,W01248.mp4,C:\Users\Admin\Python Advanced\Deep Learning - CV\Project\data\Dataset\Videos\W01248.mp4,0.716,đô thị,đô thị,Neutral / Unspecified,unknown,118,29.97,1280,720,a89447f428a20a243fa0b59e756e9f0c,VALID
1713,W01250.mp4,C:\Users\Admin\Python Advanced\Deep Learning - CV\Project\data\Dataset\Videos\W01250.mp4,0.705,đồ dùng dạy học,đồ dùng dạy học,Neutral / Unspecified,unknown,134,29.97,1280,720,215ddf679d1be03ff289daa533d9172b,VALID
1714,W01251.mp4,C:\Users\Admin\Python Advanced\Deep Learning - CV\Project\data\Dataset\Videos\W01251.mp4,0.785,đồ dùng học tập,đồ dùng học tập,Neutral / Unspecified,unknown,153,29.97,1280,720,7ccc4b6da73a69e859c60f54a360ce93,VALID
1715,W01254.mp4,C:\Users\Admin\Python Advanced\Deep Learning - CV\Project\data\Dataset\Videos\W01254.mp4,0.435,độc hại,độc hại,Neutral / Unspecified,unknown,67,23.98,1280,720,4ab8d83fc610e1907829e1a232f05e6a,VALID
1716,W01255.mp4,C:\Users\Admin\Python Advanced\Deep Learning - CV\Project\data\Dataset\Videos\W01255.mp4,0.525,đôi dép,đôi dép,Neutral / Unspecified,unknown,112,29.97,1280,720,c0f5aa6b8d6084ec718cce0aa29daf03,VALID
1717,W01256.mp4,C:\Users\Admin\Python Advanced\Deep Learning - CV\Project\data\Dataset\Videos\W01256.mp4,0.78,đổi,đổi,Neutral / Unspecified,unknown,139,29.97,1280,720,cd83fd2acd245be683c265d0f54aa862,VALID
1718,W01257.mp4,C:\Users\Admin\Python Advanced\Deep Learning - CV\Project\data\Dataset\Videos\W01257.mp4,0.59,đối diện,đối diện,Neutral / Unspecified,unknown,121,29.97,1280,720,682303438641dad718f60b415e04bcc5,VALID
1719,W01258.mp4,C:\Users\Admin\Python Advanced\Deep Learning - CV\Project\data\Dataset\Videos\W01258.mp4,0.729,đối tượng,đối tượng,Neutral / Unspecified,unknown,136,29.97,1280,720,4ff11c92e8d7fdfbabc5a05144420070,VALID
1720,W01259B.mp4,C:\Users\Admin\Python Advanced\Deep Learning - CV\Project\data\Dataset\Videos\W01259B.mp4,0.526,nhập ngũ,nhập ngũ,B (Miền Bắc / North),unknown,104,29.97,1280,720,0b640687e630cd6979a1713872b8dae7,VALID
1721,W01259N.mp4,C:\Users\Admin\Python Advanced\Deep Learning - CV\Project\data\Dataset\Videos\W01259N.mp4,0.814,nhập ngũ,nhập ngũ,N (Miền Nam / South),unknown,137,29.97,1280,720,d68c004e68b7275b38ddc3477a06e5ae,VALID
1722,W01259T.mp4,C:\Users\Admin\Python Advanced\Deep Learning - CV\Project\data\Dataset\Videos\W01259T.mp4,0.532,nhập ngũ,nhập ngũ,T (Miền Trung / Central),unknown,94,29.97,1280,720,37444f359880a895137e1c8f57274dda,VALID
1723,W01260.mp4,C:\Users\Admin\Python Advanced\Deep Learning - CV\Project\data\Dataset\Videos\W01260.mp4,0.753,đội trưởng,đội trưởng,Neutral / Unspecified,unknown,129,29.97,1280,720,baf7e52a029d9b65a6434e8015cacb55,VALID
1724,W01261.mp4,C:\Users\Admin\Python Advanced\Deep Learning - CV\Project\data\Dataset\Videos\W01261.mp4,0.68,đồn công an,đồn công an,Neutral / Unspecified,unknown,134,29.97,1280,720,2d56f39a57ec7d7df6629901234b94ee,VALID
1725,W01262.mp4,C:\Users\Admin\Python Advanced\Deep Learning - CV\Project\data\Dataset\Videos\W01262.mp4,0.567,Đông Nam,đông nam,Neutral / Unspecified,unknown,115,29.97,1280,720,598d3882165553c4d972f89ee17035d0,VALID
1726,W01264.mp4,C:\Users\Admin\Python Advanced\Deep Learning - CV\Project\data\Dataset\Videos\W01264.mp4,0.841,đồng bằng,đồng bằng,Neutral / Unspecified,unknown,145,29.97,1280,720,a07883c789687afb1b8bcd39cc9dfcf1,VALID
1727,W01265.mp4,C:\Users\Admin\Python Advanced\Deep Learning - CV\Project\data\Dataset\Videos\W01265.mp4,0.634,đồng hồ,đồng hồ,Neutral / Unspecified,unknown,126,29.97,1280,720,57adf71ec8824ab5416ae9ed331ac31c,VALID
1728,W01267.mp4,C:\Users\Admin\Python Advanced\Deep Learning - CV\Project\data\Dataset\Videos\W01267.mp4,0.628,Đồng Tháp Mười,đồng tháp mười,Neutral / Unspecified,unknown,129,29.97,1280,720,6315770e21cc72285c76a682f9ae0e8f,VALID
1729,W01268.mp4,C:\Users\Admin\Python Advanced\Deep Learning - CV\Project\data\Dataset\Videos\W01268.mp4,0.697,đổ nước,đổ nước,Neutral / Unspecified,unknown,91,23.98,1280,720,ecf04aca5b8c9c87048f51c8024b7bf6,VALID
1730,W01272.mp4,C:\Users\Admin\Python Advanced\Deep Learning - CV\Project\data\Dataset\Videos\W01272.mp4,0.484,độc lập,độc lập,Neutral / Unspecified,unknown,117,29.97,1280,720,be7d67b2bd7f2247a1da68065c4876ce,VALID
1731,W01273.mp4,C:\Users\Admin\Python Advanced\Deep Learning - CV\Project\data\Dataset\Videos\W01273.mp4,0.907,đôi chân,đôi chân,Neutral / Unspecified,unknown,146,29.97,1280,720,bbb1c16acb9f75e30d2a61957804886f,VALID
1732,W01274.mp4,C:\Users\Admin\Python Advanced\Deep Learning - CV\Project\data\Dataset\Videos\W01274.mp4,0.827,đôi tay,đôi tay,Neutral / Unspecified,unknown,129,29.97,1280,720,66a5730bf9c1a08c990a24d692061b74,VALID
1733,W01277.mp4,C:\Users\Admin\Python Advanced\Deep Learning - CV\Project\data\Dataset\Videos\W01277.mp4,0.815,đổi mới,đổi mới,Neutral / Unspecified,unknown,135,29.97,1280,720,53a594a8fe02f06c691429e20d1da300,VALID
1734,W01279.mp4,C:\Users\Admin\Python Advanced\Deep Learning - CV\Project\data\Dataset\Videos\W01279.mp4,0.727,đối thoại,đối thoại,Neutral / Unspecified,unknown,136,29.97,1280,720,a4dcb8b52849a84c4e9dba4def9ffe24,VALID
1735,W01280.mp4,C:\Users\Admin\Python Advanced\Deep Learning - CV\Project\data\Dataset\Videos\W01280.mp4,1.118,đối xử,đối xử,Neutral / Unspecified,unknown,182,29.97,1280,720,e88d84f4a12e3fbd596bb98b9953280f,VALID
1736,W01281.mp4,C:\Users\Admin\Python Advanced\Deep Learning - CV\Project\data\Dataset\Videos\W01281.mp4,0.539,đối xứng,đối xứng,Neutral / Unspecified,unknown,109,29.97,1280,720,a41cefb08be312139eba6fd2ed7780ea,VALID
1737,W01283.mp4,C:\Users\Admin\Python Advanced\Deep Learning - CV\Project\data\Dataset\Videos\W01283.mp4,0.995,đội thiếu niên,đội thiếu niên,Neutral / Unspecified,unknown,161,29.97,1280,720,07efbedd27ef99a0793b10749142da22,VALID
1738,W01284.mp4,C:\Users\Admin\Python Advanced\Deep Learning - CV\Project\data\Dataset\Videos\W01284.mp4,0.684,trống (không có gì),trống (không có gì),Neutral / Unspecified,unknown,92,23.98,1280,720,dc2147d2cb77a6aca4ce2c403c6f7ea5,VALID
1739,W01286.mp4,C:\Users\Admin\Python Advanced\Deep Learning - CV\Project\data\Dataset\Videos\W01286.mp4,0.548,Đông Dương,đông dương,Neutral / Unspecified,unknown,108,29.97,1280,720,af20036f78ef402242f8988de013e09e,VALID
1740,W01287.mp4,C:\Users\Admin\Python Advanced\Deep Learning - CV\Project\data\Dataset\Videos\W01287.mp4,0.508,đông lạnh,đông lạnh,Neutral / Unspecified,unknown,116,29.97,1280,720,00ccf76f9ffc078110d49b85f75720d9,VALID
1741,W01288.mp4,C:\Users\Admin\Python Advanced\Deep Learning - CV\Project\data\Dataset\Videos\W01288.mp4,0.657,Đông Timor (nước Đông Timor),đông timor (nước đông timor),Neutral / Unspecified,unknown,102,29.97,1280,720,6807c5afa37287e890e7f857fe6a65dc,VALID
1742,W01293.mp4,C:\Users\Admin\Python Advanced\Deep Learning - CV\Project\data\Dataset\Videos\W01293.mp4,0.95,đồng lúa,đồng lúa,Neutral / Unspecified,unknown,148,29.97,1280,720,3c239e1ecd235dec4e601e368c753524,VALID
1743,W01294B.mp4,C:\Users\Admin\Python Advanced\Deep Learning - CV\Project\data\Dataset\Videos\W01294B.mp4,0.989,đồng phục,đồng phục,B (Miền Bắc / North),unknown,175,29.97,1280,720,24f60ca29db3191c63a6118260f3bd11,VALID
1744,W01294N.mp4,C:\Users\Admin\Python Advanced\Deep Learning - CV\Project\data\Dataset\Videos\W01294N.mp4,0.774,đồng phục,đồng phục,N (Miền Nam / South),unknown,145,29.97,1280,720,47940a07902201248ec2c3cb7dfd2841,VALID
1745,W01295.mp4,C:\Users\Admin\Python Advanced\Deep Learning - CV\Project\data\Dataset\Videos\W01295.mp4,0.488,đồng ruộng,đồng ruộng,Neutral / Unspecified,unknown,101,29.97,1280,720,5a0ad19d611a696ecd9da3d8dc00eb20,VALID
1746,W01294T.mp4,C:\Users\Admin\Python Advanced\Deep Learning - CV\Project\data\Dataset\Videos\W01294T.mp4,0.776,đồng phục,đồng phục,T (Miền Trung / Central),unknown,145,29.97,1280,720,250fde74e5b6e5605f79ee81864a3011,VALID
1747,W01296.mp4,C:\Users\Admin\Python Advanced\Deep Learning - CV\Project\data\Dataset\Videos\W01296.mp4,0.551,đồng tiền,đồng tiền,Neutral / Unspecified,unknown,129,29.97,1280,720,265b7b896d2b3a553502102dd70d598d,VALID
1748,W01298.mp4,C:\Users\Admin\Python Advanced\Deep Learning - CV\Project\data\Dataset\Videos\W01298.mp4,0.666,nhiệt độ,nhiệt độ,Neutral / Unspecified,unknown,95,23.98,1280,720,9d33c0ae7910a89cd64d257bd962dc4e,VALID
1749,W01299.mp4,C:\Users\Admin\Python Advanced\Deep Learning - CV\Project\data\Dataset\Videos\W01299.mp4,0.718,động cơ,động cơ,Neutral / Unspecified,unknown,139,29.97,1280,720,f73bb74b1f410b4c13366e4c4c2e3eff,VALID
1750,W01301.mp4,C:\Users\Admin\Python Advanced\Deep Learning - CV\Project\data\Dataset\Videos\W01301.mp4,0.552,tác động,tác động,Neutral / Unspecified,unknown,80,23.98,1280,720,a002f2b405867757609b42194715a38e,VALID
1751,W01302.mp4,C:\Users\Admin\Python Advanced\Deep Learning - CV\Project\data\Dataset\Videos\W01302.mp4,0.785,động viên,động viên,Neutral / Unspecified,unknown,134,29.97,1280,720,d73b5eb9986fc4f6545bb9139d9a5142,VALID
1752,W01304B.mp4,C:\Users\Admin\Python Advanced\Deep Learning - CV\Project\data\Dataset\Videos\W01304B.mp4,0.473,đợi,đợi,B (Miền Bắc / North),unknown,88,29.97,1280,720,6cf2bf57c9b3216976da672b1c5115d8,VALID
1753,W01304N.mp4,C:\Users\Admin\Python Advanced\Deep Learning - CV\Project\data\Dataset\Videos\W01304N.mp4,0.384,đợi,đợi,N (Miền Nam / South),unknown,95,29.97,1280,720,3453fbf139817b08ba352f818ddf2a6d,VALID
1754,W01304T.mp4,C:\Users\Admin\Python Advanced\Deep Learning - CV\Project\data\Dataset\Videos\W01304T.mp4,0.468,đợi,đợi,T (Miền Trung / Central),unknown,88,29.97,1280,720,3bda19b14009bdc419524e1c2b78060e,VALID
1755,W01305.mp4,C:\Users\Admin\Python Advanced\Deep Learning - CV\Project\data\Dataset\Videos\W01305.mp4,0.885,đơn giản,đơn giản,Neutral / Unspecified,unknown,161,29.97,1280,720,44198a153dc7b4f274c2ca0b41015ec9,VALID
1756,W01310.mp4,C:\Users\Admin\Python Advanced\Deep Learning - CV\Project\data\Dataset\Videos\W01310.mp4,0.58,dung tích,dung tích,Neutral / Unspecified,unknown,87,23.98,1280,720,ac930d1db60d8d7b1c9de8c491d6f88b,VALID
1757,W01314.mp4,C:\Users\Admin\Python Advanced\Deep Learning - CV\Project\data\Dataset\Videos\W01314.mp4,0.514,đỡ,đỡ,Neutral / Unspecified,unknown,106,29.97,1280,720,e6910a1a954d9d7346f5210780eec330,VALID
1758,W01315.mp4,C:\Users\Admin\Python Advanced\Deep Learning - CV\Project\data\Dataset\Videos\W01315.mp4,0.724,đua ngựa,đua ngựa,Neutral / Unspecified,unknown,118,29.97,1280,720,622d2c5dd519bdb264c6472ad0ab1a74,VALID
1759,W01316.mp4,C:\Users\Admin\Python Advanced\Deep Learning - CV\Project\data\Dataset\Videos\W01316.mp4,0.705,đua thuyền,đua thuyền,Neutral / Unspecified,unknown,133,29.97,1280,720,da44bdf74d33d5ae3bc5b03ebf31433e,VALID
1760,W01317.mp4,C:\Users\Admin\Python Advanced\Deep Learning - CV\Project\data\Dataset\Videos\W01317.mp4,0.8,đua xe máy,đua xe máy,Neutral / Unspecified,unknown,124,29.97,1280,720,ff10c890f5bdb93637ee71488bd6fd08,VALID
1761,W01318.mp4,C:\Users\Admin\Python Advanced\Deep Learning - CV\Project\data\Dataset\Videos\W01318.mp4,0.511,đũa,đũa,Neutral / Unspecified,unknown,120,29.97,1280,720,17c74e39393a12189ea8d006b7348a39,VALID
1762,W01321.mp4,C:\Users\Admin\Python Advanced\Deep Learning - CV\Project\data\Dataset\Videos\W01321.mp4,0.553,đun nấu,đun nấu,Neutral / Unspecified,unknown,119,29.97,1280,720,9719832925c6e5304db74217da82033e,VALID
1763,W01323.mp4,C:\Users\Admin\Python Advanced\Deep Learning - CV\Project\data\Dataset\Videos\W01323.mp4,0.54,đuôi,đuôi,Neutral / Unspecified,unknown,128,29.97,1280,720,8782b36495ccaa2c248f3268fe9a2d5c,VALID
1764,W01324.mp4,C:\Users\Admin\Python Advanced\Deep Learning - CV\Project\data\Dataset\Videos\W01324.mp4,0.401,sa thải,sa thải,Neutral / Unspecified,unknown,82,29.97,1280,720,9b83fe459d2f735850a98b051f5aadcc,VALID
1765,W01325.mp4,C:\Users\Admin\Python Advanced\Deep Learning - CV\Project\data\Dataset\Videos\W01325.mp4,0.543,đưa đón,đưa đón,Neutral / Unspecified,unknown,118,29.97,1280,720,5f44b5d7a7a8a6e85ff35099ec6ad72d,VALID
1766,W01326.mp4,C:\Users\Admin\Python Advanced\Deep Learning - CV\Project\data\Dataset\Videos\W01326.mp4,0.426,đứng nghiêm,đứng nghiêm,Neutral / Unspecified,unknown,99,29.97,1280,720,70f2f791d41f2b449a0b850c9b2b3107,VALID
1767,W01328.mp4,C:\Users\Admin\Python Advanced\Deep Learning - CV\Project\data\Dataset\Videos\W01328.mp4,0.602,đựng,đựng,Neutral / Unspecified,unknown,121,29.97,1280,720,01f73b16c3e71a816d1a6337c9fd58f4,VALID
1768,W01329.mp4,C:\Users\Admin\Python Advanced\Deep Learning - CV\Project\data\Dataset\Videos\W01329.mp4,0.708,đường biên giới,đường biên giới,Neutral / Unspecified,unknown,131,29.97,1280,720,0fab4e4e537ad5e4d53260d3c746fd0f,VALID
1769,W01331.mp4,C:\Users\Admin\Python Advanced\Deep Learning - CV\Project\data\Dataset\Videos\W01331.mp4,0.572,đường cao,đường cao,Neutral / Unspecified,unknown,130,29.97,1280,720,5d07756886c609f60a1289c3f623d1af,VALID
1770,W01330.mp4,C:\Users\Admin\Python Advanced\Deep Learning - CV\Project\data\Dataset\Videos\W01330.mp4,0.723,đường bộ,đường bộ,Neutral / Unspecified,unknown,138,29.97,1280,720,3b7d11a50c525b2abcfc561aeec9a934,VALID
1771,W01335.mp4,C:\Users\Admin\Python Advanced\Deep Learning - CV\Project\data\Dataset\Videos\W01335.mp4,0.896,đường hàng không,đường hàng không,Neutral / Unspecified,unknown,161,29.97,1280,720,ed3ab743c55b4dc05d9a890d90960a13,VALID
1772,W01336.mp4,C:\Users\Admin\Python Advanced\Deep Learning - CV\Project\data\Dataset\Videos\W01336.mp4,0.748,đường hầm,đường hầm,Neutral / Unspecified,unknown,150,29.97,1280,720,6d468942f7af756bec19a6457bf47e66,VALID
1773,W01337.mp4,C:\Users\Admin\Python Advanced\Deep Learning - CV\Project\data\Dataset\Videos\W01337.mp4,0.483,đường kính,đường kính,Neutral / Unspecified,unknown,111,29.97,1280,720,4d317cf1676784f7977893641cc14666,VALID
1774,W01341.mp4,C:\Users\Admin\Python Advanced\Deep Learning - CV\Project\data\Dataset\Videos\W01341.mp4,0.64,đường Nguyễn Huệ,đường nguyễn huệ,Neutral / Unspecified,unknown,130,29.97,1280,720,e319fc28651df0708a983640e60c3396,VALID
1775,W01343.mp4,C:\Users\Admin\Python Advanced\Deep Learning - CV\Project\data\Dataset\Videos\W01343.mp4,0.565,đường sắt,đường sắt,Neutral / Unspecified,unknown,128,29.97,1280,720,890f64fac6ec7f7776c702a3a1357cdd,VALID
1776,W01344.mp4,C:\Users\Admin\Python Advanced\Deep Learning - CV\Project\data\Dataset\Videos\W01344.mp4,0.725,đường thẳng,đường thẳng,Neutral / Unspecified,unknown,146,29.97,1280,720,ffad182b355c512168c87c99b96712a2,VALID
1777,W01348B.mp4,C:\Users\Admin\Python Advanced\Deep Learning - CV\Project\data\Dataset\Videos\W01348B.mp4,0.453,e thẹn,e thẹn,B (Miền Bắc / North),unknown,85,29.97,1280,720,5c7ee0884107727b8e56425b386abdb2,VALID
1778,W01348N.mp4,C:\Users\Admin\Python Advanced\Deep Learning - CV\Project\data\Dataset\Videos\W01348N.mp4,0.413,e thẹn,e thẹn,N (Miền Nam / South),unknown,96,29.97,1280,720,fdb4e7afabaa6b2c0ee6da308ae83fe0,VALID
1779,W01348T.mp4,C:\Users\Admin\Python Advanced\Deep Learning - CV\Project\data\Dataset\Videos\W01348T.mp4,0.445,e thẹn,e thẹn,T (Miền Trung / Central),unknown,93,29.97,1280,720,f1ec3140fcb1f8635c8aacf4067d111e,VALID
1780,W01349.mp4,C:\Users\Admin\Python Advanced\Deep Learning - CV\Project\data\Dataset\Videos\W01349.mp4,0.444,em dâu,em dâu,Neutral / Unspecified,unknown,110,29.97,1280,720,4bcc2088024de8e2891f173ecc8260c0,VALID
1781,W01351B.mp4,C:\Users\Admin\Python Advanced\Deep Learning - CV\Project\data\Dataset\Videos\W01351B.mp4,0.428,em rể,em rể,B (Miền Bắc / North),unknown,111,29.97,1280,720,1cdc6be918ea87cd200670b4f57e9776,VALID
1782,W01351N.mp4,C:\Users\Admin\Python Advanced\Deep Learning - CV\Project\data\Dataset\Videos\W01351N.mp4,0.496,em rể,em rể,N (Miền Nam / South),unknown,120,29.97,1280,720,cda51f31f0c94a463a29790b6a10d457,VALID
1783,W01351T.mp4,C:\Users\Admin\Python Advanced\Deep Learning - CV\Project\data\Dataset\Videos\W01351T.mp4,0.283,em rể,em rể,T (Miền Trung / Central),unknown,74,29.97,1280,720,f0f1b28e6c5ddfac122f8dd8cbec9458,VALID
1784,W01352B.mp4,C:\Users\Admin\Python Advanced\Deep Learning - CV\Project\data\Dataset\Videos\W01352B.mp4,0.35,em trai,em trai,B (Miền Bắc / North),unknown,81,29.97,1280,720,2a1a825c6d5f2e9ac7dfb9843e8a9996,VALID
1785,W01352T.mp4,C:\Users\Admin\Python Advanced\Deep Learning - CV\Project\data\Dataset\Videos\W01352T.mp4,0.522,em trai,em trai,T (Miền Trung / Central),unknown,116,29.97,1280,720,5d6336f85a0d985b4e93558cd1510a37,VALID
1786,W01354.mp4,C:\Users\Admin\Python Advanced\Deep Learning - CV\Project\data\Dataset\Videos\W01354.mp4,0.533,email,email,Neutral / Unspecified,unknown,128,29.97,1280,720,5abcd0b8a9a932b72e512565444d9e1c,VALID
1787,W01357.mp4,C:\Users\Admin\Python Advanced\Deep Learning - CV\Project\data\Dataset\Videos\W01357.mp4,0.504,Ê Đê,ê đê,Neutral / Unspecified,unknown,128,29.97,1280,720,afe6ce26645913569cec2fe8190c6918,VALID
1788,W01358.mp4,C:\Users\Admin\Python Advanced\Deep Learning - CV\Project\data\Dataset\Videos\W01358.mp4,0.422,ế ẩm,ế ẩm,Neutral / Unspecified,unknown,104,29.97,1280,720,4033afe156d78b5043be3c20b8fbaff7,VALID
1789,W01360.mp4,C:\Users\Admin\Python Advanced\Deep Learning - CV\Project\data\Dataset\Videos\W01360.mp4,0.537,Ê-ti-ô-pi-a (nước Ê-ti-ô-pi-a),ê-ti-ô-pi-a (nước ê-ti-ô-pi-a),Neutral / Unspecified,unknown,136,29.97,1280,720,cc8b5a76a61c1f58e670b2dcb48f8e2d,VALID
1790,W01364B.mp4,C:\Users\Admin\Python Advanced\Deep Learning - CV\Project\data\Dataset\Videos\W01364B.mp4,0.466,ga tàu,ga tàu,B (Miền Bắc / North),unknown,83,29.97,1280,720,0d6f655219a43866ef94539ac30524a4,VALID
1791,W01364N.mp4,C:\Users\Admin\Python Advanced\Deep Learning - CV\Project\data\Dataset\Videos\W01364N.mp4,0.46,ga tàu,ga tàu,N (Miền Nam / South),unknown,105,29.97,1280,720,e60ddc19a68253ed06b41163be77c6a1,VALID
1792,W01364T.mp4,C:\Users\Admin\Python Advanced\Deep Learning - CV\Project\data\Dataset\Videos\W01364T.mp4,0.462,ga tàu,ga tàu,T (Miền Trung / Central),unknown,105,29.97,1280,720,4829b07e1fd9fbf7abc92026a1574601,VALID
1793,W01365N.mp4,C:\Users\Admin\Python Advanced\Deep Learning - CV\Project\data\Dataset\Videos\W01365N.mp4,1.312,gà mái,gà mái,N (Miền Nam / South),unknown,224,29.97,1280,720,74d1780f6963d9cf12b77ea70a7218b0,VALID
1794,W01366.mp4,C:\Users\Admin\Python Advanced\Deep Learning - CV\Project\data\Dataset\Videos\W01366.mp4,0.987,gà rừng,gà rừng,Neutral / Unspecified,unknown,168,29.97,1280,720,882904ea499392d0815988bde77627e8,VALID
1795,W01367.mp4,C:\Users\Admin\Python Advanced\Deep Learning - CV\Project\data\Dataset\Videos\W01367.mp4,0.772,gà tây,gà tây,Neutral / Unspecified,unknown,137,29.97,1280,720,00a2974971d2f7d39e73f85df957600e,VALID
1796,W01368.mp4,C:\Users\Admin\Python Advanced\Deep Learning - CV\Project\data\Dataset\Videos\W01368.mp4,0.629,gà trống,gà trống,Neutral / Unspecified,unknown,134,29.97,1280,720,d35779e7210a79f2e027e594c9527705,VALID
1797,W01375.mp4,C:\Users\Admin\Python Advanced\Deep Learning - CV\Project\data\Dataset\Videos\W01375.mp4,0.648,gai,gai,Neutral / Unspecified,unknown,120,29.97,1280,720,0c4ad8299a5ec78c8566035f6a5ee57b,VALID
1798,W01376.mp4,C:\Users\Admin\Python Advanced\Deep Learning - CV\Project\data\Dataset\Videos\W01376.mp4,0.337,gãi đầu gãi tai,gãi đầu gãi tai,Neutral / Unspecified,unknown,179,59.94,1280,720,f01540754aa9b19a9468b25576e4e5c6,VALID
1799,W01378N.mp4,C:\Users\Admin\Python Advanced\Deep Learning - CV\Project\data\Dataset\Videos\W01378N.mp4,0.659,gan dạ,gan dạ,N (Miền Nam / South),unknown,124,29.97,1280,720,238b80b123c5b291ae2067dc45fff36d,VALID
1800,W01381.mp4,C:\Users\Admin\Python Advanced\Deep Learning - CV\Project\data\Dataset\Videos\W01381.mp4,0.583,gang tay,gang tay,Neutral / Unspecified,unknown,119,29.97,1280,720,15cd842e01558aa3b3334ea3269e4442,VALID
1801,W01382.mp4,C:\Users\Admin\Python Advanced\Deep Learning - CV\Project\data\Dataset\Videos\W01382.mp4,0.702,gánh,gánh,Neutral / Unspecified,unknown,128,29.97,1280,720,652c25dc15d4d4be059517451b7e15ff,VALID
1802,W01384B.mp4,C:\Users\Admin\Python Advanced\Deep Learning - CV\Project\data\Dataset\Videos\W01384B.mp4,0.433,gạo,gạo,B (Miền Bắc / North),unknown,83,29.97,1280,720,10ed5795f1ba77a0ab0e54956fd4b8ad,VALID
1803,W01384N.mp4,C:\Users\Admin\Python Advanced\Deep Learning - CV\Project\data\Dataset\Videos\W01384N.mp4,0.656,gạo,gạo,N (Miền Nam / South),unknown,122,29.97,1280,720,6b6580b2433074959108203c670af395,VALID
1804,W01384T.mp4,C:\Users\Admin\Python Advanced\Deep Learning - CV\Project\data\Dataset\Videos\W01384T.mp4,0.66,gạo,gạo,T (Miền Trung / Central),unknown,122,29.97,1280,720,0c8ff45a1da5fdf8ec6179ca25d6edfe,VALID
1805,W01385.mp4,C:\Users\Admin\Python Advanced\Deep Learning - CV\Project\data\Dataset\Videos\W01385.mp4,0.648,gạo nếp,gạo nếp,Neutral / Unspecified,unknown,128,29.97,1280,720,e8e2ea8374adf482ffc68cdcf8c5f160,VALID
1806,W01387.mp4,C:\Users\Admin\Python Advanced\Deep Learning - CV\Project\data\Dataset\Videos\W01387.mp4,0.65,gãy chân,gãy chân,Neutral / Unspecified,unknown,113,29.97,1280,720,c7600e9029cd8322d4f31bdf276ecfe9,VALID
1807,W01389.mp4,C:\Users\Admin\Python Advanced\Deep Learning - CV\Project\data\Dataset\Videos\W01389.mp4,0.709,gáy,gáy,Neutral / Unspecified,unknown,121,29.97,1280,720,dbc21d7cfb4094186fed5547c2a8b70b,VALID
1808,W01391.mp4,C:\Users\Admin\Python Advanced\Deep Learning - CV\Project\data\Dataset\Videos\W01391.mp4,0.863,gặm xương (con chó gặm xương),gặm xương (con chó gặm xương),Neutral / Unspecified,unknown,145,29.97,1280,720,d4f9ac1c45469e0aaabc51d937d57532,VALID
1809,W01390.mp4,C:\Users\Admin\Python Advanced\Deep Learning - CV\Project\data\Dataset\Videos\W01390.mp4,0.874,gặm cỏ,gặm cỏ,Neutral / Unspecified,unknown,176,29.97,1280,720,f90d6e2a3f68bdc758d833982dd2daf9,VALID
1810,W01392.mp4,C:\Users\Admin\Python Advanced\Deep Learning - CV\Project\data\Dataset\Videos\W01392.mp4,0.727,gắn bó,gắn bó,Neutral / Unspecified,unknown,124,29.97,1280,720,196c6ab2463dc83b2c4fad37b00cf91d,VALID
1811,W01393.mp4,C:\Users\Admin\Python Advanced\Deep Learning - CV\Project\data\Dataset\Videos\W01393.mp4,0.685,găng tay,găng tay,Neutral / Unspecified,unknown,144,29.97,1280,720,1a97a43d8b16b391dbc5d4a5754815d5,VALID
1812,W01394.mp4,C:\Users\Admin\Python Advanced\Deep Learning - CV\Project\data\Dataset\Videos\W01394.mp4,0.624,gắp thức ăn,gắp thức ăn,Neutral / Unspecified,unknown,136,29.97,1280,720,9d584eca647c9b6742b2ee2dd579f215,VALID
1813,W01395.mp4,C:\Users\Admin\Python Advanced\Deep Learning - CV\Project\data\Dataset\Videos\W01395.mp4,0.704,gặp gỡ,gặp gỡ,Neutral / Unspecified,unknown,133,29.97,1280,720,07a608c6729011dc307efe10311a4e53,VALID
1814,W01396.mp4,C:\Users\Admin\Python Advanced\Deep Learning - CV\Project\data\Dataset\Videos\W01396.mp4,0.659,gặt lúa,gặt lúa,Neutral / Unspecified,unknown,126,29.97,1280,720,be01bbe5d4843c66e3133f2f3b0227d3,VALID
1815,W01397.mp4,C:\Users\Admin\Python Advanced\Deep Learning - CV\Project\data\Dataset\Videos\W01397.mp4,0.526,gần gũi,gần gũi,Neutral / Unspecified,unknown,106,29.97,1280,720,b67cf2f5dcce8940eebaa519700b4fb6,VALID
1816,W01399.mp4,C:\Users\Admin\Python Advanced\Deep Learning - CV\Project\data\Dataset\Videos\W01399.mp4,0.69,gấp quần áo,gấp quần áo,Neutral / Unspecified,unknown,129,29.97,1280,720,dc2982176b300375432ad4545d79d1d6,VALID
1817,W01400.mp4,C:\Users\Admin\Python Advanced\Deep Learning - CV\Project\data\Dataset\Videos\W01400.mp4,0.557,gật đầu,gật đầu,Neutral / Unspecified,unknown,111,29.97,1280,720,d423de1bf1898f27ef9be82e6078540b,VALID
1818,W01401.mp4,C:\Users\Admin\Python Advanced\Deep Learning - CV\Project\data\Dataset\Videos\W01401.mp4,0.378,gật gù,gật gù,Neutral / Unspecified,unknown,103,29.97,1280,720,376b341682c90a00b6cd7c4120d14f1c,VALID
1819,W01403N.mp4,C:\Users\Admin\Python Advanced\Deep Learning - CV\Project\data\Dataset\Videos\W01403N.mp4,0.845,gầy (miền Nam: ốm),gầy (miền nam: ốm),N (Miền Nam / South),unknown,129,29.97,1280,720,cd6cca21dab560e164c69b5744479657,VALID
1820,W01403T.mp4,C:\Users\Admin\Python Advanced\Deep Learning - CV\Project\data\Dataset\Videos\W01403T.mp4,1.419,gầy (miền Nam: ốm),gầy (miền nam: ốm),T (Miền Trung / Central),unknown,215,29.97,1280,720,a8ad40fe461f6d4b88c18711dc81b9de,VALID
1821,W01406.mp4,C:\Users\Admin\Python Advanced\Deep Learning - CV\Project\data\Dataset\Videos\W01406.mp4,0.609,ghé thăm,ghé thăm,Neutral / Unspecified,unknown,110,29.97,1280,720,cb9acbad9180fe919c8ecfdee7b81be2,VALID
1822,W01407.mp4,C:\Users\Admin\Python Advanced\Deep Learning - CV\Project\data\Dataset\Videos\W01407.mp4,0.774,ghép hình,ghép hình,Neutral / Unspecified,unknown,129,29.97,1280,720,b491e7d01ce9d0a84452a516763cdaff,VALID
1823,W01410.mp4,C:\Users\Admin\Python Advanced\Deep Learning - CV\Project\data\Dataset\Videos\W01410.mp4,0.701,ghi chép,ghi chép,Neutral / Unspecified,unknown,112,29.97,1280,720,ed1dba32921361db951b8713f07b0638,VALID
1824,W01411.mp4,C:\Users\Admin\Python Advanced\Deep Learning - CV\Project\data\Dataset\Videos\W01411.mp4,0.7,ghi chú,ghi chú,Neutral / Unspecified,unknown,113,29.97,1280,720,2fdbe52609fd506f91bd7f2dced9b67f,VALID
1825,W01412.mp4,C:\Users\Admin\Python Advanced\Deep Learning - CV\Project\data\Dataset\Videos\W01412.mp4,0.669,ghi hình,ghi hình,Neutral / Unspecified,unknown,113,29.97,1280,720,85fb429458adf7958e998f68dfc6a1ed,VALID
1826,W01413.mp4,C:\Users\Admin\Python Advanced\Deep Learning - CV\Project\data\Dataset\Videos\W01413.mp4,0.51,ghi nhớ,ghi nhớ,Neutral / Unspecified,unknown,90,29.97,1280,720,cb46458d285f496aafafa2eaf0e0f91c,VALID
1827,W01415.mp4,C:\Users\Admin\Python Advanced\Deep Learning - CV\Project\data\Dataset\Videos\W01415.mp4,0.675,Gia Lai,gia lai,Neutral / Unspecified,unknown,105,29.97,1280,720,a83546a3afda22801be1b0105f8f997f,VALID
1828,W01417T.mp4,C:\Users\Admin\Python Advanced\Deep Learning - CV\Project\data\Dataset\Videos\W01417T.mp4,1.116,giả bộ (giống giả vờ),giả bộ (giống giả vờ),T (Miền Trung / Central),unknown,205,29.97,1280,720,16446536857e29aab9e42f3c8dfb2b7f,VALID
1829,W01418.mp4,C:\Users\Admin\Python Advanced\Deep Learning - CV\Project\data\Dataset\Videos\W01418.mp4,0.563,giả mạo,giả mạo,Neutral / Unspecified,unknown,109,29.97,1280,720,54791109ef62dae81038b067537cf8b5,VALID
1830,W01419.mp4,C:\Users\Admin\Python Advanced\Deep Learning - CV\Project\data\Dataset\Videos\W01419.mp4,0.673,giả sử,giả sử,Neutral / Unspecified,unknown,118,29.97,1280,720,cece4b29766bf163dc6a5916ce424482,VALID
1831,W01423.mp4,C:\Users\Admin\Python Advanced\Deep Learning - CV\Project\data\Dataset\Videos\W01423.mp4,0.804,giai đoạn,giai đoạn,Neutral / Unspecified,unknown,126,29.97,1280,720,3c4a52f90a3418955d92b3ec8e8c646e,VALID
1832,W01424.mp4,C:\Users\Admin\Python Advanced\Deep Learning - CV\Project\data\Dataset\Videos\W01424.mp4,0.865,giải thích,giải thích,Neutral / Unspecified,unknown,449,59.94,1280,720,a80c25627cc9b10e569127ccb2dc0773,VALID
1833,W01426.mp4,C:\Users\Admin\Python Advanced\Deep Learning - CV\Project\data\Dataset\Videos\W01426.mp4,0.838,giám sát,giám sát,Neutral / Unspecified,unknown,138,29.97,1280,720,6d053cab2e121fa044da3fe974c7fe60,VALID
1834,W01427.mp4,C:\Users\Admin\Python Advanced\Deep Learning - CV\Project\data\Dataset\Videos\W01427.mp4,0.815,giàn mướp,giàn mướp,Neutral / Unspecified,unknown,141,29.97,1280,720,b5f2a8dfc23efc72ccf98fcb17f1aa06,VALID
1835,W01429.mp4,C:\Users\Admin\Python Advanced\Deep Learning - CV\Project\data\Dataset\Videos\W01429.mp4,0.679,giao hàng,giao hàng,Neutral / Unspecified,unknown,104,29.97,1280,720,4b20e1665b54f2213258a76f793574f0,VALID
1836,W01430B.mp4,C:\Users\Admin\Python Advanced\Deep Learning - CV\Project\data\Dataset\Videos\W01430B.mp4,0.402,giao thông,giao thông,B (Miền Bắc / North),unknown,86,29.97,1280,720,dda8b9d48f5820b674ef76adec472b92,VALID
1837,W01430N.mp4,C:\Users\Admin\Python Advanced\Deep Learning - CV\Project\data\Dataset\Videos\W01430N.mp4,0.566,giao thông,giao thông,N (Miền Nam / South),unknown,130,29.97,1280,720,899e75cdf04442b35106fa109175b923,VALID
1838,W01432.mp4,C:\Users\Admin\Python Advanced\Deep Learning - CV\Project\data\Dataset\Videos\W01432.mp4,0.583,giã,giã,Neutral / Unspecified,unknown,90,29.97,1280,720,eb258cb2901ce36ac7f9c86b588e1aae,VALID
1839,W01433B.mp4,C:\Users\Admin\Python Advanced\Deep Learning - CV\Project\data\Dataset\Videos\W01433B.mp4,0.507,giá trị,giá trị,B (Miền Bắc / North),unknown,96,29.97,1280,720,a6f0619bb7814a71bf3085129605b47b,VALID
1840,W01433N.mp4,C:\Users\Admin\Python Advanced\Deep Learning - CV\Project\data\Dataset\Videos\W01433N.mp4,0.404,giá trị,giá trị,N (Miền Nam / South),unknown,266,59.94,1280,720,7d3200aeb6ffb73bcae87f0a18fa9e1e,VALID
1841,W01433T.mp4,C:\Users\Admin\Python Advanced\Deep Learning - CV\Project\data\Dataset\Videos\W01433T.mp4,0.519,giá trị,giá trị,T (Miền Trung / Central),unknown,266,59.94,1280,720,619f788a2b1328849e1f4dec31e47d6d,VALID
1842,W01434B.mp4,C:\Users\Admin\Python Advanced\Deep Learning - CV\Project\data\Dataset\Videos\W01434B.mp4,0.714,giá trị phần trăm,giá trị phần trăm,B (Miền Bắc / North),unknown,120,29.97,1280,720,fcfb2b7324c7a4ea18c9a15a5509373a,VALID
1843,W01434N.mp4,C:\Users\Admin\Python Advanced\Deep Learning - CV\Project\data\Dataset\Videos\W01434N.mp4,0.746,giá trị phần trăm,giá trị phần trăm,N (Miền Nam / South),unknown,118,29.97,1280,720,e638fced940c281c545c6ae5fa32ec2d,VALID
1844,W01434T.mp4,C:\Users\Admin\Python Advanced\Deep Learning - CV\Project\data\Dataset\Videos\W01434T.mp4,0.742,giá trị phần trăm,giá trị phần trăm,T (Miền Trung / Central),unknown,118,29.97,1280,720,26a273de015a8832d6cacc0bcafd7c20,VALID
1845,W01435.mp4,C:\Users\Admin\Python Advanced\Deep Learning - CV\Project\data\Dataset\Videos\W01435.mp4,0.685,giá trị tuyệt đối,giá trị tuyệt đối,Neutral / Unspecified,unknown,126,29.97,1280,720,e177c5e31e85f0224f22d6a350a8cfaf,VALID
1846,W01437.mp4,C:\Users\Admin\Python Advanced\Deep Learning - CV\Project\data\Dataset\Videos\W01437.mp4,0.631,giải lao,giải lao,Neutral / Unspecified,unknown,103,29.97,1280,720,188c9213e265956bf8dba0a1269e5359,VALID
1847,W01440.mp4,C:\Users\Admin\Python Advanced\Deep Learning - CV\Project\data\Dataset\Videos\W01440.mp4,0.659,giải vô địch,giải vô địch,Neutral / Unspecified,unknown,124,29.97,1280,720,489eb3266db567ddfa23ed23100386c9,VALID
1848,W01441.mp4,C:\Users\Admin\Python Advanced\Deep Learning - CV\Project\data\Dataset\Videos\W01441.mp4,0.355,giám đốc,giám đốc,Neutral / Unspecified,unknown,80,29.97,1280,720,357400bc0ea8393c621c3b4c5009b2c0,VALID
1849,W01442.mp4,C:\Users\Admin\Python Advanced\Deep Learning - CV\Project\data\Dataset\Videos\W01442.mp4,0.721,giám khảo,giám khảo,Neutral / Unspecified,unknown,116,29.97,1280,720,801d74ddfb5881bd50d126a5c14a0e77,VALID
1850,W01443.mp4,C:\Users\Admin\Python Advanced\Deep Learning - CV\Project\data\Dataset\Videos\W01443.mp4,0.454,gian khổ,gian khổ,Neutral / Unspecified,unknown,91,29.97,1280,720,bda4b6134f16ab49cda6dde8c3253f24,VALID
1851,W01444.mp4,C:\Users\Admin\Python Advanced\Deep Learning - CV\Project\data\Dataset\Videos\W01444.mp4,0.686,giàn khoan,giàn khoan,Neutral / Unspecified,unknown,123,29.97,1280,720,aee8ec3455656704aa81d5b0d1413532,VALID
1852,W01445.mp4,C:\Users\Admin\Python Advanced\Deep Learning - CV\Project\data\Dataset\Videos\W01445.mp4,0.744,giàn nho,giàn nho,Neutral / Unspecified,unknown,119,29.97,1280,720,3cda470d71058d899a99b1a4071cd95d,VALID
1853,W01447B.mp4,C:\Users\Admin\Python Advanced\Deep Learning - CV\Project\data\Dataset\Videos\W01447B.mp4,0.464,gián tiếp,gián tiếp,B (Miền Bắc / North),unknown,95,29.97,1280,720,2bc688d996dd974b89eb599eec93d8d9,VALID
1854,W01450.mp4,C:\Users\Admin\Python Advanced\Deep Learning - CV\Project\data\Dataset\Videos\W01450.mp4,0.816,giao hoán,giao hoán,Neutral / Unspecified,unknown,123,29.97,1280,720,7217598aa706749c5c17517568678e46,VALID
1855,W01451.mp4,C:\Users\Admin\Python Advanced\Deep Learning - CV\Project\data\Dataset\Videos\W01451.mp4,0.739,giao lưu,giao lưu,Neutral / Unspecified,unknown,119,29.97,1280,720,59cf39b7fa39f4171a657bacb1d29041,VALID
1856,W01452.mp4,C:\Users\Admin\Python Advanced\Deep Learning - CV\Project\data\Dataset\Videos\W01452.mp4,0.715,giao thừa,giao thừa,Neutral / Unspecified,unknown,116,29.97,1280,720,7b30501cd6bda1c7d62b684186ee841f,VALID
1857,W01453B.mp4,C:\Users\Admin\Python Advanced\Deep Learning - CV\Project\data\Dataset\Videos\W01453B.mp4,0.42,giao tiếp,giao tiếp,B (Miền Bắc / North),unknown,73,29.97,1280,720,9c9ea705f56cfcfad5fa6a6f3c3ce8d1,VALID
1858,W01453N.mp4,C:\Users\Admin\Python Advanced\Deep Learning - CV\Project\data\Dataset\Videos\W01453N.mp4,0.842,giao tiếp,giao tiếp,N (Miền Nam / South),unknown,156,29.97,1280,720,eb62dadf134743db13ce4764eff92a21,VALID
1859,W01453T.mp4,C:\Users\Admin\Python Advanced\Deep Learning - CV\Project\data\Dataset\Videos\W01453T.mp4,0.841,giao tiếp,giao tiếp,T (Miền Trung / Central),unknown,156,29.97,1280,720,66a55ca064b53322457910ba439d7cc5,VALID
1860,W01458.mp4,C:\Users\Admin\Python Advanced\Deep Learning - CV\Project\data\Dataset\Videos\W01458.mp4,0.558,giáo sĩ,giáo sĩ,Neutral / Unspecified,unknown,115,29.97,1280,720,3846f8b42da35248133f6f9e157d78ee,VALID
1861,W01459.mp4,C:\Users\Admin\Python Advanced\Deep Learning - CV\Project\data\Dataset\Videos\W01459.mp4,1.192,giàu có,giàu có,Neutral / Unspecified,unknown,191,29.97,1280,720,04c29e94e4504caaf3efec0b754930bd,VALID
1862,W01462.mp4,C:\Users\Admin\Python Advanced\Deep Learning - CV\Project\data\Dataset\Videos\W01462.mp4,0.724,giấc ngủ,giấc ngủ,Neutral / Unspecified,unknown,147,29.97,1280,720,dab5418d31b82d4aecad6816095780a9,VALID
1863,W01464.mp4,C:\Users\Admin\Python Advanced\Deep Learning - CV\Project\data\Dataset\Videos\W01464.mp4,0.385,giận dỗi,giận dỗi,Neutral / Unspecified,unknown,80,29.97,1280,720,71c7ce9fdb8b0525f6b153e44e0f7934,VALID
1864,W01466.mp4,C:\Users\Admin\Python Advanced\Deep Learning - CV\Project\data\Dataset\Videos\W01466.mp4,0.567,giật mình,giật mình,Neutral / Unspecified,unknown,102,29.97,1280,720,6738050f97f6f06fbc30587d7afe60b9,VALID
1865,W01467.mp4,C:\Users\Admin\Python Advanced\Deep Learning - CV\Project\data\Dataset\Videos\W01467.mp4,1.64,giầy ba ta,giầy ba ta,Neutral / Unspecified,unknown,228,29.97,1280,720,6fdcc396a0703a288d81315f3638f470,VALID
1866,W01468.mp4,C:\Users\Admin\Python Advanced\Deep Learning - CV\Project\data\Dataset\Videos\W01468.mp4,1.411,giầy dép,giầy dép,Neutral / Unspecified,unknown,208,29.97,1280,720,2def284dd0148111a8f8c6300bc3d6db,VALID
1867,W01469.mp4,C:\Users\Admin\Python Advanced\Deep Learning - CV\Project\data\Dataset\Videos\W01469.mp4,1.791,giầy thể thao,giầy thể thao,Neutral / Unspecified,unknown,235,29.97,1280,720,2f9b5db82efb7cc6d2270e25c4dc35f1,VALID
1868,W01470B.mp4,C:\Users\Admin\Python Advanced\Deep Learning - CV\Project\data\Dataset\Videos\W01470B.mp4,0.532,giấy,giấy,B (Miền Bắc / North),unknown,104,29.97,1280,720,a163b4d283796c849e8e4f564812d834,VALID
1869,W01470N.mp4,C:\Users\Admin\Python Advanced\Deep Learning - CV\Project\data\Dataset\Videos\W01470N.mp4,0.614,giấy,giấy,N (Miền Nam / South),unknown,121,29.97,1280,720,be5200b09cab410e75938af2549d3742,VALID
1870,W01471B.mp4,C:\Users\Admin\Python Advanced\Deep Learning - CV\Project\data\Dataset\Videos\W01471B.mp4,0.51,giấy ăn,giấy ăn,B (Miền Bắc / North),unknown,95,29.97,1280,720,98a9b37c131a039b3096407638083415,VALID
1871,W01471T.mp4,C:\Users\Admin\Python Advanced\Deep Learning - CV\Project\data\Dataset\Videos\W01471T.mp4,0.583,giấy ăn,giấy ăn,T (Miền Trung / Central),unknown,117,29.97,1280,720,1bd016c70bcfc610844fa0f704f6d88f,VALID
1872,W01472B.mp4,C:\Users\Admin\Python Advanced\Deep Learning - CV\Project\data\Dataset\Videos\W01472B.mp4,0.497,giấy màu,giấy màu,B (Miền Bắc / North),unknown,98,29.97,1280,720,31004b2875e77d5bf7aa4d8d371a1a14,VALID
1873,W01472N.mp4,C:\Users\Admin\Python Advanced\Deep Learning - CV\Project\data\Dataset\Videos\W01472N.mp4,0.566,giấy màu,giấy màu,N (Miền Nam / South),unknown,109,29.97,1280,720,3fc00b7515af6808a42eb8cfb07c3166,VALID
1874,W01472T.mp4,C:\Users\Admin\Python Advanced\Deep Learning - CV\Project\data\Dataset\Videos\W01472T.mp4,0.565,giấy màu,giấy màu,T (Miền Trung / Central),unknown,109,29.97,1280,720,4e044dcab3008f95f2cc15bfbf3b539f,VALID
1875,W01473B.mp4,C:\Users\Admin\Python Advanced\Deep Learning - CV\Project\data\Dataset\Videos\W01473B.mp4,0.454,giấy nháp,giấy nháp,B (Miền Bắc / North),unknown,89,29.97,1280,720,68e4fbbed469621732c6816f45e8149c,VALID
1876,W01473N.mp4,C:\Users\Admin\Python Advanced\Deep Learning - CV\Project\data\Dataset\Videos\W01473N.mp4,0.6,giấy nháp,giấy nháp,N (Miền Nam / South),unknown,129,29.97,1280,720,44e0d5133f8cb92af9f4420b0bfbc340,VALID
1877,W01473T.mp4,C:\Users\Admin\Python Advanced\Deep Learning - CV\Project\data\Dataset\Videos\W01473T.mp4,0.599,giấy nháp,giấy nháp,T (Miền Trung / Central),unknown,129,29.97,1280,720,0489b02f7c6173059bae58c585ae88f6,VALID
1878,W01474.mp4,C:\Users\Admin\Python Advanced\Deep Learning - CV\Project\data\Dataset\Videos\W01474.mp4,0.806,giấy tờ,giấy tờ,Neutral / Unspecified,unknown,121,29.97,1280,720,e03d9c3e31175bd50a9ef51d8fb4fc21,VALID
1879,W01476.mp4,C:\Users\Admin\Python Advanced\Deep Learning - CV\Project\data\Dataset\Videos\W01476.mp4,0.707,giẻ lau,giẻ lau,Neutral / Unspecified,unknown,128,29.97,1280,720,3aef422c7bdc9ac73971b70be51d188e,VALID
1880,W01477.mp4,C:\Users\Admin\Python Advanced\Deep Learning - CV\Project\data\Dataset\Videos\W01477.mp4,0.588,gieo xúc xắc,gieo xúc xắc,Neutral / Unspecified,unknown,133,29.97,1280,720,b3fe8e50a98275bdf7afebdf8a06e20d,VALID
1881,W01478.mp4,C:\Users\Admin\Python Advanced\Deep Learning - CV\Project\data\Dataset\Videos\W01478.mp4,0.8,giếng nước,giếng nước,Neutral / Unspecified,unknown,117,29.97,1280,720,77b6e534783aa7604528dc95391d1ddd,VALID
1882,W01479.mp4,C:\Users\Admin\Python Advanced\Deep Learning - CV\Project\data\Dataset\Videos\W01479.mp4,0.429,giết,giết,Neutral / Unspecified,unknown,81,29.97,1280,720,7f565218b1ae8441964e34d7e8540145,VALID
1883,W01482.mp4,C:\Users\Admin\Python Advanced\Deep Learning - CV\Project\data\Dataset\Videos\W01482.mp4,0.696,gió Lào,gió lào,Neutral / Unspecified,unknown,131,29.97,1280,720,7eb5cbb8f33b40506eb2c114074b62ad,VALID
1884,W01485.mp4,C:\Users\Admin\Python Advanced\Deep Learning - CV\Project\data\Dataset\Videos\W01485.mp4,2.578,giỏi,giỏi,Neutral / Unspecified,unknown,326,29.97,1280,720,e107f065a963cba13f3dcd5aeafb5742,VALID
1885,W01487.mp4,C:\Users\Admin\Python Advanced\Deep Learning - CV\Project\data\Dataset\Videos\W01487.mp4,0.445,giọng nói,giọng nói,Neutral / Unspecified,unknown,92,29.97,1280,720,37cdc486d69f73d0e1a18c4118e7a74b,VALID
1886,W01489.mp4,C:\Users\Admin\Python Advanced\Deep Learning - CV\Project\data\Dataset\Videos\W01489.mp4,0.663,giông bão,giông bão,Neutral / Unspecified,unknown,106,29.97,1280,720,eb33d3fd258d36475fa77ab4a88b6f2f,VALID
1887,W01491.mp4,C:\Users\Admin\Python Advanced\Deep Learning - CV\Project\data\Dataset\Videos\W01491.mp4,0.566,giơ tay,giơ tay,Neutral / Unspecified,unknown,105,29.97,1280,720,fe8a937488a30223bf42eb22603fab0f,VALID
1888,W01494.mp4,C:\Users\Admin\Python Advanced\Deep Learning - CV\Project\data\Dataset\Videos\W01494.mp4,0.721,giới thiệu,giới thiệu,Neutral / Unspecified,unknown,139,29.97,1280,720,e75158c96923ebedbec3204cda26ee02,VALID
1889,W01497B.mp4,C:\Users\Admin\Python Advanced\Deep Learning - CV\Project\data\Dataset\Videos\W01497B.mp4,0.345,giúp đỡ,giúp đỡ,B (Miền Bắc / North),unknown,74,29.97,1280,720,649431745257d9706b538494d5b21c16,VALID
1890,W01497N.mp4,C:\Users\Admin\Python Advanced\Deep Learning - CV\Project\data\Dataset\Videos\W01497N.mp4,0.537,giúp đỡ,giúp đỡ,N (Miền Nam / South),unknown,106,29.97,1280,720,c7167450a14fd24845e1ec13dfce1ccc,VALID
1891,W01497T.mp4,C:\Users\Admin\Python Advanced\Deep Learning - CV\Project\data\Dataset\Videos\W01497T.mp4,0.537,giúp đỡ,giúp đỡ,T (Miền Trung / Central),unknown,106,29.97,1280,720,4d55a877cd33cdd33cf46b73a3082ee9,VALID
1892,W01501.mp4,C:\Users\Admin\Python Advanced\Deep Learning - CV\Project\data\Dataset\Videos\W01501.mp4,0.616,góc bẹt,góc bẹt,Neutral / Unspecified,unknown,113,29.97,1280,720,29fb17a935f27ce36ba93abb8cf7933c,VALID
1893,W01502.mp4,C:\Users\Admin\Python Advanced\Deep Learning - CV\Project\data\Dataset\Videos\W01502.mp4,0.785,góc bếp,góc bếp,Neutral / Unspecified,unknown,127,29.97,1280,720,04804a00cede19e931f0c6a4d69748d2,VALID
1894,W01503.mp4,C:\Users\Admin\Python Advanced\Deep Learning - CV\Project\data\Dataset\Videos\W01503.mp4,0.549,góc học tập,góc học tập,Neutral / Unspecified,unknown,111,29.97,1280,720,321512509787f09be9f08b613c63302a,VALID
1895,W01505.mp4,C:\Users\Admin\Python Advanced\Deep Learning - CV\Project\data\Dataset\Videos\W01505.mp4,0.646,góc nhọn,góc nhọn,Neutral / Unspecified,unknown,114,29.97,1280,720,7ea75c589eed66bc62b669a1242e2d19,VALID
1896,W01506.mp4,C:\Users\Admin\Python Advanced\Deep Learning - CV\Project\data\Dataset\Videos\W01506.mp4,1.45,góc tù,góc tù,Neutral / Unspecified,unknown,226,29.97,1280,720,dd9cc2cf9a638eb12d77bfed73dbb3b1,VALID
1897,W01507.mp4,C:\Users\Admin\Python Advanced\Deep Learning - CV\Project\data\Dataset\Videos\W01507.mp4,0.496,góc vuông,góc vuông,Neutral / Unspecified,unknown,98,29.97,1280,720,ac3ea8b686cf41244fc5c65ae1caa231,VALID
1898,W01508.mp4,C:\Users\Admin\Python Advanced\Deep Learning - CV\Project\data\Dataset\Videos\W01508.mp4,0.744,góc vườn,góc vườn,Neutral / Unspecified,unknown,138,29.97,1280,720,cb9412c94152ca86b1123c5665ba1035,VALID
1899,W01509.mp4,C:\Users\Admin\Python Advanced\Deep Learning - CV\Project\data\Dataset\Videos\W01509.mp4,0.531,gói (đgt),gói (đgt),Neutral / Unspecified,unknown,98,29.97,1280,720,17c2418688bfb0f2e8ae6b09baacdf96,VALID
1900,W01510.mp4,C:\Users\Admin\Python Advanced\Deep Learning - CV\Project\data\Dataset\Videos\W01510.mp4,0.429,gói,gói,Neutral / Unspecified,unknown,79,29.97,1280,720,a18b95349bccc7e3c087ad65969d1ed2,VALID
1901,W01511.mp4,C:\Users\Admin\Python Advanced\Deep Learning - CV\Project\data\Dataset\Videos\W01511.mp4,1.565,gọi,gọi,Neutral / Unspecified,unknown,249,29.97,1280,720,a9a596bbabab0a42eeb0ca2ba633b9ff,VALID
1902,W01512.mp4,C:\Users\Admin\Python Advanced\Deep Learning - CV\Project\data\Dataset\Videos\W01512.mp4,0.76,gọn gàng,gọn gàng,Neutral / Unspecified,unknown,125,29.97,1280,720,154452d9c857ca7cbd7c3ff4c1101cea,VALID
1903,W01515.mp4,C:\Users\Admin\Python Advanced\Deep Learning - CV\Project\data\Dataset\Videos\W01515.mp4,0.542,gọt bút chì,gọt bút chì,Neutral / Unspecified,unknown,98,29.97,1280,720,d363d1274cce33c3e44b8ee114c44006,VALID
1904,W01516B.mp4,C:\Users\Admin\Python Advanced\Deep Learning - CV\Project\data\Dataset\Videos\W01516B.mp4,0.592,gỗ,gỗ,B (Miền Bắc / North),unknown,104,29.97,1280,720,5aa91db40ac8a886e83be05c864716b6,VALID
1905,W01516N.mp4,C:\Users\Admin\Python Advanced\Deep Learning - CV\Project\data\Dataset\Videos\W01516N.mp4,0.47,gỗ,gỗ,N (Miền Nam / South),unknown,97,29.97,1280,720,1fcf3547baaae4a110dd0fcfb887cc55,VALID
1906,W01517.mp4,C:\Users\Admin\Python Advanced\Deep Learning - CV\Project\data\Dataset\Videos\W01517.mp4,0.478,gốm sứ,gốm sứ,Neutral / Unspecified,unknown,132,29.97,1280,720,a5c411bd83052899d53e18b9f2a46a02,VALID
1907,W01518.mp4,C:\Users\Admin\Python Advanced\Deep Learning - CV\Project\data\Dataset\Videos\W01518.mp4,0.51,gợi ý,gợi ý,Neutral / Unspecified,unknown,96,29.97,1280,720,a8fc5ca0e37e1f03caa8bba2a6dd6a2a,VALID
1908,W01520.mp4,C:\Users\Admin\Python Advanced\Deep Learning - CV\Project\data\Dataset\Videos\W01520.mp4,0.727,gửi quà,gửi quà,Neutral / Unspecified,unknown,116,29.97,1280,720,e9b92c1be12b9bf2ca3ef8d116ada81f,VALID
1909,W01523.mp4,C:\Users\Admin\Python Advanced\Deep Learning - CV\Project\data\Dataset\Videos\W01523.mp4,0.51,gương,gương,Neutral / Unspecified,unknown,100,29.97,1280,720,74a284c5a191274729e7ee01bef151ee,VALID
1910,W01524.mp4,C:\Users\Admin\Python Advanced\Deep Learning - CV\Project\data\Dataset\Videos\W01524.mp4,0.512,gương mặt,gương mặt,Neutral / Unspecified,unknown,96,29.97,1280,720,d09b7212b57196f1e5dcf167f1cd6115,VALID
1911,W01525.mp4,C:\Users\Admin\Python Advanced\Deep Learning - CV\Project\data\Dataset\Videos\W01525.mp4,0.788,gương mẫu,gương mẫu,Neutral / Unspecified,unknown,124,29.97,1280,720,71f706b5a0b2da4673dd8fde40277aa7,VALID
1912,W01526.mp4,C:\Users\Admin\Python Advanced\Deep Learning - CV\Project\data\Dataset\Videos\W01526.mp4,0.636,Hà Giang,hà giang,Neutral / Unspecified,unknown,105,29.97,1280,720,32464b8b2ce841caafdc3ac3ad3a2f04,VALID
1913,W01527.mp4,C:\Users\Admin\Python Advanced\Deep Learning - CV\Project\data\Dataset\Videos\W01527.mp4,0.573,Hà Lan (nước Hà Lan),hà lan (nước hà lan),Neutral / Unspecified,unknown,91,29.97,1280,720,5d611cb26ad88b370a687af1f71f1a9f,VALID
1914,W01532.mp4,C:\Users\Admin\Python Advanced\Deep Learning - CV\Project\data\Dataset\Videos\W01532.mp4,0.667,hài hước,hài hước,Neutral / Unspecified,unknown,110,29.97,1280,720,f315893c1993bf99d2ecb717cfde6e62,VALID
1915,W01533.mp4,C:\Users\Admin\Python Advanced\Deep Learning - CV\Project\data\Dataset\Videos\W01533.mp4,0.419,Hải Dương,hải dương,Neutral / Unspecified,unknown,89,29.97,1280,720,bc0ebfd3aad9ca0943df75b603b77d7f,VALID
1916,W01534.mp4,C:\Users\Admin\Python Advanced\Deep Learning - CV\Project\data\Dataset\Videos\W01534.mp4,0.63,hải đảo,hải đảo,Neutral / Unspecified,unknown,111,29.97,1280,720,55d350d8dfd9ce80ad7c09c2bd02ed76,VALID
1917,W01536.mp4,C:\Users\Admin\Python Advanced\Deep Learning - CV\Project\data\Dataset\Videos\W01536.mp4,0.586,hàm răng,hàm răng,Neutral / Unspecified,unknown,108,29.97,1280,720,0dfddc8b0bfe3cc8d8bd05271b68fcfa,VALID
1918,W01537.mp4,C:\Users\Admin\Python Advanced\Deep Learning - CV\Project\data\Dataset\Videos\W01537.mp4,0.536,hạn hán,hạn hán,Neutral / Unspecified,unknown,101,29.97,1280,720,8acf9b8b39c512ac922e36ea5df2857c,VALID
1919,W01540.mp4,C:\Users\Admin\Python Advanced\Deep Learning - CV\Project\data\Dataset\Videos\W01540.mp4,0.612,hàng chục nghìn,hàng chục nghìn,Neutral / Unspecified,unknown,99,29.97,1280,720,84630e9e658f9d58289b428a4e2beab3,VALID
1920,W01539.mp4,C:\Users\Admin\Python Advanced\Deep Learning - CV\Project\data\Dataset\Videos\W01539.mp4,0.679,hàng chục,hàng chục,Neutral / Unspecified,unknown,114,29.97,1280,720,84a0cbabff1c6c50ee2687f116f8d1cc,VALID
1921,W01541.mp4,C:\Users\Admin\Python Advanced\Deep Learning - CV\Project\data\Dataset\Videos\W01541.mp4,0.538,hàng chục triệu,hàng chục triệu,Neutral / Unspecified,unknown,94,29.97,1280,720,d411e9088e362af514f4e1bda67e5a41,VALID
1922,W01542.mp4,C:\Users\Admin\Python Advanced\Deep Learning - CV\Project\data\Dataset\Videos\W01542.mp4,0.529,hàng dọc,hàng dọc,Neutral / Unspecified,unknown,111,29.97,1280,720,2d6460bfece53513cf49008577ba024e,VALID
1923,W01543.mp4,C:\Users\Admin\Python Advanced\Deep Learning - CV\Project\data\Dataset\Videos\W01543.mp4,0.492,hàng đơn vị,hàng đơn vị,Neutral / Unspecified,unknown,86,29.97,1280,720,9da82a497394151ac67ef2f3d2f2c27d,VALID
1924,W01545.mp4,C:\Users\Admin\Python Advanced\Deep Learning - CV\Project\data\Dataset\Videos\W01545.mp4,0.505,hàng ngang,hàng ngang,Neutral / Unspecified,unknown,103,29.97,1280,720,da0c03576a337b316ac4d8fcb3acf60b,VALID
1925,W01547.mp4,C:\Users\Admin\Python Advanced\Deep Learning - CV\Project\data\Dataset\Videos\W01547.mp4,0.545,hàng trăm,hàng trăm,Neutral / Unspecified,unknown,91,29.97,1280,720,31bda6bd8dc61d8e807b81cac07c7337,VALID
1926,W01546.mp4,C:\Users\Admin\Python Advanced\Deep Learning - CV\Project\data\Dataset\Videos\W01546.mp4,0.639,hàng nghìn,hàng nghìn,Neutral / Unspecified,unknown,105,29.97,1280,720,2b9a526d4b75ba2826cebc6de2bdc264,VALID
1927,W01548.mp4,C:\Users\Admin\Python Advanced\Deep Learning - CV\Project\data\Dataset\Videos\W01548.mp4,0.475,hàng trăm nghìn,hàng trăm nghìn,Neutral / Unspecified,unknown,94,29.97,1280,720,d44d5df25fa9a60e54bccdf76b28bdc6,VALID
1928,W01550.mp4,C:\Users\Admin\Python Advanced\Deep Learning - CV\Project\data\Dataset\Videos\W01550.mp4,0.533,hàng triệu,hàng triệu,Neutral / Unspecified,unknown,100,29.97,1280,720,4f5a93cb7defd874c6bcf1ad9f998654,VALID
1929,W01552.mp4,C:\Users\Admin\Python Advanced\Deep Learning - CV\Project\data\Dataset\Videos\W01552.mp4,0.624,hàng xóm,hàng xóm,Neutral / Unspecified,unknown,97,29.97,1280,720,f91bf558544932d44b96e409c3f90390,VALID
1930,W01554.mp4,C:\Users\Admin\Python Advanced\Deep Learning - CV\Project\data\Dataset\Videos\W01554.mp4,0.597,hành động,hành động,Neutral / Unspecified,unknown,96,29.97,1280,720,11647ea296681bb93d6981d761eeba78,VALID
1931,W01556.mp4,C:\Users\Admin\Python Advanced\Deep Learning - CV\Project\data\Dataset\Videos\W01556.mp4,0.451,hành lang,hành lang,Neutral / Unspecified,unknown,90,29.97,1280,720,72cfe17a296eefb44b61b8eae1ba5830,VALID
1932,W01557B.mp4,C:\Users\Admin\Python Advanced\Deep Learning - CV\Project\data\Dataset\Videos\W01557B.mp4,0.627,hành quân,hành quân,B (Miền Bắc / North),unknown,115,29.97,1280,720,4729d7feb83cee9acd88d48cb19aabec,VALID
1933,W01557N.mp4,C:\Users\Admin\Python Advanced\Deep Learning - CV\Project\data\Dataset\Videos\W01557N.mp4,1.383,hành quân,hành quân,N (Miền Nam / South),unknown,221,29.97,1280,720,9f11b28d8e81b6913af1f9eaded5a499,VALID
1934,W01557T.mp4,C:\Users\Admin\Python Advanced\Deep Learning - CV\Project\data\Dataset\Videos\W01557T.mp4,1.692,hành quân,hành quân,T (Miền Trung / Central),unknown,268,29.97,1280,720,0fa2781441d98f5ba0f00947a874438b,VALID
1935,W01558.mp4,C:\Users\Admin\Python Advanced\Deep Learning - CV\Project\data\Dataset\Videos\W01558.mp4,0.965,hành tinh,hành tinh,Neutral / Unspecified,unknown,145,29.97,1280,720,ee6b3a6a498bdb5a9b9373f0c27538b0,VALID
1936,W01559.mp4,C:\Users\Admin\Python Advanced\Deep Learning - CV\Project\data\Dataset\Videos\W01559.mp4,0.611,hành vi,hành vi,Neutral / Unspecified,unknown,101,29.97,1280,720,83dc3941fcb8541439ccdab69cfa198f,VALID
1937,W01560.mp4,C:\Users\Admin\Python Advanced\Deep Learning - CV\Project\data\Dataset\Videos\W01560.mp4,0.655,hát ru,hát ru,Neutral / Unspecified,unknown,105,29.97,1280,720,40fdd9a5bb825addba0701c59b367e0c,VALID
1938,W01562.mp4,C:\Users\Admin\Python Advanced\Deep Learning - CV\Project\data\Dataset\Videos\W01562.mp4,0.553,hạt,hạt,Neutral / Unspecified,unknown,108,29.97,1280,720,b3501fb8054fc1b1b8ed0fd213b8af67,VALID
1939,W01563.mp4,C:\Users\Admin\Python Advanced\Deep Learning - CV\Project\data\Dataset\Videos\W01563.mp4,0.543,hạt cườm,hạt cườm,Neutral / Unspecified,unknown,123,29.97,1280,720,321b0d67ba624b4670596121821c20d7,VALID
1940,W01566.mp4,C:\Users\Admin\Python Advanced\Deep Learning - CV\Project\data\Dataset\Videos\W01566.mp4,0.557,hạt lạc,hạt lạc,Neutral / Unspecified,unknown,101,29.97,1280,720,ec3b3b707676467572208d06d5e1c03f,VALID
1941,W01567.mp4,C:\Users\Admin\Python Advanced\Deep Learning - CV\Project\data\Dataset\Videos\W01567.mp4,0.627,hạt lúa,hạt lúa,Neutral / Unspecified,unknown,107,29.97,1280,720,2e097822c31032e9580a1948400ea321,VALID
1942,W01568.mp4,C:\Users\Admin\Python Advanced\Deep Learning - CV\Project\data\Dataset\Videos\W01568.mp4,0.495,hạt tiêu,hạt tiêu,Neutral / Unspecified,unknown,106,29.97,1280,720,abaa8767f980dafcd8cc98dcf2c6b4e4,VALID
1943,W01569.mp4,C:\Users\Admin\Python Advanced\Deep Learning - CV\Project\data\Dataset\Videos\W01569.mp4,0.585,hăng hái,hăng hái,Neutral / Unspecified,unknown,84,29.97,1280,720,ebf6587b6a95b9637c00cc70b39423a7,VALID
1944,W01570.mp4,C:\Users\Admin\Python Advanced\Deep Learning - CV\Project\data\Dataset\Videos\W01570.mp4,0.565,hằng đẳng thức,hằng đẳng thức,Neutral / Unspecified,unknown,103,29.97,1280,720,3d58c69474f18ede308e0280274e1c13,VALID
1945,W01573.mp4,C:\Users\Admin\Python Advanced\Deep Learning - CV\Project\data\Dataset\Videos\W01573.mp4,0.795,hậu quả,hậu quả,Neutral / Unspecified,unknown,136,29.97,1280,720,3c51073aa0e247183febe0c6d1cef04f,VALID
1946,W01575B.mp4,C:\Users\Admin\Python Advanced\Deep Learning - CV\Project\data\Dataset\Videos\W01575B.mp4,0.486,héc-ta (ha),héc-ta (ha),B (Miền Bắc / North),unknown,99,29.97,1280,720,f1649ec7c81ac96bdcaf586a5153086c,VALID
1947,W01576B.mp4,C:\Users\Admin\Python Advanced\Deep Learning - CV\Project\data\Dataset\Videos\W01576B.mp4,0.506,héc-tô-gam (hg),héc-tô-gam (hg),B (Miền Bắc / North),unknown,104,29.97,1280,720,082ef33120e7f4f576c429585795c44f,VALID
1948,W01576N.mp4,C:\Users\Admin\Python Advanced\Deep Learning - CV\Project\data\Dataset\Videos\W01576N.mp4,0.479,héc-tô-gam (hg),héc-tô-gam (hg),N (Miền Nam / South),unknown,110,29.97,1280,720,a4ee41af98e025d160f87a52334b392c,VALID
1949,W01576T.mp4,C:\Users\Admin\Python Advanced\Deep Learning - CV\Project\data\Dataset\Videos\W01576T.mp4,0.487,héc-tô-gam (hg),héc-tô-gam (hg),T (Miền Trung / Central),unknown,110,29.97,1280,720,bdd3801c229cdf75537ef9610608f16d,VALID
1950,W01577T.mp4,C:\Users\Admin\Python Advanced\Deep Learning - CV\Project\data\Dataset\Videos\W01577T.mp4,0.491,héc-tô-mét (hm),héc-tô-mét (hm),T (Miền Trung / Central),unknown,102,29.97,1280,720,b0a626c2c2cd1bd60b87bc3ede53afd1,VALID
1951,W01578N.mp4,C:\Users\Admin\Python Advanced\Deep Learning - CV\Project\data\Dataset\Videos\W01578N.mp4,0.473,héc-tô-mét vuông (hm2),héc-tô-mét vuông (hm2),N (Miền Nam / South),unknown,97,29.97,1280,720,bdc6092151458c7883614d5f967b7a8a,VALID
1952,W01578T.mp4,C:\Users\Admin\Python Advanced\Deep Learning - CV\Project\data\Dataset\Videos\W01578T.mp4,0.472,héc-tô-mét vuông (hm2),héc-tô-mét vuông (hm2),T (Miền Trung / Central),unknown,97,29.97,1280,720,83b29586efc3fe9c01a7fbfc3fea39eb,VALID
1953,W01579.mp4,C:\Users\Admin\Python Advanced\Deep Learning - CV\Project\data\Dataset\Videos\W01579.mp4,0.707,héo,héo,Neutral / Unspecified,unknown,111,29.97,1280,720,268d90c5ab7c3e97e849de30c22a222e,VALID
1954,W01580.mp4,C:\Users\Admin\Python Advanced\Deep Learning - CV\Project\data\Dataset\Videos\W01580.mp4,0.501,hét (giống la),hét (giống la),Neutral / Unspecified,unknown,71,29.97,1280,720,d88e4107d23dd944cd7c9bf40949e933,VALID
1955,W01582B.mp4,C:\Users\Admin\Python Advanced\Deep Learning - CV\Project\data\Dataset\Videos\W01582B.mp4,0.485,hệ thống,hệ thống,B (Miền Bắc / North),unknown,83,29.97,1280,720,a25a7342f24b98a59c3f9e167c8ace49,VALID
1956,W01582N.mp4,C:\Users\Admin\Python Advanced\Deep Learning - CV\Project\data\Dataset\Videos\W01582N.mp4,0.599,hệ thống,hệ thống,N (Miền Nam / South),unknown,107,29.97,1280,720,98a0622e74f82d257c54bc549d112ee0,VALID
1957,W01582T.mp4,C:\Users\Admin\Python Advanced\Deep Learning - CV\Project\data\Dataset\Videos\W01582T.mp4,0.598,hệ thống,hệ thống,T (Miền Trung / Central),unknown,107,29.97,1280,720,993146670e75a8f72533646fcaf4882f,VALID
1958,W01583B.mp4,C:\Users\Admin\Python Advanced\Deep Learning - CV\Project\data\Dataset\Videos\W01583B.mp4,0.358,hi sinh,hi sinh,B (Miền Bắc / North),unknown,84,29.97,1280,720,e79a70404894f2391a840579ce2c89de,VALID
1959,W01583N.mp4,C:\Users\Admin\Python Advanced\Deep Learning - CV\Project\data\Dataset\Videos\W01583N.mp4,0.385,hi sinh,hi sinh,N (Miền Nam / South),unknown,100,29.97,1280,720,73bde9787a1ca4b178fa7cfea56dceb4,VALID
1960,W01583T.mp4,C:\Users\Admin\Python Advanced\Deep Learning - CV\Project\data\Dataset\Videos\W01583T.mp4,0.342,hi sinh,hi sinh,T (Miền Trung / Central),unknown,85,29.97,1280,720,6866e0951bddc2d5479122fdd6d610a0,VALID
1961,W01584T.mp4,C:\Users\Admin\Python Advanced\Deep Learning - CV\Project\data\Dataset\Videos\W01584T.mp4,0.464,hi vọng,hi vọng,T (Miền Trung / Central),unknown,75,29.97,1280,720,60988a670f672b50ea2921cbb7e7d641,VALID
1962,W01587.mp4,C:\Users\Admin\Python Advanced\Deep Learning - CV\Project\data\Dataset\Videos\W01587.mp4,0.651,hiện đại,hiện đại,Neutral / Unspecified,unknown,117,29.97,1280,720,77f3c2a0547c815c4b70fde1ded9c4f1,VALID
1963,W01588.mp4,C:\Users\Admin\Python Advanced\Deep Learning - CV\Project\data\Dataset\Videos\W01588.mp4,0.411,hiện nay,hiện nay,Neutral / Unspecified,unknown,80,29.97,1280,720,784fda746259d64e21c51d4a1cf3754b,VALID
1964,W01591B.mp4,C:\Users\Admin\Python Advanced\Deep Learning - CV\Project\data\Dataset\Videos\W01591B.mp4,0.283,hiểu,hiểu,B (Miền Bắc / North),unknown,64,29.97,1280,720,362d326d345ed842aa298fe450479f3d,VALID
1965,W01591N.mp4,C:\Users\Admin\Python Advanced\Deep Learning - CV\Project\data\Dataset\Videos\W01591N.mp4,0.511,hiểu,hiểu,N (Miền Nam / South),unknown,117,29.97,1280,720,6e18e396e5047f01ca2b27264a01eaae,VALID
1966,W01591T.mp4,C:\Users\Admin\Python Advanced\Deep Learning - CV\Project\data\Dataset\Videos\W01591T.mp4,0.506,hiểu,hiểu,T (Miền Trung / Central),unknown,117,29.97,1280,720,6596dd1d55e64e093a7fcd6d87bce74e,VALID
1967,W01593.mp4,C:\Users\Admin\Python Advanced\Deep Learning - CV\Project\data\Dataset\Videos\W01593.mp4,0.616,hiếu thảo,hiếu thảo,Neutral / Unspecified,unknown,138,29.97,1280,720,28ab0e892f67bbf3971ac71c971602e4,VALID
1968,W01594.mp4,C:\Users\Admin\Python Advanced\Deep Learning - CV\Project\data\Dataset\Videos\W01594.mp4,1.245,hiệu thuốc,hiệu thuốc,Neutral / Unspecified,unknown,220,29.97,1280,720,48ae9679cadce43f96a33410fa60912b,VALID
1969,W01595.mp4,C:\Users\Admin\Python Advanced\Deep Learning - CV\Project\data\Dataset\Videos\W01595.mp4,0.551,hiệu (Toán học),hiệu (toán học),Neutral / Unspecified,unknown,108,29.97,1280,720,9b2d9cfbc28087bbc06f9a78bb65a2fe,VALID
1970,W01596.mp4,C:\Users\Admin\Python Advanced\Deep Learning - CV\Project\data\Dataset\Videos\W01596.mp4,0.463,hiệu cầm đồ,hiệu cầm đồ,Neutral / Unspecified,unknown,109,29.97,1280,720,6e259f4a3f759bf5f8be13a177b32f33,VALID
1971,W01599.mp4,C:\Users\Admin\Python Advanced\Deep Learning - CV\Project\data\Dataset\Videos\W01599.mp4,0.48,hình,hình,Neutral / Unspecified,unknown,95,29.97,1280,720,5fa57f42acfa5034ae936218debdaed9,VALID
1972,W01600.mp4,C:\Users\Admin\Python Advanced\Deep Learning - CV\Project\data\Dataset\Videos\W01600.mp4,0.494,hình bình hành,hình bình hành,Neutral / Unspecified,unknown,102,29.97,1280,720,121e8200217281419460e153e2e89d28,VALID
1973,W01601.mp4,C:\Users\Admin\Python Advanced\Deep Learning - CV\Project\data\Dataset\Videos\W01601.mp4,0.562,hình cầu,hình cầu,Neutral / Unspecified,unknown,108,29.97,1280,720,856bda2b992fa5772da9f128c2b83301,VALID
1974,W01602.mp4,C:\Users\Admin\Python Advanced\Deep Learning - CV\Project\data\Dataset\Videos\W01602.mp4,0.454,hình chiếu,hình chiếu,Neutral / Unspecified,unknown,89,29.97,1280,720,0eea230485fe5f0fed00745818088c2a,VALID
1975,W01603.mp4,C:\Users\Admin\Python Advanced\Deep Learning - CV\Project\data\Dataset\Videos\W01603.mp4,0.386,hình dáng,hình dáng,Neutral / Unspecified,unknown,82,29.97,1280,720,e922588e474d0becf655aa31367cc433,VALID
1976,W01604.mp4,C:\Users\Admin\Python Advanced\Deep Learning - CV\Project\data\Dataset\Videos\W01604.mp4,0.439,hình elip,hình elip,Neutral / Unspecified,unknown,94,29.97,1280,720,3912e1d15300fdcac4dcbec5fafb2d6f,VALID
1977,W01606.mp4,C:\Users\Admin\Python Advanced\Deep Learning - CV\Project\data\Dataset\Videos\W01606.mp4,0.572,hình hộp chữ nhật,hình hộp chữ nhật,Neutral / Unspecified,unknown,117,29.97,1280,720,b426ed32b4bcbc38db887e4e97cce36d,VALID
1978,W01610.mp4,C:\Users\Admin\Python Advanced\Deep Learning - CV\Project\data\Dataset\Videos\W01610.mp4,0.824,hình phạt,hình phạt,Neutral / Unspecified,unknown,144,29.97,1280,720,d0eaafe6bc810524a15174e9ca93eaf2,VALID
1979,W01612.mp4,C:\Users\Admin\Python Advanced\Deep Learning - CV\Project\data\Dataset\Videos\W01612.mp4,0.538,hình thang,hình thang,Neutral / Unspecified,unknown,114,29.97,1280,720,90be55c380a1f07ee30a2e1a4cccd328,VALID
1980,W01616.mp4,C:\Users\Admin\Python Advanced\Deep Learning - CV\Project\data\Dataset\Videos\W01616.mp4,0.761,hình trụ,hình trụ,Neutral / Unspecified,unknown,151,29.97,1280,720,ce2d62e854dcda6a3b6673ba8634d4b2,VALID
1981,W01618.mp4,C:\Users\Admin\Python Advanced\Deep Learning - CV\Project\data\Dataset\Videos\W01618.mp4,0.639,hình vẽ,hình vẽ,Neutral / Unspecified,unknown,127,29.97,1280,720,d8b69c3b6f7ce8062394da99e82ff787,VALID
1982,W01619B.mp4,C:\Users\Admin\Python Advanced\Deep Learning - CV\Project\data\Dataset\Videos\W01619B.mp4,0.366,hoa,hoa,B (Miền Bắc / North),unknown,94,29.97,1280,720,d7532cab46d2721a4e8a93f7847f2ec3,VALID
1983,W01619N.mp4,C:\Users\Admin\Python Advanced\Deep Learning - CV\Project\data\Dataset\Videos\W01619N.mp4,0.482,hoa,hoa,N (Miền Nam / South),unknown,114,29.97,1280,720,f592cd751baae253a024c44066a27a22,VALID
1984,W01619T.mp4,C:\Users\Admin\Python Advanced\Deep Learning - CV\Project\data\Dataset\Videos\W01619T.mp4,0.366,hoa,hoa,T (Miền Trung / Central),unknown,94,29.97,1280,720,88582c0f152880ec9e5b1568f847f74a,VALID
1985,W01620.mp4,C:\Users\Admin\Python Advanced\Deep Learning - CV\Project\data\Dataset\Videos\W01620.mp4,0.611,hoa cúc,hoa cúc,Neutral / Unspecified,unknown,140,29.97,1280,720,6e0f9588b27eb28d43220106b794ac64,VALID
1986,W01621.mp4,C:\Users\Admin\Python Advanced\Deep Learning - CV\Project\data\Dataset\Videos\W01621.mp4,0.625,hoa đào,hoa đào,Neutral / Unspecified,unknown,126,29.97,1280,720,aff92ca11c3565fa9ee05a626c803072,VALID
1987,W01622.mp4,C:\Users\Admin\Python Advanced\Deep Learning - CV\Project\data\Dataset\Videos\W01622.mp4,0.6,hoa hồng,hoa hồng,Neutral / Unspecified,unknown,119,29.97,1280,720,c4f72658fcc71160f98f8c632beb8926,VALID
1988,W01625.mp4,C:\Users\Admin\Python Advanced\Deep Learning - CV\Project\data\Dataset\Videos\W01625.mp4,0.643,hoa lay ơn,hoa lay ơn,Neutral / Unspecified,unknown,72,23.98,1280,720,eab2b194d0795eb45c9b035335c0545a,VALID
1989,W01629B.mp4,C:\Users\Admin\Python Advanced\Deep Learning - CV\Project\data\Dataset\Videos\W01629B.mp4,0.476,hoa sen,hoa sen,B (Miền Bắc / North),unknown,98,29.97,1280,720,244baff05b4d2c03b41588aeb7f86c33,VALID
1990,W01629N.mp4,C:\Users\Admin\Python Advanced\Deep Learning - CV\Project\data\Dataset\Videos\W01629N.mp4,0.562,hoa sen,hoa sen,N (Miền Nam / South),unknown,125,29.97,1280,720,3cff39e8e56e32ee53c58c42e253e964,VALID
1991,W01629T.mp4,C:\Users\Admin\Python Advanced\Deep Learning - CV\Project\data\Dataset\Videos\W01629T.mp4,0.54,hoa sen,hoa sen,T (Miền Trung / Central),unknown,110,29.97,1280,720,1ed2f49309d45465b40fe8f9ef3d1927,VALID
1992,W01634.mp4,C:\Users\Admin\Python Advanced\Deep Learning - CV\Project\data\Dataset\Videos\W01634.mp4,0.71,hòa bình,hòa bình,Neutral / Unspecified,unknown,144,29.97,1280,720,3b8adec3b5b4fad84df85eba885fc2e4,VALID
1993,W01637.mp4,C:\Users\Admin\Python Advanced\Deep Learning - CV\Project\data\Dataset\Videos\W01637.mp4,0.748,hòa nhập,hòa nhập,Neutral / Unspecified,unknown,136,29.97,1280,720,7e9ce5c8ba19b68c12ec99deaaced9aa,VALID
1994,W01638.mp4,C:\Users\Admin\Python Advanced\Deep Learning - CV\Project\data\Dataset\Videos\W01638.mp4,0.424,họa sỹ,họa sỹ,Neutral / Unspecified,unknown,221,59.94,1280,720,21fa74a06b6a52e24ef1deeb15ebffc9,VALID
1995,W01641.mp4,C:\Users\Admin\Python Advanced\Deep Learning - CV\Project\data\Dataset\Videos\W01641.mp4,0.901,hoàn thành,hoàn thành,Neutral / Unspecified,unknown,158,29.97,1280,720,f77549747c7be786dddea910cd845511,VALID
1996,W01645.mp4,C:\Users\Admin\Python Advanced\Deep Learning - CV\Project\data\Dataset\Videos\W01645.mp4,0.668,hoàng đế,hoàng đế,Neutral / Unspecified,unknown,97,23.98,1280,720,cd9006fcb06c8111ea09adf987eb10cd,VALID
1997,W01646.mp4,C:\Users\Admin\Python Advanced\Deep Learning - CV\Project\data\Dataset\Videos\W01646.mp4,0.777,hoàng hôn,hoàng hôn,Neutral / Unspecified,unknown,151,29.97,1280,720,85025e32e72e4648af5eca89d8584a32,VALID
1998,W01649.mp4,C:\Users\Admin\Python Advanced\Deep Learning - CV\Project\data\Dataset\Videos\W01649.mp4,0.676,Hoàng tử,hoàng tử,Neutral / Unspecified,unknown,129,29.97,1280,720,51e014a412cec7c45170670974d7ceaa,VALID
1999,W01650.mp4,C:\Users\Admin\Python Advanced\Deep Learning - CV\Project\data\Dataset\Videos\W01650.mp4,0.566,hoảng sợ,hoảng sợ,Neutral / Unspecified,unknown,131,29.97,1280,720,f9dcf7c0957379fdc20daa0c4875799d,VALID
2000,W01651B.mp4,C:\Users\Admin\Python Advanced\Deep Learning - CV\Project\data\Dataset\Videos\W01651B.mp4,0.405,hoạt động,hoạt động,B (Miền Bắc / North),unknown,81,29.97,1280,720,e48fd79ab3ab4f96d8ce05dce1abbda2,VALID
2001,W01655B.mp4,C:\Users\Admin\Python Advanced\Deep Learning - CV\Project\data\Dataset\Videos\W01655B.mp4,0.461,hoạt hình,hoạt hình,B (Miền Bắc / North),unknown,97,29.97,1280,720,d763a103a3ba0c42e08e6090c9b438af,VALID
2002,W01655N.mp4,C:\Users\Admin\Python Advanced\Deep Learning - CV\Project\data\Dataset\Videos\W01655N.mp4,0.422,hoạt hình,hoạt hình,N (Miền Nam / South),unknown,111,29.97,1280,720,f775c3291f5c193a78d2acfbe4ed2fe2,VALID
2003,W01655T.mp4,C:\Users\Admin\Python Advanced\Deep Learning - CV\Project\data\Dataset\Videos\W01655T.mp4,0.436,hoạt hình,hoạt hình,T (Miền Trung / Central),unknown,111,29.97,1280,720,9f6de891f115c2eb2961109c60c61a47,VALID
2004,W01656.mp4,C:\Users\Admin\Python Advanced\Deep Learning - CV\Project\data\Dataset\Videos\W01656.mp4,0.648,học giỏi,học giỏi,Neutral / Unspecified,unknown,130,29.97,1280,720,f86263f41c3077689306807827acb4a9,VALID
2005,W01658.mp4,C:\Users\Admin\Python Advanced\Deep Learning - CV\Project\data\Dataset\Videos\W01658.mp4,0.949,học sinh Miền Nam,học sinh miền nam,Neutral / Unspecified,unknown,163,29.97,1280,720,3244fbcd4d746690417951a7fd9b468e,VALID
2006,W01659.mp4,C:\Users\Admin\Python Advanced\Deep Learning - CV\Project\data\Dataset\Videos\W01659.mp4,0.585,học trung bình,học trung bình,Neutral / Unspecified,unknown,125,29.97,1280,720,04ea77d88d618114daf3fc9ca79802d6,VALID
2007,W01660.mp4,C:\Users\Admin\Python Advanced\Deep Learning - CV\Project\data\Dataset\Videos\W01660.mp4,0.523,hỏi han,hỏi han,Neutral / Unspecified,unknown,124,29.97,1280,720,7df7d61fe2c11f50649a1f18502ef5df,VALID
2008,W01661.mp4,C:\Users\Admin\Python Advanced\Deep Learning - CV\Project\data\Dataset\Videos\W01661.mp4,0.67,hòn đá,hòn đá,Neutral / Unspecified,unknown,130,29.97,1280,720,0f40a741ba719f82d92c46d22398c124,VALID
2009,W01662.mp4,C:\Users\Admin\Python Advanced\Deep Learning - CV\Project\data\Dataset\Videos\W01662.mp4,0.584,hót rác,hót rác,Neutral / Unspecified,unknown,125,29.97,1280,720,29f44b7b5c6eda7d5d70f0ad48e2d911,VALID
2010,W01665.mp4,C:\Users\Admin\Python Advanced\Deep Learning - CV\Project\data\Dataset\Videos\W01665.mp4,0.574,học bổng,học bổng,Neutral / Unspecified,unknown,123,29.97,1280,720,64767b29ac288e987e939b7dcf0ee387,VALID
2011,W01666.mp4,C:\Users\Admin\Python Advanced\Deep Learning - CV\Project\data\Dataset\Videos\W01666.mp4,0.783,học kém,học kém,Neutral / Unspecified,unknown,152,29.97,1280,720,81a4c9370c7b9fa603fd08c06a99cb68,VALID
2012,W01668.mp4,C:\Users\Admin\Python Advanced\Deep Learning - CV\Project\data\Dataset\Videos\W01668.mp4,0.536,học nhóm,học nhóm,Neutral / Unspecified,unknown,112,29.97,1280,720,174b6a2725e706c600060c078df899e4,VALID
2013,W01669.mp4,C:\Users\Admin\Python Advanced\Deep Learning - CV\Project\data\Dataset\Videos\W01669.mp4,0.541,học phí,học phí,Neutral / Unspecified,unknown,112,29.97,1280,720,4a9c0882afc2a51d2c13bfc60aec9cee,VALID
2014,W01670.mp4,C:\Users\Admin\Python Advanced\Deep Learning - CV\Project\data\Dataset\Videos\W01670.mp4,0.601,học tập,học tập,Neutral / Unspecified,unknown,120,29.97,1280,720,7349329a34bb5bece9035fd024ebde7d,VALID
2015,W01671.mp4,C:\Users\Admin\Python Advanced\Deep Learning - CV\Project\data\Dataset\Videos\W01671.mp4,0.481,học trò,học trò,Neutral / Unspecified,unknown,118,29.97,1280,720,93d72ba693bd5fa1b0ddb9709c75b79a,VALID
2016,W01673B.mp4,C:\Users\Admin\Python Advanced\Deep Learning - CV\Project\data\Dataset\Videos\W01673B.mp4,0.619,hỏi thăm,hỏi thăm,B (Miền Bắc / North),unknown,101,29.97,1280,720,778b49d312708576ba09744245162ba7,VALID
2017,W01674B.mp4,C:\Users\Admin\Python Advanced\Deep Learning - CV\Project\data\Dataset\Videos\W01674B.mp4,0.47,hòn bi (giống viên bi),hòn bi (giống viên bi),B (Miền Bắc / North),unknown,97,29.97,1280,720,58108a7c3be048130445a8030532a057,VALID
2018,W01675B.mp4,C:\Users\Admin\Python Advanced\Deep Learning - CV\Project\data\Dataset\Videos\W01675B.mp4,0.438,hỏng,hỏng,B (Miền Bắc / North),unknown,87,29.97,1280,720,fd6172277a9e46c1a1a4f379518e91d1,VALID
2019,W01675N.mp4,C:\Users\Admin\Python Advanced\Deep Learning - CV\Project\data\Dataset\Videos\W01675N.mp4,0.507,hỏng,hỏng,N (Miền Nam / South),unknown,120,29.97,1280,720,8e89879f25fbb9bc2fbc7e2a74a3f578,VALID
2020,W01675T.mp4,C:\Users\Admin\Python Advanced\Deep Learning - CV\Project\data\Dataset\Videos\W01675T.mp4,0.434,hỏng,hỏng,T (Miền Trung / Central),unknown,87,29.97,1280,720,3014916bf5e1d35b863012a58bf16ca0,VALID
2021,W01676.mp4,C:\Users\Admin\Python Advanced\Deep Learning - CV\Project\data\Dataset\Videos\W01676.mp4,0.553,họng,họng,Neutral / Unspecified,unknown,134,29.97,1280,720,e4a23a0db1edb683a23f2f239ff427d5,VALID
2022,W01677B.mp4,C:\Users\Admin\Python Advanced\Deep Learning - CV\Project\data\Dataset\Videos\W01677B.mp4,0.45,họp,họp,B (Miền Bắc / North),unknown,84,29.97,1280,720,4565dace579f88db5e822acb15550451,VALID
2023,W01677N.mp4,C:\Users\Admin\Python Advanced\Deep Learning - CV\Project\data\Dataset\Videos\W01677N.mp4,0.625,họp,họp,N (Miền Nam / South),unknown,138,29.97,1280,720,0ecc7051be14eaa50ca97d3ce2212a17,VALID
2024,W01677T.mp4,C:\Users\Admin\Python Advanced\Deep Learning - CV\Project\data\Dataset\Videos\W01677T.mp4,0.447,họp,họp,T (Miền Trung / Central),unknown,84,29.97,1280,720,3ebcaabe1a3b85d9b26b9411d48e9cac,VALID
2025,W01678.mp4,C:\Users\Admin\Python Advanced\Deep Learning - CV\Project\data\Dataset\Videos\W01678.mp4,0.632,hót,hót,Neutral / Unspecified,unknown,126,29.97,1280,720,335f51fc1c5ad1d944ef5e98c896025e,VALID
2026,W01679.mp4,C:\Users\Admin\Python Advanced\Deep Learning - CV\Project\data\Dataset\Videos\W01679.mp4,0.562,hót rác (cái hót rác),hót rác (cái hót rác),Neutral / Unspecified,unknown,117,29.97,1280,720,3b7c54124b2d28b269d3b88be900a598,VALID
2027,W01681.mp4,C:\Users\Admin\Python Advanced\Deep Learning - CV\Project\data\Dataset\Videos\W01681.mp4,0.461,Hồ Chí Minh,hồ chí minh,Neutral / Unspecified,unknown,113,29.97,1280,720,0f6ca8107ef9ad2dedc9a9e7a246676b,VALID
2028,W01682.mp4,C:\Users\Admin\Python Advanced\Deep Learning - CV\Project\data\Dataset\Videos\W01682.mp4,0.598,hồ dán,hồ dán,Neutral / Unspecified,unknown,123,29.97,1280,720,5002b64e405b1c75905a2806b2435508,VALID
2029,W01684.mp4,C:\Users\Admin\Python Advanced\Deep Learning - CV\Project\data\Dataset\Videos\W01684.mp4,0.565,hồ Hoàn Kiếm,hồ hoàn kiếm,Neutral / Unspecified,unknown,140,29.97,1280,720,23f8f11593158017c20742e3749d639f,VALID
2030,W01686.mp4,C:\Users\Admin\Python Advanced\Deep Learning - CV\Project\data\Dataset\Videos\W01686.mp4,0.719,hồ nước,hồ nước,Neutral / Unspecified,unknown,132,29.97,1280,720,e04cec9146829894e4124ce17be37383,VALID
2031,W01690B.mp4,C:\Users\Admin\Python Advanced\Deep Learning - CV\Project\data\Dataset\Videos\W01690B.mp4,0.377,hồi hộp,hồi hộp,B (Miền Bắc / North),unknown,84,29.97,1280,720,8e5a0928e533ed11b2b2ead46d2c88e4,VALID
2032,W01690N.mp4,C:\Users\Admin\Python Advanced\Deep Learning - CV\Project\data\Dataset\Videos\W01690N.mp4,0.353,hồi hộp,hồi hộp,N (Miền Nam / South),unknown,91,29.97,1280,720,6e1d79021d00fdb404c66a329450d215,VALID
2033,W01690T.mp4,C:\Users\Admin\Python Advanced\Deep Learning - CV\Project\data\Dataset\Videos\W01690T.mp4,0.378,hồi hộp,hồi hộp,T (Miền Trung / Central),unknown,84,29.97,1280,720,224194d86a8952a71afad53b4b0170a4,VALID
2034,W01692B.mp4,C:\Users\Admin\Python Advanced\Deep Learning - CV\Project\data\Dataset\Videos\W01692B.mp4,0.403,hối hận,hối hận,B (Miền Bắc / North),unknown,89,29.97,1280,720,76ada227da9d45f6f6ad77817b33f09f,VALID
2035,W01692N.mp4,C:\Users\Admin\Python Advanced\Deep Learning - CV\Project\data\Dataset\Videos\W01692N.mp4,0.566,hối hận,hối hận,N (Miền Nam / South),unknown,133,29.97,1280,720,c9ab981212d60634dcf1e3d24f37648b,VALID
2036,W01692T.mp4,C:\Users\Admin\Python Advanced\Deep Learning - CV\Project\data\Dataset\Videos\W01692T.mp4,0.402,hối hận,hối hận,T (Miền Trung / Central),unknown,100,29.97,1280,720,7ca926495d4ea1563e26f41cc445c274,VALID
2037,W01693.mp4,C:\Users\Admin\Python Advanced\Deep Learning - CV\Project\data\Dataset\Videos\W01693.mp4,0.857,hối lộ,hối lộ,Neutral / Unspecified,unknown,138,29.97,1280,720,43f0de67b86ad3e6817f02d20aeb95d0,VALID
2038,W01695B.mp4,C:\Users\Admin\Python Advanced\Deep Learning - CV\Project\data\Dataset\Videos\W01695B.mp4,0.572,hội nghị,hội nghị,B (Miền Bắc / North),unknown,100,29.97,1280,720,a9ae1474beacde702a1f82a6c4a1d8cf,VALID
2039,W01696.mp4,C:\Users\Admin\Python Advanced\Deep Learning - CV\Project\data\Dataset\Videos\W01696.mp4,0.562,hội thảo,hội thảo,Neutral / Unspecified,unknown,114,29.97,1280,720,fd0836d88e885029f8eadaebc71c3641,VALID
2040,W01696N.mp4,C:\Users\Admin\Python Advanced\Deep Learning - CV\Project\data\Dataset\Videos\W01696N.mp4,0.672,hội thảo,hội thảo,N (Miền Nam / South),unknown,118,29.97,1280,720,9f10bef682efbb5b7042c506b85a80a4,VALID
2041,W01698.mp4,C:\Users\Admin\Python Advanced\Deep Learning - CV\Project\data\Dataset\Videos\W01698.mp4,0.739,hội trường,hội trường,Neutral / Unspecified,unknown,122,29.97,1280,720,404d8529e5748208fea606b02b7f1ef0,VALID
2042,W01700.mp4,C:\Users\Admin\Python Advanced\Deep Learning - CV\Project\data\Dataset\Videos\W01700.mp4,0.588,hôn,hôn,Neutral / Unspecified,unknown,121,29.97,1280,720,e2120db0dc4e06572a2f3ab3b00bb854,VALID
2043,W01701.mp4,C:\Users\Admin\Python Advanced\Deep Learning - CV\Project\data\Dataset\Videos\W01701.mp4,0.575,hỗn số,hỗn số,Neutral / Unspecified,unknown,115,29.97,1280,720,3350feb83728639e0f22a417716072c3,VALID
2044,W01702.mp4,C:\Users\Admin\Python Advanced\Deep Learning - CV\Project\data\Dataset\Videos\W01702.mp4,0.561,hộp,hộp,Neutral / Unspecified,unknown,114,29.97,1280,720,effa4bb4955edabd450ded98c585276b,VALID
2045,W01703.mp4,C:\Users\Admin\Python Advanced\Deep Learning - CV\Project\data\Dataset\Videos\W01703.mp4,0.569,hộp bút,hộp bút,Neutral / Unspecified,unknown,108,29.97,1280,720,a6dfa32991d292f89a9033919b9a4a05,VALID
2046,W01704.mp4,C:\Users\Admin\Python Advanced\Deep Learning - CV\Project\data\Dataset\Videos\W01704.mp4,0.708,hộp sữa,hộp sữa,Neutral / Unspecified,unknown,128,29.97,1280,720,1986a957c83ee03b32cb913800539c0d,VALID
2047,W01706.mp4,C:\Users\Admin\Python Advanced\Deep Learning - CV\Project\data\Dataset\Videos\W01706.mp4,0.949,hơi nước,hơi nước,Neutral / Unspecified,unknown,167,29.97,1280,720,0490e5368b116fc07fa4b7c82930a9dd,VALID
2048,W01707B.mp4,C:\Users\Admin\Python Advanced\Deep Learning - CV\Project\data\Dataset\Videos\W01707B.mp4,0.451,hợp đồng,hợp đồng,B (Miền Bắc / North),unknown,95,29.97,1280,720,34c46f293bcb34cb849d45c8194fd312,VALID
2049,W01707T.mp4,C:\Users\Admin\Python Advanced\Deep Learning - CV\Project\data\Dataset\Videos\W01707T.mp4,0.455,hợp đồng,hợp đồng,T (Miền Trung / Central),unknown,95,29.97,1280,720,9238c3272f0f28350548810eee11aa02,VALID
2050,W01709.mp4,C:\Users\Admin\Python Advanced\Deep Learning - CV\Project\data\Dataset\Videos\W01709.mp4,0.444,hợp tác,hợp tác,Neutral / Unspecified,unknown,98,29.97,1280,720,1c234503a5c3fa4ce157c52555e8081c,VALID
2051,W01710.mp4,C:\Users\Admin\Python Advanced\Deep Learning - CV\Project\data\Dataset\Videos\W01710.mp4,0.603,huân chương,huân chương,Neutral / Unspecified,unknown,126,29.97,1280,720,7948f509d2b08762b3e6694704e4cbea,VALID
2052,W01711.mp4,C:\Users\Admin\Python Advanced\Deep Learning - CV\Project\data\Dataset\Videos\W01711.mp4,0.589,hung ác,hung ác,Neutral / Unspecified,unknown,121,29.97,1280,720,01395e690e4e5103a53238610ef02e71,VALID
2053,W01714.mp4,C:\Users\Admin\Python Advanced\Deep Learning - CV\Project\data\Dataset\Videos\W01714.mp4,0.717,Hung-ga-ri (nước Hung-ga-ri),hung-ga-ri (nước hung-ga-ri),Neutral / Unspecified,unknown,139,29.97,1280,720,254e654f7fac587566f2d4916f89c24b,VALID
2054,W01715.mp4,C:\Users\Admin\Python Advanced\Deep Learning - CV\Project\data\Dataset\Videos\W01715.mp4,0.665,Hùng Vương,hùng vương,Neutral / Unspecified,unknown,116,29.97,1280,720,2e33d0c3ab7f156234325a65ffdd742d,VALID
2055,W01716.mp4,C:\Users\Admin\Python Advanced\Deep Learning - CV\Project\data\Dataset\Videos\W01716.mp4,0.456,hút nước,hút nước,Neutral / Unspecified,unknown,106,29.97,1280,720,2d0bfb41e688f4ca6a054e286ab0bd2b,VALID
2056,W01717.mp4,C:\Users\Admin\Python Advanced\Deep Learning - CV\Project\data\Dataset\Videos\W01717.mp4,0.542,hút thuốc lá,hút thuốc lá,Neutral / Unspecified,unknown,121,29.97,1280,720,d3ba30f942068d1e64764008ffc56553,VALID
2057,W01718.mp4,C:\Users\Admin\Python Advanced\Deep Learning - CV\Project\data\Dataset\Videos\W01718.mp4,0.695,huy hiệu,huy hiệu,Neutral / Unspecified,unknown,134,29.97,1280,720,e3d7c7995a7ac449b71b7f999d51a5ee,VALID
2058,W01719.mp4,C:\Users\Admin\Python Advanced\Deep Learning - CV\Project\data\Dataset\Videos\W01719.mp4,0.849,huỷ diệt,huỷ diệt,Neutral / Unspecified,unknown,98,23.98,1280,720,f3ed8e9e0d87eacce584fb04bbf599e9,VALID
2059,W01721B.mp4,C:\Users\Admin\Python Advanced\Deep Learning - CV\Project\data\Dataset\Videos\W01721B.mp4,0.6,huyện,huyện,B (Miền Bắc / North),unknown,107,29.97,1280,720,5ef86c1ed4de8ad6b556cc5e8a181df3,VALID
2060,W01721N.mp4,C:\Users\Admin\Python Advanced\Deep Learning - CV\Project\data\Dataset\Videos\W01721N.mp4,0.521,huyện,huyện,N (Miền Nam / South),unknown,132,29.97,1280,720,6dcc4051f12e50df3f6332a522d4ba73,VALID
2061,W01721T.mp4,C:\Users\Admin\Python Advanced\Deep Learning - CV\Project\data\Dataset\Videos\W01721T.mp4,0.516,huyện,huyện,T (Miền Trung / Central),unknown,111,29.97,1280,720,adb3b5673dc86c5152e0e9b2092a360f,VALID
2062,W01723.mp4,C:\Users\Admin\Python Advanced\Deep Learning - CV\Project\data\Dataset\Videos\W01723.mp4,0.45,Hưng Yên,hưng yên,Neutral / Unspecified,unknown,116,29.97,1280,720,848545a1f44a9a41acf8b5fb0cee0d9b,VALID
2063,W01724.mp4,C:\Users\Admin\Python Advanced\Deep Learning - CV\Project\data\Dataset\Videos\W01724.mp4,0.415,hướng dẫn,hướng dẫn,Neutral / Unspecified,unknown,111,29.97,1280,720,1f0c9ab0289d0b1973d24ec21fcce2a7,VALID
2064,W01725.mp4,C:\Users\Admin\Python Advanced\Deep Learning - CV\Project\data\Dataset\Videos\W01725.mp4,0.377,muối i-ốt,muối i-ốt,Neutral / Unspecified,unknown,62,23.98,1280,720,b6669e066f17ead853971b7cd4902dd4,VALID
2065,W01726.mp4,C:\Users\Admin\Python Advanced\Deep Learning - CV\Project\data\Dataset\Videos\W01726.mp4,0.456,I-rắc (nước I-rắc),i-rắc (nước i-rắc),Neutral / Unspecified,unknown,113,29.97,1280,720,02dd0dcb06b01d1471e2bc5198c30e11,VALID
2066,W01727.mp4,C:\Users\Admin\Python Advanced\Deep Learning - CV\Project\data\Dataset\Videos\W01727.mp4,0.347,ích lợi,ích lợi,Neutral / Unspecified,unknown,95,29.97,1280,720,dc7aff3b734e57b97466e26776e32b89,VALID
2067,W01728B.mp4,C:\Users\Admin\Python Advanced\Deep Learning - CV\Project\data\Dataset\Videos\W01728B.mp4,0.613,in (ấn),in (ấn),B (Miền Bắc / North),unknown,112,29.97,1280,720,311a9f89b1ed4137ee7f8aef7b42b60c,VALID
2068,W01730.mp4,C:\Users\Admin\Python Advanced\Deep Learning - CV\Project\data\Dataset\Videos\W01730.mp4,0.433,ít,ít,Neutral / Unspecified,unknown,106,29.97,1280,720,e5941234e979eb76a7fb7b4f01fc012b,VALID
2069,W01731.mp4,C:\Users\Admin\Python Advanced\Deep Learning - CV\Project\data\Dataset\Videos\W01731.mp4,0.589,ít hơn,ít hơn,Neutral / Unspecified,unknown,131,29.97,1280,720,90f05c878c44d470e51501ea4ce2f509,VALID
2070,W01732.mp4,C:\Users\Admin\Python Advanced\Deep Learning - CV\Project\data\Dataset\Videos\W01732.mp4,0.432,ít nhất,ít nhất,Neutral / Unspecified,unknown,110,29.97,1280,720,20fd30e5f21b54668864b81d451873a5,VALID
2071,W01733.mp4,C:\Users\Admin\Python Advanced\Deep Learning - CV\Project\data\Dataset\Videos\W01733.mp4,0.409,Italia (nước Italia),italia (nước italia),Neutral / Unspecified,unknown,102,29.97,1280,720,4f9b8fc341de71e615c510ddf275bc0d,VALID
2072,W01734.mp4,C:\Users\Admin\Python Advanced\Deep Learning - CV\Project\data\Dataset\Videos\W01734.mp4,0.482,kẻ cắp,kẻ cắp,Neutral / Unspecified,unknown,106,29.97,1280,720,6566d9c86635c25d2a4402e0c8f32ce2,VALID
2073,W01735.mp4,C:\Users\Admin\Python Advanced\Deep Learning - CV\Project\data\Dataset\Videos\W01735.mp4,0.489,kèn,kèn,Neutral / Unspecified,unknown,119,29.97,1280,720,06e1faf97496bce5aacae37319458062,VALID
2074,W01737.mp4,C:\Users\Admin\Python Advanced\Deep Learning - CV\Project\data\Dataset\Videos\W01737.mp4,0.727,kẻ thù,kẻ thù,Neutral / Unspecified,unknown,134,29.97,1280,720,a2d966e883d2b5bd5cc916c8f1eb3374,VALID
2075,W01738N.mp4,C:\Users\Admin\Python Advanced\Deep Learning - CV\Project\data\Dataset\Videos\W01738N.mp4,0.658,kém,kém,N (Miền Nam / South),unknown,130,29.97,1280,720,c7e2fe39b1fe5ebab6671c5579ea9fd7,VALID
2076,W01738T.mp4,C:\Users\Admin\Python Advanced\Deep Learning - CV\Project\data\Dataset\Videos\W01738T.mp4,0.342,kém,kém,T (Miền Trung / Central),unknown,65,29.97,1280,720,db0804fc13d1003e2a65811a81e8af48,VALID
2077,W01739.mp4,C:\Users\Admin\Python Advanced\Deep Learning - CV\Project\data\Dataset\Videos\W01739.mp4,0.519,keo kiệt,keo kiệt,Neutral / Unspecified,unknown,101,29.97,1280,720,119c9382c8558c1cb3bcad5f089bb4b7,VALID
2078,W01743B.mp4,C:\Users\Admin\Python Advanced\Deep Learning - CV\Project\data\Dataset\Videos\W01743B.mp4,0.544,kẹo,kẹo,B (Miền Bắc / North),unknown,102,29.97,1280,720,4732a769e2027c4e4f26fe7526d10099,VALID
2079,W01743N.mp4,C:\Users\Admin\Python Advanced\Deep Learning - CV\Project\data\Dataset\Videos\W01743N.mp4,0.359,kẹo,kẹo,N (Miền Nam / South),unknown,61,23.98,1280,720,074e7fcee4f5e22d03209930c04b5467,VALID
2080,W01743T.mp4,C:\Users\Admin\Python Advanced\Deep Learning - CV\Project\data\Dataset\Videos\W01743T.mp4,0.36,kẹo,kẹo,T (Miền Trung / Central),unknown,61,23.98,1280,720,521b05c6645fd11fe593bb09fd0d285f,VALID
2081,W01744.mp4,C:\Users\Admin\Python Advanced\Deep Learning - CV\Project\data\Dataset\Videos\W01744.mp4,0.455,kẹp,kẹp,Neutral / Unspecified,unknown,97,29.97,1280,720,0cf5c157041562039b05a44e7ecfc83a,VALID
2082,W01746.mp4,C:\Users\Admin\Python Advanced\Deep Learning - CV\Project\data\Dataset\Videos\W01746.mp4,0.621,kể chuyện,kể chuyện,Neutral / Unspecified,unknown,107,29.97,1280,720,a1629a56fe72d31be546e8798af9fce4,VALID
2083,W01751.mp4,C:\Users\Admin\Python Advanced\Deep Learning - CV\Project\data\Dataset\Videos\W01751.mp4,0.362,kết hợp,kết hợp,Neutral / Unspecified,unknown,97,29.97,1280,720,29c6f9d2eadbe9ed0b98bc8db2f4833d,VALID
2084,W01754B.mp4,C:\Users\Admin\Python Advanced\Deep Learning - CV\Project\data\Dataset\Videos\W01754B.mp4,0.398,kết quả,kết quả,B (Miền Bắc / North),unknown,78,29.97,1280,720,5a0bef6b0ef1a1c31ecaafa3fa708927,VALID
2085,W01754N.mp4,C:\Users\Admin\Python Advanced\Deep Learning - CV\Project\data\Dataset\Videos\W01754N.mp4,0.652,kết quả,kết quả,N (Miền Nam / South),unknown,142,29.97,1280,720,791adf133dfe3d54080e5c60eaed0a04,VALID
2086,W01754T.mp4,C:\Users\Admin\Python Advanced\Deep Learning - CV\Project\data\Dataset\Videos\W01754T.mp4,0.656,kết quả,kết quả,T (Miền Trung / Central),unknown,142,29.97,1280,720,30913e2cfcaa4de69b34241598da8519,VALID
2087,W01755.mp4,C:\Users\Admin\Python Advanced\Deep Learning - CV\Project\data\Dataset\Videos\W01755.mp4,0.357,kêu,kêu,Neutral / Unspecified,unknown,94,29.97,1280,720,317e16b064b7da784095151bbecc5205,VALID
2088,W01756.mp4,C:\Users\Admin\Python Advanced\Deep Learning - CV\Project\data\Dataset\Videos\W01756.mp4,1.227,kêu gọi,kêu gọi,Neutral / Unspecified,unknown,202,29.97,1280,720,f37739b628c56df68b6e50b6783e4dd5,VALID
2089,W01757.mp4,C:\Users\Admin\Python Advanced\Deep Learning - CV\Project\data\Dataset\Videos\W01757.mp4,0.531,khác,khác,Neutral / Unspecified,unknown,109,29.97,1280,720,fe3eb603c2f8946e6430cbfa628924ab,VALID
2090,W01758.mp4,C:\Users\Admin\Python Advanced\Deep Learning - CV\Project\data\Dataset\Videos\W01758.mp4,0.355,khách,khách,Neutral / Unspecified,unknown,88,29.97,1280,720,23e3bfe512df89547713dcf6d0344928,VALID
2091,W01759.mp4,C:\Users\Admin\Python Advanced\Deep Learning - CV\Project\data\Dataset\Videos\W01759.mp4,0.566,khách mời,khách mời,Neutral / Unspecified,unknown,112,29.97,1280,720,a33ab58ec14898a7433102aaff12df27,VALID
2092,W01760.mp4,C:\Users\Admin\Python Advanced\Deep Learning - CV\Project\data\Dataset\Videos\W01760.mp4,0.655,khách sạn,khách sạn,Neutral / Unspecified,unknown,119,29.97,1280,720,55ca6d5aaef5680f45e68ca15c26679e,VALID
2093,W01761.mp4,C:\Users\Admin\Python Advanced\Deep Learning - CV\Project\data\Dataset\Videos\W01761.mp4,0.434,khách vip,khách vip,Neutral / Unspecified,unknown,109,29.97,1280,720,d10d5b6f945431eec9953e245f329e7e,VALID
2094,W01764.mp4,C:\Users\Admin\Python Advanced\Deep Learning - CV\Project\data\Dataset\Videos\W01764.mp4,0.728,hoang mang,hoang mang,Neutral / Unspecified,unknown,80,23.98,1280,720,249f6e4ba39148b1e25a022c30ade3f1,VALID
2095,W01767.mp4,C:\Users\Admin\Python Advanced\Deep Learning - CV\Project\data\Dataset\Videos\W01767.mp4,0.341,khám bệnh,khám bệnh,Neutral / Unspecified,unknown,94,29.97,1280,720,b8f8866a891639ba1be254d95ff15f29,VALID
2096,W01768.mp4,C:\Users\Admin\Python Advanced\Deep Learning - CV\Project\data\Dataset\Videos\W01768.mp4,0.428,khám phá,khám phá,Neutral / Unspecified,unknown,102,29.97,1280,720,669efb5be7b01ac6d46dad968cd9b705,VALID
2097,W01770.mp4,C:\Users\Admin\Python Advanced\Deep Learning - CV\Project\data\Dataset\Videos\W01770.mp4,0.825,kháng cự,kháng cự,Neutral / Unspecified,unknown,89,23.98,1280,720,ebae2051bb51802294094a71fe8ce171,VALID
2098,W01772.mp4,C:\Users\Admin\Python Advanced\Deep Learning - CV\Project\data\Dataset\Videos\W01772.mp4,0.504,Khánh Hòa,khánh hòa,Neutral / Unspecified,unknown,118,29.97,1280,720,f9d89855248d655e2c14d2dfe9cb0c3f,VALID
2099,W01777.mp4,C:\Users\Admin\Python Advanced\Deep Learning - CV\Project\data\Dataset\Videos\W01777.mp4,0.53,khăn mặt,khăn mặt,Neutral / Unspecified,unknown,110,29.97,1280,720,eb01ba9b2f68a5c1cdcb3372520ee0df,VALID
2100,W01779.mp4,C:\Users\Admin\Python Advanced\Deep Learning - CV\Project\data\Dataset\Videos\W01779.mp4,0.457,khăn quàng,khăn quàng,Neutral / Unspecified,unknown,98,29.97,1280,720,9035211d2b1cae95d9cdff993148bd1c,VALID
2101,W01783.mp4,C:\Users\Admin\Python Advanced\Deep Learning - CV\Project\data\Dataset\Videos\W01783.mp4,0.717,khâm phục,khâm phục,Neutral / Unspecified,unknown,121,29.97,1280,720,912be167ecc87769ad4c5bdcd6d79863,VALID
2102,W01784.mp4,C:\Users\Admin\Python Advanced\Deep Learning - CV\Project\data\Dataset\Videos\W01784.mp4,0.501,khâu vá,khâu vá,Neutral / Unspecified,unknown,119,29.97,1280,720,7b53af87c5aa949b3735a88b7dcd76a6,VALID
2103,W01785.mp4,C:\Users\Admin\Python Advanced\Deep Learning - CV\Project\data\Dataset\Videos\W01785.mp4,0.553,khẩu hiệu,khẩu hiệu,Neutral / Unspecified,unknown,99,29.97,1280,720,87ce7d7f5ed915bff0398cad006799ed,VALID
2104,W01786.mp4,C:\Users\Admin\Python Advanced\Deep Learning - CV\Project\data\Dataset\Videos\W01786.mp4,0.503,khẩu trang,khẩu trang,Neutral / Unspecified,unknown,115,29.97,1280,720,8e371f527dbf323afb37d08fe810ad8a,VALID
2105,W01787.mp4,C:\Users\Admin\Python Advanced\Deep Learning - CV\Project\data\Dataset\Videos\W01787.mp4,0.611,khe cửa,khe cửa,Neutral / Unspecified,unknown,110,29.97,1280,720,d9d35704edd225e3d2db41d6380c8dfb,VALID
2106,W01788.mp4,C:\Users\Admin\Python Advanced\Deep Learning - CV\Project\data\Dataset\Videos\W01788.mp4,0.66,khe núi,khe núi,Neutral / Unspecified,unknown,123,29.97,1280,720,81f18a2b4ce5f7f26dedceeaf2ba62a3,VALID
2107,W01789.mp4,C:\Users\Admin\Python Advanced\Deep Learning - CV\Project\data\Dataset\Videos\W01789.mp4,0.436,khen,khen,Neutral / Unspecified,unknown,108,29.97,1280,720,475b6444920dcaa917ec3eb9cef1b424,VALID
2108,W01791.mp4,C:\Users\Admin\Python Advanced\Deep Learning - CV\Project\data\Dataset\Videos\W01791.mp4,0.594,khen tặng,khen tặng,Neutral / Unspecified,unknown,100,29.97,1280,720,b98c620568b9d23b62f2fce066713dac,VALID
2109,W01792.mp4,C:\Users\Admin\Python Advanced\Deep Learning - CV\Project\data\Dataset\Videos\W01792.mp4,0.488,khéo,khéo,Neutral / Unspecified,unknown,96,29.97,1280,720,4b6c0d64ac00fe428fa94b3ff2c30749,VALID
2110,W01794.mp4,C:\Users\Admin\Python Advanced\Deep Learning - CV\Project\data\Dataset\Videos\W01794.mp4,0.677,khí cầu,khí cầu,Neutral / Unspecified,unknown,132,29.97,1280,720,4c2ca9a5a73b2b977d1f2a6de1d80d47,VALID
2111,W01796.mp4,C:\Users\Admin\Python Advanced\Deep Learning - CV\Project\data\Dataset\Videos\W01796.mp4,0.533,khiêm tốn,khiêm tốn,Neutral / Unspecified,unknown,129,29.97,1280,720,73f7317a3cd19a0451529b0153b613bc,VALID
2112,W01800.mp4,C:\Users\Admin\Python Advanced\Deep Learning - CV\Project\data\Dataset\Videos\W01800.mp4,0.552,khiêng,khiêng,Neutral / Unspecified,unknown,133,29.97,1280,720,b42f5bd726e61230dbdacf1259f7aba2,VALID
2113,W01803B.mp4,C:\Users\Admin\Python Advanced\Deep Learning - CV\Project\data\Dataset\Videos\W01803B.mp4,0.62,khó khăn,khó khăn,B (Miền Bắc / North),unknown,116,29.97,1280,720,5a32ae8b112b08302e888fc7c298d127,VALID
2114,W01803N.mp4,C:\Users\Admin\Python Advanced\Deep Learning - CV\Project\data\Dataset\Videos\W01803N.mp4,0.583,khó khăn,khó khăn,N (Miền Nam / South),unknown,116,29.97,1280,720,6039bd63e8d89ed9f5456aa966f22cfb,VALID
2115,W01806.mp4,C:\Users\Admin\Python Advanced\Deep Learning - CV\Project\data\Dataset\Videos\W01806.mp4,0.532,khóa quần,khóa quần,Neutral / Unspecified,unknown,114,29.97,1280,720,e1fc5268aaf29528d64c7369a3f1b138,VALID
2116,W01807.mp4,C:\Users\Admin\Python Advanced\Deep Learning - CV\Project\data\Dataset\Videos\W01807.mp4,0.516,khoác vai,khoác vai,Neutral / Unspecified,unknown,101,29.97,1280,720,a35ffac16c360e0f895327bc66ebfd95,VALID
2117,W01808.mp4,C:\Users\Admin\Python Advanced\Deep Learning - CV\Project\data\Dataset\Videos\W01808.mp4,0.393,khoan (cái khoan),khoan (cái khoan),Neutral / Unspecified,unknown,102,29.97,1280,720,c2956c42f3ea67d45452e64dc40c9076,VALID
2118,W01809.mp4,C:\Users\Admin\Python Advanced\Deep Learning - CV\Project\data\Dataset\Videos\W01809.mp4,0.485,khoảng cách,khoảng cách,Neutral / Unspecified,unknown,108,29.97,1280,720,8ba938c5bd3def09707a7b8fd513cb31,VALID
2119,W01810.mp4,C:\Users\Admin\Python Advanced\Deep Learning - CV\Project\data\Dataset\Videos\W01810.mp4,0.546,khoá (cái khóa),khoá (cái khóa),Neutral / Unspecified,unknown,133,29.97,1280,720,bf0c0035c83a75cc630470b6a4873f79,VALID
2120,W01811.mp4,C:\Users\Admin\Python Advanced\Deep Learning - CV\Project\data\Dataset\Videos\W01811.mp4,1.132,khóa cửa,khóa cửa,Neutral / Unspecified,unknown,205,29.97,1280,720,b0a32ff758008c62b57c16f4b67fe348,VALID
2121,W01813.mp4,C:\Users\Admin\Python Advanced\Deep Learning - CV\Project\data\Dataset\Videos\W01813.mp4,0.599,khoác áo,khoác áo,Neutral / Unspecified,unknown,136,29.97,1280,720,dc0fbe6e4edbe29253603acbc51a4681,VALID
2122,W01814.mp4,C:\Users\Admin\Python Advanced\Deep Learning - CV\Project\data\Dataset\Videos\W01814.mp4,0.698,khoác tay,khoác tay,Neutral / Unspecified,unknown,135,29.97,1280,720,7d06081315a7534f1bcba7ddf2dc1e36,VALID
2123,W01815.mp4,C:\Users\Admin\Python Advanced\Deep Learning - CV\Project\data\Dataset\Videos\W01815.mp4,0.435,khoan,khoan,Neutral / Unspecified,unknown,102,29.97,1280,720,0a1f9aefe56e234dcaab10e1b817d8b4,VALID
2124,W01816.mp4,C:\Users\Admin\Python Advanced\Deep Learning - CV\Project\data\Dataset\Videos\W01816.mp4,1.396,khoang tàu,khoang tàu,Neutral / Unspecified,unknown,258,29.97,1280,720,258f664cf9e4e09379a51882a7e7b116,VALID
2125,W01820.mp4,C:\Users\Admin\Python Advanced\Deep Learning - CV\Project\data\Dataset\Videos\W01820.mp4,0.573,khoanh tay,khoanh tay,Neutral / Unspecified,unknown,130,29.97,1280,720,c6d9a5cb0fabab2e2086ac87209cc440,VALID
2126,W01821.mp4,C:\Users\Admin\Python Advanced\Deep Learning - CV\Project\data\Dataset\Videos\W01821.mp4,0.764,khóc,khóc,Neutral / Unspecified,unknown,136,29.97,1280,720,3820bc64d34c4c3dabc9714dabc214cc,VALID
2127,W01822.mp4,C:\Users\Admin\Python Advanced\Deep Learning - CV\Project\data\Dataset\Videos\W01822.mp4,0.43,khoe,khoe,Neutral / Unspecified,unknown,101,29.97,1280,720,c6a2511ea1ab4ea8cf2445ca521a188a,VALID
2128,W01823.mp4,C:\Users\Admin\Python Advanced\Deep Learning - CV\Project\data\Dataset\Videos\W01823.mp4,0.726,khoẻ mạnh,khoẻ mạnh,Neutral / Unspecified,unknown,131,29.97,1280,720,446aadb5db19a9de347fd96c657cd88e,VALID
2129,W01824B.mp4,C:\Users\Admin\Python Advanced\Deep Learning - CV\Project\data\Dataset\Videos\W01824B.mp4,0.45,khỏi bệnh,khỏi bệnh,B (Miền Bắc / North),unknown,82,29.97,1280,720,a47545fc92ff20d4aa090c77bb5a6590,VALID
2130,W01824N.mp4,C:\Users\Admin\Python Advanced\Deep Learning - CV\Project\data\Dataset\Videos\W01824N.mp4,0.69,khỏi bệnh,khỏi bệnh,N (Miền Nam / South),unknown,141,29.97,1280,720,a34f873db8e12154967665c024e76e8d,VALID
2131,W01824T.mp4,C:\Users\Admin\Python Advanced\Deep Learning - CV\Project\data\Dataset\Videos\W01824T.mp4,1.138,khỏi bệnh,khỏi bệnh,T (Miền Trung / Central),unknown,223,29.97,1280,720,95a53c07b4f5e3f3e045d94694e57667,VALID
2132,W01825.mp4,C:\Users\Admin\Python Advanced\Deep Learning - CV\Project\data\Dataset\Videos\W01825.mp4,0.648,khói,khói,Neutral / Unspecified,unknown,130,29.97,1280,720,cb8b3b91e2d04411ed6e9e3b9f950053,VALID
2133,W01826.mp4,C:\Users\Admin\Python Advanced\Deep Learning - CV\Project\data\Dataset\Videos\W01826.mp4,0.895,khóm dứa,khóm dứa,Neutral / Unspecified,unknown,165,29.97,1280,720,c387015591a261ac13d28a82e7c274af,VALID
2134,W01827.mp4,C:\Users\Admin\Python Advanced\Deep Learning - CV\Project\data\Dataset\Videos\W01827.mp4,1.74,bụi tre,bụi tre,Neutral / Unspecified,unknown,264,29.97,1280,720,cfa45990294f53a9e7987e643b17b168,VALID
2135,W01828.mp4,C:\Users\Admin\Python Advanced\Deep Learning - CV\Project\data\Dataset\Videos\W01828.mp4,0.641,khô héo,khô héo,Neutral / Unspecified,unknown,132,29.97,1280,720,ef734512d753a8f39c437c068b37550c,VALID
2136,W01831.mp4,C:\Users\Admin\Python Advanced\Deep Learning - CV\Project\data\Dataset\Videos\W01831.mp4,0.745,cầu Long Biên,cầu long biên,Neutral / Unspecified,unknown,91,23.98,1280,720,39f57a1403339f55d28add1bd6fc42dd,VALID
2137,W01832.mp4,C:\Users\Admin\Python Advanced\Deep Learning - CV\Project\data\Dataset\Videos\W01832.mp4,0.812,khối lượng,khối lượng,Neutral / Unspecified,unknown,108,23.98,1280,720,aea33c3f35c448dfaeed0659991a00d0,VALID
2138,W01833.mp4,C:\Users\Admin\Python Advanced\Deep Learning - CV\Project\data\Dataset\Videos\W01833.mp4,0.894,không gian,không gian,Neutral / Unspecified,unknown,162,29.97,1280,720,87439ee2c3a2fa11120ae540e3f12236,VALID
2139,W01834.mp4,C:\Users\Admin\Python Advanced\Deep Learning - CV\Project\data\Dataset\Videos\W01834.mp4,1.688,không thẳng hàng,không thẳng hàng,Neutral / Unspecified,unknown,277,29.97,1280,720,3a91d32a65e843bb249d086717c8781b,VALID
2140,W01835.mp4,C:\Users\Admin\Python Advanced\Deep Learning - CV\Project\data\Dataset\Videos\W01835.mp4,0.616,khổng lồ,khổng lồ,Neutral / Unspecified,unknown,110,29.97,1280,720,d31f96d3ba29bc50f62ccd8ef516eddc,VALID
2141,W01836.mp4,C:\Users\Admin\Python Advanced\Deep Learning - CV\Project\data\Dataset\Videos\W01836.mp4,1.227,khố,khố,Neutral / Unspecified,unknown,224,29.97,1280,720,f7eee6eb8369e911c66f0e23c5cb5ce1,VALID
2142,W01840N.mp4,C:\Users\Admin\Python Advanced\Deep Learning - CV\Project\data\Dataset\Videos\W01840N.mp4,0.606,không hiểu,không hiểu,N (Miền Nam / South),unknown,136,29.97,1280,720,c2b264c92e225cd435a725b6e66bc62d,VALID
2143,W01841.mp4,C:\Users\Admin\Python Advanced\Deep Learning - CV\Project\data\Dataset\Videos\W01841.mp4,0.548,không khí,không khí,Neutral / Unspecified,unknown,114,29.97,1280,720,cbcdc4ec16c3244877473a582dd92c4f,VALID
2144,W01842N.mp4,C:\Users\Admin\Python Advanced\Deep Learning - CV\Project\data\Dataset\Videos\W01842N.mp4,0.805,khổ,khổ,N (Miền Nam / South),unknown,162,29.97,1280,720,0095d7726f7b62c9842573d1bebdc363,VALID
2145,W01847.mp4,C:\Users\Admin\Python Advanced\Deep Learning - CV\Project\data\Dataset\Videos\W01847.mp4,0.449,khớp xương,khớp xương,Neutral / Unspecified,unknown,109,29.97,1280,720,e5174202d7028f5bd5959075ba8543d6,VALID
2146,W01851.mp4,C:\Users\Admin\Python Advanced\Deep Learning - CV\Project\data\Dataset\Videos\W01851.mp4,0.606,khu vườn,khu vườn,Neutral / Unspecified,unknown,108,29.97,1280,720,0ea5bfa6dedcdf789529e451bad8bba0,VALID
2147,W01852.mp4,C:\Users\Admin\Python Advanced\Deep Learning - CV\Project\data\Dataset\Videos\W01852.mp4,0.639,vực sâu,vực sâu,Neutral / Unspecified,unknown,79,23.98,1280,720,db30471c932d94e624ec8ca956d92fb7,VALID
2148,W01854.mp4,C:\Users\Admin\Python Advanced\Deep Learning - CV\Project\data\Dataset\Videos\W01854.mp4,0.677,khúc khuỷu,khúc khuỷu,Neutral / Unspecified,unknown,143,29.97,1280,720,5e1095f3e8a839c275b1914217a833ce,VALID
2149,W01856.mp4,C:\Users\Admin\Python Advanced\Deep Learning - CV\Project\data\Dataset\Videos\W01856.mp4,0.581,khung cửa số,khung cửa số,Neutral / Unspecified,unknown,129,29.97,1280,720,3867ca1e3ef7b962434c9260f74124c1,VALID
2150,W01858.mp4,C:\Users\Admin\Python Advanced\Deep Learning - CV\Project\data\Dataset\Videos\W01858.mp4,0.533,khuôn hình,khuôn hình,Neutral / Unspecified,unknown,110,29.97,1280,720,58ebcf7bcb700c0b14259b4f0b38a7b8,VALID
2151,W01859.mp4,C:\Users\Admin\Python Advanced\Deep Learning - CV\Project\data\Dataset\Videos\W01859.mp4,0.485,khuy,khuy,Neutral / Unspecified,unknown,120,29.97,1280,720,0a14d810f58d5d6dc0331626b7c6b148,VALID
2152,W01860.mp4,C:\Users\Admin\Python Advanced\Deep Learning - CV\Project\data\Dataset\Videos\W01860.mp4,0.367,khuyên tai,khuyên tai,Neutral / Unspecified,unknown,102,29.97,1280,720,7504a1fcf63ab670073e332ae1094dbe,VALID
2153,W01861.mp4,C:\Users\Admin\Python Advanced\Deep Learning - CV\Project\data\Dataset\Videos\W01861.mp4,0.491,kì diệu,kì diệu,Neutral / Unspecified,unknown,113,29.97,1280,720,f7bc6e3a91bdd20a90138247b2c4dc6c,VALID
2154,W01863.mp4,C:\Users\Admin\Python Advanced\Deep Learning - CV\Project\data\Dataset\Videos\W01863.mp4,0.593,kí duyệt,kí duyệt,Neutral / Unspecified,unknown,105,29.97,1280,720,b2efcc3dea13a68a56fd44cebecdcc17,VALID
2155,W01864.mp4,C:\Users\Admin\Python Advanced\Deep Learning - CV\Project\data\Dataset\Videos\W01864.mp4,0.546,ki-lô-gam,ki-lô-gam,Neutral / Unspecified,unknown,113,29.97,1280,720,d4420a33f2e6103fd92b27b8731c329a,VALID
2156,W01865.mp4,C:\Users\Admin\Python Advanced\Deep Learning - CV\Project\data\Dataset\Videos\W01865.mp4,0.398,ki-lô-mét vuông (km2),ki-lô-mét vuông (km2),Neutral / Unspecified,unknown,99,29.97,1280,720,0a02019ab452ededb0e48ba9ae6a76c1,VALID
2157,W01866B.mp4,C:\Users\Admin\Python Advanced\Deep Learning - CV\Project\data\Dataset\Videos\W01866B.mp4,0.521,kỉ niệm,kỉ niệm,B (Miền Bắc / North),unknown,92,29.97,1280,720,18db484d41dc6eebdd820bb961da6958,VALID
2158,W01866N.mp4,C:\Users\Admin\Python Advanced\Deep Learning - CV\Project\data\Dataset\Videos\W01866N.mp4,0.608,kỉ niệm,kỉ niệm,N (Miền Nam / South),unknown,127,29.97,1280,720,f4d718fc664fc38f6b016365a0f724b3,VALID
2159,W01866T.mp4,C:\Users\Admin\Python Advanced\Deep Learning - CV\Project\data\Dataset\Videos\W01866T.mp4,0.611,kỉ niệm,kỉ niệm,T (Miền Trung / Central),unknown,127,29.97,1280,720,0c2b6c0ec13c15064378256b51575c84,VALID
2160,W01867.mp4,C:\Users\Admin\Python Advanced\Deep Learning - CV\Project\data\Dataset\Videos\W01867.mp4,0.681,kí hiệu,kí hiệu,Neutral / Unspecified,unknown,134,29.97,1280,720,ff2c9355b399fd94a68159f036cef222,VALID
2161,W01871.mp4,C:\Users\Admin\Python Advanced\Deep Learning - CV\Project\data\Dataset\Videos\W01871.mp4,0.582,kỉ luật,kỉ luật,Neutral / Unspecified,unknown,116,29.97,1280,720,9303e919a29432ef2ddf3251414b4048,VALID
2162,W01872B.mp4,C:\Users\Admin\Python Advanced\Deep Learning - CV\Project\data\Dataset\Videos\W01872B.mp4,0.611,kí tên,kí tên,B (Miền Bắc / North),unknown,110,29.97,1280,720,3a35730c7fa585bc4cf30df4872ddd59,VALID
2163,W01872N.mp4,C:\Users\Admin\Python Advanced\Deep Learning - CV\Project\data\Dataset\Videos\W01872N.mp4,0.587,kí tên,kí tên,N (Miền Nam / South),unknown,105,29.97,1280,720,2e064a7184a65ee90bb0cf4078f28cfb,VALID
2164,W01872T.mp4,C:\Users\Admin\Python Advanced\Deep Learning - CV\Project\data\Dataset\Videos\W01872T.mp4,0.587,kí tên,kí tên,T (Miền Trung / Central),unknown,105,29.97,1280,720,f09c31c13c99efb6d173bcd95a9eb7a1,VALID
2165,W01876.mp4,C:\Users\Admin\Python Advanced\Deep Learning - CV\Project\data\Dataset\Videos\W01876.mp4,0.744,kịch bản,kịch bản,Neutral / Unspecified,unknown,128,29.97,1280,720,ec7d5b5cbbea68a5c7c2afa16ee79add,VALID
2166,W01878N.mp4,C:\Users\Admin\Python Advanced\Deep Learning - CV\Project\data\Dataset\Videos\W01878N.mp4,0.48,kiểm tra,kiểm tra,N (Miền Nam / South),unknown,96,29.97,1280,720,a9e8f776d3dbda969deb1a0d3c0386ae,VALID
2167,W01878T.mp4,C:\Users\Admin\Python Advanced\Deep Learning - CV\Project\data\Dataset\Videos\W01878T.mp4,0.479,kiểm tra,kiểm tra,T (Miền Trung / Central),unknown,96,29.97,1280,720,c487e510c9d1ab6f9b9f219693439308,VALID
2168,W01879.mp4,C:\Users\Admin\Python Advanced\Deep Learning - CV\Project\data\Dataset\Videos\W01879.mp4,0.61,kiếm (cái kiếm),kiếm (cái kiếm),Neutral / Unspecified,unknown,117,29.97,1280,720,1cbb7ec2eb409bc65460fae8bfa757b7,VALID
2169,W01881.mp4,C:\Users\Admin\Python Advanced\Deep Learning - CV\Project\data\Dataset\Videos\W01881.mp4,0.704,Kiên Giang,kiên giang,Neutral / Unspecified,unknown,129,29.97,1280,720,53cec092943c9c0acc5376fa2129efc0,VALID
2170,W01883.mp4,C:\Users\Admin\Python Advanced\Deep Learning - CV\Project\data\Dataset\Videos\W01883.mp4,0.495,kiên trì (giống: kiên nhẫn),kiên trì (giống: kiên nhẫn),Neutral / Unspecified,unknown,102,29.97,1280,720,37332ae5bc9cf8b864008a77b24c16e1,VALID
2171,W01886.mp4,C:\Users\Admin\Python Advanced\Deep Learning - CV\Project\data\Dataset\Videos\W01886.mp4,0.539,kiến trúc,kiến trúc,Neutral / Unspecified,unknown,111,29.97,1280,720,61d0cd86880780fb5ad34e942ad3e992,VALID
2172,W01887.mp4,C:\Users\Admin\Python Advanced\Deep Learning - CV\Project\data\Dataset\Videos\W01887.mp4,0.593,kiến trúc sư,kiến trúc sư,Neutral / Unspecified,unknown,114,29.97,1280,720,748be7700687d42995043738fc8e0f7d,VALID
2173,W01888.mp4,C:\Users\Admin\Python Advanced\Deep Learning - CV\Project\data\Dataset\Videos\W01888.mp4,0.507,"kiêu (kiêu căng, kiêu xa)","kiêu (kiêu căng, kiêu xa)",Neutral / Unspecified,unknown,112,29.97,1280,720,cd6798ae5b58f96a5a84d356c77d2205,VALID
2174,W01890.mp4,C:\Users\Admin\Python Advanced\Deep Learning - CV\Project\data\Dataset\Videos\W01890.mp4,0.489,kim,kim,Neutral / Unspecified,unknown,126,29.97,1280,720,8fe01909fe9e9c009dee024e22a92cec,VALID
2175,W01897.mp4,C:\Users\Admin\Python Advanced\Deep Learning - CV\Project\data\Dataset\Videos\W01897.mp4,0.578,kinh ngạc,kinh ngạc,Neutral / Unspecified,unknown,116,29.97,1280,720,adb40c545981c60028f3eaa587f09801,VALID
2176,W01898B.mp4,C:\Users\Admin\Python Advanced\Deep Learning - CV\Project\data\Dataset\Videos\W01898B.mp4,0.606,kinh nghiệm,kinh nghiệm,B (Miền Bắc / North),unknown,98,29.97,1280,720,923f05f794eae5446b832dac46522b60,VALID
2177,W01898N.mp4,C:\Users\Admin\Python Advanced\Deep Learning - CV\Project\data\Dataset\Videos\W01898N.mp4,0.342,kinh nghiệm,kinh nghiệm,N (Miền Nam / South),unknown,76,29.97,1280,720,2cd00db1b463f52b0e916372dcc14b9e,VALID
2178,W01898T.mp4,C:\Users\Admin\Python Advanced\Deep Learning - CV\Project\data\Dataset\Videos\W01898T.mp4,0.341,kinh nghiệm,kinh nghiệm,T (Miền Trung / Central),unknown,76,29.97,1280,720,0a26a40dfa8d8c3f58a70f066965b3f1,VALID
2179,W01900.mp4,C:\Users\Admin\Python Advanced\Deep Learning - CV\Project\data\Dataset\Videos\W01900.mp4,0.571,kính,kính,Neutral / Unspecified,unknown,113,29.97,1280,720,9bc903ab6838a12f5e3b3595be6c4ad2,VALID
2180,W01902.mp4,C:\Users\Admin\Python Advanced\Deep Learning - CV\Project\data\Dataset\Videos\W01902.mp4,0.74,kính hiển vi,kính hiển vi,Neutral / Unspecified,unknown,140,29.97,1280,720,a4a295262c53541e1a24ea58566962bb,VALID
2181,W01903.mp4,C:\Users\Admin\Python Advanced\Deep Learning - CV\Project\data\Dataset\Videos\W01903.mp4,0.593,kính lão,kính lão,Neutral / Unspecified,unknown,118,29.97,1280,720,5fd9485fcf47d1e6a10f441a0455ebb4,VALID
2182,W01904.mp4,C:\Users\Admin\Python Advanced\Deep Learning - CV\Project\data\Dataset\Videos\W01904.mp4,0.902,kính lúp,kính lúp,Neutral / Unspecified,unknown,147,29.97,1280,720,9aeaa74d3ebb686071be981a8e836bd6,VALID
2183,W01906.mp4,C:\Users\Admin\Python Advanced\Deep Learning - CV\Project\data\Dataset\Videos\W01906.mp4,0.82,kính trọng,kính trọng,Neutral / Unspecified,unknown,142,29.97,1280,720,635c581586526e69d83a700e818e8d77,VALID
2184,W01908.mp4,C:\Users\Admin\Python Advanced\Deep Learning - CV\Project\data\Dataset\Videos\W01908.mp4,0.542,Kon Tum,kon tum,Neutral / Unspecified,unknown,103,29.97,1280,720,50269f8a1794a15d993c751ed13c8d00,VALID
2185,W01909.mp4,C:\Users\Admin\Python Advanced\Deep Learning - CV\Project\data\Dataset\Videos\W01909.mp4,0.664,la bàn,la bàn,Neutral / Unspecified,unknown,125,29.97,1280,720,c277e0100636f4844d4572a8297e6981,VALID
2186,W01910.mp4,C:\Users\Admin\Python Advanced\Deep Learning - CV\Project\data\Dataset\Videos\W01910.mp4,0.835,la hét,la hét,Neutral / Unspecified,unknown,130,29.97,1280,720,74563ace8fa030b8fea506841ede345c,VALID
2187,W01911B.mp4,C:\Users\Admin\Python Advanced\Deep Learning - CV\Project\data\Dataset\Videos\W01911B.mp4,0.573,là gì?,là gì?,B (Miền Bắc / North),unknown,97,29.97,1280,720,9c64b6459156337d3f2d25665e2bc5a4,VALID
2188,W01911N.mp4,C:\Users\Admin\Python Advanced\Deep Learning - CV\Project\data\Dataset\Videos\W01911N.mp4,0.496,là gì?,là gì?,N (Miền Nam / South),unknown,92,29.97,1280,720,49a9b7f7c344926d47c8b72c9ecac7f0,VALID
2189,W01911T.mp4,C:\Users\Admin\Python Advanced\Deep Learning - CV\Project\data\Dataset\Videos\W01911T.mp4,0.514,là gì?,là gì?,T (Miền Trung / Central),unknown,92,29.97,1280,720,be5bdc14ae8b89a0576c2a17af669bb0,VALID
2190,W01912B.mp4,C:\Users\Admin\Python Advanced\Deep Learning - CV\Project\data\Dataset\Videos\W01912B.mp4,0.457,lá cây,lá cây,B (Miền Bắc / North),unknown,92,29.97,1280,720,df830a4ac919f2a889c5db02c602e30f,VALID
2191,W01912N.mp4,C:\Users\Admin\Python Advanced\Deep Learning - CV\Project\data\Dataset\Videos\W01912N.mp4,0.65,lá cây,lá cây,N (Miền Nam / South),unknown,144,29.97,1280,720,51762a9df5bf5cf141ad42d41f82c15b,VALID
2192,W01913.mp4,C:\Users\Admin\Python Advanced\Deep Learning - CV\Project\data\Dataset\Videos\W01913.mp4,0.661,lá thư,lá thư,Neutral / Unspecified,unknown,130,29.97,1280,720,cc3a4469733b1b2c3f2d4ae9dbd0f1c3,VALID
2193,W01914.mp4,C:\Users\Admin\Python Advanced\Deep Learning - CV\Project\data\Dataset\Videos\W01914.mp4,0.587,Lạc Long Quân,lạc long quân,Neutral / Unspecified,unknown,107,29.97,1280,720,e03aa7fefcfe415eef3c86dc785d6c64,VALID
2194,W01915.mp4,C:\Users\Admin\Python Advanced\Deep Learning - CV\Project\data\Dataset\Videos\W01915.mp4,0.842,lạc quan,lạc quan,Neutral / Unspecified,unknown,138,29.97,1280,720,37c5cb9ec329e0245c824eadadeeb839,VALID
2195,W01920B.mp4,C:\Users\Admin\Python Advanced\Deep Learning - CV\Project\data\Dataset\Videos\W01920B.mp4,0.499,lái tàu hỏa,lái tàu hỏa,B (Miền Bắc / North),unknown,98,29.97,1280,720,bb259988dda3e8f2a31f2b43257e6c36,VALID
2196,W01920T.mp4,C:\Users\Admin\Python Advanced\Deep Learning - CV\Project\data\Dataset\Videos\W01920T.mp4,0.487,lái tàu hỏa,lái tàu hỏa,T (Miền Trung / Central),unknown,90,29.97,1280,720,76fac875d8d7f5a9b79b28d7c2a85fa2,VALID
2197,W01924.mp4,C:\Users\Admin\Python Advanced\Deep Learning - CV\Project\data\Dataset\Videos\W01924.mp4,0.7,làm bài tập,làm bài tập,Neutral / Unspecified,unknown,125,29.97,1280,720,9744a7a8cbfa13f07bc0cdc2c3a15b85,VALID
2198,W01924N.mp4,C:\Users\Admin\Python Advanced\Deep Learning - CV\Project\data\Dataset\Videos\W01924N.mp4,0.367,làm bài tập,làm bài tập,N (Miền Nam / South),unknown,89,29.97,1280,720,0adf2fbebfc7cf340e2493b5e3ff37b2,VALID
2199,W01925B.mp4,C:\Users\Admin\Python Advanced\Deep Learning - CV\Project\data\Dataset\Videos\W01925B.mp4,0.412,làm quen,làm quen,B (Miền Bắc / North),unknown,80,29.97,1280,720,255fb8f39d26e8be53af3546139eb4a6,VALID
2200,W01928.mp4,C:\Users\Admin\Python Advanced\Deep Learning - CV\Project\data\Dataset\Videos\W01928.mp4,0.396,làm việc,làm việc,Neutral / Unspecified,unknown,97,29.97,1280,720,fe16bc54cca190b669ab97d36f88d564,VALID
2201,W01930.mp4,C:\Users\Admin\Python Advanced\Deep Learning - CV\Project\data\Dataset\Videos\W01930.mp4,0.467,lang thang,lang thang,Neutral / Unspecified,unknown,113,29.97,1280,720,917044bbb90ba3dcdee7264a575436fb,VALID
2202,W01932.mp4,C:\Users\Admin\Python Advanced\Deep Learning - CV\Project\data\Dataset\Videos\W01932.mp4,0.573,làn sóng,làn sóng,Neutral / Unspecified,unknown,113,29.97,1280,720,d89a61b00bb871572e967d0b690f8a8b,VALID
2203,W01942.mp4,C:\Users\Admin\Python Advanced\Deep Learning - CV\Project\data\Dataset\Videos\W01942.mp4,0.892,lãnh đạo,lãnh đạo,Neutral / Unspecified,unknown,144,29.97,1280,720,4aa79ad5eba290156bc6f1c3ce0a7137,VALID
2204,W01943.mp4,C:\Users\Admin\Python Advanced\Deep Learning - CV\Project\data\Dataset\Videos\W01943.mp4,0.459,thổ dân,thổ dân,Neutral / Unspecified,unknown,91,29.97,1280,720,b5ef1fe0c8c508484ed948c40ceb3514,VALID
2205,W01944.mp4,C:\Users\Admin\Python Advanced\Deep Learning - CV\Project\data\Dataset\Videos\W01944.mp4,0.764,lao phổi,lao phổi,Neutral / Unspecified,unknown,132,29.97,1280,720,9c3d9ca13e5c3cca280c2d22a61bf570,VALID
2206,W01945B.mp4,C:\Users\Admin\Python Advanced\Deep Learning - CV\Project\data\Dataset\Videos\W01945B.mp4,0.572,Lào (nước Lào),lào (nước lào),B (Miền Bắc / North),unknown,102,29.97,1280,720,b0b04039590c1b1b2ae2590735ba30c5,VALID
2207,W01945N.mp4,C:\Users\Admin\Python Advanced\Deep Learning - CV\Project\data\Dataset\Videos\W01945N.mp4,0.783,Lào (nước Lào),lào (nước lào),N (Miền Nam / South),unknown,142,29.97,1280,720,06505371c6f1029db1aebf35e96b4850,VALID
2208,W01945T.mp4,C:\Users\Admin\Python Advanced\Deep Learning - CV\Project\data\Dataset\Videos\W01945T.mp4,0.572,Lào (nước Lào),lào (nước lào),T (Miền Trung / Central),unknown,102,29.97,1280,720,16ff3218955fdabe08d35ec2c3e4ab73,VALID
2209,W01947.mp4,C:\Users\Admin\Python Advanced\Deep Learning - CV\Project\data\Dataset\Videos\W01947.mp4,0.706,lão già,lão già,Neutral / Unspecified,unknown,129,29.97,1280,720,e853b7002004c130b11364eedf1030b5,VALID
2210,W01948.mp4,C:\Users\Admin\Python Advanced\Deep Learning - CV\Project\data\Dataset\Videos\W01948.mp4,0.676,lau chùi,lau chùi,Neutral / Unspecified,unknown,112,29.97,1280,720,66c58bb55fe7ead6854fd812583d9c95,VALID
2211,W01949.mp4,C:\Users\Admin\Python Advanced\Deep Learning - CV\Project\data\Dataset\Videos\W01949.mp4,0.812,lau khô,lau khô,Neutral / Unspecified,unknown,133,29.97,1280,720,dd19876d488d92a99f7761751d7712cc,VALID
2212,W01950.mp4,C:\Users\Admin\Python Advanced\Deep Learning - CV\Project\data\Dataset\Videos\W01950.mp4,0.643,lau nhà,lau nhà,Neutral / Unspecified,unknown,120,29.97,1280,720,7f0c8e103bce99ef61d7701a38a5f74f,VALID
2213,W01951.mp4,C:\Users\Admin\Python Advanced\Deep Learning - CV\Project\data\Dataset\Videos\W01951.mp4,0.426,lắc đầu,lắc đầu,Neutral / Unspecified,unknown,102,29.97,1280,720,ebf7b1d8ff4364ee267cbbbd345c1d03,VALID
2214,W01953.mp4,C:\Users\Admin\Python Advanced\Deep Learning - CV\Project\data\Dataset\Videos\W01953.mp4,0.691,lăng Bác Hồ,lăng bác hồ,Neutral / Unspecified,unknown,127,29.97,1280,720,129d15c882e4e36c2ac5eecedebc0b4b,VALID
2215,W01955.mp4,C:\Users\Admin\Python Advanced\Deep Learning - CV\Project\data\Dataset\Videos\W01955.mp4,0.523,lắng nghe,lắng nghe,Neutral / Unspecified,unknown,102,29.97,1280,720,2f41a2e27f7179c8d82b97fb29ef9edb,VALID
2216,W01956.mp4,C:\Users\Admin\Python Advanced\Deep Learning - CV\Project\data\Dataset\Videos\W01956.mp4,0.912,lặn,lặn,Neutral / Unspecified,unknown,143,29.97,1280,720,07681c8f1050c4fbb718096545dc8227,VALID
2217,W01957.mp4,C:\Users\Admin\Python Advanced\Deep Learning - CV\Project\data\Dataset\Videos\W01957.mp4,0.794,lặng lẽ,lặng lẽ,Neutral / Unspecified,unknown,155,29.97,1280,720,e7e816be73281f74c65fcb292152095a,VALID
2218,W01960.mp4,C:\Users\Admin\Python Advanced\Deep Learning - CV\Project\data\Dataset\Videos\W01960.mp4,0.567,lắp ráp,lắp ráp,Neutral / Unspecified,unknown,125,29.97,1280,720,9c53ed696ee13d61ccca26143627a9de,VALID
2219,W01961.mp4,C:\Users\Admin\Python Advanced\Deep Learning - CV\Project\data\Dataset\Videos\W01961.mp4,0.786,Lâm Đồng,lâm đồng,Neutral / Unspecified,unknown,129,29.97,1280,720,3dfb030d6b2482d51176bf57dfcfbfdf,VALID
2220,W01962.mp4,C:\Users\Admin\Python Advanced\Deep Learning - CV\Project\data\Dataset\Videos\W01962.mp4,0.53,lẫn lộn,lẫn lộn,Neutral / Unspecified,unknown,106,29.97,1280,720,b1ea18bcb5f692822be96a44207cd986,VALID
2221,W01964.mp4,C:\Users\Admin\Python Advanced\Deep Learning - CV\Project\data\Dataset\Videos\W01964.mp4,0.646,lầu (tầng),lầu (tầng),Neutral / Unspecified,unknown,119,29.97,1280,720,1c774bd06e0358dec33daf199f9acad4,VALID
2222,W01966.mp4,C:\Users\Admin\Python Advanced\Deep Learning - CV\Project\data\Dataset\Videos\W01966.mp4,0.53,lây bệnh,lây bệnh,Neutral / Unspecified,unknown,105,29.97,1280,720,d14f9af778a658224d0cdba1bc487eb7,VALID
2223,W01967.mp4,C:\Users\Admin\Python Advanced\Deep Learning - CV\Project\data\Dataset\Videos\W01967.mp4,0.589,lây nhiễm,lây nhiễm,Neutral / Unspecified,unknown,101,29.97,1280,720,350bf22d0b7c982d8b18e2e8ca85d777,VALID
2224,W01970.mp4,C:\Users\Admin\Python Advanced\Deep Learning - CV\Project\data\Dataset\Videos\W01970.mp4,0.506,lấy,lấy,Neutral / Unspecified,unknown,106,29.97,1280,720,dd8af81a3f3a802d6d50f14ed76d58a7,VALID
2225,W01973.mp4,C:\Users\Admin\Python Advanced\Deep Learning - CV\Project\data\Dataset\Videos\W01973.mp4,0.765,leo trèo,leo trèo,Neutral / Unspecified,unknown,116,29.97,1280,720,b931c50ffc13917acc10dc1376f17d2f,VALID
2226,W01977.mp4,C:\Users\Admin\Python Advanced\Deep Learning - CV\Project\data\Dataset\Videos\W01977.mp4,0.656,lễ bế giảng,lễ bế giảng,Neutral / Unspecified,unknown,130,29.97,1280,720,44ba9f3bc6db4568500730eabe2ac672,VALID
2227,W01977B.mp4,C:\Users\Admin\Python Advanced\Deep Learning - CV\Project\data\Dataset\Videos\W01977B.mp4,0.952,lễ bế giảng,lễ bế giảng,B (Miền Bắc / North),unknown,177,29.97,1280,720,39ffad67eaf62ca5d6a5bf34279f11b8,VALID
2228,W01978N.mp4,C:\Users\Admin\Python Advanced\Deep Learning - CV\Project\data\Dataset\Videos\W01978N.mp4,0.392,lễ hội,lễ hội,N (Miền Nam / South),unknown,85,29.97,1280,720,001573617e80c59321a9dfadd430c484,VALID
2229,W01978T.mp4,C:\Users\Admin\Python Advanced\Deep Learning - CV\Project\data\Dataset\Videos\W01978T.mp4,0.572,lễ hội,lễ hội,T (Miền Trung / Central),unknown,103,29.97,1280,720,6ef7b228ebc2eb3215abee589aad3f60,VALID
2230,W01979B.mp4,C:\Users\Admin\Python Advanced\Deep Learning - CV\Project\data\Dataset\Videos\W01979B.mp4,0.945,lễ Nô-en,lễ nô-en,B (Miền Bắc / North),unknown,130,29.97,1280,720,8f3aa35b0699b10bdf65d35f0ca34f74,VALID
2231,W01979T.mp4,C:\Users\Admin\Python Advanced\Deep Learning - CV\Project\data\Dataset\Videos\W01979T.mp4,0.668,lễ Nô-en,lễ nô-en,T (Miền Trung / Central),unknown,133,29.97,1280,720,ca8d118cac4ddd8a0d7fbc8060735fcf,VALID
2232,W01982B.mp4,C:\Users\Admin\Python Advanced\Deep Learning - CV\Project\data\Dataset\Videos\W01982B.mp4,0.762,lễ hội hóa trang,lễ hội hóa trang,B (Miền Bắc / North),unknown,142,29.97,1280,720,953db604c1402bdbfedb83621353662d,VALID
2233,W01982N.mp4,C:\Users\Admin\Python Advanced\Deep Learning - CV\Project\data\Dataset\Videos\W01982N.mp4,0.637,lễ hội hóa trang,lễ hội hóa trang,N (Miền Nam / South),unknown,115,29.97,1280,720,275e64c0e410307158fba3891377cccb,VALID
2234,W01982T.mp4,C:\Users\Admin\Python Advanced\Deep Learning - CV\Project\data\Dataset\Videos\W01982T.mp4,0.769,lễ hội hóa trang,lễ hội hóa trang,T (Miền Trung / Central),unknown,142,29.97,1280,720,d556c2a1c582725693a8f20469dad86a,VALID
2235,W01983.mp4,C:\Users\Admin\Python Advanced\Deep Learning - CV\Project\data\Dataset\Videos\W01983.mp4,0.575,lễ phép,lễ phép,Neutral / Unspecified,unknown,108,29.97,1280,720,cabce0620c5b3b276a1fd45e602a0a47,VALID
2236,W01984.mp4,C:\Users\Admin\Python Advanced\Deep Learning - CV\Project\data\Dataset\Videos\W01984.mp4,0.533,lễ vật,lễ vật,Neutral / Unspecified,unknown,98,29.97,1280,720,0c1671ca4f763b072ed95777eddd298b,VALID
2237,W01986.mp4,C:\Users\Admin\Python Advanced\Deep Learning - CV\Project\data\Dataset\Videos\W01986.mp4,0.277,lên đường,lên đường,Neutral / Unspecified,unknown,76,29.97,1280,720,d6dd9c1a6c882fb2720fe36699e8af41,VALID
2238,W01987.mp4,C:\Users\Admin\Python Advanced\Deep Learning - CV\Project\data\Dataset\Videos\W01987.mp4,0.832,lên ngôi,lên ngôi,Neutral / Unspecified,unknown,119,29.97,1280,720,f879713d357fe76b693c1ebbf20a2c73,VALID
2239,W01989.mp4,C:\Users\Admin\Python Advanced\Deep Learning - CV\Project\data\Dataset\Videos\W01989.mp4,0.705,lên xe,lên xe,Neutral / Unspecified,unknown,129,29.97,1280,720,ede2cafb9a4019f1a0a0915c201a17d3,VALID
2240,W01991.mp4,C:\Users\Admin\Python Advanced\Deep Learning - CV\Project\data\Dataset\Videos\W01991.mp4,0.649,lều trại,lều trại,Neutral / Unspecified,unknown,126,29.97,1280,720,ca246e95493cd6f658575a1478b9e7e3,VALID
2241,W01992.mp4,C:\Users\Admin\Python Advanced\Deep Learning - CV\Project\data\Dataset\Videos\W01992.mp4,0.45,lí do,lí do,Neutral / Unspecified,unknown,110,29.97,1280,720,f1428ceeee1bc236801e59a932cee95c,VALID
2242,W01996B.mp4,C:\Users\Admin\Python Advanced\Deep Learning - CV\Project\data\Dataset\Videos\W01996B.mp4,0.42,Liên Bang Nga (nước Nga),liên bang nga (nước nga),B (Miền Bắc / North),unknown,105,29.97,1280,720,bad606a843f71cd338827f9caae31d17,VALID
2243,W01996N.mp4,C:\Users\Admin\Python Advanced\Deep Learning - CV\Project\data\Dataset\Videos\W01996N.mp4,0.357,Liên Bang Nga (nước Nga),liên bang nga (nước nga),N (Miền Nam / South),unknown,87,29.97,1280,720,945c7a110971650665a5ebf20f59a2ba,VALID
2244,W01996T.mp4,C:\Users\Admin\Python Advanced\Deep Learning - CV\Project\data\Dataset\Videos\W01996T.mp4,0.402,Liên Bang Nga (nước Nga),liên bang nga (nước nga),T (Miền Trung / Central),unknown,115,29.97,1280,720,14d4d50f160bb9d1d2585a8ee2c7cb7f,VALID
2245,W01998B.mp4,C:\Users\Admin\Python Advanced\Deep Learning - CV\Project\data\Dataset\Videos\W01998B.mp4,0.547,liên hoan,liên hoan,B (Miền Bắc / North),unknown,102,29.97,1280,720,8ad677222983fb8f40ff2f2db456cee1,VALID
2246,W01998N.mp4,C:\Users\Admin\Python Advanced\Deep Learning - CV\Project\data\Dataset\Videos\W01998N.mp4,0.477,liên hoan,liên hoan,N (Miền Nam / South),unknown,89,29.97,1280,720,b4489866487c95f205190e669060c518,VALID
2247,W01998T.mp4,C:\Users\Admin\Python Advanced\Deep Learning - CV\Project\data\Dataset\Videos\W01998T.mp4,0.552,liên hoan,liên hoan,T (Miền Trung / Central),unknown,102,29.97,1280,720,1ae0981bad74dd796ce53d456ad7ec0e,VALID
2248,W01999.mp4,C:\Users\Admin\Python Advanced\Deep Learning - CV\Project\data\Dataset\Videos\W01999.mp4,1.027,liên kết,liên kết,Neutral / Unspecified,unknown,152,29.97,1280,720,32cfd60e27632e3dd1f4411bdc3d0fe6,VALID
2249,W02000B.mp4,C:\Users\Admin\Python Advanced\Deep Learning - CV\Project\data\Dataset\Videos\W02000B.mp4,0.672,liên lạc,liên lạc,B (Miền Bắc / North),unknown,101,29.97,1280,720,851a209bdc69a4b5a297874ea2e3b645,VALID
2250,W02000N.mp4,C:\Users\Admin\Python Advanced\Deep Learning - CV\Project\data\Dataset\Videos\W02000N.mp4,0.42,liên lạc,liên lạc,N (Miền Nam / South),unknown,100,29.97,1280,720,d625fdee2d0a2bb044d75c6dae2f8121,VALID
2251,W02000T.mp4,C:\Users\Admin\Python Advanced\Deep Learning - CV\Project\data\Dataset\Videos\W02000T.mp4,0.687,liên lạc,liên lạc,T (Miền Trung / Central),unknown,126,29.97,1280,720,e2401ab130ec17a7acd6d629afd59480,VALID
2252,W02001B.mp4,C:\Users\Admin\Python Advanced\Deep Learning - CV\Project\data\Dataset\Videos\W02001B.mp4,0.527,liên quan,liên quan,B (Miền Bắc / North),unknown,98,29.97,1280,720,4e7517748c96893b3dbdbfdbd7948d7b,VALID
2253,W02001N.mp4,C:\Users\Admin\Python Advanced\Deep Learning - CV\Project\data\Dataset\Videos\W02001N.mp4,0.653,liên quan,liên quan,N (Miền Nam / South),unknown,131,29.97,1280,720,6336613e2bf40b2ad6096ea31351b399,VALID
2254,W02001T.mp4,C:\Users\Admin\Python Advanced\Deep Learning - CV\Project\data\Dataset\Videos\W02001T.mp4,0.647,liên quan,liên quan,T (Miền Trung / Central),unknown,131,29.97,1280,720,807d8644db4a9371c4f3d398af6a571f,VALID
2255,W02002.mp4,C:\Users\Admin\Python Advanced\Deep Learning - CV\Project\data\Dataset\Videos\W02002.mp4,0.68,liên tục,liên tục,Neutral / Unspecified,unknown,105,29.97,1280,720,3b91d88a40f3198d872f4ca79f9ef81f,VALID
2256,W02005.mp4,C:\Users\Admin\Python Advanced\Deep Learning - CV\Project\data\Dataset\Videos\W02005.mp4,0.457,liệt (liệt tay chân),liệt (liệt tay chân),Neutral / Unspecified,unknown,95,29.97,1280,720,40c0044cff8bc4769b83d914f5166500,VALID
2257,W02006.mp4,C:\Users\Admin\Python Advanced\Deep Learning - CV\Project\data\Dataset\Videos\W02006.mp4,0.581,liều lĩnh,liều lĩnh,Neutral / Unspecified,unknown,114,29.97,1280,720,e31c454b4374a94fcf8f2d535a3a6ba7,VALID
2258,W02008.mp4,C:\Users\Admin\Python Advanced\Deep Learning - CV\Project\data\Dataset\Videos\W02008.mp4,0.639,liều mình,liều mình,Neutral / Unspecified,unknown,132,29.97,1280,720,f9735c95f62cfc2e16af98e0c03a983e,VALID
2259,W02010.mp4,C:\Users\Admin\Python Advanced\Deep Learning - CV\Project\data\Dataset\Videos\W02010.mp4,0.658,linh hồn,linh hồn,Neutral / Unspecified,unknown,125,29.97,1280,720,4b5d2b17977d6488f8f16d9011e8c747,VALID
2260,W02011.mp4,C:\Users\Admin\Python Advanced\Deep Learning - CV\Project\data\Dataset\Videos\W02011.mp4,0.832,lĩnh hội,lĩnh hội,Neutral / Unspecified,unknown,125,29.97,1280,720,4f90fbb1d4db9e60a392b2ae646e2845,VALID
2261,W02012B.mp4,C:\Users\Admin\Python Advanced\Deep Learning - CV\Project\data\Dataset\Videos\W02012B.mp4,0.482,lĩnh vực,lĩnh vực,B (Miền Bắc / North),unknown,79,29.97,1280,720,1ebf88bd2613ad257efa3d3f31a413ca,VALID
2262,W02012N.mp4,C:\Users\Admin\Python Advanced\Deep Learning - CV\Project\data\Dataset\Videos\W02012N.mp4,0.535,lĩnh vực,lĩnh vực,N (Miền Nam / South),unknown,120,29.97,1280,720,7da1eb7fee84c41da38d5b5f263c4f3c,VALID
2263,W02016.mp4,C:\Users\Admin\Python Advanced\Deep Learning - CV\Project\data\Dataset\Videos\W02016.mp4,0.612,lo sợ,lo sợ,Neutral / Unspecified,unknown,108,29.97,1280,720,c97dfa5b616139425016c83c5ce3a2c7,VALID
2264,W02020.mp4,C:\Users\Admin\Python Advanced\Deep Learning - CV\Project\data\Dataset\Videos\W02020.mp4,0.384,lọ mực,lọ mực,Neutral / Unspecified,unknown,85,29.97,1280,720,60039c1fede387a1dbe02d67129dfa4b,VALID
2265,W02021.mp4,C:\Users\Admin\Python Advanced\Deep Learning - CV\Project\data\Dataset\Videos\W02021.mp4,0.461,loa,loa,Neutral / Unspecified,unknown,98,29.97,1280,720,6dc89fe5e3b9c882a80921f186f5d202,VALID
2266,W02024B.mp4,C:\Users\Admin\Python Advanced\Deep Learning - CV\Project\data\Dataset\Videos\W02024B.mp4,0.434,loài vật,loài vật,B (Miền Bắc / North),unknown,78,29.97,1280,720,65a91b361a573585084926bb7137ac0c,VALID
2267,W02024N.mp4,C:\Users\Admin\Python Advanced\Deep Learning - CV\Project\data\Dataset\Videos\W02024N.mp4,0.369,loài vật,loài vật,N (Miền Nam / South),unknown,92,29.97,1280,720,e9918088d38d9ad4fba6c97ffa260c31,VALID
2268,W02024T.mp4,C:\Users\Admin\Python Advanced\Deep Learning - CV\Project\data\Dataset\Videos\W02024T.mp4,0.373,loài vật,loài vật,T (Miền Trung / Central),unknown,92,29.97,1280,720,b737975de5839b5faf8e3683208249ad,VALID
2269,W02025.mp4,C:\Users\Admin\Python Advanced\Deep Learning - CV\Project\data\Dataset\Videos\W02025.mp4,0.484,loạn thị,loạn thị,Neutral / Unspecified,unknown,98,29.97,1280,720,ebfd4c4375325b43508575666d1171c5,VALID
2270,W02026.mp4,C:\Users\Admin\Python Advanced\Deep Learning - CV\Project\data\Dataset\Videos\W02026.mp4,0.487,lon bia,lon bia,Neutral / Unspecified,unknown,100,29.97,1280,720,781d45e0eff5305bd654532633f8f811,VALID
2271,W02027.mp4,C:\Users\Admin\Python Advanced\Deep Learning - CV\Project\data\Dataset\Videos\W02027.mp4,0.589,Long An,long an,Neutral / Unspecified,unknown,121,29.97,1280,720,632d7ee11633ad5267dc71d7016f52cc,VALID
2272,W02032.mp4,C:\Users\Admin\Python Advanced\Deep Learning - CV\Project\data\Dataset\Videos\W02032.mp4,0.649,lọng,lọng,Neutral / Unspecified,unknown,132,29.97,1280,720,dac62f1eedd19b77215205da2d3bf038,VALID
2273,W02035.mp4,C:\Users\Admin\Python Advanced\Deep Learning - CV\Project\data\Dataset\Videos\W02035.mp4,0.535,lỗi chính tả,lỗi chính tả,Neutral / Unspecified,unknown,126,29.97,1280,720,28dba17ff0cb0427eb12d870f3d842fc,VALID
2274,W02036.mp4,C:\Users\Admin\Python Advanced\Deep Learning - CV\Project\data\Dataset\Videos\W02036.mp4,0.539,lỗi lầm,lỗi lầm,Neutral / Unspecified,unknown,114,29.97,1280,720,33e34b4a3db89538c0760a73d7beb9dd,VALID
2275,W02037.mp4,C:\Users\Admin\Python Advanced\Deep Learning - CV\Project\data\Dataset\Videos\W02037.mp4,0.55,lối đi,lối đi,Neutral / Unspecified,unknown,111,29.97,1280,720,314872b4d8614c2bb4d81276dc1ccbbb,VALID
2276,W02039.mp4,C:\Users\Admin\Python Advanced\Deep Learning - CV\Project\data\Dataset\Videos\W02039.mp4,0.601,lông,lông,Neutral / Unspecified,unknown,116,29.97,1280,720,093811fc1be206152eb871c1e6bbf8fb,VALID
2277,W02040.mp4,C:\Users\Admin\Python Advanced\Deep Learning - CV\Project\data\Dataset\Videos\W02040.mp4,0.71,lông gà,lông gà,Neutral / Unspecified,unknown,120,29.97,1280,720,2deb6f82c564b39c22381cf8c8ae9db3,VALID
2278,W02042.mp4,C:\Users\Admin\Python Advanced\Deep Learning - CV\Project\data\Dataset\Videos\W02042.mp4,0.722,lồng chim,lồng chim,Neutral / Unspecified,unknown,129,29.97,1280,720,5bb5423b82099b88d5eff26bf6fbb166,VALID
2279,W02043.mp4,C:\Users\Admin\Python Advanced\Deep Learning - CV\Project\data\Dataset\Videos\W02043.mp4,1.367,lồng tiếng,lồng tiếng,Neutral / Unspecified,unknown,223,29.97,1280,720,0e70e55cfb4f29dddaffd5b55bc588f9,VALID
2280,W02046.mp4,C:\Users\Admin\Python Advanced\Deep Learning - CV\Project\data\Dataset\Videos\W02046.mp4,0.763,lơ lửng,lơ lửng,Neutral / Unspecified,unknown,125,29.97,1280,720,d6ebba78daeda3866d85f658560caea9,VALID
2281,W02047.mp4,C:\Users\Admin\Python Advanced\Deep Learning - CV\Project\data\Dataset\Videos\W02047.mp4,0.412,lời giải,lời giải,Neutral / Unspecified,unknown,102,29.97,1280,720,5a79fd51cb6dc8cc76bcbe2402a1c5d3,VALID
2282,W02048.mp4,C:\Users\Admin\Python Advanced\Deep Learning - CV\Project\data\Dataset\Videos\W02048.mp4,0.571,lời nói,lời nói,Neutral / Unspecified,unknown,115,29.97,1280,720,d99dd140a8d839899a83af654ad12049,VALID
2283,W02049.mp4,C:\Users\Admin\Python Advanced\Deep Learning - CV\Project\data\Dataset\Videos\W02049.mp4,0.535,lợi ích,lợi ích,Neutral / Unspecified,unknown,117,29.97,1280,720,89021d6e30c000dce87d0d47e8ec2f45,VALID
2284,W02052.mp4,C:\Users\Admin\Python Advanced\Deep Learning - CV\Project\data\Dataset\Videos\W02052.mp4,0.566,lớp,lớp,Neutral / Unspecified,unknown,115,29.97,1280,720,e9641b001b87bb8d50715e609f7e66c9,VALID
2285,W02055.mp4,C:\Users\Admin\Python Advanced\Deep Learning - CV\Project\data\Dataset\Videos\W02055.mp4,0.579,lớp phó,lớp phó,Neutral / Unspecified,unknown,113,29.97,1280,720,e80c287aaaa9f4967ab4dd8e830c6271,VALID
2286,W02057.mp4,C:\Users\Admin\Python Advanced\Deep Learning - CV\Project\data\Dataset\Videos\W02057.mp4,0.487,lớp trưởng,lớp trưởng,Neutral / Unspecified,unknown,107,29.97,1280,720,2d8871c5fa5033b8c06cce5004357ccd,VALID
2287,W02059.mp4,C:\Users\Admin\Python Advanced\Deep Learning - CV\Project\data\Dataset\Videos\W02059.mp4,0.678,lũ quét,lũ quét,Neutral / Unspecified,unknown,124,29.97,1280,720,916fd8e406b4d69d1c4a0865fa06edfc,VALID
2288,W02060.mp4,C:\Users\Admin\Python Advanced\Deep Learning - CV\Project\data\Dataset\Videos\W02060.mp4,0.559,lúa,lúa,Neutral / Unspecified,unknown,114,29.97,1280,720,ab2f56981f8e41a3dd02d7d2849a32e8,VALID
2289,W02064N.mp4,C:\Users\Admin\Python Advanced\Deep Learning - CV\Project\data\Dataset\Videos\W02064N.mp4,0.591,luật chơi,luật chơi,N (Miền Nam / South),unknown,112,29.97,1280,720,4fdb2eb374fdff1a406316f8e20b5469,VALID
2290,W02064T.mp4,C:\Users\Admin\Python Advanced\Deep Learning - CV\Project\data\Dataset\Videos\W02064T.mp4,0.639,luật chơi,luật chơi,T (Miền Trung / Central),unknown,115,29.97,1280,720,b8cd1e903ab0a8ec30f45208ddee48e6,VALID
2291,W02065.mp4,C:\Users\Admin\Python Advanced\Deep Learning - CV\Project\data\Dataset\Videos\W02065.mp4,0.513,luật lệ,luật lệ,Neutral / Unspecified,unknown,111,29.97,1280,720,72737406b077bf30880397b1a7f55bf7,VALID
2292,W02066B.mp4,C:\Users\Admin\Python Advanced\Deep Learning - CV\Project\data\Dataset\Videos\W02066B.mp4,0.568,lúc nào,lúc nào,B (Miền Bắc / North),unknown,105,29.97,1280,720,dd955fcebede81024609e6c01edfe1c2,VALID
2293,W02066N.mp4,C:\Users\Admin\Python Advanced\Deep Learning - CV\Project\data\Dataset\Videos\W02066N.mp4,0.496,lúc nào,lúc nào,N (Miền Nam / South),unknown,107,29.97,1280,720,5a70c15b07a8b1de785aceeed29a00ec,VALID
2294,W02066T.mp4,C:\Users\Admin\Python Advanced\Deep Learning - CV\Project\data\Dataset\Videos\W02066T.mp4,0.495,lúc nào,lúc nào,T (Miền Trung / Central),unknown,107,29.97,1280,720,7414c7f702b5a773abb9c7f322eaf682,VALID
2295,W02067.mp4,C:\Users\Admin\Python Advanced\Deep Learning - CV\Project\data\Dataset\Videos\W02067.mp4,0.708,lục địa,lục địa,Neutral / Unspecified,unknown,137,29.97,1280,720,be474e748099e7317df54af1aafc512a,VALID
2296,W02068.mp4,C:\Users\Admin\Python Advanced\Deep Learning - CV\Project\data\Dataset\Videos\W02068.mp4,0.563,lục giác,lục giác,Neutral / Unspecified,unknown,106,29.97,1280,720,96dbf4e897b68188176baf4efae0f42a,VALID
2297,W02070.mp4,C:\Users\Admin\Python Advanced\Deep Learning - CV\Project\data\Dataset\Videos\W02070.mp4,0.714,lùi bước,lùi bước,Neutral / Unspecified,unknown,122,29.97,1280,720,b322bf0e03b95b297b08a14b718a6b76,VALID
2298,W02071.mp4,C:\Users\Admin\Python Advanced\Deep Learning - CV\Project\data\Dataset\Videos\W02071.mp4,0.824,lúng túng,lúng túng,Neutral / Unspecified,unknown,126,29.97,1280,720,f0a7be303b69d306d80fe9cf6eb28317,VALID
2299,W02073.mp4,C:\Users\Admin\Python Advanced\Deep Learning - CV\Project\data\Dataset\Videos\W02073.mp4,0.656,lũy tre,lũy tre,Neutral / Unspecified,unknown,122,29.97,1280,720,f5806b5ec52895dc0bae0036efd2509b,VALID
2300,W02075.mp4,C:\Users\Admin\Python Advanced\Deep Learning - CV\Project\data\Dataset\Videos\W02075.mp4,0.718,luyện từ và câu,luyện từ và câu,Neutral / Unspecified,unknown,119,29.97,1280,720,d55a5d0c0452a046524ead92dda83aa5,VALID
2301,W02076.mp4,C:\Users\Admin\Python Advanced\Deep Learning - CV\Project\data\Dataset\Videos\W02076.mp4,0.451,lửa,lửa,Neutral / Unspecified,unknown,83,29.97,1280,720,366f1a724331a370e250fcd4ffacd989,VALID
2302,W02077.mp4,C:\Users\Admin\Python Advanced\Deep Learning - CV\Project\data\Dataset\Videos\W02077.mp4,0.475,lược,lược,Neutral / Unspecified,unknown,91,29.97,1280,720,3ca3a0e2651999c201eeb559d7fffa9b,VALID
2303,W02078B.mp4,C:\Users\Admin\Python Advanced\Deep Learning - CV\Project\data\Dataset\Videos\W02078B.mp4,0.553,lười,lười,B (Miền Bắc / North),unknown,93,29.97,1280,720,8843bfa158208ff4b40479f3615076d5,VALID
2304,W02078N.mp4,C:\Users\Admin\Python Advanced\Deep Learning - CV\Project\data\Dataset\Videos\W02078N.mp4,0.721,lười,lười,N (Miền Nam / South),unknown,122,29.97,1280,720,3049dd117dbb35b2154e9179fdcaa7ae,VALID
2305,W02078T.mp4,C:\Users\Admin\Python Advanced\Deep Learning - CV\Project\data\Dataset\Videos\W02078T.mp4,0.715,lười,lười,T (Miền Trung / Central),unknown,122,29.97,1280,720,942f3503b6b6c0dec3dec34638bb4c4f,VALID
2306,W02079B.mp4,C:\Users\Admin\Python Advanced\Deep Learning - CV\Project\data\Dataset\Videos\W02079B.mp4,0.71,lười học,lười học,B (Miền Bắc / North),unknown,105,29.97,1280,720,3642e73c831371bffcb4d532ca0eb9a7,VALID
2307,W02079N.mp4,C:\Users\Admin\Python Advanced\Deep Learning - CV\Project\data\Dataset\Videos\W02079N.mp4,0.636,lười học,lười học,N (Miền Nam / South),unknown,140,29.97,1280,720,1a9480256b65c6f659fd0248803aa956,VALID
2308,W02079T.mp4,C:\Users\Admin\Python Advanced\Deep Learning - CV\Project\data\Dataset\Videos\W02079T.mp4,0.635,lười học,lười học,T (Miền Trung / Central),unknown,140,29.97,1280,720,2c7ea6aea0821315b20b2681d0a33f2d,VALID
2309,W02081.mp4,C:\Users\Admin\Python Advanced\Deep Learning - CV\Project\data\Dataset\Videos\W02081.mp4,1.782,lưỡi câu,lưỡi câu,Neutral / Unspecified,unknown,286,29.97,1280,720,369c19996776bb1932f6bde5dbb180bc,VALID
2310,W02083.mp4,C:\Users\Admin\Python Advanced\Deep Learning - CV\Project\data\Dataset\Videos\W02083.mp4,0.648,lưới,lưới,Neutral / Unspecified,unknown,121,29.97,1280,720,4dd0054391c3b334af0ed90e5aaf3f43,VALID
2311,W02084.mp4,C:\Users\Admin\Python Advanced\Deep Learning - CV\Project\data\Dataset\Videos\W02084.mp4,0.422,lượm,lượm,Neutral / Unspecified,unknown,90,29.97,1280,720,8e643f01dd2ab16ca2a9993e8dd296a4,VALID
2312,W02090.mp4,C:\Users\Admin\Python Advanced\Deep Learning - CV\Project\data\Dataset\Videos\W02090.mp4,0.75,lương thực,lương thực,Neutral / Unspecified,unknown,118,29.97,1280,720,0439e666121acb2ebe47e8de34c6275c,VALID
2313,W02091.mp4,C:\Users\Admin\Python Advanced\Deep Learning - CV\Project\data\Dataset\Videos\W02091.mp4,0.782,lướt ván,lướt ván,Neutral / Unspecified,unknown,130,29.97,1280,720,92b6c6178c9aea20b82b9baf9f1d7285,VALID
2314,W02096.mp4,C:\Users\Admin\Python Advanced\Deep Learning - CV\Project\data\Dataset\Videos\W02096.mp4,0.583,cây thông,cây thông,Neutral / Unspecified,unknown,116,29.97,1280,720,f79f477ff441a1fd546bcfd562fd4979,VALID
2315,W02097.mp4,C:\Users\Admin\Python Advanced\Deep Learning - CV\Project\data\Dataset\Videos\W02097.mp4,0.659,dự trữ,dự trữ,Neutral / Unspecified,unknown,115,29.97,1280,720,036f4725de1e16f6da324bd69e3bda7e,VALID
2316,W02099.mp4,C:\Users\Admin\Python Advanced\Deep Learning - CV\Project\data\Dataset\Videos\W02099.mp4,0.571,lựu,lựu,Neutral / Unspecified,unknown,121,29.97,1280,720,7c83482f349d5e96c7f8c5d6afe7bf42,VALID
2317,W02100.mp4,C:\Users\Admin\Python Advanced\Deep Learning - CV\Project\data\Dataset\Videos\W02100.mp4,0.646,lựu đạn,lựu đạn,Neutral / Unspecified,unknown,109,29.97,1280,720,217e90c4ff70478d79cfabbebd6bf5e9,VALID
2318,W02104.mp4,C:\Users\Admin\Python Advanced\Deep Learning - CV\Project\data\Dataset\Videos\W02104.mp4,0.649,ma,ma,Neutral / Unspecified,unknown,101,29.97,1280,720,26837c839139f8e851f563bef024cde4,VALID
2319,W02105.mp4,C:\Users\Admin\Python Advanced\Deep Learning - CV\Project\data\Dataset\Videos\W02105.mp4,0.66,ma cà rồng,ma cà rồng,Neutral / Unspecified,unknown,133,29.97,1280,720,8bfeb5ce4ca8caccc618ad5045e2da86,VALID
2320,W02106.mp4,C:\Users\Admin\Python Advanced\Deep Learning - CV\Project\data\Dataset\Videos\W02106.mp4,0.547,ma quỷ,ma quỷ,Neutral / Unspecified,unknown,99,29.97,1280,720,4dd41a8b562296d958144bfd68131f2e,VALID
2321,W02107.mp4,C:\Users\Admin\Python Advanced\Deep Learning - CV\Project\data\Dataset\Videos\W02107.mp4,0.56,ma sát,ma sát,Neutral / Unspecified,unknown,101,29.97,1280,720,224b2e2ece08a71f0fb290315ce7a8a5,VALID
2322,W02108.mp4,C:\Users\Admin\Python Advanced\Deep Learning - CV\Project\data\Dataset\Videos\W02108.mp4,0.542,ma túy,ma túy,Neutral / Unspecified,unknown,117,29.97,1280,720,73bafd7711c0dff228951b405962c6fd,VALID
2323,W02110.mp4,C:\Users\Admin\Python Advanced\Deep Learning - CV\Project\data\Dataset\Videos\W02110.mp4,0.457,má (giống: mẹ),má (giống: mẹ),Neutral / Unspecified,unknown,108,29.97,1280,720,b36632af1948948fb6900a20adc2de95,VALID
2324,W02113.mp4,C:\Users\Admin\Python Advanced\Deep Learning - CV\Project\data\Dataset\Videos\W02113.mp4,0.831,mạch máu,mạch máu,Neutral / Unspecified,unknown,146,29.97,1280,720,b0742406cd1f0e55b2474535a321ce36,VALID
2325,W02116.mp4,C:\Users\Admin\Python Advanced\Deep Learning - CV\Project\data\Dataset\Videos\W02116.mp4,0.787,mái chèo,mái chèo,Neutral / Unspecified,unknown,122,29.97,1280,720,362f308127425bdc1a1cc9276d876d8a,VALID
2326,W02117.mp4,C:\Users\Admin\Python Advanced\Deep Learning - CV\Project\data\Dataset\Videos\W02117.mp4,0.701,mái hiên,mái hiên,Neutral / Unspecified,unknown,141,29.97,1280,720,782838b7844a73f38a596068c805ff82,VALID
2327,W02118.mp4,C:\Users\Admin\Python Advanced\Deep Learning - CV\Project\data\Dataset\Videos\W02118.mp4,0.826,mái nhà,mái nhà,Neutral / Unspecified,unknown,149,29.97,1280,720,d6d8d57dfdf245005231abb9766c5a9b,VALID
2328,W02120B.mp4,C:\Users\Admin\Python Advanced\Deep Learning - CV\Project\data\Dataset\Videos\W02120B.mp4,0.642,màn,màn,B (Miền Bắc / North),unknown,100,29.97,1280,720,1261a1f358691025650e716515b089d0,VALID
2329,W02120N.mp4,C:\Users\Admin\Python Advanced\Deep Learning - CV\Project\data\Dataset\Videos\W02120N.mp4,0.458,màn,màn,N (Miền Nam / South),unknown,109,29.97,1280,720,a1145dffcbf22b53f6c3ed60c715de6e,VALID
2330,W02120T.mp4,C:\Users\Admin\Python Advanced\Deep Learning - CV\Project\data\Dataset\Videos\W02120T.mp4,0.702,màn,màn,T (Miền Trung / Central),unknown,133,29.97,1280,720,9711ca6ebfe36e71707195910850cc92,VALID
2331,W02125.mp4,C:\Users\Admin\Python Advanced\Deep Learning - CV\Project\data\Dataset\Videos\W02125.mp4,0.782,mạng lưới,mạng lưới,Neutral / Unspecified,unknown,157,29.97,1280,720,1adbfff05f0e7c38b6f6ea49d0b10384,VALID
2332,W02129.mp4,C:\Users\Admin\Python Advanced\Deep Learning - CV\Project\data\Dataset\Videos\W02129.mp4,0.513,mạnh bạo (giống: mạnh dạn),mạnh bạo (giống: mạnh dạn),Neutral / Unspecified,unknown,126,29.97,1280,720,06eb2711dcc7097f663e6f3226367614,VALID
2333,W02132.mp4,C:\Users\Admin\Python Advanced\Deep Learning - CV\Project\data\Dataset\Videos\W02132.mp4,0.397,màu cam,màu cam,Neutral / Unspecified,unknown,94,29.97,1280,720,f70ad7cef8a339cf275eeea9cd922402,VALID
2334,W02133B.mp4,C:\Users\Admin\Python Advanced\Deep Learning - CV\Project\data\Dataset\Videos\W02133B.mp4,0.768,màu đen,màu đen,B (Miền Bắc / North),unknown,140,29.97,1280,720,b65c1124c4ea59325ed1bb29ee325a2e,VALID
2335,W02134.mp4,C:\Users\Admin\Python Advanced\Deep Learning - CV\Project\data\Dataset\Videos\W02134.mp4,0.343,màu đỏ,màu đỏ,Neutral / Unspecified,unknown,91,29.97,1280,720,3c13f97c9cc150e9bbefc0ce74a6d314,VALID
2336,W02137N.mp4,C:\Users\Admin\Python Advanced\Deep Learning - CV\Project\data\Dataset\Videos\W02137N.mp4,0.476,màu nâu,màu nâu,N (Miền Nam / South),unknown,114,29.97,1280,720,4b96a9bc2f5a2837e8dbda5bd94c49a6,VALID
2337,W02137T.mp4,C:\Users\Admin\Python Advanced\Deep Learning - CV\Project\data\Dataset\Videos\W02137T.mp4,0.473,màu nâu,màu nâu,T (Miền Trung / Central),unknown,114,29.97,1280,720,6635c335f2db0335d6677876ec686a70,VALID
2338,W02138.mp4,C:\Users\Admin\Python Advanced\Deep Learning - CV\Project\data\Dataset\Videos\W02138.mp4,0.537,màu nhiệm,màu nhiệm,Neutral / Unspecified,unknown,128,29.97,1280,720,2c650e9ddd36c4950a81e550573df086,VALID
2339,W02140B.mp4,C:\Users\Admin\Python Advanced\Deep Learning - CV\Project\data\Dataset\Videos\W02140B.mp4,0.405,màu trắng,màu trắng,B (Miền Bắc / North),unknown,82,29.97,1280,720,56bd5d9e9364285b3e3581736de6f4d0,VALID
2340,W02140N.mp4,C:\Users\Admin\Python Advanced\Deep Learning - CV\Project\data\Dataset\Videos\W02140N.mp4,0.385,màu trắng,màu trắng,N (Miền Nam / South),unknown,88,29.97,1280,720,8ca78b8b430a5df21e9811ff81880635,VALID
2341,W02140T.mp4,C:\Users\Admin\Python Advanced\Deep Learning - CV\Project\data\Dataset\Videos\W02140T.mp4,0.385,màu trắng,màu trắng,T (Miền Trung / Central),unknown,88,29.97,1280,720,5e188314958249b7981c1238c9c99681,VALID
2342,W02142B.mp4,C:\Users\Admin\Python Advanced\Deep Learning - CV\Project\data\Dataset\Videos\W02142B.mp4,0.382,màu xanh da trời,màu xanh da trời,B (Miền Bắc / North),unknown,87,29.97,1280,720,affd945e63add9894460da6d33d5786f,VALID
2343,W02142N.mp4,C:\Users\Admin\Python Advanced\Deep Learning - CV\Project\data\Dataset\Videos\W02142N.mp4,0.372,màu xanh da trời,màu xanh da trời,N (Miền Nam / South),unknown,85,29.97,1280,720,ed7fdba0e1afdb7f9a22d01ec37d6cb0,VALID
2344,W02142T.mp4,C:\Users\Admin\Python Advanced\Deep Learning - CV\Project\data\Dataset\Videos\W02142T.mp4,0.532,màu xanh da trời,màu xanh da trời,T (Miền Trung / Central),unknown,112,29.97,1280,720,67d983417cdc5ca7aff045e96cbaca7d,VALID
2345,W02143B.mp4,C:\Users\Admin\Python Advanced\Deep Learning - CV\Project\data\Dataset\Videos\W02143B.mp4,0.408,màu xanh lá cây,màu xanh lá cây,B (Miền Bắc / North),unknown,98,29.97,1280,720,e341915f45936ff8e2b0515dbff8e0b8,VALID
2346,W02143N.mp4,C:\Users\Admin\Python Advanced\Deep Learning - CV\Project\data\Dataset\Videos\W02143N.mp4,0.534,màu xanh lá cây,màu xanh lá cây,N (Miền Nam / South),unknown,115,29.97,1280,720,4b869d823b0462d422e82462898ef21e,VALID
2347,W02143T.mp4,C:\Users\Admin\Python Advanced\Deep Learning - CV\Project\data\Dataset\Videos\W02143T.mp4,0.547,màu xanh lá cây,màu xanh lá cây,T (Miền Trung / Central),unknown,110,29.97,1280,720,88067564d03c2c0b9fdc89f57c1257bb,VALID
2348,W02144.mp4,C:\Users\Admin\Python Advanced\Deep Learning - CV\Project\data\Dataset\Videos\W02144.mp4,0.461,má,má,Neutral / Unspecified,unknown,114,29.97,1280,720,610d8472fbf95c6012cda8db04a78d02,VALID
2349,W02145.mp4,C:\Users\Admin\Python Advanced\Deep Learning - CV\Project\data\Dataset\Videos\W02145.mp4,0.604,máy ảnh,máy ảnh,Neutral / Unspecified,unknown,122,29.97,1280,720,e0f93a2ee7076540345e147093de6b37,VALID
2350,W02146.mp4,C:\Users\Admin\Python Advanced\Deep Learning - CV\Project\data\Dataset\Videos\W02146.mp4,0.612,máy bơm,máy bơm,Neutral / Unspecified,unknown,130,29.97,1280,720,60cc0d217d78c3b8cdf879e1d6119087,VALID
2351,W02147.mp4,C:\Users\Admin\Python Advanced\Deep Learning - CV\Project\data\Dataset\Videos\W02147.mp4,0.512,máy chiếu,máy chiếu,Neutral / Unspecified,unknown,109,29.97,1280,720,1231cb6142cee2b40533353d1473dbb5,VALID
2352,W02148B.mp4,C:\Users\Admin\Python Advanced\Deep Learning - CV\Project\data\Dataset\Videos\W02148B.mp4,0.625,máy in,máy in,B (Miền Bắc / North),unknown,118,29.97,1280,720,83b0b1c58c840997072b35f78252292a,VALID
2353,W02148N.mp4,C:\Users\Admin\Python Advanced\Deep Learning - CV\Project\data\Dataset\Videos\W02148N.mp4,0.751,máy in,máy in,N (Miền Nam / South),unknown,121,29.97,1280,720,c0d0323d28f550df37b1b0393f349c84,VALID
2354,W02148T.mp4,C:\Users\Admin\Python Advanced\Deep Learning - CV\Project\data\Dataset\Videos\W02148T.mp4,0.755,máy in,máy in,T (Miền Trung / Central),unknown,121,29.97,1280,720,f98c4315653e1a587c3a6175bc0af147,VALID
2355,W02149.mp4,C:\Users\Admin\Python Advanced\Deep Learning - CV\Project\data\Dataset\Videos\W02149.mp4,0.602,máy khâu,máy khâu,Neutral / Unspecified,unknown,118,29.97,1280,720,756cd7bf0f502c64a7edefc1dd7b7805,VALID
2356,W02151.mp4,C:\Users\Admin\Python Advanced\Deep Learning - CV\Project\data\Dataset\Videos\W02151.mp4,0.437,máy tính (laptop),máy tính (laptop),Neutral / Unspecified,unknown,94,29.97,1280,720,720539e4b6af046ffae42aba5ce64253,VALID
2357,W02152.mp4,C:\Users\Admin\Python Advanced\Deep Learning - CV\Project\data\Dataset\Videos\W02152.mp4,0.577,máy tính bỏ túi,máy tính bỏ túi,Neutral / Unspecified,unknown,115,29.97,1280,720,a906586099951f46d27acb232255cea3,VALID
2358,W02155.mp4,C:\Users\Admin\Python Advanced\Deep Learning - CV\Project\data\Dataset\Videos\W02155.mp4,0.377,mắc áo,mắc áo,Neutral / Unspecified,unknown,91,29.97,1280,720,5e3504f4884099045d544ac16cfa66d6,VALID
2359,W02156.mp4,C:\Users\Admin\Python Advanced\Deep Learning - CV\Project\data\Dataset\Videos\W02156.mp4,0.502,mặc,mặc,Neutral / Unspecified,unknown,100,29.97,1280,720,4735b783166edadd339870c88346d60c,VALID
2360,W02159.mp4,C:\Users\Admin\Python Advanced\Deep Learning - CV\Project\data\Dataset\Videos\W02159.mp4,0.532,mặc kệ,mặc kệ,Neutral / Unspecified,unknown,114,29.97,1280,720,1c62b141377e4d9f2f603678b186e424,VALID
2361,W02160.mp4,C:\Users\Admin\Python Advanced\Deep Learning - CV\Project\data\Dataset\Videos\W02160.mp4,0.507,mặc quần áo,mặc quần áo,Neutral / Unspecified,unknown,109,29.97,1280,720,063815b58054cf76a01f53acb376017d,VALID
2362,W02161.mp4,C:\Users\Admin\Python Advanced\Deep Learning - CV\Project\data\Dataset\Videos\W02161.mp4,0.47,mắm,mắm,Neutral / Unspecified,unknown,110,29.97,1280,720,329b61b39e17031fcac750097737cc1d,VALID
2363,W02162.mp4,C:\Users\Admin\Python Advanced\Deep Learning - CV\Project\data\Dataset\Videos\W02162.mp4,0.546,măng,măng,Neutral / Unspecified,unknown,120,29.97,1280,720,32a1bd03b35ccadae19f93e17fb684ab,VALID
2364,W02164B.mp4,C:\Users\Admin\Python Advanced\Deep Learning - CV\Project\data\Dataset\Videos\W02164B.mp4,0.514,mắng,mắng,B (Miền Bắc / North),unknown,113,29.97,1280,720,96bf7c75da1fbe3cf1d9f2737ac26dba,VALID
2365,W02164N.mp4,C:\Users\Admin\Python Advanced\Deep Learning - CV\Project\data\Dataset\Videos\W02164N.mp4,0.295,mắng,mắng,N (Miền Nam / South),unknown,67,29.97,1280,720,eee67f9e7117a49818ebcdfbc0934e43,VALID
2366,W02164T.mp4,C:\Users\Admin\Python Advanced\Deep Learning - CV\Project\data\Dataset\Videos\W02164T.mp4,0.435,mắng,mắng,T (Miền Trung / Central),unknown,110,29.97,1280,720,7b4f52a8afb8c31ea2b1c0c800c1d9e1,VALID
2367,W02166.mp4,C:\Users\Admin\Python Advanced\Deep Learning - CV\Project\data\Dataset\Videos\W02166.mp4,0.634,mặt,mặt,Neutral / Unspecified,unknown,130,29.97,1280,720,3c6f9b58dcf05da4c3610aad82460430,VALID
2368,W02171.mp4,C:\Users\Admin\Python Advanced\Deep Learning - CV\Project\data\Dataset\Videos\W02171.mp4,0.686,mặt đất,mặt đất,Neutral / Unspecified,unknown,121,29.97,1280,720,3b80d5271200855d07765bf191109e56,VALID
2369,W02173.mp4,C:\Users\Admin\Python Advanced\Deep Learning - CV\Project\data\Dataset\Videos\W02173.mp4,0.463,mặt nạ,mặt nạ,Neutral / Unspecified,unknown,107,29.97,1280,720,083a3b72f990564811e7542b39c6a8dd,VALID
2370,W02172.mp4,C:\Users\Admin\Python Advanced\Deep Learning - CV\Project\data\Dataset\Videos\W02172.mp4,0.462,mặt vuông,mặt vuông,Neutral / Unspecified,unknown,95,29.97,1280,720,b2d2f56d51845a10d5b07cabaad891ba,VALID
2371,W02175.mp4,C:\Users\Admin\Python Advanced\Deep Learning - CV\Project\data\Dataset\Videos\W02175.mp4,0.537,mặt dài,mặt dài,Neutral / Unspecified,unknown,106,29.97,1280,720,a04b2fca7416640805e3fb17e2760d39,VALID
2372,W02177.mp4,C:\Users\Admin\Python Advanced\Deep Learning - CV\Project\data\Dataset\Videos\W02177.mp4,0.956,mâm cơm,mâm cơm,Neutral / Unspecified,unknown,155,29.97,1280,720,e8b35872e98b3f6d465037bb75f933df,VALID
2373,W02178B.mp4,C:\Users\Admin\Python Advanced\Deep Learning - CV\Project\data\Dataset\Videos\W02178B.mp4,0.463,mâm ngũ quả,mâm ngũ quả,B (Miền Bắc / North),unknown,91,29.97,1280,720,3e6c0e6cc9595d9858709e7570e752c1,VALID
2374,W02178N.mp4,C:\Users\Admin\Python Advanced\Deep Learning - CV\Project\data\Dataset\Videos\W02178N.mp4,0.627,mâm ngũ quả,mâm ngũ quả,N (Miền Nam / South),unknown,112,29.97,1280,720,6dba69f74c7f67c6bd2216d807d7abe3,VALID
2375,W02178T.mp4,C:\Users\Admin\Python Advanced\Deep Learning - CV\Project\data\Dataset\Videos\W02178T.mp4,0.624,mâm ngũ quả,mâm ngũ quả,T (Miền Trung / Central),unknown,112,29.97,1280,720,0f51cbb6df1313660ac9d20aa798def9,VALID
2376,W02181.mp4,C:\Users\Admin\Python Advanced\Deep Learning - CV\Project\data\Dataset\Videos\W02181.mp4,0.671,mầm non,mầm non,Neutral / Unspecified,unknown,111,29.97,1280,720,5825b68e9ef855b0880af6b5b27ba2ff,VALID
2377,W02182.mp4,C:\Users\Admin\Python Advanced\Deep Learning - CV\Project\data\Dataset\Videos\W02182.mp4,0.504,mất ngủ,mất ngủ,Neutral / Unspecified,unknown,102,29.97,1280,720,4fc1a8789a3eb383f6ed3ff97bca4a66,VALID
2378,W02183.mp4,C:\Users\Admin\Python Advanced\Deep Learning - CV\Project\data\Dataset\Videos\W02183.mp4,0.622,mất trí,mất trí,Neutral / Unspecified,unknown,119,29.97,1280,720,5d7beef5527f307c8e51b63533a4cda9,VALID
2379,W02187B.mp4,C:\Users\Admin\Python Advanced\Deep Learning - CV\Project\data\Dataset\Videos\W02187B.mp4,0.522,mật khẩu,mật khẩu,B (Miền Bắc / North),unknown,103,29.97,1280,720,3731794d56f87e09877c4d379dd0b95d,VALID
2380,W02187N.mp4,C:\Users\Admin\Python Advanced\Deep Learning - CV\Project\data\Dataset\Videos\W02187N.mp4,0.418,mật khẩu,mật khẩu,N (Miền Nam / South),unknown,86,29.97,1280,720,b77c79ccff4df6bef8765c1769f36d90,VALID
2381,W02187T.mp4,C:\Users\Admin\Python Advanced\Deep Learning - CV\Project\data\Dataset\Videos\W02187T.mp4,0.942,mật khẩu,mật khẩu,T (Miền Trung / Central),unknown,164,29.97,1280,720,c99d4009f73f7ca28c0689b874a06b35,VALID
2382,W02189.mp4,C:\Users\Admin\Python Advanced\Deep Learning - CV\Project\data\Dataset\Videos\W02189.mp4,0.496,mật ong,mật ong,Neutral / Unspecified,unknown,115,29.97,1280,720,a8a43ad87d51c41281b7f31f9e88376f,VALID
2383,W02191.mp4,C:\Users\Admin\Python Advanced\Deep Learning - CV\Project\data\Dataset\Videos\W02191.mp4,0.809,mẫu số,mẫu số,Neutral / Unspecified,unknown,135,29.97,1280,720,d9e9a97cce91458279499b77a3de2146,VALID
2384,W02193.mp4,C:\Users\Admin\Python Advanced\Deep Learning - CV\Project\data\Dataset\Videos\W02193.mp4,0.849,mẫu số chung,mẫu số chung,Neutral / Unspecified,unknown,153,29.97,1280,720,6d687d7e1544610c2fec5a9a7845e361,VALID
2385,W02194.mp4,C:\Users\Admin\Python Advanced\Deep Learning - CV\Project\data\Dataset\Videos\W02194.mp4,0.729,mẫu số lớn,mẫu số lớn,Neutral / Unspecified,unknown,120,29.97,1280,720,4f639d30e5aa937fa7ea50e609d1f675,VALID
2386,W02195.mp4,C:\Users\Admin\Python Advanced\Deep Learning - CV\Project\data\Dataset\Videos\W02195.mp4,0.872,mây,mây,Neutral / Unspecified,unknown,121,29.97,1280,720,462a3205748bb92678c68fc7de5bb222,VALID
2387,W02196.mp4,C:\Users\Admin\Python Advanced\Deep Learning - CV\Project\data\Dataset\Videos\W02196.mp4,0.62,mấy giờ?,mấy giờ?,Neutral / Unspecified,unknown,127,29.97,1280,720,4d26959468ccc2eb8d86adc04b34edff,VALID
2388,W02197.mp4,C:\Users\Admin\Python Advanced\Deep Learning - CV\Project\data\Dataset\Videos\W02197.mp4,0.381,mét (m),mét (m),Neutral / Unspecified,unknown,93,29.97,1280,720,3113468cf230f64a827a513449fd3efb,VALID
2389,W02198.mp4,C:\Users\Admin\Python Advanced\Deep Learning - CV\Project\data\Dataset\Videos\W02198.mp4,0.389,mét khối (m3),mét khối (m3),Neutral / Unspecified,unknown,95,29.97,1280,720,60c861528bbea11265245576a2806a42,VALID
2390,W02199.mp4,C:\Users\Admin\Python Advanced\Deep Learning - CV\Project\data\Dataset\Videos\W02199.mp4,0.502,mét vuông (m2),mét vuông (m2),Neutral / Unspecified,unknown,114,29.97,1280,720,2ac8f037d2d5672850e2f4d99d017f38,VALID
2391,W02200B.mp4,C:\Users\Admin\Python Advanced\Deep Learning - CV\Project\data\Dataset\Videos\W02200B.mp4,0.578,Mexico (nước Mexico),mexico (nước mexico),B (Miền Bắc / North),unknown,100,29.97,1280,720,6c1bdfcb8300312fb795b8ed629748a9,VALID
2392,W02200N.mp4,C:\Users\Admin\Python Advanced\Deep Learning - CV\Project\data\Dataset\Videos\W02200N.mp4,0.609,Mexico (nước Mexico),mexico (nước mexico),N (Miền Nam / South),unknown,94,29.97,1280,720,f95b6c3a717e93743ac778972d1e920a,VALID
2393,W02200T.mp4,C:\Users\Admin\Python Advanced\Deep Learning - CV\Project\data\Dataset\Videos\W02200T.mp4,0.605,Mexico (nước Mexico),mexico (nước mexico),T (Miền Trung / Central),unknown,94,29.97,1280,720,4e66c34bff5a4748ca5d4ebd1ef17822,VALID
2394,W02202.mp4,C:\Users\Admin\Python Advanced\Deep Learning - CV\Project\data\Dataset\Videos\W02202.mp4,0.634,mê say (như: say mê),mê say (như: say mê),Neutral / Unspecified,unknown,131,29.97,1280,720,ed082a30e264c26071254ee7641b8bff,VALID
2395,W02203.mp4,C:\Users\Admin\Python Advanced\Deep Learning - CV\Project\data\Dataset\Videos\W02203.mp4,0.734,mê tín,mê tín,Neutral / Unspecified,unknown,140,29.97,1280,720,eafc1cc51dc21ffc18fbff04e87958c4,VALID
2396,W02204.mp4,C:\Users\Admin\Python Advanced\Deep Learning - CV\Project\data\Dataset\Videos\W02204.mp4,0.679,mềm mại,mềm mại,Neutral / Unspecified,unknown,129,29.97,1280,720,86c0882e3b0219505b0e2686008f09da,VALID
2397,W02205.mp4,C:\Users\Admin\Python Advanced\Deep Learning - CV\Project\data\Dataset\Videos\W02205.mp4,0.709,mênh mông,mênh mông,Neutral / Unspecified,unknown,114,29.97,1280,720,c1fcbcc53ed546b7d010061d856d4b27,VALID
2398,W02211.mp4,C:\Users\Admin\Python Advanced\Deep Learning - CV\Project\data\Dataset\Videos\W02211.mp4,0.5,miền Bắc Việt Nam,miền bắc việt nam,Neutral / Unspecified,unknown,112,29.97,1280,720,b9648c27b80ec8cdb612b8c5efc830ed,VALID
2399,W02212.mp4,C:\Users\Admin\Python Advanced\Deep Learning - CV\Project\data\Dataset\Videos\W02212.mp4,0.517,miền Nam Việt Nam,miền nam việt nam,Neutral / Unspecified,unknown,120,29.97,1280,720,bfc38deb94628e7e9ceaf0a8d8c51fd2,VALID
2400,W02214.mp4,C:\Users\Admin\Python Advanced\Deep Learning - CV\Project\data\Dataset\Videos\W02214.mp4,0.495,miêu tả,miêu tả,Neutral / Unspecified,unknown,110,29.97,1280,720,952e0ea76884ff9c2000eaac0cf49f32,VALID
2401,W02215.mp4,C:\Users\Admin\Python Advanced\Deep Learning - CV\Project\data\Dataset\Videos\W02215.mp4,0.605,minh hoạ,minh hoạ,Neutral / Unspecified,unknown,112,29.97,1280,720,e01129a319f46a1d487d5e80584ba488,VALID
2402,W02217.mp4,C:\Users\Admin\Python Advanced\Deep Learning - CV\Project\data\Dataset\Videos\W02217.mp4,0.439,khoan (khoan đã),khoan (khoan đã),Neutral / Unspecified,unknown,88,29.97,1280,720,82424c2972c00c87851b52f8d29fd738,VALID
2403,W02218.mp4,C:\Users\Admin\Python Advanced\Deep Learning - CV\Project\data\Dataset\Videos\W02218.mp4,0.606,móc áo,móc áo,Neutral / Unspecified,unknown,118,29.97,1280,720,e7dbfcb6be37e31b2f674abfd4f3cc9b,VALID
2404,W02219.mp4,C:\Users\Admin\Python Advanced\Deep Learning - CV\Project\data\Dataset\Videos\W02219.mp4,0.532,Mặt trời mọc,mặt trời mọc,Neutral / Unspecified,unknown,98,29.97,1280,720,0270658b1f2817a976e2324de6e574f9,VALID
2405,W02220.mp4,C:\Users\Admin\Python Advanced\Deep Learning - CV\Project\data\Dataset\Videos\W02220.mp4,0.56,mõm,mõm,Neutral / Unspecified,unknown,114,29.97,1280,720,3501a5be197afbfa9b40fa89a0f33858,VALID
2406,W02221B.mp4,C:\Users\Admin\Python Advanced\Deep Learning - CV\Project\data\Dataset\Videos\W02221B.mp4,0.71,muốn,muốn,B (Miền Bắc / North),unknown,128,29.97,1280,720,5e8aafb56ed0e6533225ae0a0b7e1cc5,VALID
2407,W02221N.mp4,C:\Users\Admin\Python Advanced\Deep Learning - CV\Project\data\Dataset\Videos\W02221N.mp4,0.422,muốn,muốn,N (Miền Nam / South),unknown,112,29.97,1280,720,873e79a23aa814a1f30706ee77b14cce,VALID
2408,W02221T.mp4,C:\Users\Admin\Python Advanced\Deep Learning - CV\Project\data\Dataset\Videos\W02221T.mp4,0.426,muốn,muốn,T (Miền Trung / Central),unknown,112,29.97,1280,720,4433f56953387e5720fe111d4285e7b4,VALID
2409,W02223.mp4,C:\Users\Admin\Python Advanced\Deep Learning - CV\Project\data\Dataset\Videos\W02223.mp4,0.546,móng chân,móng chân,Neutral / Unspecified,unknown,110,29.97,1280,720,a78feae16af55b44c03db9ebbaaf866f,VALID
2410,W02225.mp4,C:\Users\Admin\Python Advanced\Deep Learning - CV\Project\data\Dataset\Videos\W02225.mp4,0.594,móng tay,móng tay,Neutral / Unspecified,unknown,121,29.97,1280,720,861afaa29dffe2451d33932ee8f1eb83,VALID
2411,W02227.mp4,C:\Users\Admin\Python Advanced\Deep Learning - CV\Project\data\Dataset\Videos\W02227.mp4,0.637,mô hình,mô hình,Neutral / Unspecified,unknown,130,29.97,1280,720,4076e56713f50a3e34719e15147163a4,VALID
2412,W02229.mp4,C:\Users\Admin\Python Advanced\Deep Learning - CV\Project\data\Dataset\Videos\W02229.mp4,0.617,mồ côi,mồ côi,Neutral / Unspecified,unknown,97,29.97,1280,720,02b404bed7844a30cea2cf07c29bfe76,VALID
2413,W02230.mp4,C:\Users\Admin\Python Advanced\Deep Learning - CV\Project\data\Dataset\Videos\W02230.mp4,0.612,mồ côi cha mẹ,mồ côi cha mẹ,Neutral / Unspecified,unknown,97,29.97,1280,720,5864534dfd7f1e92074078e2bbb8602f,VALID
2414,W02231.mp4,C:\Users\Admin\Python Advanced\Deep Learning - CV\Project\data\Dataset\Videos\W02231.mp4,0.796,mồ hôi,mồ hôi,Neutral / Unspecified,unknown,130,29.97,1280,720,844a4c207f0edc9298d5561e44de5fe5,VALID
2415,W02234.mp4,C:\Users\Admin\Python Advanced\Deep Learning - CV\Project\data\Dataset\Videos\W02234.mp4,0.627,mộc nhĩ,mộc nhĩ,Neutral / Unspecified,unknown,113,29.97,1280,720,b6f85210161d9d45c469380e9fabd44b,VALID
2416,W02235.mp4,C:\Users\Admin\Python Advanced\Deep Learning - CV\Project\data\Dataset\Videos\W02235.mp4,0.566,môi,môi,Neutral / Unspecified,unknown,120,29.97,1280,720,ad5351d02e41cbaa166b87505ca553bf,VALID
2417,W02236.mp4,C:\Users\Admin\Python Advanced\Deep Learning - CV\Project\data\Dataset\Videos\W02236.mp4,0.649,môi trường,môi trường,Neutral / Unspecified,unknown,116,29.97,1280,720,be621fd3d1369c54151094b39c7c1793,VALID
2418,W02237.mp4,C:\Users\Admin\Python Advanced\Deep Learning - CV\Project\data\Dataset\Videos\W02237.mp4,0.552,mỗi,mỗi,Neutral / Unspecified,unknown,102,29.97,1280,720,173f82c0e9cd2942662b9ad30c835f85,VALID
2419,W02238.mp4,C:\Users\Admin\Python Advanced\Deep Learning - CV\Project\data\Dataset\Videos\W02238.mp4,0.76,môn Âm nhạc,môn âm nhạc,Neutral / Unspecified,unknown,137,29.97,1280,720,00f912ae0306c1e2b51c665bf26fba8c,VALID
2420,W02239B.mp4,C:\Users\Admin\Python Advanced\Deep Learning - CV\Project\data\Dataset\Videos\W02239B.mp4,0.592,môn Đạo đức,môn đạo đức,B (Miền Bắc / North),unknown,113,29.97,1280,720,bc8f012d16be322390ce4bcd94121a62,VALID
2421,W02239T.mp4,C:\Users\Admin\Python Advanced\Deep Learning - CV\Project\data\Dataset\Videos\W02239T.mp4,0.581,môn Đạo đức,môn đạo đức,T (Miền Trung / Central),unknown,113,29.97,1280,720,3bc50fa1c7471ed484bac43f4b715340,VALID
2422,W02240N.mp4,C:\Users\Admin\Python Advanced\Deep Learning - CV\Project\data\Dataset\Videos\W02240N.mp4,0.649,môn Giáo dục công dân,môn giáo dục công dân,N (Miền Nam / South),unknown,94,29.97,1280,720,61ce862796c76f73122ea395e0bbff00,VALID
2423,W02241.mp4,C:\Users\Admin\Python Advanced\Deep Learning - CV\Project\data\Dataset\Videos\W02241.mp4,0.765,môn Giáo dục thể chất,môn giáo dục thể chất,Neutral / Unspecified,unknown,120,29.97,1280,720,67bde531a5344e6197cc711b5e83cf38,VALID
2424,W02242.mp4,C:\Users\Admin\Python Advanced\Deep Learning - CV\Project\data\Dataset\Videos\W02242.mp4,0.513,môn Khoa học,môn khoa học,Neutral / Unspecified,unknown,105,29.97,1280,720,3b561690405dd737396d34fd12ee8d20,VALID
2425,W02243.mp4,C:\Users\Admin\Python Advanced\Deep Learning - CV\Project\data\Dataset\Videos\W02243.mp4,0.593,môn Kĩ thuật,môn kĩ thuật,Neutral / Unspecified,unknown,103,29.97,1280,720,ed26a547206b2c258c2549487e795e43,VALID
2426,W02243B.mp4,C:\Users\Admin\Python Advanced\Deep Learning - CV\Project\data\Dataset\Videos\W02243B.mp4,0.616,môn Kĩ thuật,môn kĩ thuật,B (Miền Bắc / North),unknown,116,29.97,1280,720,524c3234e7bee4d59a5687cd0e21c325,VALID
2427,W02243N.mp4,C:\Users\Admin\Python Advanced\Deep Learning - CV\Project\data\Dataset\Videos\W02243N.mp4,0.568,môn Kĩ thuật,môn kĩ thuật,N (Miền Nam / South),unknown,103,29.97,1280,720,2f0a9870ec417a89d4812f278ba1f41f,VALID
2428,W02243T.mp4,C:\Users\Admin\Python Advanced\Deep Learning - CV\Project\data\Dataset\Videos\W02243T.mp4,0.563,môn Kĩ thuật,môn kĩ thuật,T (Miền Trung / Central),unknown,103,29.97,1280,720,2d9933d9e4ec83c84f900c83c0066a70,VALID
2429,W02244B.mp4,C:\Users\Admin\Python Advanced\Deep Learning - CV\Project\data\Dataset\Videos\W02244B.mp4,0.963,môn Lịch sử,môn lịch sử,B (Miền Bắc / North),unknown,142,29.97,1280,720,4068f3ac4de04439ec44a62880a4beda,VALID
2430,W02244N.mp4,C:\Users\Admin\Python Advanced\Deep Learning - CV\Project\data\Dataset\Videos\W02244N.mp4,0.404,môn Lịch sử,môn lịch sử,N (Miền Nam / South),unknown,85,29.97,1280,720,98de4a8255c0aa3e1f4f6b42d960b5ff,VALID
2431,W02244T.mp4,C:\Users\Admin\Python Advanced\Deep Learning - CV\Project\data\Dataset\Videos\W02244T.mp4,0.405,môn Lịch sử,môn lịch sử,T (Miền Trung / Central),unknown,85,29.97,1280,720,221cef39d0f2f5ecceb8a29dd67aef83,VALID
2432,W02247.mp4,C:\Users\Admin\Python Advanced\Deep Learning - CV\Project\data\Dataset\Videos\W02247.mp4,0.704,môn Sinh học,môn sinh học,Neutral / Unspecified,unknown,134,29.97,1280,720,b1e2e206b2bf2b56ea96a293455c07c1,VALID
2433,W02248.mp4,C:\Users\Admin\Python Advanced\Deep Learning - CV\Project\data\Dataset\Videos\W02248.mp4,0.75,môn Tiếng Việt,môn tiếng việt,Neutral / Unspecified,unknown,123,29.97,1280,720,6774c268ad2f51ea830f2f13475fd99e,VALID
2434,W02250.mp4,C:\Users\Admin\Python Advanced\Deep Learning - CV\Project\data\Dataset\Videos\W02250.mp4,0.595,môn Toán,môn toán,Neutral / Unspecified,unknown,117,29.97,1280,720,a38f69eaa24a6f241719574977a6258d,VALID
2435,W02251.mp4,C:\Users\Admin\Python Advanced\Deep Learning - CV\Project\data\Dataset\Videos\W02251.mp4,0.744,môn Tự nhiên và Xã hội,môn tự nhiên và xã hội,Neutral / Unspecified,unknown,136,29.97,1280,720,8be30b2791ff924861694a40cd1daa9b,VALID
2436,W02252.mp4,C:\Users\Admin\Python Advanced\Deep Learning - CV\Project\data\Dataset\Videos\W02252.mp4,0.469,một cặp,một cặp,Neutral / Unspecified,unknown,94,29.97,1280,720,995add4dc943eebd2da086328fbc9ecd,VALID
2437,W02253.mp4,C:\Users\Admin\Python Advanced\Deep Learning - CV\Project\data\Dataset\Videos\W02253.mp4,0.46,một đôi,một đôi,Neutral / Unspecified,unknown,94,29.97,1280,720,cf991717793e673b8191a4c0a1c5ff5f,VALID
2438,W02254.mp4,C:\Users\Admin\Python Advanced\Deep Learning - CV\Project\data\Dataset\Videos\W02254.mp4,0.437,một mình,một mình,Neutral / Unspecified,unknown,99,29.97,1280,720,6c1e0b7239319e360a0ce7645a36da7f,VALID
2439,W02255.mp4,C:\Users\Admin\Python Advanced\Deep Learning - CV\Project\data\Dataset\Videos\W02255.mp4,0.653,mơ ngủ,mơ ngủ,Neutral / Unspecified,unknown,100,29.97,1280,720,59439763e497f5562e7d6d8ab28c0d97,VALID
2440,W02256.mp4,C:\Users\Admin\Python Advanced\Deep Learning - CV\Project\data\Dataset\Videos\W02256.mp4,0.4,mơ ước,mơ ước,Neutral / Unspecified,unknown,80,29.97,1280,720,72e25a947779ced34904d810ac5914e4,VALID
2441,W02257.mp4,C:\Users\Admin\Python Advanced\Deep Learning - CV\Project\data\Dataset\Videos\W02257.mp4,0.538,mở,mở,Neutral / Unspecified,unknown,110,29.97,1280,720,abf3134722bfcead6bfffd3f57b00999,VALID
2442,W02258.mp4,C:\Users\Admin\Python Advanced\Deep Learning - CV\Project\data\Dataset\Videos\W02258.mp4,0.696,mở cửa,mở cửa,Neutral / Unspecified,unknown,122,29.97,1280,720,249743b92fe2e7c7529cea765640a836,VALID
2443,W02259.mp4,C:\Users\Admin\Python Advanced\Deep Learning - CV\Project\data\Dataset\Videos\W02259.mp4,0.624,mở đầu,mở đầu,Neutral / Unspecified,unknown,108,29.97,1280,720,1be4afe51c208dd46dda34c276b5e729,VALID
2444,W02260.mp4,C:\Users\Admin\Python Advanced\Deep Learning - CV\Project\data\Dataset\Videos\W02260.mp4,0.739,mở màn,mở màn,Neutral / Unspecified,unknown,131,29.97,1280,720,9425746ef16a1c43ab91ab248e7f4d62,VALID
2445,W02261.mp4,C:\Users\Admin\Python Advanced\Deep Learning - CV\Project\data\Dataset\Videos\W02261.mp4,0.765,mở rộng,mở rộng,Neutral / Unspecified,unknown,121,29.97,1280,720,3d5d6bdc44cde5015a5348fd7ef2f393,VALID
2446,W02262.mp4,C:\Users\Admin\Python Advanced\Deep Learning - CV\Project\data\Dataset\Videos\W02262.mp4,0.731,mớ rau,mớ rau,Neutral / Unspecified,unknown,129,29.97,1280,720,fa5bc568d457a49cecda9da7149a2200,VALID
2447,W02263.mp4,C:\Users\Admin\Python Advanced\Deep Learning - CV\Project\data\Dataset\Videos\W02263.mp4,0.728,mời,mời,Neutral / Unspecified,unknown,123,29.97,1280,720,8defd8d552ceceff5837d98f0a923166,VALID
2448,W02264B.mp4,C:\Users\Admin\Python Advanced\Deep Learning - CV\Project\data\Dataset\Videos\W02264B.mp4,0.628,mới,mới,B (Miền Bắc / North),unknown,107,29.97,1280,720,42b0309fbc390c5068633da684251dc5,VALID
2449,W02264N.mp4,C:\Users\Admin\Python Advanced\Deep Learning - CV\Project\data\Dataset\Videos\W02264N.mp4,0.311,mới,mới,N (Miền Nam / South),unknown,70,29.97,1280,720,0a2712d913675beb61efe0110f039949,VALID
2450,W02264T.mp4,C:\Users\Admin\Python Advanced\Deep Learning - CV\Project\data\Dataset\Videos\W02264T.mp4,0.336,mới,mới,T (Miền Trung / Central),unknown,71,29.97,1280,720,8ee31a59c355818252087532d5ea2864,VALID
2451,W02265.mp4,C:\Users\Admin\Python Advanced\Deep Learning - CV\Project\data\Dataset\Videos\W02265.mp4,0.724,mũ lưỡi trai,mũ lưỡi trai,Neutral / Unspecified,unknown,111,29.97,1280,720,4c44856400820434fc9e23694e35a689,VALID
2452,W02267.mp4,C:\Users\Admin\Python Advanced\Deep Learning - CV\Project\data\Dataset\Videos\W02267.mp4,0.479,mua vé,mua vé,Neutral / Unspecified,unknown,105,29.97,1280,720,8f5f988662af08a3499e1bf07278c01a,VALID
2453,W02270B.mp4,C:\Users\Admin\Python Advanced\Deep Learning - CV\Project\data\Dataset\Videos\W02270B.mp4,0.542,mùa hè,mùa hè,B (Miền Bắc / North),unknown,105,29.97,1280,720,b5971c304f09b588fd44728ed2beb0db,VALID
2454,W02270N.mp4,C:\Users\Admin\Python Advanced\Deep Learning - CV\Project\data\Dataset\Videos\W02270N.mp4,0.363,mùa hè,mùa hè,N (Miền Nam / South),unknown,66,29.97,1280,720,0fdabd04b6ad70d57ad04848d726be28,VALID
2455,W02270T.mp4,C:\Users\Admin\Python Advanced\Deep Learning - CV\Project\data\Dataset\Videos\W02270T.mp4,0.511,mùa hè,mùa hè,T (Miền Trung / Central),unknown,113,29.97,1280,720,e99fe39ce1938e4cf002909442505dca,VALID
2456,W02271.mp4,C:\Users\Admin\Python Advanced\Deep Learning - CV\Project\data\Dataset\Videos\W02271.mp4,0.642,mùa thu,mùa thu,Neutral / Unspecified,unknown,127,29.97,1280,720,c46a048b3a00690cac277b301af8aa85,VALID
2457,W02272N.mp4,C:\Users\Admin\Python Advanced\Deep Learning - CV\Project\data\Dataset\Videos\W02272N.mp4,0.54,mùa xuân,mùa xuân,N (Miền Nam / South),unknown,119,29.97,1280,720,c03948267aac63b5555e104c2b922dcf,VALID
2458,W02272T.mp4,C:\Users\Admin\Python Advanced\Deep Learning - CV\Project\data\Dataset\Videos\W02272T.mp4,0.539,mùa xuân,mùa xuân,T (Miền Trung / Central),unknown,119,29.97,1280,720,cc83beec6c0d19a5fd0319fb55a55ac7,VALID
2459,W02273.mp4,C:\Users\Admin\Python Advanced\Deep Learning - CV\Project\data\Dataset\Videos\W02273.mp4,0.686,múa rối,múa rối,Neutral / Unspecified,unknown,112,29.97,1280,720,06377ad1649f189a6f29698463782130,VALID
2460,W02276.mp4,C:\Users\Admin\Python Advanced\Deep Learning - CV\Project\data\Dataset\Videos\W02276.mp4,0.962,múa,múa,Neutral / Unspecified,unknown,132,29.97,1280,720,7588b67c93f5909bac7b13c24e578620,VALID
2461,W02277.mp4,C:\Users\Admin\Python Advanced\Deep Learning - CV\Project\data\Dataset\Videos\W02277.mp4,0.733,múa lân,múa lân,Neutral / Unspecified,unknown,99,29.97,1280,720,7a66c5626862052eeb0b8e221646ae6f,VALID
2462,W02278.mp4,C:\Users\Admin\Python Advanced\Deep Learning - CV\Project\data\Dataset\Videos\W02278.mp4,0.931,múa sạp,múa sạp,Neutral / Unspecified,unknown,138,29.97,1280,720,84481de1d89e989b4f03a974e6135d20,VALID
2463,W02279.mp4,C:\Users\Admin\Python Advanced\Deep Learning - CV\Project\data\Dataset\Videos\W02279.mp4,0.581,mục lục,mục lục,Neutral / Unspecified,unknown,102,29.97,1280,720,0208760986688188dd93392c97c64b41,VALID
2464,W02280.mp4,C:\Users\Admin\Python Advanced\Deep Learning - CV\Project\data\Dataset\Videos\W02280.mp4,0.7,mui xe,mui xe,Neutral / Unspecified,unknown,135,29.97,1280,720,77ed9ea82de9c34548227406cff72d45,VALID
2465,W02283.mp4,C:\Users\Admin\Python Advanced\Deep Learning - CV\Project\data\Dataset\Videos\W02283.mp4,0.576,mứt,mứt,Neutral / Unspecified,unknown,102,29.97,1280,720,9c7113d2f8c4d612a02eb2dd146ee58b,VALID
2466,W02284.mp4,C:\Users\Admin\Python Advanced\Deep Learning - CV\Project\data\Dataset\Videos\W02284.mp4,0.55,Nam bán cầu,nam bán cầu,Neutral / Unspecified,unknown,106,29.97,1280,720,6a6c6c3958c43795bdf6774e870354e3,VALID
2467,W02285.mp4,C:\Users\Admin\Python Advanced\Deep Learning - CV\Project\data\Dataset\Videos\W02285.mp4,0.486,Nam Định,nam định,Neutral / Unspecified,unknown,97,29.97,1280,720,ed7606dd3ee19bdb9784a27c5f34f22e,VALID
2468,W02289.mp4,C:\Users\Admin\Python Advanced\Deep Learning - CV\Project\data\Dataset\Videos\W02289.mp4,0.49,nạn nhân,nạn nhân,Neutral / Unspecified,unknown,96,29.97,1280,720,b48e1d724410a0c93577bb8c294ad24d,VALID
2469,W02290.mp4,C:\Users\Admin\Python Advanced\Deep Learning - CV\Project\data\Dataset\Videos\W02290.mp4,0.672,"náo động, náo nhiệt","náo động, náo nhiệt",Neutral / Unspecified,unknown,120,29.97,1280,720,de56b5ff4a8daef2741209cf72882334,VALID
2470,W02292B.mp4,C:\Users\Admin\Python Advanced\Deep Learning - CV\Project\data\Dataset\Videos\W02292B.mp4,0.565,nạp điện,nạp điện,B (Miền Bắc / North),unknown,118,29.97,1280,720,fd6cd1798f0eaf8df0033a343cf2274c,VALID
2471,W02292N.mp4,C:\Users\Admin\Python Advanced\Deep Learning - CV\Project\data\Dataset\Videos\W02292N.mp4,0.459,nạp điện,nạp điện,N (Miền Nam / South),unknown,79,29.97,1280,720,59f68120f40d02efa6e85f958ffad8df,VALID
2472,W02292T.mp4,C:\Users\Admin\Python Advanced\Deep Learning - CV\Project\data\Dataset\Videos\W02292T.mp4,0.461,nạp điện,nạp điện,T (Miền Trung / Central),unknown,79,29.97,1280,720,173db2be0d2cd9f95fc51dba4d7ed0f7,VALID
2473,W02295.mp4,C:\Users\Admin\Python Advanced\Deep Learning - CV\Project\data\Dataset\Videos\W02295.mp4,0.563,nằm,nằm,Neutral / Unspecified,unknown,102,29.97,1280,720,69d23d22bc55b33a72ece1c393a4db7e,VALID
2474,W02296.mp4,C:\Users\Admin\Python Advanced\Deep Learning - CV\Project\data\Dataset\Videos\W02296.mp4,2.299,nắn nót,nắn nót,Neutral / Unspecified,unknown,334,29.97,1280,720,2645f735dc3cc46c120c64980461774f,VALID
2475,W02297.mp4,C:\Users\Admin\Python Advanced\Deep Learning - CV\Project\data\Dataset\Videos\W02297.mp4,0.611,năng khiếu,năng khiếu,Neutral / Unspecified,unknown,122,29.97,1280,720,44b0eef218bc22592375c9cdd2d9dbc1,VALID
2476,W02298.mp4,C:\Users\Admin\Python Advanced\Deep Learning - CV\Project\data\Dataset\Videos\W02298.mp4,0.574,năng lực,năng lực,Neutral / Unspecified,unknown,110,29.97,1280,720,aaa58b562f4674996c7edd4550ae849d,VALID
2477,W02301.mp4,C:\Users\Admin\Python Advanced\Deep Learning - CV\Project\data\Dataset\Videos\W02301.mp4,0.488,nặng hơn,nặng hơn,Neutral / Unspecified,unknown,95,29.97,1280,720,48e7f3b135cc372b56333dcd63804ebe,VALID
2478,W02302.mp4,C:\Users\Admin\Python Advanced\Deep Learning - CV\Project\data\Dataset\Videos\W02302.mp4,0.429,nắp,nắp,Neutral / Unspecified,unknown,87,29.97,1280,720,92045fde9b88e7a6e0588f0325a451a2,VALID
2479,W02304.mp4,C:\Users\Admin\Python Advanced\Deep Learning - CV\Project\data\Dataset\Videos\W02304.mp4,0.593,nẻ,nẻ,Neutral / Unspecified,unknown,114,29.97,1280,720,9e23ae6adf6ec65418b0f32b7f625985,VALID
2480,W02305.mp4,C:\Users\Admin\Python Advanced\Deep Learning - CV\Project\data\Dataset\Videos\W02305.mp4,0.565,nén,nén,Neutral / Unspecified,unknown,113,29.97,1280,720,1c4b2a200e3ed1ef75ba2b1af4674f04,VALID
2481,W02311.mp4,C:\Users\Admin\Python Advanced\Deep Learning - CV\Project\data\Dataset\Videos\W02311.mp4,0.676,nét mặt,nét mặt,Neutral / Unspecified,unknown,130,29.97,1280,720,d9181231d6ced73b593b1cec4eaaf3bb,VALID
2482,W02321.mp4,C:\Users\Admin\Python Advanced\Deep Learning - CV\Project\data\Dataset\Videos\W02321.mp4,0.443,nếm,nếm,Neutral / Unspecified,unknown,109,29.97,1280,720,dddb15e501b55cc1bd6e3643eafdedb9,VALID
2483,W02322.mp4,C:\Users\Admin\Python Advanced\Deep Learning - CV\Project\data\Dataset\Videos\W02322.mp4,0.594,nền nhà,nền nhà,Neutral / Unspecified,unknown,112,29.97,1280,720,50f9af14d71703629742a9d044a8e089,VALID
2484,W02323.mp4,C:\Users\Admin\Python Advanced\Deep Learning - CV\Project\data\Dataset\Videos\W02323.mp4,0.507,nến,nến,Neutral / Unspecified,unknown,106,29.97,1280,720,5cee7fea0c226a2b6e2e008cf3d29633,VALID
2485,W02324.mp4,C:\Users\Admin\Python Advanced\Deep Learning - CV\Project\data\Dataset\Videos\W02324.mp4,0.635,ngà voi,ngà voi,Neutral / Unspecified,unknown,114,29.97,1280,720,5c177a5f2c3a5d0c438f8980fc43cc9b,VALID
2486,W02325.mp4,C:\Users\Admin\Python Advanced\Deep Learning - CV\Project\data\Dataset\Videos\W02325.mp4,1.133,ngã ba,ngã ba,Neutral / Unspecified,unknown,217,29.97,1280,720,046ac984189bbd29b97d11e245a74998,VALID
2487,W02327B.mp4,C:\Users\Admin\Python Advanced\Deep Learning - CV\Project\data\Dataset\Videos\W02327B.mp4,0.823,ngày khai trường,ngày khai trường,B (Miền Bắc / North),unknown,144,29.97,1280,720,57bd4110f805d0da39bc6d3fa76d4636,VALID
2488,W02328N.mp4,C:\Users\Admin\Python Advanced\Deep Learning - CV\Project\data\Dataset\Videos\W02328N.mp4,0.787,ngày Nhà giáo Việt nam,ngày nhà giáo việt nam,N (Miền Nam / South),unknown,116,29.97,1280,720,91bbb9649395c449e7a3d19a07be66f8,VALID
2489,W02328T.mp4,C:\Users\Admin\Python Advanced\Deep Learning - CV\Project\data\Dataset\Videos\W02328T.mp4,1.112,ngày Nhà giáo Việt nam,ngày nhà giáo việt nam,T (Miền Trung / Central),unknown,190,29.97,1280,720,55e2b7f1df4e42b98c1639975e8a17fc,VALID
2490,W02329B.mp4,C:\Users\Admin\Python Advanced\Deep Learning - CV\Project\data\Dataset\Videos\W02329B.mp4,0.809,ngày tháng,ngày tháng,B (Miền Bắc / North),unknown,126,29.97,1280,720,0cd6a3dadeb78139084fe43235d8114a,VALID
2491,W02329T.mp4,C:\Users\Admin\Python Advanced\Deep Learning - CV\Project\data\Dataset\Videos\W02329T.mp4,0.66,ngày tháng,ngày tháng,T (Miền Trung / Central),unknown,139,29.97,1280,720,5c4635e2fea089de89db44f92d95b4f6,VALID
2492,W02330.mp4,C:\Users\Admin\Python Advanced\Deep Learning - CV\Project\data\Dataset\Videos\W02330.mp4,0.514,ngã,ngã,Neutral / Unspecified,unknown,88,29.97,1280,720,8a3a52989b87cf172ba322fc08fb065d,VALID
2493,W02332.mp4,C:\Users\Admin\Python Advanced\Deep Learning - CV\Project\data\Dataset\Videos\W02332.mp4,0.45,ngạc nhiên,ngạc nhiên,Neutral / Unspecified,unknown,87,29.97,1280,720,78135dcd31409694686e478b282bf97f,VALID
2494,W02334.mp4,C:\Users\Admin\Python Advanced\Deep Learning - CV\Project\data\Dataset\Videos\W02334.mp4,0.705,ngày đêm,ngày đêm,Neutral / Unspecified,unknown,114,29.97,1280,720,32511727e15bfb31961a45e3601de37d,VALID
2495,W02336B.mp4,C:\Users\Admin\Python Advanced\Deep Learning - CV\Project\data\Dataset\Videos\W02336B.mp4,0.604,ngày nay,ngày nay,B (Miền Bắc / North),unknown,123,29.97,1280,720,0e50188459b643780d78ddfb226c2749,VALID
2496,W02336N.mp4,C:\Users\Admin\Python Advanced\Deep Learning - CV\Project\data\Dataset\Videos\W02336N.mp4,0.576,ngày nay,ngày nay,N (Miền Nam / South),unknown,103,29.97,1280,720,feea455125d5ba604e72fb17a2d426a4,VALID
2497,W02336T.mp4,C:\Users\Admin\Python Advanced\Deep Learning - CV\Project\data\Dataset\Videos\W02336T.mp4,0.377,ngày nay,ngày nay,T (Miền Trung / Central),unknown,75,29.97,1280,720,7e048ba279e7c9792a867773f52fab37,VALID
2498,W02337B.mp4,C:\Users\Admin\Python Advanced\Deep Learning - CV\Project\data\Dataset\Videos\W02337B.mp4,0.834,ngày Quốc tế Lao động,ngày quốc tế lao động,B (Miền Bắc / North),unknown,144,29.97,1280,720,f9ad3f64fc164563dcdc17edb519e504,VALID
2499,W02337N.mp4,C:\Users\Admin\Python Advanced\Deep Learning - CV\Project\data\Dataset\Videos\W02337N.mp4,1.036,ngày Quốc tế Lao động,ngày quốc tế lao động,N (Miền Nam / South),unknown,179,29.97,1280,720,c862f5a62902bbabb8b877f23b2351a2,VALID
2500,W02337T.mp4,C:\Users\Admin\Python Advanced\Deep Learning - CV\Project\data\Dataset\Videos\W02337T.mp4,1.155,ngày Quốc tế Lao động,ngày quốc tế lao động,T (Miền Trung / Central),unknown,173,29.97,1280,720,e565b5e3847351e506b9bb91254f5535,VALID
2501,W02338B.mp4,C:\Users\Admin\Python Advanced\Deep Learning - CV\Project\data\Dataset\Videos\W02338B.mp4,0.799,ngày sinh,ngày sinh,B (Miền Bắc / North),unknown,130,29.97,1280,720,e8aa9142afbffc0fa09d3ba589715391,VALID
2502,W02338N.mp4,C:\Users\Admin\Python Advanced\Deep Learning - CV\Project\data\Dataset\Videos\W02338N.mp4,0.386,ngày sinh,ngày sinh,N (Miền Nam / South),unknown,68,29.97,1280,720,177e5dd73dc97738f87c4eef228dbdf9,VALID
2503,W02339.mp4,C:\Users\Admin\Python Advanced\Deep Learning - CV\Project\data\Dataset\Videos\W02339.mp4,0.761,ngày xưa,ngày xưa,Neutral / Unspecified,unknown,114,29.97,1280,720,3dea4ad0fd07d63c427b54a6bc358bbe,VALID
2504,W02340.mp4,C:\Users\Admin\Python Advanced\Deep Learning - CV\Project\data\Dataset\Videos\W02340.mp4,1.164,ngăn cản,ngăn cản,Neutral / Unspecified,unknown,194,29.97,1280,720,3827f1efd3d0d949126b14a0d0ac314a,VALID
2505,W02342.mp4,C:\Users\Admin\Python Advanced\Deep Learning - CV\Project\data\Dataset\Videos\W02342.mp4,1.299,ngăn chặn,ngăn chặn,Neutral / Unspecified,unknown,213,29.97,1280,720,29979cfa99bc7d9a21a8e8478965543a,VALID
2506,W02343.mp4,C:\Users\Admin\Python Advanced\Deep Learning - CV\Project\data\Dataset\Videos\W02343.mp4,0.557,ngắn,ngắn,Neutral / Unspecified,unknown,112,29.97,1280,720,00dc8a15877a2ff3f1617760ac167052,VALID
2507,W02344.mp4,C:\Users\Admin\Python Advanced\Deep Learning - CV\Project\data\Dataset\Videos\W02344.mp4,0.594,ngắn nhất,ngắn nhất,Neutral / Unspecified,unknown,103,29.97,1280,720,53efbf946453326efed6076183d3f4aa,VALID
2508,W02345B.mp4,C:\Users\Admin\Python Advanced\Deep Learning - CV\Project\data\Dataset\Videos\W02345B.mp4,0.65,ngắt hoa,ngắt hoa,B (Miền Bắc / North),unknown,115,29.97,1280,720,032803167de604b22601159e5f94e95e,VALID
2509,W02346.mp4,C:\Users\Admin\Python Advanced\Deep Learning - CV\Project\data\Dataset\Videos\W02346.mp4,0.612,ngâm hạt,ngâm hạt,Neutral / Unspecified,unknown,116,29.97,1280,720,c56124fe1a765ce45554ad13ca6c1188,VALID
2510,W02348.mp4,C:\Users\Admin\Python Advanced\Deep Learning - CV\Project\data\Dataset\Videos\W02348.mp4,0.652,ngân hàng,ngân hàng,Neutral / Unspecified,unknown,124,29.97,1280,720,b4ba9ee98054805f021466f191545162,VALID
2511,W02352.mp4,C:\Users\Admin\Python Advanced\Deep Learning - CV\Project\data\Dataset\Videos\W02352.mp4,0.891,ngây thơ,ngây thơ,Neutral / Unspecified,unknown,165,29.97,1280,720,053b7a1f064ced18acb57b4566f2f9bd,VALID
2512,W02353.mp4,C:\Users\Admin\Python Advanced\Deep Learning - CV\Project\data\Dataset\Videos\W02353.mp4,0.644,nghe,nghe,Neutral / Unspecified,unknown,132,29.97,1280,720,378fc93f913ebc24af1838f0657a7b05,VALID
2513,W02354B.mp4,C:\Users\Admin\Python Advanced\Deep Learning - CV\Project\data\Dataset\Videos\W02354B.mp4,0.843,nghé,nghé,B (Miền Bắc / North),unknown,124,29.97,1280,720,e89188b146be518c7d2ab4001cdec217,VALID
2514,W02354N.mp4,C:\Users\Admin\Python Advanced\Deep Learning - CV\Project\data\Dataset\Videos\W02354N.mp4,0.49,nghé,nghé,N (Miền Nam / South),unknown,76,29.97,1280,720,ec84902e83298559874f5f082d19649d,VALID
2515,W02355.mp4,C:\Users\Admin\Python Advanced\Deep Learning - CV\Project\data\Dataset\Videos\W02355.mp4,0.739,nghẹn ngào,nghẹn ngào,Neutral / Unspecified,unknown,153,29.97,1280,720,f44e1eabd0a403abab10075a35c98df7,VALID
2516,W02356.mp4,C:\Users\Admin\Python Advanced\Deep Learning - CV\Project\data\Dataset\Videos\W02356.mp4,0.518,nghệ sĩ,nghệ sĩ,Neutral / Unspecified,unknown,103,29.97,1280,720,246ab5f07a894facc515898e9bc1a12b,VALID
2517,W02357B.mp4,C:\Users\Admin\Python Advanced\Deep Learning - CV\Project\data\Dataset\Videos\W02357B.mp4,0.553,nghệ thuật,nghệ thuật,B (Miền Bắc / North),unknown,110,29.97,1280,720,3183d518e0b1fe1cadb78c1a0a2c9f1b,VALID
2518,W02357N.mp4,C:\Users\Admin\Python Advanced\Deep Learning - CV\Project\data\Dataset\Videos\W02357N.mp4,0.402,nghệ thuật,nghệ thuật,N (Miền Nam / South),unknown,75,29.97,1280,720,a9a490076888f16ca33058eff5d14cdd,VALID
2519,W02357T.mp4,C:\Users\Admin\Python Advanced\Deep Learning - CV\Project\data\Dataset\Videos\W02357T.mp4,0.403,nghệ thuật,nghệ thuật,T (Miền Trung / Central),unknown,75,29.97,1280,720,70b249df7689be610e084427d0e99eb8,VALID
2520,W02359B.mp4,C:\Users\Admin\Python Advanced\Deep Learning - CV\Project\data\Dataset\Videos\W02359B.mp4,0.517,nghi ngờ,nghi ngờ,B (Miền Bắc / North),unknown,112,29.97,1280,720,837771b6bf04beec4d32aed2f89cdd87,VALID
2521,W02359N.mp4,C:\Users\Admin\Python Advanced\Deep Learning - CV\Project\data\Dataset\Videos\W02359N.mp4,0.55,nghi ngờ,nghi ngờ,N (Miền Nam / South),unknown,110,29.97,1280,720,cc99cfbab5f619335335c208e5d2b6ad,VALID
2522,W02359T.mp4,C:\Users\Admin\Python Advanced\Deep Learning - CV\Project\data\Dataset\Videos\W02359T.mp4,0.555,nghi ngờ,nghi ngờ,T (Miền Trung / Central),unknown,110,29.97,1280,720,dd7f9e99211d9191692442fce1ceb967,VALID
2523,W02360B.mp4,C:\Users\Admin\Python Advanced\Deep Learning - CV\Project\data\Dataset\Videos\W02360B.mp4,0.721,nghỉ hè,nghỉ hè,B (Miền Bắc / North),unknown,134,29.97,1280,720,952819d68bf1b0f41f33613abba4a2f2,VALID
2524,W02360N.mp4,C:\Users\Admin\Python Advanced\Deep Learning - CV\Project\data\Dataset\Videos\W02360N.mp4,0.495,nghỉ hè,nghỉ hè,N (Miền Nam / South),unknown,85,29.97,1280,720,19d940e1bc8789cf5a739d2e8126ab0e,VALID
2525,W02360T.mp4,C:\Users\Admin\Python Advanced\Deep Learning - CV\Project\data\Dataset\Videos\W02360T.mp4,0.546,nghỉ hè,nghỉ hè,T (Miền Trung / Central),unknown,117,29.97,1280,720,ed15c730749bedfa560a98fee1da5ded,VALID
2526,W02361B.mp4,C:\Users\Admin\Python Advanced\Deep Learning - CV\Project\data\Dataset\Videos\W02361B.mp4,0.446,nghỉ học,nghỉ học,B (Miền Bắc / North),unknown,100,29.97,1280,720,18da874630971d9a6a281101cc24a45d,VALID
2527,W02361N.mp4,C:\Users\Admin\Python Advanced\Deep Learning - CV\Project\data\Dataset\Videos\W02361N.mp4,0.416,nghỉ học,nghỉ học,N (Miền Nam / South),unknown,80,29.97,1280,720,68d49a9be9a09232fd3aea77a9cbe04e,VALID
2528,W02361T.mp4,C:\Users\Admin\Python Advanced\Deep Learning - CV\Project\data\Dataset\Videos\W02361T.mp4,0.452,nghỉ học,nghỉ học,T (Miền Trung / Central),unknown,100,29.97,1280,720,7c89e5e222992d8e87a1bacdd0d65232,VALID
2529,W02362.mp4,C:\Users\Admin\Python Advanced\Deep Learning - CV\Project\data\Dataset\Videos\W02362.mp4,0.725,nghỉ hưu,nghỉ hưu,Neutral / Unspecified,unknown,133,29.97,1280,720,c551a836d6061af0175b0712fb4eeb5e,VALID
2530,W02363.mp4,C:\Users\Admin\Python Advanced\Deep Learning - CV\Project\data\Dataset\Videos\W02363.mp4,0.679,nghỉ mát,nghỉ mát,Neutral / Unspecified,unknown,135,29.97,1280,720,a44da12d1e02ddb2415d9741049927fb,VALID
2531,W02364.mp4,C:\Users\Admin\Python Advanced\Deep Learning - CV\Project\data\Dataset\Videos\W02364.mp4,0.727,nghỉ ngơi,nghỉ ngơi,Neutral / Unspecified,unknown,136,29.97,1280,720,a6407d40c3896fcf0e4d68c632ffe150,VALID
2532,W02366.mp4,C:\Users\Admin\Python Advanced\Deep Learning - CV\Project\data\Dataset\Videos\W02366.mp4,0.54,nghĩa đen,nghĩa đen,Neutral / Unspecified,unknown,114,29.97,1280,720,a8bd4ed534a4dbc402e233caf4fad6bc,VALID
2533,W02368.mp4,C:\Users\Admin\Python Advanced\Deep Learning - CV\Project\data\Dataset\Videos\W02368.mp4,0.633,nghĩ,nghĩ,Neutral / Unspecified,unknown,125,29.97,1280,720,eee3b9f06f52416c2b9dde4e509e5064,VALID
2534,W02369.mp4,C:\Users\Admin\Python Advanced\Deep Learning - CV\Project\data\Dataset\Videos\W02369.mp4,0.559,nghị lực,nghị lực,Neutral / Unspecified,unknown,109,29.97,1280,720,3af969648a0518cc92805b083955f879,VALID
2535,W02371.mp4,C:\Users\Admin\Python Advanced\Deep Learning - CV\Project\data\Dataset\Videos\W02371.mp4,0.677,nghĩa trang,nghĩa trang,Neutral / Unspecified,unknown,107,29.97,1280,720,590a5df8f05a139d74a29f61cb32aeda,VALID
2536,W02373B.mp4,C:\Users\Admin\Python Advanced\Deep Learning - CV\Project\data\Dataset\Videos\W02373B.mp4,0.333,nghiêm khắc,nghiêm khắc,B (Miền Bắc / North),unknown,90,29.97,1280,720,12a7a04f32e40b13ae5b900f8f6d480a,VALID
2537,W02373T.mp4,C:\Users\Admin\Python Advanced\Deep Learning - CV\Project\data\Dataset\Videos\W02373T.mp4,0.449,nghiêm khắc,nghiêm khắc,T (Miền Trung / Central),unknown,89,29.97,1280,720,97a9a6ba6001a5f64a23f3b530b3f807,VALID
2538,W02374.mp4,C:\Users\Admin\Python Advanced\Deep Learning - CV\Project\data\Dataset\Videos\W02374.mp4,0.688,nghiêm túc,nghiêm túc,Neutral / Unspecified,unknown,141,29.97,1280,720,f127af7f7dc440d2ba8cbbc069b18952,VALID
2539,W02375.mp4,C:\Users\Admin\Python Advanced\Deep Learning - CV\Project\data\Dataset\Videos\W02375.mp4,0.723,nghiến răng,nghiến răng,Neutral / Unspecified,unknown,153,29.97,1280,720,3b63d8593370a2cf698c19e923a0ce8e,VALID
2540,W02378.mp4,C:\Users\Admin\Python Advanced\Deep Learning - CV\Project\data\Dataset\Videos\W02378.mp4,0.712,ngoại hình,ngoại hình,Neutral / Unspecified,unknown,119,29.97,1280,720,f0c979e3bf19b394a7fd796e3c045a48,VALID
2541,W02380.mp4,C:\Users\Admin\Python Advanced\Deep Learning - CV\Project\data\Dataset\Videos\W02380.mp4,0.464,xâm hại tình dục,xâm hại tình dục,Neutral / Unspecified,unknown,97,29.97,1280,720,a6165b2284325c154b0a46d0685b41c7,VALID
2542,W02381.mp4,C:\Users\Admin\Python Advanced\Deep Learning - CV\Project\data\Dataset\Videos\W02381.mp4,0.742,ngoan ngoãn,ngoan ngoãn,Neutral / Unspecified,unknown,148,29.97,1280,720,7a374f5907e357fec0c5519bea5e5319,VALID
2543,W02383.mp4,C:\Users\Admin\Python Advanced\Deep Learning - CV\Project\data\Dataset\Videos\W02383.mp4,0.614,ngoặc đơn,ngoặc đơn,Neutral / Unspecified,unknown,129,29.97,1280,720,a1b5c7441681830c5879e3727d20d8de,VALID
2544,W02385.mp4,C:\Users\Admin\Python Advanced\Deep Learning - CV\Project\data\Dataset\Videos\W02385.mp4,1.022,ngoằn ngoèo,ngoằn ngoèo,Neutral / Unspecified,unknown,148,29.97,1280,720,08ba7f86d5a7b410d528582c9c64f5d7,VALID
2545,W02387.mp4,C:\Users\Admin\Python Advanced\Deep Learning - CV\Project\data\Dataset\Videos\W02387.mp4,0.855,ngói,ngói,Neutral / Unspecified,unknown,139,29.97,1280,720,e632e1cce757859f37f953702ea67971,VALID
2546,W02388.mp4,C:\Users\Admin\Python Advanced\Deep Learning - CV\Project\data\Dataset\Videos\W02388.mp4,0.908,ngon giấc,ngon giấc,Neutral / Unspecified,unknown,158,29.97,1280,720,ae4e3acff48eec8a697415adf442f442,VALID
2547,W02390.mp4,C:\Users\Admin\Python Advanced\Deep Learning - CV\Project\data\Dataset\Videos\W02390.mp4,0.537,ngon miệng,ngon miệng,Neutral / Unspecified,unknown,110,29.97,1280,720,453d7357143c9390116f34090b6bae25,VALID
2548,W02392.mp4,C:\Users\Admin\Python Advanced\Deep Learning - CV\Project\data\Dataset\Videos\W02392.mp4,0.516,ngón chân,ngón chân,Neutral / Unspecified,unknown,109,29.97,1280,720,7ad12deb2dd04041cc3cc461deffcc33,VALID
2549,W02393.mp4,C:\Users\Admin\Python Advanced\Deep Learning - CV\Project\data\Dataset\Videos\W02393.mp4,0.573,ngón tay,ngón tay,Neutral / Unspecified,unknown,120,29.97,1280,720,441f7e162c20f4ae8eac01938b68e07c,VALID
2550,W02394B.mp4,C:\Users\Admin\Python Advanced\Deep Learning - CV\Project\data\Dataset\Videos\W02394B.mp4,0.743,ngọn cây,ngọn cây,B (Miền Bắc / North),unknown,120,29.97,1280,720,4cf0aebbbd3ccc002918b5a3b4f9971e,VALID
2551,W02394N.mp4,C:\Users\Admin\Python Advanced\Deep Learning - CV\Project\data\Dataset\Videos\W02394N.mp4,0.449,ngọn cây,ngọn cây,N (Miền Nam / South),unknown,74,29.97,1280,720,79632057b13398ef351f7d716dffc2fe,VALID
2552,W02395T.mp4,C:\Users\Admin\Python Advanced\Deep Learning - CV\Project\data\Dataset\Videos\W02395T.mp4,0.281,ngô,ngô,T (Miền Trung / Central),unknown,65,29.97,1280,720,c8dc6215b883936689aff215d862e708,VALID
2553,W02398.mp4,C:\Users\Admin\Python Advanced\Deep Learning - CV\Project\data\Dataset\Videos\W02398.mp4,0.503,ngộ độc,ngộ độc,Neutral / Unspecified,unknown,107,29.97,1280,720,770812b3dad9fb55dfb868b287e95f82,VALID
2554,W02399.mp4,C:\Users\Admin\Python Advanced\Deep Learning - CV\Project\data\Dataset\Videos\W02399.mp4,0.983,ngộ nghĩnh,ngộ nghĩnh,Neutral / Unspecified,unknown,170,29.97,1280,720,c4b90eaace95dc07c1846b06bcb63aef,VALID
2555,W02400N.mp4,C:\Users\Admin\Python Advanced\Deep Learning - CV\Project\data\Dataset\Videos\W02400N.mp4,0.359,ngồi,ngồi,N (Miền Nam / South),unknown,68,29.97,1280,720,837e7e9acbb4a7dfeed87b47bf98b802,VALID
2556,W02400T.mp4,C:\Users\Admin\Python Advanced\Deep Learning - CV\Project\data\Dataset\Videos\W02400T.mp4,0.523,ngồi,ngồi,T (Miền Trung / Central),unknown,95,29.97,1280,720,7604ac778a366fea1c2247597f3e669e,VALID
2557,W02401.mp4,C:\Users\Admin\Python Advanced\Deep Learning - CV\Project\data\Dataset\Videos\W02401.mp4,0.555,ngôn ngữ,ngôn ngữ,Neutral / Unspecified,unknown,109,29.97,1280,720,adc8011841019e28b24235ce175ddc5c,VALID
2558,W02402B.mp4,C:\Users\Admin\Python Advanced\Deep Learning - CV\Project\data\Dataset\Videos\W02402B.mp4,0.545,ngũ quả,ngũ quả,B (Miền Bắc / North),unknown,101,29.97,1280,720,3c64997931d155fee4ffc0d7844b2ba3,VALID
2559,W02402N.mp4,C:\Users\Admin\Python Advanced\Deep Learning - CV\Project\data\Dataset\Videos\W02402N.mp4,0.861,ngũ quả,ngũ quả,N (Miền Nam / South),unknown,118,29.97,1280,720,67300aebeb6fac63dfd584bd58c961cb,VALID
2560,W02403.mp4,C:\Users\Admin\Python Advanced\Deep Learning - CV\Project\data\Dataset\Videos\W02403.mp4,0.557,nguệch ngoạc,nguệch ngoạc,Neutral / Unspecified,unknown,105,29.97,1280,720,9ff352de103e333483d1e7377df69218,VALID
2561,W02404.mp4,C:\Users\Admin\Python Advanced\Deep Learning - CV\Project\data\Dataset\Videos\W02404.mp4,0.454,nguồn gốc,nguồn gốc,Neutral / Unspecified,unknown,101,29.97,1280,720,43cbb313ea633c2f565d4e620fe17885,VALID
2562,W02405B.mp4,C:\Users\Admin\Python Advanced\Deep Learning - CV\Project\data\Dataset\Videos\W02405B.mp4,0.511,nguy hiểm,nguy hiểm,B (Miền Bắc / North),unknown,103,29.97,1280,720,b516bc19997fe0e83dbe0b7ecf786021,VALID
2563,W02405N.mp4,C:\Users\Admin\Python Advanced\Deep Learning - CV\Project\data\Dataset\Videos\W02405N.mp4,0.575,nguy hiểm,nguy hiểm,N (Miền Nam / South),unknown,115,29.97,1280,720,4b763775c8d3e70446dc6ce594184d5f,VALID
2564,W02405T.mp4,C:\Users\Admin\Python Advanced\Deep Learning - CV\Project\data\Dataset\Videos\W02405T.mp4,0.604,nguy hiểm,nguy hiểm,T (Miền Trung / Central),unknown,115,29.97,1280,720,df3d149b097dd91da1bf3c6322f1df89,VALID
2565,W02418.mp4,C:\Users\Admin\Python Advanced\Deep Learning - CV\Project\data\Dataset\Videos\W02418.mp4,0.658,nguyện vọng,nguyện vọng,Neutral / Unspecified,unknown,143,29.97,1280,720,7404d0ff2f2493ce4c5ac3630b6bce34,VALID
2566,W02421.mp4,C:\Users\Admin\Python Advanced\Deep Learning - CV\Project\data\Dataset\Videos\W02421.mp4,0.448,ngữ điệu,ngữ điệu,Neutral / Unspecified,unknown,97,29.97,1280,720,398c57a7ab51eb72656f8e9e95665063,VALID
2567,W02422.mp4,C:\Users\Admin\Python Advanced\Deep Learning - CV\Project\data\Dataset\Videos\W02422.mp4,0.801,ngước nhìn,ngước nhìn,Neutral / Unspecified,unknown,151,29.97,1280,720,d36136a7478099c7cb7ce020d1cabfed,VALID
2568,W02424.mp4,C:\Users\Admin\Python Advanced\Deep Learning - CV\Project\data\Dataset\Videos\W02424.mp4,0.692,ngược lại,ngược lại,Neutral / Unspecified,unknown,139,29.97,1280,720,fe22fe8b619e848605493e153874d8ec,VALID
2569,W02426.mp4,C:\Users\Admin\Python Advanced\Deep Learning - CV\Project\data\Dataset\Videos\W02426.mp4,0.703,người bán hàng,người bán hàng,Neutral / Unspecified,unknown,145,29.97,1280,720,2ac6a30444150ef31180081f88c7dec8,VALID
2570,W02428.mp4,C:\Users\Admin\Python Advanced\Deep Learning - CV\Project\data\Dataset\Videos\W02428.mp4,0.633,người gửi,người gửi,Neutral / Unspecified,unknown,129,29.97,1280,720,df381cd2c7f7baae534778a2d38267ab,VALID
2571,W02430B.mp4,C:\Users\Admin\Python Advanced\Deep Learning - CV\Project\data\Dataset\Videos\W02430B.mp4,0.614,người lái xe (ô tô),người lái xe (ô tô),B (Miền Bắc / North),unknown,103,29.97,1280,720,de475515ccc3dbc5a2e477c93f1e5ce4,VALID
2572,W02430N.mp4,C:\Users\Admin\Python Advanced\Deep Learning - CV\Project\data\Dataset\Videos\W02430N.mp4,0.708,người lái xe (ô tô),người lái xe (ô tô),N (Miền Nam / South),unknown,108,29.97,1280,720,108cd1ba8ce9d592f452cdb0df1b8fa9,VALID
2573,W02430T.mp4,C:\Users\Admin\Python Advanced\Deep Learning - CV\Project\data\Dataset\Videos\W02430T.mp4,0.709,người lái xe (ô tô),người lái xe (ô tô),T (Miền Trung / Central),unknown,108,29.97,1280,720,5d5a79436a44a27ab8e7c179062c8e9a,VALID
2574,W02431.mp4,C:\Users\Admin\Python Advanced\Deep Learning - CV\Project\data\Dataset\Videos\W02431.mp4,0.411,người lạ,người lạ,Neutral / Unspecified,unknown,110,29.97,1280,720,241069f672cff25b837716bb60554c70,VALID
2575,W02433.mp4,C:\Users\Admin\Python Advanced\Deep Learning - CV\Project\data\Dataset\Videos\W02433.mp4,0.601,người nhận,người nhận,Neutral / Unspecified,unknown,120,29.97,1280,720,45eaed008c525f5b047b30d313fdb716,VALID
2576,W02435B.mp4,C:\Users\Admin\Python Advanced\Deep Learning - CV\Project\data\Dataset\Videos\W02435B.mp4,0.627,người quen,người quen,B (Miền Bắc / North),unknown,115,29.97,1280,720,2d43e324681bd5054f8b6d29255d3d98,VALID
2577,W02435N.mp4,C:\Users\Admin\Python Advanced\Deep Learning - CV\Project\data\Dataset\Videos\W02435N.mp4,0.418,người quen,người quen,N (Miền Nam / South),unknown,85,29.97,1280,720,6bb2ab9c78a04bd2800f8fb72db546e8,VALID
2578,W02435T.mp4,C:\Users\Admin\Python Advanced\Deep Learning - CV\Project\data\Dataset\Videos\W02435T.mp4,0.418,người quen,người quen,T (Miền Trung / Central),unknown,85,29.97,1280,720,49ee6ddf91de53992f867205c8b12694,VALID
2579,W02437B.mp4,C:\Users\Admin\Python Advanced\Deep Learning - CV\Project\data\Dataset\Videos\W02437B.mp4,0.638,người xấu,người xấu,B (Miền Bắc / North),unknown,113,29.97,1280,720,f4194eb6e1e26edaf086cfd7ea489c7b,VALID
2580,W02437N.mp4,C:\Users\Admin\Python Advanced\Deep Learning - CV\Project\data\Dataset\Videos\W02437N.mp4,0.492,người xấu,người xấu,N (Miền Nam / South),unknown,91,29.97,1280,720,4b09c376a908f91e09af9f63301ad22c,VALID
2581,W02438B.mp4,C:\Users\Admin\Python Advanced\Deep Learning - CV\Project\data\Dataset\Videos\W02438B.mp4,0.623,người xưa,người xưa,B (Miền Bắc / North),unknown,106,29.97,1280,720,a62b0bee302fb648bbb275e19448d9c8,VALID
2582,W02438N.mp4,C:\Users\Admin\Python Advanced\Deep Learning - CV\Project\data\Dataset\Videos\W02438N.mp4,0.651,người xưa,người xưa,N (Miền Nam / South),unknown,85,29.97,1280,720,289c2facaf3ea7bfbb3897211b3c323b,VALID
2583,W02438T.mp4,C:\Users\Admin\Python Advanced\Deep Learning - CV\Project\data\Dataset\Videos\W02438T.mp4,1.059,người xưa,người xưa,T (Miền Trung / Central),unknown,156,29.97,1280,720,1a93d5cc5c4a078f2f045a181951db14,VALID
2584,W02439B.mp4,C:\Users\Admin\Python Advanced\Deep Learning - CV\Project\data\Dataset\Videos\W02439B.mp4,0.948,người yêu,người yêu,B (Miền Bắc / North),unknown,181,29.97,1280,720,fcfa95c75adf689fef10d0c0c771252e,VALID
2585,W02439N.mp4,C:\Users\Admin\Python Advanced\Deep Learning - CV\Project\data\Dataset\Videos\W02439N.mp4,0.341,người yêu,người yêu,N (Miền Nam / South),unknown,74,29.97,1280,720,63f84dd5e1b0acd8b3b177cf929ec6ee,VALID
2586,W02439T.mp4,C:\Users\Admin\Python Advanced\Deep Learning - CV\Project\data\Dataset\Videos\W02439T.mp4,0.412,người yêu,người yêu,T (Miền Trung / Central),unknown,104,29.97,1280,720,8b31f4cedc3281e9d6128b80561f666e,VALID
2587,W02441.mp4,C:\Users\Admin\Python Advanced\Deep Learning - CV\Project\data\Dataset\Videos\W02441.mp4,0.584,nhà bác học,nhà bác học,Neutral / Unspecified,unknown,131,29.97,1280,720,0f0f5e38c1a8965a994e5bd6d76e3b29,VALID
2588,W02447.mp4,C:\Users\Admin\Python Advanced\Deep Learning - CV\Project\data\Dataset\Videos\W02447.mp4,0.714,nhà sàn,nhà sàn,Neutral / Unspecified,unknown,121,29.97,1280,720,10569c617184a90749340af05c41a437,VALID
2589,W02448.mp4,C:\Users\Admin\Python Advanced\Deep Learning - CV\Project\data\Dataset\Videos\W02448.mp4,0.589,nhà tầng,nhà tầng,Neutral / Unspecified,unknown,123,29.97,1280,720,0de685a62735e38d4e771128928cd96f,VALID
2590,W02450.mp4,C:\Users\Admin\Python Advanced\Deep Learning - CV\Project\data\Dataset\Videos\W02450.mp4,0.663,nhà thờ,nhà thờ,Neutral / Unspecified,unknown,151,29.97,1280,720,6b8e0216642d6192b59ef01f73bd0f7a,VALID
2591,W02451.mp4,C:\Users\Admin\Python Advanced\Deep Learning - CV\Project\data\Dataset\Videos\W02451.mp4,0.546,nhà thờ Đức Bà,nhà thờ đức bà,Neutral / Unspecified,unknown,131,29.97,1280,720,2d97fa53429345b9a4442a5ad599e7e7,VALID
2592,W02453.mp4,C:\Users\Admin\Python Advanced\Deep Learning - CV\Project\data\Dataset\Videos\W02453.mp4,0.468,nhà toán học,nhà toán học,Neutral / Unspecified,unknown,128,29.97,1280,720,c631d6e0cd682db2c0f00c157255c176,VALID
2593,W02455N.mp4,C:\Users\Admin\Python Advanced\Deep Learning - CV\Project\data\Dataset\Videos\W02455N.mp4,0.517,nhà trường,nhà trường,N (Miền Nam / South),unknown,104,29.97,1280,720,e07cfcef876f65edd525968db1142d32,VALID
2594,W02455T.mp4,C:\Users\Admin\Python Advanced\Deep Learning - CV\Project\data\Dataset\Videos\W02455T.mp4,0.518,nhà trường,nhà trường,T (Miền Trung / Central),unknown,104,29.97,1280,720,e0ff205ac8e75f4d12a377be40f777b9,VALID
2595,W02461B.mp4,C:\Users\Admin\Python Advanced\Deep Learning - CV\Project\data\Dataset\Videos\W02461B.mp4,0.587,nhãn vở,nhãn vở,B (Miền Bắc / North),unknown,110,29.97,1280,720,f69e5f7a5396ee359cf5964392600efb,VALID
2596,W02461N.mp4,C:\Users\Admin\Python Advanced\Deep Learning - CV\Project\data\Dataset\Videos\W02461N.mp4,0.776,nhãn vở,nhãn vở,N (Miền Nam / South),unknown,151,29.97,1280,720,6aa732f23c2cc96a61e897ea76df334e,VALID
2597,W02461T.mp4,C:\Users\Admin\Python Advanced\Deep Learning - CV\Project\data\Dataset\Videos\W02461T.mp4,0.72,nhãn vở,nhãn vở,T (Miền Trung / Central),unknown,142,29.97,1280,720,0c68e280ca5857d6b8bd44ef20992b79,VALID
2598,W02463.mp4,C:\Users\Admin\Python Advanced\Deep Learning - CV\Project\data\Dataset\Videos\W02463.mp4,0.761,nhào lộn,nhào lộn,Neutral / Unspecified,unknown,126,29.97,1280,720,c08bdbb3f7888de61a861d7493668457,VALID
2599,W02464.mp4,C:\Users\Admin\Python Advanced\Deep Learning - CV\Project\data\Dataset\Videos\W02464.mp4,0.496,nhát gan,nhát gan,Neutral / Unspecified,unknown,95,29.97,1280,720,0fe294f0a6c555af74ef6203a1cd0a80,VALID
2600,W02465.mp4,C:\Users\Admin\Python Advanced\Deep Learning - CV\Project\data\Dataset\Videos\W02465.mp4,0.66,nhảy cao,nhảy cao,Neutral / Unspecified,unknown,122,29.97,1280,720,014a156ac3b8a020b8cf36905abbfae6,VALID
2601,W02466.mp4,C:\Users\Admin\Python Advanced\Deep Learning - CV\Project\data\Dataset\Videos\W02466.mp4,0.981,nhảy dù,nhảy dù,Neutral / Unspecified,unknown,168,29.97,1280,720,090134f18762cd8b74ce2214f788c524,VALID
2602,W02467.mp4,C:\Users\Admin\Python Advanced\Deep Learning - CV\Project\data\Dataset\Videos\W02467.mp4,0.622,nhảy múa,nhảy múa,Neutral / Unspecified,unknown,128,29.97,1280,720,b1785ba58d46dbc21fbbb93d553e50c1,VALID
2603,W02469.mp4,C:\Users\Admin\Python Advanced\Deep Learning - CV\Project\data\Dataset\Videos\W02469.mp4,0.569,nhạy cảm,nhạy cảm,Neutral / Unspecified,unknown,129,29.97,1280,720,41f87e0ba5723852743d1863f0726201,VALID
2604,W02470.mp4,C:\Users\Admin\Python Advanced\Deep Learning - CV\Project\data\Dataset\Videos\W02470.mp4,0.455,nhắc nhở,nhắc nhở,Neutral / Unspecified,unknown,106,29.97,1280,720,303ef8318e995f5970a7e3264baefc4c,VALID
2605,W02472.mp4,C:\Users\Admin\Python Advanced\Deep Learning - CV\Project\data\Dataset\Videos\W02472.mp4,0.526,nhặt rau,nhặt rau,Neutral / Unspecified,unknown,114,29.97,1280,720,086e5460b7a2285d9c5dcc5aa10e3665,VALID
2606,W02473B.mp4,C:\Users\Admin\Python Advanced\Deep Learning - CV\Project\data\Dataset\Videos\W02473B.mp4,0.366,nhân (Toán học),nhân (toán học),B (Miền Bắc / North),unknown,78,29.97,1280,720,d0575e846cfe4326ff24dae3a4342341,VALID
2607,W02473N.mp4,C:\Users\Admin\Python Advanced\Deep Learning - CV\Project\data\Dataset\Videos\W02473N.mp4,0.32,nhân (Toán học),nhân (toán học),N (Miền Nam / South),unknown,78,29.97,1280,720,496a45247838c4808858b9665762f916,VALID
2608,W02473T.mp4,C:\Users\Admin\Python Advanced\Deep Learning - CV\Project\data\Dataset\Videos\W02473T.mp4,0.318,nhân (Toán học),nhân (toán học),T (Miền Trung / Central),unknown,78,29.97,1280,720,b17709a01ad5bdea866b6db5b0f70e8e,VALID
2609,W02476.mp4,C:\Users\Admin\Python Advanced\Deep Learning - CV\Project\data\Dataset\Videos\W02476.mp4,0.518,nhân cách hoá,nhân cách hoá,Neutral / Unspecified,unknown,122,29.97,1280,720,d739f8ba7573c849f41a1fa1b2cc839e,VALID
2610,W02477.mp4,C:\Users\Admin\Python Advanced\Deep Learning - CV\Project\data\Dataset\Videos\W02477.mp4,0.939,nhân chứng,nhân chứng,Neutral / Unspecified,unknown,153,29.97,1280,720,2b15c34dce26849295cd1ba67798dc53,VALID
2611,W02478.mp4,C:\Users\Admin\Python Advanced\Deep Learning - CV\Project\data\Dataset\Videos\W02478.mp4,0.72,nhân dân,nhân dân,Neutral / Unspecified,unknown,122,29.97,1280,720,6350318a8ce17065ded8f416c510d9c6,VALID
2612,W02479N.mp4,C:\Users\Admin\Python Advanced\Deep Learning - CV\Project\data\Dataset\Videos\W02479N.mp4,0.351,nhân hậu,nhân hậu,N (Miền Nam / South),unknown,84,29.97,1280,720,9e30e540d2b181fcc923e624b33a1d5e,VALID
2613,W02479T.mp4,C:\Users\Admin\Python Advanced\Deep Learning - CV\Project\data\Dataset\Videos\W02479T.mp4,0.348,nhân hậu,nhân hậu,T (Miền Trung / Central),unknown,84,29.97,1280,720,951eb4f70fc668b658910d9f9f58c65a,VALID
2614,W02481.mp4,C:\Users\Admin\Python Advanced\Deep Learning - CV\Project\data\Dataset\Videos\W02481.mp4,0.605,nhân vật,nhân vật,Neutral / Unspecified,unknown,109,29.97,1280,720,805c759979e6d0e8858713eb87644e54,VALID
2615,W02485.mp4,C:\Users\Admin\Python Advanced\Deep Learning - CV\Project\data\Dataset\Videos\W02485.mp4,0.38,nhận,nhận,Neutral / Unspecified,unknown,85,29.97,1280,720,e5d85aa187c93504f2d5861fd3098bc4,VALID
2616,W02487.mp4,C:\Users\Admin\Python Advanced\Deep Learning - CV\Project\data\Dataset\Videos\W02487.mp4,0.631,nhận xét,nhận xét,Neutral / Unspecified,unknown,129,29.97,1280,720,64bc5ee5a3a1bc20e9665d1070ea02e7,VALID
2617,W02488.mp4,C:\Users\Admin\Python Advanced\Deep Learning - CV\Project\data\Dataset\Videos\W02488.mp4,0.796,nhấp nháy,nhấp nháy,Neutral / Unspecified,unknown,135,29.97,1280,720,10cf73cc0088b39bdfdfc6ec03857703,VALID
2618,W02490B.mp4,C:\Users\Admin\Python Advanced\Deep Learning - CV\Project\data\Dataset\Videos\W02490B.mp4,0.518,nhập trường,nhập trường,B (Miền Bắc / North),unknown,105,29.97,1280,720,747b0b556e6c6ad0acd4166deb6ba5a0,VALID
2619,W02490N.mp4,C:\Users\Admin\Python Advanced\Deep Learning - CV\Project\data\Dataset\Videos\W02490N.mp4,0.543,nhập trường,nhập trường,N (Miền Nam / South),unknown,94,29.97,1280,720,f11ef4901889664a47a47d67228bd7bb,VALID
2620,W02490T.mp4,C:\Users\Admin\Python Advanced\Deep Learning - CV\Project\data\Dataset\Videos\W02490T.mp4,0.54,nhập trường,nhập trường,T (Miền Trung / Central),unknown,94,29.97,1280,720,fe77fed5ecd69a447a471a45e7197f23,VALID
2621,W02492B.mp4,C:\Users\Admin\Python Advanced\Deep Learning - CV\Project\data\Dataset\Videos\W02492B.mp4,0.731,Nhật (nước Nhật),nhật (nước nhật),B (Miền Bắc / North),unknown,128,29.97,1280,720,76a1d20ecd6631dff77d69867e12e715,VALID
2622,W02492N.mp4,C:\Users\Admin\Python Advanced\Deep Learning - CV\Project\data\Dataset\Videos\W02492N.mp4,0.296,Nhật (nước Nhật),nhật (nước nhật),N (Miền Nam / South),unknown,65,29.97,1280,720,a78c9954dd814fa04cfe08be3ec53b36,VALID
2623,W02492T.mp4,C:\Users\Admin\Python Advanced\Deep Learning - CV\Project\data\Dataset\Videos\W02492T.mp4,0.732,Nhật (nước Nhật),nhật (nước nhật),T (Miền Trung / Central),unknown,128,29.97,1280,720,c24484db74c8a611d4c8bd16189dd636,VALID
2624,W02493.mp4,C:\Users\Admin\Python Advanced\Deep Learning - CV\Project\data\Dataset\Videos\W02493.mp4,0.625,nhẹ hơn,nhẹ hơn,Neutral / Unspecified,unknown,123,29.97,1280,720,4073553f5baf69127cf71aa7eeae0843,VALID
2625,W02494.mp4,C:\Users\Admin\Python Advanced\Deep Learning - CV\Project\data\Dataset\Videos\W02494.mp4,0.798,nhẹ nhàng,nhẹ nhàng,Neutral / Unspecified,unknown,137,29.97,1280,720,4e5b75bb97d78e08460a71d64d4bb532,VALID
2626,W02495.mp4,C:\Users\Admin\Python Advanced\Deep Learning - CV\Project\data\Dataset\Videos\W02495.mp4,0.307,nhi đồng,nhi đồng,Neutral / Unspecified,unknown,72,29.97,1280,720,eab55564e3248036e10376873f4d6dfd,VALID
2627,W02497N.mp4,C:\Users\Admin\Python Advanced\Deep Learning - CV\Project\data\Dataset\Videos\W02497N.mp4,0.565,nhiệt kế,nhiệt kế,N (Miền Nam / South),unknown,131,29.97,1280,720,ef68e6dc3f028f5ecfff8f683c93c765,VALID
2628,W02497T.mp4,C:\Users\Admin\Python Advanced\Deep Learning - CV\Project\data\Dataset\Videos\W02497T.mp4,0.465,nhiệt kế,nhiệt kế,T (Miền Trung / Central),unknown,112,29.97,1280,720,6a3820610ac58377a08cc242457909d0,VALID
2629,W02499.mp4,C:\Users\Admin\Python Advanced\Deep Learning - CV\Project\data\Dataset\Videos\W02499.mp4,0.75,nhìn,nhìn,Neutral / Unspecified,unknown,168,29.97,1280,720,9a328a554639441f29ffea39c834b272,VALID
2630,W02500.mp4,C:\Users\Admin\Python Advanced\Deep Learning - CV\Project\data\Dataset\Videos\W02500.mp4,0.683,nhỏ/ nhỏ bé,nhỏ/ nhỏ bé,Neutral / Unspecified,unknown,123,29.97,1280,720,0f6ca48d203a9db778c5e88e70d08dbf,VALID
2631,W02501.mp4,C:\Users\Admin\Python Advanced\Deep Learning - CV\Project\data\Dataset\Videos\W02501.mp4,0.689,nhỏ hơn,nhỏ hơn,Neutral / Unspecified,unknown,133,29.97,1280,720,71379fea40a741ee08b176e0173a903d,VALID
2632,W02502.mp4,C:\Users\Admin\Python Advanced\Deep Learning - CV\Project\data\Dataset\Videos\W02502.mp4,0.62,nhỏ tuổi,nhỏ tuổi,Neutral / Unspecified,unknown,117,29.97,1280,720,5c36ebc4f646c015ee96db44a2e52d7e,VALID
2633,W02503.mp4,C:\Users\Admin\Python Advanced\Deep Learning - CV\Project\data\Dataset\Videos\W02503.mp4,0.529,nhóm,nhóm,Neutral / Unspecified,unknown,117,29.97,1280,720,731ca3563404c9402f7cae6e8a758b00,VALID
2634,W02504.mp4,C:\Users\Admin\Python Advanced\Deep Learning - CV\Project\data\Dataset\Videos\W02504.mp4,0.583,nhọn,nhọn,Neutral / Unspecified,unknown,153,29.97,1280,720,aac33d01cc827f4a07f6bc3eeaca416f,VALID
2635,W02505.mp4,C:\Users\Admin\Python Advanced\Deep Learning - CV\Project\data\Dataset\Videos\W02505.mp4,0.298,nhọn hoắt,nhọn hoắt,Neutral / Unspecified,unknown,66,29.97,1280,720,8b97761435a4c71d19e44062e27bb6f4,VALID
2636,W02508.mp4,C:\Users\Admin\Python Advanced\Deep Learning - CV\Project\data\Dataset\Videos\W02508.mp4,0.622,nhu cầu,nhu cầu,Neutral / Unspecified,unknown,122,29.97,1280,720,05b489416b688b48975e356672674316,VALID
2637,W02512.mp4,C:\Users\Admin\Python Advanced\Deep Learning - CV\Project\data\Dataset\Videos\W02512.mp4,0.363,nhụy hoa,nhụy hoa,Neutral / Unspecified,unknown,94,29.97,1280,720,ff875e0c8472dfc1ef8e56f4e60fd195,VALID
2638,W02513.mp4,C:\Users\Admin\Python Advanced\Deep Learning - CV\Project\data\Dataset\Videos\W02513.mp4,0.652,như hình với bóng,như hình với bóng,Neutral / Unspecified,unknown,124,29.97,1280,720,c8f5d1ac70faad26f54b9fbc0c953ed5,VALID
2639,W02514.mp4,C:\Users\Admin\Python Advanced\Deep Learning - CV\Project\data\Dataset\Videos\W02514.mp4,0.677,nhược điểm,nhược điểm,Neutral / Unspecified,unknown,126,29.97,1280,720,a3b406c1fd044ec5e75ff2502bd7c41f,VALID
2640,W02515.mp4,C:\Users\Admin\Python Advanced\Deep Learning - CV\Project\data\Dataset\Videos\W02515.mp4,0.699,nhường nhịn,nhường nhịn,Neutral / Unspecified,unknown,135,29.97,1280,720,835e2a378fd891da84c8b0eec725e2bf,VALID
2641,W02517.mp4,C:\Users\Admin\Python Advanced\Deep Learning - CV\Project\data\Dataset\Videos\W02517.mp4,0.716,niềm vui,niềm vui,Neutral / Unspecified,unknown,114,29.97,1280,720,f413f6fc43febd12e95b70a4f64f6380,VALID
2642,W02519.mp4,C:\Users\Admin\Python Advanced\Deep Learning - CV\Project\data\Dataset\Videos\W02519.mp4,0.57,Ninh Thuận,ninh thuận,Neutral / Unspecified,unknown,105,29.97,1280,720,a78eb9a340cc6d67a802799112c16288,VALID
2643,W02520B.mp4,C:\Users\Admin\Python Advanced\Deep Learning - CV\Project\data\Dataset\Videos\W02520B.mp4,0.531,no,no,B (Miền Bắc / North),unknown,118,29.97,1280,720,1ea02b54dbd14d74cc124d16a0ff357e,VALID
2644,W02520N.mp4,C:\Users\Admin\Python Advanced\Deep Learning - CV\Project\data\Dataset\Videos\W02520N.mp4,0.617,no,no,N (Miền Nam / South),unknown,120,29.97,1280,720,e1c3f13c3c1dd10bf78976cff6f0614c,VALID
2645,W02520T.mp4,C:\Users\Admin\Python Advanced\Deep Learning - CV\Project\data\Dataset\Videos\W02520T.mp4,0.559,no,no,T (Miền Trung / Central),unknown,105,29.97,1280,720,44d3efd4d3ab253a9477d08f3a0dd8c9,VALID
2646,W02521.mp4,C:\Users\Admin\Python Advanced\Deep Learning - CV\Project\data\Dataset\Videos\W02521.mp4,0.787,nỏ,nỏ,Neutral / Unspecified,unknown,169,29.97,1280,720,375228890a97990d646b6a6084181ff4,VALID
2647,W02522.mp4,C:\Users\Admin\Python Advanced\Deep Learning - CV\Project\data\Dataset\Videos\W02522.mp4,0.675,nóc nhà,nóc nhà,Neutral / Unspecified,unknown,124,29.97,1280,720,bed140445ce5f4db5037e765ec0db990,VALID
2648,W02523.mp4,C:\Users\Admin\Python Advanced\Deep Learning - CV\Project\data\Dataset\Videos\W02523.mp4,0.668,nói chuyện,nói chuyện,Neutral / Unspecified,unknown,135,29.97,1280,720,6bcf2716bf271035aa260a660e0c8272,VALID
2649,W02526.mp4,C:\Users\Admin\Python Advanced\Deep Learning - CV\Project\data\Dataset\Videos\W02526.mp4,0.511,nói leo,nói leo,Neutral / Unspecified,unknown,110,29.97,1280,720,eb498a59a59c4ca4e2cab8daf54548f7,VALID
2650,W02527.mp4,C:\Users\Admin\Python Advanced\Deep Learning - CV\Project\data\Dataset\Videos\W02527.mp4,0.722,nón,nón,Neutral / Unspecified,unknown,112,29.97,1280,720,ddb5a18895d55bf648fd4ca246688b09,VALID
2651,W02528.mp4,C:\Users\Admin\Python Advanced\Deep Learning - CV\Project\data\Dataset\Videos\W02528.mp4,0.617,nô lệ,nô lệ,Neutral / Unspecified,unknown,142,29.97,1280,720,c94178fca0500bccd4f6079516a5b6c0,VALID
2652,W02529.mp4,C:\Users\Admin\Python Advanced\Deep Learning - CV\Project\data\Dataset\Videos\W02529.mp4,0.447,nổ lốp xe,nổ lốp xe,Neutral / Unspecified,unknown,108,29.97,1280,720,2a19003b76c339753645e58ecfeded92,VALID
2653,W02530.mp4,C:\Users\Admin\Python Advanced\Deep Learning - CV\Project\data\Dataset\Videos\W02530.mp4,0.574,nổ mìn,nổ mìn,Neutral / Unspecified,unknown,107,29.97,1280,720,eab4d5c94537fdb01824a817008a2fbf,VALID
2654,W02531.mp4,C:\Users\Admin\Python Advanced\Deep Learning - CV\Project\data\Dataset\Videos\W02531.mp4,0.546,nổ súng,nổ súng,Neutral / Unspecified,unknown,135,29.97,1280,720,2413a05b4976c4646c99c839a1a3326c,VALID
2655,W02532.mp4,C:\Users\Admin\Python Advanced\Deep Learning - CV\Project\data\Dataset\Videos\W02532.mp4,0.476,nồi,nồi,Neutral / Unspecified,unknown,103,29.97,1280,720,d7f29848b95787df1439f1c2136742b1,VALID
2656,W02534.mp4,C:\Users\Admin\Python Advanced\Deep Learning - CV\Project\data\Dataset\Videos\W02534.mp4,0.683,nồi cơm điện,nồi cơm điện,Neutral / Unspecified,unknown,153,29.97,1280,720,13dbbb99a079bc1d591fe0517c9c078e,VALID
2657,W02535.mp4,C:\Users\Admin\Python Advanced\Deep Learning - CV\Project\data\Dataset\Videos\W02535.mp4,0.446,nổi bật,nổi bật,Neutral / Unspecified,unknown,81,29.97,1280,720,f7c60e9edb6a5a8d6e54561060e63b7c,VALID
2658,W02536.mp4,C:\Users\Admin\Python Advanced\Deep Learning - CV\Project\data\Dataset\Videos\W02536.mp4,0.558,nổi dậy,nổi dậy,Neutral / Unspecified,unknown,107,29.97,1280,720,c7c83d6636933c21e60f43cc38ca359e,VALID
2659,W02537.mp4,C:\Users\Admin\Python Advanced\Deep Learning - CV\Project\data\Dataset\Videos\W02537.mp4,0.471,nổi giận,nổi giận,Neutral / Unspecified,unknown,110,29.97,1280,720,203a6a92741473bda291fcbbbcd1e821,VALID
2660,W02538.mp4,C:\Users\Admin\Python Advanced\Deep Learning - CV\Project\data\Dataset\Videos\W02538.mp4,0.739,nổi nóng,nổi nóng,Neutral / Unspecified,unknown,118,29.97,1280,720,17c17137ba1a2b7f0df116ec1d637d9b,VALID
2661,W02540B.mp4,C:\Users\Admin\Python Advanced\Deep Learning - CV\Project\data\Dataset\Videos\W02540B.mp4,0.42,nội dung,nội dung,B (Miền Bắc / North),unknown,92,29.97,1280,720,9f60eccaa8aff9f38326e8fc548b67e2,VALID
2662,W02540N.mp4,C:\Users\Admin\Python Advanced\Deep Learning - CV\Project\data\Dataset\Videos\W02540N.mp4,0.311,nội dung,nội dung,N (Miền Nam / South),unknown,65,29.97,1280,720,db07462856c5b7734c1195b75f8e41fc,VALID
2663,W02540T.mp4,C:\Users\Admin\Python Advanced\Deep Learning - CV\Project\data\Dataset\Videos\W02540T.mp4,0.311,nội dung,nội dung,T (Miền Trung / Central),unknown,65,29.97,1280,720,06013c91a1713771d551f24539401817,VALID
2664,W02541.mp4,C:\Users\Admin\Python Advanced\Deep Learning - CV\Project\data\Dataset\Videos\W02541.mp4,0.542,nội quy,nội quy,Neutral / Unspecified,unknown,112,29.97,1280,720,9dd3702cd64da1f367ad65308e0587dc,VALID
2665,W02544.mp4,C:\Users\Admin\Python Advanced\Deep Learning - CV\Project\data\Dataset\Videos\W02544.mp4,0.673,nông nghiệp,nông nghiệp,Neutral / Unspecified,unknown,127,29.97,1280,720,ed0b038469b046a8c0db1f05fc826c92,VALID
2666,W02546.mp4,C:\Users\Admin\Python Advanced\Deep Learning - CV\Project\data\Dataset\Videos\W02546.mp4,0.592,nông thôn,nông thôn,Neutral / Unspecified,unknown,128,29.97,1280,720,b07659ae5e06811cbdcd1c12cee44061,VALID
2667,W02548.mp4,C:\Users\Admin\Python Advanced\Deep Learning - CV\Project\data\Dataset\Videos\W02548.mp4,0.504,nốt ruồi,nốt ruồi,Neutral / Unspecified,unknown,102,29.97,1280,720,500e9f9451102edd8695fc54516e916a,VALID
2668,W02550.mp4,C:\Users\Admin\Python Advanced\Deep Learning - CV\Project\data\Dataset\Videos\W02550.mp4,0.657,nơi chốn,nơi chốn,Neutral / Unspecified,unknown,139,29.97,1280,720,e334ad465ce89f2f2ca732e50aee37ed,VALID
2669,W02551.mp4,C:\Users\Admin\Python Advanced\Deep Learning - CV\Project\data\Dataset\Videos\W02551.mp4,0.656,núi lửa,núi lửa,Neutral / Unspecified,unknown,141,29.97,1280,720,78a4b83ef249dc33d4513eb46eafb4e8,VALID
2670,W02554.mp4,C:\Users\Admin\Python Advanced\Deep Learning - CV\Project\data\Dataset\Videos\W02554.mp4,0.593,nước mắt,nước mắt,Neutral / Unspecified,unknown,156,29.97,1280,720,027474bd58e0b589c71c637ad8065d55,VALID
2671,W02555B.mp4,C:\Users\Admin\Python Advanced\Deep Learning - CV\Project\data\Dataset\Videos\W02555B.mp4,0.579,nước Việt nam,nước việt nam,B (Miền Bắc / North),unknown,110,29.97,1280,720,71f6e045670d41e3f6f2d868a26a8c86,VALID
2672,W02555N.mp4,C:\Users\Admin\Python Advanced\Deep Learning - CV\Project\data\Dataset\Videos\W02555N.mp4,0.291,nước Việt nam,nước việt nam,N (Miền Nam / South),unknown,71,29.97,1280,720,980bccd1c36cfb6f5ce739bea17bd41f,VALID
2673,W02555T.mp4,C:\Users\Admin\Python Advanced\Deep Learning - CV\Project\data\Dataset\Videos\W02555T.mp4,0.292,nước Việt nam,nước việt nam,T (Miền Trung / Central),unknown,71,29.97,1280,720,d6a69a7ab1ff7420c9cc695f72276ea1,VALID
2674,W02556.mp4,C:\Users\Admin\Python Advanced\Deep Learning - CV\Project\data\Dataset\Videos\W02556.mp4,0.68,Oa-sinh-tơn,oa-sinh-tơn,Neutral / Unspecified,unknown,150,29.97,1280,720,2c0a95c3599fb4002bc1dee7dbaee786,VALID
2675,W02557.mp4,C:\Users\Admin\Python Advanced\Deep Learning - CV\Project\data\Dataset\Videos\W02557.mp4,0.902,óc,óc,Neutral / Unspecified,unknown,159,29.97,1280,720,f6b4fb33183e126816b01cb0c2352f61,VALID
2676,W02558.mp4,C:\Users\Admin\Python Advanced\Deep Learning - CV\Project\data\Dataset\Videos\W02558.mp4,0.525,ô ăn quan,ô ăn quan,Neutral / Unspecified,unknown,111,29.97,1280,720,62568607529563e87e19ad3fb5f8da2e,VALID
2677,W02559.mp4,C:\Users\Admin\Python Advanced\Deep Learning - CV\Project\data\Dataset\Videos\W02559.mp4,0.719,ô nhiễm,ô nhiễm,Neutral / Unspecified,unknown,134,29.97,1280,720,90cd32d85a2d6225de89c6566b7d3290,VALID
2678,W02561.mp4,C:\Users\Admin\Python Advanced\Deep Learning - CV\Project\data\Dataset\Videos\W02561.mp4,0.616,ô tô,ô tô,Neutral / Unspecified,unknown,107,29.97,1280,720,b178abd23b552b464f8fbe385b7b060a,VALID
2679,W02564.mp4,C:\Users\Admin\Python Advanced\Deep Learning - CV\Project\data\Dataset\Videos\W02564.mp4,1.127,ốc vít,ốc vít,Neutral / Unspecified,unknown,212,29.97,1280,720,dc8c68b6f5909b7cd8f3cfa207e54ccd,VALID
2680,W02565.mp4,C:\Users\Admin\Python Advanced\Deep Learning - CV\Project\data\Dataset\Videos\W02565.mp4,0.622,ôm,ôm,Neutral / Unspecified,unknown,102,29.97,1280,720,b4d37320dbc12907ebede04f145642f5,VALID
2681,W02567.mp4,C:\Users\Admin\Python Advanced\Deep Learning - CV\Project\data\Dataset\Videos\W02567.mp4,0.675,ốm đau,ốm đau,Neutral / Unspecified,unknown,151,29.97,1280,720,e41711883bcbf95b17a769b2dc4dad0b,VALID
2682,W02569.mp4,C:\Users\Admin\Python Advanced\Deep Learning - CV\Project\data\Dataset\Videos\W02569.mp4,0.606,ôn luyện,ôn luyện,Neutral / Unspecified,unknown,105,29.97,1280,720,641e2e5ff1f843f0eaaf870204e35abe,VALID
2683,W02570.mp4,C:\Users\Admin\Python Advanced\Deep Learning - CV\Project\data\Dataset\Videos\W02570.mp4,0.575,ôn tập,ôn tập,Neutral / Unspecified,unknown,105,29.97,1280,720,803df2876451ac065c8bc1274515c25b,VALID
2684,W02571.mp4,C:\Users\Admin\Python Advanced\Deep Learning - CV\Project\data\Dataset\Videos\W02571.mp4,0.693,ổn định,ổn định,Neutral / Unspecified,unknown,121,29.97,1280,720,c2f4e8ed3e332d9f22b91cac2c274f93,VALID
2685,W02572.mp4,C:\Users\Admin\Python Advanced\Deep Learning - CV\Project\data\Dataset\Videos\W02572.mp4,0.593,ông già,ông già,Neutral / Unspecified,unknown,122,29.97,1280,720,b60ab13226e20fcf06bc40fd61c137c5,VALID
2686,W02575N.mp4,C:\Users\Admin\Python Advanced\Deep Learning - CV\Project\data\Dataset\Videos\W02575N.mp4,0.363,ông ngoại,ông ngoại,N (Miền Nam / South),unknown,84,29.97,1280,720,38ec5abf072fd7bc7b7fc01a0352fe49,VALID
2687,W02575B.mp4,C:\Users\Admin\Python Advanced\Deep Learning - CV\Project\data\Dataset\Videos\W02575B.mp4,0.556,ông ngoại,ông ngoại,B (Miền Bắc / North),unknown,109,29.97,1280,720,9733be139617628fb4e32c23cefa5a78,VALID
2688,W02575T.mp4,C:\Users\Admin\Python Advanced\Deep Learning - CV\Project\data\Dataset\Videos\W02575T.mp4,0.512,ông ngoại,ông ngoại,T (Miền Trung / Central),unknown,109,29.97,1280,720,27fa7858033e436ed5db19b4b4cf05ec,VALID
2689,W02576B.mp4,C:\Users\Admin\Python Advanced\Deep Learning - CV\Project\data\Dataset\Videos\W02576B.mp4,0.541,ông nội,ông nội,B (Miền Bắc / North),unknown,110,29.97,1280,720,b9da988883eb114be81de0d2e10adf2f,VALID
2690,W02576N.mp4,C:\Users\Admin\Python Advanced\Deep Learning - CV\Project\data\Dataset\Videos\W02576N.mp4,0.353,ông nội,ông nội,N (Miền Nam / South),unknown,84,29.97,1280,720,bc0d3be4e56a23f63707b88f3a5a3d56,VALID
2691,W02576T.mp4,C:\Users\Admin\Python Advanced\Deep Learning - CV\Project\data\Dataset\Videos\W02576T.mp4,0.704,ông nội,ông nội,T (Miền Trung / Central),unknown,157,29.97,1280,720,eb99385b2d88079caf1e24403278161d,VALID
2692,W02577.mp4,C:\Users\Admin\Python Advanced\Deep Learning - CV\Project\data\Dataset\Videos\W02577.mp4,0.678,ống nghe,ống nghe,Neutral / Unspecified,unknown,132,29.97,1280,720,2adfb44317e22409d478b3b90176e48f,VALID
2693,W02578.mp4,C:\Users\Admin\Python Advanced\Deep Learning - CV\Project\data\Dataset\Videos\W02578.mp4,1.555,ống nhòm,ống nhòm,Neutral / Unspecified,unknown,234,29.97,1280,720,b19c05973dcab2640a2fb5f126207117,VALID
2694,W02579.mp4,C:\Users\Admin\Python Advanced\Deep Learning - CV\Project\data\Dataset\Videos\W02579.mp4,0.669,ống nước,ống nước,Neutral / Unspecified,unknown,130,29.97,1280,720,87998149403e9e7ca2df5a3b9cd16ccd,VALID
2695,W02580B.mp4,C:\Users\Admin\Python Advanced\Deep Learning - CV\Project\data\Dataset\Videos\W02580B.mp4,0.433,ở ngoài,ở ngoài,B (Miền Bắc / North),unknown,95,29.97,1280,720,14df56f39939645fa6035361322dfbc9,VALID
2696,W02580N.mp4,C:\Users\Admin\Python Advanced\Deep Learning - CV\Project\data\Dataset\Videos\W02580N.mp4,1.692,ở ngoài,ở ngoài,N (Miền Nam / South),unknown,251,29.97,1280,720,6117c5037ce34871a0990f2ed3d40509,VALID
2697,W02581.mp4,C:\Users\Admin\Python Advanced\Deep Learning - CV\Project\data\Dataset\Videos\W02581.mp4,0.535,ở trong,ở trong,Neutral / Unspecified,unknown,129,29.97,1280,720,1b56d69c1d640138332bbf5e029e17b5,VALID
2698,W02582.mp4,C:\Users\Admin\Python Advanced\Deep Learning - CV\Project\data\Dataset\Videos\W02582.mp4,0.705,Pa-ki-xtan (nước Pa-ki-xtan),pa-ki-xtan (nước pa-ki-xtan),Neutral / Unspecified,unknown,160,29.97,1280,720,eb7a1d8a0f14852287bb3f1cadf1a06d,VALID
2699,W02583.mp4,C:\Users\Admin\Python Advanced\Deep Learning - CV\Project\data\Dataset\Videos\W02583.mp4,0.784,Pê-ru (nước Pê-ru),pê-ru (nước pê-ru),Neutral / Unspecified,unknown,154,29.97,1280,720,206c66a3893b2d74aad14ceac827d169,VALID
2700,W02584.mp4,C:\Users\Admin\Python Advanced\Deep Learning - CV\Project\data\Dataset\Videos\W02584.mp4,0.743,pha cà phê,pha cà phê,Neutral / Unspecified,unknown,145,29.97,1280,720,a1ce249cfa0fc902916471cb675b36a9,VALID
2701,W02585.mp4,C:\Users\Admin\Python Advanced\Deep Learning - CV\Project\data\Dataset\Videos\W02585.mp4,0.635,pha chế,pha chế,Neutral / Unspecified,unknown,108,29.97,1280,720,df2fc1dc6da56fc62fdbd35dd3bf9fb3,VALID
2702,W02586.mp4,C:\Users\Admin\Python Advanced\Deep Learning - CV\Project\data\Dataset\Videos\W02586.mp4,0.511,pha lê,pha lê,Neutral / Unspecified,unknown,113,29.97,1280,720,170d0e4428647f18262e132d2272a6f8,VALID
2703,W02587.mp4,C:\Users\Admin\Python Advanced\Deep Learning - CV\Project\data\Dataset\Videos\W02587.mp4,0.691,phà,phà,Neutral / Unspecified,unknown,133,29.97,1280,720,965cfbfba9e3ff41b681a3e313b40dda,VALID
2704,W02589B.mp4,C:\Users\Admin\Python Advanced\Deep Learning - CV\Project\data\Dataset\Videos\W02589B.mp4,0.716,phá,phá,B (Miền Bắc / North),unknown,135,29.97,1280,720,05c3d88b0b11df7b39e2e9f2c6505f1d,VALID
2705,W02589T.mp4,C:\Users\Admin\Python Advanced\Deep Learning - CV\Project\data\Dataset\Videos\W02589T.mp4,0.518,phá,phá,T (Miền Trung / Central),unknown,112,29.97,1280,720,e4a0a1160c69b79f38a62c1064c4be37,VALID
2706,W02597B.mp4,C:\Users\Admin\Python Advanced\Deep Learning - CV\Project\data\Dataset\Videos\W02597B.mp4,0.98,phản bội,phản bội,B (Miền Bắc / North),unknown,149,29.97,1280,720,b43e599bf0b6ef208b35cfc2b965ae26,VALID
2707,W02597N.mp4,C:\Users\Admin\Python Advanced\Deep Learning - CV\Project\data\Dataset\Videos\W02597N.mp4,0.527,phản bội,phản bội,N (Miền Nam / South),unknown,100,29.97,1280,720,9ac65dc9fc1ca63dde9101a42e46a5e4,VALID
2708,W02597T.mp4,C:\Users\Admin\Python Advanced\Deep Learning - CV\Project\data\Dataset\Videos\W02597T.mp4,0.532,phản bội,phản bội,T (Miền Trung / Central),unknown,100,29.97,1280,720,077a1be492935f9c46db3b02b1686da4,VALID
2709,W02598.mp4,C:\Users\Admin\Python Advanced\Deep Learning - CV\Project\data\Dataset\Videos\W02598.mp4,0.481,phản động,phản động,Neutral / Unspecified,unknown,92,29.97,1280,720,717a265b182cd7f3af3f7405cf255e49,VALID
2710,W02600.mp4,C:\Users\Admin\Python Advanced\Deep Learning - CV\Project\data\Dataset\Videos\W02600.mp4,0.65,phản xạ,phản xạ,Neutral / Unspecified,unknown,130,29.97,1280,720,e51c90f0254f5acb0b3b1a3dc112fa95,VALID
2711,W02602.mp4,C:\Users\Admin\Python Advanced\Deep Learning - CV\Project\data\Dataset\Videos\W02602.mp4,0.593,phao,phao,Neutral / Unspecified,unknown,115,29.97,1280,720,41d8f7925f257c7608bb423d9aeee096,VALID
2712,W02605.mp4,C:\Users\Admin\Python Advanced\Deep Learning - CV\Project\data\Dataset\Videos\W02605.mp4,0.517,pháo hoa,pháo hoa,Neutral / Unspecified,unknown,94,29.97,1280,720,7f0111792dd10387be9fa83445b34baf,VALID
2713,W02606.mp4,C:\Users\Admin\Python Advanced\Deep Learning - CV\Project\data\Dataset\Videos\W02606.mp4,0.552,pháo sáng,pháo sáng,Neutral / Unspecified,unknown,117,29.97,1280,720,9bb3190b7f300882c2c972b3d009bf0d,VALID
2714,W02608.mp4,C:\Users\Admin\Python Advanced\Deep Learning - CV\Project\data\Dataset\Videos\W02608.mp4,0.426,phát biểu,phát biểu,Neutral / Unspecified,unknown,85,29.97,1280,720,9ca9e1ed64dda8385c2a2c9687d7df2c,VALID
2715,W02609.mp4,C:\Users\Admin\Python Advanced\Deep Learning - CV\Project\data\Dataset\Videos\W02609.mp4,0.667,phát động,phát động,Neutral / Unspecified,unknown,92,29.97,1280,720,c0fda64abc625298bb3f2f107455c71b,VALID
2716,W02610.mp4,C:\Users\Admin\Python Advanced\Deep Learning - CV\Project\data\Dataset\Videos\W02610.mp4,0.36,phát hiện,phát hiện,Neutral / Unspecified,unknown,75,29.97,1280,720,aa0ff2485115232f22f36e43ece0c25d,VALID
2717,W02614.mp4,C:\Users\Admin\Python Advanced\Deep Learning - CV\Project\data\Dataset\Videos\W02614.mp4,0.492,phân công,phân công,Neutral / Unspecified,unknown,96,29.97,1280,720,09a3ee533deefe7de77ec58f39c99806,VALID
2718,W02615.mp4,C:\Users\Admin\Python Advanced\Deep Learning - CV\Project\data\Dataset\Videos\W02615.mp4,0.803,phân loại,phân loại,Neutral / Unspecified,unknown,160,29.97,1280,720,8031695b446068e6429a854f2b8ff8c3,VALID
2719,W02617.mp4,C:\Users\Admin\Python Advanced\Deep Learning - CV\Project\data\Dataset\Videos\W02617.mp4,0.834,hai phân số bằng nhau,hai phân số bằng nhau,Neutral / Unspecified,unknown,144,29.97,1280,720,50e3441d72277777724f3bc470b11841,VALID
2720,W02618.mp4,C:\Users\Admin\Python Advanced\Deep Learning - CV\Project\data\Dataset\Videos\W02618.mp4,0.621,phân số thập phân,phân số thập phân,Neutral / Unspecified,unknown,143,29.97,1280,720,0919b32f3cf2b0e1fdf8f9f6349628cc,VALID
2721,W02619.mp4,C:\Users\Admin\Python Advanced\Deep Learning - CV\Project\data\Dataset\Videos\W02619.mp4,0.465,phân số tối giản,phân số tối giản,Neutral / Unspecified,unknown,114,29.97,1280,720,85b47d97eed530c34087b9da8ea21901,VALID
2722,W02620.mp4,C:\Users\Admin\Python Advanced\Deep Learning - CV\Project\data\Dataset\Videos\W02620.mp4,0.596,phân tích,phân tích,Neutral / Unspecified,unknown,123,29.97,1280,720,e3ca468e09d957b659ab6f66dc493cb0,VALID
2723,W02626.mp4,C:\Users\Admin\Python Advanced\Deep Learning - CV\Project\data\Dataset\Videos\W02626.mp4,0.442,giữ nguyên,giữ nguyên,Neutral / Unspecified,unknown,88,29.97,1280,720,8feef2a8bb549bd636cf04cfcb289acf,VALID
2724,W02628.mp4,C:\Users\Admin\Python Advanced\Deep Learning - CV\Project\data\Dataset\Videos\W02628.mp4,0.399,phần trăm,phần trăm,Neutral / Unspecified,unknown,103,29.97,1280,720,9212e84d028724c131513f339b7ab1e7,VALID
2725,W02630N.mp4,C:\Users\Admin\Python Advanced\Deep Learning - CV\Project\data\Dataset\Videos\W02630N.mp4,0.33,phấn (viết bảng),phấn (viết bảng),N (Miền Nam / South),unknown,77,29.97,1280,720,2261181a05e5990aab18d3fdb19c5014,VALID
2726,W02630T.mp4,C:\Users\Admin\Python Advanced\Deep Learning - CV\Project\data\Dataset\Videos\W02630T.mp4,0.609,phấn (viết bảng),phấn (viết bảng),T (Miền Trung / Central),unknown,118,29.97,1280,720,f719a58afc35cc913f6225882beacb19,VALID
2727,W02631.mp4,C:\Users\Admin\Python Advanced\Deep Learning - CV\Project\data\Dataset\Videos\W02631.mp4,0.53,phấn đấu,phấn đấu,Neutral / Unspecified,unknown,102,29.97,1280,720,555b0ec34f819801585772d755760702,VALID
2728,W02634.mp4,C:\Users\Admin\Python Advanced\Deep Learning - CV\Project\data\Dataset\Videos\W02634.mp4,0.566,phấn trang điểm,phấn trang điểm,Neutral / Unspecified,unknown,100,29.97,1280,720,befce710c3d22fe6218fcd7a23cc7e64,VALID
2729,W02635.mp4,C:\Users\Admin\Python Advanced\Deep Learning - CV\Project\data\Dataset\Videos\W02635.mp4,0.456,phấp phới,phấp phới,Neutral / Unspecified,unknown,83,29.97,1280,720,d167626d0b1f07da366a40970faaa984,VALID
2730,W02637.mp4,C:\Users\Admin\Python Advanced\Deep Learning - CV\Project\data\Dataset\Videos\W02637.mp4,0.782,phật (tượng),phật (tượng),Neutral / Unspecified,unknown,147,29.97,1280,720,498b3ced321a507436211352b8ce9c43,VALID
2731,W02641.mp4,C:\Users\Admin\Python Advanced\Deep Learning - CV\Project\data\Dataset\Videos\W02641.mp4,0.365,phép tính,phép tính,Neutral / Unspecified,unknown,89,29.97,1280,720,0ed8ea25974c31602503e66981aed97a,VALID
2732,W02643.mp4,C:\Users\Admin\Python Advanced\Deep Learning - CV\Project\data\Dataset\Videos\W02643.mp4,0.48,phê bình,phê bình,Neutral / Unspecified,unknown,102,29.97,1280,720,1b2c18dbf4cfc213f2252d3215496049,VALID
2733,W02644.mp4,C:\Users\Admin\Python Advanced\Deep Learning - CV\Project\data\Dataset\Videos\W02644.mp4,0.928,phễu,phễu,Neutral / Unspecified,unknown,165,29.97,1280,720,25f710f40c35c9b453ddc62c6d07899f,VALID
2734,W02645.mp4,C:\Users\Admin\Python Advanced\Deep Learning - CV\Project\data\Dataset\Videos\W02645.mp4,0.662,phi công,phi công,Neutral / Unspecified,unknown,130,29.97,1280,720,7a2dd8f16c44862fd4fbd1f8602ec697,VALID
2735,W02647.mp4,C:\Users\Admin\Python Advanced\Deep Learning - CV\Project\data\Dataset\Videos\W02647.mp4,0.538,phi ngựa,phi ngựa,Neutral / Unspecified,unknown,111,29.97,1280,720,fb28f708f3645f821849d67e83bc2801,VALID
2736,W02648.mp4,C:\Users\Admin\Python Advanced\Deep Learning - CV\Project\data\Dataset\Videos\W02648.mp4,0.626,phi tiêu,phi tiêu,Neutral / Unspecified,unknown,133,29.97,1280,720,81e709ff968e02d4dc11270c0c771873,VALID
2737,W02651B.mp4,C:\Users\Admin\Python Advanced\Deep Learning - CV\Project\data\Dataset\Videos\W02651B.mp4,0.547,phiên dịch,phiên dịch,B (Miền Bắc / North),unknown,111,29.97,1280,720,9e459ef9aa45ce5eea6aeb99f47714db,VALID
2738,W02651T.mp4,C:\Users\Admin\Python Advanced\Deep Learning - CV\Project\data\Dataset\Videos\W02651T.mp4,0.545,phiên dịch,phiên dịch,T (Miền Trung / Central),unknown,111,29.97,1280,720,257c764ae0650514be7e8dc0c920ebab,VALID
2739,W02654B.mp4,C:\Users\Admin\Python Advanced\Deep Learning - CV\Project\data\Dataset\Videos\W02654B.mp4,0.421,Phi-líp-pin (nước Phi-líp-pin),phi-líp-pin (nước phi-líp-pin),B (Miền Bắc / North),unknown,85,29.97,1280,720,db425c394dfe68b26503216cb5a9a6a5,VALID
2740,W02654N.mp4,C:\Users\Admin\Python Advanced\Deep Learning - CV\Project\data\Dataset\Videos\W02654N.mp4,0.587,Phi-líp-pin (nước Phi-líp-pin),phi-líp-pin (nước phi-líp-pin),N (Miền Nam / South),unknown,89,29.97,1280,720,10e4ebace668e5a5a167cac6f313e534,VALID
2741,W02654T.mp4,C:\Users\Admin\Python Advanced\Deep Learning - CV\Project\data\Dataset\Videos\W02654T.mp4,0.421,Phi-líp-pin (nước Phi-líp-pin),phi-líp-pin (nước phi-líp-pin),T (Miền Trung / Central),unknown,85,29.97,1280,720,5d591cec623e82a3a49d5f119b94a110,VALID
2742,W02656B.mp4,C:\Users\Admin\Python Advanced\Deep Learning - CV\Project\data\Dataset\Videos\W02656B.mp4,0.594,phim hoạt hình,phim hoạt hình,B (Miền Bắc / North),unknown,107,29.97,1280,720,c54abe79ba7d44f6a9fa74b95c51b8c1,VALID
2743,W02656N.mp4,C:\Users\Admin\Python Advanced\Deep Learning - CV\Project\data\Dataset\Videos\W02656N.mp4,0.44,phim hoạt hình,phim hoạt hình,N (Miền Nam / South),unknown,92,29.97,1280,720,b6bfa56b775f28b07a9df887c4899e6a,VALID
2744,W02656T.mp4,C:\Users\Admin\Python Advanced\Deep Learning - CV\Project\data\Dataset\Videos\W02656T.mp4,0.63,phim hoạt hình,phim hoạt hình,T (Miền Trung / Central),unknown,137,29.97,1280,720,2ca202139ac9d40d90f66cb1099f0a3f,VALID
2745,W02657.mp4,C:\Users\Admin\Python Advanced\Deep Learning - CV\Project\data\Dataset\Videos\W02657.mp4,0.522,phim tài liệu,phim tài liệu,Neutral / Unspecified,unknown,119,29.97,1280,720,307178d6a4a1cbee8d902b5032517fe7,VALID
2746,W02658B.mp4,C:\Users\Admin\Python Advanced\Deep Learning - CV\Project\data\Dataset\Videos\W02658B.mp4,0.356,phim truyện,phim truyện,B (Miền Bắc / North),unknown,86,29.97,1280,720,ae0a5576aa097b66faada964e28230c6,VALID
2747,W02658N.mp4,C:\Users\Admin\Python Advanced\Deep Learning - CV\Project\data\Dataset\Videos\W02658N.mp4,0.363,phim truyện,phim truyện,N (Miền Nam / South),unknown,78,29.97,1280,720,6b40928352f09aca3646c98fcfaa57d1,VALID
2748,W02658T.mp4,C:\Users\Admin\Python Advanced\Deep Learning - CV\Project\data\Dataset\Videos\W02658T.mp4,0.357,phim truyện,phim truyện,T (Miền Trung / Central),unknown,86,29.97,1280,720,c5fc95857fd570afd2bcc1c2270288a9,VALID
2749,W02660.mp4,C:\Users\Admin\Python Advanced\Deep Learning - CV\Project\data\Dataset\Videos\W02660.mp4,1.679,phong bì,phong bì,Neutral / Unspecified,unknown,252,29.97,1280,720,5011a23a40b260fc59a25af25ee738f2,VALID
2750,W02661.mp4,C:\Users\Admin\Python Advanced\Deep Learning - CV\Project\data\Dataset\Videos\W02661.mp4,0.538,phong cách,phong cách,Neutral / Unspecified,unknown,113,29.97,1280,720,ec0daa32a76ac7edbfb4fcdbc01bed13,VALID
2751,W02662.mp4,C:\Users\Admin\Python Advanced\Deep Learning - CV\Project\data\Dataset\Videos\W02662.mp4,0.53,phong kiến,phong kiến,Neutral / Unspecified,unknown,114,29.97,1280,720,9cd023bf4e90cfa45189dc24b806e6d6,VALID
2752,W02665.mp4,C:\Users\Admin\Python Advanced\Deep Learning - CV\Project\data\Dataset\Videos\W02665.mp4,0.67,phong trào,phong trào,Neutral / Unspecified,unknown,117,29.97,1280,720,62e9d8b922733346540063ecd0045856,VALID
2753,W02668.mp4,C:\Users\Admin\Python Advanced\Deep Learning - CV\Project\data\Dataset\Videos\W02668.mp4,0.629,phòng bệnh,phòng bệnh,Neutral / Unspecified,unknown,119,29.97,1280,720,0669cc3e08c2c1ec3c74134b94f2ef6c,VALID
2754,W02669.mp4,C:\Users\Admin\Python Advanced\Deep Learning - CV\Project\data\Dataset\Videos\W02669.mp4,0.597,phòng chống,phòng chống,Neutral / Unspecified,unknown,103,29.97,1280,720,603ade04f23ee9be40ed915dc470d62f,VALID
2755,W02670.mp4,C:\Users\Admin\Python Advanced\Deep Learning - CV\Project\data\Dataset\Videos\W02670.mp4,0.365,phòng chức năng,phòng chức năng,Neutral / Unspecified,unknown,80,29.97,1280,720,f2d078feb8c4acaeb1bdad3e1c9feb59,VALID
2756,W02672.mp4,C:\Users\Admin\Python Advanced\Deep Learning - CV\Project\data\Dataset\Videos\W02672.mp4,0.538,phòng đa năng,phòng đa năng,Neutral / Unspecified,unknown,98,29.97,1280,720,fb50f7a75b37796ad0250d2e56bd0a7b,VALID
2757,W02675.mp4,C:\Users\Admin\Python Advanced\Deep Learning - CV\Project\data\Dataset\Videos\W02675.mp4,0.677,phòng học tin học,phòng học tin học,Neutral / Unspecified,unknown,121,29.97,1280,720,0556b8142c72e38c6c5f01ff01f79598,VALID
2758,W02677.mp4,C:\Users\Admin\Python Advanced\Deep Learning - CV\Project\data\Dataset\Videos\W02677.mp4,0.647,phòng máy tính,phòng máy tính,Neutral / Unspecified,unknown,102,23.98,1280,720,ed75805616b295129ebac10f63b598ad,VALID
2759,W02678.mp4,C:\Users\Admin\Python Advanced\Deep Learning - CV\Project\data\Dataset\Videos\W02678.mp4,0.732,phòng mĩ thuật,phòng mĩ thuật,Neutral / Unspecified,unknown,133,29.97,1280,720,1e4a8eb1880708d6806ee8d4ce635a6d,VALID
2760,W02680.mp4,C:\Users\Admin\Python Advanced\Deep Learning - CV\Project\data\Dataset\Videos\W02680.mp4,0.708,phòng thư viện,phòng thư viện,Neutral / Unspecified,unknown,117,29.97,1280,720,14c8cbcf2c04cc5e8c9f8c0537c12f60,VALID
2761,W02682.mp4,C:\Users\Admin\Python Advanced\Deep Learning - CV\Project\data\Dataset\Videos\W02682.mp4,0.682,phòng y tế,phòng y tế,Neutral / Unspecified,unknown,123,29.97,1280,720,46c4fe147bee80b786516d9238c44159,VALID
2762,W02685.mp4,C:\Users\Admin\Python Advanced\Deep Learning - CV\Project\data\Dataset\Videos\W02685.mp4,0.457,phô tô,phô tô,Neutral / Unspecified,unknown,95,29.97,1280,720,33fc221a9a874d4a75d631ea66f1dc09,VALID
2763,W02686.mp4,C:\Users\Admin\Python Advanced\Deep Learning - CV\Project\data\Dataset\Videos\W02686.mp4,0.484,phổ biến,phổ biến,Neutral / Unspecified,unknown,97,29.97,1280,720,615938a4659be41e2a986b825d94f46c,VALID
2764,W02689.mp4,C:\Users\Admin\Python Advanced\Deep Learning - CV\Project\data\Dataset\Videos\W02689.mp4,0.418,phố,phố,Neutral / Unspecified,unknown,76,29.97,1280,720,80d6932edd87d92ace4a16933afcb144,VALID
2765,W02690.mp4,C:\Users\Admin\Python Advanced\Deep Learning - CV\Project\data\Dataset\Videos\W02690.mp4,0.667,phố cổ,phố cổ,Neutral / Unspecified,unknown,129,29.97,1280,720,92216fb402a828cf92e29129966d6338,VALID
2766,W02691.mp4,C:\Users\Admin\Python Advanced\Deep Learning - CV\Project\data\Dataset\Videos\W02691.mp4,0.807,phố cổ Hội an,phố cổ hội an,Neutral / Unspecified,unknown,146,29.97,1280,720,9af93fbadc0733fb6481bc6d6f322b9c,VALID
2767,W02693.mp4,C:\Users\Admin\Python Advanced\Deep Learning - CV\Project\data\Dataset\Videos\W02693.mp4,0.704,phổi,phổi,Neutral / Unspecified,unknown,114,29.97,1280,720,7b47b4c6242e42e8b3bb4e1d8409abc8,VALID
2768,W02696B.mp4,C:\Users\Admin\Python Advanced\Deep Learning - CV\Project\data\Dataset\Videos\W02696B.mp4,0.409,phở,phở,B (Miền Bắc / North),unknown,93,29.97,1280,720,28ec037eb3aec845b2285c0f7fd81e0d,VALID
2769,W02696N.mp4,C:\Users\Admin\Python Advanced\Deep Learning - CV\Project\data\Dataset\Videos\W02696N.mp4,0.478,phở,phở,N (Miền Nam / South),unknown,71,29.97,1280,720,9236aec80111adc64cdb2b8535da7f8f,VALID
2770,W02696T.mp4,C:\Users\Admin\Python Advanced\Deep Learning - CV\Project\data\Dataset\Videos\W02696T.mp4,0.478,phở,phở,T (Miền Trung / Central),unknown,71,29.97,1280,720,b87c5b13e316660fae26c1d4e9f0929a,VALID
2771,W02697B.mp4,C:\Users\Admin\Python Advanced\Deep Learning - CV\Project\data\Dataset\Videos\W02697B.mp4,0.455,phở cuốn,phở cuốn,B (Miền Bắc / North),unknown,89,29.97,1280,720,74df293b84ffa157f77368ff3266b8c1,VALID
2772,W02697N.mp4,C:\Users\Admin\Python Advanced\Deep Learning - CV\Project\data\Dataset\Videos\W02697N.mp4,0.575,phở cuốn,phở cuốn,N (Miền Nam / South),unknown,92,29.97,1280,720,d49ec7785a9747a9072ed5920c05a614,VALID
2773,W02697T.mp4,C:\Users\Admin\Python Advanced\Deep Learning - CV\Project\data\Dataset\Videos\W02697T.mp4,0.577,phở cuốn,phở cuốn,T (Miền Trung / Central),unknown,92,29.97,1280,720,e2e683cf09ede9b251bb1dfcbf2f4dfa,VALID
2774,W02698.mp4,C:\Users\Admin\Python Advanced\Deep Learning - CV\Project\data\Dataset\Videos\W02698.mp4,0.669,phơi quần áo,phơi quần áo,Neutral / Unspecified,unknown,116,29.97,1280,720,3d7ef5a9ee8154c5d65dcc8759bd4601,VALID
2775,W02699.mp4,C:\Users\Admin\Python Advanced\Deep Learning - CV\Project\data\Dataset\Videos\W02699.mp4,0.636,phù hợp,phù hợp,Neutral / Unspecified,unknown,108,29.97,1280,720,abbd67084764cd5d1c4181247dce98cc,VALID
2776,W02701.mp4,C:\Users\Admin\Python Advanced\Deep Learning - CV\Project\data\Dataset\Videos\W02701.mp4,1.156,phủ nhận,phủ nhận,Neutral / Unspecified,unknown,182,29.97,1280,720,a7bf2d792a4ce706c8ffef2a1199238d,VALID
2777,W02702.mp4,C:\Users\Admin\Python Advanced\Deep Learning - CV\Project\data\Dataset\Videos\W02702.mp4,0.545,Phú Thọ,phú thọ,Neutral / Unspecified,unknown,110,29.97,1280,720,7b74d8f2e4b7a21503fe5239cba77051,VALID
2778,W02704.mp4,C:\Users\Admin\Python Advanced\Deep Learning - CV\Project\data\Dataset\Videos\W02704.mp4,0.548,phụ huynh,phụ huynh,Neutral / Unspecified,unknown,124,29.97,1280,720,a5efed802534df7a0fff040638135fbd,VALID
2779,W02707.mp4,C:\Users\Admin\Python Advanced\Deep Learning - CV\Project\data\Dataset\Videos\W02707.mp4,0.695,phục hồi,phục hồi,Neutral / Unspecified,unknown,130,29.97,1280,720,015c56175fcc31ea2be8c15227b80d77,VALID
2780,W02709.mp4,C:\Users\Admin\Python Advanced\Deep Learning - CV\Project\data\Dataset\Videos\W02709.mp4,0.617,phục vụ,phục vụ,Neutral / Unspecified,unknown,110,29.97,1280,720,a4e2e92fa6e0702c7fb6e68decfa4b2b,VALID
2781,W02710.mp4,C:\Users\Admin\Python Advanced\Deep Learning - CV\Project\data\Dataset\Videos\W02710.mp4,0.51,phun nước,phun nước,Neutral / Unspecified,unknown,91,29.97,1280,720,55f580438f829e7af408dd50c5055112,VALID
2782,W02712.mp4,C:\Users\Admin\Python Advanced\Deep Learning - CV\Project\data\Dataset\Videos\W02712.mp4,0.472,phức tạp,phức tạp,Neutral / Unspecified,unknown,84,29.97,1280,720,cbb5340cc369e7dd2c6af44ffd002179,VALID
2783,W02713.mp4,C:\Users\Admin\Python Advanced\Deep Learning - CV\Project\data\Dataset\Videos\W02713.mp4,0.533,phương hướng,phương hướng,Neutral / Unspecified,unknown,100,29.97,1280,720,edc27effbac46ebfed593a4f13820aa1,VALID
2784,W02714.mp4,C:\Users\Admin\Python Advanced\Deep Learning - CV\Project\data\Dataset\Videos\W02714.mp4,0.544,phương pháp,phương pháp,Neutral / Unspecified,unknown,108,29.97,1280,720,bf004151a9c06d86c4c05ac973d9c72f,VALID
2785,W02715.mp4,C:\Users\Admin\Python Advanced\Deep Learning - CV\Project\data\Dataset\Videos\W02715.mp4,0.541,phương tiện,phương tiện,Neutral / Unspecified,unknown,103,29.97,1280,720,4339a6f211fbade9c605deff3b854a47,VALID
2786,W02716B.mp4,C:\Users\Admin\Python Advanced\Deep Learning - CV\Project\data\Dataset\Videos\W02716B.mp4,0.623,phương tiện giao thông,phương tiện giao thông,B (Miền Bắc / North),unknown,100,29.97,1280,720,ee106c88332ac35ab9059649a470b5cf,VALID
2787,W02716N.mp4,C:\Users\Admin\Python Advanced\Deep Learning - CV\Project\data\Dataset\Videos\W02716N.mp4,0.537,phương tiện giao thông,phương tiện giao thông,N (Miền Nam / South),unknown,95,29.97,1280,720,c0e51ce0dc2e2f4187e5c5e42e098f17,VALID
2788,W02716T.mp4,C:\Users\Admin\Python Advanced\Deep Learning - CV\Project\data\Dataset\Videos\W02716T.mp4,0.569,phương tiện giao thông,phương tiện giao thông,T (Miền Trung / Central),unknown,100,29.97,1280,720,76f28a2361ab373aceb246f6bd173e10,VALID
2789,W02718.mp4,C:\Users\Admin\Python Advanced\Deep Learning - CV\Project\data\Dataset\Videos\W02718.mp4,0.526,pi-a-nô (dương cầm),pi-a-nô (dương cầm),Neutral / Unspecified,unknown,103,29.97,1280,720,5393c4fd1e0afd02b5928cd18374bc9d,VALID
2790,W02721.mp4,C:\Users\Admin\Python Advanced\Deep Learning - CV\Project\data\Dataset\Videos\W02721.mp4,0.445,quả,quả,Neutral / Unspecified,unknown,97,29.97,1280,720,feec3cddcdbae8cbf2ca10a5691f209f,VALID
2791,W02722.mp4,C:\Users\Admin\Python Advanced\Deep Learning - CV\Project\data\Dataset\Videos\W02722.mp4,0.698,quả bầu,quả bầu,Neutral / Unspecified,unknown,120,29.97,1280,720,2bc83c6b5ec59b285680424a9b746e1d,VALID
2792,W02724B.mp4,C:\Users\Admin\Python Advanced\Deep Learning - CV\Project\data\Dataset\Videos\W02724B.mp4,0.489,quả bưởi,quả bưởi,B (Miền Bắc / North),unknown,98,29.97,1280,720,ab67806c77da595a7db95b1cf38ce9c5,VALID
2793,W02724T.mp4,C:\Users\Admin\Python Advanced\Deep Learning - CV\Project\data\Dataset\Videos\W02724T.mp4,0.494,quả bưởi,quả bưởi,T (Miền Trung / Central),unknown,69,29.97,1280,720,61bf64f96928858df96bd76a5fb20e94,VALID
2794,W02725.mp4,C:\Users\Admin\Python Advanced\Deep Learning - CV\Project\data\Dataset\Videos\W02725.mp4,0.534,quả cam,quả cam,Neutral / Unspecified,unknown,126,29.97,1280,720,414b45f89a758c9fc4db3062f70d2474,VALID
2795,W02728.mp4,C:\Users\Admin\Python Advanced\Deep Learning - CV\Project\data\Dataset\Videos\W02728.mp4,0.416,quả chanh,quả chanh,Neutral / Unspecified,unknown,104,29.97,1280,720,8ce99bbe5d88ae8e78cdb11638df9bce,VALID
2796,W02729.mp4,C:\Users\Admin\Python Advanced\Deep Learning - CV\Project\data\Dataset\Videos\W02729.mp4,0.553,quả chôm chôm,quả chôm chôm,Neutral / Unspecified,unknown,112,29.97,1280,720,cd720629aa4ce65990003a1e6dcf6168,VALID
2797,W02730.mp4,C:\Users\Admin\Python Advanced\Deep Learning - CV\Project\data\Dataset\Videos\W02730.mp4,0.624,quả chuối,quả chuối,Neutral / Unspecified,unknown,118,29.97,1280,720,6103f1a6d98d25a45f8649d45532e08a,VALID
2798,W02731B.mp4,C:\Users\Admin\Python Advanced\Deep Learning - CV\Project\data\Dataset\Videos\W02731B.mp4,0.352,quả dưa hấu,quả dưa hấu,B (Miền Bắc / North),unknown,81,29.97,1280,720,763a59a12b837f45b188dc026e619883,VALID
2799,W02731N.mp4,C:\Users\Admin\Python Advanced\Deep Learning - CV\Project\data\Dataset\Videos\W02731N.mp4,0.45,quả dưa hấu,quả dưa hấu,N (Miền Nam / South),unknown,89,29.97,1280,720,fdf1f86691c1fba42466bf651bec347a,VALID
2800,W02731T.mp4,C:\Users\Admin\Python Advanced\Deep Learning - CV\Project\data\Dataset\Videos\W02731T.mp4,0.346,quả dưa hấu,quả dưa hấu,T (Miền Trung / Central),unknown,81,29.97,1280,720,c5a6d8fbff0dd266f22446bf9d5f92c2,VALID
2801,W02732B.mp4,C:\Users\Admin\Python Advanced\Deep Learning - CV\Project\data\Dataset\Videos\W02732B.mp4,0.487,quả dừa,quả dừa,B (Miền Bắc / North),unknown,95,29.97,1280,720,ed0081de52bbbd769e94f757ff4c77b4,VALID
2802,W02732N.mp4,C:\Users\Admin\Python Advanced\Deep Learning - CV\Project\data\Dataset\Videos\W02732N.mp4,0.303,quả dừa,quả dừa,N (Miền Nam / South),unknown,65,29.97,1280,720,dc07e3f5e1fd5053a05a131dea8cce8c,VALID
2803,W02732T.mp4,C:\Users\Admin\Python Advanced\Deep Learning - CV\Project\data\Dataset\Videos\W02732T.mp4,0.303,quả dừa,quả dừa,T (Miền Trung / Central),unknown,65,29.97,1280,720,c577ce7960e4c4eaeccf30eb65d3ce6e,VALID
2804,W02733B.mp4,C:\Users\Admin\Python Advanced\Deep Learning - CV\Project\data\Dataset\Videos\W02733B.mp4,0.606,quả dừa xiêm,quả dừa xiêm,B (Miền Bắc / North),unknown,116,29.97,1280,720,2140b90deee0dbe8aa83a6483dcded28,VALID
2805,W02733N.mp4,C:\Users\Admin\Python Advanced\Deep Learning - CV\Project\data\Dataset\Videos\W02733N.mp4,0.578,quả dừa xiêm,quả dừa xiêm,N (Miền Nam / South),unknown,121,29.97,1280,720,8b5c3de00079319e98b61f50c0f9f9fc,VALID
2806,W02733T.mp4,C:\Users\Admin\Python Advanced\Deep Learning - CV\Project\data\Dataset\Videos\W02733T.mp4,0.577,quả dừa xiêm,quả dừa xiêm,T (Miền Trung / Central),unknown,121,29.97,1280,720,6f6c35f878b316c07dd069c6e35a9615,VALID
2807,W02734.mp4,C:\Users\Admin\Python Advanced\Deep Learning - CV\Project\data\Dataset\Videos\W02734.mp4,0.548,quả đất,quả đất,Neutral / Unspecified,unknown,95,29.97,1280,720,55d7e75202239948d5e117cebdbc56ae,VALID
2808,W02735.mp4,C:\Users\Admin\Python Advanced\Deep Learning - CV\Project\data\Dataset\Videos\W02735.mp4,0.663,quả địa cầu,quả địa cầu,Neutral / Unspecified,unknown,119,29.97,1280,720,255025c722490cb8ec1faedb2efb809f,VALID
2809,W02737B.mp4,C:\Users\Admin\Python Advanced\Deep Learning - CV\Project\data\Dataset\Videos\W02737B.mp4,0.424,quả đu đủ,quả đu đủ,B (Miền Bắc / North),unknown,81,29.97,1280,720,48a04c7f8ffaf709882c7dade3772526,VALID
2810,W02737N.mp4,C:\Users\Admin\Python Advanced\Deep Learning - CV\Project\data\Dataset\Videos\W02737N.mp4,1.048,quả đu đủ,quả đu đủ,N (Miền Nam / South),unknown,175,29.97,1280,720,d499b6da74bb78c99a14a58f58c78750,VALID
2811,W02737T.mp4,C:\Users\Admin\Python Advanced\Deep Learning - CV\Project\data\Dataset\Videos\W02737T.mp4,1.541,quả đu đủ,quả đu đủ,T (Miền Trung / Central),unknown,267,29.97,1280,720,6212f433ad6091da29e1730e94bbd255,VALID
2812,W02739.mp4,C:\Users\Admin\Python Advanced\Deep Learning - CV\Project\data\Dataset\Videos\W02739.mp4,0.489,quả gấc,quả gấc,Neutral / Unspecified,unknown,99,29.97,1280,720,772b0e73ab11a04c79ce0d9aba78e89e,VALID
2813,W02740.mp4,C:\Users\Admin\Python Advanced\Deep Learning - CV\Project\data\Dataset\Videos\W02740.mp4,0.335,quả hồng,quả hồng,Neutral / Unspecified,unknown,74,29.97,1280,720,a38af05fb7ca640bb060cf70287544b3,VALID
2814,W02741.mp4,C:\Users\Admin\Python Advanced\Deep Learning - CV\Project\data\Dataset\Videos\W02741.mp4,0.692,quả hồng xiêm,quả hồng xiêm,Neutral / Unspecified,unknown,133,29.97,1280,720,0a42d683c1c202ad8e35d973a81ed1c3,VALID
2815,W02742B.mp4,C:\Users\Admin\Python Advanced\Deep Learning - CV\Project\data\Dataset\Videos\W02742B.mp4,0.481,quả khế,quả khế,B (Miền Bắc / North),unknown,98,29.97,1280,720,9b78a2d89540df876288ac606d3bd58a,VALID
2816,W02742N.mp4,C:\Users\Admin\Python Advanced\Deep Learning - CV\Project\data\Dataset\Videos\W02742N.mp4,0.546,quả khế,quả khế,N (Miền Nam / South),unknown,108,29.97,1280,720,27c9da8c12133668fbcc39c7fb92877f,VALID
2817,W02744.mp4,C:\Users\Admin\Python Advanced\Deep Learning - CV\Project\data\Dataset\Videos\W02744.mp4,0.68,quả lê,quả lê,Neutral / Unspecified,unknown,123,29.97,1280,720,e09fcd47cfa27ff0e2515efce775e821,VALID
2818,W02745.mp4,C:\Users\Admin\Python Advanced\Deep Learning - CV\Project\data\Dataset\Videos\W02745.mp4,0.663,quả mít,quả mít,Neutral / Unspecified,unknown,126,29.97,1280,720,6af31cc1fa16f1ff4b6cc81697694797,VALID
2819,W02746.mp4,C:\Users\Admin\Python Advanced\Deep Learning - CV\Project\data\Dataset\Videos\W02746.mp4,0.533,quả mướp,quả mướp,Neutral / Unspecified,unknown,97,29.97,1280,720,20e887ef500985d5070c38c695cb4d34,VALID
2820,W02748B.mp4,C:\Users\Admin\Python Advanced\Deep Learning - CV\Project\data\Dataset\Videos\W02748B.mp4,0.492,quả nhãn,quả nhãn,B (Miền Bắc / North),unknown,96,29.97,1280,720,d2e33a5dd09ea1f502d9fc1ce7248041,VALID
2821,W02748N.mp4,C:\Users\Admin\Python Advanced\Deep Learning - CV\Project\data\Dataset\Videos\W02748N.mp4,0.421,quả nhãn,quả nhãn,N (Miền Nam / South),unknown,76,29.97,1280,720,0cf7da0851a7373a48b508a37fdc9080,VALID
2822,W02748T.mp4,C:\Users\Admin\Python Advanced\Deep Learning - CV\Project\data\Dataset\Videos\W02748T.mp4,0.388,quả nhãn,quả nhãn,T (Miền Trung / Central),unknown,76,29.97,1280,720,10745057b1469ae998d1fa0ba1e21a4a,VALID
2823,W02749.mp4,C:\Users\Admin\Python Advanced\Deep Learning - CV\Project\data\Dataset\Videos\W02749.mp4,0.36,quả nho,quả nho,Neutral / Unspecified,unknown,90,29.97,1280,720,b9b3281f4d8af42b2296ce9f9bc6a1fb,VALID
2824,W02750.mp4,C:\Users\Admin\Python Advanced\Deep Learning - CV\Project\data\Dataset\Videos\W02750.mp4,0.496,quả ổi,quả ổi,Neutral / Unspecified,unknown,108,29.97,1280,720,a548887d6bd97abf25d0c94e41ce8126,VALID
2825,W02751.mp4,C:\Users\Admin\Python Advanced\Deep Learning - CV\Project\data\Dataset\Videos\W02751.mp4,0.36,quả ớt,quả ớt,Neutral / Unspecified,unknown,83,29.97,1280,720,11ea742922ce52c88c3bc5e1213b4d64,VALID
2826,W02752.mp4,C:\Users\Admin\Python Advanced\Deep Learning - CV\Project\data\Dataset\Videos\W02752.mp4,0.594,quả quất,quả quất,Neutral / Unspecified,unknown,127,29.97,1280,720,88d15280e1f8eace8f65fec12eeaf052,VALID
2827,W02753.mp4,C:\Users\Admin\Python Advanced\Deep Learning - CV\Project\data\Dataset\Videos\W02753.mp4,0.466,quả quýt,quả quýt,Neutral / Unspecified,unknown,92,29.97,1280,720,9a8df1b62a8b355afb280986ad2f57cb,VALID
2828,W02754N.mp4,C:\Users\Admin\Python Advanced\Deep Learning - CV\Project\data\Dataset\Videos\W02754N.mp4,0.426,quả roi,quả roi,N (Miền Nam / South),unknown,79,29.97,1280,720,a4698c1292af7fbdf18dcf21c2a9ae68,VALID
2829,W02755.mp4,C:\Users\Admin\Python Advanced\Deep Learning - CV\Project\data\Dataset\Videos\W02755.mp4,0.484,quả sầu riêng,quả sầu riêng,Neutral / Unspecified,unknown,95,29.97,1280,720,a63c2dadcf0542a69cc14962a8177cee,VALID
2830,W02757B.mp4,C:\Users\Admin\Python Advanced\Deep Learning - CV\Project\data\Dataset\Videos\W02757B.mp4,0.463,quả táo,quả táo,B (Miền Bắc / North),unknown,97,29.97,1280,720,cec2bf8e600d5486a856448e785118a0,VALID
2831,W02757N.mp4,C:\Users\Admin\Python Advanced\Deep Learning - CV\Project\data\Dataset\Videos\W02757N.mp4,0.375,quả táo,quả táo,N (Miền Nam / South),unknown,70,29.97,1280,720,03b8a65c73c19c098da50ce887eee2df,VALID
2832,W02758.mp4,C:\Users\Admin\Python Advanced\Deep Learning - CV\Project\data\Dataset\Videos\W02758.mp4,0.511,quả thanh long,quả thanh long,Neutral / Unspecified,unknown,103,29.97,1280,720,e3092342d1df773902e097d692d0ee73,VALID
2833,W02759.mp4,C:\Users\Admin\Python Advanced\Deep Learning - CV\Project\data\Dataset\Videos\W02759.mp4,0.686,quả vải,quả vải,Neutral / Unspecified,unknown,126,29.97,1280,720,7ef969d467a18256e1d59eeb5f53cfea,VALID
2834,W02760.mp4,C:\Users\Admin\Python Advanced\Deep Learning - CV\Project\data\Dataset\Videos\W02760.mp4,0.596,quả xoài,quả xoài,Neutral / Unspecified,unknown,115,29.97,1280,720,9c4336a140b9532519a531b070e4ed5e,VALID
2835,W02761.mp4,C:\Users\Admin\Python Advanced\Deep Learning - CV\Project\data\Dataset\Videos\W02761.mp4,0.461,quá cảnh,quá cảnh,Neutral / Unspecified,unknown,97,29.97,1280,720,f76cf6a482b81bfafbaee19c76c65712,VALID
2836,W02762.mp4,C:\Users\Admin\Python Advanced\Deep Learning - CV\Project\data\Dataset\Videos\W02762.mp4,0.596,quan điểm,quan điểm,Neutral / Unspecified,unknown,107,29.97,1280,720,b2f16c8fd0f7f696020d294b574fbdcf,VALID
2837,W02763.mp4,C:\Users\Admin\Python Advanced\Deep Learning - CV\Project\data\Dataset\Videos\W02763.mp4,0.648,quan hệ,quan hệ,Neutral / Unspecified,unknown,123,29.97,1280,720,8717b9fcf2ed9e60732707294821c97c,VALID
2838,W02766.mp4,C:\Users\Admin\Python Advanced\Deep Learning - CV\Project\data\Dataset\Videos\W02766.mp4,0.383,quan trọng,quan trọng,Neutral / Unspecified,unknown,85,29.97,1280,720,d04e93e37ccad6c444d5de0144587950,VALID
2839,W02769.mp4,C:\Users\Admin\Python Advanced\Deep Learning - CV\Project\data\Dataset\Videos\W02769.mp4,0.716,quang hợp,quang hợp,Neutral / Unspecified,unknown,110,29.97,1280,720,6c385be774457ef24c1ecee8eb5e7ef4,VALID
2840,W02771.mp4,C:\Users\Admin\Python Advanced\Deep Learning - CV\Project\data\Dataset\Videos\W02771.mp4,0.768,quàng khăn,quàng khăn,Neutral / Unspecified,unknown,126,29.97,1280,720,44a4abef419189e2b752d60c2bf7da25,VALID
2841,W02772.mp4,C:\Users\Admin\Python Advanced\Deep Learning - CV\Project\data\Dataset\Videos\W02772.mp4,0.616,Quảng Bình,quảng bình,Neutral / Unspecified,unknown,105,29.97,1280,720,790a568e1f6f4c2e2de9850fe49f7550,VALID
2842,W02773.mp4,C:\Users\Admin\Python Advanced\Deep Learning - CV\Project\data\Dataset\Videos\W02773.mp4,0.596,quảng cáo,quảng cáo,Neutral / Unspecified,unknown,103,29.97,1280,720,47e92401475f08a2eb302f78a6eff1ac,VALID
2843,W02774.mp4,C:\Users\Admin\Python Advanced\Deep Learning - CV\Project\data\Dataset\Videos\W02774.mp4,0.609,Quảng Ngãi,quảng ngãi,Neutral / Unspecified,unknown,97,29.97,1280,720,a70f888cece0a83b3cf4c9d015f4b399,VALID
2844,W02775.mp4,C:\Users\Admin\Python Advanced\Deep Learning - CV\Project\data\Dataset\Videos\W02775.mp4,1.362,Quảng Ninh,quảng ninh,Neutral / Unspecified,unknown,225,29.97,1280,720,c5653cee568d2c8641846dcb96624ac8,VALID
2845,W02776.mp4,C:\Users\Admin\Python Advanced\Deep Learning - CV\Project\data\Dataset\Videos\W02776.mp4,0.623,quát mắng,quát mắng,Neutral / Unspecified,unknown,106,29.97,1280,720,cbdc46150ef62a6c879e80cb3c62175b,VALID
2846,W02777.mp4,C:\Users\Admin\Python Advanced\Deep Learning - CV\Project\data\Dataset\Videos\W02777.mp4,0.632,quạt cây,quạt cây,Neutral / Unspecified,unknown,114,29.97,1280,720,d8595563f61a8af325643514eb4b70d6,VALID
2847,W02778.mp4,C:\Users\Admin\Python Advanced\Deep Learning - CV\Project\data\Dataset\Videos\W02778.mp4,0.498,quay cóp,quay cóp,Neutral / Unspecified,unknown,93,29.97,1280,720,e25353957f4db7034ba2e172e72e32c9,VALID
2848,W02779.mp4,C:\Users\Admin\Python Advanced\Deep Learning - CV\Project\data\Dataset\Videos\W02779.mp4,0.633,quay phim,quay phim,Neutral / Unspecified,unknown,95,29.97,1280,720,9a18ffcd8f9d38475bf039bf684a064e,VALID
2849,W02780.mp4,C:\Users\Admin\Python Advanced\Deep Learning - CV\Project\data\Dataset\Videos\W02780.mp4,0.548,quà,quà,Neutral / Unspecified,unknown,101,29.97,1280,720,e1a2df8bc920d3da266ad4256903cee7,VALID
2850,W02781.mp4,C:\Users\Admin\Python Advanced\Deep Learning - CV\Project\data\Dataset\Videos\W02781.mp4,0.686,Quảng Nam,quảng nam,Neutral / Unspecified,unknown,127,29.97,1280,720,c75065e01f2700dcc27629fba1e36dc8,VALID
2851,W02782.mp4,C:\Users\Admin\Python Advanced\Deep Learning - CV\Project\data\Dataset\Videos\W02782.mp4,0.529,Quảng Trị,quảng trị,Neutral / Unspecified,unknown,105,29.97,1280,720,9adb89088dae2d65dfb99333eafef506,VALID
2852,W02783.mp4,C:\Users\Admin\Python Advanced\Deep Learning - CV\Project\data\Dataset\Videos\W02783.mp4,0.694,quạt treo tường,quạt treo tường,Neutral / Unspecified,unknown,138,29.97,1280,720,82c6c74750017541079e40705ece240d,VALID
2853,W02784N.mp4,C:\Users\Admin\Python Advanced\Deep Learning - CV\Project\data\Dataset\Videos\W02784N.mp4,0.362,quân đội,quân đội,N (Miền Nam / South),unknown,72,29.97,1280,720,4f01b15186a70343d1405568e5d6a459,VALID
2854,W02786.mp4,C:\Users\Admin\Python Advanced\Deep Learning - CV\Project\data\Dataset\Videos\W02786.mp4,0.518,quần âu,quần âu,Neutral / Unspecified,unknown,109,29.97,1280,720,2180e21a7d47bb101ddb4a8f68877f53,VALID
2855,W02787B.mp4,C:\Users\Admin\Python Advanced\Deep Learning - CV\Project\data\Dataset\Videos\W02787B.mp4,0.47,quần bò,quần bò,B (Miền Bắc / North),unknown,94,29.97,1280,720,c86942324e1f97d6d73fa8c0681e8047,VALID
2856,W02787N.mp4,C:\Users\Admin\Python Advanced\Deep Learning - CV\Project\data\Dataset\Videos\W02787N.mp4,0.518,quần bò,quần bò,N (Miền Nam / South),unknown,95,29.97,1280,720,4f463e222e984766473891a70999de58,VALID
2857,W02787T.mp4,C:\Users\Admin\Python Advanced\Deep Learning - CV\Project\data\Dataset\Videos\W02787T.mp4,0.522,quần bò,quần bò,T (Miền Trung / Central),unknown,95,29.97,1280,720,29162ab038d2989f52300efcc1a74673,VALID
2858,W02788.mp4,C:\Users\Admin\Python Advanced\Deep Learning - CV\Project\data\Dataset\Videos\W02788.mp4,0.493,quần đùi,quần đùi,Neutral / Unspecified,unknown,100,29.97,1280,720,27bb4314db92037b06b50d3cf0479b6b,VALID
2859,W02790B.mp4,C:\Users\Admin\Python Advanced\Deep Learning - CV\Project\data\Dataset\Videos\W02790B.mp4,0.531,quận,quận,B (Miền Bắc / North),unknown,102,29.97,1280,720,2e59b4707f6ca2dad447ca4bfa4946d1,VALID
2860,W02790N.mp4,C:\Users\Admin\Python Advanced\Deep Learning - CV\Project\data\Dataset\Videos\W02790N.mp4,0.296,quận,quận,N (Miền Nam / South),unknown,71,29.97,1280,720,965e5c504b2a2394871bc08c14e76c0c,VALID
2861,W02794.mp4,C:\Users\Admin\Python Advanced\Deep Learning - CV\Project\data\Dataset\Videos\W02794.mp4,0.578,quét dọn,quét dọn,Neutral / Unspecified,unknown,98,29.97,1280,720,d65b86ac1ce6d2be521645ab82e3ee7e,VALID
2862,W02798.mp4,C:\Users\Admin\Python Advanced\Deep Learning - CV\Project\data\Dataset\Videos\W02798.mp4,0.489,quên,quên,Neutral / Unspecified,unknown,106,29.97,1280,720,a075fd7da386347e03e2d03259cdb6d3,VALID
2863,W02799.mp4,C:\Users\Admin\Python Advanced\Deep Learning - CV\Project\data\Dataset\Videos\W02799.mp4,0.634,quốc ca,quốc ca,Neutral / Unspecified,unknown,114,29.97,1280,720,a47138cc25b85e614b22919422ab7871,VALID
2864,W02800.mp4,C:\Users\Admin\Python Advanced\Deep Learning - CV\Project\data\Dataset\Videos\W02800.mp4,0.538,quốc gia,quốc gia,Neutral / Unspecified,unknown,102,29.97,1280,720,fde9df9b80ad95be0c44ea2d137bf992,VALID
2865,W02801.mp4,C:\Users\Admin\Python Advanced\Deep Learning - CV\Project\data\Dataset\Videos\W02801.mp4,0.678,quốc hội,quốc hội,Neutral / Unspecified,unknown,117,29.97,1280,720,263ce1e81816db90c5629df2b5e63165,VALID
2866,W02802.mp4,C:\Users\Admin\Python Advanced\Deep Learning - CV\Project\data\Dataset\Videos\W02802.mp4,0.541,quốc khánh,quốc khánh,Neutral / Unspecified,unknown,108,29.97,1280,720,d033bbc9cfd5ebee4d918ec8af357cda,VALID
2867,W02804.mp4,C:\Users\Admin\Python Advanced\Deep Learning - CV\Project\data\Dataset\Videos\W02804.mp4,0.532,đề phòng,đề phòng,Neutral / Unspecified,unknown,115,29.97,1280,720,99691fe5c85f127553da7464dfeba277,VALID
2868,W02806.mp4,C:\Users\Admin\Python Advanced\Deep Learning - CV\Project\data\Dataset\Videos\W02806.mp4,0.43,Trần Quốc Toản,trần quốc toản,Neutral / Unspecified,unknown,108,29.97,1280,720,81a72ef8b51eabf93bebe9b2ce45a1f3,VALID
2869,W02807.mp4,C:\Users\Admin\Python Advanced\Deep Learning - CV\Project\data\Dataset\Videos\W02807.mp4,0.463,Quốc Tử Giám,quốc tử giám,Neutral / Unspecified,unknown,88,29.97,1280,720,46df32902fcfbb6d3273774cb9e4de74,VALID
2870,W02808.mp4,C:\Users\Admin\Python Advanced\Deep Learning - CV\Project\data\Dataset\Videos\W02808.mp4,0.559,quy định,quy định,Neutral / Unspecified,unknown,86,29.97,1280,720,9e11d81d967ae033f3067ddfc8f9b8f2,VALID
2871,W02810.mp4,C:\Users\Admin\Python Advanced\Deep Learning - CV\Project\data\Dataset\Videos\W02810.mp4,0.524,quy nạp,quy nạp,Neutral / Unspecified,unknown,101,29.97,1280,720,06f50cbb0af523255d80372e5cbf23a5,VALID
2872,W02812.mp4,C:\Users\Admin\Python Advanced\Deep Learning - CV\Project\data\Dataset\Videos\W02812.mp4,0.688,quý giá,quý giá,Neutral / Unspecified,unknown,124,29.97,1280,720,c0d3a6dd0408416f4f1e40292791194c,VALID
2873,W02813B.mp4,C:\Users\Admin\Python Advanced\Deep Learning - CV\Project\data\Dataset\Videos\W02813B.mp4,0.442,quyền lợi,quyền lợi,B (Miền Bắc / North),unknown,93,29.97,1280,720,c761476ee43d926a04757b4c5bccc68e,VALID
2874,W02813N.mp4,C:\Users\Admin\Python Advanced\Deep Learning - CV\Project\data\Dataset\Videos\W02813N.mp4,0.442,quyền lợi,quyền lợi,N (Miền Nam / South),unknown,89,29.97,1280,720,33a433b9871337b703ee98413f65cb22,VALID
2875,W02813T.mp4,C:\Users\Admin\Python Advanced\Deep Learning - CV\Project\data\Dataset\Videos\W02813T.mp4,0.442,quyền lợi,quyền lợi,T (Miền Trung / Central),unknown,93,29.97,1280,720,ddcd983d7f63db9227b89dd366ff8a0f,VALID
2876,W02814B.mp4,C:\Users\Admin\Python Advanced\Deep Learning - CV\Project\data\Dataset\Videos\W02814B.mp4,0.422,quyết định,quyết định,B (Miền Bắc / North),unknown,93,29.97,1280,720,140151b7c574b4d305ee32feb4a83c03,VALID
2877,W02814N.mp4,C:\Users\Admin\Python Advanced\Deep Learning - CV\Project\data\Dataset\Videos\W02814N.mp4,0.545,quyết định,quyết định,N (Miền Nam / South),unknown,99,29.97,1280,720,c4d15343277b0280eb342e5f30ca8cc0,VALID
2878,W02814T.mp4,C:\Users\Admin\Python Advanced\Deep Learning - CV\Project\data\Dataset\Videos\W02814T.mp4,0.425,quyết định,quyết định,T (Miền Trung / Central),unknown,93,29.97,1280,720,fe8d9119c4811502015dc1314e978d38,VALID
2879,W02815.mp4,C:\Users\Admin\Python Advanced\Deep Learning - CV\Project\data\Dataset\Videos\W02815.mp4,0.621,quỳ,quỳ,Neutral / Unspecified,unknown,115,29.97,1280,720,b249187a7ba081763d402eaa774b3810,VALID
2880,W02816.mp4,C:\Users\Admin\Python Advanced\Deep Learning - CV\Project\data\Dataset\Videos\W02816.mp4,0.546,quý hiếm,quý hiếm,Neutral / Unspecified,unknown,97,29.97,1280,720,2413f221aaadd404eb3f7d5b62c4728f,VALID
2881,W02818T.mp4,C:\Users\Admin\Python Advanced\Deep Learning - CV\Project\data\Dataset\Videos\W02818T.mp4,0.363,quyển vở,quyển vở,T (Miền Trung / Central),unknown,73,29.97,1280,720,d7dfb25a62e5f3379c7ac917c3cefb79,VALID
2882,W02820B.mp4,C:\Users\Admin\Python Advanced\Deep Learning - CV\Project\data\Dataset\Videos\W02820B.mp4,0.405,quyết tâm,quyết tâm,B (Miền Bắc / North),unknown,85,29.97,1280,720,22a09ce6242e26e0e0cc686929861d1d,VALID
2883,W02825B.mp4,C:\Users\Admin\Python Advanced\Deep Learning - CV\Project\data\Dataset\Videos\W02825B.mp4,0.463,ra ngoài,ra ngoài,B (Miền Bắc / North),unknown,95,29.97,1280,720,4e56004896216349cecba9ddbd883956,VALID
2884,W02825T.mp4,C:\Users\Admin\Python Advanced\Deep Learning - CV\Project\data\Dataset\Videos\W02825T.mp4,0.331,ra ngoài,ra ngoài,T (Miền Trung / Central),unknown,77,29.97,1280,720,07f274d987c2dfb4891d21cc8ab2ee1f,VALID
2885,W02828.mp4,C:\Users\Admin\Python Advanced\Deep Learning - CV\Project\data\Dataset\Videos\W02828.mp4,0.571,rách,rách,Neutral / Unspecified,unknown,111,29.97,1280,720,19bd96ab38a4c5e5960f5f5a691c2815,VALID
2886,W02832.mp4,C:\Users\Admin\Python Advanced\Deep Learning - CV\Project\data\Dataset\Videos\W02832.mp4,0.732,rào chắn,rào chắn,Neutral / Unspecified,unknown,139,29.97,1280,720,f3aedbe40f2385eb5c8d6af95b4805c0,VALID
2887,W02833.mp4,C:\Users\Admin\Python Advanced\Deep Learning - CV\Project\data\Dataset\Videos\W02833.mp4,0.816,rạp chiếu phim,rạp chiếu phim,Neutral / Unspecified,unknown,117,29.97,1280,720,ae22cbc0c256bef956138117dbc71100,VALID
2888,W02835.mp4,C:\Users\Admin\Python Advanced\Deep Learning - CV\Project\data\Dataset\Videos\W02835.mp4,0.468,rau,rau,Neutral / Unspecified,unknown,91,29.97,1280,720,be0a88d76221488a19bc889c88e48827,VALID
2889,W02836.mp4,C:\Users\Admin\Python Advanced\Deep Learning - CV\Project\data\Dataset\Videos\W02836.mp4,0.59,rau bắp cải,rau bắp cải,Neutral / Unspecified,unknown,105,29.97,1280,720,d3f471c06d1ac0ec884a729883dc9e11,VALID
2890,W02839.mp4,C:\Users\Admin\Python Advanced\Deep Learning - CV\Project\data\Dataset\Videos\W02839.mp4,0.526,rau cải thảo,rau cải thảo,Neutral / Unspecified,unknown,112,29.97,1280,720,e8287f5c9c33072c1215cbb3afa9b3e6,VALID
2891,W02841.mp4,C:\Users\Admin\Python Advanced\Deep Learning - CV\Project\data\Dataset\Videos\W02841.mp4,0.485,rau dền,rau dền,Neutral / Unspecified,unknown,95,29.97,1280,720,33dffdef79a3acab153f2e5722524c34,VALID
2892,W02844.mp4,C:\Users\Admin\Python Advanced\Deep Learning - CV\Project\data\Dataset\Videos\W02844.mp4,0.489,rau mùng tơi,rau mùng tơi,Neutral / Unspecified,unknown,103,29.97,1280,720,d4bf662365c0a404cdd4c068e8da38e6,VALID
2893,W02847B.mp4,C:\Users\Admin\Python Advanced\Deep Learning - CV\Project\data\Dataset\Videos\W02847B.mp4,0.671,rằm trung thu,rằm trung thu,B (Miền Bắc / North),unknown,111,29.97,1280,720,54fb547d438e5eb7d9081ae46fa93515,VALID
2894,W02847N.mp4,C:\Users\Admin\Python Advanced\Deep Learning - CV\Project\data\Dataset\Videos\W02847N.mp4,0.525,rằm trung thu,rằm trung thu,N (Miền Nam / South),unknown,87,29.97,1280,720,dcb25f114eaf87b069d5e3c74bccd025,VALID
2895,W02847T.mp4,C:\Users\Admin\Python Advanced\Deep Learning - CV\Project\data\Dataset\Videos\W02847T.mp4,0.496,rằm trung thu,rằm trung thu,T (Miền Trung / Central),unknown,87,29.97,1280,720,4321e1a96f201b5c887e42d52df10bd1,VALID
2896,W02848.mp4,C:\Users\Admin\Python Advanced\Deep Learning - CV\Project\data\Dataset\Videos\W02848.mp4,0.5,răng,răng,Neutral / Unspecified,unknown,116,29.97,1280,720,5ec720fdfaacff6a5d0def0f86540d82,VALID
2897,W02849.mp4,C:\Users\Admin\Python Advanced\Deep Learning - CV\Project\data\Dataset\Videos\W02849.mp4,0.649,răng cưa,răng cưa,Neutral / Unspecified,unknown,120,29.97,1280,720,3b4450626ad68c0a746536f5caf7145a,VALID
2898,W02852.mp4,C:\Users\Admin\Python Advanced\Deep Learning - CV\Project\data\Dataset\Videos\W02852.mp4,0.527,rẽ phải,rẽ phải,Neutral / Unspecified,unknown,114,29.97,1280,720,63ae2205558eb85a80a6329e15d729c5,VALID
2899,W02853.mp4,C:\Users\Admin\Python Advanced\Deep Learning - CV\Project\data\Dataset\Videos\W02853.mp4,0.537,rèn sắt,rèn sắt,Neutral / Unspecified,unknown,98,29.97,1280,720,76ed9a62b9b84d41e7afe9763912fae4,VALID
2900,W02854.mp4,C:\Users\Admin\Python Advanced\Deep Learning - CV\Project\data\Dataset\Videos\W02854.mp4,0.899,rèn luyện,rèn luyện,Neutral / Unspecified,unknown,151,29.97,1280,720,88dab885b19dc2d58133b2e17172d8cb,VALID
2901,W02855.mp4,C:\Users\Admin\Python Advanced\Deep Learning - CV\Project\data\Dataset\Videos\W02855.mp4,0.755,reo hò,reo hò,Neutral / Unspecified,unknown,103,29.97,1280,720,f41149865c1f14aade50d6f305e5c9b3,VALID
2902,W02857.mp4,C:\Users\Admin\Python Advanced\Deep Learning - CV\Project\data\Dataset\Videos\W02857.mp4,0.74,rễ chùm,rễ chùm,Neutral / Unspecified,unknown,128,29.97,1280,720,1bb9a6ee33326383a4501bd41d32a80a,VALID
2903,W02858.mp4,C:\Users\Admin\Python Advanced\Deep Learning - CV\Project\data\Dataset\Videos\W02858.mp4,0.545,rễ cọc,rễ cọc,Neutral / Unspecified,unknown,88,29.97,1280,720,6491931bd66cfaac7a1c56ccf88e7524,VALID
2904,W02859.mp4,C:\Users\Admin\Python Advanced\Deep Learning - CV\Project\data\Dataset\Videos\W02859.mp4,0.475,rế,rế,Neutral / Unspecified,unknown,88,29.97,1280,720,785b05d271eb4844142fe15b799c0bf6,VALID
2905,W02860.mp4,C:\Users\Admin\Python Advanced\Deep Learning - CV\Project\data\Dataset\Videos\W02860.mp4,0.611,riêng biệt,riêng biệt,Neutral / Unspecified,unknown,121,29.97,1280,720,5ade4a242701429a4bd87ede98ee0dc0,VALID
2906,W02861.mp4,C:\Users\Admin\Python Advanced\Deep Learning - CV\Project\data\Dataset\Videos\W02861.mp4,0.538,riêng tư,riêng tư,Neutral / Unspecified,unknown,105,29.97,1280,720,57924026f3fdf661a0c0185080c6b4ab,VALID
2907,W02862.mp4,C:\Users\Admin\Python Advanced\Deep Learning - CV\Project\data\Dataset\Videos\W02862.mp4,0.549,rình mò,rình mò,Neutral / Unspecified,unknown,100,29.97,1280,720,ecdc6caca6c59489697e0aa981d64851,VALID
2908,W02863.mp4,C:\Users\Admin\Python Advanced\Deep Learning - CV\Project\data\Dataset\Videos\W02863.mp4,1.404,rìu,rìu,Neutral / Unspecified,unknown,197,29.97,1280,720,ee0d2b3ea54686df9504308477388c1f,VALID
2909,W02864B.mp4,C:\Users\Admin\Python Advanced\Deep Learning - CV\Project\data\Dataset\Videos\W02864B.mp4,0.383,rõ ràng,rõ ràng,B (Miền Bắc / North),unknown,82,29.97,1280,720,17d3e7f2b7f077da45335d2bdc93765a,VALID
2910,W02864T.mp4,C:\Users\Admin\Python Advanced\Deep Learning - CV\Project\data\Dataset\Videos\W02864T.mp4,0.376,rõ ràng,rõ ràng,T (Miền Trung / Central),unknown,82,29.97,1280,720,f64e0235cabac7055f48e4acf3a0d1e1,VALID
2911,W02865N.mp4,C:\Users\Admin\Python Advanced\Deep Learning - CV\Project\data\Dataset\Videos\W02865N.mp4,0.452,róc rách,róc rách,N (Miền Nam / South),unknown,83,29.97,1280,720,6e66b55300e5702f6c0faa8506a14258,VALID
2912,W02866.mp4,C:\Users\Admin\Python Advanced\Deep Learning - CV\Project\data\Dataset\Videos\W02866.mp4,0.632,rón rén,rón rén,Neutral / Unspecified,unknown,97,29.97,1280,720,12e5538a56c847dabf5611349dd957a6,VALID
2913,W02867.mp4,C:\Users\Admin\Python Advanced\Deep Learning - CV\Project\data\Dataset\Videos\W02867.mp4,0.711,rong biển,rong biển,Neutral / Unspecified,unknown,115,29.97,1280,720,bf5af68a4e7f7640cd9962a4106faccf,VALID
2914,W02868B.mp4,C:\Users\Admin\Python Advanced\Deep Learning - CV\Project\data\Dataset\Videos\W02868B.mp4,0.623,rong chơi,rong chơi,B (Miền Bắc / North),unknown,101,29.97,1280,720,c0cef7abfe3933ee57a3b98ef8474095,VALID
2915,W02868N.mp4,C:\Users\Admin\Python Advanced\Deep Learning - CV\Project\data\Dataset\Videos\W02868N.mp4,0.637,rong chơi,rong chơi,N (Miền Nam / South),unknown,81,29.97,1280,720,acff32c1d0019c572d24c8e2dd734402,VALID
2916,W02868T.mp4,C:\Users\Admin\Python Advanced\Deep Learning - CV\Project\data\Dataset\Videos\W02868T.mp4,0.621,rong chơi,rong chơi,T (Miền Trung / Central),unknown,101,29.97,1280,720,c418f2f4bdf15fad7491076cc386b9e5,VALID
2917,W02870.mp4,C:\Users\Admin\Python Advanced\Deep Learning - CV\Project\data\Dataset\Videos\W02870.mp4,0.499,rổ,rổ,Neutral / Unspecified,unknown,87,29.97,1280,720,1435ec6a33331aaa8a093f458cf6478f,VALID
2918,W02872.mp4,C:\Users\Admin\Python Advanced\Deep Learning - CV\Project\data\Dataset\Videos\W02872.mp4,0.629,rộng lớn,rộng lớn,Neutral / Unspecified,unknown,99,29.97,1280,720,4f88cefe19c19fa40e73097e97aef391,VALID
2919,W02873.mp4,C:\Users\Admin\Python Advanced\Deep Learning - CV\Project\data\Dataset\Videos\W02873.mp4,0.549,rộng rãi,rộng rãi,Neutral / Unspecified,unknown,100,29.97,1280,720,6c741f39c87b2bcc1115841bd967d8f5,VALID
2920,W02874.mp4,C:\Users\Admin\Python Advanced\Deep Learning - CV\Project\data\Dataset\Videos\W02874.mp4,0.452,rơi,rơi,Neutral / Unspecified,unknown,103,29.97,1280,720,eaf4c2e85065c85b510ea72a0c3b62ba,VALID
2921,W02875.mp4,C:\Users\Admin\Python Advanced\Deep Learning - CV\Project\data\Dataset\Videos\W02875.mp4,0.552,rơm,rơm,Neutral / Unspecified,unknown,113,29.97,1280,720,29984e8418b43ec16d1a69cd079eece8,VALID
2922,W02876.mp4,C:\Users\Admin\Python Advanced\Deep Learning - CV\Project\data\Dataset\Videos\W02876.mp4,0.75,ru ngủ,ru ngủ,Neutral / Unspecified,unknown,124,29.97,1280,720,fd7f1fa2de4b807661ee15daf1d57a76,VALID
2923,W02877.mp4,C:\Users\Admin\Python Advanced\Deep Learning - CV\Project\data\Dataset\Videos\W02877.mp4,0.7,rụng tóc (đt),rụng tóc (đt),Neutral / Unspecified,unknown,115,29.97,1280,720,56262f1f9fdce1ed25f650ee2209c1c5,VALID
2924,W02878.mp4,C:\Users\Admin\Python Advanced\Deep Learning - CV\Project\data\Dataset\Videos\W02878.mp4,0.594,ruộng bậc thang,ruộng bậc thang,Neutral / Unspecified,unknown,110,29.97,1280,720,8c3f50ecdeb1c708d092dcca3e3029a8,VALID
2925,W02879.mp4,C:\Users\Admin\Python Advanced\Deep Learning - CV\Project\data\Dataset\Videos\W02879.mp4,0.454,ruột già,ruột già,Neutral / Unspecified,unknown,92,29.97,1280,720,58e79edf67d7d08066739607d04305d4,VALID
2926,W02883.mp4,C:\Users\Admin\Python Advanced\Deep Learning - CV\Project\data\Dataset\Videos\W02883.mp4,0.534,rút gọn,rút gọn,Neutral / Unspecified,unknown,109,29.97,1280,720,35d5c966d8f77a5ba052d897d3f682d9,VALID
2927,W02884.mp4,C:\Users\Admin\Python Advanced\Deep Learning - CV\Project\data\Dataset\Videos\W02884.mp4,0.526,rút gọn phân số,rút gọn phân số,Neutral / Unspecified,unknown,114,29.97,1280,720,e53b1f5c2e423fc13dc4a53dfe3510f0,VALID
2928,W02885.mp4,C:\Users\Admin\Python Advanced\Deep Learning - CV\Project\data\Dataset\Videos\W02885.mp4,0.557,rửa bát,rửa bát,Neutral / Unspecified,unknown,108,29.97,1280,720,cb78f9fbafdf032b6645430eb8a024d8,VALID
2929,W02887.mp4,C:\Users\Admin\Python Advanced\Deep Learning - CV\Project\data\Dataset\Videos\W02887.mp4,0.614,rửa mặt,rửa mặt,Neutral / Unspecified,unknown,91,29.97,1280,720,7d3cd000d2a6b1e3e185aa3dd03b7a57,VALID
2930,W02888.mp4,C:\Users\Admin\Python Advanced\Deep Learning - CV\Project\data\Dataset\Videos\W02888.mp4,0.53,rửa tay,rửa tay,Neutral / Unspecified,unknown,104,29.97,1280,720,0e826fea49f255856963541c531be35d,VALID
2931,W02892.mp4,C:\Users\Admin\Python Advanced\Deep Learning - CV\Project\data\Dataset\Videos\W02892.mp4,0.824,rừng núi,rừng núi,Neutral / Unspecified,unknown,124,29.97,1280,720,8860ede670c06e193cc3e8c78bc936dc,VALID
2932,W02893.mp4,C:\Users\Admin\Python Advanced\Deep Learning - CV\Project\data\Dataset\Videos\W02893.mp4,0.661,rừng rậm,rừng rậm,Neutral / Unspecified,unknown,100,29.97,1280,720,9feb0a0897f09dcb057945678c5002f6,VALID
2933,W02895.mp4,C:\Users\Admin\Python Advanced\Deep Learning - CV\Project\data\Dataset\Videos\W02895.mp4,0.714,rước đèn,rước đèn,Neutral / Unspecified,unknown,111,29.97,1280,720,795dacb84b323dc8c0194bd2c1fc2b97,VALID
2934,W02897B.mp4,C:\Users\Admin\Python Advanced\Deep Learning - CV\Project\data\Dataset\Videos\W02897B.mp4,0.584,rưỡi,rưỡi,B (Miền Bắc / North),unknown,107,29.97,1280,720,3c79f75790e87e95f5dbc4ccbb5be535,VALID
2935,W02897N.mp4,C:\Users\Admin\Python Advanced\Deep Learning - CV\Project\data\Dataset\Videos\W02897N.mp4,0.61,rưỡi,rưỡi,N (Miền Nam / South),unknown,99,29.97,1280,720,8352dd847acadfd6ff1b4e0b9a14ebb4,VALID
2936,W02897T.mp4,C:\Users\Admin\Python Advanced\Deep Learning - CV\Project\data\Dataset\Videos\W02897T.mp4,0.584,rưỡi,rưỡi,T (Miền Trung / Central),unknown,107,29.97,1280,720,af947b146cbac75b71502729e1bb88a9,VALID
2937,W02898N.mp4,C:\Users\Admin\Python Advanced\Deep Learning - CV\Project\data\Dataset\Videos\W02898N.mp4,0.524,rượu,rượu,N (Miền Nam / South),unknown,101,29.97,1280,720,760b8588cae38b42e7dd3a078063f076,VALID
2938,W02900.mp4,C:\Users\Admin\Python Advanced\Deep Learning - CV\Project\data\Dataset\Videos\W02900.mp4,0.575,sách,sách,Neutral / Unspecified,unknown,96,29.97,1280,720,70f3aedcb425872fad3d74a2cee6340c,VALID
2939,W02901.mp4,C:\Users\Admin\Python Advanced\Deep Learning - CV\Project\data\Dataset\Videos\W02901.mp4,0.625,sách giáo khoa,sách giáo khoa,Neutral / Unspecified,unknown,112,29.97,1280,720,87f0e54903b4c4bce8cadacd638098c4,VALID
2940,W02902.mp4,C:\Users\Admin\Python Advanced\Deep Learning - CV\Project\data\Dataset\Videos\W02902.mp4,0.519,sách toán,sách toán,Neutral / Unspecified,unknown,103,29.97,1280,720,7a593517a068f95204f9f4904393f355,VALID
2941,W02903.mp4,C:\Users\Admin\Python Advanced\Deep Learning - CV\Project\data\Dataset\Videos\W02903.mp4,0.627,san hô,san hô,Neutral / Unspecified,unknown,128,29.97,1280,720,9918a88ea75cc2d90abf62f33579cb91,VALID
2942,W02906.mp4,C:\Users\Admin\Python Advanced\Deep Learning - CV\Project\data\Dataset\Videos\W02906.mp4,0.502,san sẻ,san sẻ,Neutral / Unspecified,unknown,101,29.97,1280,720,d3826dcd768644d90fcbdeaae1b25bdb,VALID
2943,W02912.mp4,C:\Users\Admin\Python Advanced\Deep Learning - CV\Project\data\Dataset\Videos\W02912.mp4,0.61,sản xuất,sản xuất,Neutral / Unspecified,unknown,99,29.97,1280,720,a07dc3f552f3d6330abbe41709a65790,VALID
2944,W02915.mp4,C:\Users\Admin\Python Advanced\Deep Learning - CV\Project\data\Dataset\Videos\W02915.mp4,0.666,sáng chói,sáng chói,Neutral / Unspecified,unknown,111,29.97,1280,720,24280f13718e2b852e418bc21e588b1b,VALID
2945,W02918.mp4,C:\Users\Admin\Python Advanced\Deep Learning - CV\Project\data\Dataset\Videos\W02918.mp4,0.504,sáng tạo,sáng tạo,Neutral / Unspecified,unknown,78,29.97,1280,720,4116ca16e9a1bf1df360f45de641cf55,VALID
2946,W02919N.mp4,C:\Users\Admin\Python Advanced\Deep Learning - CV\Project\data\Dataset\Videos\W02919N.mp4,0.611,sao,sao,N (Miền Nam / South),unknown,88,29.97,1280,720,c9a3ad0fe16451572b16ff32278119a5,VALID
2947,W02919T.mp4,C:\Users\Admin\Python Advanced\Deep Learning - CV\Project\data\Dataset\Videos\W02919T.mp4,0.611,sao,sao,T (Miền Trung / Central),unknown,88,29.97,1280,720,21c19079585598690a22f57f98817372,VALID
2948,W02921.mp4,C:\Users\Admin\Python Advanced\Deep Learning - CV\Project\data\Dataset\Videos\W02921.mp4,0.465,sao chép,sao chép,Neutral / Unspecified,unknown,88,29.97,1280,720,cfeac1391f4bf6eb13bc2406b0ba7f09,VALID
2949,W02922.mp4,C:\Users\Admin\Python Advanced\Deep Learning - CV\Project\data\Dataset\Videos\W02922.mp4,0.534,đỏ thắm,đỏ thắm,Neutral / Unspecified,unknown,99,29.97,1280,720,4c2a51253871515c435ecf535f08199a,VALID
2950,W02925.mp4,C:\Users\Admin\Python Advanced\Deep Learning - CV\Project\data\Dataset\Videos\W02925.mp4,0.687,Sapa,sapa,Neutral / Unspecified,unknown,110,29.97,1280,720,dbecf8b9752db338696fd7f50f0d242a,VALID
2951,W02926.mp4,C:\Users\Admin\Python Advanced\Deep Learning - CV\Project\data\Dataset\Videos\W02926.mp4,0.561,sau,sau,Neutral / Unspecified,unknown,101,29.97,1280,720,5c0c0d2a109ce1ae1391e4499bac8d47,VALID
2952,W02929.mp4,C:\Users\Admin\Python Advanced\Deep Learning - CV\Project\data\Dataset\Videos\W02929.mp4,0.676,săn bắn,săn bắn,Neutral / Unspecified,unknown,108,29.97,1280,720,9fdf1ab89ea7fa91194c5dec5605449e,VALID
2953,W02931B.mp4,C:\Users\Admin\Python Advanced\Deep Learning - CV\Project\data\Dataset\Videos\W02931B.mp4,0.374,sắp xếp,sắp xếp,B (Miền Bắc / North),unknown,64,29.97,1280,720,c9f7b02304addb05d567cb17b9c1f137,VALID
2954,W02931N.mp4,C:\Users\Admin\Python Advanced\Deep Learning - CV\Project\data\Dataset\Videos\W02931N.mp4,0.487,sắp xếp,sắp xếp,N (Miền Nam / South),unknown,78,29.97,1280,720,095bab7ba05272055c9b1309de1b6dfd,VALID
2955,W02931T.mp4,C:\Users\Admin\Python Advanced\Deep Learning - CV\Project\data\Dataset\Videos\W02931T.mp4,0.482,sắp xếp,sắp xếp,T (Miền Trung / Central),unknown,78,29.97,1280,720,5a7fc58324cdb74ff5eb9ebf73723c9b,VALID
2956,W02932B.mp4,C:\Users\Admin\Python Advanced\Deep Learning - CV\Project\data\Dataset\Videos\W02932B.mp4,0.541,sắt,sắt,B (Miền Bắc / North),unknown,103,29.97,1280,720,b5b36c27d06822344c8c15642dab128e,VALID
2957,W02932N.mp4,C:\Users\Admin\Python Advanced\Deep Learning - CV\Project\data\Dataset\Videos\W02932N.mp4,0.339,sắt,sắt,N (Miền Nam / South),unknown,96,29.97,1280,720,00b8b167931ee959ae2119d644435bde,VALID
2958,W02932T.mp4,C:\Users\Admin\Python Advanced\Deep Learning - CV\Project\data\Dataset\Videos\W02932T.mp4,0.564,sắt,sắt,T (Miền Trung / Central),unknown,138,29.97,1280,720,0d9687bc6cff4dbf0a4d7fe240d86334,VALID
2959,W02934.mp4,C:\Users\Admin\Python Advanced\Deep Learning - CV\Project\data\Dataset\Videos\W02934.mp4,0.491,sấm chớp,sấm chớp,Neutral / Unspecified,unknown,96,29.97,1280,720,bdbc44e4ac79f57b244539d46a8e7fa2,VALID
2960,W02936B.mp4,C:\Users\Admin\Python Advanced\Deep Learning - CV\Project\data\Dataset\Videos\W02936B.mp4,0.708,sân chơi,sân chơi,B (Miền Bắc / North),unknown,135,29.97,1280,720,14c3ae3a164d9d30d568d0e3b88f3340,VALID
2961,W02936T.mp4,C:\Users\Admin\Python Advanced\Deep Learning - CV\Project\data\Dataset\Videos\W02936T.mp4,0.714,sân chơi,sân chơi,T (Miền Trung / Central),unknown,135,29.97,1280,720,2b474d54535578d8ec2e88c0616ae382,VALID
2962,W02938.mp4,C:\Users\Admin\Python Advanced\Deep Learning - CV\Project\data\Dataset\Videos\W02938.mp4,0.604,sân nhà,sân nhà,Neutral / Unspecified,unknown,113,29.97,1280,720,1bb8b33041e5c1be6e7e41a820e30fd7,VALID
2963,W02939.mp4,C:\Users\Admin\Python Advanced\Deep Learning - CV\Project\data\Dataset\Videos\W02939.mp4,0.741,sân thượng,sân thượng,Neutral / Unspecified,unknown,132,29.97,1280,720,02f38745beab8424d5dc3dbf81a9af4b,VALID
2964,W02940B.mp4,C:\Users\Admin\Python Advanced\Deep Learning - CV\Project\data\Dataset\Videos\W02940B.mp4,0.643,sân trường,sân trường,B (Miền Bắc / North),unknown,130,29.97,1280,720,fd0382b8f36d91627f614831487db138,VALID
2965,W02940N.mp4,C:\Users\Admin\Python Advanced\Deep Learning - CV\Project\data\Dataset\Videos\W02940N.mp4,0.55,sân trường,sân trường,N (Miền Nam / South),unknown,106,29.97,1280,720,585f18d6afa884f5bf0a758b377187d6,VALID
2966,W02941.mp4,C:\Users\Admin\Python Advanced\Deep Learning - CV\Project\data\Dataset\Videos\W02941.mp4,0.669,sân vận động,sân vận động,Neutral / Unspecified,unknown,120,29.97,1280,720,9c61af4a4dbbd399409038a047c9edec,VALID
2967,W02943.mp4,C:\Users\Admin\Python Advanced\Deep Learning - CV\Project\data\Dataset\Videos\W02943.mp4,0.765,sâu,sâu,Neutral / Unspecified,unknown,130,29.97,1280,720,38660a8a80bde2838e2b3a0b7b78396b,VALID
2968,W02944.mp4,C:\Users\Admin\Python Advanced\Deep Learning - CV\Project\data\Dataset\Videos\W02944.mp4,0.513,sâu bọ,sâu bọ,Neutral / Unspecified,unknown,103,29.97,1280,720,aa7a7b6f86a89ebf4ab617f1b548de13,VALID
2969,W02945.mp4,C:\Users\Admin\Python Advanced\Deep Learning - CV\Project\data\Dataset\Videos\W02945.mp4,0.519,sâu răng,sâu răng,Neutral / Unspecified,unknown,94,29.97,1280,720,3dcb3ae972897afdfc9ce34c09da98f2,VALID
2970,W02946.mp4,C:\Users\Admin\Python Advanced\Deep Learning - CV\Project\data\Dataset\Videos\W02946.mp4,0.764,sâu thẳm,sâu thẳm,Neutral / Unspecified,unknown,120,29.97,1280,720,46b0e619eec4be42d724c474bb1b0c95,VALID
2971,W02947B.mp4,C:\Users\Admin\Python Advanced\Deep Learning - CV\Project\data\Dataset\Videos\W02947B.mp4,0.566,sĩ diện,sĩ diện,B (Miền Bắc / North),unknown,114,29.97,1280,720,0c3f5023359898caa2ff80c3a51e9bbf,VALID
2972,W02947N.mp4,C:\Users\Admin\Python Advanced\Deep Learning - CV\Project\data\Dataset\Videos\W02947N.mp4,0.511,sĩ diện,sĩ diện,N (Miền Nam / South),unknown,98,29.97,1280,720,2573b621bdc26e6f7822367d8105e2ab,VALID
2973,W02948.mp4,C:\Users\Admin\Python Advanced\Deep Learning - CV\Project\data\Dataset\Videos\W02948.mp4,0.804,siêng năng,siêng năng,Neutral / Unspecified,unknown,124,29.97,1280,720,6fbeefa4549337229b38f3aa326e9aca,VALID
2974,W02949.mp4,C:\Users\Admin\Python Advanced\Deep Learning - CV\Project\data\Dataset\Videos\W02949.mp4,0.545,siêu âm,siêu âm,Neutral / Unspecified,unknown,104,29.97,1280,720,3d521302610ad67fff981a94cc22bf92,VALID
2975,W02951.mp4,C:\Users\Admin\Python Advanced\Deep Learning - CV\Project\data\Dataset\Videos\W02951.mp4,0.681,siêu thị,siêu thị,Neutral / Unspecified,unknown,127,29.97,1280,720,6a83e999d8c776925a8cbe02cfb94a3d,VALID
2976,W02952.mp4,C:\Users\Admin\Python Advanced\Deep Learning - CV\Project\data\Dataset\Videos\W02952.mp4,0.439,siêu tốc,siêu tốc,Neutral / Unspecified,unknown,101,29.97,1280,720,aea596c02afa470ec3418a739971ac9b,VALID
2977,W02953B.mp4,C:\Users\Admin\Python Advanced\Deep Learning - CV\Project\data\Dataset\Videos\W02953B.mp4,0.594,sinh đẻ,sinh đẻ,B (Miền Bắc / North),unknown,135,29.97,1280,720,1eeb21bfa8b88473414079aaa9d32e15,VALID
2978,W02953N.mp4,C:\Users\Admin\Python Advanced\Deep Learning - CV\Project\data\Dataset\Videos\W02953N.mp4,0.496,sinh đẻ,sinh đẻ,N (Miền Nam / South),unknown,93,29.97,1280,720,c4a52c46dfdf9becdc5e5de07a641993,VALID
2979,W02954.mp4,C:\Users\Admin\Python Advanced\Deep Learning - CV\Project\data\Dataset\Videos\W02954.mp4,0.679,sinh động,sinh động,Neutral / Unspecified,unknown,108,29.97,1280,720,9c6dbe06c51296f760538926cabef1eb,VALID
2980,W02955.mp4,C:\Users\Admin\Python Advanced\Deep Learning - CV\Project\data\Dataset\Videos\W02955.mp4,0.585,sinh hoạt,sinh hoạt,Neutral / Unspecified,unknown,108,29.97,1280,720,ac9e7eb8054b029a9f20c12a61290388,VALID
2981,W02956B.mp4,C:\Users\Admin\Python Advanced\Deep Learning - CV\Project\data\Dataset\Videos\W02956B.mp4,0.611,sinh sản,sinh sản,B (Miền Bắc / North),unknown,110,29.97,1280,720,58d9532b959ecb8dbbc39a11fb6faedd,VALID
2982,W02956N.mp4,C:\Users\Admin\Python Advanced\Deep Learning - CV\Project\data\Dataset\Videos\W02956N.mp4,0.361,sinh sản,sinh sản,N (Miền Nam / South),unknown,67,29.97,1280,720,c3d6665141e507ab909ca01ad08fbf3e,VALID
2983,W02957.mp4,C:\Users\Admin\Python Advanced\Deep Learning - CV\Project\data\Dataset\Videos\W02957.mp4,0.434,sinh sống,sinh sống,Neutral / Unspecified,unknown,87,29.97,1280,720,c913ec71b179d229b8456cb69ecaedd4,VALID
2984,W02961.mp4,C:\Users\Admin\Python Advanced\Deep Learning - CV\Project\data\Dataset\Videos\W02961.mp4,0.637,Sóc Trăng,sóc trăng,Neutral / Unspecified,unknown,114,29.97,1280,720,dd1f4af275350ee2f50a10c59738f524,VALID
2985,W02962.mp4,C:\Users\Admin\Python Advanced\Deep Learning - CV\Project\data\Dataset\Videos\W02962.mp4,0.555,soi,soi,Neutral / Unspecified,unknown,97,29.97,1280,720,a2fdf106df770b2f77eb09cad48f1af7,VALID
2986,W02964.mp4,C:\Users\Admin\Python Advanced\Deep Learning - CV\Project\data\Dataset\Videos\W02964.mp4,0.686,son môi,son môi,Neutral / Unspecified,unknown,135,29.97,1280,720,b00ea5bf068abdb6ff8db535495c7e4f,VALID
2987,W02965.mp4,C:\Users\Admin\Python Advanced\Deep Learning - CV\Project\data\Dataset\Videos\W02965.mp4,0.556,song song,song song,Neutral / Unspecified,unknown,89,29.97,1280,720,815b78f9391365939c0466722350924b,VALID
2988,W02968.mp4,C:\Users\Admin\Python Advanced\Deep Learning - CV\Project\data\Dataset\Videos\W02968.mp4,0.792,sóng thần,sóng thần,Neutral / Unspecified,unknown,119,29.97,1280,720,89fcd95a07a408e0d571b1ff51f2c55e,VALID
2989,W02970.mp4,C:\Users\Admin\Python Advanced\Deep Learning - CV\Project\data\Dataset\Videos\W02970.mp4,1.232,sổ đầu bài,sổ đầu bài,Neutral / Unspecified,unknown,189,29.97,1280,720,28fd32ac3f72af5dd4c3d7bb7efeeed1,VALID
2990,W02972.mp4,C:\Users\Admin\Python Advanced\Deep Learning - CV\Project\data\Dataset\Videos\W02972.mp4,0.543,sổ điểm danh,sổ điểm danh,Neutral / Unspecified,unknown,105,29.97,1280,720,ac31d91a0a8c480838d3c56a2bb261df,VALID
2991,W02974.mp4,C:\Users\Admin\Python Advanced\Deep Learning - CV\Project\data\Dataset\Videos\W02974.mp4,0.591,sổ tay,sổ tay,Neutral / Unspecified,unknown,124,29.97,1280,720,22e28a4c7655e14e98274a21c2caaca4,VALID
2992,W02975.mp4,C:\Users\Admin\Python Advanced\Deep Learning - CV\Project\data\Dataset\Videos\W02975.mp4,0.356,số bé,số bé,Neutral / Unspecified,unknown,77,29.97,1280,720,9e6d1cc2ee41b5d894b0374c7b72a9bf,VALID
2993,W02979.mp4,C:\Users\Admin\Python Advanced\Deep Learning - CV\Project\data\Dataset\Videos\W02979.mp4,0.61,số chẵn,số chẵn,Neutral / Unspecified,unknown,124,29.97,1280,720,8c6d68bdd75579eff70ce3e4411223bd,VALID
2994,W02981.mp4,C:\Users\Admin\Python Advanced\Deep Learning - CV\Project\data\Dataset\Videos\W02981.mp4,0.511,số chín,số chín,Neutral / Unspecified,unknown,110,29.97,1280,720,c19367ac448be4caafb8ad163de6d2ec,VALID
2995,W02987.mp4,C:\Users\Admin\Python Advanced\Deep Learning - CV\Project\data\Dataset\Videos\W02987.mp4,0.577,số đo,số đo,Neutral / Unspecified,unknown,108,29.97,1280,720,1681e61d1d78ccaade32b6eff6ed5561,VALID
2996,W02989.mp4,C:\Users\Admin\Python Advanced\Deep Learning - CV\Project\data\Dataset\Videos\W02989.mp4,0.866,số lẻ,số lẻ,Neutral / Unspecified,unknown,168,29.97,1280,720,5e5853292ecb84da1358da86d298564f,VALID
2997,W02990.mp4,C:\Users\Admin\Python Advanced\Deep Learning - CV\Project\data\Dataset\Videos\W02990.mp4,0.675,số liền sau,số liền sau,Neutral / Unspecified,unknown,121,29.97,1280,720,b5f3c74442871cb3f78b802c5accb7f6,VALID
2998,W02991.mp4,C:\Users\Admin\Python Advanced\Deep Learning - CV\Project\data\Dataset\Videos\W02991.mp4,0.771,số liền trước,số liền trước,Neutral / Unspecified,unknown,154,29.97,1280,720,e211ab24e220aabd4332a415d1024aaf,VALID
2999,W02996.mp4,C:\Users\Admin\Python Advanced\Deep Learning - CV\Project\data\Dataset\Videos\W02996.mp4,0.415,số thập phân,số thập phân,Neutral / Unspecified,unknown,100,29.97,1280,720,8762fcdbe69c3be4ae472244306b376e,VALID
3000,W03005.mp4,C:\Users\Admin\Python Advanced\Deep Learning - CV\Project\data\Dataset\Videos\W03005.mp4,0.709,sông Hồng,sông hồng,Neutral / Unspecified,unknown,121,29.97,1280,720,6140bebefb45f75a530badadbccc5ded,VALID
3001,W03010N.mp4,C:\Users\Admin\Python Advanced\Deep Learning - CV\Project\data\Dataset\Videos\W03010N.mp4,0.602,sơ đồ,sơ đồ,N (Miền Nam / South),unknown,95,29.97,1280,720,b08294ac5927dc057ed29e5ce67de26c,VALID
3002,W03010T.mp4,C:\Users\Admin\Python Advanced\Deep Learning - CV\Project\data\Dataset\Videos\W03010T.mp4,0.6,sơ đồ,sơ đồ,T (Miền Trung / Central),unknown,95,29.97,1280,720,12694be2544b080f051f07c9affee0dd,VALID
3003,W03011B.mp4,C:\Users\Admin\Python Advanced\Deep Learning - CV\Project\data\Dataset\Videos\W03011B.mp4,0.386,sơ mi,sơ mi,B (Miền Bắc / North),unknown,81,29.97,1280,720,77fc53fbc9dafdb3475e1a3c0e474608,VALID
3004,W03011N.mp4,C:\Users\Admin\Python Advanced\Deep Learning - CV\Project\data\Dataset\Videos\W03011N.mp4,0.545,sơ mi,sơ mi,N (Miền Nam / South),unknown,99,29.97,1280,720,c00fb6cd39f0fb08979e5b873d2ddfd7,VALID
3005,W03014.mp4,C:\Users\Admin\Python Advanced\Deep Learning - CV\Project\data\Dataset\Videos\W03014.mp4,0.6,sợi,sợi,Neutral / Unspecified,unknown,109,29.97,1280,720,e861c52e5f86e1f81c555178543cc887,VALID
3006,W03015.mp4,C:\Users\Admin\Python Advanced\Deep Learning - CV\Project\data\Dataset\Videos\W03015.mp4,0.632,sợi chỉ,sợi chỉ,Neutral / Unspecified,unknown,108,29.97,1280,720,c34b30666dc11f3b056f357cb87fb569,VALID
3007,W03016.mp4,C:\Users\Admin\Python Advanced\Deep Learning - CV\Project\data\Dataset\Videos\W03016.mp4,0.569,sợi dây,sợi dây,Neutral / Unspecified,unknown,114,29.97,1280,720,ef71015b80d7a71936452e2f4f89b121,VALID
3008,W03017.mp4,C:\Users\Admin\Python Advanced\Deep Learning - CV\Project\data\Dataset\Videos\W03017.mp4,0.724,sợi len,sợi len,Neutral / Unspecified,unknown,124,29.97,1280,720,762f8dca4ae184877d17937c91d2e660,VALID
3009,W03018.mp4,C:\Users\Admin\Python Advanced\Deep Learning - CV\Project\data\Dataset\Videos\W03018.mp4,0.595,sơn,sơn,Neutral / Unspecified,unknown,112,29.97,1280,720,9aae02188694b0ceb12d5d4dd570ddb9,VALID
3010,W03021.mp4,C:\Users\Admin\Python Advanced\Deep Learning - CV\Project\data\Dataset\Videos\W03021.mp4,0.478,súc miệng,súc miệng,Neutral / Unspecified,unknown,101,29.97,1280,720,e40757cb6f7e89e5d93244eacb35b314,VALID
3011,W03023.mp4,C:\Users\Admin\Python Advanced\Deep Learning - CV\Project\data\Dataset\Videos\W03023.mp4,0.702,sum họp,sum họp,Neutral / Unspecified,unknown,136,29.97,1280,720,337b81b17343dc65bffa3ecdce3df1bc,VALID
3012,W03025N.mp4,C:\Users\Admin\Python Advanced\Deep Learning - CV\Project\data\Dataset\Videos\W03025N.mp4,0.386,suy nghĩ,suy nghĩ,N (Miền Nam / South),unknown,81,29.97,1280,720,29575277454e8b1437e0da96fe732fcf,VALID
3013,W03025T.mp4,C:\Users\Admin\Python Advanced\Deep Learning - CV\Project\data\Dataset\Videos\W03025T.mp4,0.514,suy nghĩ,suy nghĩ,T (Miền Trung / Central),unknown,122,29.97,1280,720,518d3873b31fc21e64486017381d50b2,VALID
3014,W03034.mp4,C:\Users\Admin\Python Advanced\Deep Learning - CV\Project\data\Dataset\Videos\W03034.mp4,0.506,sửa chữa,sửa chữa,Neutral / Unspecified,unknown,95,29.97,1280,720,0367c0e497da0ec7917ec4de8c988975,VALID
3015,W03036B.mp4,C:\Users\Admin\Python Advanced\Deep Learning - CV\Project\data\Dataset\Videos\W03036B.mp4,0.64,sữa bò,sữa bò,B (Miền Bắc / North),unknown,114,29.97,1280,720,6638b1edb21a9b47445483487a9a4a63,VALID
3016,W03036N.mp4,C:\Users\Admin\Python Advanced\Deep Learning - CV\Project\data\Dataset\Videos\W03036N.mp4,0.583,sữa bò,sữa bò,N (Miền Nam / South),unknown,81,29.97,1280,720,72080e3c27605d891d47b709a18867d1,VALID
3017,W03036T.mp4,C:\Users\Admin\Python Advanced\Deep Learning - CV\Project\data\Dataset\Videos\W03036T.mp4,0.586,sữa bò,sữa bò,T (Miền Trung / Central),unknown,81,29.97,1280,720,2cd304b5f87058c3c88f98024c62149a,VALID
3018,W03037B.mp4,C:\Users\Admin\Python Advanced\Deep Learning - CV\Project\data\Dataset\Videos\W03037B.mp4,0.649,sữa bột,sữa bột,B (Miền Bắc / North),unknown,133,29.97,1280,720,97ceed77158bd21fe2ce83e729138c2d,VALID
3019,W03037N.mp4,C:\Users\Admin\Python Advanced\Deep Learning - CV\Project\data\Dataset\Videos\W03037N.mp4,0.564,sữa bột,sữa bột,N (Miền Nam / South),unknown,93,29.97,1280,720,626fa0021335a972ba8fda9639ee9dda,VALID
3020,W03037T.mp4,C:\Users\Admin\Python Advanced\Deep Learning - CV\Project\data\Dataset\Videos\W03037T.mp4,0.596,sữa bột,sữa bột,T (Miền Trung / Central),unknown,93,29.97,1280,720,298034c50165e30dfebf65d4e6fffe5b,VALID
3021,W03038B.mp4,C:\Users\Admin\Python Advanced\Deep Learning - CV\Project\data\Dataset\Videos\W03038B.mp4,0.522,sữa dê,sữa dê,B (Miền Bắc / North),unknown,91,29.97,1280,720,ceea99c8cc362395f3dbb1fa5c9698d6,VALID
3022,W03038N.mp4,C:\Users\Admin\Python Advanced\Deep Learning - CV\Project\data\Dataset\Videos\W03038N.mp4,0.475,sữa dê,sữa dê,N (Miền Nam / South),unknown,77,29.97,1280,720,d6f8e3f48a0ca3db6f54604c9b531781,VALID
3023,W03038T.mp4,C:\Users\Admin\Python Advanced\Deep Learning - CV\Project\data\Dataset\Videos\W03038T.mp4,0.475,sữa dê,sữa dê,T (Miền Trung / Central),unknown,77,29.97,1280,720,807bb32c5eee5316e45dedc336777b25,VALID
3024,W03040B.mp4,C:\Users\Admin\Python Advanced\Deep Learning - CV\Project\data\Dataset\Videos\W03040B.mp4,0.684,sữa hộp,sữa hộp,B (Miền Bắc / North),unknown,156,29.97,1280,720,dfc711e983d17d217adef084de489fc2,VALID
3025,W03040T.mp4,C:\Users\Admin\Python Advanced\Deep Learning - CV\Project\data\Dataset\Videos\W03040T.mp4,0.73,sữa hộp,sữa hộp,T (Miền Trung / Central),unknown,156,29.97,1280,720,0f1b213e4f88d72e65a131a66e243016,VALID
3026,W03041.mp4,C:\Users\Admin\Python Advanced\Deep Learning - CV\Project\data\Dataset\Videos\W03041.mp4,0.657,sữa rửa mặt,sữa rửa mặt,Neutral / Unspecified,unknown,113,29.97,1280,720,dbe8260d1555b50736888b55a2140302,VALID
3027,W03042B.mp4,C:\Users\Admin\Python Advanced\Deep Learning - CV\Project\data\Dataset\Videos\W03042B.mp4,0.482,sữa,sữa,B (Miền Bắc / North),unknown,120,29.97,1280,720,f4b6ab193554bc7c51c1c7643683ee8a,VALID
3028,W03042T.mp4,C:\Users\Admin\Python Advanced\Deep Learning - CV\Project\data\Dataset\Videos\W03042T.mp4,0.479,sữa,sữa,T (Miền Trung / Central),unknown,120,29.97,1280,720,02c981c58ae7714f6c8abc40f5f079b5,VALID
3029,W03046.mp4,C:\Users\Admin\Python Advanced\Deep Learning - CV\Project\data\Dataset\Videos\W03046.mp4,0.714,sừng,sừng,Neutral / Unspecified,unknown,125,29.97,1280,720,2342eaee82e16c957b277582b15c05ce,VALID
3030,W03047.mp4,C:\Users\Admin\Python Advanced\Deep Learning - CV\Project\data\Dataset\Videos\W03047.mp4,0.484,sừng bò,sừng bò,Neutral / Unspecified,unknown,78,29.97,1280,720,a62d141e3107fa7e2b57a46ee2f4b84f,VALID
3031,W03048.mp4,C:\Users\Admin\Python Advanced\Deep Learning - CV\Project\data\Dataset\Videos\W03048.mp4,0.718,sừng trâu,sừng trâu,Neutral / Unspecified,unknown,98,29.97,1280,720,e6f8fab73d0424a7e8b75edaf21454e4,VALID
3032,W03051.mp4,C:\Users\Admin\Python Advanced\Deep Learning - CV\Project\data\Dataset\Videos\W03051.mp4,0.505,sườn,sườn,Neutral / Unspecified,unknown,100,29.97,1280,720,1d4d975104e749700a4520badc4e2740,VALID
3033,W03054.mp4,C:\Users\Admin\Python Advanced\Deep Learning - CV\Project\data\Dataset\Videos\W03054.mp4,0.496,tác dụng,tác dụng,Neutral / Unspecified,unknown,102,29.97,1280,720,848548f86e3de4378356211574abe2a9,VALID
3034,W03055.mp4,C:\Users\Admin\Python Advanced\Deep Learning - CV\Project\data\Dataset\Videos\W03055.mp4,0.519,tác động,tác động,Neutral / Unspecified,unknown,97,29.97,1280,720,1749179a2e7f89d9526d4080f2c9f558,VALID
3035,W03058.mp4,C:\Users\Admin\Python Advanced\Deep Learning - CV\Project\data\Dataset\Videos\W03058.mp4,0.49,tác phẩm,tác phẩm,Neutral / Unspecified,unknown,83,29.97,1280,720,5826848f2dbcc4b0b81b67cfdab869e5,VALID
3036,W03059.mp4,C:\Users\Admin\Python Advanced\Deep Learning - CV\Project\data\Dataset\Videos\W03059.mp4,0.635,tách,tách,Neutral / Unspecified,unknown,101,29.97,1280,720,d2c23f3c31d6536bdfb60214faef5f4e,VALID
3037,W03060.mp4,C:\Users\Admin\Python Advanced\Deep Learning - CV\Project\data\Dataset\Videos\W03060.mp4,0.566,tách lớp,tách lớp,Neutral / Unspecified,unknown,93,29.97,1280,720,0812d1170a55bc652a9e66f6f7cf2e9b,VALID
3038,W03061.mp4,C:\Users\Admin\Python Advanced\Deep Learning - CV\Project\data\Dataset\Videos\W03061.mp4,0.493,tai,tai,Neutral / Unspecified,unknown,90,29.97,1280,720,04c02891a790c04218204178de5a4549,VALID
3039,W03063.mp4,C:\Users\Admin\Python Advanced\Deep Learning - CV\Project\data\Dataset\Videos\W03063.mp4,0.744,tài giỏi,tài giỏi,Neutral / Unspecified,unknown,109,29.97,1280,720,3e39f59caee90e54f04c1906c1a5d3dd,VALID
3040,W03064.mp4,C:\Users\Admin\Python Advanced\Deep Learning - CV\Project\data\Dataset\Videos\W03064.mp4,0.523,tài năng,tài năng,Neutral / Unspecified,unknown,97,29.97,1280,720,571f4ae6dca149b24734e0536a867410,VALID
3041,W03067.mp4,C:\Users\Admin\Python Advanced\Deep Learning - CV\Project\data\Dataset\Videos\W03067.mp4,0.556,tài trợ,tài trợ,Neutral / Unspecified,unknown,94,29.97,1280,720,97643405cef48731a5f8a2086f7863f2,VALID
3042,W03070.mp4,C:\Users\Admin\Python Advanced\Deep Learning - CV\Project\data\Dataset\Videos\W03070.mp4,0.64,tái phát,tái phát,Neutral / Unspecified,unknown,140,29.97,1280,720,67404d8c9a3f20cdb537306ad414381d,VALID
3043,W03071B.mp4,C:\Users\Admin\Python Advanced\Deep Learning - CV\Project\data\Dataset\Videos\W03071B.mp4,0.453,tái phạm,tái phạm,B (Miền Bắc / North),unknown,84,29.97,1280,720,53fe31511c94154a70dad8ffc522adaa,VALID
3044,W03071N.mp4,C:\Users\Admin\Python Advanced\Deep Learning - CV\Project\data\Dataset\Videos\W03071N.mp4,0.592,tái phạm,tái phạm,N (Miền Nam / South),unknown,121,29.97,1280,720,05f762ae4bca2ceb3d5cda095736366b,VALID
3045,W03073.mp4,C:\Users\Admin\Python Advanced\Deep Learning - CV\Project\data\Dataset\Videos\W03073.mp4,0.441,đảo Trường Sa,đảo trường sa,Neutral / Unspecified,unknown,86,29.97,1280,720,fe7303c5a29a0a70fd4db0975bf1a675,VALID
3046,W03074.mp4,C:\Users\Admin\Python Advanced\Deep Learning - CV\Project\data\Dataset\Videos\W03074.mp4,0.563,tam giác,tam giác,Neutral / Unspecified,unknown,113,29.97,1280,720,a720b551bd6e12d792c630e0811da3e6,VALID
3047,W03075.mp4,C:\Users\Admin\Python Advanced\Deep Learning - CV\Project\data\Dataset\Videos\W03075.mp4,0.512,tạm biệt,tạm biệt,Neutral / Unspecified,unknown,94,29.97,1280,720,f4d8a36fbae20420710dcb7694fea43e,VALID
3048,W03076.mp4,C:\Users\Admin\Python Advanced\Deep Learning - CV\Project\data\Dataset\Videos\W03076.mp4,0.427,đảo Hoàng Sa,đảo hoàng sa,Neutral / Unspecified,unknown,89,29.97,1280,720,6820d27d42145abe4eee03caa5fb0141,VALID
3049,W03081.mp4,C:\Users\Admin\Python Advanced\Deep Learning - CV\Project\data\Dataset\Videos\W03081.mp4,0.607,tạo dáng,tạo dáng,Neutral / Unspecified,unknown,103,29.97,1280,720,aa52b3e34bd98774406bb209070b42ca,VALID
3050,W03084.mp4,C:\Users\Admin\Python Advanced\Deep Learning - CV\Project\data\Dataset\Videos\W03084.mp4,0.55,tát,tát,Neutral / Unspecified,unknown,86,29.97,1280,720,c93aa30dca16bbbcacf825675dff9884,VALID
3051,W03085B.mp4,C:\Users\Admin\Python Advanced\Deep Learning - CV\Project\data\Dataset\Videos\W03085B.mp4,0.533,tàu hoả,tàu hoả,B (Miền Bắc / North),unknown,93,29.97,1280,720,3499b61a2643f5d3a40eb4da246a8c84,VALID
3052,W03085N.mp4,C:\Users\Admin\Python Advanced\Deep Learning - CV\Project\data\Dataset\Videos\W03085N.mp4,0.536,tàu hoả,tàu hoả,N (Miền Nam / South),unknown,92,29.97,1280,720,8e23f32a87c508eab9a0746d1b848e7b,VALID
3053,W03085T.mp4,C:\Users\Admin\Python Advanced\Deep Learning - CV\Project\data\Dataset\Videos\W03085T.mp4,1.147,tàu hoả,tàu hoả,T (Miền Trung / Central),unknown,185,29.97,1280,720,216f7e14e9e4352ccaf36cb788a4d5aa,VALID
3054,W03086.mp4,C:\Users\Admin\Python Advanced\Deep Learning - CV\Project\data\Dataset\Videos\W03086.mp4,1.471,tàu ngầm,tàu ngầm,Neutral / Unspecified,unknown,221,29.97,1280,720,1413ea5fdea1b381e010fe4c9780c873,VALID
3055,W03088.mp4,C:\Users\Admin\Python Advanced\Deep Learning - CV\Project\data\Dataset\Videos\W03088.mp4,0.559,tàu thủy,tàu thủy,Neutral / Unspecified,unknown,105,29.97,1280,720,1d6dfe0a778b76e2f276265f626e851f,VALID
3056,W03089.mp4,C:\Users\Admin\Python Advanced\Deep Learning - CV\Project\data\Dataset\Videos\W03089.mp4,0.558,taxi,taxi,Neutral / Unspecified,unknown,103,29.97,1280,720,1d9b53afcac2ec99d4bab8db85ed7598,VALID
3057,W03090.mp4,C:\Users\Admin\Python Advanced\Deep Learning - CV\Project\data\Dataset\Videos\W03090.mp4,0.599,tay,tay,Neutral / Unspecified,unknown,109,29.97,1280,720,21e5c59ea9abe0f9234fb06849c1aaf5,VALID
3058,W03095.mp4,C:\Users\Admin\Python Advanced\Deep Learning - CV\Project\data\Dataset\Videos\W03095.mp4,0.461,tay phải,tay phải,Neutral / Unspecified,unknown,95,29.97,1280,720,12c05039bf28a4b63bd82f28a87c0126,VALID
3059,W03097.mp4,C:\Users\Admin\Python Advanced\Deep Learning - CV\Project\data\Dataset\Videos\W03097.mp4,0.404,tay trái,tay trái,Neutral / Unspecified,unknown,77,29.97,1280,720,4f832ddcf08372e5d71cacb4877b1a3d,VALID
3060,W03100.mp4,C:\Users\Admin\Python Advanced\Deep Learning - CV\Project\data\Dataset\Videos\W03100.mp4,0.517,tăm,tăm,Neutral / Unspecified,unknown,104,29.97,1280,720,9678ef0510c7095f9815a25681067e6e,VALID
3061,W03103.mp4,C:\Users\Admin\Python Advanced\Deep Learning - CV\Project\data\Dataset\Videos\W03103.mp4,0.432,tâm thần,tâm thần,Neutral / Unspecified,unknown,91,29.97,1280,720,d4a59d3ee8d72d0a682f3cc7ce484297,VALID
3062,W03105B.mp4,C:\Users\Admin\Python Advanced\Deep Learning - CV\Project\data\Dataset\Videos\W03105B.mp4,0.719,tấm vải,tấm vải,B (Miền Bắc / North),unknown,137,29.97,1280,720,be328f16ef5979314db5b61e7350747a,VALID
3063,W03105N.mp4,C:\Users\Admin\Python Advanced\Deep Learning - CV\Project\data\Dataset\Videos\W03105N.mp4,0.586,tấm vải,tấm vải,N (Miền Nam / South),unknown,97,29.97,1280,720,96c407a160474e011ed2c544bef0b4eb,VALID
3064,W03112.mp4,C:\Users\Admin\Python Advanced\Deep Learning - CV\Project\data\Dataset\Videos\W03112.mp4,0.551,tập làm văn,tập làm văn,Neutral / Unspecified,unknown,104,29.97,1280,720,a5ac03a0702122c44dfa77bad5485387,VALID
3065,W03116B.mp4,C:\Users\Admin\Python Advanced\Deep Learning - CV\Project\data\Dataset\Videos\W03116B.mp4,0.732,tập thể dục,tập thể dục,B (Miền Bắc / North),unknown,138,29.97,1280,720,a0465d8691aec833dd633ba4a4e23e8c,VALID
3066,W03116T.mp4,C:\Users\Admin\Python Advanced\Deep Learning - CV\Project\data\Dataset\Videos\W03116T.mp4,0.732,tập thể dục,tập thể dục,T (Miền Trung / Central),unknown,138,29.97,1280,720,a8542cb55a52ed5632ca632511dab5d0,VALID
3067,W03117.mp4,C:\Users\Admin\Python Advanced\Deep Learning - CV\Project\data\Dataset\Videos\W03117.mp4,0.586,tập trung,tập trung,Neutral / Unspecified,unknown,95,29.97,1280,720,d8d4392267d5dc53793cd643917ffa50,VALID
3068,W03121.mp4,C:\Users\Admin\Python Advanced\Deep Learning - CV\Project\data\Dataset\Videos\W03121.mp4,0.515,Tây Bắc,tây bắc,Neutral / Unspecified,unknown,100,29.97,1280,720,2ef1d1deedae75627ca603e5bfd90b1f,VALID
3069,W03123.mp4,C:\Users\Admin\Python Advanced\Deep Learning - CV\Project\data\Dataset\Videos\W03123.mp4,0.583,Tây Nguyên,tây nguyên,Neutral / Unspecified,unknown,96,29.97,1280,720,12a21fdc7dba4719ba22d75f376ebd67,VALID
3070,W03129N.mp4,C:\Users\Admin\Python Advanced\Deep Learning - CV\Project\data\Dataset\Videos\W03129N.mp4,0.542,tên là gì?,tên là gì?,N (Miền Nam / South),unknown,97,29.97,1280,720,77c7a1bc38e94f0fb115f831ead2e304,VALID
3071,W03130N.mp4,C:\Users\Admin\Python Advanced\Deep Learning - CV\Project\data\Dataset\Videos\W03130N.mp4,0.391,tên riêng,tên riêng,N (Miền Nam / South),unknown,75,29.97,1280,720,2aeb74946eb24624414ab5a0ff9f18b3,VALID
3072,W03132N.mp4,C:\Users\Admin\Python Advanced\Deep Learning - CV\Project\data\Dataset\Videos\W03132N.mp4,0.459,Tết Dương,tết dương,N (Miền Nam / South),unknown,81,29.97,1280,720,b8db9b52ef5981d784afe83986d22421,VALID
3073,W03132T.mp4,C:\Users\Admin\Python Advanced\Deep Learning - CV\Project\data\Dataset\Videos\W03132T.mp4,0.655,Tết Dương,tết dương,T (Miền Trung / Central),unknown,134,29.97,1280,720,a65b11234302d9aa18d5e0c8317235ff,VALID
3074,W03133N.mp4,C:\Users\Admin\Python Advanced\Deep Learning - CV\Project\data\Dataset\Videos\W03133N.mp4,0.495,Tết Thiếu nhi,tết thiếu nhi,N (Miền Nam / South),unknown,90,29.97,1280,720,87feebd4e5ae8d69c8031da746508673,VALID
3075,W03134B.mp4,C:\Users\Admin\Python Advanced\Deep Learning - CV\Project\data\Dataset\Videos\W03134B.mp4,0.558,Tết Trung thu,tết trung thu,B (Miền Bắc / North),unknown,108,29.97,1280,720,bf284e613f9e13cc4450efcd8f4939b0,VALID
3076,W03134T.mp4,C:\Users\Admin\Python Advanced\Deep Learning - CV\Project\data\Dataset\Videos\W03134T.mp4,0.484,Tết Trung thu,tết trung thu,T (Miền Trung / Central),unknown,86,29.97,1280,720,85d734490b2a267d408bc047a4d3f7f4,VALID
3077,W03135.mp4,C:\Users\Admin\Python Advanced\Deep Learning - CV\Project\data\Dataset\Videos\W03135.mp4,0.603,tha,tha,Neutral / Unspecified,unknown,98,29.97,1280,720,ec54e262544657e1c59c9f9693a00af1,VALID
3078,W03138B.mp4,C:\Users\Admin\Python Advanced\Deep Learning - CV\Project\data\Dataset\Videos\W03138B.mp4,1.205,tha thứ,tha thứ,B (Miền Bắc / North),unknown,214,29.97,1280,720,4f3baeb86e4440f8b8392d04c9ece70e,VALID
3079,W03138N.mp4,C:\Users\Admin\Python Advanced\Deep Learning - CV\Project\data\Dataset\Videos\W03138N.mp4,0.378,tha thứ,tha thứ,N (Miền Nam / South),unknown,78,29.97,1280,720,7bf17d5918f8d38aeb6b85bc23b2eef0,VALID
3080,W03138T.mp4,C:\Users\Admin\Python Advanced\Deep Learning - CV\Project\data\Dataset\Videos\W03138T.mp4,0.547,tha thứ,tha thứ,T (Miền Trung / Central),unknown,114,29.97,1280,720,cb999219078a571b7f997a317d4c0690,VALID
3081,W03139.mp4,C:\Users\Admin\Python Advanced\Deep Learning - CV\Project\data\Dataset\Videos\W03139.mp4,0.624,thả diều,thả diều,Neutral / Unspecified,unknown,110,29.97,1280,720,6f7489bcbe84348905ae617ae025800d,VALID
3082,W03140.mp4,C:\Users\Admin\Python Advanced\Deep Learning - CV\Project\data\Dataset\Videos\W03140.mp4,0.579,thả mồi,thả mồi,Neutral / Unspecified,unknown,83,29.97,1280,720,fe6503c3e476b0bb1889a940234308c1,VALID
3083,W03141.mp4,C:\Users\Admin\Python Advanced\Deep Learning - CV\Project\data\Dataset\Videos\W03141.mp4,0.546,thác,thác,Neutral / Unspecified,unknown,81,29.97,1280,720,99d7c4133d1b6a8262657a24de2cedb7,VALID
3084,W03148B.mp4,C:\Users\Admin\Python Advanced\Deep Learning - CV\Project\data\Dataset\Videos\W03148B.mp4,1.098,thái độ,thái độ,B (Miền Bắc / North),unknown,218,29.97,1280,720,b0c89ac4813d6e2dd4d4406eb1994f22,VALID
3085,W03148N.mp4,C:\Users\Admin\Python Advanced\Deep Learning - CV\Project\data\Dataset\Videos\W03148N.mp4,0.421,thái độ,thái độ,N (Miền Nam / South),unknown,76,29.97,1280,720,9a8555586d545946f92c467256d79857,VALID
3086,W03148T.mp4,C:\Users\Admin\Python Advanced\Deep Learning - CV\Project\data\Dataset\Videos\W03148T.mp4,0.424,thái độ,thái độ,T (Miền Trung / Central),unknown,76,29.97,1280,720,32e5164ce74b560bf5ef2da3a8401e8c,VALID
3087,W03150.mp4,C:\Users\Admin\Python Advanced\Deep Learning - CV\Project\data\Dataset\Videos\W03150.mp4,0.492,Thái Nguyên,thái nguyên,Neutral / Unspecified,unknown,84,29.97,1280,720,34113b0171564575a5938522e67f4eb1,VALID
3088,W03153B.mp4,C:\Users\Admin\Python Advanced\Deep Learning - CV\Project\data\Dataset\Videos\W03153B.mp4,0.541,tham dự,tham dự,B (Miền Bắc / North),unknown,132,29.97,1280,720,0f4751b3160466886f47f4707bed6534,VALID
3089,W03153N.mp4,C:\Users\Admin\Python Advanced\Deep Learning - CV\Project\data\Dataset\Videos\W03153N.mp4,0.591,tham dự,tham dự,N (Miền Nam / South),unknown,92,29.97,1280,720,93bcda3d1ad4ecef9c0b3044ce79c60b,VALID
3090,W03153T.mp4,C:\Users\Admin\Python Advanced\Deep Learning - CV\Project\data\Dataset\Videos\W03153T.mp4,0.591,tham dự,tham dự,T (Miền Trung / Central),unknown,92,29.97,1280,720,d5a0621fc9bb135d6660b127e7d541c2,VALID
3091,W03155.mp4,C:\Users\Admin\Python Advanced\Deep Learning - CV\Project\data\Dataset\Videos\W03155.mp4,0.511,tham lam,tham lam,Neutral / Unspecified,unknown,81,29.97,1280,720,4cfd9985cdc8723e69fca08a944a3db2,VALID
3092,W03156B.mp4,C:\Users\Admin\Python Advanced\Deep Learning - CV\Project\data\Dataset\Videos\W03156B.mp4,0.662,tham quan,tham quan,B (Miền Bắc / North),unknown,134,29.97,1280,720,87f5250bec6faa556d5b3d63b094505a,VALID
3093,W03156T.mp4,C:\Users\Admin\Python Advanced\Deep Learning - CV\Project\data\Dataset\Videos\W03156T.mp4,0.693,tham quan,tham quan,T (Miền Trung / Central),unknown,109,29.97,1280,720,8b5279d04347f3aba2f7826a1213bb3b,VALID
3094,W03160.mp4,C:\Users\Admin\Python Advanced\Deep Learning - CV\Project\data\Dataset\Videos\W03160.mp4,0.646,thám tử,thám tử,Neutral / Unspecified,unknown,127,29.97,1280,720,d1cde7b1b22e51fabbc7544a233f5c51,VALID
3095,W03163.mp4,C:\Users\Admin\Python Advanced\Deep Learning - CV\Project\data\Dataset\Videos\W03163.mp4,0.434,thản nhiên,thản nhiên,Neutral / Unspecified,unknown,100,29.97,1280,720,7d0a0b5e46434423143c49bc2fc94a57,VALID
3096,W03164.mp4,C:\Users\Admin\Python Advanced\Deep Learning - CV\Project\data\Dataset\Videos\W03164.mp4,0.585,thán phục,thán phục,Neutral / Unspecified,unknown,117,29.97,1280,720,89aaa9ca2493ff7db4fca684d632b9a7,VALID
3097,W03165.mp4,C:\Users\Admin\Python Advanced\Deep Learning - CV\Project\data\Dataset\Videos\W03165.mp4,0.576,cầu thang,cầu thang,Neutral / Unspecified,unknown,109,29.97,1280,720,bf99d28107b60fe779e8a03f013e7426,VALID
3098,W03167B.mp4,C:\Users\Admin\Python Advanced\Deep Learning - CV\Project\data\Dataset\Videos\W03167B.mp4,0.441,tháng,tháng,B (Miền Bắc / North),unknown,101,29.97,1280,720,507d2c6d6c8d7867f94bc9779c96084f,VALID
3099,W03167T.mp4,C:\Users\Admin\Python Advanced\Deep Learning - CV\Project\data\Dataset\Videos\W03167T.mp4,0.583,tháng,tháng,T (Miền Trung / Central),unknown,108,29.97,1280,720,93f3b6a68496a44b681d31fa2ff1481f,VALID
3100,W03168.mp4,C:\Users\Admin\Python Advanced\Deep Learning - CV\Project\data\Dataset\Videos\W03168.mp4,0.616,Thanh Hóa,thanh hóa,Neutral / Unspecified,unknown,105,29.97,1280,720,915d44cabfc74d7f99e18cda4e97082f,VALID
3101,W03172.mp4,C:\Users\Admin\Python Advanced\Deep Learning - CV\Project\data\Dataset\Videos\W03172.mp4,0.616,đường ray xe lửa,đường ray xe lửa,Neutral / Unspecified,unknown,118,29.97,1280,720,ebbc8f5503b0aaf6f7ff8dfbb9ae4b2e,VALID
3102,W03173.mp4,C:\Users\Admin\Python Advanced\Deep Learning - CV\Project\data\Dataset\Videos\W03173.mp4,0.609,thành công,thành công,Neutral / Unspecified,unknown,102,29.97,1280,720,8f8836001c358fa47f1c9829aa7582ad,VALID
3103,W03175.mp4,C:\Users\Admin\Python Advanced\Deep Learning - CV\Project\data\Dataset\Videos\W03175.mp4,0.395,thành lập,thành lập,Neutral / Unspecified,unknown,81,29.97,1280,720,61e649ed07b0499564c992943c434d15,VALID
3104,W03175B.mp4,C:\Users\Admin\Python Advanced\Deep Learning - CV\Project\data\Dataset\Videos\W03175B.mp4,0.567,thành lập,thành lập,B (Miền Bắc / North),unknown,123,29.97,1280,720,0ffdd31b35c56eaee53a46007b288253,VALID
3105,W03175N.mp4,C:\Users\Admin\Python Advanced\Deep Learning - CV\Project\data\Dataset\Videos\W03175N.mp4,0.758,thành lập,thành lập,N (Miền Nam / South),unknown,124,29.97,1280,720,90bca1973b9707d7d99aff9a1c4fe0ee,VALID
3106,W03175T.mp4,C:\Users\Admin\Python Advanced\Deep Learning - CV\Project\data\Dataset\Videos\W03175T.mp4,0.572,thành lập,thành lập,T (Miền Trung / Central),unknown,123,29.97,1280,720,4bf60afc561b8ceb4c28f5b14645a558,VALID
3107,W03180.mp4,C:\Users\Admin\Python Advanced\Deep Learning - CV\Project\data\Dataset\Videos\W03180.mp4,0.459,thành thạo,thành thạo,Neutral / Unspecified,unknown,105,29.97,1280,720,f833db32f5b3b81ecc4d840704cbef0a,VALID
3108,W03185.mp4,C:\Users\Admin\Python Advanced\Deep Learning - CV\Project\data\Dataset\Videos\W03185.mp4,0.707,thành viên,thành viên,Neutral / Unspecified,unknown,125,29.97,1280,720,97821bba0b8707d0cea1e6e7f0a9d637,VALID
3109,W03191.mp4,C:\Users\Admin\Python Advanced\Deep Learning - CV\Project\data\Dataset\Videos\W03191.mp4,0.57,tháo gỡ,tháo gỡ,Neutral / Unspecified,unknown,91,29.97,1280,720,6fab2bcd81652f8e6b69b271a8ab3979,VALID
3110,W03192.mp4,C:\Users\Admin\Python Advanced\Deep Learning - CV\Project\data\Dataset\Videos\W03192.mp4,0.474,tháp,tháp,Neutral / Unspecified,unknown,89,29.97,1280,720,060a5c1a17fa792be5058204a6210a0d,VALID
3111,W03193.mp4,C:\Users\Admin\Python Advanced\Deep Learning - CV\Project\data\Dataset\Videos\W03193.mp4,0.72,tháp Rùa,tháp rùa,Neutral / Unspecified,unknown,131,29.97,1280,720,37d750d44ef74463a777b08446ac8146,VALID
3112,W03196.mp4,C:\Users\Admin\Python Advanced\Deep Learning - CV\Project\data\Dataset\Videos\W03196.mp4,0.525,thắc mắc,thắc mắc,Neutral / Unspecified,unknown,95,29.97,1280,720,814a10e131467493a21d63079b695147,VALID
3113,W03197B.mp4,C:\Users\Admin\Python Advanced\Deep Learning - CV\Project\data\Dataset\Videos\W03197B.mp4,0.528,thăm hỏi,thăm hỏi,B (Miền Bắc / North),unknown,129,29.97,1280,720,5f03d3a57fe70439eb315775894c93ac,VALID
3114,W03199.mp4,C:\Users\Admin\Python Advanced\Deep Learning - CV\Project\data\Dataset\Videos\W03199.mp4,0.498,thăng bằng,thăng bằng,Neutral / Unspecified,unknown,86,29.97,1280,720,8adf7c4534402b4c8e168668ff661c00,VALID
3115,W03201.mp4,C:\Users\Admin\Python Advanced\Deep Learning - CV\Project\data\Dataset\Videos\W03201.mp4,0.426,thẳng hàng (Toán học),thẳng hàng (toán học),Neutral / Unspecified,unknown,84,29.97,1280,720,289a74577338848e82c5e3a32b5e23da,VALID
3116,W03202.mp4,C:\Users\Admin\Python Advanced\Deep Learning - CV\Project\data\Dataset\Videos\W03202.mp4,0.719,thẳng tắp,thẳng tắp,Neutral / Unspecified,unknown,123,29.97,1280,720,b74e774a55113be33ef26723e2b8e3f9,VALID
3117,W03203.mp4,C:\Users\Admin\Python Advanced\Deep Learning - CV\Project\data\Dataset\Videos\W03203.mp4,0.501,thắng lợi,thắng lợi,Neutral / Unspecified,unknown,101,29.97,1280,720,ee97b4996c04007ea501a5278e323851,VALID
3118,W03204B.mp4,C:\Users\Admin\Python Advanced\Deep Learning - CV\Project\data\Dataset\Videos\W03204B.mp4,0.673,thân cây,thân cây,B (Miền Bắc / North),unknown,122,29.97,1280,720,6d900b278bd68501509476da8c20e928,VALID
3119,W03204N.mp4,C:\Users\Admin\Python Advanced\Deep Learning - CV\Project\data\Dataset\Videos\W03204N.mp4,0.703,thân cây,thân cây,N (Miền Nam / South),unknown,113,29.97,1280,720,6dd360fd49e867a35c431c5707980c25,VALID
3120,W03204T.mp4,C:\Users\Admin\Python Advanced\Deep Learning - CV\Project\data\Dataset\Videos\W03204T.mp4,0.736,thân cây,thân cây,T (Miền Trung / Central),unknown,113,29.97,1280,720,ebcd2a08470dc2821d8fe4993900fd70,VALID
3121,W03205.mp4,C:\Users\Admin\Python Advanced\Deep Learning - CV\Project\data\Dataset\Videos\W03205.mp4,0.548,thân hình,thân hình,Neutral / Unspecified,unknown,104,29.97,1280,720,de01aebd873ab1760dafafe4abde74c5,VALID
3122,W03207.mp4,C:\Users\Admin\Python Advanced\Deep Learning - CV\Project\data\Dataset\Videos\W03207.mp4,0.659,thân thiết,thân thiết,Neutral / Unspecified,unknown,95,29.97,1280,720,9fbe81a45e6af0f8345bf0519722db87,VALID
3123,W03208.mp4,C:\Users\Admin\Python Advanced\Deep Learning - CV\Project\data\Dataset\Videos\W03208.mp4,0.659,thân thiện,thân thiện,Neutral / Unspecified,unknown,87,29.97,1280,720,8658a796855ce7c673a807dac5310b63,VALID
3124,W03210.mp4,C:\Users\Admin\Python Advanced\Deep Learning - CV\Project\data\Dataset\Videos\W03210.mp4,0.513,thần chết,thần chết,Neutral / Unspecified,unknown,92,29.97,1280,720,6ff9974fe83af5c876c41d0c40636c20,VALID
3125,W03211N.mp4,C:\Users\Admin\Python Advanced\Deep Learning - CV\Project\data\Dataset\Videos\W03211N.mp4,0.46,thần kinh,thần kinh,N (Miền Nam / South),unknown,94,29.97,1280,720,c3974d51225236f0377a205105a96c67,VALID
3126,W03214.mp4,C:\Users\Admin\Python Advanced\Deep Learning - CV\Project\data\Dataset\Videos\W03214.mp4,0.534,thận,thận,Neutral / Unspecified,unknown,97,29.97,1280,720,8d71615f591ad2d2f85c808b26bafb79,VALID
3127,W03215.mp4,C:\Users\Admin\Python Advanced\Deep Learning - CV\Project\data\Dataset\Videos\W03215.mp4,0.612,thấp hơn,thấp hơn,Neutral / Unspecified,unknown,101,29.97,1280,720,521028408268d35d975e83f7723d7af0,VALID
3128,W03219.mp4,C:\Users\Admin\Python Advanced\Deep Learning - CV\Project\data\Dataset\Videos\W03219.mp4,0.67,thập thò,thập thò,Neutral / Unspecified,unknown,109,29.97,1280,720,732cb88b995b8440c2a106655ae8e852,VALID
3129,W03221.mp4,C:\Users\Admin\Python Advanced\Deep Learning - CV\Project\data\Dataset\Videos\W03221.mp4,0.529,thật thà,thật thà,Neutral / Unspecified,unknown,97,29.97,1280,720,b5d4ef006427bb1676fd21c4171322e9,VALID
3130,W03222B.mp4,C:\Users\Admin\Python Advanced\Deep Learning - CV\Project\data\Dataset\Videos\W03222B.mp4,0.684,thầy cô,thầy cô,B (Miền Bắc / North),unknown,166,29.97,1280,720,672e0c047bbbb670cf048416cb43676e,VALID
3131,W03222N.mp4,C:\Users\Admin\Python Advanced\Deep Learning - CV\Project\data\Dataset\Videos\W03222N.mp4,0.472,thầy cô,thầy cô,N (Miền Nam / South),unknown,93,29.97,1280,720,51366d482d272bbfccf59296e11ce8df,VALID
3132,W03222T.mp4,C:\Users\Admin\Python Advanced\Deep Learning - CV\Project\data\Dataset\Videos\W03222T.mp4,0.472,thầy cô,thầy cô,T (Miền Trung / Central),unknown,93,29.97,1280,720,25e84ef2d47adc0d5423b5bab8c4f3ad,VALID
3133,W03223.mp4,C:\Users\Admin\Python Advanced\Deep Learning - CV\Project\data\Dataset\Videos\W03223.mp4,0.613,thầy cúng,thầy cúng,Neutral / Unspecified,unknown,96,29.97,1280,720,33e68c99a554d0bab1cedeeff4f2569b,VALID
3134,W03224B.mp4,C:\Users\Admin\Python Advanced\Deep Learning - CV\Project\data\Dataset\Videos\W03224B.mp4,0.426,thầy giáo,thầy giáo,B (Miền Bắc / North),unknown,98,29.97,1280,720,0f88789812943f9a18f243e5ccb774ae,VALID
3135,W03224N.mp4,C:\Users\Admin\Python Advanced\Deep Learning - CV\Project\data\Dataset\Videos\W03224N.mp4,0.422,thầy giáo,thầy giáo,N (Miền Nam / South),unknown,97,29.97,1280,720,5919bc349763281b1c2f17f585772450,VALID
3136,W03224T.mp4,C:\Users\Admin\Python Advanced\Deep Learning - CV\Project\data\Dataset\Videos\W03224T.mp4,0.424,thầy giáo,thầy giáo,T (Miền Trung / Central),unknown,97,29.97,1280,720,daf727f6cbf08737c3a565744e0bac9c,VALID
3137,W03228.mp4,C:\Users\Admin\Python Advanced\Deep Learning - CV\Project\data\Dataset\Videos\W03228.mp4,0.74,theo dõi,theo dõi,Neutral / Unspecified,unknown,111,29.97,1280,720,f112a9ab14dd2f670b14256d2c2fecf4,VALID
3138,W03229.mp4,C:\Users\Admin\Python Advanced\Deep Learning - CV\Project\data\Dataset\Videos\W03229.mp4,0.524,theo đuổi,theo đuổi,Neutral / Unspecified,unknown,79,29.97,1280,720,08cae8e03450d38a956cf04e8503d52a,VALID
3139,W03230.mp4,C:\Users\Admin\Python Advanced\Deep Learning - CV\Project\data\Dataset\Videos\W03230.mp4,0.488,thẻ,thẻ,Neutral / Unspecified,unknown,88,29.97,1280,720,b4c408d47f50aad113d9b47efc1ba03d,VALID
3140,W03237.mp4,C:\Users\Admin\Python Advanced\Deep Learning - CV\Project\data\Dataset\Videos\W03237.mp4,0.687,thế hệ,thế hệ,Neutral / Unspecified,unknown,111,29.97,1280,720,e7f6cfec00b788f2772cd47d89a9351d,VALID
3141,W03238.mp4,C:\Users\Admin\Python Advanced\Deep Learning - CV\Project\data\Dataset\Videos\W03238.mp4,0.56,tri kỉ,tri kỉ,Neutral / Unspecified,unknown,113,29.97,1280,720,4567fe2a5f170e132e423204e35b12ee,VALID
3142,W03239B.mp4,C:\Users\Admin\Python Advanced\Deep Learning - CV\Project\data\Dataset\Videos\W03239B.mp4,0.476,thế nào?,thế nào?,B (Miền Bắc / North),unknown,101,29.97,1280,720,10d55ba7d12f9182873243427b3638c0,VALID
3143,W03239N.mp4,C:\Users\Admin\Python Advanced\Deep Learning - CV\Project\data\Dataset\Videos\W03239N.mp4,0.422,thế nào?,thế nào?,N (Miền Nam / South),unknown,75,29.97,1280,720,81e8be51b27eba4621752c9e9d3c4740,VALID
3144,W03239T.mp4,C:\Users\Admin\Python Advanced\Deep Learning - CV\Project\data\Dataset\Videos\W03239T.mp4,0.421,thế nào?,thế nào?,T (Miền Trung / Central),unknown,75,29.97,1280,720,9e84494019a84c2a44c672c865514341,VALID
3145,W03240.mp4,C:\Users\Admin\Python Advanced\Deep Learning - CV\Project\data\Dataset\Videos\W03240.mp4,0.536,thêm,thêm,Neutral / Unspecified,unknown,101,29.97,1280,720,248d98d5a4bf49244ecc04615214e219,VALID
3146,W03242B.mp4,C:\Users\Admin\Python Advanced\Deep Learning - CV\Project\data\Dataset\Videos\W03242B.mp4,0.632,thêu,thêu,B (Miền Bắc / North),unknown,116,29.97,1280,720,948abf792c2e09c92ca7d2b1eb07c7e4,VALID
3147,W03242N.mp4,C:\Users\Admin\Python Advanced\Deep Learning - CV\Project\data\Dataset\Videos\W03242N.mp4,0.604,thêu,thêu,N (Miền Nam / South),unknown,112,29.97,1280,720,27fc53adc5f6240fbe46613fc800a1a1,VALID
3148,W03243B.mp4,C:\Users\Admin\Python Advanced\Deep Learning - CV\Project\data\Dataset\Videos\W03243B.mp4,0.499,thi cử,thi cử,B (Miền Bắc / North),unknown,83,29.97,1280,720,95613d6acd8ba362ae53333f3db07ede,VALID
3149,W03243T.mp4,C:\Users\Admin\Python Advanced\Deep Learning - CV\Project\data\Dataset\Videos\W03243T.mp4,0.505,thi cử,thi cử,T (Miền Trung / Central),unknown,83,29.97,1280,720,2d8c358ea8bca61886133f0168809066,VALID
3150,W03248.mp4,C:\Users\Admin\Python Advanced\Deep Learning - CV\Project\data\Dataset\Videos\W03248.mp4,0.699,thị lực,thị lực,Neutral / Unspecified,unknown,142,29.97,1280,720,aeb567dc7dfabab5ae77d0ce90aa8f7a,VALID
3151,W03251B.mp4,C:\Users\Admin\Python Advanced\Deep Learning - CV\Project\data\Dataset\Videos\W03251B.mp4,1.471,thìa,thìa,B (Miền Bắc / North),unknown,257,29.97,1280,720,b74444534cda468587e00905d95aa8b2,VALID
3152,W03251N.mp4,C:\Users\Admin\Python Advanced\Deep Learning - CV\Project\data\Dataset\Videos\W03251N.mp4,0.617,thìa,thìa,N (Miền Nam / South),unknown,133,29.97,1280,720,beb7fe1ecf154ba1bc0272985edf324c,VALID
3153,W03251T.mp4,C:\Users\Admin\Python Advanced\Deep Learning - CV\Project\data\Dataset\Videos\W03251T.mp4,0.613,thìa,thìa,T (Miền Trung / Central),unknown,133,29.97,1280,720,22ee3eee1bf386b479468654e098d17b,VALID
3154,W03252B.mp4,C:\Users\Admin\Python Advanced\Deep Learning - CV\Project\data\Dataset\Videos\W03252B.mp4,0.82,thích thú,thích thú,B (Miền Bắc / North),unknown,122,29.97,1280,720,2784a20dd07aabd716edc740980ac7c5,VALID
3155,W03252N.mp4,C:\Users\Admin\Python Advanced\Deep Learning - CV\Project\data\Dataset\Videos\W03252N.mp4,0.6,thích thú,thích thú,N (Miền Nam / South),unknown,106,29.97,1280,720,b40a219c060040cbdee1314e4bbe9dd5,VALID
3156,W03252T.mp4,C:\Users\Admin\Python Advanced\Deep Learning - CV\Project\data\Dataset\Videos\W03252T.mp4,1.014,thích thú,thích thú,T (Miền Trung / Central),unknown,142,29.97,1280,720,e59fe1d41024620d44d6028e13ece33c,VALID
3157,W03254.mp4,C:\Users\Admin\Python Advanced\Deep Learning - CV\Project\data\Dataset\Videos\W03254.mp4,0.724,thiên đình,thiên đình,Neutral / Unspecified,unknown,133,29.97,1280,720,b3d85537cbb820af4648567361c35c87,VALID
3158,W03256.mp4,C:\Users\Admin\Python Advanced\Deep Learning - CV\Project\data\Dataset\Videos\W03256.mp4,0.789,thiên nhiên,thiên nhiên,Neutral / Unspecified,unknown,146,29.97,1280,720,5ff88e6d9c5d97d02745e5ccfad58dc4,VALID
3159,W03258.mp4,C:\Users\Admin\Python Advanced\Deep Learning - CV\Project\data\Dataset\Videos\W03258.mp4,1.053,thiên thần,thiên thần,Neutral / Unspecified,unknown,155,29.97,1280,720,ba59b826e5a389a29ec4f6e74a88c6a0,VALID
3160,W03262.mp4,C:\Users\Admin\Python Advanced\Deep Learning - CV\Project\data\Dataset\Videos\W03262.mp4,0.789,thiếp đi,thiếp đi,Neutral / Unspecified,unknown,161,29.97,1280,720,7acd7194b098d5683563f6b02bad8b6f,VALID
3161,W03263.mp4,C:\Users\Admin\Python Advanced\Deep Learning - CV\Project\data\Dataset\Videos\W03263.mp4,0.916,thiếp mời,thiếp mời,Neutral / Unspecified,unknown,128,29.97,1280,720,29cccfc64299f7c582cc5c56c17b1753,VALID
3162,W03265N.mp4,C:\Users\Admin\Python Advanced\Deep Learning - CV\Project\data\Dataset\Videos\W03265N.mp4,0.582,thiết kế,thiết kế,N (Miền Nam / South),unknown,107,29.97,1280,720,9efbd03cc536362dc2bfc381f8cfd9db,VALID
3163,W03265T.mp4,C:\Users\Admin\Python Advanced\Deep Learning - CV\Project\data\Dataset\Videos\W03265T.mp4,0.578,thiết kế,thiết kế,T (Miền Trung / Central),unknown,125,29.97,1280,720,43a349af969bc70f0c05dfa1c3fc74b6,VALID
3164,W03268.mp4,C:\Users\Admin\Python Advanced\Deep Learning - CV\Project\data\Dataset\Videos\W03268.mp4,0.671,thiệt thòi,thiệt thòi,Neutral / Unspecified,unknown,123,29.97,1280,720,3b3a1caf46e8847ec77e026371cb7c51,VALID
3165,W03269.mp4,C:\Users\Admin\Python Advanced\Deep Learning - CV\Project\data\Dataset\Videos\W03269.mp4,0.597,thiếu nhi,thiếu nhi,Neutral / Unspecified,unknown,105,29.97,1280,720,0eb112f65ed440e4644a2f70102af81a,VALID
3166,W03270.mp4,C:\Users\Admin\Python Advanced\Deep Learning - CV\Project\data\Dataset\Videos\W03270.mp4,0.579,thiếu niên,thiếu niên,Neutral / Unspecified,unknown,106,29.97,1280,720,5946c23bf7c4f6dc4d527a8009000f98,VALID
3167,W03272.mp4,C:\Users\Admin\Python Advanced\Deep Learning - CV\Project\data\Dataset\Videos\W03272.mp4,0.595,thím,thím,Neutral / Unspecified,unknown,116,29.97,1280,720,f4e39042a8a7948b5149e0ffe6069435,VALID
3168,W03278.mp4,C:\Users\Admin\Python Advanced\Deep Learning - CV\Project\data\Dataset\Videos\W03278.mp4,0.683,thóc (gạo),thóc (gạo),Neutral / Unspecified,unknown,124,29.97,1280,720,25b801756f434ec0cd1a8fc479baa58c,VALID
3169,W03282.mp4,C:\Users\Admin\Python Advanced\Deep Learning - CV\Project\data\Dataset\Videos\W03282.mp4,0.926,thổi bóng,thổi bóng,Neutral / Unspecified,unknown,142,29.97,1280,720,a60514b84dd12a9263556d8ee692d911,VALID
3170,W03283.mp4,C:\Users\Admin\Python Advanced\Deep Learning - CV\Project\data\Dataset\Videos\W03283.mp4,0.891,thổi kèn,thổi kèn,Neutral / Unspecified,unknown,149,29.97,1280,720,908b7828380f369d03cc09371d5b76c1,VALID
3171,W03285.mp4,C:\Users\Admin\Python Advanced\Deep Learning - CV\Project\data\Dataset\Videos\W03285.mp4,0.685,thông báo,thông báo,Neutral / Unspecified,unknown,113,29.97,1280,720,d2f493450a68984ebfe9dbee94022358,VALID
3172,W03286.mp4,C:\Users\Admin\Python Advanced\Deep Learning - CV\Project\data\Dataset\Videos\W03286.mp4,1.314,thông cảm,thông cảm,Neutral / Unspecified,unknown,221,29.97,1280,720,cf5fbfb9a0b70b1732a095a3fb1cf865,VALID
3173,W03288N.mp4,C:\Users\Admin\Python Advanced\Deep Learning - CV\Project\data\Dataset\Videos\W03288N.mp4,0.345,thông minh,thông minh,N (Miền Nam / South),unknown,72,29.97,1280,720,db81f5addd873afac43bbac65a4949a0,VALID
3174,W03288T.mp4,C:\Users\Admin\Python Advanced\Deep Learning - CV\Project\data\Dataset\Videos\W03288T.mp4,0.345,thông minh,thông minh,T (Miền Trung / Central),unknown,72,29.97,1280,720,a87db2e436939fa9aa093e486bdb681e,VALID
3175,W03291.mp4,C:\Users\Admin\Python Advanced\Deep Learning - CV\Project\data\Dataset\Videos\W03291.mp4,0.622,thông thường,thông thường,Neutral / Unspecified,unknown,123,29.97,1280,720,96bf755ef7c9a3d2fe493ea4dfd926e1,VALID
3176,W03292N.mp4,C:\Users\Admin\Python Advanced\Deep Learning - CV\Project\data\Dataset\Videos\W03292N.mp4,0.316,thông tin,thông tin,N (Miền Nam / South),unknown,70,29.97,1280,720,d5c5e5b5f1b5812ce15f9b634f2a3d2e,VALID
3177,W03292T.mp4,C:\Users\Admin\Python Advanced\Deep Learning - CV\Project\data\Dataset\Videos\W03292T.mp4,0.314,thông tin,thông tin,T (Miền Trung / Central),unknown,70,29.97,1280,720,60ace4beed0b190d311aace6772199e3,VALID
3178,W03294.mp4,C:\Users\Admin\Python Advanced\Deep Learning - CV\Project\data\Dataset\Videos\W03294.mp4,0.692,thống nhất,thống nhất,Neutral / Unspecified,unknown,131,29.97,1280,720,e2c18b2fa505a3a6be692f89a502efea,VALID
3179,W03297.mp4,C:\Users\Admin\Python Advanced\Deep Learning - CV\Project\data\Dataset\Videos\W03297.mp4,0.611,tuổi thơ ấu,tuổi thơ ấu,Neutral / Unspecified,unknown,127,29.97,1280,720,82ff5a624adef52ae05bc413b0463315,VALID
3180,W03299.mp4,C:\Users\Admin\Python Advanced\Deep Learning - CV\Project\data\Dataset\Videos\W03299.mp4,0.611,thờ cúng,thờ cúng,Neutral / Unspecified,unknown,122,29.97,1280,720,f8c780f99cd72a77f2641899ce4993ff,VALID
3181,W03300.mp4,C:\Users\Admin\Python Advanced\Deep Learning - CV\Project\data\Dataset\Videos\W03300.mp4,0.642,thở dài,thở dài,Neutral / Unspecified,unknown,167,29.97,1280,720,eab7d6dece8f7e2b8d953e53fb8aa8b2,VALID
3182,W03303.mp4,C:\Users\Admin\Python Advanced\Deep Learning - CV\Project\data\Dataset\Videos\W03303.mp4,0.731,thời gian biểu,thời gian biểu,Neutral / Unspecified,unknown,125,29.97,1280,720,ac9507972a3846fc5fe2c5145dbb2643,VALID
3183,W03305.mp4,C:\Users\Admin\Python Advanced\Deep Learning - CV\Project\data\Dataset\Videos\W03305.mp4,0.877,thở,thở,Neutral / Unspecified,unknown,155,29.97,1280,720,fbfd24ead5235734bfca4259615b92a8,VALID
3184,W03308.mp4,C:\Users\Admin\Python Advanced\Deep Learning - CV\Project\data\Dataset\Videos\W03308.mp4,0.771,thợ rèn,thợ rèn,Neutral / Unspecified,unknown,122,29.97,1280,720,55a4a2ec10af5342bbed1b9dbe7b52b9,VALID
3185,W03309.mp4,C:\Users\Admin\Python Advanced\Deep Learning - CV\Project\data\Dataset\Videos\W03309.mp4,0.936,thợ thêu,thợ thêu,Neutral / Unspecified,unknown,142,29.97,1280,720,c29de4af506f1e1b0f06c80deed4ce2e,VALID
3186,W03314B.mp4,C:\Users\Admin\Python Advanced\Deep Learning - CV\Project\data\Dataset\Videos\W03314B.mp4,0.439,thơm,thơm,B (Miền Bắc / North),unknown,113,29.97,1280,720,2f7537f5c79ea51ba3733ea96ae96403,VALID
3187,W03314N.mp4,C:\Users\Admin\Python Advanced\Deep Learning - CV\Project\data\Dataset\Videos\W03314N.mp4,0.374,thơm,thơm,N (Miền Nam / South),unknown,87,29.97,1280,720,8b18eeb7b4116a0f76335d47cd4082d2,VALID
3188,W03314T.mp4,C:\Users\Admin\Python Advanced\Deep Learning - CV\Project\data\Dataset\Videos\W03314T.mp4,0.375,thơm,thơm,T (Miền Trung / Central),unknown,87,29.97,1280,720,32a4a422b3819f5ea1949dcbc43338ed,VALID
3189,W03316.mp4,C:\Users\Admin\Python Advanced\Deep Learning - CV\Project\data\Dataset\Videos\W03316.mp4,0.754,thu mua,thu mua,Neutral / Unspecified,unknown,110,29.97,1280,720,69f92b7cc005bef0d5c0db9ed1041b2b,VALID
3190,W03317.mp4,C:\Users\Admin\Python Advanced\Deep Learning - CV\Project\data\Dataset\Videos\W03317.mp4,0.764,thu nhỏ,thu nhỏ,Neutral / Unspecified,unknown,112,29.97,1280,720,bf5e70546a4a4559e1046fbfe6553dfb,VALID
3191,W03320B.mp4,C:\Users\Admin\Python Advanced\Deep Learning - CV\Project\data\Dataset\Videos\W03320B.mp4,0.722,thủ công,thủ công,B (Miền Bắc / North),unknown,144,29.97,1280,720,c66e280d3244ea6043142e4e6a580348,VALID
3192,W03320N.mp4,C:\Users\Admin\Python Advanced\Deep Learning - CV\Project\data\Dataset\Videos\W03320N.mp4,0.626,thủ công,thủ công,N (Miền Nam / South),unknown,119,29.97,1280,720,a98464d53f2da37122059166f3531733,VALID
3193,W03320T.mp4,C:\Users\Admin\Python Advanced\Deep Learning - CV\Project\data\Dataset\Videos\W03320T.mp4,0.549,thủ công,thủ công,T (Miền Trung / Central),unknown,114,29.97,1280,720,9d630fab71de222e1f331df4fa50131c,VALID
3194,W03321B.mp4,C:\Users\Admin\Python Advanced\Deep Learning - CV\Project\data\Dataset\Videos\W03321B.mp4,0.432,thủ tướng,thủ tướng,B (Miền Bắc / North),unknown,94,29.97,1280,720,8cbfeaf403808453765dc15cbea90ce0,VALID
3195,W03321N.mp4,C:\Users\Admin\Python Advanced\Deep Learning - CV\Project\data\Dataset\Videos\W03321N.mp4,0.746,thủ tướng,thủ tướng,N (Miền Nam / South),unknown,136,29.97,1280,720,c94e6bb9a7debfab17b55cb46e1a4cc4,VALID
3196,W03321T.mp4,C:\Users\Admin\Python Advanced\Deep Learning - CV\Project\data\Dataset\Videos\W03321T.mp4,0.744,thủ tướng,thủ tướng,T (Miền Trung / Central),unknown,136,29.97,1280,720,f5b59a95a8f2b8d216312f69dcad4867,VALID
3197,W03323B.mp4,C:\Users\Admin\Python Advanced\Deep Learning - CV\Project\data\Dataset\Videos\W03323B.mp4,0.474,thú dữ,thú dữ,B (Miền Bắc / North),unknown,96,29.97,1280,720,3e38d3fa40ed164bdba08c951a306b44,VALID
3198,W03323N.mp4,C:\Users\Admin\Python Advanced\Deep Learning - CV\Project\data\Dataset\Videos\W03323N.mp4,0.365,thú dữ,thú dữ,N (Miền Nam / South),unknown,85,29.97,1280,720,75770a9e617ad563a5cca14992db5ca6,VALID
3199,W03324B.mp4,C:\Users\Admin\Python Advanced\Deep Learning - CV\Project\data\Dataset\Videos\W03324B.mp4,0.622,thú y,thú y,B (Miền Bắc / North),unknown,116,29.97,1280,720,1bb7d1cfe3f632e43712a533c8ee6691,VALID
3200,W03324N.mp4,C:\Users\Admin\Python Advanced\Deep Learning - CV\Project\data\Dataset\Videos\W03324N.mp4,0.61,thú y,thú y,N (Miền Nam / South),unknown,104,29.97,1280,720,ef7187aa8267fb0c5b2b1e10fad8776c,VALID
3201,W03324T.mp4,C:\Users\Admin\Python Advanced\Deep Learning - CV\Project\data\Dataset\Videos\W03324T.mp4,0.609,thú y,thú y,T (Miền Trung / Central),unknown,104,29.97,1280,720,24dc9904a1bfb17267a5f921963ab6a7,VALID
3202,W03327B.mp4,C:\Users\Admin\Python Advanced\Deep Learning - CV\Project\data\Dataset\Videos\W03327B.mp4,0.362,ngữ pháp,ngữ pháp,B (Miền Bắc / North),unknown,88,29.97,1280,720,cbfbba6cb401fea8b2db9b186b709bcd,VALID
3203,W03327N.mp4,C:\Users\Admin\Python Advanced\Deep Learning - CV\Project\data\Dataset\Videos\W03327N.mp4,0.564,ngữ pháp,ngữ pháp,N (Miền Nam / South),unknown,102,29.97,1280,720,57d09a6ab38f37630b412a898f0eac6e,VALID
3204,W03327T.mp4,C:\Users\Admin\Python Advanced\Deep Learning - CV\Project\data\Dataset\Videos\W03327T.mp4,0.563,ngữ pháp,ngữ pháp,T (Miền Trung / Central),unknown,102,29.97,1280,720,a64f71d5fc717f1c40c564dbf9c6c1e7,VALID
3205,W03328.mp4,C:\Users\Admin\Python Advanced\Deep Learning - CV\Project\data\Dataset\Videos\W03328.mp4,0.73,thúc đẩy,thúc đẩy,Neutral / Unspecified,unknown,110,29.97,1280,720,a7b421204e61feace6c0188869cb30bb,VALID
3206,W03329N.mp4,C:\Users\Admin\Python Advanced\Deep Learning - CV\Project\data\Dataset\Videos\W03329N.mp4,0.324,thuê,thuê,N (Miền Nam / South),unknown,83,29.97,1280,720,bcdaa811e6d1cbaa8e9b0ad38bc64607,VALID
3207,W03330.mp4,C:\Users\Admin\Python Advanced\Deep Learning - CV\Project\data\Dataset\Videos\W03330.mp4,0.722,thùng,thùng,Neutral / Unspecified,unknown,125,29.97,1280,720,33c43371c93e256c341e2136dee6761c,VALID
3208,W03331.mp4,C:\Users\Admin\Python Advanced\Deep Learning - CV\Project\data\Dataset\Videos\W03331.mp4,0.667,thủng,thủng,Neutral / Unspecified,unknown,111,29.97,1280,720,542249ece1170643ff28559a3c649ba6,VALID
3209,W03333.mp4,C:\Users\Admin\Python Advanced\Deep Learning - CV\Project\data\Dataset\Videos\W03333.mp4,0.715,thuốc bắc,thuốc bắc,Neutral / Unspecified,unknown,123,29.97,1280,720,598d082554a26e9442ba7b0033e6b4a4,VALID
3210,W03335.mp4,C:\Users\Admin\Python Advanced\Deep Learning - CV\Project\data\Dataset\Videos\W03335.mp4,0.528,thuốc lá,thuốc lá,Neutral / Unspecified,unknown,122,29.97,1280,720,2b1f542f4c96129017abb6f3d3d8c8ea,VALID
3211,W03338.mp4,C:\Users\Admin\Python Advanced\Deep Learning - CV\Project\data\Dataset\Videos\W03338.mp4,0.59,thuộc lòng,thuộc lòng,Neutral / Unspecified,unknown,111,29.97,1280,720,7217fbc2ffcd0827f0485a5954fafdd0,VALID
3212,W03339N.mp4,C:\Users\Admin\Python Advanced\Deep Learning - CV\Project\data\Dataset\Videos\W03339N.mp4,0.492,thuỷ điện,thuỷ điện,N (Miền Nam / South),unknown,96,29.97,1280,720,b8970727e44c5b95ab1ee6121c95771a,VALID
3213,W03339T.mp4,C:\Users\Admin\Python Advanced\Deep Learning - CV\Project\data\Dataset\Videos\W03339T.mp4,0.492,thuỷ điện,thuỷ điện,T (Miền Trung / Central),unknown,96,29.97,1280,720,a177b6d1f02f2f838bee12d7bc216fb3,VALID
3214,W03344.mp4,C:\Users\Admin\Python Advanced\Deep Learning - CV\Project\data\Dataset\Videos\W03344.mp4,0.754,thủy chung,thủy chung,Neutral / Unspecified,unknown,136,29.97,1280,720,5ffc59f8e7ff6f61ec4e6c0078833712,VALID
3215,W03345B.mp4,C:\Users\Admin\Python Advanced\Deep Learning - CV\Project\data\Dataset\Videos\W03345B.mp4,0.607,Thủy Điện Hòa Bình,thủy điện hòa bình,B (Miền Bắc / North),unknown,107,29.97,1280,720,ddbfd1686343da3b83f51937ffddafe3,VALID
3216,W03345N.mp4,C:\Users\Admin\Python Advanced\Deep Learning - CV\Project\data\Dataset\Videos\W03345N.mp4,0.717,Thủy Điện Hòa Bình,thủy điện hòa bình,N (Miền Nam / South),unknown,127,29.97,1280,720,e1cb7038ee09c30d87147a71158844f7,VALID
3217,W03347.mp4,C:\Users\Admin\Python Advanced\Deep Learning - CV\Project\data\Dataset\Videos\W03347.mp4,0.749,thuyền chài,thuyền chài,Neutral / Unspecified,unknown,133,29.97,1280,720,1bc0efcade01b06885fb42eeaa2f764b,VALID
3218,W03349.mp4,C:\Users\Admin\Python Advanced\Deep Learning - CV\Project\data\Dataset\Videos\W03349.mp4,0.781,thuyền rồng,thuyền rồng,Neutral / Unspecified,unknown,147,29.97,1280,720,bbe0560631da0a4370672cf9b2c2474a,VALID
3219,W03350.mp4,C:\Users\Admin\Python Advanced\Deep Learning - CV\Project\data\Dataset\Videos\W03350.mp4,0.72,trưởng thành,trưởng thành,Neutral / Unspecified,unknown,108,29.97,1280,720,16c7ef75bbf987ae9b91f17627a3ed4f,VALID
3220,W03351.mp4,C:\Users\Admin\Python Advanced\Deep Learning - CV\Project\data\Dataset\Videos\W03351.mp4,0.865,thuyết phục,thuyết phục,Neutral / Unspecified,unknown,143,29.97,1280,720,5c4c9e9b2a91365b63079e37887b7b4b,VALID
3221,W03352.mp4,C:\Users\Admin\Python Advanced\Deep Learning - CV\Project\data\Dataset\Videos\W03352.mp4,0.712,thuyết trình,thuyết trình,Neutral / Unspecified,unknown,125,29.97,1280,720,b7e468d69ea1f982eff7ce205f982354,VALID
3222,W03354.mp4,C:\Users\Admin\Python Advanced\Deep Learning - CV\Project\data\Dataset\Videos\W03354.mp4,0.615,thư giãn,thư giãn,Neutral / Unspecified,unknown,128,29.97,1280,720,1dce79b2142c18756c7d7f76562a164d,VALID
3223,W03355.mp4,C:\Users\Admin\Python Advanced\Deep Learning - CV\Project\data\Dataset\Videos\W03355.mp4,0.461,mục đích,mục đích,Neutral / Unspecified,unknown,92,29.97,1280,720,d7d8a417ce1377659e5e14665b6472b1,VALID
3224,W03357.mp4,C:\Users\Admin\Python Advanced\Deep Learning - CV\Project\data\Dataset\Videos\W03357.mp4,1.38,thứ tự,thứ tự,Neutral / Unspecified,unknown,211,29.97,1280,720,cfad532152463456800c5b6c94dcdbd1,VALID
3225,W03359N.mp4,C:\Users\Admin\Python Advanced\Deep Learning - CV\Project\data\Dataset\Videos\W03359N.mp4,0.302,thừa,thừa,N (Miền Nam / South),unknown,66,29.97,1280,720,f39ed8fd126d7ded39b01f70c144f353,VALID
3226,W03359T.mp4,C:\Users\Admin\Python Advanced\Deep Learning - CV\Project\data\Dataset\Videos\W03359T.mp4,0.302,thừa,thừa,T (Miền Trung / Central),unknown,66,29.97,1280,720,26a8d98f810eadad27e86c540edb5b21,VALID
3227,W03361B.mp4,C:\Users\Admin\Python Advanced\Deep Learning - CV\Project\data\Dataset\Videos\W03361B.mp4,0.566,Thừa Thiên – Huế,thừa thiên – huế,B (Miền Bắc / North),unknown,113,29.97,1280,720,9e3b89437ab25d06c49272b0f0b91fdb,VALID
3228,W03361N.mp4,C:\Users\Admin\Python Advanced\Deep Learning - CV\Project\data\Dataset\Videos\W03361N.mp4,0.465,Thừa Thiên – Huế,thừa thiên – huế,N (Miền Nam / South),unknown,89,29.97,1280,720,a4a8c607a44fa385979936e124e637b7,VALID
3229,W03361T.mp4,C:\Users\Admin\Python Advanced\Deep Learning - CV\Project\data\Dataset\Videos\W03361T.mp4,0.45,Thừa Thiên – Huế,thừa thiên – huế,T (Miền Trung / Central),unknown,117,29.97,1280,720,939a154d16c990e52e77684b7cfe0e85,VALID
3230,W03365.mp4,C:\Users\Admin\Python Advanced\Deep Learning - CV\Project\data\Dataset\Videos\W03365.mp4,0.472,thực hiện,thực hiện,Neutral / Unspecified,unknown,114,29.97,1280,720,8c69f824944902c6f8a05d23d892ecb8,VALID
3231,W03366.mp4,C:\Users\Admin\Python Advanced\Deep Learning - CV\Project\data\Dataset\Videos\W03366.mp4,0.396,thực phẩm,thực phẩm,Neutral / Unspecified,unknown,76,29.97,1280,720,f3bec093dd93d4d9e83b869c81ffa219,VALID
3232,W03367.mp4,C:\Users\Admin\Python Advanced\Deep Learning - CV\Project\data\Dataset\Videos\W03367.mp4,0.419,thực sự,thực sự,Neutral / Unspecified,unknown,92,29.97,1280,720,a205ea2c19c37d62c600d7f210e1ecdd,VALID
3233,W03368.mp4,C:\Users\Admin\Python Advanced\Deep Learning - CV\Project\data\Dataset\Videos\W03368.mp4,0.309,thực tế,thực tế,Neutral / Unspecified,unknown,76,29.97,1280,720,6300330153ee495d0f75814d581d7c86,VALID
3234,W03369.mp4,C:\Users\Admin\Python Advanced\Deep Learning - CV\Project\data\Dataset\Videos\W03369.mp4,0.606,thực vật,thực vật,Neutral / Unspecified,unknown,104,29.97,1280,720,8de10968f1f18f5760b76b89e9619421,VALID
3235,W03370.mp4,C:\Users\Admin\Python Advanced\Deep Learning - CV\Project\data\Dataset\Videos\W03370.mp4,0.618,thương (số),thương (số),Neutral / Unspecified,unknown,112,29.97,1280,720,5bfed1a4f7425896e29f926ab941fd4d,VALID
3236,W03371.mp4,C:\Users\Admin\Python Advanced\Deep Learning - CV\Project\data\Dataset\Videos\W03371.mp4,0.524,bùng binh,bùng binh,Neutral / Unspecified,unknown,95,29.97,1280,720,ac68606a7d383411b3eab4282db2ebdc,VALID
3237,W03373B.mp4,C:\Users\Admin\Python Advanced\Deep Learning - CV\Project\data\Dataset\Videos\W03373B.mp4,0.731,thương yêu,thương yêu,B (Miền Bắc / North),unknown,127,29.97,1280,720,94c574ea797c9193cd45559143878f9c,VALID
3238,W03373N.mp4,C:\Users\Admin\Python Advanced\Deep Learning - CV\Project\data\Dataset\Videos\W03373N.mp4,0.346,thương yêu,thương yêu,N (Miền Nam / South),unknown,80,29.97,1280,720,c306ae291d6cb45e05a49718e928a819,VALID
3239,W03373T.mp4,C:\Users\Admin\Python Advanced\Deep Learning - CV\Project\data\Dataset\Videos\W03373T.mp4,0.728,thương yêu,thương yêu,T (Miền Trung / Central),unknown,127,29.97,1280,720,9fec3ad30244a25ab81993d9f78793f6,VALID
3240,W03377.mp4,C:\Users\Admin\Python Advanced\Deep Learning - CV\Project\data\Dataset\Videos\W03377.mp4,0.551,tỉ lệ,tỉ lệ,Neutral / Unspecified,unknown,107,29.97,1280,720,b91b3d41aabc832991db4acb315cc919,VALID
3241,W03379.mp4,C:\Users\Admin\Python Advanced\Deep Learning - CV\Project\data\Dataset\Videos\W03379.mp4,0.68,tỉ mỉ,tỉ mỉ,Neutral / Unspecified,unknown,116,29.97,1280,720,b3e00d6e156c3fa487d2e35c9f8ff5e6,VALID
3242,W03380.mp4,C:\Users\Admin\Python Advanced\Deep Learning - CV\Project\data\Dataset\Videos\W03380.mp4,0.646,tỉ số,tỉ số,Neutral / Unspecified,unknown,115,29.97,1280,720,8c07d0d1af571b742112245a86662403,VALID
3243,W03381.mp4,C:\Users\Admin\Python Advanced\Deep Learning - CV\Project\data\Dataset\Videos\W03381.mp4,0.45,tỉ số phần trăm,tỉ số phần trăm,Neutral / Unspecified,unknown,87,29.97,1280,720,3ddcd40d4f43e0702f323ae547c43b9d,VALID
3244,W03383.mp4,C:\Users\Admin\Python Advanced\Deep Learning - CV\Project\data\Dataset\Videos\W03383.mp4,0.575,tí hon,tí hon,Neutral / Unspecified,unknown,100,29.97,1280,720,966a1746f0fbadbc67a2452643077fa3,VALID
3245,W03387.mp4,C:\Users\Admin\Python Advanced\Deep Learning - CV\Project\data\Dataset\Videos\W03387.mp4,0.608,tia nắng,tia nắng,Neutral / Unspecified,unknown,106,29.97,1280,720,e7cab5dadd19963c5170da05f7d3bd04,VALID
3246,W03388.mp4,C:\Users\Admin\Python Advanced\Deep Learning - CV\Project\data\Dataset\Videos\W03388.mp4,0.642,tia số,tia số,Neutral / Unspecified,unknown,102,29.97,1280,720,c2dd7393321819f1939eb016f538deed,VALID
3247,W03390.mp4,C:\Users\Admin\Python Advanced\Deep Learning - CV\Project\data\Dataset\Videos\W03390.mp4,0.725,tích (số),tích (số),Neutral / Unspecified,unknown,131,29.97,1280,720,8b4e046fe31aacb9ee6440da2b8c8900,VALID
3248,W03391.mp4,C:\Users\Admin\Python Advanced\Deep Learning - CV\Project\data\Dataset\Videos\W03391.mp4,0.612,tích cực,tích cực,Neutral / Unspecified,unknown,104,29.97,1280,720,77d7d4579e76af5ccc6350675811873f,VALID
3249,W03392B.mp4,C:\Users\Admin\Python Advanced\Deep Learning - CV\Project\data\Dataset\Videos\W03392B.mp4,0.709,tiếc,tiếc,B (Miền Bắc / North),unknown,133,29.97,1280,720,cc433a2d40b867be0713164e0788e2d8,VALID
3250,W03392N.mp4,C:\Users\Admin\Python Advanced\Deep Learning - CV\Project\data\Dataset\Videos\W03392N.mp4,1.119,tiếc,tiếc,N (Miền Nam / South),unknown,180,29.97,1280,720,ba4ddf0ff501041d24a29df569b2be6a,VALID
3251,W03392T.mp4,C:\Users\Admin\Python Advanced\Deep Learning - CV\Project\data\Dataset\Videos\W03392T.mp4,0.71,tiếc,tiếc,T (Miền Trung / Central),unknown,133,29.97,1280,720,c60e4b36b0c3ebbd67c388c1405d8036,VALID
3252,W03393.mp4,C:\Users\Admin\Python Advanced\Deep Learning - CV\Project\data\Dataset\Videos\W03393.mp4,0.472,tiệc,tiệc,Neutral / Unspecified,unknown,85,29.97,1280,720,a16b472620afac3c56a58e1f04f03ca0,VALID
3253,W03394.mp4,C:\Users\Admin\Python Advanced\Deep Learning - CV\Project\data\Dataset\Videos\W03394.mp4,0.598,tiêm,tiêm,Neutral / Unspecified,unknown,118,29.97,1280,720,703a420672566287e586a7f40f7cdcd4,VALID
3254,W03398.mp4,C:\Users\Admin\Python Advanced\Deep Learning - CV\Project\data\Dataset\Videos\W03398.mp4,1.503,Tiền Giang,tiền giang,Neutral / Unspecified,unknown,227,29.97,1280,720,ba44c8fa2fcdaa8fe5562eb21b397e33,VALID
3255,W03407.mp4,C:\Users\Admin\Python Advanced\Deep Learning - CV\Project\data\Dataset\Videos\W03407.mp4,0.621,tiện nghi,tiện nghi,Neutral / Unspecified,unknown,97,29.97,1280,720,ee2f12c7575c2017a88d0e2c94593db4,VALID
3256,W03409B.mp4,C:\Users\Admin\Python Advanced\Deep Learning - CV\Project\data\Dataset\Videos\W03409B.mp4,0.575,tiếng Anh,tiếng anh,B (Miền Bắc / North),unknown,122,29.97,1280,720,3c827b6ed91741ff6ced3b298da91316,VALID
3257,W03409N.mp4,C:\Users\Admin\Python Advanced\Deep Learning - CV\Project\data\Dataset\Videos\W03409N.mp4,0.284,tiếng Anh,tiếng anh,N (Miền Nam / South),unknown,69,29.97,1280,720,6e0543d4e84ac8c73a2934f27ead007d,VALID
3258,W03409T.mp4,C:\Users\Admin\Python Advanced\Deep Learning - CV\Project\data\Dataset\Videos\W03409T.mp4,0.285,tiếng Anh,tiếng anh,T (Miền Trung / Central),unknown,69,29.97,1280,720,8907d3bad559b7140af61dd08cb05417,VALID
3259,W03414.mp4,C:\Users\Admin\Python Advanced\Deep Learning - CV\Project\data\Dataset\Videos\W03414.mp4,0.411,tiếng nói,tiếng nói,Neutral / Unspecified,unknown,92,29.97,1280,720,73267f082c44f44753a94c55e9641cfe,VALID
3260,W03418.mp4,C:\Users\Admin\Python Advanced\Deep Learning - CV\Project\data\Dataset\Videos\W03418.mp4,0.486,tiếp theo,tiếp theo,Neutral / Unspecified,unknown,82,29.97,1280,720,a878b315cb4c2c727ec299ec3f8992a4,VALID
3261,W03419.mp4,C:\Users\Admin\Python Advanced\Deep Learning - CV\Project\data\Dataset\Videos\W03419.mp4,0.667,tiếp thu,tiếp thu,Neutral / Unspecified,unknown,111,29.97,1280,720,7c504c879f3424f440fe88062a464441,VALID
3262,W03421B.mp4,C:\Users\Admin\Python Advanced\Deep Learning - CV\Project\data\Dataset\Videos\W03421B.mp4,0.586,tiếp tục,tiếp tục,B (Miền Bắc / North),unknown,145,29.97,1280,720,5e8cdbe21364e1b4cbbe77c239627533,VALID
3263,W03421N.mp4,C:\Users\Admin\Python Advanced\Deep Learning - CV\Project\data\Dataset\Videos\W03421N.mp4,0.314,tiếp tục,tiếp tục,N (Miền Nam / South),unknown,68,29.97,1280,720,bf4988439e301105e839d413cbf22718,VALID
3264,W03422B.mp4,C:\Users\Admin\Python Advanced\Deep Learning - CV\Project\data\Dataset\Videos\W03422B.mp4,1.102,tiết kiệm,tiết kiệm,B (Miền Bắc / North),unknown,191,29.97,1280,720,ba787ad9f18b988f40baf8171fa415c0,VALID
3265,W03422N.mp4,C:\Users\Admin\Python Advanced\Deep Learning - CV\Project\data\Dataset\Videos\W03422N.mp4,0.525,tiết kiệm,tiết kiệm,N (Miền Nam / South),unknown,88,29.97,1280,720,c032ae657fe5b59b27880ba20075167e,VALID
3266,W03422T.mp4,C:\Users\Admin\Python Advanced\Deep Learning - CV\Project\data\Dataset\Videos\W03422T.mp4,0.385,tiết kiệm,tiết kiệm,T (Miền Trung / Central),unknown,97,29.97,1280,720,7e3e7d4f5eec1fd1aea0aafc95c68c7a,VALID
3267,W03424.mp4,C:\Users\Admin\Python Advanced\Deep Learning - CV\Project\data\Dataset\Videos\W03424.mp4,0.69,tiêu cực,tiêu cực,Neutral / Unspecified,unknown,100,29.97,1280,720,b7950c0806842a25a7e17b55bc21a10a,VALID
3268,W03425.mp4,C:\Users\Admin\Python Advanced\Deep Learning - CV\Project\data\Dataset\Videos\W03425.mp4,0.631,tiêu diệt,tiêu diệt,Neutral / Unspecified,unknown,95,29.97,1280,720,9390ef517625adbed62eea8faa24c2cf,VALID
3269,W03426.mp4,C:\Users\Admin\Python Advanced\Deep Learning - CV\Project\data\Dataset\Videos\W03426.mp4,0.483,tiêu hoá,tiêu hoá,Neutral / Unspecified,unknown,104,29.97,1280,720,bd83170e3121039104a8fb7fb120d406,VALID
3270,W03427.mp4,C:\Users\Admin\Python Advanced\Deep Learning - CV\Project\data\Dataset\Videos\W03427.mp4,0.592,thụ phấn (hoa),thụ phấn (hoa),Neutral / Unspecified,unknown,118,29.97,1280,720,8c45a3fcc95bffd41747022544d590df,VALID
3271,W03430.mp4,C:\Users\Admin\Python Advanced\Deep Learning - CV\Project\data\Dataset\Videos\W03430.mp4,0.522,tiểu học,tiểu học,Neutral / Unspecified,unknown,98,29.97,1280,720,5197b452c4a659edd5a7c1d14561805e,VALID
3272,W03431.mp4,C:\Users\Admin\Python Advanced\Deep Learning - CV\Project\data\Dataset\Videos\W03431.mp4,0.624,tim,tim,Neutral / Unspecified,unknown,118,29.97,1280,720,491dfa5fba92ae401435f15649a7a811,VALID
3273,W03433B.mp4,C:\Users\Admin\Python Advanced\Deep Learning - CV\Project\data\Dataset\Videos\W03433B.mp4,0.552,tìm hiểu,tìm hiểu,B (Miền Bắc / North),unknown,136,29.97,1280,720,5c0bf82d1a593864b4384b68062d920e,VALID
3274,W03433N.mp4,C:\Users\Admin\Python Advanced\Deep Learning - CV\Project\data\Dataset\Videos\W03433N.mp4,0.412,tìm hiểu,tìm hiểu,N (Miền Nam / South),unknown,81,29.97,1280,720,fbf930e92e1cc73b06278f7b7d18be85,VALID
3275,W03433T.mp4,C:\Users\Admin\Python Advanced\Deep Learning - CV\Project\data\Dataset\Videos\W03433T.mp4,0.558,tìm hiểu,tìm hiểu,T (Miền Trung / Central),unknown,136,29.97,1280,720,43427442978429a8a1ba7853320710f2,VALID
3276,W03434.mp4,C:\Users\Admin\Python Advanced\Deep Learning - CV\Project\data\Dataset\Videos\W03434.mp4,0.584,tím tái,tím tái,Neutral / Unspecified,unknown,89,29.97,1280,720,74c8102042b31ed566c772e3414aeb9c,VALID
3277,W03435.mp4,C:\Users\Admin\Python Advanced\Deep Learning - CV\Project\data\Dataset\Videos\W03435.mp4,0.529,tin cậy,tin cậy,Neutral / Unspecified,unknown,93,29.97,1280,720,863b37ee0c77d01e197fa3fcfeb6113c,VALID
3278,W03437.mp4,C:\Users\Admin\Python Advanced\Deep Learning - CV\Project\data\Dataset\Videos\W03437.mp4,0.491,tin nhắn,tin nhắn,Neutral / Unspecified,unknown,94,29.97,1280,720,34179eda166e159546b8c691566329fb,VALID
3279,W03438.mp4,C:\Users\Admin\Python Advanced\Deep Learning - CV\Project\data\Dataset\Videos\W03438.mp4,0.459,tin tức,tin tức,Neutral / Unspecified,unknown,79,29.97,1280,720,d12a49a169148224d9845586050118b6,VALID
3280,W03445.mp4,C:\Users\Admin\Python Advanced\Deep Learning - CV\Project\data\Dataset\Videos\W03445.mp4,0.457,thần kì,thần kì,Neutral / Unspecified,unknown,107,29.97,1280,720,de8a6d06d8a921dc657fada8d45d8d2d,VALID
3281,W03449.mp4,C:\Users\Admin\Python Advanced\Deep Learning - CV\Project\data\Dataset\Videos\W03449.mp4,0.653,tình huống,tình huống,Neutral / Unspecified,unknown,132,29.97,1280,720,9ef3fea634ab67ab1d5d6f7ee74001ae,VALID
3282,W03450B.mp4,C:\Users\Admin\Python Advanced\Deep Learning - CV\Project\data\Dataset\Videos\W03450B.mp4,0.519,thương yêu,thương yêu,B (Miền Bắc / North),unknown,102,29.97,1280,720,44dc4bb48146b2650522b7a9da2949ee,VALID
3283,W03450N.mp4,C:\Users\Admin\Python Advanced\Deep Learning - CV\Project\data\Dataset\Videos\W03450N.mp4,0.639,thương yêu,thương yêu,N (Miền Nam / South),unknown,114,29.97,1280,720,402200f08df4bea1e15704c5e56d7f6b,VALID
3284,W03450T.mp4,C:\Users\Admin\Python Advanced\Deep Learning - CV\Project\data\Dataset\Videos\W03450T.mp4,0.639,thương yêu,thương yêu,T (Miền Trung / Central),unknown,114,29.97,1280,720,7a049756da77e641fb91a83f39b36c85,VALID
3285,W03451.mp4,C:\Users\Admin\Python Advanced\Deep Learning - CV\Project\data\Dataset\Videos\W03451.mp4,0.521,tình yêu,tình yêu,Neutral / Unspecified,unknown,114,29.97,1280,720,2b588b05fca9106517a7440f8b95807a,VALID
3286,W03452.mp4,C:\Users\Admin\Python Advanced\Deep Learning - CV\Project\data\Dataset\Videos\W03452.mp4,0.743,tĩnh lặng,tĩnh lặng,Neutral / Unspecified,unknown,153,29.97,1280,720,a15b128f50c1e14bff16142b7568d0c4,VALID
3287,W03454.mp4,C:\Users\Admin\Python Advanced\Deep Learning - CV\Project\data\Dataset\Videos\W03454.mp4,0.407,tính cách,tính cách,Neutral / Unspecified,unknown,112,29.97,1280,720,f141c0ed3a2eb55289d7d738ea8f5278,VALID
3288,W03455.mp4,C:\Users\Admin\Python Advanced\Deep Learning - CV\Project\data\Dataset\Videos\W03455.mp4,0.441,tính chất,tính chất,Neutral / Unspecified,unknown,95,29.97,1280,720,322a1c62b793e8f486218770e2f65521,VALID
3289,W03456.mp4,C:\Users\Admin\Python Advanced\Deep Learning - CV\Project\data\Dataset\Videos\W03456.mp4,0.583,tính chất bằng nhau,tính chất bằng nhau,Neutral / Unspecified,unknown,126,29.97,1280,720,e521e2b122d27a37a57383cb9c932f68,VALID
3290,W03457.mp4,C:\Users\Admin\Python Advanced\Deep Learning - CV\Project\data\Dataset\Videos\W03457.mp4,0.763,tính chất cơ bản của phân số,tính chất cơ bản của phân số,Neutral / Unspecified,unknown,158,29.97,1280,720,2fa74e7638d705ff0b4de63552d7aae8,VALID
3291,W03461.mp4,C:\Users\Admin\Python Advanced\Deep Learning - CV\Project\data\Dataset\Videos\W03461.mp4,0.338,tính nhẩm,tính nhẩm,Neutral / Unspecified,unknown,83,29.97,1280,720,408b671a73d00afa689bdc4670b8d406,VALID
3292,W03463.mp4,C:\Users\Admin\Python Advanced\Deep Learning - CV\Project\data\Dataset\Videos\W03463.mp4,0.583,tính toán,tính toán,Neutral / Unspecified,unknown,142,29.97,1280,720,ee83b2ae00bff12ec15532494ec8feb1,VALID
3293,W03464.mp4,C:\Users\Admin\Python Advanced\Deep Learning - CV\Project\data\Dataset\Videos\W03464.mp4,0.577,tính từ,tính từ,Neutral / Unspecified,unknown,126,29.97,1280,720,259a60e73bb51509fe5082500055c799,VALID
3294,W03466.mp4,C:\Users\Admin\Python Advanced\Deep Learning - CV\Project\data\Dataset\Videos\W03466.mp4,0.598,to lớn,to lớn,Neutral / Unspecified,unknown,129,29.97,1280,720,e24086589f64cc69c919f04a643c606b,VALID
3295,W03467B.mp4,C:\Users\Admin\Python Advanced\Deep Learning - CV\Project\data\Dataset\Videos\W03467B.mp4,0.771,tò mò,tò mò,B (Miền Bắc / North),unknown,148,29.97,1280,720,2896caa0cbbf261137569dbf58f1aa1f,VALID
3296,W03471B.mp4,C:\Users\Admin\Python Advanced\Deep Learning - CV\Project\data\Dataset\Videos\W03471B.mp4,0.855,toa xe,toa xe,B (Miền Bắc / North),unknown,158,29.97,1280,720,3033c886f306c520c05f9df355d776bd,VALID
3297,W03471N.mp4,C:\Users\Admin\Python Advanced\Deep Learning - CV\Project\data\Dataset\Videos\W03471N.mp4,0.724,toa xe,toa xe,N (Miền Nam / South),unknown,128,29.97,1280,720,90412c7d9bac061a7a82f02f8825d6de,VALID
3298,W03471T.mp4,C:\Users\Admin\Python Advanced\Deep Learning - CV\Project\data\Dataset\Videos\W03471T.mp4,0.726,toa xe,toa xe,T (Miền Trung / Central),unknown,128,29.97,1280,720,344906707b0f00528954cac8451f7f54,VALID
3299,W03472B.mp4,C:\Users\Admin\Python Advanced\Deep Learning - CV\Project\data\Dataset\Videos\W03472B.mp4,0.7,toà án,toà án,B (Miền Bắc / North),unknown,130,29.97,1280,720,4f049809f08745a1ff04ae82df7a8bf6,VALID
3300,W03472N.mp4,C:\Users\Admin\Python Advanced\Deep Learning - CV\Project\data\Dataset\Videos\W03472N.mp4,0.774,toà án,toà án,N (Miền Nam / South),unknown,145,29.97,1280,720,ba2709102b2c691c72d4ba358601f6fe,VALID
3301,W03472T.mp4,C:\Users\Admin\Python Advanced\Deep Learning - CV\Project\data\Dataset\Videos\W03472T.mp4,0.776,toà án,toà án,T (Miền Trung / Central),unknown,145,29.97,1280,720,b73ff590acaeb6f371ad92491d795b7f,VALID
3302,W03473.mp4,C:\Users\Admin\Python Advanced\Deep Learning - CV\Project\data\Dataset\Videos\W03473.mp4,0.42,tòa soạn,tòa soạn,Neutral / Unspecified,unknown,115,29.97,1280,720,7ccdd97fc10aa1bd00754635f8a51ff6,VALID
3303,W03474.mp4,C:\Users\Admin\Python Advanced\Deep Learning - CV\Project\data\Dataset\Videos\W03474.mp4,0.713,tỏa hương,tỏa hương,Neutral / Unspecified,unknown,147,29.97,1280,720,1d3191a4222394f585d6c0874f9142d5,VALID
3304,W03476.mp4,C:\Users\Admin\Python Advanced\Deep Learning - CV\Project\data\Dataset\Videos\W03476.mp4,0.554,toàn cầu,toàn cầu,Neutral / Unspecified,unknown,137,29.97,1280,720,dc867c25de942771008fac7e9c343ad3,VALID
3305,W03479.mp4,C:\Users\Admin\Python Advanced\Deep Learning - CV\Project\data\Dataset\Videos\W03479.mp4,0.528,tóc xoăn,tóc xoăn,Neutral / Unspecified,unknown,129,29.97,1280,720,3fb17e8ed82837dc89c0ea759413486f,VALID
3306,W03480.mp4,C:\Users\Admin\Python Advanced\Deep Learning - CV\Project\data\Dataset\Videos\W03480.mp4,0.627,tóm cổ,tóm cổ,Neutral / Unspecified,unknown,146,29.97,1280,720,b23700b57e882cdcdb4a40ead7a9b9f5,VALID
3307,W03481.mp4,C:\Users\Admin\Python Advanced\Deep Learning - CV\Project\data\Dataset\Videos\W03481.mp4,0.592,tóm lược,tóm lược,Neutral / Unspecified,unknown,137,29.97,1280,720,ab73cd3b610615d19fc28475544f622d,VALID
3308,W03482.mp4,C:\Users\Admin\Python Advanced\Deep Learning - CV\Project\data\Dataset\Videos\W03482.mp4,1.171,tóm tắt,tóm tắt,Neutral / Unspecified,unknown,220,29.97,1280,720,d078761181038730de641522383171c2,VALID
3309,W03486B.mp4,C:\Users\Admin\Python Advanced\Deep Learning - CV\Project\data\Dataset\Videos\W03486B.mp4,0.74,tô màu,tô màu,B (Miền Bắc / North),unknown,139,29.97,1280,720,5a5e7b8addc6a3766c3297f625d33e1b,VALID
3310,W03486N.mp4,C:\Users\Admin\Python Advanced\Deep Learning - CV\Project\data\Dataset\Videos\W03486N.mp4,0.687,tô màu,tô màu,N (Miền Nam / South),unknown,139,29.97,1280,720,374a59f31287d1dca67175a676c51730,VALID
3311,W03486T.mp4,C:\Users\Admin\Python Advanced\Deep Learning - CV\Project\data\Dataset\Videos\W03486T.mp4,0.69,tô màu,tô màu,T (Miền Trung / Central),unknown,139,29.97,1280,720,45569ca46dc1fa87d65907e2d59b1b36,VALID
3312,W03488.mp4,C:\Users\Admin\Python Advanced\Deep Learning - CV\Project\data\Dataset\Videos\W03488.mp4,0.497,tổ chim,tổ chim,Neutral / Unspecified,unknown,121,29.97,1280,720,c0b5679727876126eda80da6c780342d,VALID
3313,W03491.mp4,C:\Users\Admin\Python Advanced\Deep Learning - CV\Project\data\Dataset\Videos\W03491.mp4,0.624,tôn trọng,tôn trọng,Neutral / Unspecified,unknown,111,29.97,1280,720,ec61eab2efb53b17c16e6f9cf0edf96c,VALID
3314,W03492.mp4,C:\Users\Admin\Python Advanced\Deep Learning - CV\Project\data\Dataset\Videos\W03492.mp4,0.641,tôn thờ,tôn thờ,Neutral / Unspecified,unknown,146,29.97,1280,720,2af9e074d644121bc13f2e9ddd36f5c1,VALID
3315,W03494.mp4,C:\Users\Admin\Python Advanced\Deep Learning - CV\Project\data\Dataset\Videos\W03494.mp4,0.649,tổ tiên,tổ tiên,Neutral / Unspecified,unknown,112,29.97,1280,720,cfc1168d9ceeaacbbcf6d487410eb347,VALID
3316,W03495.mp4,C:\Users\Admin\Python Advanced\Deep Learning - CV\Project\data\Dataset\Videos\W03495.mp4,0.623,tổ trưởng,tổ trưởng,Neutral / Unspecified,unknown,134,29.97,1280,720,53839e05bd07f0b495d13b3cb6a493f8,VALID
3317,W03501.mp4,C:\Users\Admin\Python Advanced\Deep Learning - CV\Project\data\Dataset\Videos\W03501.mp4,0.534,tôn trọng,tôn trọng,Neutral / Unspecified,unknown,125,29.97,1280,720,28e69abd5578861f70c7ca93858d691f,VALID
3318,W03502.mp4,C:\Users\Admin\Python Advanced\Deep Learning - CV\Project\data\Dataset\Videos\W03502.mp4,0.576,tổng (số),tổng (số),Neutral / Unspecified,unknown,118,29.97,1280,720,dbb824a4a3c9f826115702ad360e02ed,VALID
3319,W03503.mp4,C:\Users\Admin\Python Advanced\Deep Learning - CV\Project\data\Dataset\Videos\W03503.mp4,0.497,tổng hợp,tổng hợp,Neutral / Unspecified,unknown,115,29.97,1280,720,53a863d411d4133db880fd566d012ad1,VALID
3320,W03505B.mp4,C:\Users\Admin\Python Advanced\Deep Learning - CV\Project\data\Dataset\Videos\W03505B.mp4,0.644,tổng thống,tổng thống,B (Miền Bắc / North),unknown,144,29.97,1280,720,b32055646fe6d174b504a245568ac5e0,VALID
3321,W03505T.mp4,C:\Users\Admin\Python Advanced\Deep Learning - CV\Project\data\Dataset\Videos\W03505T.mp4,0.688,tổng thống,tổng thống,T (Miền Trung / Central),unknown,132,29.97,1280,720,bfeebcd7ea665bd970ee593bc1029266,VALID
3322,W03507.mp4,C:\Users\Admin\Python Advanced\Deep Learning - CV\Project\data\Dataset\Videos\W03507.mp4,0.577,tống tiền,tống tiền,Neutral / Unspecified,unknown,128,29.97,1280,720,6aedf4e65a6d1ea835c94f78f279db8a,VALID
3323,W03508B.mp4,C:\Users\Admin\Python Advanced\Deep Learning - CV\Project\data\Dataset\Videos\W03508B.mp4,0.742,tờ báo,tờ báo,B (Miền Bắc / North),unknown,130,29.97,1280,720,2f3faad7d5ce631a50a94494555a353e,VALID
3324,W03508N.mp4,C:\Users\Admin\Python Advanced\Deep Learning - CV\Project\data\Dataset\Videos\W03508N.mp4,0.507,tờ báo,tờ báo,N (Miền Nam / South),unknown,123,29.97,1280,720,6cc3ca58d335ef9a68e6c9a23e843542,VALID
3325,W03508T.mp4,C:\Users\Admin\Python Advanced\Deep Learning - CV\Project\data\Dataset\Videos\W03508T.mp4,0.507,tờ báo,tờ báo,T (Miền Trung / Central),unknown,123,29.97,1280,720,31f0a13f32fac58fbd29953fca3cd2d4,VALID
3326,W03509B.mp4,C:\Users\Admin\Python Advanced\Deep Learning - CV\Project\data\Dataset\Videos\W03509B.mp4,0.746,tờ giấy,tờ giấy,B (Miền Bắc / North),unknown,128,29.97,1280,720,df8a616523947aac0161053a61fe409f,VALID
3327,W03509N.mp4,C:\Users\Admin\Python Advanced\Deep Learning - CV\Project\data\Dataset\Videos\W03509N.mp4,0.614,tờ giấy,tờ giấy,N (Miền Nam / South),unknown,132,29.97,1280,720,42de31d30c1257e0dd31d711b5bf5d88,VALID
3328,W03509T.mp4,C:\Users\Admin\Python Advanced\Deep Learning - CV\Project\data\Dataset\Videos\W03509T.mp4,0.615,tờ giấy,tờ giấy,T (Miền Trung / Central),unknown,132,29.97,1280,720,2d75d5f49805b3f988caf4a1ac3ceab5,VALID
3329,W03512.mp4,C:\Users\Admin\Python Advanced\Deep Learning - CV\Project\data\Dataset\Videos\W03512.mp4,0.536,tờ tiền,tờ tiền,Neutral / Unspecified,unknown,131,29.97,1280,720,918be3e454b409f51b09162a5b1085f2,VALID
3330,W03513.mp4,C:\Users\Admin\Python Advanced\Deep Learning - CV\Project\data\Dataset\Videos\W03513.mp4,0.471,Trà Vinh,trà vinh,Neutral / Unspecified,unknown,117,29.97,1280,720,cbf6db146e94095c193d14f816565863,VALID
3331,W03514.mp4,C:\Users\Admin\Python Advanced\Deep Learning - CV\Project\data\Dataset\Videos\W03514.mp4,0.606,trách mắng,trách mắng,Neutral / Unspecified,unknown,107,29.97,1280,720,4c74128253d5b1d42fd54ba6773b1ba5,VALID
3332,W03519.mp4,C:\Users\Admin\Python Advanced\Deep Learning - CV\Project\data\Dataset\Videos\W03519.mp4,1.065,trang trí,trang trí,Neutral / Unspecified,unknown,165,29.97,1280,720,c2783d9b5540effd5867f9667a0a8afe,VALID
3333,W03524.mp4,C:\Users\Admin\Python Advanced\Deep Learning - CV\Project\data\Dataset\Videos\W03524.mp4,0.729,trà,trà,Neutral / Unspecified,unknown,128,29.97,1280,720,1ccb02a2b0c33281fd14ef51f23e5445,VALID
3334,W03525.mp4,C:\Users\Admin\Python Advanced\Deep Learning - CV\Project\data\Dataset\Videos\W03525.mp4,0.415,trả (đt),trả (đt),Neutral / Unspecified,unknown,91,29.97,1280,720,e1389aee83c88a154d242133f4f56b48,VALID
3335,W03526.mp4,C:\Users\Admin\Python Advanced\Deep Learning - CV\Project\data\Dataset\Videos\W03526.mp4,0.517,trả lời,trả lời,Neutral / Unspecified,unknown,125,29.97,1280,720,9ce83ce6b879cc786520bf7f377f3f46,VALID
3336,W03528.mp4,C:\Users\Admin\Python Advanced\Deep Learning - CV\Project\data\Dataset\Videos\W03528.mp4,0.718,trách nhiệm,trách nhiệm,Neutral / Unspecified,unknown,154,29.97,1280,720,9cb7df907df36dc54f688c336e92312f,VALID
3337,W03531N.mp4,C:\Users\Admin\Python Advanced\Deep Learning - CV\Project\data\Dataset\Videos\W03531N.mp4,0.556,trái nghĩa,trái nghĩa,N (Miền Nam / South),unknown,115,29.97,1280,720,5e30dc7397896bcf6f57fd3fda97444b,VALID
3338,W03531T.mp4,C:\Users\Admin\Python Advanced\Deep Learning - CV\Project\data\Dataset\Videos\W03531T.mp4,0.558,trái nghĩa,trái nghĩa,T (Miền Trung / Central),unknown,115,29.97,1280,720,5629d4be21e936662863f8881d469c21,VALID
3339,W03534.mp4,C:\Users\Admin\Python Advanced\Deep Learning - CV\Project\data\Dataset\Videos\W03534.mp4,0.684,trạm xe buýt,trạm xe buýt,Neutral / Unspecified,unknown,152,29.97,1280,720,f81ebc7c7c7aba43bf589b145905bc02,VALID
3340,W03535.mp4,C:\Users\Admin\Python Advanced\Deep Learning - CV\Project\data\Dataset\Videos\W03535.mp4,0.57,trạm y tế,trạm y tế,Neutral / Unspecified,unknown,136,29.97,1280,720,53f57f078452a012f925dc2eff74a246,VALID
3341,W03536.mp4,C:\Users\Admin\Python Advanced\Deep Learning - CV\Project\data\Dataset\Videos\W03536.mp4,0.483,tràn ngập (nước),tràn ngập (nước),Neutral / Unspecified,unknown,107,29.97,1280,720,cc77aae3bd58554aeed90a60d676934e,VALID
3342,W03537.mp4,C:\Users\Admin\Python Advanced\Deep Learning - CV\Project\data\Dataset\Videos\W03537.mp4,0.663,trang phục,trang phục,Neutral / Unspecified,unknown,152,29.97,1280,720,ba45f42a059ecb5667222b6bf3cc54ce,VALID
3343,W03543.mp4,C:\Users\Admin\Python Advanced\Deep Learning - CV\Project\data\Dataset\Videos\W03543.mp4,0.434,tai nạn giao thông,tai nạn giao thông,Neutral / Unspecified,unknown,85,29.97,1280,720,4df8d63fdcc418cd0cae9e21fb499c7a,VALID
3344,W03544.mp4,C:\Users\Admin\Python Advanced\Deep Learning - CV\Project\data\Dataset\Videos\W03544.mp4,0.697,tránh thai,tránh thai,Neutral / Unspecified,unknown,131,29.97,1280,720,d91c6fe1a1edc2e8d619a30100325227,VALID
3345,W03545.mp4,C:\Users\Admin\Python Advanced\Deep Learning - CV\Project\data\Dataset\Videos\W03545.mp4,0.631,trao tặng,trao tặng,Neutral / Unspecified,unknown,144,29.97,1280,720,c3172331dfec0f25273e0e6e8e9913ac,VALID
3346,W03550B.mp4,C:\Users\Admin\Python Advanced\Deep Learning - CV\Project\data\Dataset\Videos\W03550B.mp4,0.606,trăng,trăng,B (Miền Bắc / North),unknown,140,29.97,1280,720,ca448c983952a54ce05878a56cd5a4df,VALID
3347,W03550T.mp4,C:\Users\Admin\Python Advanced\Deep Learning - CV\Project\data\Dataset\Videos\W03550T.mp4,1.228,trăng,trăng,T (Miền Trung / Central),unknown,222,29.97,1280,720,13038284c3fdb63381ca06d7cc605267,VALID
3348,W03552B.mp4,C:\Users\Admin\Python Advanced\Deep Learning - CV\Project\data\Dataset\Videos\W03552B.mp4,0.533,trắng muốt,trắng muốt,B (Miền Bắc / North),unknown,104,29.97,1280,720,c23a35169b933a903e0368111b059b6c,VALID
3349,W03552N.mp4,C:\Users\Admin\Python Advanced\Deep Learning - CV\Project\data\Dataset\Videos\W03552N.mp4,0.506,trắng muốt,trắng muốt,N (Miền Nam / South),unknown,121,29.97,1280,720,05bdd6e40ac9594a06afce65e286c1df,VALID
3350,W03552T.mp4,C:\Users\Admin\Python Advanced\Deep Learning - CV\Project\data\Dataset\Videos\W03552T.mp4,0.508,trắng muốt,trắng muốt,T (Miền Trung / Central),unknown,121,29.97,1280,720,8eb8e92df2a9c3dbac4511c5d9fcb0a9,VALID
3351,W03554.mp4,C:\Users\Admin\Python Advanced\Deep Learning - CV\Project\data\Dataset\Videos\W03554.mp4,0.48,trầm trồ,trầm trồ,Neutral / Unspecified,unknown,83,29.97,1280,720,4ebea402eb064e2a9179aa7bd29dc5dc,VALID
3352,W03562.mp4,C:\Users\Admin\Python Advanced\Deep Learning - CV\Project\data\Dataset\Videos\W03562.mp4,0.532,trần nhà,trần nhà,Neutral / Unspecified,unknown,110,29.97,1280,720,27b424ed34ec344e6e6402d5a90af738,VALID
3353,W03568.mp4,C:\Users\Admin\Python Advanced\Deep Learning - CV\Project\data\Dataset\Videos\W03568.mp4,0.418,tự (tự làm),tự (tự làm),Neutral / Unspecified,unknown,91,29.97,1280,720,8e1034a276dae64ada4313f7f459096c,VALID
3354,W03571B.mp4,C:\Users\Admin\Python Advanced\Deep Learning - CV\Project\data\Dataset\Videos\W03571B.mp4,0.756,tre,tre,B (Miền Bắc / North),unknown,141,29.97,1280,720,f6fc037e07ea8e01bfcf27c13aa0c3d0,VALID
3355,W03571N.mp4,C:\Users\Admin\Python Advanced\Deep Learning - CV\Project\data\Dataset\Videos\W03571N.mp4,0.416,tre,tre,N (Miền Nam / South),unknown,99,29.97,1280,720,c469b3f3aba46a93cc5ebcd5ecd5d104,VALID
3356,W03573.mp4,C:\Users\Admin\Python Advanced\Deep Learning - CV\Project\data\Dataset\Videos\W03573.mp4,0.816,trêu,trêu,Neutral / Unspecified,unknown,155,29.97,1280,720,37b09a0e02e0be686355dc369a468572,VALID
3357,W03576.mp4,C:\Users\Admin\Python Advanced\Deep Learning - CV\Project\data\Dataset\Videos\W03576.mp4,0.445,trí khôn,trí khôn,Neutral / Unspecified,unknown,118,29.97,1280,720,6853dc1bebaeaf3d067bd7f252213153,VALID
3358,W03585.mp4,C:\Users\Admin\Python Advanced\Deep Learning - CV\Project\data\Dataset\Videos\W03585.mp4,0.727,triều cường,triều cường,Neutral / Unspecified,unknown,160,29.97,1280,720,8cd83f09796e6c63408a12b02cade456,VALID
3359,W03587.mp4,C:\Users\Admin\Python Advanced\Deep Learning - CV\Project\data\Dataset\Videos\W03587.mp4,0.533,triều đình,triều đình,Neutral / Unspecified,unknown,134,29.97,1280,720,e15ec26454f7dc0f0d96072bdbdfcc76,VALID
3360,W03594.mp4,C:\Users\Admin\Python Advanced\Deep Learning - CV\Project\data\Dataset\Videos\W03594.mp4,1.157,trình độ,trình độ,Neutral / Unspecified,unknown,247,29.97,1280,720,91a418fbd153641a48fed66311bbf216,VALID
3361,W03599.mp4,C:\Users\Admin\Python Advanced\Deep Learning - CV\Project\data\Dataset\Videos\W03599.mp4,0.612,trò chơi,trò chơi,Neutral / Unspecified,unknown,133,29.97,1280,720,53b27275d557d8ca59394847d0d40a98,VALID
3362,W03602N.mp4,C:\Users\Admin\Python Advanced\Deep Learning - CV\Project\data\Dataset\Videos\W03602N.mp4,0.707,trọc đầu,trọc đầu,N (Miền Nam / South),unknown,134,29.97,1280,720,071f0b0dfd19ab1df0c8eda0f68193aa,VALID
3363,W03602T.mp4,C:\Users\Admin\Python Advanced\Deep Learning - CV\Project\data\Dataset\Videos\W03602T.mp4,0.709,trọc đầu,trọc đầu,T (Miền Trung / Central),unknown,134,29.97,1280,720,0f5fe9402d9352187e8104e70bedfafe,VALID
3364,W03603.mp4,C:\Users\Admin\Python Advanced\Deep Learning - CV\Project\data\Dataset\Videos\W03603.mp4,0.663,trói tay,trói tay,Neutral / Unspecified,unknown,118,29.97,1280,720,910cdbd1e679d89f0dddc3b0de1bd6e8,VALID
3365,W03605.mp4,C:\Users\Admin\Python Advanced\Deep Learning - CV\Project\data\Dataset\Videos\W03605.mp4,0.779,tròn trịa (mặt),tròn trịa (mặt),Neutral / Unspecified,unknown,138,29.97,1280,720,dcc82f937417855d610c24ff200dda04,VALID
3366,W03606.mp4,C:\Users\Admin\Python Advanced\Deep Learning - CV\Project\data\Dataset\Videos\W03606.mp4,0.507,trong sáng,trong sáng,Neutral / Unspecified,unknown,114,29.97,1280,720,f72098de0e1de423f2f73263d9dd6fa7,VALID
3367,W03607.mp4,C:\Users\Admin\Python Advanced\Deep Learning - CV\Project\data\Dataset\Videos\W03607.mp4,1.581,tròn,tròn,Neutral / Unspecified,unknown,270,29.97,1280,720,f6bcf2b77453fe28ed0ef7f6b9858b00,VALID
3368,W03611B.mp4,C:\Users\Admin\Python Advanced\Deep Learning - CV\Project\data\Dataset\Videos\W03611B.mp4,0.652,trong ngoài,trong ngoài,B (Miền Bắc / North),unknown,125,29.97,1280,720,ea19d2cf3e98eeb15a4838873bd973e6,VALID
3369,W03611N.mp4,C:\Users\Admin\Python Advanced\Deep Learning - CV\Project\data\Dataset\Videos\W03611N.mp4,1.658,trong ngoài,trong ngoài,N (Miền Nam / South),unknown,279,29.97,1280,720,1de89ae4650c5f897784e8a43c208f15,VALID
3370,W03611T.mp4,C:\Users\Admin\Python Advanced\Deep Learning - CV\Project\data\Dataset\Videos\W03611T.mp4,1.656,trong ngoài,trong ngoài,T (Miền Trung / Central),unknown,279,29.97,1280,720,9d77f522417533f10827c11c0bc88cfd,VALID
3371,W03612.mp4,C:\Users\Admin\Python Advanced\Deep Learning - CV\Project\data\Dataset\Videos\W03612.mp4,1.604,trong suốt,trong suốt,Neutral / Unspecified,unknown,266,29.97,1280,720,80fe885bf366268e5351a35765e78a15,VALID
3372,W03614.mp4,C:\Users\Admin\Python Advanced\Deep Learning - CV\Project\data\Dataset\Videos\W03614.mp4,0.579,trọng tài,trọng tài,Neutral / Unspecified,unknown,142,29.97,1280,720,1bf9f3220581b261650711f03eb6e746,VALID
3373,W03615.mp4,C:\Users\Admin\Python Advanced\Deep Learning - CV\Project\data\Dataset\Videos\W03615.mp4,0.69,xe tải,xe tải,Neutral / Unspecified,unknown,131,29.97,1280,720,afd7492935c80c68955c3d2e983ff7f9,VALID
3374,W03619B.mp4,C:\Users\Admin\Python Advanced\Deep Learning - CV\Project\data\Dataset\Videos\W03619B.mp4,0.724,trốn chạy,trốn chạy,B (Miền Bắc / North),unknown,136,29.97,1280,720,d301d9b166f595ce4738f9313ad3d54b,VALID
3375,W03619N.mp4,C:\Users\Admin\Python Advanced\Deep Learning - CV\Project\data\Dataset\Videos\W03619N.mp4,1.447,trốn chạy,trốn chạy,N (Miền Nam / South),unknown,250,29.97,1280,720,18bfab9e9e2a7de96e784e65e3943b18,VALID
3376,W03619T.mp4,C:\Users\Admin\Python Advanced\Deep Learning - CV\Project\data\Dataset\Videos\W03619T.mp4,1.434,trốn chạy,trốn chạy,T (Miền Trung / Central),unknown,250,29.97,1280,720,7cbf3c9e4cfcc0b862e95b3a60852f3e,VALID
3377,W03620B.mp4,C:\Users\Admin\Python Advanced\Deep Learning - CV\Project\data\Dataset\Videos\W03620B.mp4,0.715,trông chờ,trông chờ,B (Miền Bắc / North),unknown,132,29.97,1280,720,8a6a19096023c77657871f351289a51b,VALID
3378,W03620N.mp4,C:\Users\Admin\Python Advanced\Deep Learning - CV\Project\data\Dataset\Videos\W03620N.mp4,0.898,trông chờ,trông chờ,N (Miền Nam / South),unknown,145,29.97,1280,720,28ca7c585adace9e70c1365117081ca6,VALID
3379,W03620T.mp4,C:\Users\Admin\Python Advanced\Deep Learning - CV\Project\data\Dataset\Videos\W03620T.mp4,0.892,trông chờ,trông chờ,T (Miền Trung / Central),unknown,145,29.97,1280,720,2e2ecc594a5cb587040d080c4309da26,VALID
3380,W03621.mp4,C:\Users\Admin\Python Advanced\Deep Learning - CV\Project\data\Dataset\Videos\W03621.mp4,0.603,trông coi,trông coi,Neutral / Unspecified,unknown,122,29.97,1280,720,80ab32c3275c57a7c3e7ba817ebb1581,VALID
3381,W03622B.mp4,C:\Users\Admin\Python Advanced\Deep Learning - CV\Project\data\Dataset\Videos\W03622B.mp4,0.695,trông nom,trông nom,B (Miền Bắc / North),unknown,133,29.97,1280,720,8999a043d5f8c84afcd2dd23e640136f,VALID
3382,W03622N.mp4,C:\Users\Admin\Python Advanced\Deep Learning - CV\Project\data\Dataset\Videos\W03622N.mp4,0.492,trông nom,trông nom,N (Miền Nam / South),unknown,119,29.97,1280,720,774601a2cbd9caf90315411da28ec8fc,VALID
3383,W03622T.mp4,C:\Users\Admin\Python Advanced\Deep Learning - CV\Project\data\Dataset\Videos\W03622T.mp4,0.493,trông nom,trông nom,T (Miền Trung / Central),unknown,119,29.97,1280,720,d47c3a3a6735d1f00e8268e3677d85ec,VALID
3384,W03624.mp4,C:\Users\Admin\Python Advanced\Deep Learning - CV\Project\data\Dataset\Videos\W03624.mp4,1.113,trống,trống,Neutral / Unspecified,unknown,163,29.97,1280,720,233233b8e20fb33229b15585e4d0a8a8,VALID
3385,W03626.mp4,C:\Users\Admin\Python Advanced\Deep Learning - CV\Project\data\Dataset\Videos\W03626.mp4,0.588,trộn (đt),trộn (đt),Neutral / Unspecified,unknown,121,29.97,1280,720,4bc7d078cff42f51857b6838b778c192,VALID
3386,W03629.mp4,C:\Users\Admin\Python Advanced\Deep Learning - CV\Project\data\Dataset\Videos\W03629.mp4,0.897,trở thành,trở thành,Neutral / Unspecified,unknown,164,29.97,1280,720,593662b16c63cb8fd1f88de552a127b7,VALID
3387,W03632.mp4,C:\Users\Admin\Python Advanced\Deep Learning - CV\Project\data\Dataset\Videos\W03632.mp4,0.842,trú mưa,trú mưa,Neutral / Unspecified,unknown,142,29.97,1280,720,d55e3c9ed76928402b074d2d4a0257e0,VALID
3388,W03634.mp4,C:\Users\Admin\Python Advanced\Deep Learning - CV\Project\data\Dataset\Videos\W03634.mp4,0.631,trục tung,trục tung,Neutral / Unspecified,unknown,117,29.97,1280,720,4663e491e858a1d6152fe36cf18ef5db,VALID
3389,W03635.mp4,C:\Users\Admin\Python Advanced\Deep Learning - CV\Project\data\Dataset\Videos\W03635.mp4,0.477,trục xuất,trục xuất,Neutral / Unspecified,unknown,111,29.97,1280,720,6d62583c7c54f198cc469656bc373cde,VALID
3390,W03636B.mp4,C:\Users\Admin\Python Advanced\Deep Learning - CV\Project\data\Dataset\Videos\W03636B.mp4,0.582,trụi lá,trụi lá,B (Miền Bắc / North),unknown,118,29.97,1280,720,8d13164cc958ce75b757f4744c99e1d0,VALID
3391,W03636N.mp4,C:\Users\Admin\Python Advanced\Deep Learning - CV\Project\data\Dataset\Videos\W03636N.mp4,1.514,trụi lá,trụi lá,N (Miền Nam / South),unknown,214,29.97,1280,720,782b345e689e130063056a703ef10feb,VALID
3392,W03637.mp4,C:\Users\Admin\Python Advanced\Deep Learning - CV\Project\data\Dataset\Videos\W03637.mp4,0.859,trùm chăn,trùm chăn,Neutral / Unspecified,unknown,131,29.97,1280,720,fe9e424a47ff5c09003bf69db0904769,VALID
3393,W03638.mp4,C:\Users\Admin\Python Advanced\Deep Learning - CV\Project\data\Dataset\Videos\W03638.mp4,0.529,trung bình,trung bình,Neutral / Unspecified,unknown,128,29.97,1280,720,2d67730b3b33f093623313264b1af9e1,VALID
3394,W03641.mp4,C:\Users\Admin\Python Advanced\Deep Learning - CV\Project\data\Dataset\Videos\W03641.mp4,0.512,trung điểm,trung điểm,Neutral / Unspecified,unknown,103,29.97,1280,720,3eabd7fedff84068f54615a3a2824283,VALID
3395,W03642B.mp4,C:\Users\Admin\Python Advanced\Deep Learning - CV\Project\data\Dataset\Videos\W03642B.mp4,0.535,Trung Quốc (nước Trung Quốc),trung quốc (nước trung quốc),B (Miền Bắc / North),unknown,109,29.97,1280,720,3a02c5f9174a14ef4ee9c5211d0d8393,VALID
3396,W03642T.mp4,C:\Users\Admin\Python Advanced\Deep Learning - CV\Project\data\Dataset\Videos\W03642T.mp4,0.528,Trung Quốc (nước Trung Quốc),trung quốc (nước trung quốc),T (Miền Trung / Central),unknown,109,29.97,1280,720,9dcf89ec3e7228eb7791d64b53a2ee9e,VALID
3397,W03643.mp4,C:\Users\Admin\Python Advanced\Deep Learning - CV\Project\data\Dataset\Videos\W03643.mp4,0.778,trung tâm,trung tâm,Neutral / Unspecified,unknown,154,29.97,1280,720,bea85bba11f16730e1b6466f5e36913f,VALID
3398,W03644.mp4,C:\Users\Admin\Python Advanced\Deep Learning - CV\Project\data\Dataset\Videos\W03644.mp4,1.24,trung thành,trung thành,Neutral / Unspecified,unknown,245,29.97,1280,720,90dd1c42a1dc77374ade31cf550860e3,VALID
3399,W03645T.mp4,C:\Users\Admin\Python Advanced\Deep Learning - CV\Project\data\Dataset\Videos\W03645T.mp4,1.719,Trung Thu,trung thu,T (Miền Trung / Central),unknown,288,29.97,1280,720,9a99471d82cd942d3d1f3a9de0f93abd,VALID
3400,W03646.mp4,C:\Users\Admin\Python Advanced\Deep Learning - CV\Project\data\Dataset\Videos\W03646.mp4,0.534,trung ương,trung ương,Neutral / Unspecified,unknown,127,29.97,1280,720,4110abe5ae51a66950a4f9cc253a1a14,VALID
3401,W03648.mp4,C:\Users\Admin\Python Advanced\Deep Learning - CV\Project\data\Dataset\Videos\W03648.mp4,0.39,trúng thưởng,trúng thưởng,Neutral / Unspecified,unknown,90,29.97,1280,720,bd10074ebfa6d6fb27c814f7707386be,VALID
3402,W03649B.mp4,C:\Users\Admin\Python Advanced\Deep Learning - CV\Project\data\Dataset\Videos\W03649B.mp4,0.723,trúng tuyển,trúng tuyển,B (Miền Bắc / North),unknown,144,29.97,1280,720,2c76f33fb713d6aa6927e9458fcf47fa,VALID
3403,W03649N.mp4,C:\Users\Admin\Python Advanced\Deep Learning - CV\Project\data\Dataset\Videos\W03649N.mp4,0.463,trúng tuyển,trúng tuyển,N (Miền Nam / South),unknown,117,29.97,1280,720,228d0a65a3f031bec76ccf4348f5036d,VALID
3404,W03650.mp4,C:\Users\Admin\Python Advanced\Deep Learning - CV\Project\data\Dataset\Videos\W03650.mp4,0.942,truyền dịch,truyền dịch,Neutral / Unspecified,unknown,152,29.97,1280,720,741898269a2566fa9fc63b16a988a278,VALID
3405,W03653.mp4,C:\Users\Admin\Python Advanced\Deep Learning - CV\Project\data\Dataset\Videos\W03653.mp4,0.657,truyền thông,truyền thông,Neutral / Unspecified,unknown,133,29.97,1280,720,3dccc1e41579503abe386871fec44801,VALID
3406,W03654.mp4,C:\Users\Admin\Python Advanced\Deep Learning - CV\Project\data\Dataset\Videos\W03654.mp4,0.81,truyền thống,truyền thống,Neutral / Unspecified,unknown,154,29.97,1280,720,31d961265c17f08aaf7f4cabfcd934c0,VALID
3407,W03657.mp4,C:\Users\Admin\Python Advanced\Deep Learning - CV\Project\data\Dataset\Videos\W03657.mp4,0.576,trực nhật,trực nhật,Neutral / Unspecified,unknown,129,29.97,1280,720,d492ce1149bd9b4260de79c3ed67f183,VALID
3408,W03659B.mp4,C:\Users\Admin\Python Advanced\Deep Learning - CV\Project\data\Dataset\Videos\W03659B.mp4,0.551,trứng,trứng,B (Miền Bắc / North),unknown,119,29.97,1280,720,27f3a787f8cd72c4f0bdb041cd74892a,VALID
3409,W03659N.mp4,C:\Users\Admin\Python Advanced\Deep Learning - CV\Project\data\Dataset\Videos\W03659N.mp4,0.62,trứng,trứng,N (Miền Nam / South),unknown,116,29.97,1280,720,1bc55bbae1338af5ebd89826027a3a21,VALID
3410,W03663T.mp4,C:\Users\Admin\Python Advanced\Deep Learning - CV\Project\data\Dataset\Videos\W03663T.mp4,0.632,trường tiểu học,trường tiểu học,T (Miền Trung / Central),unknown,130,29.97,1280,720,8befc4fd3b477a43ddaae9eb4b739080,VALID
3411,W03665.mp4,C:\Users\Admin\Python Advanced\Deep Learning - CV\Project\data\Dataset\Videos\W03665.mp4,0.579,trực tiếp,trực tiếp,Neutral / Unspecified,unknown,133,29.97,1280,720,0508a56ba8f57a6bdfda7462e9c75492,VALID
3412,W03669B.mp4,C:\Users\Admin\Python Advanced\Deep Learning - CV\Project\data\Dataset\Videos\W03669B.mp4,0.564,trước,trước,B (Miền Bắc / North),unknown,118,29.97,1280,720,254d13425a1d1fe24d584cf7ec783078,VALID
3413,W03669N.mp4,C:\Users\Admin\Python Advanced\Deep Learning - CV\Project\data\Dataset\Videos\W03669N.mp4,0.655,trước,trước,N (Miền Nam / South),unknown,141,29.97,1280,720,3b1a5d368154620ea03bec093265779b,VALID
3414,W03669T.mp4,C:\Users\Admin\Python Advanced\Deep Learning - CV\Project\data\Dataset\Videos\W03669T.mp4,0.564,trước,trước,T (Miền Trung / Central),unknown,118,29.97,1280,720,9b1673cd211777191a4a38263b01f4e8,VALID
3415,W03672.mp4,C:\Users\Admin\Python Advanced\Deep Learning - CV\Project\data\Dataset\Videos\W03672.mp4,1.329,trường hợp,trường hợp,Neutral / Unspecified,unknown,257,29.97,1280,720,910f2775ea9f5f6688b8e40fd829b823,VALID
3416,W03673B.mp4,C:\Users\Admin\Python Advanced\Deep Learning - CV\Project\data\Dataset\Videos\W03673B.mp4,0.975,trường mầm non,trường mầm non,B (Miền Bắc / North),unknown,159,29.97,1280,720,11997b7f0f66c034467f58e5160ef182,VALID
3417,W03673N.mp4,C:\Users\Admin\Python Advanced\Deep Learning - CV\Project\data\Dataset\Videos\W03673N.mp4,0.764,trường mầm non,trường mầm non,N (Miền Nam / South),unknown,139,29.97,1280,720,67d6883e41a7a485db5226b2768bafde,VALID
3418,W03674B.mp4,C:\Users\Admin\Python Advanced\Deep Learning - CV\Project\data\Dataset\Videos\W03674B.mp4,0.882,trường PTCS (cấp 2),trường ptcs (cấp 2),B (Miền Bắc / North),unknown,157,29.97,1280,720,0d94fe627cb27efe02521c9a0c86e6ed,VALID
3419,W03674N.mp4,C:\Users\Admin\Python Advanced\Deep Learning - CV\Project\data\Dataset\Videos\W03674N.mp4,0.693,trường PTCS (cấp 2),trường ptcs (cấp 2),N (Miền Nam / South),unknown,137,29.97,1280,720,304cedb45084d0bdb902d5b7a60c7bee,VALID
3420,W03674T.mp4,C:\Users\Admin\Python Advanced\Deep Learning - CV\Project\data\Dataset\Videos\W03674T.mp4,0.689,trường PTCS (cấp 2),trường ptcs (cấp 2),T (Miền Trung / Central),unknown,137,29.97,1280,720,28b59c7ebbc62261bca0c5c7feaf030b,VALID
3421,W03675B.mp4,C:\Users\Admin\Python Advanced\Deep Learning - CV\Project\data\Dataset\Videos\W03675B.mp4,0.628,trường THPT ( cấp 3),trường thpt ( cấp 3),B (Miền Bắc / North),unknown,116,29.97,1280,720,c472d7e1bc8a5d5ddfe9e310ac3937eb,VALID
3422,W03675N.mp4,C:\Users\Admin\Python Advanced\Deep Learning - CV\Project\data\Dataset\Videos\W03675N.mp4,0.652,trường THPT ( cấp 3),trường thpt ( cấp 3),N (Miền Nam / South),unknown,129,29.97,1280,720,6a04359f1724b2669b50bd3b9f38079c,VALID
3423,W03675T.mp4,C:\Users\Admin\Python Advanced\Deep Learning - CV\Project\data\Dataset\Videos\W03675T.mp4,0.648,trường THPT ( cấp 3),trường thpt ( cấp 3),T (Miền Trung / Central),unknown,129,29.97,1280,720,ade0d45b80439c7c5b30bda30ad18608,VALID
3424,W03676.mp4,C:\Users\Admin\Python Advanced\Deep Learning - CV\Project\data\Dataset\Videos\W03676.mp4,0.717,trưởng nhóm,trưởng nhóm,Neutral / Unspecified,unknown,126,29.97,1280,720,29b3f77cd3e42307f879c0c4b1c54e07,VALID
3425,W03678.mp4,C:\Users\Admin\Python Advanced\Deep Learning - CV\Project\data\Dataset\Videos\W03678.mp4,0.667,tù giam,tù giam,Neutral / Unspecified,unknown,142,29.97,1280,720,2344faac1b880f2829c93ac25154e7b8,VALID
3426,W03682.mp4,C:\Users\Admin\Python Advanced\Deep Learning - CV\Project\data\Dataset\Videos\W03682.mp4,0.607,tụ tập,tụ tập,Neutral / Unspecified,unknown,121,29.97,1280,720,607d112794d3accebb7af86c728e6e8e,VALID
3427,W03684.mp4,C:\Users\Admin\Python Advanced\Deep Learning - CV\Project\data\Dataset\Videos\W03684.mp4,0.705,tuân thủ,tuân thủ,Neutral / Unspecified,unknown,123,29.97,1280,720,d631c7bcd251f991e6f0154da9bb3f8b,VALID
3428,W03685B.mp4,C:\Users\Admin\Python Advanced\Deep Learning - CV\Project\data\Dataset\Videos\W03685B.mp4,0.436,tuần,tuần,B (Miền Bắc / North),unknown,121,29.97,1280,720,e50ff1733ab7343a7def88f9fc70c5cc,VALID
3429,W03685N.mp4,C:\Users\Admin\Python Advanced\Deep Learning - CV\Project\data\Dataset\Videos\W03685N.mp4,0.525,tuần,tuần,N (Miền Nam / South),unknown,121,29.97,1280,720,c1de69ebb00baf992d6b1d7f608bf2b0,VALID
3430,W03685T.mp4,C:\Users\Admin\Python Advanced\Deep Learning - CV\Project\data\Dataset\Videos\W03685T.mp4,0.372,tuần,tuần,T (Miền Trung / Central),unknown,94,29.97,1280,720,65801ef5dc06baf535509fecab80f370,VALID
3431,W03689.mp4,C:\Users\Admin\Python Advanced\Deep Learning - CV\Project\data\Dataset\Videos\W03689.mp4,0.725,tủi thân,tủi thân,Neutral / Unspecified,unknown,140,29.97,1280,720,ec4ced6d696e797b016edafbb3f7cdaa,VALID
3432,W03692.mp4,C:\Users\Admin\Python Advanced\Deep Learning - CV\Project\data\Dataset\Videos\W03692.mp4,0.728,túm tóc,túm tóc,Neutral / Unspecified,unknown,122,29.97,1280,720,50a9b054ef962bd5f88a71f814dba58b,VALID
3433,W03696.mp4,C:\Users\Admin\Python Advanced\Deep Learning - CV\Project\data\Dataset\Videos\W03696.mp4,0.646,tung tăng,tung tăng,Neutral / Unspecified,unknown,102,29.97,1280,720,6a4f6e7603bd5d956e7dc59c095cace2,VALID
3434,W03698.mp4,C:\Users\Admin\Python Advanced\Deep Learning - CV\Project\data\Dataset\Videos\W03698.mp4,0.678,tuổi thơ,tuổi thơ,Neutral / Unspecified,unknown,110,29.97,1280,720,21263f0358818f30ba0eeb2df9816d4a,VALID
3435,W03699.mp4,C:\Users\Admin\Python Advanced\Deep Learning - CV\Project\data\Dataset\Videos\W03699.mp4,0.833,tuốt lúa,tuốt lúa,Neutral / Unspecified,unknown,144,29.97,1280,720,bc04a170321c4d01f7d68f74aedff01f,VALID
3436,W03700.mp4,C:\Users\Admin\Python Advanced\Deep Learning - CV\Project\data\Dataset\Videos\W03700.mp4,0.733,tuỷ sống,tuỷ sống,Neutral / Unspecified,unknown,144,29.97,1280,720,7847e1d3ee55312e36ddebb1e69f00ad,VALID
3437,W03701.mp4,C:\Users\Admin\Python Advanced\Deep Learning - CV\Project\data\Dataset\Videos\W03701.mp4,0.749,tuyên bố,tuyên bố,Neutral / Unspecified,unknown,127,29.97,1280,720,3ec112d4d88244414f7a4144bdd1cf69,VALID
3438,W03702.mp4,C:\Users\Admin\Python Advanced\Deep Learning - CV\Project\data\Dataset\Videos\W03702.mp4,0.706,tuyên ngôn,tuyên ngôn,Neutral / Unspecified,unknown,125,29.97,1280,720,0d87b6af224faa4d6fcb741574774b56,VALID
3439,W03708.mp4,C:\Users\Admin\Python Advanced\Deep Learning - CV\Project\data\Dataset\Videos\W03708.mp4,0.825,tuyệt vọng,tuyệt vọng,Neutral / Unspecified,unknown,144,29.97,1280,720,4154771e5990e5182a985fadfa5c8551,VALID
3440,W03710.mp4,C:\Users\Admin\Python Advanced\Deep Learning - CV\Project\data\Dataset\Videos\W03710.mp4,0.934,từ bỏ,từ bỏ,Neutral / Unspecified,unknown,154,29.97,1280,720,d678918c2e1d22b8b623c0a061e71f89,VALID
3441,W03711.mp4,C:\Users\Admin\Python Advanced\Deep Learning - CV\Project\data\Dataset\Videos\W03711.mp4,0.569,từ đồng âm,từ đồng âm,Neutral / Unspecified,unknown,70,23.98,1280,720,884f44f314033e8c7dd7bc44160152df,VALID
3442,W03712.mp4,C:\Users\Admin\Python Advanced\Deep Learning - CV\Project\data\Dataset\Videos\W03712.mp4,0.572,từ ngữ,từ ngữ,Neutral / Unspecified,unknown,92,23.98,1280,720,5b3389b9cf7e80b7e395e14adef3922c,VALID
3443,W03713.mp4,C:\Users\Admin\Python Advanced\Deep Learning - CV\Project\data\Dataset\Videos\W03713.mp4,0.471,từ phải sang trái,từ phải sang trái,Neutral / Unspecified,unknown,71,23.98,1280,720,b06dd18e856a692195f0125caaccd84a,VALID
3444,W03714B.mp4,C:\Users\Admin\Python Advanced\Deep Learning - CV\Project\data\Dataset\Videos\W03714B.mp4,0.625,từ trái nghĩa,từ trái nghĩa,B (Miền Bắc / North),unknown,138,29.97,1280,720,8e16314214a94b8e243193a198b71d72,VALID
3445,W03714N.mp4,C:\Users\Admin\Python Advanced\Deep Learning - CV\Project\data\Dataset\Videos\W03714N.mp4,0.662,từ trái nghĩa,từ trái nghĩa,N (Miền Nam / South),unknown,129,29.97,1280,720,c60a823f2c2f55b229b03d6263d1b9b4,VALID
3446,W03714T.mp4,C:\Users\Admin\Python Advanced\Deep Learning - CV\Project\data\Dataset\Videos\W03714T.mp4,0.658,từ trái nghĩa,từ trái nghĩa,T (Miền Trung / Central),unknown,129,29.97,1280,720,da6efcd8d48a9ae7cc1ba297b1d2ada8,VALID
3447,W03715.mp4,C:\Users\Admin\Python Advanced\Deep Learning - CV\Project\data\Dataset\Videos\W03715.mp4,0.52,từ trái sang phải,từ trái sang phải,Neutral / Unspecified,unknown,76,23.98,1280,720,3e7573cd69440f0c33d7752b89004bdc,VALID
3448,W03717B.mp4,C:\Users\Admin\Python Advanced\Deep Learning - CV\Project\data\Dataset\Videos\W03717B.mp4,0.724,tự do,tự do,B (Miền Bắc / North),unknown,144,29.97,1280,720,66bb2950a341d0d6cd84c73e99ef2917,VALID
3449,W03717N.mp4,C:\Users\Admin\Python Advanced\Deep Learning - CV\Project\data\Dataset\Videos\W03717N.mp4,0.528,tự do,tự do,N (Miền Nam / South),unknown,110,29.97,1280,720,bfbba122c44f1821855735d80e4fed75,VALID
3450,W03717T.mp4,C:\Users\Admin\Python Advanced\Deep Learning - CV\Project\data\Dataset\Videos\W03717T.mp4,0.532,tự do,tự do,T (Miền Trung / Central),unknown,110,29.97,1280,720,240e77251995524115c919959a527ed9,VALID
3451,W03719N.mp4,C:\Users\Admin\Python Advanced\Deep Learning - CV\Project\data\Dataset\Videos\W03719N.mp4,0.684,tự lập,tự lập,N (Miền Nam / South),unknown,145,29.97,1280,720,c4c0b876e713c50aa256830c9528d713,VALID
3452,W03719T.mp4,C:\Users\Admin\Python Advanced\Deep Learning - CV\Project\data\Dataset\Videos\W03719T.mp4,0.476,tự lập,tự lập,T (Miền Trung / Central),unknown,110,29.97,1280,720,e4042177a121d6138132ae51dde8fe47,VALID
3453,W03720B.mp4,C:\Users\Admin\Python Advanced\Deep Learning - CV\Project\data\Dataset\Videos\W03720B.mp4,0.705,tự tin,tự tin,B (Miền Bắc / North),unknown,130,29.97,1280,720,182284a483d23e697993f0b2bc5b58f7,VALID
3454,W03720N.mp4,C:\Users\Admin\Python Advanced\Deep Learning - CV\Project\data\Dataset\Videos\W03720N.mp4,0.607,tự tin,tự tin,N (Miền Nam / South),unknown,135,29.97,1280,720,6543399064d4ee3637b19a270f371d00,VALID
3455,W03720T.mp4,C:\Users\Admin\Python Advanced\Deep Learning - CV\Project\data\Dataset\Videos\W03720T.mp4,0.601,tự tin,tự tin,T (Miền Trung / Central),unknown,135,29.97,1280,720,e15ac557778ca7114cd3c44764c7f08f,VALID
3456,W03722B.mp4,C:\Users\Admin\Python Advanced\Deep Learning - CV\Project\data\Dataset\Videos\W03722B.mp4,0.74,tự vệ,tự vệ,B (Miền Bắc / North),unknown,135,29.97,1280,720,e9290397f17302869a4c9daed6a26be6,VALID
3457,W03722N.mp4,C:\Users\Admin\Python Advanced\Deep Learning - CV\Project\data\Dataset\Videos\W03722N.mp4,0.882,tự vệ,tự vệ,N (Miền Nam / South),unknown,153,29.97,1280,720,b5c1bf1bdad6639233e3291aa3071319,VALID
3458,W03722T.mp4,C:\Users\Admin\Python Advanced\Deep Learning - CV\Project\data\Dataset\Videos\W03722T.mp4,0.682,tự vệ,tự vệ,T (Miền Trung / Central),unknown,132,29.97,1280,720,8ef8293d9722574dbf0922e2d4886313,VALID
3459,W03725.mp4,C:\Users\Admin\Python Advanced\Deep Learning - CV\Project\data\Dataset\Videos\W03725.mp4,0.745,tươi cười,tươi cười,Neutral / Unspecified,unknown,146,29.97,1280,720,a87d636f445ee18e9e2af41feda7099e,VALID
3460,W03727B.mp4,C:\Users\Admin\Python Advanced\Deep Learning - CV\Project\data\Dataset\Videos\W03727B.mp4,0.758,tưới cây,tưới cây,B (Miền Bắc / North),unknown,141,29.97,1280,720,f8098a5ac3858a6d188a3840636b8506,VALID
3461,W03727N.mp4,C:\Users\Admin\Python Advanced\Deep Learning - CV\Project\data\Dataset\Videos\W03727N.mp4,0.749,tưới cây,tưới cây,N (Miền Nam / South),unknown,148,29.97,1280,720,e2b9b472852e646e0b325c1cb4e1311c,VALID
3462,W03728.mp4,C:\Users\Admin\Python Advanced\Deep Learning - CV\Project\data\Dataset\Videos\W03728.mp4,0.515,nước tương (xì dầu),nước tương (xì dầu),Neutral / Unspecified,unknown,118,29.97,1280,720,96b05c21a70f4027aa32edbd30fb3e40,VALID
3463,W03730.mp4,C:\Users\Admin\Python Advanced\Deep Learning - CV\Project\data\Dataset\Videos\W03730.mp4,0.534,tưởng,tưởng,Neutral / Unspecified,unknown,122,29.97,1280,720,a1d9b3942e32f49c5cfa23abb34d29af,VALID
3464,W03732.mp4,C:\Users\Admin\Python Advanced\Deep Learning - CV\Project\data\Dataset\Videos\W03732.mp4,0.694,tưởng tượng,tưởng tượng,Neutral / Unspecified,unknown,148,29.97,1280,720,d3ed9c4fa0598aa45d1ed848d2844f72,VALID
3465,W03734.mp4,C:\Users\Admin\Python Advanced\Deep Learning - CV\Project\data\Dataset\Videos\W03734.mp4,0.65,tượng,tượng,Neutral / Unspecified,unknown,141,29.97,1280,720,40ecfc26c8a751a0dc7d1bf2ad9dbb41,VALID
3466,W03735.mp4,C:\Users\Admin\Python Advanced\Deep Learning - CV\Project\data\Dataset\Videos\W03735.mp4,0.86,tượng đài,tượng đài,Neutral / Unspecified,unknown,151,29.97,1280,720,a4945c077c03abd7531e3de88c2d56b4,VALID
3467,W03738.mp4,C:\Users\Admin\Python Advanced\Deep Learning - CV\Project\data\Dataset\Videos\W03738.mp4,0.935,u ám ( trời u ám),u ám ( trời u ám),Neutral / Unspecified,unknown,145,29.97,1280,720,d2b04e5db607a30fd28b0883c28362e9,VALID
3468,W03740.mp4,C:\Users\Admin\Python Advanced\Deep Learning - CV\Project\data\Dataset\Videos\W03740.mp4,1.157,ung dung,ung dung,Neutral / Unspecified,unknown,248,29.97,1280,720,d49b8e550606688e9fd4cca0a501f825,VALID
3469,W03741.mp4,C:\Users\Admin\Python Advanced\Deep Learning - CV\Project\data\Dataset\Videos\W03741.mp4,0.637,ủng,ủng,Neutral / Unspecified,unknown,139,29.97,1280,720,b444cda4612fc84fa96c887507b35490,VALID
3470,W03742.mp4,C:\Users\Admin\Python Advanced\Deep Learning - CV\Project\data\Dataset\Videos\W03742.mp4,0.585,ủng hộ,ủng hộ,Neutral / Unspecified,unknown,115,29.97,1280,720,a4c68d11135c21c368c268bab843d8e2,VALID
3471,W03744.mp4,C:\Users\Admin\Python Advanced\Deep Learning - CV\Project\data\Dataset\Videos\W03744.mp4,0.749,UNICEF,unicef,Neutral / Unspecified,unknown,119,29.97,1280,720,7ab21fc31222fc02465a01c74fdef45d,VALID
3472,W03745.mp4,C:\Users\Admin\Python Advanced\Deep Learning - CV\Project\data\Dataset\Videos\W03745.mp4,0.287,uốn,uốn,Neutral / Unspecified,unknown,79,29.97,1280,720,dab967b916f68cea1ff220a23f8bff31,VALID
3473,W03746.mp4,C:\Users\Admin\Python Advanced\Deep Learning - CV\Project\data\Dataset\Videos\W03746.mp4,0.495,uốn cong,uốn cong,Neutral / Unspecified,unknown,114,29.97,1280,720,844d0bd9ca85c314ecc7cef138c70efa,VALID
3474,W03747.mp4,C:\Users\Admin\Python Advanced\Deep Learning - CV\Project\data\Dataset\Videos\W03747.mp4,0.965,uốn dẻo,uốn dẻo,Neutral / Unspecified,unknown,114,23.98,1280,720,590c35518b0d7d6d258a250fa27d9c8d,VALID
3475,W03748.mp4,C:\Users\Admin\Python Advanced\Deep Learning - CV\Project\data\Dataset\Videos\W03748.mp4,0.601,uốn tóc,uốn tóc,Neutral / Unspecified,unknown,107,29.97,1280,720,f14142b621ba9c47897cfc14cf6fe93f,VALID
3476,W03749.mp4,C:\Users\Admin\Python Advanced\Deep Learning - CV\Project\data\Dataset\Videos\W03749.mp4,0.502,úp,úp,Neutral / Unspecified,unknown,110,29.97,1280,720,2763d43c2a145e781b00b10b1b8db9fa,VALID
3477,W03750.mp4,C:\Users\Admin\Python Advanced\Deep Learning - CV\Project\data\Dataset\Videos\W03750.mp4,0.656,ủy ban,ủy ban,Neutral / Unspecified,unknown,146,29.97,1280,720,ff1535c94b641585bb49be32f860223f,VALID
3478,W037511.mp4,C:\Users\Admin\Python Advanced\Deep Learning - CV\Project\data\Dataset\Videos\W037511.mp4,0.561,ủy ban nhân dân,ủy ban nhân dân,Neutral / Unspecified,unknown,148,29.97,1280,720,55cfe3ba8d91c97020fa377b90b9f015,VALID
3479,W03751B.mp4,C:\Users\Admin\Python Advanced\Deep Learning - CV\Project\data\Dataset\Videos\W03751B.mp4,0.865,ủy quyền,ủy quyền,B (Miền Bắc / North),unknown,154,29.97,1280,720,830055cd6abb3f6d3d90b60cb2e861d0,VALID
3480,W03758B.mp4,C:\Users\Admin\Python Advanced\Deep Learning - CV\Project\data\Dataset\Videos\W03758B.mp4,0.708,ưu tiên,ưu tiên,B (Miền Bắc / North),unknown,136,29.97,1280,720,7dc1842b73b7b510ec10d0b62152f366,VALID
3481,W03758T.mp4,C:\Users\Admin\Python Advanced\Deep Learning - CV\Project\data\Dataset\Videos\W03758T.mp4,0.582,ưu tiên,ưu tiên,T (Miền Trung / Central),unknown,132,29.97,1280,720,318db634fe14afc99d9dd19b6f0c99f7,VALID
3482,W03759.mp4,C:\Users\Admin\Python Advanced\Deep Learning - CV\Project\data\Dataset\Videos\W03759.mp4,0.492,va chạm,va chạm,Neutral / Unspecified,unknown,61,23.98,1280,720,3074c4c3c44c6bd7dd42b1029b331002,VALID
3483,W03761.mp4,C:\Users\Admin\Python Advanced\Deep Learning - CV\Project\data\Dataset\Videos\W03761.mp4,1.34,va li,va li,Neutral / Unspecified,unknown,226,29.97,1280,720,3a920672778ede579ec9a1586c5eac05,VALID
3484,W03765.mp4,C:\Users\Admin\Python Advanced\Deep Learning - CV\Project\data\Dataset\Videos\W03765.mp4,0.796,vạch trần,vạch trần,Neutral / Unspecified,unknown,135,29.97,1280,720,c7822d385941677bc1a7bb5ce6f57559,VALID
3485,W03766.mp4,C:\Users\Admin\Python Advanced\Deep Learning - CV\Project\data\Dataset\Videos\W03766.mp4,1.157,vạch xuất phát,vạch xuất phát,Neutral / Unspecified,unknown,228,29.97,1280,720,0fbff1bcfe6c862054796c0a114926fc,VALID
3486,W03767.mp4,C:\Users\Admin\Python Advanced\Deep Learning - CV\Project\data\Dataset\Videos\W03767.mp4,0.828,vai,vai,Neutral / Unspecified,unknown,148,29.97,1280,720,df877f850eed40749a0dc4b0eee5e470,VALID
3487,W03768.mp4,C:\Users\Admin\Python Advanced\Deep Learning - CV\Project\data\Dataset\Videos\W03768.mp4,0.62,vai trò,vai trò,Neutral / Unspecified,unknown,135,29.97,1280,720,3aeaf679dd971e5457b0baebb260850b,VALID
3488,W03770.mp4,C:\Users\Admin\Python Advanced\Deep Learning - CV\Project\data\Dataset\Videos\W03770.mp4,0.759,vái lạy,vái lạy,Neutral / Unspecified,unknown,132,29.97,1280,720,715e929f8f9b05acdb74614973eec054,VALID
3489,W03771.mp4,C:\Users\Admin\Python Advanced\Deep Learning - CV\Project\data\Dataset\Videos\W03771.mp4,0.997,vái tứ phương,vái tứ phương,Neutral / Unspecified,unknown,152,29.97,1280,720,a3e208aebc9c3a0e99850424aef88be5,VALID
3490,W03773.mp4,C:\Users\Admin\Python Advanced\Deep Learning - CV\Project\data\Dataset\Videos\W03773.mp4,0.615,vạm vỡ,vạm vỡ,Neutral / Unspecified,unknown,123,29.97,1280,720,2a9d1f5f3b0b43c9ea6397ddfc2a8efd,VALID
3491,W03777.mp4,C:\Users\Admin\Python Advanced\Deep Learning - CV\Project\data\Dataset\Videos\W03777.mp4,0.487,vàng (kim loại),vàng (kim loại),Neutral / Unspecified,unknown,115,29.97,1280,720,92804b65ce797dbd4bc36590b94fca0f,VALID
3492,W03778.mp4,C:\Users\Admin\Python Advanced\Deep Learning - CV\Project\data\Dataset\Videos\W03778.mp4,0.533,vàng bạc,vàng bạc,Neutral / Unspecified,unknown,118,29.97,1280,720,e3cb4092ca649ee5ae482a5d25562a1e,VALID
3493,W03782.mp4,C:\Users\Admin\Python Advanced\Deep Learning - CV\Project\data\Dataset\Videos\W03782.mp4,0.843,vào mùa,vào mùa,Neutral / Unspecified,unknown,144,29.97,1280,720,65d5b920ffe789cd6a3c37988ad1410a,VALID
3494,W03784.mp4,C:\Users\Admin\Python Advanced\Deep Learning - CV\Project\data\Dataset\Videos\W03784.mp4,0.673,vá xe,vá xe,Neutral / Unspecified,unknown,144,29.97,1280,720,1cca5bd8330c2b8e839a7788c0386a4d,VALID
3495,W03786.mp4,C:\Users\Admin\Python Advanced\Deep Learning - CV\Project\data\Dataset\Videos\W03786.mp4,0.661,văn,văn,Neutral / Unspecified,unknown,141,29.97,1280,720,c4d6f750479fd7aaf30e12613776f394,VALID
3496,W03787.mp4,C:\Users\Admin\Python Advanced\Deep Learning - CV\Project\data\Dataset\Videos\W03787.mp4,0.498,văn bản,văn bản,Neutral / Unspecified,unknown,131,29.97,1280,720,3c7cf8f8065dbc2df4db7e2b75ba49c9,VALID
3497,W03791.mp4,C:\Users\Admin\Python Advanced\Deep Learning - CV\Project\data\Dataset\Videos\W03791.mp4,0.649,Văn miếu Quốc Tử Giám,văn miếu quốc tử giám,Neutral / Unspecified,unknown,154,29.97,1280,720,530f95f6dd183caf84d8d5140bc00b32,VALID
3498,W03793B.mp4,C:\Users\Admin\Python Advanced\Deep Learning - CV\Project\data\Dataset\Videos\W03793B.mp4,0.658,văn nghệ,văn nghệ,B (Miền Bắc / North),unknown,131,29.97,1280,720,d64060efd01b87e5e1dff9e81ee78d5f,VALID
3499,W03793N.mp4,C:\Users\Admin\Python Advanced\Deep Learning - CV\Project\data\Dataset\Videos\W03793N.mp4,0.722,văn nghệ,văn nghệ,N (Miền Nam / South),unknown,137,29.97,1280,720,88df2501590bcf447a152c986bcf3c1d,VALID
3500,W03793T.mp4,C:\Users\Admin\Python Advanced\Deep Learning - CV\Project\data\Dataset\Videos\W03793T.mp4,0.653,văn nghệ,văn nghệ,T (Miền Trung / Central),unknown,131,29.97,1280,720,921efee84e99c659f5adf86a580675f0,VALID
3501,W03794.mp4,C:\Users\Admin\Python Advanced\Deep Learning - CV\Project\data\Dataset\Videos\W03794.mp4,0.526,vắn tắt,vắn tắt,Neutral / Unspecified,unknown,110,29.97,1280,720,e834d5f61c8eb7c37c8cc933a6239bff,VALID
3502,W03795B.mp4,C:\Users\Admin\Python Advanced\Deep Learning - CV\Project\data\Dataset\Videos\W03795B.mp4,1.537,vắng,vắng,B (Miền Bắc / North),unknown,236,29.97,1280,720,bcc78fabe215c9d33064889766a11d84,VALID
3503,W03795N.mp4,C:\Users\Admin\Python Advanced\Deep Learning - CV\Project\data\Dataset\Videos\W03795N.mp4,0.733,vắng,vắng,N (Miền Nam / South),unknown,134,29.97,1280,720,b96c094e176424c204ad0f1681a48e2c,VALID
3504,W03795T.mp4,C:\Users\Admin\Python Advanced\Deep Learning - CV\Project\data\Dataset\Videos\W03795T.mp4,0.654,vắng,vắng,T (Miền Trung / Central),unknown,132,29.97,1280,720,c2835f8b0bdebaf062866d459d4754fd,VALID
3505,W03799B.mp4,C:\Users\Admin\Python Advanced\Deep Learning - CV\Project\data\Dataset\Videos\W03799B.mp4,0.672,vấn đề,vấn đề,B (Miền Bắc / North),unknown,134,29.97,1280,720,8053bce5695ff2f354fed8ac9bb4f3ca,VALID
3506,W03799N.mp4,C:\Users\Admin\Python Advanced\Deep Learning - CV\Project\data\Dataset\Videos\W03799N.mp4,0.744,vấn đề,vấn đề,N (Miền Nam / South),unknown,133,29.97,1280,720,7e50b8f2a453b8e14033798dbf4a628b,VALID
3507,W03799T.mp4,C:\Users\Admin\Python Advanced\Deep Learning - CV\Project\data\Dataset\Videos\W03799T.mp4,0.745,vấn đề,vấn đề,T (Miền Trung / Central),unknown,133,29.97,1280,720,b7af671be3afeb10714e248f72085fa0,VALID
3508,W03800.mp4,C:\Users\Admin\Python Advanced\Deep Learning - CV\Project\data\Dataset\Videos\W03800.mp4,0.714,vận chuyển,vận chuyển,Neutral / Unspecified,unknown,85,23.98,1280,720,4c3a031d3e8a8a05f0b882cd85c45d34,VALID
3509,W03801.mp4,C:\Users\Admin\Python Advanced\Deep Learning - CV\Project\data\Dataset\Videos\W03801.mp4,0.563,vận động,vận động,Neutral / Unspecified,unknown,105,29.97,1280,720,16bff3e4a26dd47f90d75685183d1db8,VALID
3510,W03804.mp4,C:\Users\Admin\Python Advanced\Deep Learning - CV\Project\data\Dataset\Videos\W03804.mp4,0.641,vận tốc,vận tốc,Neutral / Unspecified,unknown,118,29.97,1280,720,184be5a8ee86fb790fb40b1cc28997ab,VALID
3511,W03805N.mp4,C:\Users\Admin\Python Advanced\Deep Learning - CV\Project\data\Dataset\Videos\W03805N.mp4,0.689,vầng trăng,vầng trăng,N (Miền Nam / South),unknown,147,29.97,1280,720,33aaecff9db904c88c73498a6c5d5790,VALID
3512,W03805T.mp4,C:\Users\Admin\Python Advanced\Deep Learning - CV\Project\data\Dataset\Videos\W03805T.mp4,0.688,vầng trăng,vầng trăng,T (Miền Trung / Central),unknown,147,29.97,1280,720,46d2ad90eaa41fe8ad9e363fc2222627,VALID
3513,W03806.mp4,C:\Users\Admin\Python Advanced\Deep Learning - CV\Project\data\Dataset\Videos\W03806.mp4,0.699,vật,vật,Neutral / Unspecified,unknown,121,29.97,1280,720,52ade249354482444e35586844390f8c,VALID
3514,W03809B.mp4,C:\Users\Admin\Python Advanced\Deep Learning - CV\Project\data\Dataset\Videos\W03809B.mp4,0.64,vật nuôi,vật nuôi,B (Miền Bắc / North),unknown,140,29.97,1280,720,dea379a80376a905d89375a0063cc3e7,VALID
3515,W03809N.mp4,C:\Users\Admin\Python Advanced\Deep Learning - CV\Project\data\Dataset\Videos\W03809N.mp4,0.681,vật nuôi,vật nuôi,N (Miền Nam / South),unknown,144,29.97,1280,720,627117c09dc78e314a577b748fd8bce4,VALID
3516,W03809T.mp4,C:\Users\Admin\Python Advanced\Deep Learning - CV\Project\data\Dataset\Videos\W03809T.mp4,1.176,vật nuôi,vật nuôi,T (Miền Trung / Central),unknown,228,29.97,1280,720,32cb1a87c5c335557d474a2693704ac5,VALID
3517,W03810.mp4,C:\Users\Admin\Python Advanced\Deep Learning - CV\Project\data\Dataset\Videos\W03810.mp4,0.65,vây bắt,vây bắt,Neutral / Unspecified,unknown,111,29.97,1280,720,ed86caf82b8339e8bdf9df880a823a81,VALID
3518,W03812.mp4,C:\Users\Admin\Python Advanced\Deep Learning - CV\Project\data\Dataset\Videos\W03812.mp4,1.394,vẫy tay,vẫy tay,Neutral / Unspecified,unknown,241,29.97,1280,720,e7a17be78d10cab677b541e5ae87249d,VALID
3519,W03813.mp4,C:\Users\Admin\Python Advanced\Deep Learning - CV\Project\data\Dataset\Videos\W03813.mp4,0.628,vẫy vùng (cá),vẫy vùng (cá),Neutral / Unspecified,unknown,137,29.97,1280,720,ccd0202aca94af39e9e3449539c4d043,VALID
3520,W03814.mp4,C:\Users\Admin\Python Advanced\Deep Learning - CV\Project\data\Dataset\Videos\W03814.mp4,1.16,vé,vé,Neutral / Unspecified,unknown,243,29.97,1280,720,b519e2436bc651c0e299a8d2f4f7bc2a,VALID
3521,W03819.mp4,C:\Users\Admin\Python Advanced\Deep Learning - CV\Project\data\Dataset\Videos\W03819.mp4,0.61,vệ sinh cá nhân,vệ sinh cá nhân,Neutral / Unspecified,unknown,124,29.97,1280,720,586578b8ea414cf5b10d569ea9c4bf0c,VALID
3522,W03821.mp4,C:\Users\Admin\Python Advanced\Deep Learning - CV\Project\data\Dataset\Videos\W03821.mp4,0.442,vết thương,vết thương,Neutral / Unspecified,unknown,105,29.97,1280,720,dce6cce59c2a52dd1c0f3d1904368127,VALID
3523,W03823.mp4,C:\Users\Admin\Python Advanced\Deep Learning - CV\Project\data\Dataset\Videos\W03823.mp4,0.692,vi khuẩn,vi khuẩn,Neutral / Unspecified,unknown,142,29.97,1280,720,da0699b00b9241ab4c7b850a835a74f3,VALID
3524,W03825B.mp4,C:\Users\Admin\Python Advanced\Deep Learning - CV\Project\data\Dataset\Videos\W03825B.mp4,0.679,vì sao?,vì sao?,B (Miền Bắc / North),unknown,127,29.97,1280,720,5993fea8ff0aa8ea6f90efdf73cd0956,VALID
3525,W03825N.mp4,C:\Users\Admin\Python Advanced\Deep Learning - CV\Project\data\Dataset\Videos\W03825N.mp4,0.662,vì sao?,vì sao?,N (Miền Nam / South),unknown,148,29.97,1280,720,7bd7f468b78d490d34cf3313bde7724c,VALID
3526,W03825T.mp4,C:\Users\Admin\Python Advanced\Deep Learning - CV\Project\data\Dataset\Videos\W03825T.mp4,0.663,vì sao?,vì sao?,T (Miền Trung / Central),unknown,148,29.97,1280,720,7b7505191de7ebd9f46f6dea12650d0b,VALID
3527,W03826.mp4,C:\Users\Admin\Python Advanced\Deep Learning - CV\Project\data\Dataset\Videos\W03826.mp4,0.603,vĩ cầm,vĩ cầm,Neutral / Unspecified,unknown,122,29.97,1280,720,c2f2fe33ee7ded76daac373f22ddfdc8,VALID
3528,W03827.mp4,C:\Users\Admin\Python Advanced\Deep Learning - CV\Project\data\Dataset\Videos\W03827.mp4,0.543,vĩ đại,vĩ đại,Neutral / Unspecified,unknown,102,29.97,1280,720,52ed9fb0374c58315dd928bdea65f126,VALID
3529,W03828B.mp4,C:\Users\Admin\Python Advanced\Deep Learning - CV\Project\data\Dataset\Videos\W03828B.mp4,0.606,ví dụ,ví dụ,B (Miền Bắc / North),unknown,115,29.97,1280,720,680636e27979c66621b951a1d0571695,VALID
3530,W03828N.mp4,C:\Users\Admin\Python Advanced\Deep Learning - CV\Project\data\Dataset\Videos\W03828N.mp4,0.636,ví dụ,ví dụ,N (Miền Nam / South),unknown,143,29.97,1280,720,2a3ed531b12d29a6587b3bb2f4031534,VALID
3531,W03828T.mp4,C:\Users\Admin\Python Advanced\Deep Learning - CV\Project\data\Dataset\Videos\W03828T.mp4,0.606,ví dụ,ví dụ,T (Miền Trung / Central),unknown,115,29.97,1280,720,08c9b09325e59c0b6a142ce06b83f500,VALID
3532,W03829.mp4,C:\Users\Admin\Python Advanced\Deep Learning - CV\Project\data\Dataset\Videos\W03829.mp4,0.416,vị ngữ,vị ngữ,Neutral / Unspecified,unknown,124,29.97,1280,720,473bdbdbfb99ba6887702eaf9901d1ce,VALID
3533,W03832.mp4,C:\Users\Admin\Python Advanced\Deep Learning - CV\Project\data\Dataset\Videos\W03832.mp4,0.594,vị trí,vị trí,Neutral / Unspecified,unknown,133,29.97,1280,720,be6b84089229de24d61830bcfed72d81,VALID
3534,W03835.mp4,C:\Users\Admin\Python Advanced\Deep Learning - CV\Project\data\Dataset\Videos\W03835.mp4,0.336,việc làm,việc làm,Neutral / Unspecified,unknown,90,29.97,1280,720,c64e743ccfe3836c2372e6f85224f343,VALID
3535,W03840.mp4,C:\Users\Admin\Python Advanced\Deep Learning - CV\Project\data\Dataset\Videos\W03840.mp4,0.802,viện bảo tàng,viện bảo tàng,Neutral / Unspecified,unknown,151,29.97,1280,720,e5a760534a5efc6b2fd08b9b0e959116,VALID
3536,W03841.mp4,C:\Users\Admin\Python Advanced\Deep Learning - CV\Project\data\Dataset\Videos\W03841.mp4,0.678,viện nghiên cứu,viện nghiên cứu,Neutral / Unspecified,unknown,137,29.97,1280,720,1513754427b993fd40f7bce68e3ad240,VALID
3537,W03842.mp4,C:\Users\Admin\Python Advanced\Deep Learning - CV\Project\data\Dataset\Videos\W03842.mp4,0.481,viết lia lịa,viết lia lịa,Neutral / Unspecified,unknown,128,29.97,1280,720,4fd4d5036b7c27b90980bdf17c829a5d,VALID
3538,W03846.mp4,C:\Users\Admin\Python Advanced\Deep Learning - CV\Project\data\Dataset\Videos\W03846.mp4,0.582,Vĩnh Long,vĩnh long,Neutral / Unspecified,unknown,123,29.97,1280,720,f7173655fcc8cad97c13fa0bbe3a43e3,VALID
3539,W03847.mp4,C:\Users\Admin\Python Advanced\Deep Learning - CV\Project\data\Dataset\Videos\W03847.mp4,0.552,Vĩnh Phúc,vĩnh phúc,Neutral / Unspecified,unknown,133,29.97,1280,720,678ea1915775bd2fdcdd553c27167376,VALID
3540,W03848.mp4,C:\Users\Admin\Python Advanced\Deep Learning - CV\Project\data\Dataset\Videos\W03848.mp4,1.602,vịnh,vịnh,Neutral / Unspecified,unknown,248,29.97,1280,720,a12fad697c51fde7f5ae6be62a2895ec,VALID
3541,W03849.mp4,C:\Users\Admin\Python Advanced\Deep Learning - CV\Project\data\Dataset\Videos\W03849.mp4,0.686,vịnh Hạ Long,vịnh hạ long,Neutral / Unspecified,unknown,145,29.97,1280,720,bb3d0ad638ba8419d342b2eb6fef7fb8,VALID
3542,W03851.mp4,C:\Users\Admin\Python Advanced\Deep Learning - CV\Project\data\Dataset\Videos\W03851.mp4,0.596,Võ Nguyên Giáp,võ nguyên giáp,Neutral / Unspecified,unknown,143,29.97,1280,720,e1bb676641a8d2eb4cf9c240640e3bd3,VALID
3543,W03852.mp4,C:\Users\Admin\Python Advanced\Deep Learning - CV\Project\data\Dataset\Videos\W03852.mp4,1.331,vòi voi,vòi voi,Neutral / Unspecified,unknown,236,29.97,1280,720,0dd3590a17f679dcf81fe6370521ab57,VALID
3544,W03853.mp4,C:\Users\Admin\Python Advanced\Deep Learning - CV\Project\data\Dataset\Videos\W03853.mp4,0.531,vòng đeo tay,vòng đeo tay,Neutral / Unspecified,unknown,95,29.97,1280,720,0b699aafb7c0a0f3b93bd1f54aebd462,VALID
3545,W03854.mp4,C:\Users\Admin\Python Advanced\Deep Learning - CV\Project\data\Dataset\Videos\W03854.mp4,1.133,vòng quanh Trái Đất,vòng quanh trái đất,Neutral / Unspecified,unknown,184,29.97,1280,720,f37bb86cb657dc4a8157ebf80fd82962,VALID
3546,W03856.mp4,C:\Users\Admin\Python Advanced\Deep Learning - CV\Project\data\Dataset\Videos\W03856.mp4,1.338,võ thuật,võ thuật,Neutral / Unspecified,unknown,258,29.97,1280,720,81bfac73cca5fab884e642c9c4f1de71,VALID
3547,W03858.mp4,C:\Users\Admin\Python Advanced\Deep Learning - CV\Project\data\Dataset\Videos\W03858.mp4,0.747,vòi nước,vòi nước,Neutral / Unspecified,unknown,152,29.97,1280,720,2cb964e46899928ea8148d9504053440,VALID
3548,W03859.mp4,C:\Users\Admin\Python Advanced\Deep Learning - CV\Project\data\Dataset\Videos\W03859.mp4,0.737,mái vòm,mái vòm,Neutral / Unspecified,unknown,143,29.97,1280,720,b44fd2e550388a6014ea6b1656ff431e,VALID
3549,W03860.mp4,C:\Users\Admin\Python Advanced\Deep Learning - CV\Project\data\Dataset\Videos\W03860.mp4,0.744,vòm lá,vòm lá,Neutral / Unspecified,unknown,132,29.97,1280,720,3a6f92e3bc072f3865df3f2e4b735f6c,VALID
3550,W03861.mp4,C:\Users\Admin\Python Advanced\Deep Learning - CV\Project\data\Dataset\Videos\W03861.mp4,0.756,vòng cung,vòng cung,Neutral / Unspecified,unknown,145,29.97,1280,720,5b3b0931eab7965d0efdfac56166ba49,VALID
3551,W03862.mp4,C:\Users\Admin\Python Advanced\Deep Learning - CV\Project\data\Dataset\Videos\W03862.mp4,0.731,vòng đời,vòng đời,Neutral / Unspecified,unknown,137,29.97,1280,720,53836fe233007ba4b43e7b49c8c0cd39,VALID
3552,W03863.mp4,C:\Users\Admin\Python Advanced\Deep Learning - CV\Project\data\Dataset\Videos\W03863.mp4,0.816,vòng tròn,vòng tròn,Neutral / Unspecified,unknown,154,29.97,1280,720,285c825796dff98bd8e295c83b6b12e6,VALID
3553,W03864.mp4,C:\Users\Admin\Python Advanced\Deep Learning - CV\Project\data\Dataset\Videos\W03864.mp4,0.66,võng (cái võng),võng (cái võng),Neutral / Unspecified,unknown,142,29.97,1280,720,33c13208ee68607a8ad8d88d7f8347f5,VALID
3554,W03866.mp4,C:\Users\Admin\Python Advanced\Deep Learning - CV\Project\data\Dataset\Videos\W03866.mp4,0.914,vô lí,vô lí,Neutral / Unspecified,unknown,153,29.97,1280,720,91bafd4e540f93e31cbf81ecca2fc637,VALID
3555,W03868.mp4,C:\Users\Admin\Python Advanced\Deep Learning - CV\Project\data\Dataset\Videos\W03868.mp4,0.669,vô tâm,vô tâm,Neutral / Unspecified,unknown,131,29.97,1280,720,222f0838e07ccc5e0f79010ae6946d1f,VALID
3556,W03870.mp4,C:\Users\Admin\Python Advanced\Deep Learning - CV\Project\data\Dataset\Videos\W03870.mp4,0.963,vô tư,vô tư,Neutral / Unspecified,unknown,131,29.97,1280,720,cd09b86e12e48407e94d288836927888,VALID
3557,W03871.mp4,C:\Users\Admin\Python Advanced\Deep Learning - CV\Project\data\Dataset\Videos\W03871.mp4,0.766,vô ý,vô ý,Neutral / Unspecified,unknown,141,29.97,1280,720,ab401999d384f70d33c88b9a3229288c,VALID
3558,W03872.mp4,C:\Users\Admin\Python Advanced\Deep Learning - CV\Project\data\Dataset\Videos\W03872.mp4,0.582,vô ý thức,vô ý thức,Neutral / Unspecified,unknown,116,29.97,1280,720,1d93308a6d76e8647940a1176102295a,VALID
3559,W03873.mp4,C:\Users\Admin\Python Advanced\Deep Learning - CV\Project\data\Dataset\Videos\W03873.mp4,0.7,vồ,vồ,Neutral / Unspecified,unknown,122,29.97,1280,720,2456683127610699590e7bb982b6a607,VALID
3560,W03875.mp4,C:\Users\Admin\Python Advanced\Deep Learning - CV\Project\data\Dataset\Videos\W03875.mp4,0.678,vỗ cánh,vỗ cánh,Neutral / Unspecified,unknown,126,29.97,1280,720,31c1a05a58fe5c7b3623cbb462c8be17,VALID
3561,W03876.mp4,C:\Users\Admin\Python Advanced\Deep Learning - CV\Project\data\Dataset\Videos\W03876.mp4,1.489,vỗ tay,vỗ tay,Neutral / Unspecified,unknown,238,29.97,1280,720,40a65f8cbdcbfed50cd986203f63c87e,VALID
3562,W03878.mp4,C:\Users\Admin\Python Advanced\Deep Learning - CV\Project\data\Dataset\Videos\W03878.mp4,0.672,vội vã,vội vã,Neutral / Unspecified,unknown,127,29.97,1280,720,d5451b2080315097fd708ab6f3f8aa28,VALID
3563,W03882.mp4,C:\Users\Admin\Python Advanced\Deep Learning - CV\Project\data\Dataset\Videos\W03882.mp4,0.562,vỡ,vỡ,Neutral / Unspecified,unknown,119,29.97,1280,720,423d72730d65ea8ab6c201d4c9cf1a04,VALID
3564,W03884.mp4,C:\Users\Admin\Python Advanced\Deep Learning - CV\Project\data\Dataset\Videos\W03884.mp4,0.589,vớt,vớt,Neutral / Unspecified,unknown,121,29.97,1280,720,694a0100a9d724c181fd6ef034fa27b9,VALID
3565,W03885.mp4,C:\Users\Admin\Python Advanced\Deep Learning - CV\Project\data\Dataset\Videos\W03885.mp4,0.564,vũ công,vũ công,Neutral / Unspecified,unknown,118,29.97,1280,720,5b94959017a2417ed9f5dfb9ce9ca92d,VALID
3566,W03886.mp4,C:\Users\Admin\Python Advanced\Deep Learning - CV\Project\data\Dataset\Videos\W03886.mp4,0.688,vũ trụ,vũ trụ,Neutral / Unspecified,unknown,127,29.97,1280,720,8ee98bee3a16c23f2d8a4df0a17b1beb,VALID
3567,W03887.mp4,C:\Users\Admin\Python Advanced\Deep Learning - CV\Project\data\Dataset\Videos\W03887.mp4,0.499,vua Hùng,vua hùng,Neutral / Unspecified,unknown,105,29.97,1280,720,fc62eafb700c465327dc57065170ec08,VALID
3568,W03888N.mp4,C:\Users\Admin\Python Advanced\Deep Learning - CV\Project\data\Dataset\Videos\W03888N.mp4,0.711,vui chơi,vui chơi,N (Miền Nam / South),unknown,96,29.97,1280,720,bafb0acc0e64a81b7a648057703808e5,VALID
3569,W03888T.mp4,C:\Users\Admin\Python Advanced\Deep Learning - CV\Project\data\Dataset\Videos\W03888T.mp4,0.781,vui chơi,vui chơi,T (Miền Trung / Central),unknown,130,29.97,1280,720,cb1bce29fa0d8505f6d8480ecf6f89ca,VALID
3570,W03889B.mp4,C:\Users\Admin\Python Advanced\Deep Learning - CV\Project\data\Dataset\Videos\W03889B.mp4,0.779,vui mừng,vui mừng,B (Miền Bắc / North),unknown,133,29.97,1280,720,43cfc3323cc686d8c97f7d06b1806602,VALID
3571,W03889N.mp4,C:\Users\Admin\Python Advanced\Deep Learning - CV\Project\data\Dataset\Videos\W03889N.mp4,0.381,vui mừng,vui mừng,N (Miền Nam / South),unknown,73,29.97,1280,720,ebe95ebe90e41ef9ebaaf60b2cce9546,VALID
3572,W03889T.mp4,C:\Users\Admin\Python Advanced\Deep Learning - CV\Project\data\Dataset\Videos\W03889T.mp4,0.781,vui mừng,vui mừng,T (Miền Trung / Central),unknown,133,29.97,1280,720,58cae20244a440c0b1d8ac983aea7ffc,VALID
3573,W03890B.mp4,C:\Users\Admin\Python Advanced\Deep Learning - CV\Project\data\Dataset\Videos\W03890B.mp4,1.102,vui sướng,vui sướng,B (Miền Bắc / North),unknown,177,29.97,1280,720,4684e565854ebd8f1c3102f167091436,VALID
3574,W03890N.mp4,C:\Users\Admin\Python Advanced\Deep Learning - CV\Project\data\Dataset\Videos\W03890N.mp4,0.724,vui sướng,vui sướng,N (Miền Nam / South),unknown,111,29.97,1280,720,ea1df10265361b4b0faf61d845ef84cb,VALID
3575,W03890T.mp4,C:\Users\Admin\Python Advanced\Deep Learning - CV\Project\data\Dataset\Videos\W03890T.mp4,1.095,vui sướng,vui sướng,T (Miền Trung / Central),unknown,177,29.97,1280,720,901587b5cd9953ec7086d1ec7d279805,VALID
3576,W03892.mp4,C:\Users\Admin\Python Advanced\Deep Learning - CV\Project\data\Dataset\Videos\W03892.mp4,0.813,vui tính,vui tính,Neutral / Unspecified,unknown,137,29.97,1280,720,ae96f5212a64b616b088ecbecd3b1e3d,VALID
3577,W03894.mp4,C:\Users\Admin\Python Advanced\Deep Learning - CV\Project\data\Dataset\Videos\W03894.mp4,0.482,vun đắp,vun đắp,Neutral / Unspecified,unknown,110,29.97,1280,720,8f1e03881ba39ab1d6764fff45b4810e,VALID
3578,W03903.mp4,C:\Users\Admin\Python Advanced\Deep Learning - CV\Project\data\Dataset\Videos\W03903.mp4,0.547,vùng vẫy (dành cho người),vùng vẫy (dành cho người),Neutral / Unspecified,unknown,104,29.97,1280,720,60f9f80eec79f3ff54cdb6a98945b3b7,VALID
3579,W03908.mp4,C:\Users\Admin\Python Advanced\Deep Learning - CV\Project\data\Dataset\Videos\W03908.mp4,0.512,hình vuông,hình vuông,Neutral / Unspecified,unknown,120,29.97,1280,720,e3e10547e29e0e9c513c58d5698775ca,VALID
3580,W03909.mp4,C:\Users\Admin\Python Advanced\Deep Learning - CV\Project\data\Dataset\Videos\W03909.mp4,0.63,vuốt tóc,vuốt tóc,Neutral / Unspecified,unknown,130,29.97,1280,720,66b7559e682345e9c9c80869ed04d446,VALID
3581,W03911.mp4,C:\Users\Admin\Python Advanced\Deep Learning - CV\Project\data\Dataset\Videos\W03911.mp4,0.426,vuông góc,vuông góc,Neutral / Unspecified,unknown,108,29.97,1280,720,9134e97151d21dec519570ae286a5146,VALID
3582,W03912.mp4,C:\Users\Admin\Python Advanced\Deep Learning - CV\Project\data\Dataset\Videos\W03912.mp4,0.572,vững chắc,vững chắc,Neutral / Unspecified,unknown,131,29.97,1280,720,672dd16fcf8ae98c1793aaf47509da9a,VALID
3583,W03917.mp4,C:\Users\Admin\Python Advanced\Deep Learning - CV\Project\data\Dataset\Videos\W03917.mp4,0.558,vườn thú,vườn thú,Neutral / Unspecified,unknown,101,29.97,1280,720,b787f65818924b48ab8de30991b05786,VALID
3584,W03924.mp4,C:\Users\Admin\Python Advanced\Deep Learning - CV\Project\data\Dataset\Videos\W03924.mp4,0.406,vượt trội,vượt trội,Neutral / Unspecified,unknown,99,29.97,1280,720,86e10f5e7a9f1273228a3faf5f3ef4d2,VALID
3585,W03925.mp4,C:\Users\Admin\Python Advanced\Deep Learning - CV\Project\data\Dataset\Videos\W03925.mp4,0.478,xa cách,xa cách,Neutral / Unspecified,unknown,98,29.97,1280,720,36c09704379a9498ce24891c290ccf78,VALID
3586,W03928.mp4,C:\Users\Admin\Python Advanced\Deep Learning - CV\Project\data\Dataset\Videos\W03928.mp4,0.686,xa xôi,xa xôi,Neutral / Unspecified,unknown,135,29.97,1280,720,f82902474112eca981890456fa984406,VALID
3587,W03930B.mp4,C:\Users\Admin\Python Advanced\Deep Learning - CV\Project\data\Dataset\Videos\W03930B.mp4,0.488,xà phòng,xà phòng,B (Miền Bắc / North),unknown,121,29.97,1280,720,55f6789b50b30b44b90f3e4c2c9a5d60,VALID
3588,W03930N.mp4,C:\Users\Admin\Python Advanced\Deep Learning - CV\Project\data\Dataset\Videos\W03930N.mp4,0.397,xà phòng,xà phòng,N (Miền Nam / South),unknown,91,29.97,1280,720,8fc03d6ce9bddb1ed5d7cae203e78970,VALID
3589,W03930T.mp4,C:\Users\Admin\Python Advanced\Deep Learning - CV\Project\data\Dataset\Videos\W03930T.mp4,0.518,xà phòng,xà phòng,T (Miền Trung / Central),unknown,111,29.97,1280,720,67c56c1cd40d4c67cf972be60c45ee06,VALID
3590,W03931B.mp4,C:\Users\Admin\Python Advanced\Deep Learning - CV\Project\data\Dataset\Videos\W03931B.mp4,0.477,xà phòng giặt,xà phòng giặt,B (Miền Bắc / North),unknown,103,29.97,1280,720,1fa2234e2392dab4853b1675c0281510,VALID
3591,W03931N.mp4,C:\Users\Admin\Python Advanced\Deep Learning - CV\Project\data\Dataset\Videos\W03931N.mp4,0.574,xà phòng giặt,xà phòng giặt,N (Miền Nam / South),unknown,125,29.97,1280,720,286d2ce34da0c11c43d9b8425c2b32ba,VALID
3592,W03931T.mp4,C:\Users\Admin\Python Advanced\Deep Learning - CV\Project\data\Dataset\Videos\W03931T.mp4,0.571,xà phòng giặt,xà phòng giặt,T (Miền Trung / Central),unknown,125,29.97,1280,720,095e96d79d6aaf541281890900459ac5,VALID
3593,W03933.mp4,C:\Users\Admin\Python Advanced\Deep Learning - CV\Project\data\Dataset\Videos\W03933.mp4,0.641,xả rác,xả rác,Neutral / Unspecified,unknown,72,23.98,1280,720,d0439d7d74b22447abc369ffaf91251b,VALID
3594,W03935B.mp4,C:\Users\Admin\Python Advanced\Deep Learning - CV\Project\data\Dataset\Videos\W03935B.mp4,0.605,xã hội,xã hội,B (Miền Bắc / North),unknown,126,29.97,1280,720,0ad3b2c567149fe6aae7eab39279bebe,VALID
3595,W03935N.mp4,C:\Users\Admin\Python Advanced\Deep Learning - CV\Project\data\Dataset\Videos\W03935N.mp4,0.638,xã hội,xã hội,N (Miền Nam / South),unknown,137,29.97,1280,720,35568c99ca52b4f37d7ce0bef5e1007c,VALID
3596,W03935T.mp4,C:\Users\Admin\Python Advanced\Deep Learning - CV\Project\data\Dataset\Videos\W03935T.mp4,0.635,xã hội,xã hội,T (Miền Trung / Central),unknown,137,29.97,1280,720,b625a3da2ede8cb961cfcf4ba1de88ba,VALID
3597,W03936.mp4,C:\Users\Admin\Python Advanced\Deep Learning - CV\Project\data\Dataset\Videos\W03936.mp4,0.488,xách túi,xách túi,Neutral / Unspecified,unknown,106,29.97,1280,720,f6c91aee1d5f5b2942bbd81c70651185,VALID
3598,W03938B.mp4,C:\Users\Admin\Python Advanced\Deep Learning - CV\Project\data\Dataset\Videos\W03938B.mp4,0.694,xanh xao,xanh xao,B (Miền Bắc / North),unknown,137,29.97,1280,720,efe8839f8f99a28f811f639ca89fd779,VALID
3599,W03938N.mp4,C:\Users\Admin\Python Advanced\Deep Learning - CV\Project\data\Dataset\Videos\W03938N.mp4,0.463,xanh xao,xanh xao,N (Miền Nam / South),unknown,108,29.97,1280,720,447c391b1ef8d6c76ba21934675097a2,VALID
3600,W03938T.mp4,C:\Users\Admin\Python Advanced\Deep Learning - CV\Project\data\Dataset\Videos\W03938T.mp4,0.462,xanh xao,xanh xao,T (Miền Trung / Central),unknown,108,29.97,1280,720,fb93c4defd55f4d4c515e69472761de0,VALID
3601,W03939.mp4,C:\Users\Admin\Python Advanced\Deep Learning - CV\Project\data\Dataset\Videos\W03939.mp4,1.266,xã,xã,Neutral / Unspecified,unknown,226,29.97,1280,720,51165267c6794a119480b2a562593fd2,VALID
3602,W03940.mp4,C:\Users\Admin\Python Advanced\Deep Learning - CV\Project\data\Dataset\Videos\W03940.mp4,0.343,xác chết,xác chết,Neutral / Unspecified,unknown,91,29.97,1280,720,84ad69cb761de69842b6e0372be198d5,VALID
3603,W03941.mp4,C:\Users\Admin\Python Advanced\Deep Learning - CV\Project\data\Dataset\Videos\W03941.mp4,0.369,xác định,xác định,Neutral / Unspecified,unknown,94,29.97,1280,720,e0ba4a7344e171ed1cf5b39df6c6bedc,VALID
3604,W03943.mp4,C:\Users\Admin\Python Advanced\Deep Learning - CV\Project\data\Dataset\Videos\W03943.mp4,0.775,xách nặng,xách nặng,Neutral / Unspecified,unknown,154,29.97,1280,720,8ccdd47ef06035b789c7c9c05482e862,VALID
3605,W03945N.mp4,C:\Users\Admin\Python Advanced\Deep Learning - CV\Project\data\Dataset\Videos\W03945N.mp4,0.897,cây xanh tươi,cây xanh tươi,N (Miền Nam / South),unknown,141,29.97,1280,720,391c48ad9474aea5a195b30f4a41e3c5,VALID
3606,W03945T.mp4,C:\Users\Admin\Python Advanced\Deep Learning - CV\Project\data\Dataset\Videos\W03945T.mp4,0.897,cây xanh tươi,cây xanh tươi,T (Miền Trung / Central),unknown,141,29.97,1280,720,100812f057b4cff2fd41b9555e43db8a,VALID
3607,W03947.mp4,C:\Users\Admin\Python Advanced\Deep Learning - CV\Project\data\Dataset\Videos\W03947.mp4,0.519,xăm,xăm,Neutral / Unspecified,unknown,114,29.97,1280,720,add1ea0191bf48bff8541c0ef1a4ac8a,VALID
3608,W03948.mp4,C:\Users\Admin\Python Advanced\Deep Learning - CV\Project\data\Dataset\Videos\W03948.mp4,0.574,xăng,xăng,Neutral / Unspecified,unknown,113,29.97,1280,720,eef60011b380e69e0fa7c85fa81b760d,VALID
3609,W03949.mp4,C:\Users\Admin\Python Advanced\Deep Learning - CV\Project\data\Dataset\Videos\W03949.mp4,0.495,xăng-ti-mét (cm),xăng-ti-mét (cm),Neutral / Unspecified,unknown,121,29.97,1280,720,b5bb9485f1e8caedeab0e91df871a2d1,VALID
3610,W03951.mp4,C:\Users\Admin\Python Advanced\Deep Learning - CV\Project\data\Dataset\Videos\W03951.mp4,0.686,xăng-ti-mét-vuông (cm2),xăng-ti-mét-vuông (cm2),Neutral / Unspecified,unknown,145,29.97,1280,720,a3c7ddfc05287a404dc8e0857ff38f64,VALID
3611,W03953.mp4,C:\Users\Admin\Python Advanced\Deep Learning - CV\Project\data\Dataset\Videos\W03953.mp4,0.513,xâm lược,xâm lược,Neutral / Unspecified,unknown,120,29.97,1280,720,5988e7ddeebbb666a32b2f2d495189e1,VALID
3612,W03956B.mp4,C:\Users\Admin\Python Advanced\Deep Learning - CV\Project\data\Dataset\Videos\W03956B.mp4,0.75,xây,xây,B (Miền Bắc / North),unknown,141,29.97,1280,720,5a3fff9f18763f5233bdc87db19f4146,VALID
3613,W03956N.mp4,C:\Users\Admin\Python Advanced\Deep Learning - CV\Project\data\Dataset\Videos\W03956N.mp4,0.673,xây,xây,N (Miền Nam / South),unknown,134,29.97,1280,720,f46a8edbd18be9982d23d3f2f5227836,VALID
3614,W03956T.mp4,C:\Users\Admin\Python Advanced\Deep Learning - CV\Project\data\Dataset\Videos\W03956T.mp4,0.678,xây,xây,T (Miền Trung / Central),unknown,134,29.97,1280,720,05eb8c477abde9260596b6949e492fa6,VALID
3615,W03958.mp4,C:\Users\Admin\Python Advanced\Deep Learning - CV\Project\data\Dataset\Videos\W03958.mp4,0.576,xây nhà,xây nhà,Neutral / Unspecified,unknown,110,29.97,1280,720,bdfcfd959869aa7bc54379c0335e75ab,VALID
3616,W03959.mp4,C:\Users\Admin\Python Advanced\Deep Learning - CV\Project\data\Dataset\Videos\W03959.mp4,0.658,xe đạp,xe đạp,Neutral / Unspecified,unknown,109,29.97,1280,720,a34ff375f0ca8e933c9e16a2fa1b9ae6,VALID
3617,W03960.mp4,C:\Users\Admin\Python Advanced\Deep Learning - CV\Project\data\Dataset\Videos\W03960.mp4,0.81,xe ben,xe ben,Neutral / Unspecified,unknown,152,29.97,1280,720,4506aa6b8a1a6c3d391415720fa6a6d4,VALID
3618,W03961.mp4,C:\Users\Admin\Python Advanced\Deep Learning - CV\Project\data\Dataset\Videos\W03961.mp4,0.604,xe máy,xe máy,Neutral / Unspecified,unknown,127,29.97,1280,720,85c8971781ab21350c7a999b52b341c3,VALID
3619,W03962B.mp4,C:\Users\Admin\Python Advanced\Deep Learning - CV\Project\data\Dataset\Videos\W03962B.mp4,0.615,xe cảnh sát,xe cảnh sát,B (Miền Bắc / North),unknown,115,29.97,1280,720,3c9cd54d6d6e9e85a974749f2f64e6b9,VALID
3620,W03962N.mp4,C:\Users\Admin\Python Advanced\Deep Learning - CV\Project\data\Dataset\Videos\W03962N.mp4,0.588,xe cảnh sát,xe cảnh sát,N (Miền Nam / South),unknown,134,29.97,1280,720,0d6d97206060976841821f9535419b02,VALID
3621,W03962T.mp4,C:\Users\Admin\Python Advanced\Deep Learning - CV\Project\data\Dataset\Videos\W03962T.mp4,0.588,xe cảnh sát,xe cảnh sát,T (Miền Trung / Central),unknown,134,29.97,1280,720,1edb0067a966135b3f49c22450429df4,VALID
3622,W03964B.mp4,C:\Users\Admin\Python Advanced\Deep Learning - CV\Project\data\Dataset\Videos\W03964B.mp4,0.595,xe cứu hỏa,xe cứu hỏa,B (Miền Bắc / North),unknown,115,29.97,1280,720,44d32c4c4d15073fa774d63a3358c288,VALID
3623,W03965.mp4,C:\Users\Admin\Python Advanced\Deep Learning - CV\Project\data\Dataset\Videos\W03965.mp4,0.464,xe cứu thương,xe cứu thương,Neutral / Unspecified,unknown,107,29.97,1280,720,103db3024abcfbb0116613c2d8786a51,VALID
3624,W03967B.mp4,C:\Users\Admin\Python Advanced\Deep Learning - CV\Project\data\Dataset\Videos\W03967B.mp4,0.504,xe khách,xe khách,B (Miền Bắc / North),unknown,112,29.97,1280,720,a8e3db6dc0a71479806a13ed856087b8,VALID
3625,W03967N.mp4,C:\Users\Admin\Python Advanced\Deep Learning - CV\Project\data\Dataset\Videos\W03967N.mp4,0.725,xe khách,xe khách,N (Miền Nam / South),unknown,141,29.97,1280,720,4fd01716c016f1197027c4306684377c,VALID
3626,W03967T.mp4,C:\Users\Admin\Python Advanced\Deep Learning - CV\Project\data\Dataset\Videos\W03967T.mp4,0.778,xe khách,xe khách,T (Miền Trung / Central),unknown,140,29.97,1280,720,2c416ef47f99b1d0abbfc56c149f0237,VALID
3627,W03968.mp4,C:\Users\Admin\Python Advanced\Deep Learning - CV\Project\data\Dataset\Videos\W03968.mp4,0.409,xe lam,xe lam,Neutral / Unspecified,unknown,98,29.97,1280,720,2e0e0d0dbb4287284c16d93bb0f6fda7,VALID
3628,W03969.mp4,C:\Users\Admin\Python Advanced\Deep Learning - CV\Project\data\Dataset\Videos\W03969.mp4,0.46,xe lu,xe lu,Neutral / Unspecified,unknown,98,29.97,1280,720,4d777834df3c04f8312bcd63a7d02422,VALID
3629,W03971.mp4,C:\Users\Admin\Python Advanced\Deep Learning - CV\Project\data\Dataset\Videos\W03971.mp4,0.911,xe cẩu,xe cẩu,Neutral / Unspecified,unknown,150,29.97,1280,720,7d8965ed3a5090148d00b439ff902a08,VALID
3630,W03973.mp4,C:\Users\Admin\Python Advanced\Deep Learning - CV\Project\data\Dataset\Videos\W03973.mp4,0.317,xé rách,xé rách,Neutral / Unspecified,unknown,80,29.97,1280,720,8b2360a22e669fb2a9e2979ad524bd72,VALID
3631,W03974.mp4,C:\Users\Admin\Python Advanced\Deep Learning - CV\Project\data\Dataset\Videos\W03974.mp4,0.501,xem xét,xem xét,Neutral / Unspecified,unknown,104,29.97,1280,720,f31024df26cba5714011e0f51adc591c,VALID
3632,W03975.mp4,C:\Users\Admin\Python Advanced\Deep Learning - CV\Project\data\Dataset\Videos\W03975.mp4,0.712,xen,xen,Neutral / Unspecified,unknown,126,29.97,1280,720,c8af87a1fa8295d2ae05502c1784a8ac,VALID
3633,W03976.mp4,C:\Users\Admin\Python Advanced\Deep Learning - CV\Project\data\Dataset\Videos\W03976.mp4,0.726,xẻng,xẻng,Neutral / Unspecified,unknown,122,29.97,1280,720,36146eb1ade808d78ca8fda4e3a4ddc9,VALID
3634,W03978.mp4,C:\Users\Admin\Python Advanced\Deep Learning - CV\Project\data\Dataset\Videos\W03978.mp4,0.536,xếp,xếp,Neutral / Unspecified,unknown,117,29.97,1280,720,edb99d6b0d0be2d46b40a13c9e9ddca3,VALID
3635,W03979.mp4,C:\Users\Admin\Python Advanced\Deep Learning - CV\Project\data\Dataset\Videos\W03979.mp4,0.468,xếp hàng,xếp hàng,Neutral / Unspecified,unknown,100,29.97,1280,720,b060f9d25116cfc43649cf0435b7df7e,VALID
3636,W03980.mp4,C:\Users\Admin\Python Advanced\Deep Learning - CV\Project\data\Dataset\Videos\W03980.mp4,0.45,xếp hàng dọc,xếp hàng dọc,Neutral / Unspecified,unknown,92,29.97,1280,720,89285301b3ec285ee1a169279c72491b,VALID
3637,W03982.mp4,C:\Users\Admin\Python Advanced\Deep Learning - CV\Project\data\Dataset\Videos\W03982.mp4,0.727,xếp hàng ưu tiên,xếp hàng ưu tiên,Neutral / Unspecified,unknown,130,29.97,1280,720,c3b0bf4e5e576f3fe47dbcfec7e9d267,VALID
3638,W03983.mp4,C:\Users\Admin\Python Advanced\Deep Learning - CV\Project\data\Dataset\Videos\W03983.mp4,0.51,xếp hình,xếp hình,Neutral / Unspecified,unknown,107,29.97,1280,720,2f4db762d400183892bf2296672889eb,VALID
3639,W03986.mp4,C:\Users\Admin\Python Advanced\Deep Learning - CV\Project\data\Dataset\Videos\W03986.mp4,0.729,xích đạo,xích đạo,Neutral / Unspecified,unknown,137,29.97,1280,720,f3ac643b605072184f288db4661a616d,VALID
3640,W03990.mp4,C:\Users\Admin\Python Advanced\Deep Learning - CV\Project\data\Dataset\Videos\W03990.mp4,0.506,xin lỗi,xin lỗi,Neutral / Unspecified,unknown,104,29.97,1280,720,dc095a4825a0c1615c09a8e3c5dd208a,VALID
3641,W03996.mp4,C:\Users\Admin\Python Advanced\Deep Learning - CV\Project\data\Dataset\Videos\W03996.mp4,0.635,xoáy,xoáy,Neutral / Unspecified,unknown,125,29.97,1280,720,c6716210b74050ece270787c16a559f4,VALID
3642,W03999.mp4,C:\Users\Admin\Python Advanced\Deep Learning - CV\Project\data\Dataset\Videos\W03999.mp4,0.566,xóm làng,xóm làng,Neutral / Unspecified,unknown,119,29.97,1280,720,453266a9718a5143770a7180fc0055a0,VALID
3643,W04000.mp4,C:\Users\Admin\Python Advanced\Deep Learning - CV\Project\data\Dataset\Videos\W04000.mp4,0.595,xô,xô,Neutral / Unspecified,unknown,125,29.97,1280,720,4d33e1e829330e8d71c15195b91bde26,VALID
3644,W04001.mp4,C:\Users\Admin\Python Advanced\Deep Learning - CV\Project\data\Dataset\Videos\W04001.mp4,0.406,xôi,xôi,Neutral / Unspecified,unknown,110,29.97,1280,720,46b9a914b41b21152d2318c28b20591d,VALID
3645,W04003.mp4,C:\Users\Admin\Python Advanced\Deep Learning - CV\Project\data\Dataset\Videos\W04003.mp4,0.516,xông hơi,xông hơi,Neutral / Unspecified,unknown,100,29.97,1280,720,879dacacd2d6227ff536ec55561cf4a2,VALID
3646,W04006.mp4,C:\Users\Admin\Python Advanced\Deep Learning - CV\Project\data\Dataset\Videos\W04006.mp4,0.589,xu (tiền),xu (tiền),Neutral / Unspecified,unknown,77,23.98,1280,720,ca6d29b8ccfdaf13d82303cb2683ba3e,VALID
3647,W04007.mp4,C:\Users\Admin\Python Advanced\Deep Learning - CV\Project\data\Dataset\Videos\W04007.mp4,0.688,tóc dựng đứng,tóc dựng đứng,Neutral / Unspecified,unknown,120,29.97,1280,720,e001330e137245b7a2dd57e34264ff0f,VALID
3648,W04010B.mp4,C:\Users\Admin\Python Advanced\Deep Learning - CV\Project\data\Dataset\Videos\W04010B.mp4,0.68,xuất hiện,xuất hiện,B (Miền Bắc / North),unknown,138,29.97,1280,720,6bf042ba3b9cc0d43e521daa285682b7,VALID
3649,W04010N.mp4,C:\Users\Admin\Python Advanced\Deep Learning - CV\Project\data\Dataset\Videos\W04010N.mp4,0.471,xuất hiện,xuất hiện,N (Miền Nam / South),unknown,113,29.97,1280,720,9c8734f81982e167fbe7471db74871b8,VALID
3650,W04010T.mp4,C:\Users\Admin\Python Advanced\Deep Learning - CV\Project\data\Dataset\Videos\W04010T.mp4,0.465,xuất hiện,xuất hiện,T (Miền Trung / Central),unknown,113,29.97,1280,720,a025a4ed61dee8dfea50968a22252c03,VALID
3651,W04011.mp4,C:\Users\Admin\Python Advanced\Deep Learning - CV\Project\data\Dataset\Videos\W04011.mp4,0.554,xuất khẩu,xuất khẩu,Neutral / Unspecified,unknown,119,29.97,1280,720,d308a416c6d0267d3ed13d068d28428b,VALID
3652,W04013.mp4,C:\Users\Admin\Python Advanced\Deep Learning - CV\Project\data\Dataset\Videos\W04013.mp4,0.453,xúc xắc,xúc xắc,Neutral / Unspecified,unknown,120,29.97,1280,720,9cf4894acb6d77b09dde6324eef08c94,VALID
3653,W04014.mp4,C:\Users\Admin\Python Advanced\Deep Learning - CV\Project\data\Dataset\Videos\W04014.mp4,0.599,xung đột,xung đột,Neutral / Unspecified,unknown,107,29.97,1280,720,4ff74e49d651e8a9f5c26fbdac68a468,VALID
3654,W04017.mp4,C:\Users\Admin\Python Advanced\Deep Learning - CV\Project\data\Dataset\Videos\W04017.mp4,0.885,xung quanh nhà,xung quanh nhà,Neutral / Unspecified,unknown,159,29.97,1280,720,2bd7844652ae8bfb00320b6ff30a43af,VALID
3655,W04019.mp4,C:\Users\Admin\Python Advanced\Deep Learning - CV\Project\data\Dataset\Videos\W04019.mp4,0.516,xuống,xuống,Neutral / Unspecified,unknown,121,29.97,1280,720,a345036430146a5a486b20d0c68b9674,VALID
3656,W04023.mp4,C:\Users\Admin\Python Advanced\Deep Learning - CV\Project\data\Dataset\Videos\W04023.mp4,0.504,xứ Nghệ,xứ nghệ,Neutral / Unspecified,unknown,112,29.97,1280,720,26b6461d8a8cfc26bb9abce4d2b76392,VALID
3657,W04025B.mp4,C:\Users\Admin\Python Advanced\Deep Learning - CV\Project\data\Dataset\Videos\W04025B.mp4,0.859,xưa,xưa,B (Miền Bắc / North),unknown,180,29.97,1280,720,69636d821c19f9a155dcf70cbd9d8f44,VALID
3658,W04025N.mp4,C:\Users\Admin\Python Advanced\Deep Learning - CV\Project\data\Dataset\Videos\W04025N.mp4,0.419,xưa,xưa,N (Miền Nam / South),unknown,89,29.97,1280,720,0a111508bdc73a756da9835789281df4,VALID
3659,W04025T.mp4,C:\Users\Admin\Python Advanced\Deep Learning - CV\Project\data\Dataset\Videos\W04025T.mp4,0.697,xưa,xưa,T (Miền Trung / Central),unknown,144,29.97,1280,720,bcdd2381efb9c50421a4431f70b2630e,VALID
3660,W04028.mp4,C:\Users\Admin\Python Advanced\Deep Learning - CV\Project\data\Dataset\Videos\W04028.mp4,0.639,xương rồng,xương rồng,Neutral / Unspecified,unknown,139,29.97,1280,720,4541e6f6179e9c54deac2f3c2fb7fee5,VALID
3661,W04031.mp4,C:\Users\Admin\Python Advanced\Deep Learning - CV\Project\data\Dataset\Videos\W04031.mp4,0.511,Y-Éc-Xanh,y-éc-xanh,Neutral / Unspecified,unknown,128,29.97,1280,720,4fcdf44e36a7ff91c0e9fc79cb0cda1d,VALID
3662,W04035.mp4,C:\Users\Admin\Python Advanced\Deep Learning - CV\Project\data\Dataset\Videos\W04035.mp4,0.413,ý chí,ý chí,Neutral / Unspecified,unknown,107,29.97,1280,720,3ece212a4dffb5860a43648e09264b79,VALID
3663,W04038N.mp4,C:\Users\Admin\Python Advanced\Deep Learning - CV\Project\data\Dataset\Videos\W04038N.mp4,0.525,ý nghĩa,ý nghĩa,N (Miền Nam / South),unknown,124,29.97,1280,720,e4cac9847228f1fc86f9e639ab92ded5,VALID
3664,W04038T.mp4,C:\Users\Admin\Python Advanced\Deep Learning - CV\Project\data\Dataset\Videos\W04038T.mp4,0.522,ý nghĩa,ý nghĩa,T (Miền Trung / Central),unknown,124,29.97,1280,720,ce3b4e0d80081342d6228067a7009cc9,VALID
3665,W04039.mp4,C:\Users\Admin\Python Advanced\Deep Learning - CV\Project\data\Dataset\Videos\W04039.mp4,0.472,ý thức,ý thức,Neutral / Unspecified,unknown,106,29.97,1280,720,61bb1f7ddb9f358db3afad55e138be59,VALID
3666,W04040.mp4,C:\Users\Admin\Python Advanced\Deep Learning - CV\Project\data\Dataset\Videos\W04040.mp4,0.656,ý tưởng,ý tưởng,Neutral / Unspecified,unknown,131,29.97,1280,720,ba5c6ab7ae233a334f08dea2827c131b,VALID
3667,W04041.mp4,C:\Users\Admin\Python Advanced\Deep Learning - CV\Project\data\Dataset\Videos\W04041.mp4,0.379,yếm,yếm,Neutral / Unspecified,unknown,88,29.97,1280,720,7498a938fe3dd509c7a62f6b0f5a4425,VALID
3668,W04043.mp4,C:\Users\Admin\Python Advanced\Deep Learning - CV\Project\data\Dataset\Videos\W04043.mp4,0.559,Yên Bái,yên bái,Neutral / Unspecified,unknown,119,29.97,1280,720,4ddd412a07478cd13cddc76acea62182,VALID
3669,W04046.mp4,C:\Users\Admin\Python Advanced\Deep Learning - CV\Project\data\Dataset\Videos\W04046.mp4,0.608,yên lòng,yên lòng,Neutral / Unspecified,unknown,146,29.97,1280,720,664840b2a462c74f1c31ec664bb17eb5,VALID
3670,W04048.mp4,C:\Users\Admin\Python Advanced\Deep Learning - CV\Project\data\Dataset\Videos\W04048.mp4,0.662,yên tâm,yên tâm,Neutral / Unspecified,unknown,136,29.97,1280,720,1170853d9b8cd4bdd320cd816948d40b,VALID
3671,W04056B.mp4,C:\Users\Admin\Python Advanced\Deep Learning - CV\Project\data\Dataset\Videos\W04056B.mp4,0.482,tôi yêu bạn,tôi yêu bạn,B (Miền Bắc / North),unknown,111,29.97,1280,720,e5aa9a97e494aa17009aaaa664b6c562,VALID
3672,W04056N.mp4,C:\Users\Admin\Python Advanced\Deep Learning - CV\Project\data\Dataset\Videos\W04056N.mp4,0.57,tôi yêu bạn,tôi yêu bạn,N (Miền Nam / South),unknown,106,29.97,1280,720,5fdfa70894fc04d1cd351dfa0b229e7e,VALID
3673,W04056T.mp4,C:\Users\Admin\Python Advanced\Deep Learning - CV\Project\data\Dataset\Videos\W04056T.mp4,0.483,tôi yêu bạn,tôi yêu bạn,T (Miền Trung / Central),unknown,111,29.97,1280,720,db1de8fba8f175f7bf400fd4e23b2202,VALID
3674,W04057B.mp4,C:\Users\Admin\Python Advanced\Deep Learning - CV\Project\data\Dataset\Videos\W04057B.mp4,0.685,yêu cầu,yêu cầu,B (Miền Bắc / North),unknown,149,29.97,1280,720,9c76eb44f847fda212a81d5fa178af09,VALID
3675,W04057N.mp4,C:\Users\Admin\Python Advanced\Deep Learning - CV\Project\data\Dataset\Videos\W04057N.mp4,1.243,yêu cầu,yêu cầu,N (Miền Nam / South),unknown,225,29.97,1280,720,aa944c84c704ce871d6ec7768579b494,VALID
3676,W04057T.mp4,C:\Users\Admin\Python Advanced\Deep Learning - CV\Project\data\Dataset\Videos\W04057T.mp4,1.239,yêu cầu,yêu cầu,T (Miền Trung / Central),unknown,225,29.97,1280,720,e579e3a217c5a93e100dce86e4204dde,VALID
3677,W04058B.mp4,C:\Users\Admin\Python Advanced\Deep Learning - CV\Project\data\Dataset\Videos\W04058B.mp4,0.544,yêu mến (yêu quí),yêu mến (yêu quí),B (Miền Bắc / North),unknown,103,29.97,1280,720,ebfe3946759c17b230178b067c78af11,VALID
3678,W04058N.mp4,C:\Users\Admin\Python Advanced\Deep Learning - CV\Project\data\Dataset\Videos\W04058N.mp4,0.644,yêu mến (yêu quí),yêu mến (yêu quí),N (Miền Nam / South),unknown,143,29.97,1280,720,5e536107acd4a4920a1d30a5cc390158,VALID
3679,W04059B.mp4,C:\Users\Admin\Python Advanced\Deep Learning - CV\Project\data\Dataset\Videos\W04059B.mp4,0.556,yếu,yếu,B (Miền Bắc / North),unknown,106,29.97,1280,720,3ab84e313fd9d47d2e8bf56e92189e6d,VALID
3680,W04059N.mp4,C:\Users\Admin\Python Advanced\Deep Learning - CV\Project\data\Dataset\Videos\W04059N.mp4,0.394,yếu,yếu,N (Miền Nam / South),unknown,99,29.97,1280,720,5554b6e845badeebbe2f2b5f7306cd46,VALID
3681,W04059T.mp4,C:\Users\Admin\Python Advanced\Deep Learning - CV\Project\data\Dataset\Videos\W04059T.mp4,0.394,yếu,yếu,T (Miền Trung / Central),unknown,99,29.97,1280,720,9e08438620bb78656cf1590343492200,VALID
3682,W04060.mp4,C:\Users\Admin\Python Advanced\Deep Learning - CV\Project\data\Dataset\Videos\W04060.mp4,0.649,yếu tố,yếu tố,Neutral / Unspecified,unknown,132,29.97,1280,720,eb8c2737b045eaf333c416a4f713ead8,VALID
3683,W04061.mp4,C:\Users\Admin\Python Advanced\Deep Learning - CV\Project\data\Dataset\Videos\W04061.mp4,1.262,công văn,công văn,Neutral / Unspecified,unknown,262,29.97,1280,720,c9514bb02b83e6ed65f371f15edbfc76,VALID
3684,W04062.mp4,C:\Users\Admin\Python Advanced\Deep Learning - CV\Project\data\Dataset\Videos\W04062.mp4,0.596,vá quần áo,vá quần áo,Neutral / Unspecified,unknown,137,29.97,1280,720,2a304457cb69546d6fe0464e8b67fa5d,VALID
3685,W04063.mp4,C:\Users\Admin\Python Advanced\Deep Learning - CV\Project\data\Dataset\Videos\W04063.mp4,1.565,hoan hô,hoan hô,Neutral / Unspecified,unknown,231,29.97,1280,720,5f36c538ad4ad192a37c7dba9a0e03b3,VALID
3686,W04065.mp4,C:\Users\Admin\Python Advanced\Deep Learning - CV\Project\data\Dataset\Videos\W04065.mp4,0.761,trả thù,trả thù,Neutral / Unspecified,unknown,139,29.97,1280,720,29bbdc6d7450a0a89699a1028d1c08f9,VALID
3687,W04066B.mp4,C:\Users\Admin\Python Advanced\Deep Learning - CV\Project\data\Dataset\Videos\W04066B.mp4,0.692,môn Địa lý,môn địa lý,B (Miền Bắc / North),unknown,128,29.97,1280,720,e57e3009e4da1b0abff148aff06aa02d,VALID
3688,W04066N.mp4,C:\Users\Admin\Python Advanced\Deep Learning - CV\Project\data\Dataset\Videos\W04066N.mp4,0.52,môn Địa lý,môn địa lý,N (Miền Nam / South),unknown,84,29.97,1280,720,952afe28cfe5af1393eb35fefec68970,VALID
3689,W04066T.mp4,C:\Users\Admin\Python Advanced\Deep Learning - CV\Project\data\Dataset\Videos\W04066T.mp4,0.522,môn Địa lý,môn địa lý,T (Miền Trung / Central),unknown,84,29.97,1280,720,9eae75d436972ab1c8b7f17a2aa93065,VALID
3690,W04068.mp4,C:\Users\Admin\Python Advanced\Deep Learning - CV\Project\data\Dataset\Videos\W04068.mp4,0.319,con trai,con trai,Neutral / Unspecified,unknown,79,29.97,1280,720,518d1f866ad31f2f2bb4b282e758ae2e,VALID
3691,W04069.mp4,C:\Users\Admin\Python Advanced\Deep Learning - CV\Project\data\Dataset\Videos\W04069.mp4,0.751,đệm,đệm,Neutral / Unspecified,unknown,140,29.97,1280,720,f382375b84028e7fd3c8c2a9c77c0e1c,VALID
3692,W04070.mp4,C:\Users\Admin\Python Advanced\Deep Learning - CV\Project\data\Dataset\Videos\W04070.mp4,0.623,gù lưng,gù lưng,Neutral / Unspecified,unknown,117,29.97,1280,720,8cade9e45bca1694273fe7109d978908,VALID
3693,W04071.mp4,C:\Users\Admin\Python Advanced\Deep Learning - CV\Project\data\Dataset\Videos\W04071.mp4,0.678,ai bảo,ai bảo,Neutral / Unspecified,unknown,99,23.98,1280,720,7f31091845f9dbe13bbbbc58a7398318,VALID
3694,W04072.mp4,C:\Users\Admin\Python Advanced\Deep Learning - CV\Project\data\Dataset\Videos\W04072.mp4,0.671,hãng ô tô,hãng ô tô,Neutral / Unspecified,unknown,71,23.98,1280,720,e6ce1e6f7fa3c29752355fd9dbe3b8b0,VALID
3695,D0005N.mp4,C:\Users\Admin\Python Advanced\Deep Learning - CV\Project\data\Dataset\Videos\D0005N.mp4,1.011,Miến Điện (nước Mi-an-ma),miến điện (nước mi-an-ma),N (Miền Nam / South),unknown,213,29.97,1280,720,f54a48fe2af552c9291b5055aac61b08,VALID
3696,D0005T.mp4,C:\Users\Admin\Python Advanced\Deep Learning - CV\Project\data\Dataset\Videos\D0005T.mp4,1.017,Miến Điện (nước Mi-an-ma),miến điện (nước mi-an-ma),T (Miền Trung / Central),unknown,213,29.97,1280,720,0e2c106eec5c6c455545cb73ae0e8d8d,VALID
3697,D0013.mp4,C:\Users\Admin\Python Advanced\Deep Learning - CV\Project\data\Dataset\Videos\D0013.mp4,0.429,người nước ngoài,người nước ngoài,Neutral / Unspecified,unknown,114,29.97,1280,720,bc812dc9d501f2e586b16cb30b6b7d4f,VALID
3698,D0021.mp4,C:\Users\Admin\Python Advanced\Deep Learning - CV\Project\data\Dataset\Videos\D0021.mp4,0.635,hói đầu,hói đầu,Neutral / Unspecified,unknown,120,29.97,1280,720,932f22e3844a2f00f3bc14c3c8638777,VALID
3699,D0026.mp4,C:\Users\Admin\Python Advanced\Deep Learning - CV\Project\data\Dataset\Videos\D0026.mp4,0.687,thèm,thèm,Neutral / Unspecified,unknown,145,29.97,1280,720,6ce274132e61e71fce54874b53eec41f,VALID
3700,D0027.mp4,C:\Users\Admin\Python Advanced\Deep Learning - CV\Project\data\Dataset\Videos\D0027.mp4,0.919,thèm rỏ dãi,thèm rỏ dãi,Neutral / Unspecified,unknown,129,29.97,1280,720,914b298211f4542d447207d1085a4e22,VALID
3701,D0037.mp4,C:\Users\Admin\Python Advanced\Deep Learning - CV\Project\data\Dataset\Videos\D0037.mp4,0.468,tự giác,tự giác,Neutral / Unspecified,unknown,109,29.97,1280,720,eb68772f3fc6011ee7a38d7715f52d74,VALID
3702,D0043N.mp4,C:\Users\Admin\Python Advanced\Deep Learning - CV\Project\data\Dataset\Videos\D0043N.mp4,0.754,ngày giải phóng thủ đô 10/10,ngày giải phóng thủ đô 10/10,N (Miền Nam / South),unknown,140,29.97,1280,720,b77b04d7f14a726f2789134e339c2f0f,VALID
3703,D0044T.mp4,C:\Users\Admin\Python Advanced\Deep Learning - CV\Project\data\Dataset\Videos\D0044T.mp4,0.701,ngày Giải phóng miền Nam 30/4,ngày giải phóng miền nam 30/4,T (Miền Trung / Central),unknown,131,29.97,1280,720,36529382c1531b55fc71fc34fa3d6af3,VALID
3704,D0045N.mp4,C:\Users\Admin\Python Advanced\Deep Learning - CV\Project\data\Dataset\Videos\D0045N.mp4,0.709,ngày Người khuyết tật Việt Nam 18/4,ngày người khuyết tật việt nam 18/4,N (Miền Nam / South),unknown,150,29.97,1280,720,9befda1b113ad60771a8a4ec5d48d24a,VALID
3705,D0049N.mp4,C:\Users\Admin\Python Advanced\Deep Learning - CV\Project\data\Dataset\Videos\D0049N.mp4,0.957,ngày Phụ nữ Việt Nam 20/10,ngày phụ nữ việt nam 20/10,N (Miền Nam / South),unknown,170,29.97,1280,720,dafad00b6f502feed344f01157f2d652,VALID
3706,D0052T.mp4,C:\Users\Admin\Python Advanced\Deep Learning - CV\Project\data\Dataset\Videos\D0052T.mp4,0.611,ngày Ngôn ngữ kí hiệu Quốc tế 23/9,ngày ngôn ngữ kí hiệu quốc tế 23/9,T (Miền Trung / Central),unknown,107,29.97,1280,720,c4d5c1249c303be85386fa0581b6d0aa,VALID
3707,D0052N.mp4,C:\Users\Admin\Python Advanced\Deep Learning - CV\Project\data\Dataset\Videos\D0052N.mp4,0.838,ngày Ngôn ngữ kí hiệu Quốc tế 23/9,ngày ngôn ngữ kí hiệu quốc tế 23/9,N (Miền Nam / South),unknown,140,29.97,1280,720,6d6c69458501e7215af848fae57a4270,VALID
3708,D0053B.mp4,C:\Users\Admin\Python Advanced\Deep Learning - CV\Project\data\Dataset\Videos\D0053B.mp4,1.146,tuần lễ người Điếc thế giới,tuần lễ người điếc thế giới,B (Miền Bắc / North),unknown,175,29.97,1280,720,ba752ddc714012a14e19a2315d9141f5,VALID
3709,D0057T.mp4,C:\Users\Admin\Python Advanced\Deep Learning - CV\Project\data\Dataset\Videos\D0057T.mp4,0.833,ngày thầy thuốc Việt Nam,ngày thầy thuốc việt nam,T (Miền Trung / Central),unknown,168,29.97,1280,720,db6e9bcf6e8412f72ca6bb63302ee527,VALID
3710,D0063.mp4,C:\Users\Admin\Python Advanced\Deep Learning - CV\Project\data\Dataset\Videos\D0063.mp4,0.571,đồng bằng duyên hải miền Trung,đồng bằng duyên hải miền trung,Neutral / Unspecified,unknown,136,29.97,1280,720,a5e69c50e28971a8fcda3ecd30add5f1,VALID
3711,D0067.mp4,C:\Users\Admin\Python Advanced\Deep Learning - CV\Project\data\Dataset\Videos\D0067.mp4,0.589,ti hí mắt,ti hí mắt,Neutral / Unspecified,unknown,132,29.97,1280,720,905e4270830836f9c001c9ff6bc1fb06,VALID
3712,D0069.mp4,C:\Users\Admin\Python Advanced\Deep Learning - CV\Project\data\Dataset\Videos\D0069.mp4,0.754,bối rối,bối rối,Neutral / Unspecified,unknown,117,29.97,1280,720,f75f9ca2d542dd34ead3e5dd6ac30173,VALID
3713,D0072B.mp4,C:\Users\Admin\Python Advanced\Deep Learning - CV\Project\data\Dataset\Videos\D0072B.mp4,0.469,suýt,suýt,B (Miền Bắc / North),unknown,94,29.97,1280,720,252d272c6bfccc8e1da5a5d84f08540e,VALID
3714,D0074.mp4,C:\Users\Admin\Python Advanced\Deep Learning - CV\Project\data\Dataset\Videos\D0074.mp4,0.901,cá kiếm,cá kiếm,Neutral / Unspecified,unknown,166,29.97,1280,720,d886ca9abd9cd893c99fe87d977ea52d,VALID
3715,D0076.mp4,C:\Users\Admin\Python Advanced\Deep Learning - CV\Project\data\Dataset\Videos\D0076.mp4,0.872,đuôi chuột,đuôi chuột,Neutral / Unspecified,unknown,164,29.97,1280,720,1e794ddaac35a744546c253164e5e0fe,VALID
3716,D0077B.mp4,C:\Users\Admin\Python Advanced\Deep Learning - CV\Project\data\Dataset\Videos\D0077B.mp4,0.604,bít tết (bò),bít tết (bò),B (Miền Bắc / North),unknown,118,29.97,1280,720,889692641153198e7b792ffef3b35bdc,VALID
3717,D0077N.mp4,C:\Users\Admin\Python Advanced\Deep Learning - CV\Project\data\Dataset\Videos\D0077N.mp4,0.561,bít tết (bò),bít tết (bò),N (Miền Nam / South),unknown,125,29.97,1280,720,b7ff1204e88b7c50dae0a0e3677b9a27,VALID
3718,D0082T.mp4,C:\Users\Admin\Python Advanced\Deep Learning - CV\Project\data\Dataset\Videos\D0082T.mp4,0.413,mỳ ý,mỳ ý,T (Miền Trung / Central),unknown,96,29.97,1280,720,3403cde3020c4cc6aac46cb6fa486ec2,VALID
3719,D0094.mp4,C:\Users\Admin\Python Advanced\Deep Learning - CV\Project\data\Dataset\Videos\D0094.mp4,0.547,thí nghiệm,thí nghiệm,Neutral / Unspecified,unknown,112,29.97,1280,720,996c6f9394d3f2d4c19390cbcfa38891,VALID
3720,D0093.mp4,C:\Users\Admin\Python Advanced\Deep Learning - CV\Project\data\Dataset\Videos\D0093.mp4,1.169,đạo diễn,đạo diễn,Neutral / Unspecified,unknown,211,29.97,1280,720,1d023922fe057f75750617cd01775517,VALID
3721,D0097.mp4,C:\Users\Admin\Python Advanced\Deep Learning - CV\Project\data\Dataset\Videos\D0097.mp4,0.622,kỹ năng,kỹ năng,Neutral / Unspecified,unknown,116,29.97,1280,720,51584d8361846c4b1d4648e29637dde7,VALID
3722,D0102.mp4,C:\Users\Admin\Python Advanced\Deep Learning - CV\Project\data\Dataset\Videos\D0102.mp4,0.86,may mắn,may mắn,Neutral / Unspecified,unknown,150,29.97,1280,720,95c10cdf2c0280e24cc7d0fbce1e1e90,VALID
3723,D0101.mp4,C:\Users\Admin\Python Advanced\Deep Learning - CV\Project\data\Dataset\Videos\D0101.mp4,0.569,cực khổ,cực khổ,Neutral / Unspecified,unknown,141,29.97,1280,720,50480d4cb388897b1a217f422dfad262,VALID
3724,D0108T.mp4,C:\Users\Admin\Python Advanced\Deep Learning - CV\Project\data\Dataset\Videos\D0108T.mp4,0.733,thiệp sinh nhật,thiệp sinh nhật,T (Miền Trung / Central),unknown,134,29.97,1280,720,19acf68a39e9165b5b8e08f5e95b1363,VALID
3725,D0110.mp4,C:\Users\Admin\Python Advanced\Deep Learning - CV\Project\data\Dataset\Videos\D0110.mp4,0.66,bánh tráng,bánh tráng,Neutral / Unspecified,unknown,159,29.97,1280,720,b4bf7b2c5080e10a25842cb0110c17bc,VALID
3726,D0116.mp4,C:\Users\Admin\Python Advanced\Deep Learning - CV\Project\data\Dataset\Videos\D0116.mp4,0.784,đất ruộng,đất ruộng,Neutral / Unspecified,unknown,148,29.97,1280,720,8e85497eb50e9895cece8e2ccf3ee856,VALID
3727,D0119B.mp4,C:\Users\Admin\Python Advanced\Deep Learning - CV\Project\data\Dataset\Videos\D0119B.mp4,0.339,đúng không?,đúng không?,B (Miền Bắc / North),unknown,94,29.97,1280,720,cce915c6296bd8a11f303ec05d1dc3c9,VALID
3728,D0119N.mp4,C:\Users\Admin\Python Advanced\Deep Learning - CV\Project\data\Dataset\Videos\D0119N.mp4,0.626,đúng không?,đúng không?,N (Miền Nam / South),unknown,117,29.97,1280,720,23a7cba7bbd867e34523c0fd08e73493,VALID
3729,D0122B.mp4,C:\Users\Admin\Python Advanced\Deep Learning - CV\Project\data\Dataset\Videos\D0122B.mp4,0.404,cần không?,cần không?,B (Miền Bắc / North),unknown,90,29.97,1280,720,726c9e97ceff382d0a5b5b751da052f4,VALID
3730,D0122N.mp4,C:\Users\Admin\Python Advanced\Deep Learning - CV\Project\data\Dataset\Videos\D0122N.mp4,0.32,cần không?,cần không?,N (Miền Nam / South),unknown,78,29.97,1280,720,29f83656b665dcc3085384225fdd8044,VALID
3731,D0126.mp4,C:\Users\Admin\Python Advanced\Deep Learning - CV\Project\data\Dataset\Videos\D0126.mp4,1.192,sợ không?,sợ không?,Neutral / Unspecified,unknown,233,29.97,1280,720,1c9025e2939da8a7e3fde5b22bcafe2a,VALID
3732,D0124.mp4,C:\Users\Admin\Python Advanced\Deep Learning - CV\Project\data\Dataset\Videos\D0124.mp4,0.439,kia,kia,Neutral / Unspecified,unknown,96,29.97,1280,720,2102a08a656f7cfea37b45d5c963ad68,VALID
3733,D0133.mp4,C:\Users\Admin\Python Advanced\Deep Learning - CV\Project\data\Dataset\Videos\D0133.mp4,0.448,chúng tôi (5 người) (đại từ),chúng tôi (5 người) (đại từ),Neutral / Unspecified,unknown,99,29.97,1280,720,a15795e5b6503f078dbb6bbf66f90992,VALID
3734,D0135.mp4,C:\Users\Admin\Python Advanced\Deep Learning - CV\Project\data\Dataset\Videos\D0135.mp4,0.436,các bạn (2 người),các bạn (2 người),Neutral / Unspecified,unknown,108,29.97,1280,720,2dc3d727a4d2a3eca1612f5b85876d82,VALID
3735,D0138.mp4,C:\Users\Admin\Python Advanced\Deep Learning - CV\Project\data\Dataset\Videos\D0138.mp4,0.472,bạn yêu tôi,bạn yêu tôi,Neutral / Unspecified,unknown,112,29.97,1280,720,484865b897c9db25891f6857fe25c3b2,VALID
3736,D0144B.mp4,C:\Users\Admin\Python Advanced\Deep Learning - CV\Project\data\Dataset\Videos\D0144B.mp4,0.469,"chị hai, chị cả","chị hai, chị cả",B (Miền Bắc / North),unknown,89,29.97,1280,720,5a1a684bf9099ff27a8f6a38bae47470,VALID
3737,D0153B.mp4,C:\Users\Admin\Python Advanced\Deep Learning - CV\Project\data\Dataset\Videos\D0153B.mp4,0.552,em họ,em họ,B (Miền Bắc / North),unknown,117,29.97,1280,720,eded34f6250297e7c7d6e97d266dd4bf,VALID
3738,D0153N.mp4,C:\Users\Admin\Python Advanced\Deep Learning - CV\Project\data\Dataset\Videos\D0153N.mp4,0.407,em họ,em họ,N (Miền Nam / South),unknown,96,29.97,1280,720,819e90fdb8df1b6fb5d0a32c27c286e4,VALID
3739,D0155N.mp4,C:\Users\Admin\Python Advanced\Deep Learning - CV\Project\data\Dataset\Videos\D0155N.mp4,0.519,sống sót,sống sót,N (Miền Nam / South),unknown,105,29.97,1280,720,32bd8d6d037824f8aecf1a76fadaa6b6,VALID
3740,D0155T.mp4,C:\Users\Admin\Python Advanced\Deep Learning - CV\Project\data\Dataset\Videos\D0155T.mp4,0.499,sống sót,sống sót,T (Miền Trung / Central),unknown,108,29.97,1280,720,215ed14baf19ad026bab446186dea8a4,VALID
3741,D0156N.mp4,C:\Users\Admin\Python Advanced\Deep Learning - CV\Project\data\Dataset\Videos\D0156N.mp4,0.725,thường xuyên,thường xuyên,N (Miền Nam / South),unknown,139,29.97,1280,720,5a710ab8ead5fed2656aafaf6d869884,VALID
3742,D0160.mp4,C:\Users\Admin\Python Advanced\Deep Learning - CV\Project\data\Dataset\Videos\D0160.mp4,0.673,về 3 (đi về),về 3 (đi về),Neutral / Unspecified,unknown,129,29.97,1280,720,35614e0017c4df5b4e6209bfe548f8ff,VALID
3743,D0163B.mp4,C:\Users\Admin\Python Advanced\Deep Learning - CV\Project\data\Dataset\Videos\D0163B.mp4,0.553,hẹn,hẹn,B (Miền Bắc / North),unknown,132,29.97,1280,720,42284d44519d39fb0b4cd34d79491dab,VALID
3744,D0163T.mp4,C:\Users\Admin\Python Advanced\Deep Learning - CV\Project\data\Dataset\Videos\D0163T.mp4,0.386,hẹn,hẹn,T (Miền Trung / Central),unknown,105,29.97,1280,720,0991575147095fd26bfbb71599a94d90,VALID
3745,D0170T.mp4,C:\Users\Admin\Python Advanced\Deep Learning - CV\Project\data\Dataset\Videos\D0170T.mp4,0.421,hàng ngày,hàng ngày,T (Miền Trung / Central),unknown,98,29.97,1280,720,7dd93910de8c7f5b5d3d7df62767681b,VALID
3746,D0171.mp4,C:\Users\Admin\Python Advanced\Deep Learning - CV\Project\data\Dataset\Videos\D0171.mp4,0.687,ăn vú sữa (bằng thìa),ăn vú sữa (bằng thìa),Neutral / Unspecified,unknown,135,29.97,1280,720,032c7951609c6dfe8e3c4c91e9ba2734,VALID
3747,D0186.mp4,C:\Users\Admin\Python Advanced\Deep Learning - CV\Project\data\Dataset\Videos\D0186.mp4,1.081,suy ra (Toán học),suy ra (toán học),Neutral / Unspecified,unknown,209,29.97,1280,720,2192a117826459fa24b7ef572d8a6f19,VALID
3748,D0188B.mp4,C:\Users\Admin\Python Advanced\Deep Learning - CV\Project\data\Dataset\Videos\D0188B.mp4,0.33,hoặc,hoặc,B (Miền Bắc / North),unknown,90,29.97,1280,720,9890c8b2c8ffcccf28e17cae75f6763b,VALID
3749,D0190T.mp4,C:\Users\Admin\Python Advanced\Deep Learning - CV\Project\data\Dataset\Videos\D0190T.mp4,0.265,không muốn,không muốn,T (Miền Trung / Central),unknown,65,29.97,1280,720,da8efe270fd1527e8587a2ef1ad42178,VALID
3750,D0192T.mp4,C:\Users\Admin\Python Advanced\Deep Learning - CV\Project\data\Dataset\Videos\D0192T.mp4,0.411,xem,xem,T (Miền Trung / Central),unknown,101,29.97,1280,720,40a449f975f48dd60f75488ed8a0eaf6,VALID
3751,D0209B.mp4,C:\Users\Admin\Python Advanced\Deep Learning - CV\Project\data\Dataset\Videos\D0209B.mp4,0.339,dám làm,dám làm,B (Miền Bắc / North),unknown,80,29.97,1280,720,023daacd1d1c4787cac96f50bf584cf3,VALID
3752,D0213B.mp4,C:\Users\Admin\Python Advanced\Deep Learning - CV\Project\data\Dataset\Videos\D0213B.mp4,0.433,ung thư,ung thư,B (Miền Bắc / North),unknown,106,29.97,1280,720,a2444c2db1ace55405291330dea4b6ce,VALID
3753,D0213N.mp4,C:\Users\Admin\Python Advanced\Deep Learning - CV\Project\data\Dataset\Videos\D0213N.mp4,0.505,ung thư,ung thư,N (Miền Nam / South),unknown,123,29.97,1280,720,849d602c9cf8dec856a4a07f53899f1c,VALID
3754,D0216.mp4,C:\Users\Admin\Python Advanced\Deep Learning - CV\Project\data\Dataset\Videos\D0216.mp4,0.658,vòng nguyệt quế,vòng nguyệt quế,Neutral / Unspecified,unknown,125,29.97,1280,720,6d20f734c17e3ad79ad9c65beae03c06,VALID
3755,D0221.mp4,C:\Users\Admin\Python Advanced\Deep Learning - CV\Project\data\Dataset\Videos\D0221.mp4,1.587,tận số,tận số,Neutral / Unspecified,unknown,242,29.97,1280,720,4d075f72d08a2abc14094a2a76d8b132,VALID
3756,D0226.mp4,C:\Users\Admin\Python Advanced\Deep Learning - CV\Project\data\Dataset\Videos\D0226.mp4,0.499,đàng hoàng,đàng hoàng,Neutral / Unspecified,unknown,116,29.97,1280,720,078585ba478651bbba8d72dd38ed21b1,VALID
3757,D0228.mp4,C:\Users\Admin\Python Advanced\Deep Learning - CV\Project\data\Dataset\Videos\D0228.mp4,0.646,lau miệng,lau miệng,Neutral / Unspecified,unknown,126,29.97,1280,720,279cb79d2e3c6f2be13191a9fe1217cc,VALID
3758,D0231.mp4,C:\Users\Admin\Python Advanced\Deep Learning - CV\Project\data\Dataset\Videos\D0231.mp4,0.484,quan hệ từ,quan hệ từ,Neutral / Unspecified,unknown,99,29.97,1280,720,59d436c7351d40c18e11fcb94c76c2b4,VALID
3759,D0232.mp4,C:\Users\Admin\Python Advanced\Deep Learning - CV\Project\data\Dataset\Videos\D0232.mp4,2.224,yêu nước Việt Nam,yêu nước việt nam,Neutral / Unspecified,unknown,320,29.97,1280,720,aaf3794ce6f44f5ed675c2b33df1e198,VALID
3760,D0246.mp4,C:\Users\Admin\Python Advanced\Deep Learning - CV\Project\data\Dataset\Videos\D0246.mp4,1.03,quanh năm,quanh năm,Neutral / Unspecified,unknown,148,29.97,1280,720,37c4b0470851a9e9c229bb7697d29144,VALID
3761,D0254.mp4,C:\Users\Admin\Python Advanced\Deep Learning - CV\Project\data\Dataset\Videos\D0254.mp4,0.979,cảnh giác,cảnh giác,Neutral / Unspecified,unknown,167,29.97,1280,720,6510216ac8da3f44df6e8985976bd7a8,VALID
3762,D0262.mp4,C:\Users\Admin\Python Advanced\Deep Learning - CV\Project\data\Dataset\Videos\D0262.mp4,0.753,háo hức,háo hức,Neutral / Unspecified,unknown,134,29.97,1280,720,152309e88b1f61b1f9db970dab5b862e,VALID
3763,D0270B.mp4,C:\Users\Admin\Python Advanced\Deep Learning - CV\Project\data\Dataset\Videos\D0270B.mp4,0.502,lạnh lùng,lạnh lùng,B (Miền Bắc / North),unknown,108,29.97,1280,720,38b100830dfa3960883c732984384200,VALID
3764,D0271T.mp4,C:\Users\Admin\Python Advanced\Deep Learning - CV\Project\data\Dataset\Videos\D0271T.mp4,0.73,dỗi,dỗi,T (Miền Trung / Central),unknown,146,29.97,1280,720,88baeb16cdb43f92ee296028b88153d1,VALID
3765,D0274.mp4,C:\Users\Admin\Python Advanced\Deep Learning - CV\Project\data\Dataset\Videos\D0274.mp4,0.303,nhổ râu,nhổ râu,Neutral / Unspecified,unknown,84,29.97,1280,720,cb110c20e6bd23cd15c0ad2cab6aa6d2,VALID
3766,D0277.mp4,C:\Users\Admin\Python Advanced\Deep Learning - CV\Project\data\Dataset\Videos\D0277.mp4,0.386,nhổ răng,nhổ răng,Neutral / Unspecified,unknown,101,29.97,1280,720,4774d90d8059817ce45765b279988551,VALID
3767,D0283.mp4,C:\Users\Admin\Python Advanced\Deep Learning - CV\Project\data\Dataset\Videos\D0283.mp4,0.285,mọc ria mép,mọc ria mép,Neutral / Unspecified,unknown,76,29.97,1280,720,fd24ebd9533e8c446b35bfc8f19dc1e5,VALID
3768,D0288.mp4,C:\Users\Admin\Python Advanced\Deep Learning - CV\Project\data\Dataset\Videos\D0288.mp4,0.502,tương lai,tương lai,Neutral / Unspecified,unknown,98,29.97,1280,720,ebb22f4201e8b4aeb15d30f1d0667797,VALID
3769,D0292.mp4,C:\Users\Admin\Python Advanced\Deep Learning - CV\Project\data\Dataset\Videos\D0292.mp4,0.82,nhảy bao bố,nhảy bao bố,Neutral / Unspecified,unknown,133,29.97,1280,720,b26fc64e2b2088f5e2b7a33f8eccd80e,VALID
3770,D0291.mp4,C:\Users\Admin\Python Advanced\Deep Learning - CV\Project\data\Dataset\Videos\D0291.mp4,0.699,trốn tìm,trốn tìm,Neutral / Unspecified,unknown,124,29.97,1280,720,d46adf60764cc732195818b0a6bc69d1,VALID
3771,D0294.mp4,C:\Users\Admin\Python Advanced\Deep Learning - CV\Project\data\Dataset\Videos\D0294.mp4,0.559,kéo co,kéo co,Neutral / Unspecified,unknown,99,29.97,1280,720,97b6c2543c33fb4fd4a30eeaa482c857,VALID
3772,D0307N.mp4,C:\Users\Admin\Python Advanced\Deep Learning - CV\Project\data\Dataset\Videos\D0307N.mp4,0.422,công nghiệp,công nghiệp,N (Miền Nam / South),unknown,104,29.97,1280,720,42b8c62a6433dfac76677a1b393dab86,VALID
3773,D0318.mp4,C:\Users\Admin\Python Advanced\Deep Learning - CV\Project\data\Dataset\Videos\D0318.mp4,0.51,máy xúc,máy xúc,Neutral / Unspecified,unknown,99,29.97,1280,720,1800012a8b2f98016da10e84011ef2bc,VALID
3774,D0319.mp4,C:\Users\Admin\Python Advanced\Deep Learning - CV\Project\data\Dataset\Videos\D0319.mp4,0.365,cảng Hải Phòng,cảng hải phòng,Neutral / Unspecified,unknown,85,29.97,1280,720,11eeaa5c10765a9c937238bdcfae629f,VALID
3775,D0322.mp4,C:\Users\Admin\Python Advanced\Deep Learning - CV\Project\data\Dataset\Videos\D0322.mp4,0.375,phân biệt,phân biệt,Neutral / Unspecified,unknown,87,29.97,1280,720,990a5aff143cf4b2951dea68112df314,VALID
3776,D0342N.mp4,C:\Users\Admin\Python Advanced\Deep Learning - CV\Project\data\Dataset\Videos\D0342N.mp4,0.816,ham chơi,ham chơi,N (Miền Nam / South),unknown,106,29.97,1280,720,4c5b8288bab43014237bfcdfd6dab525,VALID
3777,D0347B.mp4,C:\Users\Admin\Python Advanced\Deep Learning - CV\Project\data\Dataset\Videos\D0347B.mp4,0.567,da ngăm (nước da ngăm đen),da ngăm (nước da ngăm đen),B (Miền Bắc / North),unknown,119,29.97,1280,720,c60b2c434c3de37c11f533490590273b,VALID
3778,D0353.mp4,C:\Users\Admin\Python Advanced\Deep Learning - CV\Project\data\Dataset\Videos\D0353.mp4,0.488,thuộc địa,thuộc địa,Neutral / Unspecified,unknown,101,29.97,1280,720,f718adb313a6769210ab2c0e1226554b,VALID
3779,D0362.mp4,C:\Users\Admin\Python Advanced\Deep Learning - CV\Project\data\Dataset\Videos\D0362.mp4,0.438,phẫu thuật mắt,phẫu thuật mắt,Neutral / Unspecified,unknown,105,29.97,1280,720,7ef252025c92ad1329bd8866b3bf2317,VALID
3780,D0366.mp4,C:\Users\Admin\Python Advanced\Deep Learning - CV\Project\data\Dataset\Videos\D0366.mp4,0.563,bệnh phong/cùi,bệnh phong/cùi,Neutral / Unspecified,unknown,112,29.97,1280,720,98ca8f58852793fce40b2c56bbb28487,VALID
3781,D03671.mp4,C:\Users\Admin\Python Advanced\Deep Learning - CV\Project\data\Dataset\Videos\D03671.mp4,0.305,bệnh Đao - Down,bệnh đao - down,Neutral / Unspecified,unknown,75,29.97,1280,720,fbb4aeba35667f9b8e6657417d1cdc0a,VALID
3782,D0382.mp4,C:\Users\Admin\Python Advanced\Deep Learning - CV\Project\data\Dataset\Videos\D0382.mp4,0.765,thiu,thiu,Neutral / Unspecified,unknown,157,29.97,1280,720,848b8228c4b7deabd752a0260d861e40,VALID
3783,D0383.mp4,C:\Users\Admin\Python Advanced\Deep Learning - CV\Project\data\Dataset\Videos\D0383.mp4,0.609,nguội,nguội,Neutral / Unspecified,unknown,142,29.97,1280,720,aa7666baf6c62e862ce62651461e762b,VALID
3784,D0393.mp4,C:\Users\Admin\Python Advanced\Deep Learning - CV\Project\data\Dataset\Videos\D0393.mp4,0.499,bánh canh,bánh canh,Neutral / Unspecified,unknown,118,29.97,1280,720,d005e02f4f9d080e2852aa2b1573a53b,VALID
3785,D0396T.mp4,C:\Users\Admin\Python Advanced\Deep Learning - CV\Project\data\Dataset\Videos\D0396T.mp4,0.91,nước ép trái cây,nước ép trái cây,T (Miền Trung / Central),unknown,151,29.97,1280,720,7032c150c6e7cb60629edaad0e948cfa,VALID
3786,D0405.mp4,C:\Users\Admin\Python Advanced\Deep Learning - CV\Project\data\Dataset\Videos\D0405.mp4,0.612,trà sữa,trà sữa,Neutral / Unspecified,unknown,133,29.97,1280,720,338cb83e3839ef42a0315e2d8589eba8,VALID
3787,D0413.mp4,C:\Users\Admin\Python Advanced\Deep Learning - CV\Project\data\Dataset\Videos\D0413.mp4,0.696,rửa mặt,rửa mặt,Neutral / Unspecified,unknown,129,29.97,1280,720,5685dcd63030eb74d27900640844fb99,VALID
3788,D0411.mp4,C:\Users\Admin\Python Advanced\Deep Learning - CV\Project\data\Dataset\Videos\D0411.mp4,0.473,chung tay,chung tay,Neutral / Unspecified,unknown,89,29.97,1280,720,d3205a7bafa1567715280f333dbaf2a1,VALID
3789,D0419.mp4,C:\Users\Admin\Python Advanced\Deep Learning - CV\Project\data\Dataset\Videos\D0419.mp4,0.594,cuối tuần,cuối tuần,Neutral / Unspecified,unknown,115,29.97,1280,720,8221320b3374f2b1713c4969d2414b9f,VALID
3790,D0420.mp4,C:\Users\Admin\Python Advanced\Deep Learning - CV\Project\data\Dataset\Videos\D0420.mp4,0.438,cuối tháng,cuối tháng,Neutral / Unspecified,unknown,108,29.97,1280,720,8bc04d08af086761448567005951ebc2,VALID
3791,D0424.mp4,C:\Users\Admin\Python Advanced\Deep Learning - CV\Project\data\Dataset\Videos\D0424.mp4,0.568,đôi/cặp,đôi/cặp,Neutral / Unspecified,unknown,121,29.97,1280,720,7b5a211f1d71fdd2859b6235e4ebd97c,VALID
3792,D0428.mp4,C:\Users\Admin\Python Advanced\Deep Learning - CV\Project\data\Dataset\Videos\D0428.mp4,0.523,tóc dài,tóc dài,Neutral / Unspecified,unknown,111,29.97,1280,720,8c1d3c91786d875666f3d2a84f9a107b,VALID
3793,D0430T.mp4,C:\Users\Admin\Python Advanced\Deep Learning - CV\Project\data\Dataset\Videos\D0430T.mp4,0.323,tổng kết/bế giảng,tổng kết/bế giảng,T (Miền Trung / Central),unknown,80,29.97,1280,720,e993d004461435bc7a1b324789a573a9,VALID
3794,D0432B.mp4,C:\Users\Admin\Python Advanced\Deep Learning - CV\Project\data\Dataset\Videos\D0432B.mp4,2.008,tay chân sạch sẽ,tay chân sạch sẽ,B (Miền Bắc / North),unknown,306,29.97,1280,720,64b7207f5c1330d9edeccc9469135087,VALID
3795,D0437B.mp4,C:\Users\Admin\Python Advanced\Deep Learning - CV\Project\data\Dataset\Videos\D0437B.mp4,0.555,đùa,đùa,B (Miền Bắc / North),unknown,123,29.97,1280,720,a08832960cde504ad8ff38e80c488abd,VALID
3796,D0441.mp4,C:\Users\Admin\Python Advanced\Deep Learning - CV\Project\data\Dataset\Videos\D0441.mp4,0.523,ăn vừa,ăn vừa,Neutral / Unspecified,unknown,123,29.97,1280,720,efe4ba3dd502e905b7bc2cdd0a9ea0f1,VALID
3797,D0447.mp4,C:\Users\Admin\Python Advanced\Deep Learning - CV\Project\data\Dataset\Videos\D0447.mp4,0.403,cái vợt cá,cái vợt cá,Neutral / Unspecified,unknown,99,29.97,1280,720,ad03400a7130f8cfeb774e13a3f72fc4,VALID
3798,D0452B.mp4,C:\Users\Admin\Python Advanced\Deep Learning - CV\Project\data\Dataset\Videos\D0452B.mp4,0.65,họp nhóm,họp nhóm,B (Miền Bắc / North),unknown,125,29.97,1280,720,eba3dbf8947dcd0dd27a449211e4bab7,VALID
3799,D0452T.mp4,C:\Users\Admin\Python Advanced\Deep Learning - CV\Project\data\Dataset\Videos\D0452T.mp4,0.654,họp nhóm,họp nhóm,T (Miền Trung / Central),unknown,125,29.97,1280,720,6a5f3f61fce9d92e0b0381fec1eede25,VALID
3800,D0457.mp4,C:\Users\Admin\Python Advanced\Deep Learning - CV\Project\data\Dataset\Videos\D0457.mp4,0.49,nước mắm,nước mắm,Neutral / Unspecified,unknown,114,29.97,1280,720,49eecfc21b525d3ba6b9a2fb679c536e,VALID
3801,D0471.mp4,C:\Users\Admin\Python Advanced\Deep Learning - CV\Project\data\Dataset\Videos\D0471.mp4,0.663,chùa Yên Tử,chùa yên tử,Neutral / Unspecified,unknown,149,29.97,1280,720,0c318bce94d777a8c98e240c664d9eb7,VALID
3802,D0475.mp4,C:\Users\Admin\Python Advanced\Deep Learning - CV\Project\data\Dataset\Videos\D0475.mp4,0.473,phong toả,phong toả,Neutral / Unspecified,unknown,116,29.97,1280,720,097b0a7772be9fc790022164b0c82b3a,VALID
3803,D0482.mp4,C:\Users\Admin\Python Advanced\Deep Learning - CV\Project\data\Dataset\Videos\D0482.mp4,0.526,hoa dâm bụt,hoa dâm bụt,Neutral / Unspecified,unknown,121,29.97,1280,720,c5a2c2c248a50ce724aabe62430e4e4a,VALID
3804,D0483.mp4,C:\Users\Admin\Python Advanced\Deep Learning - CV\Project\data\Dataset\Videos\D0483.mp4,0.672,kết luận,kết luận,Neutral / Unspecified,unknown,131,29.97,1280,720,5d0fb6cdd26eb122d5f4d2c17cd6a4ef,VALID
3805,D0490T.mp4,C:\Users\Admin\Python Advanced\Deep Learning - CV\Project\data\Dataset\Videos\D0490T.mp4,0.914,ă,ă,T (Miền Trung / Central),unknown,128,23.98,1280,720,342d8d369c39b09449fe8af21e18e588,VALID
3806,D0492.mp4,C:\Users\Admin\Python Advanced\Deep Learning - CV\Project\data\Dataset\Videos\D0492.mp4,0.649,b,b,Neutral / Unspecified,unknown,93,23.98,1280,720,a53c96d777d22029852093895ccb0f70,VALID
3807,D0498N.mp4,C:\Users\Admin\Python Advanced\Deep Learning - CV\Project\data\Dataset\Videos\D0498N.mp4,0.58,g,g,N (Miền Nam / South),unknown,90,23.98,1280,720,a6416916fcd1c6cb2aa03ba12d93de98,VALID
3808,D0500T.mp4,C:\Users\Admin\Python Advanced\Deep Learning - CV\Project\data\Dataset\Videos\D0500T.mp4,1.235,h,h,T (Miền Trung / Central),unknown,147,23.98,1280,720,c173e6ea01716a6fd9083ec2aeaf74c4,VALID
3809,D0502.mp4,C:\Users\Admin\Python Advanced\Deep Learning - CV\Project\data\Dataset\Videos\D0502.mp4,0.432,k,k,Neutral / Unspecified,unknown,65,23.98,1280,720,dd21cc2ba61fd395f15047dc007e656b,VALID
3810,D0509B.mp4,C:\Users\Admin\Python Advanced\Deep Learning - CV\Project\data\Dataset\Videos\D0509B.mp4,0.536,p,p,B (Miền Bắc / North),unknown,96,23.98,1280,720,e3e65712d7f3efb17bf35f3863581ec4,VALID
3811,D0517N.mp4,C:\Users\Admin\Python Advanced\Deep Learning - CV\Project\data\Dataset\Videos\D0517N.mp4,0.474,x,x,N (Miền Nam / South),unknown,106,29.97,1280,720,89b57086b29a7fdde1b6943328ca4649,VALID
3812,D0525B.mp4,C:\Users\Admin\Python Advanced\Deep Learning - CV\Project\data\Dataset\Videos\D0525B.mp4,0.37,dấu sắc,dấu sắc,B (Miền Bắc / North),unknown,99,29.97,1280,720,c5581576e51033c4a9975e6adf87cdc6,VALID
3813,D0527N.mp4,C:\Users\Admin\Python Advanced\Deep Learning - CV\Project\data\Dataset\Videos\D0527N.mp4,0.551,dấu ngã,dấu ngã,N (Miền Nam / South),unknown,111,29.97,1280,720,c041064a78a5d90e705e31c0270a55a5,VALID
3814,D0530.mp4,C:\Users\Admin\Python Advanced\Deep Learning - CV\Project\data\Dataset\Videos\D0530.mp4,0.62,1,1,Neutral / Unspecified,unknown,124,29.97,1280,720,60b292c67c5e7bf2a356aacd99bee0e9,VALID
3815,D0533.mp4,C:\Users\Admin\Python Advanced\Deep Learning - CV\Project\data\Dataset\Videos\D0533.mp4,0.506,4,4,Neutral / Unspecified,unknown,112,29.97,1280,720,ed7f522f0b50fb4b4c5bba11a1ba332a,VALID
3816,D0542B.mp4,C:\Users\Admin\Python Advanced\Deep Learning - CV\Project\data\Dataset\Videos\D0542B.mp4,0.344,23,23,B (Miền Bắc / North),unknown,70,23.98,1280,720,ffa3eecc229a9e6598e1f7fc23f0e4e2,VALID
3817,D0544.mp4,C:\Users\Admin\Python Advanced\Deep Learning - CV\Project\data\Dataset\Videos\D0544.mp4,0.304,40,40,Neutral / Unspecified,unknown,76,29.97,1280,720,e2b0859a124d557ff9bcdf0aa0e624cd,VALID
3818,D0549B.mp4,C:\Users\Admin\Python Advanced\Deep Learning - CV\Project\data\Dataset\Videos\D0549B.mp4,0.508,5000 (năm nghìn),5000 (năm nghìn),B (Miền Bắc / North),unknown,66,23.98,1280,720,8f2917ba994573ec598b3f79f6fee6e6,VALID
3819,W00003.mp4,C:\Users\Admin\Python Advanced\Deep Learning - CV\Project\data\Dataset\Videos\W00003.mp4,0.578,ác mộng,ác mộng,Neutral / Unspecified,unknown,118,29.97,1280,720,8c6f52d59140f1ff4892375a8e58b3ce,VALID
3820,W00013B.mp4,C:\Users\Admin\Python Advanced\Deep Learning - CV\Project\data\Dataset\Videos\W00013B.mp4,0.95,anh em,anh em,B (Miền Bắc / North),unknown,185,29.97,1280,720,be1b7b6f9e4af55bdde447ec8e7ebb04,VALID
3821,W00014T.mp4,C:\Users\Admin\Python Advanced\Deep Learning - CV\Project\data\Dataset\Videos\W00014T.mp4,0.741,anh họ,anh họ,T (Miền Trung / Central),unknown,135,29.97,1280,720,63752b4c0cf0290f49140bd9f4791733,VALID
3822,W00027.mp4,C:\Users\Admin\Python Advanced\Deep Learning - CV\Project\data\Dataset\Videos\W00027.mp4,0.569,ảo thuật,ảo thuật,Neutral / Unspecified,unknown,109,29.97,1280,720,1699e2d9ce3907d7d136b7b799a188ee,VALID
3823,W00029.mp4,C:\Users\Admin\Python Advanced\Deep Learning - CV\Project\data\Dataset\Videos\W00029.mp4,0.544,áo ấm,áo ấm,Neutral / Unspecified,unknown,113,29.97,1280,720,732c57a0322fdb7fb76c04ed2a368042,VALID
3824,W00034.mp4,C:\Users\Admin\Python Advanced\Deep Learning - CV\Project\data\Dataset\Videos\W00034.mp4,0.693,áo phao,áo phao,Neutral / Unspecified,unknown,130,29.97,1280,720,b2364fe7f8c3b3ce9b43d4669c3682ed,VALID
3825,W00036.mp4,C:\Users\Admin\Python Advanced\Deep Learning - CV\Project\data\Dataset\Videos\W00036.mp4,0.702,áp phích,áp phích,Neutral / Unspecified,unknown,141,29.97,1280,720,e25b83f2249b4c1b319ffd130cc2f164,VALID
3826,W00045.mp4,C:\Users\Admin\Python Advanced\Deep Learning - CV\Project\data\Dataset\Videos\W00045.mp4,0.544,âm thanh,âm thanh,Neutral / Unspecified,unknown,118,29.97,1280,720,ee4c178320c7dadc7ab8bd0805e622bc,VALID
3827,W00051.mp4,C:\Users\Admin\Python Advanced\Deep Learning - CV\Project\data\Dataset\Videos\W00051.mp4,0.522,ấm áp,ấm áp,Neutral / Unspecified,unknown,98,29.97,1280,720,2b06b4830bc7dcf926e1792098fa439b,VALID
3828,W00076.mp4,C:\Users\Admin\Python Advanced\Deep Learning - CV\Project\data\Dataset\Videos\W00076.mp4,0.737,hệ bài tiết,hệ bài tiết,Neutral / Unspecified,unknown,151,29.97,1280,720,25daaf0f89c237d28da223cd545a35b9,VALID
3829,W00081.mp4,C:\Users\Admin\Python Advanced\Deep Learning - CV\Project\data\Dataset\Videos\W00081.mp4,0.785,bãi cát,bãi cát,Neutral / Unspecified,unknown,138,29.97,1280,720,24ef8cf6c9fc2d507feb6f53b98f04e8,VALID
3830,W00083.mp4,C:\Users\Admin\Python Advanced\Deep Learning - CV\Project\data\Dataset\Videos\W00083.mp4,0.845,bãi đỗ xe (ô tô),bãi đỗ xe (ô tô),Neutral / Unspecified,unknown,182,29.97,1280,720,55f3325d51f06bb7830520f2cd8cca76,VALID
3831,W00091.mp4,C:\Users\Admin\Python Advanced\Deep Learning - CV\Project\data\Dataset\Videos\W00091.mp4,0.682,bàn bạc,bàn bạc,Neutral / Unspecified,unknown,158,29.97,1280,720,a72f4b33065edbc2503a83352978b7f8,VALID
3832,W00095.mp4,C:\Users\Admin\Python Advanced\Deep Learning - CV\Project\data\Dataset\Videos\W00095.mp4,0.787,bàn là,bàn là,Neutral / Unspecified,unknown,155,29.97,1280,720,110f6ec07e369b9a7246cd2013b01c93,VALID
3833,W00096.mp4,C:\Users\Admin\Python Advanced\Deep Learning - CV\Project\data\Dataset\Videos\W00096.mp4,0.761,bàn phím (máy vi tính),bàn phím (máy vi tính),Neutral / Unspecified,unknown,167,29.97,1280,720,163c0474886a39088eced169cf4ff364,VALID
3834,W00110T.mp4,C:\Users\Admin\Python Advanced\Deep Learning - CV\Project\data\Dataset\Videos\W00110T.mp4,0.431,bạn,bạn,T (Miền Trung / Central),unknown,100,29.97,1280,720,69f5df7ff1f4a2e78bee020d21235e7f,VALID
3835,W00112T.mp4,C:\Users\Admin\Python Advanced\Deep Learning - CV\Project\data\Dataset\Videos\W00112T.mp4,0.731,bạn trai,bạn trai,T (Miền Trung / Central),unknown,155,29.97,1280,720,874eed2491af580bfed9f0240ab5fd1c,VALID
3836,W00115N.mp4,C:\Users\Admin\Python Advanced\Deep Learning - CV\Project\data\Dataset\Videos\W00115N.mp4,0.641,bảng chia,bảng chia,N (Miền Nam / South),unknown,128,29.97,1280,720,5e77a3ffecd0d246c9f5a9628d85cb46,VALID
3837,W00118.mp4,C:\Users\Admin\Python Advanced\Deep Learning - CV\Project\data\Dataset\Videos\W00118.mp4,0.557,bảng chữ cái ngón tay,bảng chữ cái ngón tay,Neutral / Unspecified,unknown,137,29.97,1280,720,d3304fee7cea94e189d0588d1569b7d3,VALID
3838,W00119N.mp4,C:\Users\Admin\Python Advanced\Deep Learning - CV\Project\data\Dataset\Videos\W00119N.mp4,0.511,bảng cộng,bảng cộng,N (Miền Nam / South),unknown,118,29.97,1280,720,a300274b19306f7407b149254a5af350,VALID
3839,W00126N.mp4,C:\Users\Admin\Python Advanced\Deep Learning - CV\Project\data\Dataset\Videos\W00126N.mp4,0.653,bảng trừ,bảng trừ,N (Miền Nam / South),unknown,125,29.97,1280,720,119f705ea8ab3e4e621b43d203c5f906,VALID
3840,W00129B.mp4,C:\Users\Admin\Python Advanced\Deep Learning - CV\Project\data\Dataset\Videos\W00129B.mp4,0.848,bánh cuốn,bánh cuốn,B (Miền Bắc / North),unknown,159,29.97,1280,720,34cfb1d36516c5790bc866a14d1de3a0,VALID
3841,W00135.mp4,C:\Users\Admin\Python Advanced\Deep Learning - CV\Project\data\Dataset\Videos\W00135.mp4,0.581,bánh giò,bánh giò,Neutral / Unspecified,unknown,143,29.97,1280,720,75c8aa22d46d0b0c183d5319434e9fc9,VALID
3842,W00137T.mp4,C:\Users\Admin\Python Advanced\Deep Learning - CV\Project\data\Dataset\Videos\W00137T.mp4,0.786,bánh mì,bánh mì,T (Miền Trung / Central),unknown,149,29.97,1280,720,ea63f4394063b33eb9efdb638770f839,VALID
3843,W00152.mp4,C:\Users\Admin\Python Advanced\Deep Learning - CV\Project\data\Dataset\Videos\W00152.mp4,0.657,bảo đảm,bảo đảm,Neutral / Unspecified,unknown,148,29.97,1280,720,692d6432cf59e00a7517909812af5079,VALID
3844,W00153.mp4,C:\Users\Admin\Python Advanced\Deep Learning - CV\Project\data\Dataset\Videos\W00153.mp4,1.221,bảo hiểm,bảo hiểm,Neutral / Unspecified,unknown,236,29.97,1280,720,9c82ebf78df7323cc68ef26a64783ab4,VALID
3845,W00150.mp4,C:\Users\Admin\Python Advanced\Deep Learning - CV\Project\data\Dataset\Videos\W00150.mp4,0.68,bao tay (dùng cho trẻ sơ sinh),bao tay (dùng cho trẻ sơ sinh),Neutral / Unspecified,unknown,144,29.97,1280,720,9465a10186bcc14170e0170e2ad4ace3,VALID
3846,W00160N.mp4,C:\Users\Admin\Python Advanced\Deep Learning - CV\Project\data\Dataset\Videos\W00160N.mp4,0.766,báo (con báo),báo (con báo),N (Miền Nam / South),unknown,138,29.97,1280,720,1d43c252f7c5e2d401956b2ecb766f37,VALID
3847,W00160T.mp4,C:\Users\Admin\Python Advanced\Deep Learning - CV\Project\data\Dataset\Videos\W00160T.mp4,0.773,báo (con báo),báo (con báo),T (Miền Trung / Central),unknown,138,29.97,1280,720,092ac2723f9ce98316e5a8cbc140d423,VALID
3848,W00166.mp4,C:\Users\Admin\Python Advanced\Deep Learning - CV\Project\data\Dataset\Videos\W00166.mp4,0.629,báo thù,báo thù,Neutral / Unspecified,unknown,122,29.97,1280,720,5081ae9e92590d21624acbe8acfa6025,VALID
3849,W00183.mp4,C:\Users\Admin\Python Advanced\Deep Learning - CV\Project\data\Dataset\Videos\W00183.mp4,0.593,Bắc Kạn,bắc kạn,Neutral / Unspecified,unknown,120,29.97,1280,720,9872a9ec8c2593ffd70f43ffced7dc7b,VALID
3850,W00185.mp4,C:\Users\Admin\Python Advanced\Deep Learning - CV\Project\data\Dataset\Videos\W00185.mp4,0.567,Bắc Ninh,bắc ninh,Neutral / Unspecified,unknown,71,23.98,1280,720,4cc488900c0f6b3469169a3e2286cea0,VALID
3851,W00192.mp4,C:\Users\Admin\Python Advanced\Deep Learning - CV\Project\data\Dataset\Videos\W00192.mp4,0.509,băng hình,băng hình,Neutral / Unspecified,unknown,130,29.97,1280,720,92f342f3abcd581e5128ed582cbc6ecc,VALID
3852,W00193.mp4,C:\Users\Admin\Python Advanced\Deep Learning - CV\Project\data\Dataset\Videos\W00193.mp4,0.832,Băng-la-đét (nước Băng-la-đét),băng-la-đét (nước băng-la-đét),Neutral / Unspecified,unknown,167,29.97,1280,720,1dfdba98c9f3face65e1e629b27021ae,VALID
3853,W00196B.mp4,C:\Users\Admin\Python Advanced\Deep Learning - CV\Project\data\Dataset\Videos\W00196B.mp4,0.416,bắp ngô,bắp ngô,B (Miền Bắc / North),unknown,103,29.97,1280,720,93ea23e039f4823b94e1bc67176d004e,VALID
3854,W00197.mp4,C:\Users\Admin\Python Advanced\Deep Learning - CV\Project\data\Dataset\Videos\W00197.mp4,0.654,bắt,bắt,Neutral / Unspecified,unknown,130,29.97,1280,720,22ed49f3096ebb3cdcbc397bb55b2378,VALID
3855,W00200.mp4,C:\Users\Admin\Python Advanced\Deep Learning - CV\Project\data\Dataset\Videos\W00200.mp4,0.679,bắt nạt,bắt nạt,Neutral / Unspecified,unknown,133,29.97,1280,720,1a1e83fb3296adc34625f87fa1442dc9,VALID
3856,W00213.mp4,C:\Users\Admin\Python Advanced\Deep Learning - CV\Project\data\Dataset\Videos\W00213.mp4,1.164,bẫy chim,bẫy chim,Neutral / Unspecified,unknown,194,29.97,1280,720,157c5a0ba1b109db0d5db512057ca9b3,VALID
3857,W00214N.mp4,C:\Users\Admin\Python Advanced\Deep Learning - CV\Project\data\Dataset\Videos\W00214N.mp4,0.61,bẫy chuột (hành động),bẫy chuột (hành động),N (Miền Nam / South),unknown,130,29.97,1280,720,3adc8de9b80ccd065f56889c3e3d0120,VALID
3858,W00216N.mp4,C:\Users\Admin\Python Advanced\Deep Learning - CV\Project\data\Dataset\Videos\W00216N.mp4,0.678,bẻ ngô,bẻ ngô,N (Miền Nam / South),unknown,125,29.97,1280,720,7e14b474b35426b27f4fb2da848aca96,VALID
3859,W00220B.mp4,C:\Users\Admin\Python Advanced\Deep Learning - CV\Project\data\Dataset\Videos\W00220B.mp4,0.673,bé trai,bé trai,B (Miền Bắc / North),unknown,135,29.97,1280,720,d349cc50b00afa51c197ffe5e028806c,VALID
3860,W00244.mp4,C:\Users\Admin\Python Advanced\Deep Learning - CV\Project\data\Dataset\Videos\W00244.mp4,0.751,Bến Tre,bến tre,Neutral / Unspecified,unknown,166,29.97,1280,720,2d58ab8510d57d7b316afe3de9af215b,VALID
3861,W00242.mp4,C:\Users\Admin\Python Advanced\Deep Learning - CV\Project\data\Dataset\Videos\W00242.mp4,0.803,bến phà,bến phà,Neutral / Unspecified,unknown,170,29.97,1280,720,358e71704e57d10882f6314463c7d2f9,VALID
3862,W00253.mp4,C:\Users\Admin\Python Advanced\Deep Learning - CV\Project\data\Dataset\Videos\W00253.mp4,0.672,bị động,bị động,Neutral / Unspecified,unknown,122,29.97,1280,720,ab714f539226b16d2558e79885d0369b,VALID
3863,W00255N.mp4,C:\Users\Admin\Python Advanced\Deep Learning - CV\Project\data\Dataset\Videos\W00255N.mp4,0.794,bìa vở,bìa vở,N (Miền Nam / South),unknown,149,29.97,1280,720,d9aa9087e83b6297bfa0e5ded6ce6651,VALID
3864,W00266.mp4,C:\Users\Admin\Python Advanced\Deep Learning - CV\Project\data\Dataset\Videos\W00266.mp4,0.686,biểu đồ cột,biểu đồ cột,Neutral / Unspecified,unknown,141,29.97,1280,720,016b3fa7eb4f691718d03b1294a15995,VALID
3865,W00271.mp4,C:\Users\Admin\Python Advanced\Deep Learning - CV\Project\data\Dataset\Videos\W00271.mp4,0.477,biểu thức,biểu thức,Neutral / Unspecified,unknown,119,29.97,1280,720,3387127be96647f1d3ea00fda50a43f9,VALID
3866,W00273.mp4,C:\Users\Admin\Python Advanced\Deep Learning - CV\Project\data\Dataset\Videos\W00273.mp4,0.834,bím tóc đuôi sam,bím tóc đuôi sam,Neutral / Unspecified,unknown,142,29.97,1280,720,ba71e0e1dcd20003872d3f9940cce1ac,VALID
3867,W00283.mp4,C:\Users\Admin\Python Advanced\Deep Learning - CV\Project\data\Dataset\Videos\W00283.mp4,0.761,Bình Phước,bình phước,Neutral / Unspecified,unknown,158,29.97,1280,720,5b09511b1e5ae5c89516f73993048acd,VALID
3868,W00286N.mp4,C:\Users\Admin\Python Advanced\Deep Learning - CV\Project\data\Dataset\Videos\W00286N.mp4,0.467,bình thường,bình thường,N (Miền Nam / South),unknown,118,29.97,1280,720,84169f9674af86889029d9fe5614d8d6,VALID
3869,W00287.mp4,C:\Users\Admin\Python Advanced\Deep Learning - CV\Project\data\Dataset\Videos\W00287.mp4,0.586,bít tất,bít tất,Neutral / Unspecified,unknown,139,29.97,1280,720,c035049d67d28ed5a39b5e672d957f1c,VALID
3870,W00290.mp4,C:\Users\Admin\Python Advanced\Deep Learning - CV\Project\data\Dataset\Videos\W00290.mp4,0.753,bò tót,bò tót,Neutral / Unspecified,unknown,142,29.97,1280,720,ad8a7f9fcf325299dd83c40e2d27e36d,VALID
3871,W00304B.mp4,C:\Users\Admin\Python Advanced\Deep Learning - CV\Project\data\Dataset\Videos\W00304B.mp4,0.451,bón phân,bón phân,B (Miền Bắc / North),unknown,91,29.97,1280,720,e5aa14eccb27504d167c33beaa341d51,VALID
3872,W00312.mp4,C:\Users\Admin\Python Advanced\Deep Learning - CV\Project\data\Dataset\Videos\W00312.mp4,0.782,boong tàu,boong tàu,Neutral / Unspecified,unknown,159,29.97,1280,720,e403b70b70de8dc13bbad9dcc862f698,VALID
3873,W00313.mp4,C:\Users\Admin\Python Advanced\Deep Learning - CV\Project\data\Dataset\Videos\W00313.mp4,0.475,bọt biển,bọt biển,Neutral / Unspecified,unknown,115,29.97,1280,720,4bfec2c603f751cd1c30e0cc63cc2bfe,VALID
3874,W00337N.mp4,C:\Users\Admin\Python Advanced\Deep Learning - CV\Project\data\Dataset\Videos\W00337N.mp4,1.139,bốt cảnh sát,bốt cảnh sát,N (Miền Nam / South),unknown,193,29.97,1280,720,a176733654e7851342158c6cef93c156,VALID
3875,W00342T.mp4,C:\Users\Admin\Python Advanced\Deep Learning - CV\Project\data\Dataset\Videos\W00342T.mp4,0.566,bột ngọt,bột ngọt,T (Miền Trung / Central),unknown,122,29.97,1280,720,a717500b55c24651c001ecbe5f5a3245,VALID
3876,W00342N.mp4,C:\Users\Admin\Python Advanced\Deep Learning - CV\Project\data\Dataset\Videos\W00342N.mp4,0.566,bột ngọt,bột ngọt,N (Miền Nam / South),unknown,122,29.97,1280,720,eb7001bcaf4ef951f6492c49fdb452d6,VALID
3877,W00346.mp4,C:\Users\Admin\Python Advanced\Deep Learning - CV\Project\data\Dataset\Videos\W00346.mp4,0.759,bờ ruộng,bờ ruộng,Neutral / Unspecified,unknown,160,29.97,1280,720,b2acda9c21fe8f4682d6a9dfbbe88b20,VALID
3878,W00355B.mp4,C:\Users\Admin\Python Advanced\Deep Learning - CV\Project\data\Dataset\Videos\W00355B.mp4,0.541,Bra-xin (nước Bra-xin),bra-xin (nước bra-xin),B (Miền Bắc / North),unknown,125,29.97,1280,720,f86241951200e357fc10e5e2c76aecc1,VALID
3879,W00355T.mp4,C:\Users\Admin\Python Advanced\Deep Learning - CV\Project\data\Dataset\Videos\W00355T.mp4,0.552,Bra-xin (nước Bra-xin),bra-xin (nước bra-xin),T (Miền Trung / Central),unknown,129,29.97,1280,720,6d75559a699ab72020c0e4884a662223,VALID
3880,W00357B.mp4,C:\Users\Admin\Python Advanced\Deep Learning - CV\Project\data\Dataset\Videos\W00357B.mp4,0.508,cỏ,cỏ,B (Miền Bắc / North),unknown,67,23.98,1280,720,6505a4a80d661a531d4d780cf87e83dd,VALID
3881,W00357T.mp4,C:\Users\Admin\Python Advanced\Deep Learning - CV\Project\data\Dataset\Videos\W00357T.mp4,0.608,cỏ,cỏ,T (Miền Trung / Central),unknown,85,23.98,1280,720,cb63e42c4bb0e933772be8af6e12e511,VALID
3882,W00368N.mp4,C:\Users\Admin\Python Advanced\Deep Learning - CV\Project\data\Dataset\Videos\W00368N.mp4,0.877,buổi sáng,buổi sáng,N (Miền Nam / South),unknown,153,29.97,1280,720,022ad633ea92ffa6e59df3418e4ea63a,VALID
3883,W00368B.mp4,C:\Users\Admin\Python Advanced\Deep Learning - CV\Project\data\Dataset\Videos\W00368B.mp4,0.709,buổi sáng,buổi sáng,B (Miền Bắc / North),unknown,130,29.97,1280,720,d30d1be1fd946d42379027859617dc4f,VALID
3884,W00369N.mp4,C:\Users\Admin\Python Advanced\Deep Learning - CV\Project\data\Dataset\Videos\W00369N.mp4,0.786,buổi tối,buổi tối,N (Miền Nam / South),unknown,142,29.97,1280,720,b2ca22bcabd9716e139ff3b0ebadf208,VALID
3885,W00368T.mp4,C:\Users\Admin\Python Advanced\Deep Learning - CV\Project\data\Dataset\Videos\W00368T.mp4,0.877,buổi sáng,buổi sáng,T (Miền Trung / Central),unknown,153,29.97,1280,720,ec73090616e715907c0a87b2beb2e46d,VALID
3886,W00380.mp4,C:\Users\Admin\Python Advanced\Deep Learning - CV\Project\data\Dataset\Videos\W00380.mp4,0.746,bút,bút,Neutral / Unspecified,unknown,143,29.97,1280,720,8c7ed1e377c6488d1db2bbb2d0c45c4a,VALID
3887,W00389.mp4,C:\Users\Admin\Python Advanced\Deep Learning - CV\Project\data\Dataset\Videos\W00389.mp4,0.793,bước chân,bước chân,Neutral / Unspecified,unknown,147,29.97,1280,720,061d830a5f5e6fecb52f24f591037459,VALID
3888,W00404N.mp4,C:\Users\Admin\Python Advanced\Deep Learning - CV\Project\data\Dataset\Videos\W00404N.mp4,1.393,cái gương,cái gương,N (Miền Nam / South),unknown,210,23.98,1280,720,91247c3813fb66f26c40c785a068d52c,VALID
3889,W004151.mp4,C:\Users\Admin\Python Advanced\Deep Learning - CV\Project\data\Dataset\Videos\W004151.mp4,0.712,cao (vật),cao (vật),Neutral / Unspecified,unknown,131,29.97,1280,720,fb3604f8d96aec9d04c71cf30fa435d0,VALID
3890,W00417.mp4,C:\Users\Admin\Python Advanced\Deep Learning - CV\Project\data\Dataset\Videos\W00417.mp4,0.798,Cao Bằng,cao bằng,Neutral / Unspecified,unknown,144,29.97,1280,720,3d5a3084d90dbbbf18abdddc732ff3c8,VALID
3891,W00434.mp4,C:\Users\Admin\Python Advanced\Deep Learning - CV\Project\data\Dataset\Videos\W00434.mp4,0.707,cất giấu,cất giấu,Neutral / Unspecified,unknown,133,29.97,1280,720,1ed3934755be59b95e62d49a42766e6f,VALID
3892,W00435.mp4,C:\Users\Admin\Python Advanced\Deep Learning - CV\Project\data\Dataset\Videos\W00435.mp4,0.829,cất giữ,cất giữ,Neutral / Unspecified,unknown,110,23.98,1280,720,8423a4e3447dcd455b8455ae5d93b15b,VALID
3893,W00438.mp4,C:\Users\Admin\Python Advanced\Deep Learning - CV\Project\data\Dataset\Videos\W00438.mp4,0.634,câu cá,câu cá,Neutral / Unspecified,unknown,143,29.97,1280,720,b08b34a60611146138c2c28d6fa03dd2,VALID
3894,W00440.mp4,C:\Users\Admin\Python Advanced\Deep Learning - CV\Project\data\Dataset\Videos\W00440.mp4,0.557,câu đố,câu đố,Neutral / Unspecified,unknown,103,23.98,1280,720,5593d0c263b843aa615870facb662472,VALID
3895,W00444T.mp4,C:\Users\Admin\Python Advanced\Deep Learning - CV\Project\data\Dataset\Videos\W00444T.mp4,0.588,câu thơ,câu thơ,T (Miền Trung / Central),unknown,92,29.97,1280,720,7184fc517055777626cbc3d585423fb5,VALID
3896,W00445.mp4,C:\Users\Admin\Python Advanced\Deep Learning - CV\Project\data\Dataset\Videos\W00445.mp4,0.778,câu văn,câu văn,Neutral / Unspecified,unknown,89,23.98,1280,720,e8c7629ae0ad9a2b0e9842699cd2fe93,VALID
3897,W00452.mp4,C:\Users\Admin\Python Advanced\Deep Learning - CV\Project\data\Dataset\Videos\W00452.mp4,1.864,cầu tre,cầu tre,Neutral / Unspecified,unknown,315,29.97,1280,720,3182d606e14a5881c65173a1dce62b74,VALID
3898,W00459N.mp4,C:\Users\Admin\Python Advanced\Deep Learning - CV\Project\data\Dataset\Videos\W00459N.mp4,0.507,cây cổ thụ,cây cổ thụ,N (Miền Nam / South),unknown,91,29.97,1280,720,abfe1119ae22452c924053e31b91ad0d,VALID
3899,W00462.mp4,C:\Users\Admin\Python Advanced\Deep Learning - CV\Project\data\Dataset\Videos\W00462.mp4,0.682,cây đa,cây đa,Neutral / Unspecified,unknown,106,29.97,1280,720,37cde6c5070f75667e18631844c51aea,VALID
3900,W00465.mp4,C:\Users\Admin\Python Advanced\Deep Learning - CV\Project\data\Dataset\Videos\W00465.mp4,0.628,cây khế,cây khế,Neutral / Unspecified,unknown,119,29.97,1280,720,f95a350a7058f79cb271e3af54f408c1,VALID
3901,W00470T.mp4,C:\Users\Admin\Python Advanced\Deep Learning - CV\Project\data\Dataset\Videos\W00470T.mp4,0.628,cây phượng,cây phượng,T (Miền Trung / Central),unknown,120,29.97,1280,720,9cbcfb25db57605de5fac7c28970be13,VALID
3902,W00476.mp4,C:\Users\Admin\Python Advanced\Deep Learning - CV\Project\data\Dataset\Videos\W00476.mp4,1.029,cây tre,cây tre,Neutral / Unspecified,unknown,179,29.97,1280,720,616676330104c751396bb40e10e91a75,VALID
3903,W00479.mp4,C:\Users\Admin\Python Advanced\Deep Learning - CV\Project\data\Dataset\Videos\W00479.mp4,0.648,cấy,cấy,Neutral / Unspecified,unknown,105,29.97,1280,720,74d682962c1981a2fa5286c62cea7496,VALID
3904,W00493B.mp4,C:\Users\Admin\Python Advanced\Deep Learning - CV\Project\data\Dataset\Videos\W00493B.mp4,1.888,chảo,chảo,B (Miền Bắc / North),unknown,299,29.97,1280,720,970bc5b736715debdf42d834e936d28b,VALID
3905,W00495T.mp4,C:\Users\Admin\Python Advanced\Deep Learning - CV\Project\data\Dataset\Videos\W00495T.mp4,0.437,cháu gái,cháu gái,T (Miền Trung / Central),unknown,79,29.97,1280,720,d0bcf4eb6ec78bc71ef99e3056427f5e,VALID
3906,W00496N.mp4,C:\Users\Admin\Python Advanced\Deep Learning - CV\Project\data\Dataset\Videos\W00496N.mp4,0.652,cháu ngoại,cháu ngoại,N (Miền Nam / South),unknown,109,29.97,1280,720,eb1c299bb25c10fcc8e18bd5a5c3c577,VALID
3907,W00503.mp4,C:\Users\Admin\Python Advanced\Deep Learning - CV\Project\data\Dataset\Videos\W00503.mp4,0.482,chạy chậm,chạy chậm,Neutral / Unspecified,unknown,93,29.97,1280,720,a1a2d3d58659bcb7823d2747af1e20af,VALID
3908,W00502.mp4,C:\Users\Admin\Python Advanced\Deep Learning - CV\Project\data\Dataset\Videos\W00502.mp4,0.857,chạy bàn,chạy bàn,Neutral / Unspecified,unknown,143,29.97,1280,720,465e19547e13989bc3177cfca635440f,VALID
3909,W00507.mp4,C:\Users\Admin\Python Advanced\Deep Learning - CV\Project\data\Dataset\Videos\W00507.mp4,0.669,chăm học,chăm học,Neutral / Unspecified,unknown,102,29.97,1280,720,eb203065b1e028c78d4dad1ae2066dc4,VALID
3910,W00509N.mp4,C:\Users\Admin\Python Advanced\Deep Learning - CV\Project\data\Dataset\Videos\W00509N.mp4,0.711,chăn (cái chăn),chăn (cái chăn),N (Miền Nam / South),unknown,117,29.97,1280,720,71311873176cbcb6063bc5ef72f89c47,VALID
3911,W00516N.mp4,C:\Users\Admin\Python Advanced\Deep Learning - CV\Project\data\Dataset\Videos\W00516N.mp4,0.494,châm cứu,châm cứu,N (Miền Nam / South),unknown,94,29.97,1280,720,30f3bc9035ec133cd066c36d570c064e,VALID
3912,W00516B.mp4,C:\Users\Admin\Python Advanced\Deep Learning - CV\Project\data\Dataset\Videos\W00516B.mp4,0.524,châm cứu,châm cứu,B (Miền Bắc / North),unknown,111,29.97,1280,720,41e23d5bae65c7f394d4cf4513097b27,VALID
3913,W00523.mp4,C:\Users\Admin\Python Advanced\Deep Learning - CV\Project\data\Dataset\Videos\W00523.mp4,0.583,chân đất,chân đất,Neutral / Unspecified,unknown,109,29.97,1280,720,ef96945ed646082c921439562bc831ab,VALID
3914,W00545.mp4,C:\Users\Admin\Python Advanced\Deep Learning - CV\Project\data\Dataset\Videos\W00545.mp4,0.541,chậu,chậu,Neutral / Unspecified,unknown,91,29.97,1280,720,f99cfa0245bef1244e2cb8f91e77d744,VALID
3915,W00554.mp4,C:\Users\Admin\Python Advanced\Deep Learning - CV\Project\data\Dataset\Videos\W00554.mp4,0.919,chèo thuyền,chèo thuyền,Neutral / Unspecified,unknown,154,29.97,1280,720,1d32454dc52b4e203aee5dcf954da454,VALID
3916,W00561.mp4,C:\Users\Admin\Python Advanced\Deep Learning - CV\Project\data\Dataset\Videos\W00561.mp4,0.5,chi hội,chi hội,Neutral / Unspecified,unknown,95,29.97,1280,720,4bd06d9293eb7f9cd551d4b0f5eee5f5,VALID
3917,W00563.mp4,C:\Users\Admin\Python Advanced\Deep Learning - CV\Project\data\Dataset\Videos\W00563.mp4,0.464,chi tiết,chi tiết,Neutral / Unspecified,unknown,83,29.97,1280,720,940a734ea30cbcfba4c7da59fb302f48,VALID
3918,W00562.mp4,C:\Users\Admin\Python Advanced\Deep Learning - CV\Project\data\Dataset\Videos\W00562.mp4,0.828,khó tiêu,khó tiêu,Neutral / Unspecified,unknown,99,23.98,1280,720,7b9f24f37deb36028daf99fc90da7d75,VALID
3919,W00569.mp4,C:\Users\Admin\Python Advanced\Deep Learning - CV\Project\data\Dataset\Videos\W00569.mp4,0.587,đường chỉ tay,đường chỉ tay,Neutral / Unspecified,unknown,132,29.97,1280,720,185a483a1ae227da18478022eac8d142,VALID
3920,W00570T.mp4,C:\Users\Admin\Python Advanced\Deep Learning - CV\Project\data\Dataset\Videos\W00570T.mp4,0.613,chị,chị,T (Miền Trung / Central),unknown,119,29.97,1280,720,661bd5e1bc5ea1564064dda21f2326f9,VALID
3921,W00577.mp4,C:\Users\Admin\Python Advanced\Deep Learning - CV\Project\data\Dataset\Videos\W00577.mp4,0.592,chia cắt,chia cắt,Neutral / Unspecified,unknown,93,29.97,1280,720,8dee0c59cb04980e3f9536bcb4667d74,VALID
3922,W00588.mp4,C:\Users\Admin\Python Advanced\Deep Learning - CV\Project\data\Dataset\Videos\W00588.mp4,0.586,chiến khu,chiến khu,Neutral / Unspecified,unknown,97,29.97,1280,720,dff63cc58230845cc6fc09eeab56888c,VALID
3923,W00584T.mp4,C:\Users\Admin\Python Advanced\Deep Learning - CV\Project\data\Dataset\Videos\W00584T.mp4,0.739,chiếc gối,chiếc gối,T (Miền Trung / Central),unknown,128,29.97,1280,720,97525e6a809b0baa7f2e12395a1deda5,VALID
3924,W00598B.mp4,C:\Users\Admin\Python Advanced\Deep Learning - CV\Project\data\Dataset\Videos\W00598B.mp4,0.51,chiếu,chiếu,B (Miền Bắc / North),unknown,113,29.97,1280,720,cc739e9ec723551bf9167c04fd04ac7f,VALID
3925,W00609.mp4,C:\Users\Admin\Python Advanced\Deep Learning - CV\Project\data\Dataset\Videos\W00609.mp4,0.624,chim phượng hoàng,chim phượng hoàng,Neutral / Unspecified,unknown,126,29.97,1280,720,d95789036b5be930122d956f8f769506,VALID
3926,W00617B.mp4,C:\Users\Admin\Python Advanced\Deep Learning - CV\Project\data\Dataset\Videos\W00617B.mp4,0.413,chính phủ,chính phủ,B (Miền Bắc / North),unknown,89,29.97,1280,720,43ef28c453f55b57e3a53d8e387fcc13,VALID
3927,W00618.mp4,C:\Users\Admin\Python Advanced\Deep Learning - CV\Project\data\Dataset\Videos\W00618.mp4,0.603,chính quyền,chính quyền,Neutral / Unspecified,unknown,106,29.97,1280,720,91d55a68a42672c4138558a4b68ec4dd,VALID
3928,W00632.mp4,C:\Users\Admin\Python Advanced\Deep Learning - CV\Project\data\Dataset\Videos\W00632.mp4,0.544,chồi non,chồi non,Neutral / Unspecified,unknown,98,29.97,1280,720,48d66b8e9af4e1e9f8e87a8ef236b508,VALID
3929,W00638.mp4,C:\Users\Admin\Python Advanced\Deep Learning - CV\Project\data\Dataset\Videos\W00638.mp4,0.444,luân phiên,luân phiên,Neutral / Unspecified,unknown,69,23.98,1280,720,99f603d87f716b8cbb343072abc0a262,VALID
3930,W00638N.mp4,C:\Users\Admin\Python Advanced\Deep Learning - CV\Project\data\Dataset\Videos\W00638N.mp4,0.761,luân phiên,luân phiên,N (Miền Nam / South),unknown,103,29.97,1280,720,e01887ff7131cc416880471555e06729,VALID
3931,W00640.mp4,C:\Users\Admin\Python Advanced\Deep Learning - CV\Project\data\Dataset\Videos\W00640.mp4,0.577,chớp mắt,chớp mắt,Neutral / Unspecified,unknown,99,29.97,1280,720,f7cb45100431c6d60f5218e0e9706ad8,VALID
3932,W00641.mp4,C:\Users\Admin\Python Advanced\Deep Learning - CV\Project\data\Dataset\Videos\W00641.mp4,0.648,chu vi,chu vi,Neutral / Unspecified,unknown,124,29.97,1280,720,e1217ccb58f711e440ff8bd42260e14e,VALID
3933,W00663N.mp4,C:\Users\Admin\Python Advanced\Deep Learning - CV\Project\data\Dataset\Videos\W00663N.mp4,0.523,chúc mừng,chúc mừng,N (Miền Nam / South),unknown,84,29.97,1280,720,2ad9625ccc9d42fc35453e1ab8eb11c9,VALID
3934,W00663T.mp4,C:\Users\Admin\Python Advanced\Deep Learning - CV\Project\data\Dataset\Videos\W00663T.mp4,0.523,chúc mừng,chúc mừng,T (Miền Trung / Central),unknown,84,29.97,1280,720,eb1d2fe9e03fd0f5deb30d6b6b77e50f,VALID
3935,W00674.mp4,C:\Users\Admin\Python Advanced\Deep Learning - CV\Project\data\Dataset\Videos\W00674.mp4,0.422,chùm khế,chùm khế,Neutral / Unspecified,unknown,89,29.97,1280,720,f5907390a7cddd63c622fe7336f55f73,VALID
3936,W00692.mp4,C:\Users\Admin\Python Advanced\Deep Learning - CV\Project\data\Dataset\Videos\W00692.mp4,0.391,chuyền bóng,chuyền bóng,Neutral / Unspecified,unknown,87,29.97,1280,720,2e993ce4ff3d03d67cfcec6b2ef7e442,VALID
3937,W00700.mp4,C:\Users\Admin\Python Advanced\Deep Learning - CV\Project\data\Dataset\Videos\W00700.mp4,0.589,chuyển giao,chuyển giao,Neutral / Unspecified,unknown,119,29.97,1280,720,745244d7394af354998075c604cf7c51,VALID
3938,W00705.mp4,C:\Users\Admin\Python Advanced\Deep Learning - CV\Project\data\Dataset\Videos\W00705.mp4,0.327,chữ cái,chữ cái,Neutral / Unspecified,unknown,90,29.97,1280,720,81380e61e5917dc549a321028b8a9352,VALID
3939,W00710.mp4,C:\Users\Admin\Python Advanced\Deep Learning - CV\Project\data\Dataset\Videos\W00710.mp4,0.582,chức năng,chức năng,Neutral / Unspecified,unknown,112,29.97,1280,720,8a48194a73a71334b39fedfc80e95ad2,VALID
3940,W00720.mp4,C:\Users\Admin\Python Advanced\Deep Learning - CV\Project\data\Dataset\Videos\W00720.mp4,0.41,chứng nhận,chứng nhận,Neutral / Unspecified,unknown,97,29.97,1280,720,69219cfeaae0bcad721bb33cb516fd4e,VALID
3941,W00717.mp4,C:\Users\Admin\Python Advanced\Deep Learning - CV\Project\data\Dataset\Videos\W00717.mp4,1.128,chức vụ,chức vụ,Neutral / Unspecified,unknown,256,29.97,1280,720,ddae1ae0ead2d71ffd689f2bbb00ec34,VALID
3942,W00735B.mp4,C:\Users\Admin\Python Advanced\Deep Learning - CV\Project\data\Dataset\Videos\W00735B.mp4,0.381,con bò,con bò,B (Miền Bắc / North),unknown,73,29.97,1280,720,7fbc5096e35ff8012cf70cbf6ecf4b73,VALID
3943,W00735N.mp4,C:\Users\Admin\Python Advanced\Deep Learning - CV\Project\data\Dataset\Videos\W00735N.mp4,0.438,con bò,con bò,N (Miền Nam / South),unknown,74,29.97,1280,720,05fa4f9b4eda46dab9eac279e77393af,VALID
3944,W00756.mp4,C:\Users\Admin\Python Advanced\Deep Learning - CV\Project\data\Dataset\Videos\W00756.mp4,0.662,con đom đóm,con đom đóm,Neutral / Unspecified,unknown,131,29.97,1280,720,03ae870023a63cc8db4d28e4e0a9c070,VALID
3945,W00768T.mp4,C:\Users\Admin\Python Advanced\Deep Learning - CV\Project\data\Dataset\Videos\W00768T.mp4,0.4,con kiến,con kiến,T (Miền Trung / Central),unknown,88,29.97,1280,720,cb700da672a11f8c81257cd739ec5433,VALID
3946,W00776.mp4,C:\Users\Admin\Python Advanced\Deep Learning - CV\Project\data\Dataset\Videos\W00776.mp4,0.528,con ngỗng,con ngỗng,Neutral / Unspecified,unknown,93,29.97,1280,720,6dd85f09529c54dd5e87d287773cba01,VALID
3947,W00777T.mp4,C:\Users\Admin\Python Advanced\Deep Learning - CV\Project\data\Dataset\Videos\W00777T.mp4,0.503,con người,con người,T (Miền Trung / Central),unknown,97,29.97,1280,720,d00cd0c0e7a7f294b6beb444bd58ec02,VALID
3948,W00787N.mp4,C:\Users\Admin\Python Advanced\Deep Learning - CV\Project\data\Dataset\Videos\W00787N.mp4,0.557,con rùa,con rùa,N (Miền Nam / South),unknown,99,29.97,1280,720,6b550961990df60054e9a967bf0954d2,VALID
3949,W00788.mp4,C:\Users\Admin\Python Advanced\Deep Learning - CV\Project\data\Dataset\Videos\W00788.mp4,0.457,con sâu,con sâu,Neutral / Unspecified,unknown,94,29.97,1280,720,e373f32160b12a5a704dc6f45598dba4,VALID
3950,W00793.mp4,C:\Users\Admin\Python Advanced\Deep Learning - CV\Project\data\Dataset\Videos\W00793.mp4,0.367,con số,con số,Neutral / Unspecified,unknown,86,29.97,1280,720,8d505b5d2af0216baf5f44535962dce0,VALID
3951,W00795.mp4,C:\Users\Admin\Python Advanced\Deep Learning - CV\Project\data\Dataset\Videos\W00795.mp4,0.451,con tem,con tem,Neutral / Unspecified,unknown,90,29.97,1280,720,71a438fe3b956c1b51e394d79727f2a9,VALID
3952,W00797N.mp4,C:\Users\Admin\Python Advanced\Deep Learning - CV\Project\data\Dataset\Videos\W00797N.mp4,0.377,con tôm,con tôm,N (Miền Nam / South),unknown,83,29.97,1280,720,a33574040dd11f65c7400dfcc3f8c691,VALID
3953,W00819.mp4,C:\Users\Admin\Python Advanced\Deep Learning - CV\Project\data\Dataset\Videos\W00819.mp4,1.202,cổ kính,cổ kính,Neutral / Unspecified,unknown,197,29.97,1280,720,af42fc6ef78246ed0b9a3d06a7dbff0e,VALID
3954,W00820B.mp4,C:\Users\Admin\Python Advanced\Deep Learning - CV\Project\data\Dataset\Videos\W00820B.mp4,0.448,cố gắng,cố gắng,B (Miền Bắc / North),unknown,95,29.97,1280,720,887bd2e59d41a2bbd1b45ff33945a328,VALID
3955,W00830.mp4,C:\Users\Admin\Python Advanced\Deep Learning - CV\Project\data\Dataset\Videos\W00830.mp4,1.807,cổ tích,cổ tích,Neutral / Unspecified,unknown,233,29.97,1280,720,17dd7d054d4eb6d4182fbcc36a30998c,VALID
3956,W00832.mp4,C:\Users\Admin\Python Advanced\Deep Learning - CV\Project\data\Dataset\Videos\W00832.mp4,0.41,cốc,cốc,Neutral / Unspecified,unknown,109,29.97,1280,720,7b95b5fdfdc5def2fa49d488a5e33f3b,VALID
3957,W00837.mp4,C:\Users\Admin\Python Advanced\Deep Learning - CV\Project\data\Dataset\Videos\W00837.mp4,0.347,côn trùng,côn trùng,Neutral / Unspecified,unknown,80,29.97,1280,720,2ca4359d4bd31799db8e327938ffee52,VALID
3958,W00845.mp4,C:\Users\Admin\Python Advanced\Deep Learning - CV\Project\data\Dataset\Videos\W00845.mp4,0.539,công tắc,công tắc,Neutral / Unspecified,unknown,97,29.97,1280,720,3957ecac3ddf436354a94c905d38092d,VALID
3959,W00848B.mp4,C:\Users\Admin\Python Advanced\Deep Learning - CV\Project\data\Dataset\Videos\W00848B.mp4,0.636,công trường,công trường,B (Miền Bắc / North),unknown,107,29.97,1280,720,e0b9b7d66880452f4f96f5ea889d26b6,VALID
3960,W00858.mp4,C:\Users\Admin\Python Advanced\Deep Learning - CV\Project\data\Dataset\Videos\W00858.mp4,0.41,Cộng Hòa Séc (nước Cộng Hòa Séc),cộng hòa séc (nước cộng hòa séc),Neutral / Unspecified,unknown,93,29.97,1280,720,7717c8cb46cb5ace40d7842b816eb7d3,VALID
3961,W00865.mp4,C:\Users\Admin\Python Advanced\Deep Learning - CV\Project\data\Dataset\Videos\W00865.mp4,0.503,cột nhà,cột nhà,Neutral / Unspecified,unknown,102,29.97,1280,720,6b591b7327d7adf270786fe9a76ae570,VALID
3962,W00868N.mp4,C:\Users\Admin\Python Advanced\Deep Learning - CV\Project\data\Dataset\Videos\W00868N.mp4,0.428,cơ hội,cơ hội,N (Miền Nam / South),unknown,86,29.97,1280,720,91a409d104915347b554fa1365c0d8cc,VALID
3963,W00880.mp4,C:\Users\Admin\Python Advanced\Deep Learning - CV\Project\data\Dataset\Videos\W00880.mp4,0.478,cờ ca rô,cờ ca rô,Neutral / Unspecified,unknown,62,23.98,1280,720,c781b78dc42679e002a76be6b311601f,VALID
3964,W00881.mp4,C:\Users\Admin\Python Advanced\Deep Learning - CV\Project\data\Dataset\Videos\W00881.mp4,0.571,cờ tướng,cờ tướng,Neutral / Unspecified,unknown,107,29.97,1280,720,5b3fde4642240ed603a3177d7e4c64f5,VALID
3965,W00882.mp4,C:\Users\Admin\Python Advanced\Deep Learning - CV\Project\data\Dataset\Videos\W00882.mp4,0.561,cờ vua,cờ vua,Neutral / Unspecified,unknown,101,29.97,1280,720,9922b025baa704575e89fe007a9dc372,VALID
3966,W00885T.mp4,C:\Users\Admin\Python Advanced\Deep Learning - CV\Project\data\Dataset\Videos\W00885T.mp4,0.456,cơm bình dân,cơm bình dân,T (Miền Trung / Central),unknown,102,29.97,1280,720,e7cac40f21c4e124f8b44e651a99b5db,VALID
3967,W00887.mp4,C:\Users\Admin\Python Advanced\Deep Learning - CV\Project\data\Dataset\Videos\W00887.mp4,0.545,Cu ba (nước Cu ba),cu ba (nước cu ba),Neutral / Unspecified,unknown,104,29.97,1280,720,89b73153043c5cbefdb20920d1363ff1,VALID
3968,W00902.mp4,C:\Users\Admin\Python Advanced\Deep Learning - CV\Project\data\Dataset\Videos\W00902.mp4,0.539,củ cải trắng,củ cải trắng,Neutral / Unspecified,unknown,86,29.97,1280,720,5b9cef9a3fb9bc11bc2c8beab8d0f36f,VALID
3969,W00908.mp4,C:\Users\Admin\Python Advanced\Deep Learning - CV\Project\data\Dataset\Videos\W00908.mp4,0.551,củ tỏi,củ tỏi,Neutral / Unspecified,unknown,99,29.97,1280,720,b7f2be842e29eb70dbf26846e3d921b8,VALID
3970,W00909.mp4,C:\Users\Admin\Python Advanced\Deep Learning - CV\Project\data\Dataset\Videos\W00909.mp4,0.512,củ sả,củ sả,Neutral / Unspecified,unknown,115,29.97,1280,720,d9ab88522c29a24504b520475e8d016c,VALID
3971,W00914.mp4,C:\Users\Admin\Python Advanced\Deep Learning - CV\Project\data\Dataset\Videos\W00914.mp4,0.469,cục tẩy,cục tẩy,Neutral / Unspecified,unknown,90,29.97,1280,720,de5aa25e9fa914f1034d08e79e997139,VALID
3972,W00918.mp4,C:\Users\Admin\Python Advanced\Deep Learning - CV\Project\data\Dataset\Videos\W00918.mp4,0.513,cụm từ,cụm từ,Neutral / Unspecified,unknown,94,29.97,1280,720,4d7b32846e18d106535e6917ebfac1ef,VALID
3973,W00925.mp4,C:\Users\Admin\Python Advanced\Deep Learning - CV\Project\data\Dataset\Videos\W00925.mp4,0.722,cuộn giấy vệ sinh,cuộn giấy vệ sinh,Neutral / Unspecified,unknown,115,29.97,1280,720,4e3a67c79ba1eaf16e47c03aea3fc6b2,VALID
3974,W00926.mp4,C:\Users\Admin\Python Advanced\Deep Learning - CV\Project\data\Dataset\Videos\W00926.mp4,0.533,cuống lá,cuống lá,Neutral / Unspecified,unknown,96,29.97,1280,720,f76bf7e05896a9b114c12fe4e1c655d8,VALID
3975,W00935N.mp4,C:\Users\Admin\Python Advanced\Deep Learning - CV\Project\data\Dataset\Videos\W00935N.mp4,0.546,cửa hàng,cửa hàng,N (Miền Nam / South),unknown,108,29.97,1280,720,6546ef352b465a8201d6d41a6b866a05,VALID
3976,W00937.mp4,C:\Users\Admin\Python Advanced\Deep Learning - CV\Project\data\Dataset\Videos\W00937.mp4,0.616,cửa kính,cửa kính,Neutral / Unspecified,unknown,99,29.97,1280,720,796051f0d48820d7cf23c6cfe0477539,VALID
3977,W00955.mp4,C:\Users\Admin\Python Advanced\Deep Learning - CV\Project\data\Dataset\Videos\W00955.mp4,0.756,dài nhất,dài nhất,Neutral / Unspecified,unknown,116,29.97,1280,720,5850b6c231ed026446237d03b335a411,VALID
3978,W00981.mp4,C:\Users\Admin\Python Advanced\Deep Learning - CV\Project\data\Dataset\Videos\W00981.mp4,0.639,dắt,dắt,Neutral / Unspecified,unknown,93,29.97,1280,720,4c66b4c449fa740b230d5320d0aed897,VALID
3979,W00988N.mp4,C:\Users\Admin\Python Advanced\Deep Learning - CV\Project\data\Dataset\Videos\W00988N.mp4,0.419,dân tộc,dân tộc,N (Miền Nam / South),unknown,71,29.97,1280,720,3d7afc9a3d4723c5b75c0022d0d9ee4f,VALID
3980,W00993.mp4,C:\Users\Admin\Python Advanced\Deep Learning - CV\Project\data\Dataset\Videos\W00993.mp4,0.263,dầu ăn,dầu ăn,Neutral / Unspecified,unknown,64,29.97,1280,720,435057d214ef9ac9915ee6cd22c56db0,VALID
3981,W01015.mp4,C:\Users\Admin\Python Advanced\Deep Learning - CV\Project\data\Dataset\Videos\W01015.mp4,0.473,dây chun,dây chun,Neutral / Unspecified,unknown,101,29.97,1280,720,8d56e779d1cce3c81603412e2e991f94,VALID
3982,W01016T.mp4,C:\Users\Admin\Python Advanced\Deep Learning - CV\Project\data\Dataset\Videos\W01016T.mp4,0.579,dây điện,dây điện,T (Miền Trung / Central),unknown,113,29.97,1280,720,33d6320bd1e5b8f5988f45f7391e93e9,VALID
3983,W01019.mp4,C:\Users\Admin\Python Advanced\Deep Learning - CV\Project\data\Dataset\Videos\W01019.mp4,0.445,dây xích,dây xích,Neutral / Unspecified,unknown,95,29.97,1280,720,c5a95c341db1b3e5c4b39f1cd3879e53,VALID
3984,W01029.mp4,C:\Users\Admin\Python Advanced\Deep Learning - CV\Project\data\Dataset\Videos\W01029.mp4,0.245,di chuyển,di chuyển,Neutral / Unspecified,unknown,59,29.97,1280,720,873b36562482a573da3de75f801a5be6,VALID
3985,W01038.mp4,C:\Users\Admin\Python Advanced\Deep Learning - CV\Project\data\Dataset\Videos\W01038.mp4,0.458,diễn thuyết,diễn thuyết,Neutral / Unspecified,unknown,102,29.97,1280,720,7d557042934f89e30ae300602d06555e,VALID
3986,W01040.mp4,C:\Users\Admin\Python Advanced\Deep Learning - CV\Project\data\Dataset\Videos\W01040.mp4,0.813,diện tích toàn phần,diện tích toàn phần,Neutral / Unspecified,unknown,94,23.98,1280,720,f94795ea9733272bb2b101d95cf3b982,VALID
3987,W01042.mp4,C:\Users\Admin\Python Advanced\Deep Learning - CV\Project\data\Dataset\Videos\W01042.mp4,1.024,diệt chủng,diệt chủng,Neutral / Unspecified,unknown,163,29.97,1280,720,aba5317246d0c42031306a4e5fbab84a,VALID
3988,W01061.mp4,C:\Users\Admin\Python Advanced\Deep Learning - CV\Project\data\Dataset\Videos\W01061.mp4,1.336,dốt,dốt,Neutral / Unspecified,unknown,240,29.97,1280,720,481a8fcaf80cf483c7ace5074c724a01,VALID
3989,W01070.mp4,C:\Users\Admin\Python Advanced\Deep Learning - CV\Project\data\Dataset\Videos\W01070.mp4,0.481,duyên dáng,duyên dáng,Neutral / Unspecified,unknown,91,29.97,1280,720,0485aca1ff1af5b67475928fbdb397c0,VALID
3990,W01078.mp4,C:\Users\Admin\Python Advanced\Deep Learning - CV\Project\data\Dataset\Videos\W01078.mp4,1.156,đá bóng,đá bóng,Neutral / Unspecified,unknown,182,29.97,1280,720,bd78b85a8bb28e3618de63a71eb72ae0,VALID
3991,W01082N.mp4,C:\Users\Admin\Python Advanced\Deep Learning - CV\Project\data\Dataset\Videos\W01082N.mp4,0.412,đại diện,đại diện,N (Miền Nam / South),unknown,82,29.97,1280,720,1e2505add36b96977638c5ad5a87a642,VALID
3992,W01082T.mp4,C:\Users\Admin\Python Advanced\Deep Learning - CV\Project\data\Dataset\Videos\W01082T.mp4,0.325,đại diện,đại diện,T (Miền Trung / Central),unknown,77,29.97,1280,720,8d5f4bfba850cda914f58d8880dcd9f3,VALID
3993,W01085.mp4,C:\Users\Admin\Python Advanced\Deep Learning - CV\Project\data\Dataset\Videos\W01085.mp4,0.582,đại số,đại số,Neutral / Unspecified,unknown,110,29.97,1280,720,e77b0768b6b904852cee586a85b6d32d,VALID
3994,W01107.mp4,C:\Users\Admin\Python Advanced\Deep Learning - CV\Project\data\Dataset\Videos\W01107.mp4,0.304,đánh,đánh,Neutral / Unspecified,unknown,82,29.97,1280,720,4c911f01a957af043afe38ea1b4dc2f7,VALID
3995,W01104.mp4,C:\Users\Admin\Python Advanced\Deep Learning - CV\Project\data\Dataset\Videos\W01104.mp4,0.528,đàng ngoài,đàng ngoài,Neutral / Unspecified,unknown,100,29.97,1280,720,bd685afefc3c8fa18e60b0afa50b8447,VALID
3996,W01108.mp4,C:\Users\Admin\Python Advanced\Deep Learning - CV\Project\data\Dataset\Videos\W01108.mp4,0.473,đánh bắt,đánh bắt,Neutral / Unspecified,unknown,94,29.97,1280,720,d0e4232a81cd58383665f7c9c9ffbc34,VALID
3997,W01114.mp4,C:\Users\Admin\Python Advanced\Deep Learning - CV\Project\data\Dataset\Videos\W01114.mp4,0.419,đạn,đạn,Neutral / Unspecified,unknown,82,29.97,1280,720,3d9dd4f9dbf9c3a2bc6f13c50e79b209,VALID
3998,W01116.mp4,C:\Users\Admin\Python Advanced\Deep Learning - CV\Project\data\Dataset\Videos\W01116.mp4,0.55,đảo,đảo,Neutral / Unspecified,unknown,101,29.97,1280,720,dca9f269a18cad20d66284c286d7a9a4,VALID
3999,W01129.mp4,C:\Users\Admin\Python Advanced\Deep Learning - CV\Project\data\Dataset\Videos\W01129.mp4,0.455,đằng trước,đằng trước,Neutral / Unspecified,unknown,82,29.97,1280,720,d1a129e060bc2d1ad9bff4ea6fd1e501,VALID
4000,W01140.mp4,C:\Users\Admin\Python Advanced\Deep Learning - CV\Project\data\Dataset\Videos\W01140.mp4,0.638,đất trồng cây,đất trồng cây,Neutral / Unspecified,unknown,110,29.97,1280,720,59e2239e2629fc58f367f6b87450c920,VALID
4001,W01148.mp4,C:\Users\Admin\Python Advanced\Deep Learning - CV\Project\data\Dataset\Videos\W01148.mp4,0.938,đấu vật,đấu vật,Neutral / Unspecified,unknown,150,29.97,1280,720,36b548589d2ff821d8bdc611a2493127,VALID
4002,W01156.mp4,C:\Users\Admin\Python Advanced\Deep Learning - CV\Project\data\Dataset\Videos\W01156.mp4,0.966,đèn đỏ,đèn đỏ,Neutral / Unspecified,unknown,162,29.97,1280,720,390254c37fed46d7c867e7c96dbdf033,VALID
4003,W01159B.mp4,C:\Users\Admin\Python Advanced\Deep Learning - CV\Project\data\Dataset\Videos\W01159B.mp4,0.428,đèn pin,đèn pin,B (Miền Bắc / North),unknown,92,29.97,1280,720,f96bc89969378c5e04bfc0daee4fede9,VALID
4004,W01158.mp4,C:\Users\Admin\Python Advanced\Deep Learning - CV\Project\data\Dataset\Videos\W01158.mp4,0.723,đèn lồng,đèn lồng,Neutral / Unspecified,unknown,134,29.97,1280,720,013dc479fe2804943880ed6a56c89ee7,VALID
4005,W01161T.mp4,C:\Users\Admin\Python Advanced\Deep Learning - CV\Project\data\Dataset\Videos\W01161T.mp4,0.621,đèn vàng,đèn vàng,T (Miền Trung / Central),unknown,131,29.97,1280,720,3f15b67a40dfdc212c454cb0d516d2b4,VALID
4006,W01162B.mp4,C:\Users\Admin\Python Advanced\Deep Learning - CV\Project\data\Dataset\Videos\W01162B.mp4,0.572,đèn xanh,đèn xanh,B (Miền Bắc / North),unknown,115,29.97,1280,720,2dd1b5594186344da9bc7a632ff1d85b,VALID
4007,W01173.mp4,C:\Users\Admin\Python Advanced\Deep Learning - CV\Project\data\Dataset\Videos\W01173.mp4,0.531,để (đặt),để (đặt),Neutral / Unspecified,unknown,120,29.97,1280,720,ffb2347d3ac33e36adeae72dd72886be,VALID
4008,W01181.mp4,C:\Users\Admin\Python Advanced\Deep Learning - CV\Project\data\Dataset\Videos\W01181.mp4,0.445,đề-xi-mét (dm),đề-xi-mét (dm),Neutral / Unspecified,unknown,115,29.97,1280,720,f8617cf3a1a2229117db8e1365adc340,VALID
4009,W01205B.mp4,C:\Users\Admin\Python Advanced\Deep Learning - CV\Project\data\Dataset\Videos\W01205B.mp4,0.338,điện,điện,B (Miền Bắc / North),unknown,72,29.97,1280,720,26bf3acc81762ef653b4b42f3467130e,VALID
4010,W01213B.mp4,C:\Users\Admin\Python Advanced\Deep Learning - CV\Project\data\Dataset\Videos\W01213B.mp4,0.697,điều hòa,điều hòa,B (Miền Bắc / North),unknown,119,29.97,1280,720,775f36c2954e2f3afdb65c5f978ab444,VALID
4011,W01231.mp4,C:\Users\Admin\Python Advanced\Deep Learning - CV\Project\data\Dataset\Videos\W01231.mp4,0.851,đoàn thanh niên,đoàn thanh niên,Neutral / Unspecified,unknown,135,29.97,1280,720,180debf4db1403b202d071a3b26d5408,VALID
4012,W01237.mp4,C:\Users\Admin\Python Advanced\Deep Learning - CV\Project\data\Dataset\Videos\W01237.mp4,0.8,đoạn văn,đoạn văn,Neutral / Unspecified,unknown,145,29.97,1280,720,61611e5f02e3269fe9c9bb818088704b,VALID
4013,W01244.mp4,C:\Users\Admin\Python Advanced\Deep Learning - CV\Project\data\Dataset\Videos\W01244.mp4,0.63,đóng dấu,đóng dấu,Neutral / Unspecified,unknown,135,29.97,1280,720,45f66d5c29386402951f7a0cae020d80,VALID
4014,W01249.mp4,C:\Users\Admin\Python Advanced\Deep Learning - CV\Project\data\Dataset\Videos\W01249.mp4,0.864,đồ chơi,đồ chơi,Neutral / Unspecified,unknown,148,29.97,1280,720,06780f3ed5adb9d4e83ac71a10e97a15,VALID
4015,W01263.mp4,C:\Users\Admin\Python Advanced\Deep Learning - CV\Project\data\Dataset\Videos\W01263.mp4,1.546,Đông Nam Á,đông nam á,Neutral / Unspecified,unknown,253,29.97,1280,720,6e1fa0813b270fd9997f246eef6f9766,VALID
4016,W01266.mp4,C:\Users\Admin\Python Advanced\Deep Learning - CV\Project\data\Dataset\Videos\W01266.mp4,0.797,Đồng Nai,đồng nai,Neutral / Unspecified,unknown,134,29.97,1280,720,5efa8da2b6463d2afe13f388eb930276,VALID
4017,W01289.mp4,C:\Users\Admin\Python Advanced\Deep Learning - CV\Project\data\Dataset\Videos\W01289.mp4,0.659,đồng bào,đồng bào,Neutral / Unspecified,unknown,124,29.97,1280,720,3ff9213c8c8f5a12aebd1100ff7d3c18,VALID
4018,W01297.mp4,C:\Users\Admin\Python Advanced\Deep Learning - CV\Project\data\Dataset\Videos\W01297.mp4,0.811,rơm rớm,rơm rớm,Neutral / Unspecified,unknown,107,23.98,1280,720,1067c47c02396ff6bbf54e2b8f00ebf9,VALID
4019,W01313.mp4,C:\Users\Admin\Python Advanced\Deep Learning - CV\Project\data\Dataset\Videos\W01313.mp4,0.539,tính,tính,Neutral / Unspecified,unknown,132,29.97,1280,720,9d2eca03f28f4a940d14462f5e95a24b,VALID
4020,W01322.mp4,C:\Users\Admin\Python Advanced\Deep Learning - CV\Project\data\Dataset\Videos\W01322.mp4,0.522,đuốc,đuốc,Neutral / Unspecified,unknown,119,29.97,1280,720,aef98ec7236651924b79111523747728,VALID
4021,W01332.mp4,C:\Users\Admin\Python Advanced\Deep Learning - CV\Project\data\Dataset\Videos\W01332.mp4,0.556,đường chéo,đường chéo,Neutral / Unspecified,unknown,117,29.97,1280,720,313f3c76f3da39716abbca4fad67c80e,VALID
4022,W01345.mp4,C:\Users\Admin\Python Advanced\Deep Learning - CV\Project\data\Dataset\Videos\W01345.mp4,0.928,đường thuỷ,đường thuỷ,Neutral / Unspecified,unknown,164,29.97,1280,720,12cec00ee9784582e9a21ba457de0f56,VALID
4023,W01346.mp4,C:\Users\Admin\Python Advanced\Deep Learning - CV\Project\data\Dataset\Videos\W01346.mp4,0.826,đường tròn,đường tròn,Neutral / Unspecified,unknown,157,29.97,1280,720,30f14edfd3e6255ba9ed905751388f0f,VALID
4024,W01350.mp4,C:\Users\Admin\Python Advanced\Deep Learning - CV\Project\data\Dataset\Videos\W01350.mp4,0.509,em gái,em gái,Neutral / Unspecified,unknown,120,29.97,1280,720,be3f4f532a6369525a39fdde77350fde,VALID
4025,W01352N.mp4,C:\Users\Admin\Python Advanced\Deep Learning - CV\Project\data\Dataset\Videos\W01352N.mp4,0.52,em trai,em trai,N (Miền Nam / South),unknown,116,29.97,1280,720,c31c510b7bf1d540c286acb275e5b12c,VALID
4026,W01353.mp4,C:\Users\Admin\Python Advanced\Deep Learning - CV\Project\data\Dataset\Videos\W01353.mp4,0.454,em út,em út,Neutral / Unspecified,unknown,104,29.97,1280,720,76955a33e820a5c1e317c4cd4b1c373e,VALID
4027,W01377.mp4,C:\Users\Admin\Python Advanced\Deep Learning - CV\Project\data\Dataset\Videos\W01377.mp4,0.576,gan,gan,Neutral / Unspecified,unknown,142,29.97,1280,720,824eb20e39753d03318e16dcfb5b2286,VALID
4028,W01379.mp4,C:\Users\Admin\Python Advanced\Deep Learning - CV\Project\data\Dataset\Videos\W01379.mp4,0.687,gan lì,gan lì,Neutral / Unspecified,unknown,119,29.97,1280,720,9f1264deb3bd74ea532bd4212bc4026c,VALID
4029,W01388.mp4,C:\Users\Admin\Python Advanced\Deep Learning - CV\Project\data\Dataset\Videos\W01388.mp4,0.693,gãy tay,gãy tay,Neutral / Unspecified,unknown,132,29.97,1280,720,bc8d2b11354f753e8dc7d000f574f5d8,VALID
4030,W01398.mp4,C:\Users\Admin\Python Advanced\Deep Learning - CV\Project\data\Dataset\Videos\W01398.mp4,0.694,gấp giấy,gấp giấy,Neutral / Unspecified,unknown,133,29.97,1280,720,3c313959da32803669be8fbeaa4d719a,VALID
4031,W01403B.mp4,C:\Users\Admin\Python Advanced\Deep Learning - CV\Project\data\Dataset\Videos\W01403B.mp4,0.391,gầy (miền Nam: ốm),gầy (miền nam: ốm),B (Miền Bắc / North),unknown,82,29.97,1280,720,070f714acfb555b421184cb34bb56f7b,VALID
4032,W01404.mp4,C:\Users\Admin\Python Advanced\Deep Learning - CV\Project\data\Dataset\Videos\W01404.mp4,0.809,gậy của người già,gậy của người già,Neutral / Unspecified,unknown,142,29.97,1280,720,dbd11d1898ed4e00749e61347e017520,VALID
4033,W01420.mp4,C:\Users\Admin\Python Advanced\Deep Learning - CV\Project\data\Dataset\Videos\W01420.mp4,0.769,giá sách,giá sách,Neutral / Unspecified,unknown,120,29.97,1280,720,9d2efd20f9675cd68f53251f516b3837,VALID
4034,W01425.mp4,C:\Users\Admin\Python Advanced\Deep Learning - CV\Project\data\Dataset\Videos\W01425.mp4,0.552,giảm,giảm,Neutral / Unspecified,unknown,110,29.97,1280,720,57912a34da6b75bf40c3efd973a3dccc,VALID
4035,W01438.mp4,C:\Users\Admin\Python Advanced\Deep Learning - CV\Project\data\Dataset\Videos\W01438.mp4,0.584,giải quyết,giải quyết,Neutral / Unspecified,unknown,102,29.97,1280,720,225775780ae1cef791ee36fdf3afc25a,VALID
4036,W01447N.mp4,C:\Users\Admin\Python Advanced\Deep Learning - CV\Project\data\Dataset\Videos\W01447N.mp4,0.331,gián tiếp,gián tiếp,N (Miền Nam / South),unknown,90,29.97,1280,720,54b74dc86f2e488c20172ae39cc94503,VALID
4037,W01447T.mp4,C:\Users\Admin\Python Advanced\Deep Learning - CV\Project\data\Dataset\Videos\W01447T.mp4,0.328,gián tiếp,gián tiếp,T (Miền Trung / Central),unknown,90,29.97,1280,720,4ab870fdd95b3ac4cb5629b67b8bfe61,VALID
4038,W01456.mp4,C:\Users\Admin\Python Advanced\Deep Learning - CV\Project\data\Dataset\Videos\W01456.mp4,0.618,giáo dục,giáo dục,Neutral / Unspecified,unknown,99,29.97,1280,720,9f76e539feef34487472fceb09a2ce67,VALID
4039,W01463.mp4,C:\Users\Admin\Python Advanced\Deep Learning - CV\Project\data\Dataset\Videos\W01463.mp4,0.618,giẫm,giẫm,Neutral / Unspecified,unknown,100,29.97,1280,720,1a06268bab2e2c12d6dc76f62d013404,VALID
4040,W01465.mp4,C:\Users\Admin\Python Advanced\Deep Learning - CV\Project\data\Dataset\Videos\W01465.mp4,0.576,giận dữ,giận dữ,Neutral / Unspecified,unknown,104,29.97,1280,720,43452943bb2ede45a2d8463e2632d7f4,VALID
4041,W01470T.mp4,C:\Users\Admin\Python Advanced\Deep Learning - CV\Project\data\Dataset\Videos\W01470T.mp4,0.616,giấy,giấy,T (Miền Trung / Central),unknown,121,29.97,1280,720,22420a6457942b95ca682f9af3047e37,VALID
4042,W01471N.mp4,C:\Users\Admin\Python Advanced\Deep Learning - CV\Project\data\Dataset\Videos\W01471N.mp4,0.584,giấy ăn,giấy ăn,N (Miền Nam / South),unknown,117,29.97,1280,720,f44790286200f413dc8b5882747b0181,VALID
4043,W01486.mp4,C:\Users\Admin\Python Advanced\Deep Learning - CV\Project\data\Dataset\Videos\W01486.mp4,0.969,giọng ca,giọng ca,Neutral / Unspecified,unknown,144,29.97,1280,720,b7c4e9067316b88357c69da9d5ed1de6,VALID
4044,W01493.mp4,C:\Users\Admin\Python Advanced\Deep Learning - CV\Project\data\Dataset\Videos\W01493.mp4,0.585,giới hạn,giới hạn,Neutral / Unspecified,unknown,113,29.97,1280,720,481a302cf7014dfe6380d854c608bc2f,VALID
4045,W01490.mp4,C:\Users\Admin\Python Advanced\Deep Learning - CV\Project\data\Dataset\Videos\W01490.mp4,0.472,giống nhau,giống nhau,Neutral / Unspecified,unknown,106,29.97,1280,720,23400fa3ea18ac6d60d0859e5ce278d5,VALID
4046,W01498.mp4,C:\Users\Admin\Python Advanced\Deep Learning - CV\Project\data\Dataset\Videos\W01498.mp4,0.595,giường,giường,Neutral / Unspecified,unknown,106,29.97,1280,720,7e6a6c6e65c567b67bdffd9c6480d747,VALID
4047,W01513.mp4,C:\Users\Admin\Python Advanced\Deep Learning - CV\Project\data\Dataset\Videos\W01513.mp4,0.544,góp ý,góp ý,Neutral / Unspecified,unknown,114,29.97,1280,720,99ee045743b25c2b5c8e73f12efcf370,VALID
4048,W01514.mp4,C:\Users\Admin\Python Advanced\Deep Learning - CV\Project\data\Dataset\Videos\W01514.mp4,0.666,gọt bút chì (cái),gọt bút chì (cái),Neutral / Unspecified,unknown,127,29.97,1280,720,f0ab02ec3d3b26f240d25c919528387b,VALID
4049,W01516T.mp4,C:\Users\Admin\Python Advanced\Deep Learning - CV\Project\data\Dataset\Videos\W01516T.mp4,0.622,gỗ,gỗ,T (Miền Trung / Central),unknown,120,29.97,1280,720,65ee4c5622e192cbe3b732fa152c679b,VALID
4050,W01522.mp4,C:\Users\Admin\Python Advanced\Deep Learning - CV\Project\data\Dataset\Videos\W01522.mp4,0.613,gửi thư,gửi thư,Neutral / Unspecified,unknown,98,29.97,1280,720,e9c25fd6ea2273291bf5620e1017fe1c,VALID
4051,W01519.mp4,C:\Users\Admin\Python Advanced\Deep Learning - CV\Project\data\Dataset\Videos\W01519.mp4,1.201,gửi,gửi,Neutral / Unspecified,unknown,195,29.97,1280,720,4b2f802e1e58a23342260d414a91623f,VALID
4052,W01530.mp4,C:\Users\Admin\Python Advanced\Deep Learning - CV\Project\data\Dataset\Videos\W01530.mp4,1.238,Hạ Long,hạ long,Neutral / Unspecified,unknown,220,29.97,1280,720,ac9af67542bf6e8514e9ef3fe74deee9,VALID
4053,W01572.mp4,C:\Users\Admin\Python Advanced\Deep Learning - CV\Project\data\Dataset\Videos\W01572.mp4,0.612,Hậu Giang,hậu giang,Neutral / Unspecified,unknown,108,29.97,1280,720,42e7ae10c709b2a79ca65b15501f5aeb,VALID
4054,W01571.mp4,C:\Users\Admin\Python Advanced\Deep Learning - CV\Project\data\Dataset\Videos\W01571.mp4,0.659,hắt hơi,hắt hơi,Neutral / Unspecified,unknown,116,29.97,1280,720,5cc404cb6322a90f06b1583b13d40c0d,VALID
4055,W01577N.mp4,C:\Users\Admin\Python Advanced\Deep Learning - CV\Project\data\Dataset\Videos\W01577N.mp4,0.489,héc-tô-mét (hm),héc-tô-mét (hm),N (Miền Nam / South),unknown,102,29.97,1280,720,228022baf91c9ac752824611224d39df,VALID
4056,W01577B.mp4,C:\Users\Admin\Python Advanced\Deep Learning - CV\Project\data\Dataset\Videos\W01577B.mp4,0.35,héc-tô-mét (hm),héc-tô-mét (hm),B (Miền Bắc / North),unknown,81,29.97,1280,720,a7d530702dd5335ce392ff32ce021411,VALID
4057,W01578B.mp4,C:\Users\Admin\Python Advanced\Deep Learning - CV\Project\data\Dataset\Videos\W01578B.mp4,0.439,héc-tô-mét vuông (hm2),héc-tô-mét vuông (hm2),B (Miền Bắc / North),unknown,98,29.97,1280,720,4dcba66e03cf70a741f1098944d33843,VALID
4058,W01584B.mp4,C:\Users\Admin\Python Advanced\Deep Learning - CV\Project\data\Dataset\Videos\W01584B.mp4,0.463,hi vọng,hi vọng,B (Miền Bắc / North),unknown,75,29.97,1280,720,10266933185dce81b9f91c73ca3e2241,VALID
4059,W01584N.mp4,C:\Users\Admin\Python Advanced\Deep Learning - CV\Project\data\Dataset\Videos\W01584N.mp4,0.275,hi vọng,hi vọng,N (Miền Nam / South),unknown,69,29.97,1280,720,78ea553f46344c2734788095ad386d9e,VALID
4060,W01605.mp4,C:\Users\Admin\Python Advanced\Deep Learning - CV\Project\data\Dataset\Videos\W01605.mp4,0.552,hình học,hình học,Neutral / Unspecified,unknown,116,29.97,1280,720,56e3b54cf7564c7ff2879a7c1dd3ad23,VALID
4061,W01608.mp4,C:\Users\Admin\Python Advanced\Deep Learning - CV\Project\data\Dataset\Videos\W01608.mp4,0.576,hình lập phương,hình lập phương,Neutral / Unspecified,unknown,113,29.97,1280,720,b4fb3ad98a7ee0a0341a6a2d481c9920,VALID
4062,W01617.mp4,C:\Users\Admin\Python Advanced\Deep Learning - CV\Project\data\Dataset\Videos\W01617.mp4,0.817,hình tứ giác,hình tứ giác,Neutral / Unspecified,unknown,150,29.97,1280,720,4d9b085bbd4fb309f330a07c7b9fadb0,VALID
4063,W01643.mp4,C:\Users\Admin\Python Advanced\Deep Learning - CV\Project\data\Dataset\Videos\W01643.mp4,0.907,hoán vị,hoán vị,Neutral / Unspecified,unknown,174,29.97,1280,720,1cb8207754a146ac2f9c5ae7cdd2d8f1,VALID
4064,W01672N.mp4,C:\Users\Admin\Python Advanced\Deep Learning - CV\Project\data\Dataset\Videos\W01672N.mp4,0.609,hỏi,hỏi,N (Miền Nam / South),unknown,130,29.97,1280,720,79e8223559ed719a689b81d701091961,VALID
4065,W01672B.mp4,C:\Users\Admin\Python Advanced\Deep Learning - CV\Project\data\Dataset\Videos\W01672B.mp4,0.36,hỏi,hỏi,B (Miền Bắc / North),unknown,79,29.97,1280,720,569558a75c2e53bdb8294f0000369d3e,VALID
4066,W01672T.mp4,C:\Users\Admin\Python Advanced\Deep Learning - CV\Project\data\Dataset\Videos\W01672T.mp4,0.61,hỏi,hỏi,T (Miền Trung / Central),unknown,130,29.97,1280,720,5daa424e2323352163094d8d8e60bb6b,VALID
4067,W01708.mp4,C:\Users\Admin\Python Advanced\Deep Learning - CV\Project\data\Dataset\Videos\W01708.mp4,0.679,hợp lí,hợp lí,Neutral / Unspecified,unknown,134,29.97,1280,720,318fe8102d505e1131ac5789bb264283,VALID
4068,W01712.mp4,C:\Users\Admin\Python Advanced\Deep Learning - CV\Project\data\Dataset\Videos\W01712.mp4,0.63,hung thủ,hung thủ,Neutral / Unspecified,unknown,139,29.97,1280,720,4143c8c9dd1a72d9b2754bed55a293b4,VALID
4069,W01738B.mp4,C:\Users\Admin\Python Advanced\Deep Learning - CV\Project\data\Dataset\Videos\W01738B.mp4,0.34,kém,kém,B (Miền Bắc / North),unknown,65,29.97,1280,720,13c417d6055841cade6ecd02d46ecc7e,VALID
4070,W01740.mp4,C:\Users\Admin\Python Advanced\Deep Learning - CV\Project\data\Dataset\Videos\W01740.mp4,0.353,kéo,kéo,Neutral / Unspecified,unknown,93,29.97,1280,720,368bd10da2d1e8a3ef3b1bb6b384cd46,VALID
4071,W01750.mp4,C:\Users\Admin\Python Advanced\Deep Learning - CV\Project\data\Dataset\Videos\W01750.mp4,0.455,kết bạn,kết bạn,Neutral / Unspecified,unknown,99,29.97,1280,720,f91173fa35eb2036f26e36786d98a686,VALID
4072,W01766.mp4,C:\Users\Admin\Python Advanced\Deep Learning - CV\Project\data\Dataset\Videos\W01766.mp4,0.558,khai mạc,khai mạc,Neutral / Unspecified,unknown,121,29.97,1280,720,aff51fa3fcd4cb9faf9852b9608afc4c,VALID
4073,W01771.mp4,C:\Users\Admin\Python Advanced\Deep Learning - CV\Project\data\Dataset\Videos\W01771.mp4,0.36,kháng sinh,kháng sinh,Neutral / Unspecified,unknown,94,29.97,1280,720,ba09ad24252bdb3527f09d5b0c77b67d,VALID
4074,W01774.mp4,C:\Users\Admin\Python Advanced\Deep Learning - CV\Project\data\Dataset\Videos\W01774.mp4,0.361,khát nước,khát nước,Neutral / Unspecified,unknown,98,29.97,1280,720,e25e1756f0cea311c36db0cb92f9a687,VALID
4075,W01776.mp4,C:\Users\Admin\Python Advanced\Deep Learning - CV\Project\data\Dataset\Videos\W01776.mp4,0.641,khắc phục,khắc phục,Neutral / Unspecified,unknown,122,29.97,1280,720,892d87dd967f7618338e0f320bc722d0,VALID
4076,W01775.mp4,C:\Users\Admin\Python Advanced\Deep Learning - CV\Project\data\Dataset\Videos\W01775.mp4,0.703,khát vọng,khát vọng,Neutral / Unspecified,unknown,119,29.97,1280,720,47d3f706fcd431aac66f9a1b07642b00,VALID
4077,W01780.mp4,C:\Users\Admin\Python Advanced\Deep Learning - CV\Project\data\Dataset\Videos\W01780.mp4,0.464,khăn quàng đỏ,khăn quàng đỏ,Neutral / Unspecified,unknown,105,29.97,1280,720,8648b5152d49b875bfab8eab81669ae7,VALID
4078,W01793.mp4,C:\Users\Admin\Python Advanced\Deep Learning - CV\Project\data\Dataset\Videos\W01793.mp4,0.495,khép cửa,khép cửa,Neutral / Unspecified,unknown,105,29.97,1280,720,55cef956f18034545733b405f3785e78,VALID
4079,W01804.mp4,C:\Users\Admin\Python Advanced\Deep Learning - CV\Project\data\Dataset\Videos\W01804.mp4,0.482,khoa học,khoa học,Neutral / Unspecified,unknown,122,29.97,1280,720,34a8ac59feafad0d642a37b07b7fedcf,VALID
4080,W01829.mp4,C:\Users\Admin\Python Advanced\Deep Learning - CV\Project\data\Dataset\Videos\W01829.mp4,1.123,khổ thơ,khổ thơ,Neutral / Unspecified,unknown,182,29.97,1280,720,442374a9b702dd3bea114ee87a097ed7,VALID
4081,W01840B.mp4,C:\Users\Admin\Python Advanced\Deep Learning - CV\Project\data\Dataset\Videos\W01840B.mp4,0.56,không hiểu,không hiểu,B (Miền Bắc / North),unknown,98,29.97,1280,720,8c535521964bb8fa008e01c91fcc3b1b,VALID
4082,W01840T.mp4,C:\Users\Admin\Python Advanced\Deep Learning - CV\Project\data\Dataset\Videos\W01840T.mp4,0.607,không hiểu,không hiểu,T (Miền Trung / Central),unknown,136,29.97,1280,720,5549ff6744d9772809525c1601864e44,VALID
4083,W01842.mp4,C:\Users\Admin\Python Advanced\Deep Learning - CV\Project\data\Dataset\Videos\W01842.mp4,0.756,khổ,khổ,Neutral / Unspecified,unknown,148,29.97,1280,720,1315db91f1181995d82e5141323c5577,VALID
4084,W01849.mp4,C:\Users\Admin\Python Advanced\Deep Learning - CV\Project\data\Dataset\Videos\W01849.mp4,0.621,khu rừng,khu rừng,Neutral / Unspecified,unknown,131,29.97,1280,720,9b284f2217e94af8c601b6ec4a6854b9,VALID
4085,W01857.mp4,C:\Users\Admin\Python Advanced\Deep Learning - CV\Project\data\Dataset\Videos\W01857.mp4,0.598,khung thành,khung thành,Neutral / Unspecified,unknown,137,29.97,1280,720,9ae3e2030b4fa09873a996c86e444ad9,VALID
4086,W01862.mp4,C:\Users\Admin\Python Advanced\Deep Learning - CV\Project\data\Dataset\Videos\W01862.mp4,0.508,kì lạ,kì lạ,Neutral / Unspecified,unknown,105,29.97,1280,720,d2d8a2eabbe023332be6cb645908de13,VALID
4087,W01869.mp4,C:\Users\Admin\Python Advanced\Deep Learning - CV\Project\data\Dataset\Videos\W01869.mp4,0.432,ki-lô-mét (km),ki-lô-mét (km),Neutral / Unspecified,unknown,110,29.97,1280,720,be11f69a25411d83a9d192ecd36d6368,VALID
4088,W01878B.mp4,C:\Users\Admin\Python Advanced\Deep Learning - CV\Project\data\Dataset\Videos\W01878B.mp4,0.487,kiểm tra,kiểm tra,B (Miền Bắc / North),unknown,89,29.97,1280,720,fbc85f31890ab0501f3ab433f87af5c5,VALID
4089,W01882.mp4,C:\Users\Admin\Python Advanced\Deep Learning - CV\Project\data\Dataset\Videos\W01882.mp4,0.743,kiên quyết,kiên quyết,Neutral / Unspecified,unknown,141,29.97,1280,720,7d02d0a9ac65aff08e75530b9e446ee8,VALID
4090,W01885.mp4,C:\Users\Admin\Python Advanced\Deep Learning - CV\Project\data\Dataset\Videos\W01885.mp4,0.442,kiến thức,kiến thức,Neutral / Unspecified,unknown,107,29.97,1280,720,1283d652d82487d573d18515c0bb0a28,VALID
4091,W01920N.mp4,C:\Users\Admin\Python Advanced\Deep Learning - CV\Project\data\Dataset\Videos\W01920N.mp4,0.488,lái tàu hỏa,lái tàu hỏa,N (Miền Nam / South),unknown,90,29.97,1280,720,79aa26e77ce342eade8cabdddce7d415,VALID
4092,W01926.mp4,C:\Users\Admin\Python Advanced\Deep Learning - CV\Project\data\Dataset\Videos\W01926.mp4,0.537,làm ruộng,làm ruộng,Neutral / Unspecified,unknown,98,29.97,1280,720,30031a0d37929034ad3e75dfd368cf8e,VALID
4093,W01939.mp4,C:\Users\Admin\Python Advanced\Deep Learning - CV\Project\data\Dataset\Videos\W01939.mp4,0.62,làng xóm,làng xóm,Neutral / Unspecified,unknown,140,29.97,1280,720,ce32f03cd897ef13d9f5ca03f08d957e,VALID
4094,W01940.mp4,C:\Users\Admin\Python Advanced\Deep Learning - CV\Project\data\Dataset\Videos\W01940.mp4,1.165,Lạng Sơn,lạng sơn,Neutral / Unspecified,unknown,182,29.97,1280,720,9f647c526d82b6a3e2ae6b325d06d203,VALID
4095,W01978B.mp4,C:\Users\Admin\Python Advanced\Deep Learning - CV\Project\data\Dataset\Videos\W01978B.mp4,0.574,lễ hội,lễ hội,B (Miền Bắc / North),unknown,103,29.97,1280,720,55851379a9a03beb67982cebbd9346f4,VALID
4096,W01979N.mp4,C:\Users\Admin\Python Advanced\Deep Learning - CV\Project\data\Dataset\Videos\W01979N.mp4,0.538,lễ Nô-en,lễ nô-en,N (Miền Nam / South),unknown,107,29.97,1280,720,3c8150b15aa9781433300058a5f98254,VALID
4097,W02003.mp4,C:\Users\Admin\Python Advanced\Deep Learning - CV\Project\data\Dataset\Videos\W02003.mp4,0.632,liền sau,liền sau,Neutral / Unspecified,unknown,110,29.97,1280,720,1a20ca2862d14adb94828c83930c6c6f,VALID
4098,W02004.mp4,C:\Users\Admin\Python Advanced\Deep Learning - CV\Project\data\Dataset\Videos\W02004.mp4,0.645,liền trước,liền trước,Neutral / Unspecified,unknown,119,29.97,1280,720,754842402802d93f9edacc5b92042175,VALID
4099,W02012T.mp4,C:\Users\Admin\Python Advanced\Deep Learning - CV\Project\data\Dataset\Videos\W02012T.mp4,0.576,lĩnh vực,lĩnh vực,T (Miền Trung / Central),unknown,120,29.97,1280,720,631b583b9859df718e7615302dc6fd38,VALID
4100,W02019.mp4,C:\Users\Admin\Python Advanced\Deep Learning - CV\Project\data\Dataset\Videos\W02019.mp4,0.763,lọ hoa,lọ hoa,Neutral / Unspecified,unknown,144,29.97,1280,720,2c8d74ee951661d11ce9a7c610ed61da,VALID
4101,W02018.mp4,C:\Users\Admin\Python Advanced\Deep Learning - CV\Project\data\Dataset\Videos\W02018.mp4,0.694,lò xo,lò xo,Neutral / Unspecified,unknown,130,29.97,1280,720,70da461dd9b0244254aa5c9846a6b910,VALID
4102,W02041.mp4,C:\Users\Admin\Python Advanced\Deep Learning - CV\Project\data\Dataset\Videos\W02041.mp4,0.579,lồng bàn,lồng bàn,Neutral / Unspecified,unknown,116,29.97,1280,720,b7dc46a46deaddbbb5ef463c24072c7f,VALID
4103,W02064B.mp4,C:\Users\Admin\Python Advanced\Deep Learning - CV\Project\data\Dataset\Videos\W02064B.mp4,0.639,luật chơi,luật chơi,B (Miền Bắc / North),unknown,115,29.97,1280,720,1b8c033a8baa064f172e2fd40a276d63,VALID
4104,W02074.mp4,C:\Users\Admin\Python Advanced\Deep Learning - CV\Project\data\Dataset\Videos\W02074.mp4,0.686,luyện tập,luyện tập,Neutral / Unspecified,unknown,126,29.97,1280,720,a933668dbe947dd41e58e21f5eac2d51,VALID
4105,W02080.mp4,C:\Users\Admin\Python Advanced\Deep Learning - CV\Project\data\Dataset\Videos\W02080.mp4,0.544,lưỡi,lưỡi,Neutral / Unspecified,unknown,115,29.97,1280,720,b91c380fb39baa0cffbb021fb3435bd8,VALID
4106,W02098.mp4,C:\Users\Admin\Python Advanced\Deep Learning - CV\Project\data\Dataset\Videos\W02098.mp4,0.714,lưu ý,lưu ý,Neutral / Unspecified,unknown,142,29.97,1280,720,0e19ad5ac4638f2aa78dd465d084d00a,VALID
4107,W02109.mp4,C:\Users\Admin\Python Advanced\Deep Learning - CV\Project\data\Dataset\Videos\W02109.mp4,0.625,mã vạch,mã vạch,Neutral / Unspecified,unknown,115,29.97,1280,720,c094ea14ad35c81ad2084a4d7bef726d,VALID
4108,W02112.mp4,C:\Users\Admin\Python Advanced\Deep Learning - CV\Project\data\Dataset\Videos\W02112.mp4,1.016,mạch lạc,mạch lạc,Neutral / Unspecified,unknown,152,29.97,1280,720,366bb0c41c4b768220a3efa89816f503,VALID
4109,W02119.mp4,C:\Users\Admin\Python Advanced\Deep Learning - CV\Project\data\Dataset\Videos\W02119.mp4,0.622,mái tóc,mái tóc,Neutral / Unspecified,unknown,125,29.97,1280,720,364b2a828fe53fc4274855be210cbe00,VALID
4110,W02131.mp4,C:\Users\Admin\Python Advanced\Deep Learning - CV\Project\data\Dataset\Videos\W02131.mp4,0.444,mạnh mẽ,mạnh mẽ,Neutral / Unspecified,unknown,113,29.97,1280,720,5c3c20aea0a28f53fef47b37db92f3db,VALID
4111,W02137B.mp4,C:\Users\Admin\Python Advanced\Deep Learning - CV\Project\data\Dataset\Videos\W02137B.mp4,0.452,màu nâu,màu nâu,B (Miền Bắc / North),unknown,101,29.97,1280,720,f1b2cc7feeef91ae76e275598bf9a1a6,VALID
4112,W02150.mp4,C:\Users\Admin\Python Advanced\Deep Learning - CV\Project\data\Dataset\Videos\W02150.mp4,0.746,máy quay,máy quay,Neutral / Unspecified,unknown,142,29.97,1280,720,cca2dec5e4376081ce1eb637570db344,VALID
4113,W02180.mp4,C:\Users\Admin\Python Advanced\Deep Learning - CV\Project\data\Dataset\Videos\W02180.mp4,0.58,mầm cây,mầm cây,Neutral / Unspecified,unknown,100,29.97,1280,720,60cb633c3a11f2f592fea20a91724db0,VALID
4114,W02192.mp4,C:\Users\Admin\Python Advanced\Deep Learning - CV\Project\data\Dataset\Videos\W02192.mp4,0.374,mẫu số bé,mẫu số bé,Neutral / Unspecified,unknown,68,29.97,1280,720,6529358f6cf54e6d76f087e1cfcd8d3d,VALID
4115,W02208.mp4,C:\Users\Admin\Python Advanced\Deep Learning - CV\Project\data\Dataset\Videos\W02208.mp4,0.504,mi-li-mét (mm),mi-li-mét (mm),Neutral / Unspecified,unknown,111,29.97,1280,720,ed9c5cdef9a2c5a205ccdb7366278827,VALID
4116,W02209.mp4,C:\Users\Admin\Python Advanced\Deep Learning - CV\Project\data\Dataset\Videos\W02209.mp4,0.471,mĩ thuật,mĩ thuật,Neutral / Unspecified,unknown,103,29.97,1280,720,482263736dfc2d407ca94d0d54039dbf,VALID
4117,W02222.mp4,C:\Users\Admin\Python Advanced\Deep Learning - CV\Project\data\Dataset\Videos\W02222.mp4,0.747,Mặt trời lặn,mặt trời lặn,Neutral / Unspecified,unknown,126,29.97,1280,720,06c26699855ea0fd3e7fcb47fc2bb7bd,VALID
4118,W02226.mp4,C:\Users\Admin\Python Advanced\Deep Learning - CV\Project\data\Dataset\Videos\W02226.mp4,0.698,móng vuốt,móng vuốt,Neutral / Unspecified,unknown,138,29.97,1280,720,578b36e46cbb28c1388033fd089ea1e4,VALID
4119,W02239N.mp4,C:\Users\Admin\Python Advanced\Deep Learning - CV\Project\data\Dataset\Videos\W02239N.mp4,0.438,môn Đạo đức,môn đạo đức,N (Miền Nam / South),unknown,83,29.97,1280,720,343b5b41ff6743d43a0754235fb8a686,VALID
4120,W02245.mp4,C:\Users\Admin\Python Advanced\Deep Learning - CV\Project\data\Dataset\Videos\W02245.mp4,0.712,môn Mĩ thuật,môn mĩ thuật,Neutral / Unspecified,unknown,130,29.97,1280,720,a9257a9d7193a8ef63e95e87e441bd05,VALID
4121,W02246.mp4,C:\Users\Admin\Python Advanced\Deep Learning - CV\Project\data\Dataset\Videos\W02246.mp4,0.816,môn Ngoại ngữ,môn ngoại ngữ,Neutral / Unspecified,unknown,121,29.97,1280,720,73a3e812b463be223aae757a47f04397,VALID
4122,W02249.mp4,C:\Users\Admin\Python Advanced\Deep Learning - CV\Project\data\Dataset\Videos\W02249.mp4,0.582,môn Tin học và Công nghệ,môn tin học và công nghệ,Neutral / Unspecified,unknown,111,29.97,1280,720,721c9dc46026a3bc16b97c365c98e55f,VALID
4123,W02266.mp4,C:\Users\Admin\Python Advanced\Deep Learning - CV\Project\data\Dataset\Videos\W02266.mp4,0.723,mua bán,mua bán,Neutral / Unspecified,unknown,114,29.97,1280,720,6c97ebaa3c988912d5ba57b2bddde163,VALID
4124,W02269.mp4,C:\Users\Admin\Python Advanced\Deep Learning - CV\Project\data\Dataset\Videos\W02269.mp4,0.499,mùa đông,mùa đông,Neutral / Unspecified,unknown,114,29.97,1280,720,0407524ff0dcc5977d4146e142e8aa70,VALID
4125,W02272B.mp4,C:\Users\Admin\Python Advanced\Deep Learning - CV\Project\data\Dataset\Videos\W02272B.mp4,0.845,mùa xuân,mùa xuân,B (Miền Bắc / North),unknown,154,29.97,1280,720,c8b35af1f9ebe9bd4c492f2111df5135,VALID
4126,W02275.mp4,C:\Users\Admin\Python Advanced\Deep Learning - CV\Project\data\Dataset\Videos\W02275.mp4,0.556,mũ,mũ,Neutral / Unspecified,unknown,90,29.97,1280,720,447e0fe88e803df0b1dc3a057afa8cb6,VALID
4127,W02281.mp4,C:\Users\Admin\Python Advanced\Deep Learning - CV\Project\data\Dataset\Videos\W02281.mp4,0.583,muộn,muộn,Neutral / Unspecified,unknown,108,29.97,1280,720,b8742efa13a9fc918b1a19d0e30c77ed,VALID
4128,W02282.mp4,C:\Users\Admin\Python Advanced\Deep Learning - CV\Project\data\Dataset\Videos\W02282.mp4,0.741,mưa phùn,mưa phùn,Neutral / Unspecified,unknown,111,29.97,1280,720,4ef2eff806640edf6492dabffdff6a82,VALID
4129,W02291.mp4,C:\Users\Admin\Python Advanced\Deep Learning - CV\Project\data\Dataset\Videos\W02291.mp4,0.484,náo nức,náo nức,Neutral / Unspecified,unknown,83,29.97,1280,720,4017d8ced0d3c0416c216c4ff7f6c95b,VALID
4130,W02294.mp4,C:\Users\Admin\Python Advanced\Deep Learning - CV\Project\data\Dataset\Videos\W02294.mp4,0.616,năm ngoái,năm ngoái,Neutral / Unspecified,unknown,113,29.97,1280,720,7a5be98323f12b84c096fd791f775d8b,VALID
4131,W02300.mp4,C:\Users\Admin\Python Advanced\Deep Learning - CV\Project\data\Dataset\Videos\W02300.mp4,0.53,nặn,nặn,Neutral / Unspecified,unknown,112,29.97,1280,720,ea6c99ba8c4f8187ecc73eedaa9e2da8,VALID
4132,W02303.mp4,C:\Users\Admin\Python Advanced\Deep Learning - CV\Project\data\Dataset\Videos\W02303.mp4,0.491,nấm,nấm,Neutral / Unspecified,unknown,100,29.97,1280,720,22bb099c0d07f07a7b917d1583369b3f,VALID
4133,W02329N.mp4,C:\Users\Admin\Python Advanced\Deep Learning - CV\Project\data\Dataset\Videos\W02329N.mp4,0.656,ngày tháng,ngày tháng,N (Miền Nam / South),unknown,119,29.97,1280,720,e007e8788b5f6fb43c482fd656480208,VALID
4134,W02333.mp4,C:\Users\Admin\Python Advanced\Deep Learning - CV\Project\data\Dataset\Videos\W02333.mp4,0.636,ngành nghề,ngành nghề,Neutral / Unspecified,unknown,125,29.97,1280,720,f8c763dd0d62683ac77b7b044f354a8b,VALID
4135,W02338T.mp4,C:\Users\Admin\Python Advanced\Deep Learning - CV\Project\data\Dataset\Videos\W02338T.mp4,0.82,ngày sinh,ngày sinh,T (Miền Trung / Central),unknown,137,29.97,1280,720,c7ef50b94107d3fdafc622b3f9fb3e33,VALID
4136,W02345N.mp4,C:\Users\Admin\Python Advanced\Deep Learning - CV\Project\data\Dataset\Videos\W02345N.mp4,0.497,ngắt hoa,ngắt hoa,N (Miền Nam / South),unknown,80,29.97,1280,720,68983427cc33eee315e7875b5786adf8,VALID
4137,W02349.mp4,C:\Users\Admin\Python Advanced\Deep Learning - CV\Project\data\Dataset\Videos\W02349.mp4,0.565,ngẩng đầu,ngẩng đầu,Neutral / Unspecified,unknown,113,29.97,1280,720,754bebc7af817f8b4c35148e7132113c,VALID
4138,W02350.mp4,C:\Users\Admin\Python Advanced\Deep Learning - CV\Project\data\Dataset\Videos\W02350.mp4,0.608,ngập lụt,ngập lụt,Neutral / Unspecified,unknown,125,29.97,1280,720,d5e86e630a740668267d7999e62b0bfa,VALID
4139,W02354T.mp4,C:\Users\Admin\Python Advanced\Deep Learning - CV\Project\data\Dataset\Videos\W02354T.mp4,0.489,nghé,nghé,T (Miền Trung / Central),unknown,76,29.97,1280,720,ea9037dca0d434b9071a39c83dbcd5c1,VALID
4140,W02367.mp4,C:\Users\Admin\Python Advanced\Deep Learning - CV\Project\data\Dataset\Videos\W02367.mp4,0.654,nghiên cứu,nghiên cứu,Neutral / Unspecified,unknown,123,29.97,1280,720,79a19f74ff573a45995a55ccf8107afd,VALID
4141,W02370.mp4,C:\Users\Admin\Python Advanced\Deep Learning - CV\Project\data\Dataset\Videos\W02370.mp4,0.633,nghĩa bóng,nghĩa bóng,Neutral / Unspecified,unknown,125,29.97,1280,720,4c037f0e491ab9e8a667f33ddf7f61a6,VALID
4142,W02373N.mp4,C:\Users\Admin\Python Advanced\Deep Learning - CV\Project\data\Dataset\Videos\W02373N.mp4,0.445,nghiêm khắc,nghiêm khắc,N (Miền Nam / South),unknown,89,29.97,1280,720,df64403b54ccce89b3946a86e439959d,VALID
4143,W02382.mp4,C:\Users\Admin\Python Advanced\Deep Learning - CV\Project\data\Dataset\Videos\W02382.mp4,0.664,ngoắc tay,ngoắc tay,Neutral / Unspecified,unknown,125,29.97,1280,720,ed3713eec01c2e155380b571c2625e41,VALID
4144,W02384.mp4,C:\Users\Admin\Python Advanced\Deep Learning - CV\Project\data\Dataset\Videos\W02384.mp4,0.653,ngoặc kép,ngoặc kép,Neutral / Unspecified,unknown,137,29.97,1280,720,565a0c65967b5b792474e7220d3ce456,VALID
4145,W02391.mp4,C:\Users\Admin\Python Advanced\Deep Learning - CV\Project\data\Dataset\Videos\W02391.mp4,0.724,ngõ,ngõ,Neutral / Unspecified,unknown,132,29.97,1280,720,8122f506acf7bc41e114a43cbd2e29e3,VALID
4146,W02394T.mp4,C:\Users\Admin\Python Advanced\Deep Learning - CV\Project\data\Dataset\Videos\W02394T.mp4,0.472,ngọn cây,ngọn cây,T (Miền Trung / Central),unknown,74,29.97,1280,720,656c8b896dac947e9df0ddec57ba271e,VALID
4147,W02395N.mp4,C:\Users\Admin\Python Advanced\Deep Learning - CV\Project\data\Dataset\Videos\W02395N.mp4,0.28,ngô,ngô,N (Miền Nam / South),unknown,65,29.97,1280,720,39692a71810022489ee8d2644caec9b9,VALID
4148,W02400B.mp4,C:\Users\Admin\Python Advanced\Deep Learning - CV\Project\data\Dataset\Videos\W02400B.mp4,0.526,ngồi,ngồi,B (Miền Bắc / North),unknown,95,29.97,1280,720,60423c408457d9715c894ba12aa3539d,VALID
4149,W02402T.mp4,C:\Users\Admin\Python Advanced\Deep Learning - CV\Project\data\Dataset\Videos\W02402T.mp4,0.859,ngũ quả,ngũ quả,T (Miền Trung / Central),unknown,118,29.97,1280,720,f7491833d689ab26ce1d834d49bd82e3,VALID
4150,W02407B.mp4,C:\Users\Admin\Python Advanced\Deep Learning - CV\Project\data\Dataset\Videos\W02407B.mp4,0.546,nguyên nhân,nguyên nhân,B (Miền Bắc / North),unknown,101,29.97,1280,720,742536b49667d6a45838d3caedd851db,VALID
4151,W02423.mp4,C:\Users\Admin\Python Advanced\Deep Learning - CV\Project\data\Dataset\Videos\W02423.mp4,0.488,ngược đãi,ngược đãi,Neutral / Unspecified,unknown,107,29.97,1280,720,674c83fcd3c3c7bc325cdcccbe0fb4e9,VALID
4152,W02432.mp4,C:\Users\Admin\Python Advanced\Deep Learning - CV\Project\data\Dataset\Videos\W02432.mp4,0.548,người máy,người máy,Neutral / Unspecified,unknown,109,29.97,1280,720,866828de91ca806abcaec74fdcb535be,VALID
4153,W02437T.mp4,C:\Users\Admin\Python Advanced\Deep Learning - CV\Project\data\Dataset\Videos\W02437T.mp4,0.491,người xấu,người xấu,T (Miền Trung / Central),unknown,91,29.97,1280,720,f9a6c37bf097189401e6a52ec9bef595,VALID
4154,W02440.mp4,C:\Users\Admin\Python Advanced\Deep Learning - CV\Project\data\Dataset\Videos\W02440.mp4,0.569,ngưỡng mộ,ngưỡng mộ,Neutral / Unspecified,unknown,117,29.97,1280,720,742bbdaec527874ac73c597cbaff2655,VALID
4155,W02443.mp4,C:\Users\Admin\Python Advanced\Deep Learning - CV\Project\data\Dataset\Videos\W02443.mp4,0.458,nhà cửa,nhà cửa,Neutral / Unspecified,unknown,113,29.97,1280,720,768d4a0d41d433fe271c67cad175afbf,VALID
4156,W02449.mp4,C:\Users\Admin\Python Advanced\Deep Learning - CV\Project\data\Dataset\Videos\W02449.mp4,0.556,nhà thơ,nhà thơ,Neutral / Unspecified,unknown,114,29.97,1280,720,db2c431873fb654a687aab869fc753b7,VALID
4157,W02455B.mp4,C:\Users\Admin\Python Advanced\Deep Learning - CV\Project\data\Dataset\Videos\W02455B.mp4,0.725,nhà trường,nhà trường,B (Miền Bắc / North),unknown,113,29.97,1280,720,4a49cf3032a1f1c3e60346bbf117334c,VALID
4158,W02456.mp4,C:\Users\Admin\Python Advanced\Deep Learning - CV\Project\data\Dataset\Videos\W02456.mp4,0.504,nhà tù,nhà tù,Neutral / Unspecified,unknown,112,29.97,1280,720,e579316b00d9da814c5378771065a5cf,VALID
4159,W02462.mp4,C:\Users\Admin\Python Advanced\Deep Learning - CV\Project\data\Dataset\Videos\W02462.mp4,0.542,nhanh nhẹn,nhanh nhẹn,Neutral / Unspecified,unknown,102,29.97,1280,720,bace9e4142cae6d7bdd4211d3d65b657,VALID
4160,W02468.mp4,C:\Users\Admin\Python Advanced\Deep Learning - CV\Project\data\Dataset\Videos\W02468.mp4,0.328,nháy mắt,nháy mắt,Neutral / Unspecified,unknown,90,29.97,1280,720,2e757b7a053762a50aece85ea9bcfa38,VALID
4161,W02471.mp4,C:\Users\Admin\Python Advanced\Deep Learning - CV\Project\data\Dataset\Videos\W02471.mp4,0.858,nhăn mặt,nhăn mặt,Neutral / Unspecified,unknown,152,29.97,1280,720,ff83f64531eddda0e01b2970df828979,VALID
4162,W02479B.mp4,C:\Users\Admin\Python Advanced\Deep Learning - CV\Project\data\Dataset\Videos\W02479B.mp4,0.536,nhân hậu,nhân hậu,B (Miền Bắc / North),unknown,110,29.97,1280,720,9bc78fc4f8041f1574ee523ebece3bf9,VALID
4163,W02486.mp4,C:\Users\Admin\Python Advanced\Deep Learning - CV\Project\data\Dataset\Videos\W02486.mp4,0.452,nhận thức,nhận thức,Neutral / Unspecified,unknown,94,29.97,1280,720,6e4f9e714f06e75b7773318aa4dc2524,VALID
4164,W02483.mp4,C:\Users\Admin\Python Advanced\Deep Learning - CV\Project\data\Dataset\Videos\W02483.mp4,0.848,nhận hàng,nhận hàng,Neutral / Unspecified,unknown,135,29.97,1280,720,b6c7f66c360e22f65125d256571aeaab,VALID
4165,W02497B.mp4,C:\Users\Admin\Python Advanced\Deep Learning - CV\Project\data\Dataset\Videos\W02497B.mp4,0.47,nhiệt kế,nhiệt kế,B (Miền Bắc / North),unknown,112,29.97,1280,720,7b6dd627e9cf8390d89d6120a5f9491e,VALID
4166,W02498.mp4,C:\Users\Admin\Python Advanced\Deep Learning - CV\Project\data\Dataset\Videos\W02498.mp4,0.474,nhiều hơn,nhiều hơn,Neutral / Unspecified,unknown,100,29.97,1280,720,e2d04c1e24a608f623ffa60850461a8b,VALID
4167,W02506.mp4,C:\Users\Admin\Python Advanced\Deep Learning - CV\Project\data\Dataset\Videos\W02506.mp4,0.788,nhổ củ cải,nhổ củ cải,Neutral / Unspecified,unknown,130,29.97,1280,720,5d62101d0e9fb5f27f6c7922dffac3f3,VALID
4168,W02518.mp4,C:\Users\Admin\Python Advanced\Deep Learning - CV\Project\data\Dataset\Videos\W02518.mp4,0.627,Ninh Bình,ninh bình,Neutral / Unspecified,unknown,111,29.97,1280,720,bafaa88607288e12e98770930c43fc2f,VALID
4169,W02524.mp4,C:\Users\Admin\Python Advanced\Deep Learning - CV\Project\data\Dataset\Videos\W02524.mp4,0.609,nói dối,nói dối,Neutral / Unspecified,unknown,135,29.97,1280,720,e387b31602c865a2865d911560cc9481,VALID
4170,W02539.mp4,C:\Users\Admin\Python Advanced\Deep Learning - CV\Project\data\Dataset\Videos\W02539.mp4,0.825,nối tiếp,nối tiếp,Neutral / Unspecified,unknown,138,29.97,1280,720,5853feb3f748cb8883fa78bbb7450fdc,VALID
4171,W02542.mp4,C:\Users\Admin\Python Advanced\Deep Learning - CV\Project\data\Dataset\Videos\W02542.mp4,0.548,nội tiếp,nội tiếp,Neutral / Unspecified,unknown,126,29.97,1280,720,d4029657805adc42c956506cdafe1f0a,VALID
4172,W02549.mp4,C:\Users\Admin\Python Advanced\Deep Learning - CV\Project\data\Dataset\Videos\W02549.mp4,0.695,nơ,nơ,Neutral / Unspecified,unknown,147,29.97,1280,720,e5c85681f07276ad9c696bad6e02cf1b,VALID
4173,W02580T.mp4,C:\Users\Admin\Python Advanced\Deep Learning - CV\Project\data\Dataset\Videos\W02580T.mp4,1.636,ở ngoài,ở ngoài,T (Miền Trung / Central),unknown,251,29.97,1280,720,01ea972aafb657cf3d7754470fb8f280,VALID
4174,W02589N.mp4,C:\Users\Admin\Python Advanced\Deep Learning - CV\Project\data\Dataset\Videos\W02589N.mp4,0.518,phá,phá,N (Miền Nam / South),unknown,112,29.97,1280,720,9490e70e0692430b70b8ee06e9e3e874,VALID
4175,W02616.mp4,C:\Users\Admin\Python Advanced\Deep Learning - CV\Project\data\Dataset\Videos\W02616.mp4,0.479,phân số,phân số,Neutral / Unspecified,unknown,111,29.97,1280,720,13006105b1abeb87d803f2e688445bf1,VALID
4176,W02630B.mp4,C:\Users\Admin\Python Advanced\Deep Learning - CV\Project\data\Dataset\Videos\W02630B.mp4,0.61,phấn (viết bảng),phấn (viết bảng),B (Miền Bắc / North),unknown,118,29.97,1280,720,e5c261fc2036d5f8965c9b2dd4c1502c,VALID
4177,W02640.mp4,C:\Users\Admin\Python Advanced\Deep Learning - CV\Project\data\Dataset\Videos\W02640.mp4,0.512,phép mầu,phép mầu,Neutral / Unspecified,unknown,126,29.97,1280,720,46b10eb0c03a8250f86d610e1d9fff66,VALID
4178,W02649.mp4,C:\Users\Admin\Python Advanced\Deep Learning - CV\Project\data\Dataset\Videos\W02649.mp4,0.714,phích nước,phích nước,Neutral / Unspecified,unknown,127,29.97,1280,720,009debdac6ee1b7c1c475a2046b067b8,VALID
4179,W02651N.mp4,C:\Users\Admin\Python Advanced\Deep Learning - CV\Project\data\Dataset\Videos\W02651N.mp4,0.46,phiên dịch,phiên dịch,N (Miền Nam / South),unknown,96,29.97,1280,720,e13287c621fb54aed5f7612a6d933d01,VALID
4180,W02666.mp4,C:\Users\Admin\Python Advanced\Deep Learning - CV\Project\data\Dataset\Videos\W02666.mp4,0.591,phong tục,phong tục,Neutral / Unspecified,unknown,115,29.97,1280,720,aef69126b041d5d245c07e6c99b92e65,VALID
4181,W02667.mp4,C:\Users\Admin\Python Advanced\Deep Learning - CV\Project\data\Dataset\Videos\W02667.mp4,0.569,phòng âm nhạc,phòng âm nhạc,Neutral / Unspecified,unknown,100,29.97,1280,720,d235bca38179deafe2818a632c3d0faa,VALID
4182,W02679.mp4,C:\Users\Admin\Python Advanced\Deep Learning - CV\Project\data\Dataset\Videos\W02679.mp4,0.556,phòng thí nghiệm,phòng thí nghiệm,Neutral / Unspecified,unknown,110,29.97,1280,720,3400318d384bda1d8fc2327e74d50ab6,VALID
4183,W02724N.mp4,C:\Users\Admin\Python Advanced\Deep Learning - CV\Project\data\Dataset\Videos\W02724N.mp4,0.493,quả bưởi,quả bưởi,N (Miền Nam / South),unknown,69,29.97,1280,720,3aed1573c9b85338d11dfa746ef6f6ec,VALID
4184,W02742T.mp4,C:\Users\Admin\Python Advanced\Deep Learning - CV\Project\data\Dataset\Videos\W02742T.mp4,0.549,quả khế,quả khế,T (Miền Trung / Central),unknown,108,29.97,1280,720,1ccefa06ebebf31aacf2bee71cbe69d2,VALID
4185,W02747.mp4,C:\Users\Admin\Python Advanced\Deep Learning - CV\Project\data\Dataset\Videos\W02747.mp4,0.486,quả na,quả na,Neutral / Unspecified,unknown,107,29.97,1280,720,0c0726d2221ca427b1b1a5906b5d2178,VALID
4186,W02754B.mp4,C:\Users\Admin\Python Advanced\Deep Learning - CV\Project\data\Dataset\Videos\W02754B.mp4,0.453,quả roi,quả roi,B (Miền Bắc / North),unknown,89,29.97,1280,720,e6b40592732b0412504c8d42c49e07f8,VALID
4187,W02754T.mp4,C:\Users\Admin\Python Advanced\Deep Learning - CV\Project\data\Dataset\Videos\W02754T.mp4,0.388,quả roi,quả roi,T (Miền Trung / Central),unknown,79,29.97,1280,720,85fe02ec13dad4b8084ed5dfc9ee5d4d,VALID
4188,W02756.mp4,C:\Users\Admin\Python Advanced\Deep Learning - CV\Project\data\Dataset\Videos\W02756.mp4,0.642,quả su su,quả su su,Neutral / Unspecified,unknown,126,29.97,1280,720,cc8778517a9e52c8fdc4407b9395e5a3,VALID
4189,W02765.mp4,C:\Users\Admin\Python Advanced\Deep Learning - CV\Project\data\Dataset\Videos\W02765.mp4,0.62,quan tâm,quan tâm,Neutral / Unspecified,unknown,111,29.97,1280,720,2a92532d3d25795cafc3d418b8763dba,VALID
4190,W02784B.mp4,C:\Users\Admin\Python Advanced\Deep Learning - CV\Project\data\Dataset\Videos\W02784B.mp4,0.386,quân đội,quân đội,B (Miền Bắc / North),unknown,90,29.97,1280,720,4d1432ca32bf05e5bc43fdd87c64881d,VALID
4191,W02789.mp4,C:\Users\Admin\Python Advanced\Deep Learning - CV\Project\data\Dataset\Videos\W02789.mp4,0.823,quần yếm,quần yếm,Neutral / Unspecified,unknown,139,29.97,1280,720,e5718dba81ccab154dbd892bbc5c5f72,VALID
4192,W02790T.mp4,C:\Users\Admin\Python Advanced\Deep Learning - CV\Project\data\Dataset\Videos\W02790T.mp4,0.29,quận,quận,T (Miền Trung / Central),unknown,71,29.97,1280,720,c8afb57f1debb5899ff5f6e508574157,VALID
4193,W02795.mp4,C:\Users\Admin\Python Advanced\Deep Learning - CV\Project\data\Dataset\Videos\W02795.mp4,0.441,quét nhà,quét nhà,Neutral / Unspecified,unknown,82,29.97,1280,720,2fbe08828c21944b11d7935383948323,VALID
4194,W02797B.mp4,C:\Users\Admin\Python Advanced\Deep Learning - CV\Project\data\Dataset\Videos\W02797B.mp4,0.391,quê,quê,B (Miền Bắc / North),unknown,84,29.97,1280,720,1eb7a6e3bb6cd758904ecba44ba33264,VALID
4195,W02797N.mp4,C:\Users\Admin\Python Advanced\Deep Learning - CV\Project\data\Dataset\Videos\W02797N.mp4,1.059,quê,quê,N (Miền Nam / South),unknown,155,29.97,1280,720,5c0e1d7718760ebebfe79d85eba7e180,VALID
4196,W02797T.mp4,C:\Users\Admin\Python Advanced\Deep Learning - CV\Project\data\Dataset\Videos\W02797T.mp4,1.059,quê,quê,T (Miền Trung / Central),unknown,155,29.97,1280,720,f7c5d979f7255657e5b17d59da63d94a,VALID
4197,W02805.mp4,C:\Users\Admin\Python Advanced\Deep Learning - CV\Project\data\Dataset\Videos\W02805.mp4,0.529,quốc tế,quốc tế,Neutral / Unspecified,unknown,121,29.97,1280,720,a3538007bdab777f091610b3fbd68bf5,VALID
4198,W02809.mp4,C:\Users\Admin\Python Advanced\Deep Learning - CV\Project\data\Dataset\Videos\W02809.mp4,0.489,quy đồng mẫu số,quy đồng mẫu số,Neutral / Unspecified,unknown,94,29.97,1280,720,c5b9cbdd936d0c9d67d94ce504d9d430,VALID
4199,W02811.mp4,C:\Users\Admin\Python Advanced\Deep Learning - CV\Project\data\Dataset\Videos\W02811.mp4,0.746,quy tắc,quy tắc,Neutral / Unspecified,unknown,121,29.97,1280,720,960cea3fb9f19051a78d62ed9f4e025b,VALID
4200,W02818B.mp4,C:\Users\Admin\Python Advanced\Deep Learning - CV\Project\data\Dataset\Videos\W02818B.mp4,0.356,quyển vở,quyển vở,B (Miền Bắc / North),unknown,80,29.97,1280,720,4afccd0b3579564438fe9476f234e39b,VALID
4201,W02818N.mp4,C:\Users\Admin\Python Advanced\Deep Learning - CV\Project\data\Dataset\Videos\W02818N.mp4,0.337,quyển vở,quyển vở,N (Miền Nam / South),unknown,73,29.97,1280,720,8fb2452d389b37077620cb4bd9763626,VALID
4202,W02820T.mp4,C:\Users\Admin\Python Advanced\Deep Learning - CV\Project\data\Dataset\Videos\W02820T.mp4,0.451,quyết tâm,quyết tâm,T (Miền Trung / Central),unknown,81,29.97,1280,720,80a716d6ea15eaf9e0359fd384cc0369,VALID
4203,W02820N.mp4,C:\Users\Admin\Python Advanced\Deep Learning - CV\Project\data\Dataset\Videos\W02820N.mp4,0.448,quyết tâm,quyết tâm,N (Miền Nam / South),unknown,81,29.97,1280,720,70ef672c8572f11a9fbec1b2055be6ac,VALID
4204,W02823.mp4,C:\Users\Admin\Python Advanced\Deep Learning - CV\Project\data\Dataset\Videos\W02823.mp4,0.578,ra lệnh,ra lệnh,Neutral / Unspecified,unknown,121,29.97,1280,720,5ba3df4a1e89c6b1d53b4249369c6cbd,VALID
4205,W02825N.mp4,C:\Users\Admin\Python Advanced\Deep Learning - CV\Project\data\Dataset\Videos\W02825N.mp4,0.331,ra ngoài,ra ngoài,N (Miền Nam / South),unknown,77,29.97,1280,720,7e6c6cd1f973feaf6ddca83ed8d79f35,VALID
4206,W02831.mp4,C:\Users\Admin\Python Advanced\Deep Learning - CV\Project\data\Dataset\Videos\W02831.mp4,0.472,rạch,rạch,Neutral / Unspecified,unknown,96,29.97,1280,720,d2c19d3df759a2305896f34907511749,VALID
4207,W02837.mp4,C:\Users\Admin\Python Advanced\Deep Learning - CV\Project\data\Dataset\Videos\W02837.mp4,0.874,rau cải,rau cải,Neutral / Unspecified,unknown,145,29.97,1280,720,0b3c03fcad9d0882edf681cb807de1cf,VALID
4208,W02845.mp4,C:\Users\Admin\Python Advanced\Deep Learning - CV\Project\data\Dataset\Videos\W02845.mp4,0.634,rau ngót,rau ngót,Neutral / Unspecified,unknown,116,29.97,1280,720,56db841d6934b86ec23075e584fab74f,VALID
4209,W02851.mp4,C:\Users\Admin\Python Advanced\Deep Learning - CV\Project\data\Dataset\Videos\W02851.mp4,0.575,râu,râu,Neutral / Unspecified,unknown,123,29.97,1280,720,fd6d05d56cc9800c1bb1b8c9007e6c77,VALID
4210,W02856.mp4,C:\Users\Admin\Python Advanced\Deep Learning - CV\Project\data\Dataset\Videos\W02856.mp4,0.574,rễ cây,rễ cây,Neutral / Unspecified,unknown,129,29.97,1280,720,796d478588dd528d1d2f024da2337c69,VALID
4211,W02880.mp4,C:\Users\Admin\Python Advanced\Deep Learning - CV\Project\data\Dataset\Videos\W02880.mp4,0.471,ruột non,ruột non,Neutral / Unspecified,unknown,94,29.97,1280,720,cd89a6da32c7707308adc0ab9554e77c,VALID
4212,W02886.mp4,C:\Users\Admin\Python Advanced\Deep Learning - CV\Project\data\Dataset\Videos\W02886.mp4,0.589,rửa chân,rửa chân,Neutral / Unspecified,unknown,107,29.97,1280,720,7def02d6342d67edaba03f7d7f116016,VALID
4213,W02894.mp4,C:\Users\Admin\Python Advanced\Deep Learning - CV\Project\data\Dataset\Videos\W02894.mp4,0.68,rừng thưa,rừng thưa,Neutral / Unspecified,unknown,112,29.97,1280,720,3403a3154dd5632ecf3c8c3c2642f0bd,VALID
4214,W02898B.mp4,C:\Users\Admin\Python Advanced\Deep Learning - CV\Project\data\Dataset\Videos\W02898B.mp4,0.503,rượu,rượu,B (Miền Bắc / North),unknown,106,29.97,1280,720,c286d48a2c5d4fbdd71224efdc2dbe29,VALID
4215,W02898T.mp4,C:\Users\Admin\Python Advanced\Deep Learning - CV\Project\data\Dataset\Videos\W02898T.mp4,0.525,rượu,rượu,T (Miền Trung / Central),unknown,101,29.97,1280,720,e0d45cb4ab808855f68d2f56ee858c32,VALID
4216,W02916.mp4,C:\Users\Admin\Python Advanced\Deep Learning - CV\Project\data\Dataset\Videos\W02916.mp4,0.535,sáng kiến,sáng kiến,Neutral / Unspecified,unknown,107,29.97,1280,720,d49a95d55748c5e879d26d1db5e6bb39,VALID
4217,W02927.mp4,C:\Users\Admin\Python Advanced\Deep Learning - CV\Project\data\Dataset\Videos\W02927.mp4,0.711,say sưa,say sưa,Neutral / Unspecified,unknown,141,29.97,1280,720,729afb4414723c8d1654992f0d4c1bd2,VALID
4218,W02923.mp4,C:\Users\Admin\Python Advanced\Deep Learning - CV\Project\data\Dataset\Videos\W02923.mp4,1.33,sáo,sáo,Neutral / Unspecified,unknown,226,29.97,1280,720,f34c6d2d9f4bdc4ffdfb333fcfe05c8f,VALID
4219,W02935.mp4,C:\Users\Admin\Python Advanced\Deep Learning - CV\Project\data\Dataset\Videos\W02935.mp4,0.614,sấm sét,sấm sét,Neutral / Unspecified,unknown,97,29.97,1280,720,b2d29efcf236635f8c72206dbd71e35f,VALID
4220,W02937.mp4,C:\Users\Admin\Python Advanced\Deep Learning - CV\Project\data\Dataset\Videos\W02937.mp4,0.586,sân khấu,sân khấu,Neutral / Unspecified,unknown,99,29.97,1280,720,2ccfe05ec8a1c8082fe131bc021aa33a,VALID
4221,W02940T.mp4,C:\Users\Admin\Python Advanced\Deep Learning - CV\Project\data\Dataset\Videos\W02940T.mp4,0.551,sân trường,sân trường,T (Miền Trung / Central),unknown,106,29.97,1280,720,6088c02d1b8f5518f35a9d71025b0dbd,VALID
4222,W02953T.mp4,C:\Users\Admin\Python Advanced\Deep Learning - CV\Project\data\Dataset\Videos\W02953T.mp4,0.495,sinh đẻ,sinh đẻ,T (Miền Trung / Central),unknown,93,29.97,1280,720,b6484588734299a8046227b06d28f22b,VALID
4223,W02956T.mp4,C:\Users\Admin\Python Advanced\Deep Learning - CV\Project\data\Dataset\Videos\W02956T.mp4,0.362,sinh sản,sinh sản,T (Miền Trung / Central),unknown,67,29.97,1280,720,8f45b02e493782da0d96a29331008228,VALID
4224,W02958.mp4,C:\Users\Admin\Python Advanced\Deep Learning - CV\Project\data\Dataset\Videos\W02958.mp4,0.504,sinh tố,sinh tố,Neutral / Unspecified,unknown,89,29.97,1280,720,acd4bf04a86bb4184e010342ba5df0b1,VALID
4225,W02960.mp4,C:\Users\Admin\Python Advanced\Deep Learning - CV\Project\data\Dataset\Videos\W02960.mp4,0.641,sinh vật,sinh vật,Neutral / Unspecified,unknown,118,29.97,1280,720,06f3db8b48918c5ec713b3376d87d806,VALID
4226,W02967.mp4,C:\Users\Admin\Python Advanced\Deep Learning - CV\Project\data\Dataset\Videos\W02967.mp4,0.604,sóng biển,sóng biển,Neutral / Unspecified,unknown,98,29.97,1280,720,6451e4e6fb4d23a1a0d4ec4a38c24bbd,VALID
4227,W02992.mp4,C:\Users\Admin\Python Advanced\Deep Learning - CV\Project\data\Dataset\Videos\W02992.mp4,0.551,số lớn,số lớn,Neutral / Unspecified,unknown,107,29.97,1280,720,d4b90b49771002f4be2198af8b91e4df,VALID
4228,W03008.mp4,C:\Users\Admin\Python Advanced\Deep Learning - CV\Project\data\Dataset\Videos\W03008.mp4,0.717,sốt,sốt,Neutral / Unspecified,unknown,136,29.97,1280,720,0690f33c1796de804fdc976f27140873,VALID
4229,W03011T.mp4,C:\Users\Admin\Python Advanced\Deep Learning - CV\Project\data\Dataset\Videos\W03011T.mp4,0.636,sơ mi,sơ mi,T (Miền Trung / Central),unknown,132,29.97,1280,720,ed6ef118975c0a2fe1da7da80f4e75d1,VALID
4230,W03024.mp4,C:\Users\Admin\Python Advanced\Deep Learning - CV\Project\data\Dataset\Videos\W03024.mp4,0.429,suối,suối,Neutral / Unspecified,unknown,83,29.97,1280,720,8f2f098cc2dbe25ffb3fab98d04494f4,VALID
4231,W03031.mp4,C:\Users\Admin\Python Advanced\Deep Learning - CV\Project\data\Dataset\Videos\W03031.mp4,0.464,sự thật,sự thật,Neutral / Unspecified,unknown,98,29.97,1280,720,dc10d008efedb20eee50038daba6e74d,VALID
4232,W03039.mp4,C:\Users\Admin\Python Advanced\Deep Learning - CV\Project\data\Dataset\Videos\W03039.mp4,0.574,sữa đặc,sữa đặc,Neutral / Unspecified,unknown,96,29.97,1280,720,25ebfe66f62f3c93da45505e2bcc93a8,VALID
4233,W03040N.mp4,C:\Users\Admin\Python Advanced\Deep Learning - CV\Project\data\Dataset\Videos\W03040N.mp4,0.526,sữa hộp,sữa hộp,N (Miền Nam / South),unknown,103,29.97,1280,720,4ffcb9317181bc2dd35d616f66da03a4,VALID
4234,W03042N.mp4,C:\Users\Admin\Python Advanced\Deep Learning - CV\Project\data\Dataset\Videos\W03042N.mp4,0.627,sữa,sữa,N (Miền Nam / South),unknown,122,29.97,1280,720,29780a25f167436f9653d73184e9d122,VALID
4235,W03043.mp4,C:\Users\Admin\Python Advanced\Deep Learning - CV\Project\data\Dataset\Videos\W03043.mp4,0.4,sức khỏe,sức khỏe,Neutral / Unspecified,unknown,85,29.97,1280,720,e54d45623aaaef237ded00d2b72c2477,VALID
4236,W03050.mp4,C:\Users\Admin\Python Advanced\Deep Learning - CV\Project\data\Dataset\Videos\W03050.mp4,0.744,sương gió,sương gió,Neutral / Unspecified,unknown,110,29.97,1280,720,78b746b1d11d8619a2dc15661bae9331,VALID
4237,W03056.mp4,C:\Users\Admin\Python Advanced\Deep Learning - CV\Project\data\Dataset\Videos\W03056.mp4,0.47,tác giả,tác giả,Neutral / Unspecified,unknown,93,29.97,1280,720,1c6ecdcdea0ee3cf40255acbc7e5f80d,VALID
4238,W03062.mp4,C:\Users\Admin\Python Advanced\Deep Learning - CV\Project\data\Dataset\Videos\W03062.mp4,0.551,tai nạn,tai nạn,Neutral / Unspecified,unknown,91,29.97,1280,720,539bd65644cf37340dd8ba2a2a19a82c,VALID
4239,W03071T.mp4,C:\Users\Admin\Python Advanced\Deep Learning - CV\Project\data\Dataset\Videos\W03071T.mp4,0.593,tái phạm,tái phạm,T (Miền Trung / Central),unknown,121,29.97,1280,720,29a08389164c5567298e6fa1f3bea8ae,VALID
4240,W03077.mp4,C:\Users\Admin\Python Advanced\Deep Learning - CV\Project\data\Dataset\Videos\W03077.mp4,0.541,tán thành,tán thành,Neutral / Unspecified,unknown,97,29.97,1280,720,f09c10771b5e8c04d437f03aad9dfffc,VALID
4241,W03087.mp4,C:\Users\Admin\Python Advanced\Deep Learning - CV\Project\data\Dataset\Videos\W03087.mp4,0.601,tàu thuyền,tàu thuyền,Neutral / Unspecified,unknown,120,29.97,1280,720,ea4bf8e3dee1d5e6cd193112355e4b7c,VALID
4242,W03099.mp4,C:\Users\Admin\Python Advanced\Deep Learning - CV\Project\data\Dataset\Videos\W03099.mp4,0.461,tặc lưỡi,tặc lưỡi,Neutral / Unspecified,unknown,91,29.97,1280,720,647e5f234488dfa78a47b6aef4b91412,VALID
4243,W03105T.mp4,C:\Users\Admin\Python Advanced\Deep Learning - CV\Project\data\Dataset\Videos\W03105T.mp4,0.721,tấm vải,tấm vải,T (Miền Trung / Central),unknown,137,29.97,1280,720,3c9fe276fc73c39c03806af8cb8d7a28,VALID
4244,W03107.mp4,C:\Users\Admin\Python Advanced\Deep Learning - CV\Project\data\Dataset\Videos\W03107.mp4,0.588,tấn công,tấn công,Neutral / Unspecified,unknown,96,29.97,1280,720,dd2a3518e524e3a9aa5b126279843336,VALID
4245,W03111.mp4,C:\Users\Admin\Python Advanced\Deep Learning - CV\Project\data\Dataset\Videos\W03111.mp4,0.376,tập hợp rỗng,tập hợp rỗng,Neutral / Unspecified,unknown,73,29.97,1280,720,25855cdc28861a86dc2dabf9103c1e56,VALID
4246,W03110.mp4,C:\Users\Admin\Python Advanced\Deep Learning - CV\Project\data\Dataset\Videos\W03110.mp4,0.461,tập hợp (Toán học),tập hợp (toán học),Neutral / Unspecified,unknown,76,29.97,1280,720,fe9c3f47c87df1f8f75a9c484dfaf98e,VALID
4247,W03115N.mp4,C:\Users\Admin\Python Advanced\Deep Learning - CV\Project\data\Dataset\Videos\W03115N.mp4,0.604,tập thể,tập thể,N (Miền Nam / South),unknown,79,29.97,1280,720,0164cfab82f701f51941af04fe2c2720,VALID
4248,W03124.mp4,C:\Users\Admin\Python Advanced\Deep Learning - CV\Project\data\Dataset\Videos\W03124.mp4,0.413,Tây Ninh,tây ninh,Neutral / Unspecified,unknown,86,29.97,1280,720,16f173be0b03c9f4bdf79ee0a14bc53b,VALID
4249,W03118.mp4,C:\Users\Admin\Python Advanced\Deep Learning - CV\Project\data\Dataset\Videos\W03118.mp4,0.674,tập viết,tập viết,Neutral / Unspecified,unknown,143,29.97,1280,720,7676ffac729314a492482ecd471ea2cf,VALID
4250,W03129T.mp4,C:\Users\Admin\Python Advanced\Deep Learning - CV\Project\data\Dataset\Videos\W03129T.mp4,0.599,tên là gì?,tên là gì?,T (Miền Trung / Central),unknown,126,29.97,1280,720,757f8eaa2a6a2bed50619e188a664228,VALID
4251,W03131T.mp4,C:\Users\Admin\Python Advanced\Deep Learning - CV\Project\data\Dataset\Videos\W03131T.mp4,0.59,Tết Âm,tết âm,T (Miền Trung / Central),unknown,120,29.97,1280,720,9ccefb5b350fedcab8463c2b9ce5d6ae,VALID
4252,W03131N.mp4,C:\Users\Admin\Python Advanced\Deep Learning - CV\Project\data\Dataset\Videos\W03131N.mp4,0.512,Tết Âm,tết âm,N (Miền Nam / South),unknown,82,29.97,1280,720,c0a3366ac32b72244e5e78f9b67b287a,VALID
4253,W03134N.mp4,C:\Users\Admin\Python Advanced\Deep Learning - CV\Project\data\Dataset\Videos\W03134N.mp4,0.485,Tết Trung thu,tết trung thu,N (Miền Nam / South),unknown,86,29.97,1280,720,db37e5919e4d5ba8788ed327a102b81c,VALID
4254,W03136.mp4,C:\Users\Admin\Python Advanced\Deep Learning - CV\Project\data\Dataset\Videos\W03136.mp4,0.587,tha mồi,tha mồi,Neutral / Unspecified,unknown,98,29.97,1280,720,2197377a36a2c8785e62877ac487a86e,VALID
4255,W03154.mp4,C:\Users\Admin\Python Advanced\Deep Learning - CV\Project\data\Dataset\Videos\W03154.mp4,0.661,tham khảo,tham khảo,Neutral / Unspecified,unknown,119,29.97,1280,720,79dbf52b51bdf59c5355cb5f47faf132,VALID
4256,W03156N.mp4,C:\Users\Admin\Python Advanced\Deep Learning - CV\Project\data\Dataset\Videos\W03156N.mp4,0.691,tham quan,tham quan,N (Miền Nam / South),unknown,109,29.97,1280,720,2f0119439e890e8beba22e2833b9a93b,VALID
4257,W03167N.mp4,C:\Users\Admin\Python Advanced\Deep Learning - CV\Project\data\Dataset\Videos\W03167N.mp4,0.585,tháng,tháng,N (Miền Nam / South),unknown,108,29.97,1280,720,05e704e5d0eed325807da73c6bb762d2,VALID
4258,W03171.mp4,C:\Users\Admin\Python Advanced\Deep Learning - CV\Project\data\Dataset\Videos\W03171.mp4,0.58,thanh niên,thanh niên,Neutral / Unspecified,unknown,91,29.97,1280,720,c283cded66534846275dc2466b175f97,VALID
4259,W03181.mp4,C:\Users\Admin\Python Advanced\Deep Learning - CV\Project\data\Dataset\Videos\W03181.mp4,0.638,thành thị,thành thị,Neutral / Unspecified,unknown,95,29.97,1280,720,5f3508550d5937bead09eedf5d1954cf,VALID
4260,W03186.mp4,C:\Users\Admin\Python Advanced\Deep Learning - CV\Project\data\Dataset\Videos\W03186.mp4,0.721,thánh địa Mỹ Sơn,thánh địa mỹ sơn,Neutral / Unspecified,unknown,130,29.97,1280,720,0fb9b642c5cddeb866223aee7f7a6185,VALID
4261,W03197N.mp4,C:\Users\Admin\Python Advanced\Deep Learning - CV\Project\data\Dataset\Videos\W03197N.mp4,0.537,thăm hỏi,thăm hỏi,N (Miền Nam / South),unknown,93,29.97,1280,720,1ceed17e2f3c48cc17295e930fb0abb0,VALID
4262,W03197T.mp4,C:\Users\Admin\Python Advanced\Deep Learning - CV\Project\data\Dataset\Videos\W03197T.mp4,0.529,thăm hỏi,thăm hỏi,T (Miền Trung / Central),unknown,129,29.97,1280,720,57986233090be4362be03ac17fedada9,VALID
4263,W03216.mp4,C:\Users\Admin\Python Advanced\Deep Learning - CV\Project\data\Dataset\Videos\W03216.mp4,0.603,thấp nhất,thấp nhất,Neutral / Unspecified,unknown,103,29.97,1280,720,ac6b400557ae0b37a56169ec37d82e30,VALID
4264,W03233.mp4,C:\Users\Admin\Python Advanced\Deep Learning - CV\Project\data\Dataset\Videos\W03233.mp4,0.503,thề,thề,Neutral / Unspecified,unknown,89,29.97,1280,720,4962398a66101f758d592a1d900cfabc,VALID
4265,W03232.mp4,C:\Users\Admin\Python Advanced\Deep Learning - CV\Project\data\Dataset\Videos\W03232.mp4,0.71,thét,thét,Neutral / Unspecified,unknown,98,29.97,1280,720,3830a398c180c479d534fbf1c16cfe9e,VALID
4266,W03241.mp4,C:\Users\Admin\Python Advanced\Deep Learning - CV\Project\data\Dataset\Videos\W03241.mp4,0.73,thềm,thềm,Neutral / Unspecified,unknown,134,29.97,1280,720,9749a6f56c2e1f63a6a10ef7f1c266a5,VALID
4267,W03243N.mp4,C:\Users\Admin\Python Advanced\Deep Learning - CV\Project\data\Dataset\Videos\W03243N.mp4,0.458,thi cử,thi cử,N (Miền Nam / South),unknown,77,29.97,1280,720,077f319ea157926abd3a9db87951207f,VALID
4268,W03247.mp4,C:\Users\Admin\Python Advanced\Deep Learning - CV\Project\data\Dataset\Videos\W03247.mp4,0.695,thị giác,thị giác,Neutral / Unspecified,unknown,138,29.97,1280,720,f84ab72cdd53f74ec858a226f98a608f,VALID
4269,W03265B.mp4,C:\Users\Admin\Python Advanced\Deep Learning - CV\Project\data\Dataset\Videos\W03265B.mp4,0.579,thiết kế,thiết kế,B (Miền Bắc / North),unknown,125,29.97,1280,720,da67b4303d95550bfa55c512e5994f47,VALID
4270,W03281.mp4,C:\Users\Admin\Python Advanced\Deep Learning - CV\Project\data\Dataset\Videos\W03281.mp4,0.717,thổi,thổi,Neutral / Unspecified,unknown,136,29.97,1280,720,3c31ebeab2995b97812c17f7969f2c82,VALID
4271,W03276.mp4,C:\Users\Admin\Python Advanced\Deep Learning - CV\Project\data\Dataset\Videos\W03276.mp4,0.682,thoát hiểm,thoát hiểm,Neutral / Unspecified,unknown,129,29.97,1280,720,e00d8c3b77461926cdee5f5ff4f39b21,VALID
4272,W03288B.mp4,C:\Users\Admin\Python Advanced\Deep Learning - CV\Project\data\Dataset\Videos\W03288B.mp4,0.465,thông minh,thông minh,B (Miền Bắc / North),unknown,88,29.97,1280,720,5e9a1885c6a43d1bef6e307a83b7f08b,VALID
4273,W03289.mp4,C:\Users\Admin\Python Advanced\Deep Learning - CV\Project\data\Dataset\Videos\W03289.mp4,0.646,thông qua,thông qua,Neutral / Unspecified,unknown,129,29.97,1280,720,3b7d4ea945bf297a04c8c83796bcb02d,VALID
4274,W03292B.mp4,C:\Users\Admin\Python Advanced\Deep Learning - CV\Project\data\Dataset\Videos\W03292B.mp4,0.489,thông tin,thông tin,B (Miền Bắc / North),unknown,101,29.97,1280,720,8dab2ed3ee03f3495aa2aa2a5faaa4b6,VALID
4275,W03306.mp4,C:\Users\Admin\Python Advanced\Deep Learning - CV\Project\data\Dataset\Videos\W03306.mp4,0.791,thợ kim hoàn,thợ kim hoàn,Neutral / Unspecified,unknown,134,29.97,1280,720,c449d4adc88b3206ec98896b8cf1dd80,VALID
4276,W03318.mp4,C:\Users\Admin\Python Advanced\Deep Learning - CV\Project\data\Dataset\Videos\W03318.mp4,0.795,thu thập,thu thập,Neutral / Unspecified,unknown,125,29.97,1280,720,ba5f8a3a860be804355dc07e3ea41392,VALID
4277,W03319.mp4,C:\Users\Admin\Python Advanced\Deep Learning - CV\Project\data\Dataset\Videos\W03319.mp4,0.673,thù lao,thù lao,Neutral / Unspecified,unknown,117,29.97,1280,720,c6b36afac1628760f8413b0e9717ad4e,VALID
4278,W03323T.mp4,C:\Users\Admin\Python Advanced\Deep Learning - CV\Project\data\Dataset\Videos\W03323T.mp4,0.364,thú dữ,thú dữ,T (Miền Trung / Central),unknown,85,29.97,1280,720,bbc032a27c5a5c29473e2df9bd1bbf0f,VALID
4279,W03326.mp4,C:\Users\Admin\Python Advanced\Deep Learning - CV\Project\data\Dataset\Videos\W03326.mp4,0.607,thuận lợi,thuận lợi,Neutral / Unspecified,unknown,125,29.97,1280,720,3c52e517e22e5b7e4b2a547811f25a8f,VALID
4280,W03329B.mp4,C:\Users\Admin\Python Advanced\Deep Learning - CV\Project\data\Dataset\Videos\W03329B.mp4,0.353,thuê,thuê,B (Miền Bắc / North),unknown,86,29.97,1280,720,17901fda9c20017539b1c2de6090261b,VALID
4281,W03329T.mp4,C:\Users\Admin\Python Advanced\Deep Learning - CV\Project\data\Dataset\Videos\W03329T.mp4,0.353,thuê,thuê,T (Miền Trung / Central),unknown,86,29.97,1280,720,aa6d44fbb03472a163fa8dc3d689daee,VALID
4282,W03334.mp4,C:\Users\Admin\Python Advanced\Deep Learning - CV\Project\data\Dataset\Videos\W03334.mp4,0.624,thuốc bổ,thuốc bổ,Neutral / Unspecified,unknown,108,29.97,1280,720,064c5fe57c433e260f4fbd352ca464f8,VALID
4283,W03339B.mp4,C:\Users\Admin\Python Advanced\Deep Learning - CV\Project\data\Dataset\Videos\W03339B.mp4,0.336,thuỷ điện,thuỷ điện,B (Miền Bắc / North),unknown,76,29.97,1280,720,a118ee34ff2ba7741c53ca2c0e93c4e5,VALID
4284,W03341.mp4,C:\Users\Admin\Python Advanced\Deep Learning - CV\Project\data\Dataset\Videos\W03341.mp4,0.636,thuỷ thủ,thuỷ thủ,Neutral / Unspecified,unknown,116,29.97,1280,720,5db9ad0bf9785ff6bc93dfb6e793233c,VALID
4285,W03342.mp4,C:\Users\Admin\Python Advanced\Deep Learning - CV\Project\data\Dataset\Videos\W03342.mp4,0.398,tinh trùng,tinh trùng,Neutral / Unspecified,unknown,94,29.97,1280,720,df9975a92bbdbb2bbf4ef06eaa1354e6,VALID
4286,W03345T.mp4,C:\Users\Admin\Python Advanced\Deep Learning - CV\Project\data\Dataset\Videos\W03345T.mp4,0.717,Thủy Điện Hòa Bình,thủy điện hòa bình,T (Miền Trung / Central),unknown,127,29.97,1280,720,3c988efa37f01bd053bf8c057bcd5c0b,VALID
4287,W03359B.mp4,C:\Users\Admin\Python Advanced\Deep Learning - CV\Project\data\Dataset\Videos\W03359B.mp4,0.433,thừa,thừa,B (Miền Bắc / North),unknown,99,29.97,1280,720,daf5eadf83e960d2d3b571e8b2869a04,VALID
4288,W03364.mp4,C:\Users\Admin\Python Advanced\Deep Learning - CV\Project\data\Dataset\Videos\W03364.mp4,0.542,thực hành,thực hành,Neutral / Unspecified,unknown,98,29.97,1280,720,6459dc60bb0605849eb68a664202a8c1,VALID
4289,W03386.mp4,C:\Users\Admin\Python Advanced\Deep Learning - CV\Project\data\Dataset\Videos\W03386.mp4,0.46,tia chớp,tia chớp,Neutral / Unspecified,unknown,87,29.97,1280,720,93e4052d7a4ff9694c9c628e25a1216c,VALID
4290,W03405.mp4,C:\Users\Admin\Python Advanced\Deep Learning - CV\Project\data\Dataset\Videos\W03405.mp4,0.622,tiến sĩ,tiến sĩ,Neutral / Unspecified,unknown,109,29.97,1280,720,dbb800099c8f5f202667a9e92da0c467,VALID
4291,W03416.mp4,C:\Users\Admin\Python Advanced\Deep Learning - CV\Project\data\Dataset\Videos\W03416.mp4,0.6,tiếp nhận,tiếp nhận,Neutral / Unspecified,unknown,94,29.97,1280,720,ef8557165c7510df51377ec8a8c444e3,VALID
4292,W03421T.mp4,C:\Users\Admin\Python Advanced\Deep Learning - CV\Project\data\Dataset\Videos\W03421T.mp4,0.315,tiếp tục,tiếp tục,T (Miền Trung / Central),unknown,68,29.97,1280,720,940c57ab0475d0e7679f5865e5fd56bc,VALID
4293,W03436.mp4,C:\Users\Admin\Python Advanced\Deep Learning - CV\Project\data\Dataset\Videos\W03436.mp4,0.733,tin học,tin học,Neutral / Unspecified,unknown,116,29.97,1280,720,87e32d20fb9fcd321427d3b5aff163e0,VALID
4294,W03448.mp4,C:\Users\Admin\Python Advanced\Deep Learning - CV\Project\data\Dataset\Videos\W03448.mp4,0.806,tình cờ,tình cờ,Neutral / Unspecified,unknown,148,29.97,1280,720,d4097352abfcaef3eaf15ff567fec0d2,VALID
4295,W03447.mp4,C:\Users\Admin\Python Advanced\Deep Learning - CV\Project\data\Dataset\Videos\W03447.mp4,0.566,tình cảm,tình cảm,Neutral / Unspecified,unknown,135,29.97,1280,720,334d9d7d9565a7a5d7c48045c426b9fd,VALID
4296,W03458.mp4,C:\Users\Admin\Python Advanced\Deep Learning - CV\Project\data\Dataset\Videos\W03458.mp4,0.599,tính chất giao hoán,tính chất giao hoán,Neutral / Unspecified,unknown,107,29.97,1280,720,8c95634c5ab542c9069fc08437f93033,VALID
4297,W03459.mp4,C:\Users\Admin\Python Advanced\Deep Learning - CV\Project\data\Dataset\Videos\W03459.mp4,0.61,tính chất kết hợp,tính chất kết hợp,Neutral / Unspecified,unknown,110,29.97,1280,720,65d8d45210215a87fd5ebddc20b44f36,VALID
4298,W03469.mp4,C:\Users\Admin\Python Advanced\Deep Learning - CV\Project\data\Dataset\Videos\W03469.mp4,0.41,toa lét,toa lét,Neutral / Unspecified,unknown,110,29.97,1280,720,f02fde3856ff19f3f063342c081e88f9,VALID
4299,W03467T.mp4,C:\Users\Admin\Python Advanced\Deep Learning - CV\Project\data\Dataset\Videos\W03467T.mp4,0.773,tò mò,tò mò,T (Miền Trung / Central),unknown,148,29.97,1280,720,9adb292cebe1230b94eb68c8f0e42e77,VALID
4300,W03505N.mp4,C:\Users\Admin\Python Advanced\Deep Learning - CV\Project\data\Dataset\Videos\W03505N.mp4,0.689,tổng thống,tổng thống,N (Miền Nam / South),unknown,132,29.97,1280,720,fb9b2c72e9ce1891c4e56fa405c5c90c,VALID
4301,W03517.mp4,C:\Users\Admin\Python Advanced\Deep Learning - CV\Project\data\Dataset\Videos\W03517.mp4,0.453,trại giam,trại giam,Neutral / Unspecified,unknown,108,29.97,1280,720,d9043d7354811e14f28d3beec4d78299,VALID
4302,W03542.mp4,C:\Users\Admin\Python Advanced\Deep Learning - CV\Project\data\Dataset\Videos\W03542.mp4,0.46,tranh luận,tranh luận,Neutral / Unspecified,unknown,70,29.97,1280,720,09d16f6012fc5d79996829e147f81e17,VALID
4303,W03550N.mp4,C:\Users\Admin\Python Advanced\Deep Learning - CV\Project\data\Dataset\Videos\W03550N.mp4,1.229,trăng,trăng,N (Miền Nam / South),unknown,222,29.97,1280,720,67708f34acf10f4c9766eca6e84d695e,VALID
4304,W03553.mp4,C:\Users\Admin\Python Advanced\Deep Learning - CV\Project\data\Dataset\Videos\W03553.mp4,1.023,trắng tay,trắng tay,Neutral / Unspecified,unknown,162,29.97,1280,720,bd4e425142f093c8a8d7abd2f957cadf,VALID
4305,W03560.mp4,C:\Users\Admin\Python Advanced\Deep Learning - CV\Project\data\Dataset\Videos\W03560.mp4,0.881,quạt trần,quạt trần,Neutral / Unspecified,unknown,141,29.97,1280,720,9fe6e646895814bb7fbda89a934c0c24,VALID
4306,W03571T.mp4,C:\Users\Admin\Python Advanced\Deep Learning - CV\Project\data\Dataset\Videos\W03571T.mp4,0.627,tre,tre,T (Miền Trung / Central),unknown,117,29.97,1280,720,f8764e6700bde88227bfb601e26861f5,VALID
4307,W03578.mp4,C:\Users\Admin\Python Advanced\Deep Learning - CV\Project\data\Dataset\Videos\W03578.mp4,1.59,trí thức,trí thức,Neutral / Unspecified,unknown,264,29.97,1280,720,c4392d48d03fe27f1686afd0b5e42eac,VALID
4308,W03575.mp4,C:\Users\Admin\Python Advanced\Deep Learning - CV\Project\data\Dataset\Videos\W03575.mp4,0.955,trêu tức,trêu tức,Neutral / Unspecified,unknown,159,29.97,1280,720,75410f3ce7280ba30710a68f5cf78b25,VALID
4309,W03593.mp4,C:\Users\Admin\Python Advanced\Deep Learning - CV\Project\data\Dataset\Videos\W03593.mp4,0.6,trình bày,trình bày,Neutral / Unspecified,unknown,124,29.97,1280,720,6b50732a3e2c1441aa58680fd18e49b9,VALID
4310,W03602B.mp4,C:\Users\Admin\Python Advanced\Deep Learning - CV\Project\data\Dataset\Videos\W03602B.mp4,0.824,trọc đầu,trọc đầu,B (Miền Bắc / North),unknown,157,29.97,1280,720,f59dc4ad27d162703fafdba88099ae4d,VALID
4311,W03618.mp4,C:\Users\Admin\Python Advanced\Deep Learning - CV\Project\data\Dataset\Videos\W03618.mp4,0.57,trộm cắp,trộm cắp,Neutral / Unspecified,unknown,126,29.97,1280,720,5aeee669f69e802246c5002070a18ba2,VALID
4312,W03633.mp4,C:\Users\Admin\Python Advanced\Deep Learning - CV\Project\data\Dataset\Videos\W03633.mp4,0.625,trục hoành,trục hoành,Neutral / Unspecified,unknown,123,29.97,1280,720,678a7a97b47f8015cf3b6905ba2d0e70,VALID
4313,W03636T.mp4,C:\Users\Admin\Python Advanced\Deep Learning - CV\Project\data\Dataset\Videos\W03636T.mp4,1.513,trụi lá,trụi lá,T (Miền Trung / Central),unknown,214,29.97,1280,720,d28eb5861c56eb1b763f63662ded44e9,VALID
4314,W03642N.mp4,C:\Users\Admin\Python Advanced\Deep Learning - CV\Project\data\Dataset\Videos\W03642N.mp4,0.598,Trung Quốc (nước Trung Quốc),trung quốc (nước trung quốc),N (Miền Nam / South),unknown,145,29.97,1280,720,9471be8e819c6235122facc9e86a7eb8,VALID
4315,W03645B.mp4,C:\Users\Admin\Python Advanced\Deep Learning - CV\Project\data\Dataset\Videos\W03645B.mp4,0.528,Trung Thu,trung thu,B (Miền Bắc / North),unknown,108,29.97,1280,720,842bd3fc6c80893ad5d0942dd9a6e897,VALID
4316,W03645N.mp4,C:\Users\Admin\Python Advanced\Deep Learning - CV\Project\data\Dataset\Videos\W03645N.mp4,1.725,Trung Thu,trung thu,N (Miền Nam / South),unknown,288,29.97,1280,720,66cf80f3be86ce9c7c3cc2774fabea74,VALID
4317,W03649T.mp4,C:\Users\Admin\Python Advanced\Deep Learning - CV\Project\data\Dataset\Videos\W03649T.mp4,0.459,trúng tuyển,trúng tuyển,T (Miền Trung / Central),unknown,117,29.97,1280,720,89aafc6ae7328045a7938a18bbe78b71,VALID
4318,W03659T.mp4,C:\Users\Admin\Python Advanced\Deep Learning - CV\Project\data\Dataset\Videos\W03659T.mp4,0.48,trứng,trứng,T (Miền Trung / Central),unknown,106,29.97,1280,720,28e2bd52ecf02546c775e875d115a513,VALID
4319,W03663N.mp4,C:\Users\Admin\Python Advanced\Deep Learning - CV\Project\data\Dataset\Videos\W03663N.mp4,0.633,trường tiểu học,trường tiểu học,N (Miền Nam / South),unknown,130,29.97,1280,720,accd5c6dc903065517402800dfb045f1,VALID
4320,W03666.mp4,C:\Users\Admin\Python Advanced\Deep Learning - CV\Project\data\Dataset\Videos\W03666.mp4,0.552,trưng bày,trưng bày,Neutral / Unspecified,unknown,122,29.97,1280,720,da099193ee7f55ff800955e93b6c72aa,VALID
4321,W03673T.mp4,C:\Users\Admin\Python Advanced\Deep Learning - CV\Project\data\Dataset\Videos\W03673T.mp4,0.769,trường mầm non,trường mầm non,T (Miền Trung / Central),unknown,139,29.97,1280,720,6242356e6fe06f888d8dd9225ec8a35c,VALID
4322,W03683.mp4,C:\Users\Admin\Python Advanced\Deep Learning - CV\Project\data\Dataset\Videos\W03683.mp4,0.438,tuân lệnh,tuân lệnh,Neutral / Unspecified,unknown,108,29.97,1280,720,8a080cbe2f15edb95120e2c6915c6b0a,VALID
4323,W03719B.mp4,C:\Users\Admin\Python Advanced\Deep Learning - CV\Project\data\Dataset\Videos\W03719B.mp4,0.517,tự lập,tự lập,B (Miền Bắc / North),unknown,121,29.97,1280,720,58c7c499e766e3ff406a8cd04fead4ac,VALID
4324,W03727T.mp4,C:\Users\Admin\Python Advanced\Deep Learning - CV\Project\data\Dataset\Videos\W03727T.mp4,0.75,tưới cây,tưới cây,T (Miền Trung / Central),unknown,148,29.97,1280,720,bef1ef20f286059845825ac3b64a942f,VALID
4325,W03732N.mp4,C:\Users\Admin\Python Advanced\Deep Learning - CV\Project\data\Dataset\Videos\W03732N.mp4,0.656,tưởng tượng,tưởng tượng,N (Miền Nam / South),unknown,89,23.98,1280,720,4b7392871416b51edf1a3149fe5869d9,VALID
4326,W03729.mp4,C:\Users\Admin\Python Advanced\Deep Learning - CV\Project\data\Dataset\Videos\W03729.mp4,1.421,tương ứng,tương ứng,Neutral / Unspecified,unknown,260,29.97,1280,720,479724244ff096625e9198a89af2a082,VALID
4327,W03732T.mp4,C:\Users\Admin\Python Advanced\Deep Learning - CV\Project\data\Dataset\Videos\W03732T.mp4,0.574,tưởng tượng,tưởng tượng,T (Miền Trung / Central),unknown,106,29.97,1280,720,df3ac1e45b98a7c66a3710df489c2c71,VALID
4328,W03732B.mp4,C:\Users\Admin\Python Advanced\Deep Learning - CV\Project\data\Dataset\Videos\W03732B.mp4,0.544,tưởng tượng,tưởng tượng,B (Miền Bắc / North),unknown,106,29.97,1280,720,4cc852f61d7c8560db3c1bd2988b198a,VALID
4329,W03751N.mp4,C:\Users\Admin\Python Advanced\Deep Learning - CV\Project\data\Dataset\Videos\W03751N.mp4,0.815,ủy quyền,ủy quyền,N (Miền Nam / South),unknown,166,29.97,1280,720,6dc151213504f7ff023407e34fb83e3c,VALID
4330,W03752.mp4,C:\Users\Admin\Python Advanced\Deep Learning - CV\Project\data\Dataset\Videos\W03752.mp4,0.932,ức chế,ức chế,Neutral / Unspecified,unknown,174,29.97,1280,720,d14714a93922cb8991621d88f897b889,VALID
4331,W03757.mp4,C:\Users\Admin\Python Advanced\Deep Learning - CV\Project\data\Dataset\Videos\W03757.mp4,0.729,ưu điểm,ưu điểm,Neutral / Unspecified,unknown,148,29.97,1280,720,5336a46c87add15208d49d049826f3af,VALID
4332,W03751T.mp4,C:\Users\Admin\Python Advanced\Deep Learning - CV\Project\data\Dataset\Videos\W03751T.mp4,0.846,ủy quyền,ủy quyền,T (Miền Trung / Central),unknown,154,29.97,1280,720,3e0904f47934680e74415a8701d24546,VALID
4333,W03758N.mp4,C:\Users\Admin\Python Advanced\Deep Learning - CV\Project\data\Dataset\Videos\W03758N.mp4,0.582,ưu tiên,ưu tiên,N (Miền Nam / South),unknown,132,29.97,1280,720,34b464f730cd0506982ee2929d062480,VALID
4334,W03762.mp4,C:\Users\Admin\Python Advanced\Deep Learning - CV\Project\data\Dataset\Videos\W03762.mp4,0.711,vác,vác,Neutral / Unspecified,unknown,117,29.97,1280,720,d21b24395fbf095f2d341e968b4c7ef2,VALID
4335,W03780.mp4,C:\Users\Admin\Python Advanced\Deep Learning - CV\Project\data\Dataset\Videos\W03780.mp4,0.786,vào,vào,Neutral / Unspecified,unknown,179,29.97,1280,720,8d9c7e56f9c2ea37d0de4d091ce9e72d,VALID
4336,W03781.mp4,C:\Users\Admin\Python Advanced\Deep Learning - CV\Project\data\Dataset\Videos\W03781.mp4,0.524,vào lớp,vào lớp,Neutral / Unspecified,unknown,115,29.97,1280,720,bd9eb96272dd14b6203b951bd68d24f4,VALID
4337,W03785.mp4,C:\Users\Admin\Python Advanced\Deep Learning - CV\Project\data\Dataset\Videos\W03785.mp4,0.474,vạt áo,vạt áo,Neutral / Unspecified,unknown,70,23.98,1280,720,16233f58f2f4d0193e3e4788e1d4d0be,VALID
4338,W03782B.mp4,C:\Users\Admin\Python Advanced\Deep Learning - CV\Project\data\Dataset\Videos\W03782B.mp4,0.777,vào mùa,vào mùa,B (Miền Bắc / North),unknown,128,29.97,1280,720,6628d1bf7429570d4df8f2c0298cab24,VALID
4339,W03796.mp4,C:\Users\Admin\Python Advanced\Deep Learning - CV\Project\data\Dataset\Videos\W03796.mp4,0.73,vắng lặng,vắng lặng,Neutral / Unspecified,unknown,94,23.98,1280,720,8109610cbdc035a5cbb1d61c9335306f,VALID
4340,W03797.mp4,C:\Users\Admin\Python Advanced\Deep Learning - CV\Project\data\Dataset\Videos\W03797.mp4,0.575,vắt cam,vắt cam,Neutral / Unspecified,unknown,100,29.97,1280,720,d17750d8e126eb48ffae6ef1878c9afd,VALID
4341,W03820.mp4,C:\Users\Admin\Python Advanced\Deep Learning - CV\Project\data\Dataset\Videos\W03820.mp4,0.445,vênh váo,vênh váo,Neutral / Unspecified,unknown,108,29.97,1280,720,0585cb44decb1bb3a95c963ed239e13b,VALID
4342,W03855.mp4,C:\Users\Admin\Python Advanced\Deep Learning - CV\Project\data\Dataset\Videos\W03855.mp4,0.659,vỏ,vỏ,Neutral / Unspecified,unknown,137,29.97,1280,720,8161b465ac095a48760efacfb1a18154,VALID
4343,W03865.mp4,C:\Users\Admin\Python Advanced\Deep Learning - CV\Project\data\Dataset\Videos\W03865.mp4,0.793,nhiều vô cùng,nhiều vô cùng,Neutral / Unspecified,unknown,114,29.97,1280,720,e23b2ff6cff594e8ae157502c9bf3cc9,VALID
4344,W03869.mp4,C:\Users\Admin\Python Advanced\Deep Learning - CV\Project\data\Dataset\Videos\W03869.mp4,1.737,xa vô tận,xa vô tận,Neutral / Unspecified,unknown,262,29.97,1280,720,258998ff70eb8e1f6786f23f2fa17423,VALID
4345,W03867.mp4,C:\Users\Admin\Python Advanced\Deep Learning - CV\Project\data\Dataset\Videos\W03867.mp4,0.876,vô lo vô nghĩ,vô lo vô nghĩ,Neutral / Unspecified,unknown,136,29.97,1280,720,91760243edc7a0a18bd2733d45ab07b4,VALID
4346,W03881.mp4,C:\Users\Admin\Python Advanced\Deep Learning - CV\Project\data\Dataset\Videos\W03881.mp4,0.567,vở chèo,vở chèo,Neutral / Unspecified,unknown,79,23.98,1280,720,5af93e38e4756d9d30ca27c07d6aa86b,VALID
4347,W03883.mp4,C:\Users\Admin\Python Advanced\Deep Learning - CV\Project\data\Dataset\Videos\W03883.mp4,0.619,vỡ lòng,vỡ lòng,Neutral / Unspecified,unknown,118,29.97,1280,720,bf32661c31b867d116fe42f0b967dc65,VALID
4348,W03888B.mp4,C:\Users\Admin\Python Advanced\Deep Learning - CV\Project\data\Dataset\Videos\W03888B.mp4,0.783,vui chơi,vui chơi,B (Miền Bắc / North),unknown,130,29.97,1280,720,f1159a26a416038e19b53851128f7d79,VALID
4349,W03945B.mp4,C:\Users\Admin\Python Advanced\Deep Learning - CV\Project\data\Dataset\Videos\W03945B.mp4,0.857,cây xanh tươi,cây xanh tươi,B (Miền Bắc / North),unknown,147,29.97,1280,720,7a8c789ce357c0e5849544b13707d6f5,VALID
4350,W03950.mp4,C:\Users\Admin\Python Advanced\Deep Learning - CV\Project\data\Dataset\Videos\W03950.mp4,0.748,xăng-ti-mét-khối (cm3),xăng-ti-mét-khối (cm3),Neutral / Unspecified,unknown,159,29.97,1280,720,137fe42ea4df3d56b96545f468b3ac6a,VALID
4351,W03964N.mp4,C:\Users\Admin\Python Advanced\Deep Learning - CV\Project\data\Dataset\Videos\W03964N.mp4,1.077,xe cứu hỏa,xe cứu hỏa,N (Miền Nam / South),unknown,201,29.97,1280,720,d9633384fe0c55a0120dce429aec6953,VALID
4352,W03981.mp4,C:\Users\Admin\Python Advanced\Deep Learning - CV\Project\data\Dataset\Videos\W03981.mp4,0.419,xếp hàng ngang,xếp hàng ngang,Neutral / Unspecified,unknown,98,29.97,1280,720,70334cf660feb72fec659950eb1eaf5a,VALID
4353,W03991.mp4,C:\Users\Admin\Python Advanced\Deep Learning - CV\Project\data\Dataset\Videos\W03991.mp4,0.473,xinh,xinh,Neutral / Unspecified,unknown,105,29.97,1280,720,6d58994a23b3fbc68b01bd16b561c873,VALID
4354,W03995.mp4,C:\Users\Admin\Python Advanced\Deep Learning - CV\Project\data\Dataset\Videos\W03995.mp4,0.47,xoá bỏ,xoá bỏ,Neutral / Unspecified,unknown,99,29.97,1280,720,249ae5b585955d2f678c72894b220da8,VALID
4355,W03992.mp4,C:\Users\Admin\Python Advanced\Deep Learning - CV\Project\data\Dataset\Videos\W03992.mp4,0.564,xinh xắn,xinh xắn,Neutral / Unspecified,unknown,112,29.97,1280,720,2b666e0612f85394803c2e13973950e6,VALID
4356,W03993.mp4,C:\Users\Admin\Python Advanced\Deep Learning - CV\Project\data\Dataset\Videos\W03993.mp4,1.053,xóa bảng,xóa bảng,Neutral / Unspecified,unknown,187,29.97,1280,720,75c349db0074f30b6bbda403c1699c9b,VALID
4357,W04016.mp4,C:\Users\Admin\Python Advanced\Deep Learning - CV\Project\data\Dataset\Videos\W04016.mp4,0.544,xung phong,xung phong,Neutral / Unspecified,unknown,142,29.97,1280,720,c65cf25af8b4ddf54a5b7118ef3daae1,VALID
4358,W04034.mp4,C:\Users\Admin\Python Advanced\Deep Learning - CV\Project\data\Dataset\Videos\W04034.mp4,0.423,y tế,y tế,Neutral / Unspecified,unknown,114,29.97,1280,720,0d5275edfa7ed1ef19b4da5fa3b6295b,VALID
4359,W04038B.mp4,C:\Users\Admin\Python Advanced\Deep Learning - CV\Project\data\Dataset\Videos\W04038B.mp4,0.513,ý nghĩa,ý nghĩa,B (Miền Bắc / North),unknown,121,29.97,1280,720,0292f164ed0dd47ba1c4aa2c9d5b6c25,VALID
4360,W04044.mp4,C:\Users\Admin\Python Advanced\Deep Learning - CV\Project\data\Dataset\Videos\W04044.mp4,0.731,yên bình,yên bình,Neutral / Unspecified,unknown,151,29.97,1280,720,d0a853566e38d676553b4c654d053af6,VALID
4361,W04058T.mp4,C:\Users\Admin\Python Advanced\Deep Learning - CV\Project\data\Dataset\Videos\W04058T.mp4,0.642,yêu mến (yêu quí),yêu mến (yêu quí),T (Miền Trung / Central),unknown,143,29.97,1280,720,b2c192ac1864422692b8cd1aa063dc60,VALID
4362,W04073.mp4,C:\Users\Admin\Python Advanced\Deep Learning - CV\Project\data\Dataset\Videos\W04073.mp4,0.615,ngôn ngữ kí hiệu,ngôn ngữ kí hiệu,Neutral / Unspecified,unknown,110,29.97,1280,720,3e209eb52c2f65c2e7a2c3bca9acf877,VALID

